nu,[0]PFC-71-18-HITRAN(x-sec)-X=0.01-T=297.0K-P=0.0atm-L=15cm
700,0.9998724781316047
700.060265,0.9998669688494284
700.12053,0.9998615995782222
700.180795,0.9998567602597913
700.24106,0.9998536307130295
700.301325,0.9998519909544197
700.36159,0.9998530008054406
700.421855,0.9998547105555338
700.48212,0.9998561403487921
700.542385,0.9998569002397476
700.60265,0.999857920094306
700.662915,0.9998598298247571
700.72318,0.9998620595146638
700.783445,0.9998655090447195
700.84371,0.9998699384587357
700.903975,0.9998750578059261
700.96424,0.9998802071757334
701.024505,0.9998852565835294
701.08477,0.9998888861735985
701.145035,0.999891285909805
701.2053,0.9998929857264359
701.265565,0.9998939256262842
701.32583,0.999893685651771
701.386095,0.9998929157339294
701.44636,0.999892435785445
701.506625,0.9998916958653163
701.56689,0.9998899560552791
701.627155,0.9998869563899104
701.68742,0.9998825768946326
701.747685,0.9998776974795631
701.80795,0.9998725381239553
701.868215,0.9998672088175297
701.92848,0.9998618495436533
701.988745,0.9998562003401624
702.04901,0.9998506311566366
702.109275,0.9998452719716163
702.16954,0.9998396228617884
702.229805,0.999833283898674
702.29007,0.9998272249273322
702.350335,0.9998225957379975
702.4106,0.9998187264320391
702.470865,0.9998153470504548
702.53113,0.9998131874516376
702.591395,0.9998127375358045
702.65166,0.9998135073919088
702.711925,0.9998144872096262
702.77219,0.9998154170375316
702.832455,0.999815906947206
702.89272,0.9998164368497771
702.952985,0.9998174066721912
703.01325,0.9998186264501714
703.073515,0.9998201261792359
703.13378,0.9998220758303829
703.194045,0.9998245153992241
703.25431,0.9998266750225098
703.314575,0.9998275748669222
703.37484,0.9998265650415816
703.435105,0.9998243754238018
703.49537,0.9998221758125955
703.555635,0.9998194962927548
703.6159,0.9998165368314258
703.676165,0.9998136073732645
703.73643,0.9998109578707156
703.796695,0.9998077584807694
703.85696,0.9998038592381149
703.917225,0.9998004399147633
703.97749,0.9997975504956672
704.037755,0.9997945910992976
704.09802,0.9997914217554672
704.158285,0.9997887723117101
704.21855,0.9997866127702942
704.278815,0.9997859229177694
704.33908,0.9997864128129916
704.399345,0.9997876625467887
704.45961,0.9997888822884811
704.519875,0.9997901420232664
704.58014,0.9997922915743825
704.640405,0.999794531111624
704.70067,0.9997969606152864
704.760935,0.9997996800667177
704.8212,0.9998035792930735
704.881465,0.9998064687295929
704.94173,0.9998081484058713
705.001995,0.9998086283138977
705.06226,0.9998096081268335
705.122525,0.9998108278952995
705.18279,0.999811237817823
705.243055,0.999810757908544
705.30332,0.9998094981477826
705.363585,0.999807588513465
705.42385,0.9998056288925119
705.484115,0.9998038892322311
705.54438,0.9998011697693509
705.604645,0.9997977604531748
705.66491,0.9997938612495125
705.725175,0.9997899220694594
705.78544,0.9997855330013355
705.845705,0.9997811839437262
705.90597,0.9997778046890353
705.966235,0.9997758551242171
706.0265,0.9997739055632003
706.086765,0.9997709462368197
706.14703,0.9997675270260304
706.207295,0.9997638678835777
706.26756,0.9997599688120962
706.327825,0.9997561797289948
706.38809,0.9997513009307419
706.448355,0.9997464221562976
706.50862,0.9997436328676709
706.568885,0.9997366746762006
706.62915,0.9997317959731322
706.689415,0.9997269272911411
706.74968,0.9997220486356398
706.809945,0.9997196093168171
706.87021,0.99971681010583
706.930475,0.9997123013931836
706.99074,0.999709862098144
707.051005,0.9997074228090566
707.11127,0.9997049835259207
707.171535,0.9997049835259207
707.2318,0.9997049835259207
707.292065,0.9997049835259207
707.35233,0.9997074228090566
707.412595,0.9997077827037935
707.47286,0.999709862098144
707.533125,0.9997126612896768
707.59339,0.9997171700039464
707.653655,0.9997220486356398
707.71392,0.9997244879604145
707.774185,0.9997269272911411
707.83445,0.9997293666278196
707.894715,0.9997293666278196
707.95498,0.9997317959731322
708.015245,0.9997317959731322
708.07551,0.9997317959731322
708.135775,0.9997317959731322
708.19604,0.9997317959731322
708.256305,0.9997342353216905
708.31657,0.9997342353216905
708.376835,0.9997366746762006
708.4371,0.9997391140366628
708.497365,0.9997394739428087
708.55763,0.9997419133101011
708.617895,0.9997439927754435
708.67816,0.9997464221562976
708.738425,0.9997513009307419
708.79869,0.9997562497119298
708.858955,0.9997614784507889
708.91922,0.999767327072545
708.979485,0.9997733856809047
709.03975,0.9997785045337436
709.100015,0.9997831035254421
709.16028,0.9997870026871493
709.220545,0.9997906619142755
709.28081,0.9997943211547945
709.341075,0.999797250556447
709.40134,0.9998000999826715
709.461605,0.9998020495947674
709.52187,0.999803269354012
709.582135,0.9998039592185057
709.6424,0.9998042091695268
709.702665,0.9998039292243874
709.76293,0.9998024595136917
709.823195,0.9998004799067817
709.88346,0.9997982803481454
709.943725,0.9997963307433996
710.00399,0.9997949010356689
710.064255,0.9997942111774252
710.12452,0.9997942111774252
710.184785,0.9997944511280646
710.24505,0.9997941711856575
710.305315,0.9997936912845705
710.36558,0.9997932313795783
710.425845,0.9997932313795783
710.48611,0.9997932313795783
710.546375,0.9997934813279175
710.60664,0.9997937212783817
710.666905,0.9997937212783817
710.72717,0.999793441336179
710.787435,0.9997924715370112
710.8477,0.9997917716825261
710.907965,0.999791281784678
710.96823,0.9997910418347992
711.028495,0.9997905519373087
711.08876,0.9997893021998998
711.149025,0.9997873126211682
711.20929,0.9997848731431015
711.269555,0.9997824336709872
711.32982,0.9997799942048251
711.390085,0.9997770348604221
711.45035,0.9997738655722449
711.510615,0.999770456349176
711.57088,0.9997672870818527
711.631145,0.9997641478175
711.69141,0.9997619883292729
711.751675,0.9997610185606146
711.81194,0.9997605686682575
711.872205,0.9997600387952965
711.93247,0.9997588190887932
711.992735,0.9997571195002454
712.053,0.9997561797289948
712.113265,0.9997537403268922
712.17353,0.9997533704180768
712.233795,0.9997513009307419
712.29406,0.9997509410203383
712.354325,0.9997492314476909
712.41459,0.9997513009307419
712.474855,0.9997516708387917
712.53512,0.9997541102358446
712.595385,0.9997572294735345
712.65565,0.9997599088264999
712.715915,0.9997623482436535
712.77618,0.9997645077326579
712.836445,0.9997662473244149
712.89671,0.9997684068218413
712.956975,0.9997701164272788
713.01724,0.9997715760927143
713.077505,0.9997735656401303
713.13777,0.9997765649653262
713.198035,0.9997806640576457
713.2583,0.9997842932680432
713.318565,0.9997869726935396
713.37883,0.9997894121767291
713.439095,0.9997910818264416
713.49936,0.9997915317325297
713.559625,0.99979125179094
713.61989,0.9997905519373087
713.680155,0.9997900320463569
713.74042,0.9997893021998998
713.800685,0.9997886023476332
713.86095,0.9997881124513381
713.921215,0.9997881524428635
713.98148,0.9997888822884811
714.041745,0.9997901020316615
714.10201,0.9997910418347992
714.162275,0.999791281784678
714.22254,0.9997918116741977
714.282805,0.9997930614147434
714.34307,0.9997944911198435
714.403335,0.9997952209700884
714.4636,0.9997962007698851
714.523865,0.999797700465311
714.58413,0.9997998600306763
714.644395,0.9998015596918831
714.70466,0.9998030593953474
714.764925,0.9998047290678508
714.82519,0.9998059488303643
714.885455,0.999806888648398
714.94572,0.9998073785538933
715.005985,0.9998076584999985
715.06625,0.999807828467315
715.126515,0.999807338561599
715.18678,0.9998066087025083
715.247045,0.9998053889391897
715.30731,0.9998039292243874
715.367575,0.9998027394584196
715.42784,0.9998022595532199
715.488105,0.9998017696502327
715.54837,0.9998009998031664
715.608635,0.9998000599906683
715.6689,0.9997995400947723
715.729165,0.9997988402353392
715.78943,0.9997980703905286
715.849695,0.999797380530098
715.90996,0.9997968906295016
715.970225,0.9997966506782766
716.03049,0.9997964007291452
716.090755,0.999796440721002
716.15102,0.999797380530098
716.211285,0.9997983903259623
716.27155,0.999799370128865
716.331815,0.9998010697892389
716.39208,0.9998033093461435
716.452345,0.9998062287760692
716.51261,0.9998091582126111
716.572875,0.9998121176520993
716.63314,0.9998152570670776
716.693405,0.9998184564810193
716.75367,0.9998218758659877
716.813935,0.9998255652155165
716.8742,0.999829434547941
716.934465,0.9998328039788129
716.99473,0.9998360134472649
717.054995,0.9998394228938838
717.11526,0.9998433322736702
717.175525,0.9998470217023733
717.23579,0.9998511710761233
717.296055,0.9998552704743284
717.35632,0.9998588899569588
717.416585,0.9998612996197872
717.47685,0.9998629993854414
717.537115,0.9998647491472213
717.59738,0.999866898858743
717.657645,0.9998688885958515
717.71791,0.9998708083459605
717.778175,0.9998720281890908
717.83844,0.9998729980654286
717.898705,0.9998739779414468
717.95897,0.9998749078246787
718.019235,0.9998749078246787
718.0795,0.9998738979515318
718.139765,0.9998716682352254
718.20003,0.9998689485879866
718.260295,0.9998655390406852
718.32056,0.9998618795395092
718.380825,0.999857980085783
718.44109,0.9998540806472646
718.501355,0.9998501712254522
718.56162,0.999845781892835
718.621885,0.9998411126239364
718.68215,0.9998365233637617
718.742415,0.9998323740507996
718.80268,0.9998287146710073
718.862945,0.9998255452190054
718.92321,0.9998221758125955
718.983475,0.999819246337912
719.04374,0.9998170867306723
719.104005,0.9998163568644653
719.16427,0.999816156901214
719.224535,0.999816156901214
719.2848,0.9998163968571204
719.345065,0.9998169267599512
719.40533,0.9998184264864661
719.465595,0.9998206560840431
719.52586,0.999823335606992
719.586125,0.999825985142342
719.64639,0.9998284147224379
719.706655,0.9998306143473699
719.76692,0.9998325640189687
719.827185,0.9998342337407449
719.88745,0.9998359734538251
719.947715,0.9998384130565767
720.00798,0.9998408126716476
720.068245,0.999842242445032
720.12851,0.999842522400899
720.188775,0.9998427323678508
720.24904,0.9998429723301353
720.309305,0.9998426923741423
720.36957,0.999841682533533
720.429835,0.999839482884251
720.4901,0.9998372932381812
720.550365,0.9998350935985556
720.61063,0.999833143922024
720.670895,0.9998311942492943
720.73116,0.9998290046213766
720.791425,0.999826804999986
720.85169,0.9998248553396172
720.911955,0.9998226657255815
720.97222,0.9998202261612535
721.032485,0.9998180665518973
721.09275,0.9998170867306723
721.153015,0.9998163968571204
721.21328,0.999816156901214
721.273545,0.9998164368497771
721.33381,0.9998171667160424
721.394075,0.9998186264501714
721.45434,0.9998198462296397
721.514605,0.9998207860607369
721.57487,0.9998210660105962
721.635135,0.9998215559230386
721.6954,0.9998227757060809
721.755665,0.9998239954906113
721.81593,0.9998254552347103
721.876195,0.9998266350294436
721.93646,0.9998273649031536
721.996725,0.9998278548186824
722.05699,0.9998281047756773
722.117255,0.9998283447344513
722.17752,0.9998281047756773
722.237785,0.999827814825569
722.29805,0.9998275748669222
722.358315,0.9998273649031536
722.41858,0.9998273649031536
722.478845,0.9998273649031536
722.53911,0.9998273649031536
722.599375,0.9998278948117973
722.65964,0.9998288646453257
722.719905,0.9998300844372847
722.78017,0.9998310242780057
722.840435,0.9998315141953277
722.9007,0.9998322440725994
722.960965,0.999833253903676
723.02123,0.9998342337407449
723.081495,0.9998354135458368
723.14176,0.9998364633735721
723.202025,0.9998379231358743
723.26229,0.9998393529051267
723.322555,0.9998400427945182
723.38282,0.9998400827881208
723.443085,0.9998405727098812
723.50335,0.999841792516124
723.563615,0.999842482407199
723.62388,0.999842202451343
723.684145,0.999841232604877
723.74441,0.9998407826764236
723.804675,0.999841062631882
723.86494,0.999841792516124
723.925205,0.9998427623631332
723.98547,0.9998437422095204
724.045735,0.9998447120584207
724.106,0.9998456919067187
724.166265,0.9998466717559769
724.22653,0.999847601613814
724.286795,0.9998486214588878
724.34706,0.999850321202989
724.407325,0.999852310907108
724.46759,0.9998545105846116
724.527855,0.9998569502325938
724.58812,0.9998606397115473
724.648385,0.9998647891418121
724.70865,0.9998681586918292
724.768915,0.9998705983731129
724.82918,0.999872798090849
724.889445,0.9998752277847004
724.94971,0.9998776674832326
725.009975,0.9998800671925142
725.07024,0.9998823069263733
725.130505,0.9998844966710232
725.19077,0.9998866964193356
725.251035,0.99988912614696
725.3113,0.9998915658794043
725.371565,0.9998937656432689
725.43183,0.999895915417176
725.492095,0.9998973852652521
725.55236,0.9998983551661862
725.612625,0.9998988451165003
725.67289,0.9998995750429236
725.733155,0.9999010768932133
725.79342,0.9999022587769846
725.853685,0.9999024647568712
725.91395,0.999901938808313
725.974215,0.9999012448766083
726.03448,0.9999007199285925
726.094745,0.9998999850018334
726.15501,0.9998992950710818
726.215275,0.9998987651245959
726.27554,0.999897795223264
726.335805,0.9998963353735487
726.39607,0.999894375578652
726.456335,0.9998923957897484
726.5166,0.9998904759981915
726.576865,0.999888776185827
726.63713,0.9998873063504065
726.697395,0.9998858465160049
726.75766,0.9998844166802666
726.817925,0.9998841767080354
726.87819,0.9998847066467895
726.938455,0.9998854365628919
726.99872,0.9998858865114395
727.058985,0.9998858865114395
727.11925,0.9998856065434305
727.179515,0.9998848666283554
727.23978,0.9998836867649089
727.300045,0.999882956850084
727.36031,0.9998826768828952
727.420575,0.9998819469688075
727.48084,0.9998809670849796
727.541105,0.999879747230944
727.60137,0.9998782874075787
727.661635,0.9998765476208722
727.7219,0.9998743478948872
727.782165,0.9998713882711976
727.84243,0.9998677287486134
727.902695,0.9998635393116069
727.96296,0.9998593998851227
728.023225,0.9998555404352879
728.08349,0.9998519209647828
728.143755,0.9998487114452678
728.20402,0.9998455819236987
728.264285,0.9998428923427007
728.32455,0.9998401727737322
728.384815,0.9998375331991604
728.44508,0.9998355835178715
728.505345,0.9998336738337308
728.56561,0.9998316841666995
728.625875,0.9998292445803665
728.68614,0.999826804999986
728.746405,0.9998246053834345
728.80667,0.9998226957202621
728.866935,0.9998217258927176
728.9272,0.9998207460679063
728.987465,0.999820016199028
729.04773,0.9998190363758923
729.107995,0.9998180665518973
729.16826,0.9998171267233565
729.228525,0.9998163968571204
729.28879,0.9998158669545705
729.349055,0.9998151370892541
729.40932,0.9998141672690414
729.469585,0.9998126675489153
729.52985,0.999811237817823
729.590115,0.9998102680013926
729.65038,0.9998100180488569
729.710645,0.9998100580412584
729.77091,0.9998100580412584
729.831175,0.9998098180868733
729.89144,0.9998098180868733
729.951705,0.9998100580412584
730.01197,0.9998105479483069
730.072235,0.9998112778102732
730.1325,0.9998118077103909
730.192765,0.9998122476276832
730.25303,0.9998122176333162
730.313295,0.9998120076727725
730.37356,0.9998120076727725
730.433825,0.9998127775283148
730.49409,0.9998142772486058
730.554355,0.9998157469766736
730.61462,0.9998171667160424
730.674885,0.9998186264501714
730.73515,0.9998200961846325
730.795415,0.9998215959159016
730.85568,0.999823265619361
730.915945,0.9998244854044891
730.97621,0.9998254552347103
731.036475,0.9998261451145124
731.09674,0.9998268849861336
731.157005,0.9998276548531314
731.21727,0.999828624686427
731.277535,0.9998296045189593
731.3378,0.9998305343609238
731.398065,0.9998313042307317
731.45833,0.9998320041128896
731.518595,0.9998322440725994
731.57886,0.9998322440725994
731.639125,0.9998320041128896
731.69939,0.9998317541549199
731.759655,0.9998315141953277
731.81992,0.9998310242780057
731.880185,0.9998304943677033
731.94045,0.9998298044849002
732.000715,0.999829564525776
732.06098,0.9998293145684161
732.121245,0.9998293145684161
732.18151,0.9998296045189593
732.241775,0.9998302944016244
732.30204,0.999830574354146
732.362305,0.9998307443253581
732.42257,0.9998302944016244
732.482835,0.9998300544423826
732.5431,0.9998300544423826
732.603365,0.9998305343609238
732.66363,0.9998310242780057
732.723895,0.9998315141953277
732.78416,0.9998317941481909
732.844425,0.99983228406589
732.90469,0.9998327339905191
732.964955,0.9998324840323668
733.02522,0.9998322440725994
733.085485,0.9998320041128896
733.14575,0.9998312342425429
733.206015,0.9998302544084134
733.26628,0.9998298044849002
733.326545,0.999830334394837
733.38681,0.999831554188589
733.447075,0.999832524025667
733.50734,0.9998332239086788
733.567605,0.9998337038287414
733.62787,0.9998339937805576
733.688135,0.9998344737009898
733.7484,0.9998351735853663
733.808665,0.9998359434587464
733.86893,0.9998374032202895
733.929195,0.9998393928987016
733.98946,0.9998418325097966
734.049725,0.9998442721268442
734.10999,0.9998469517130842
734.170255,0.9998493913426227
734.23052,0.9998515810151875
734.290785,0.9998527608407491
734.35105,0.9998529708098509
734.411315,0.9998534607379267
734.47158,0.999854470590432
734.531845,0.9998557304078587
734.59211,0.9998574301640452
734.652375,0.9998591399217126
734.71264,0.9998608096878705
734.772905,0.9998620295188024
734.83317,0.9998629693895519
734.893435,0.9998632093566934
734.9537,0.9998632093566934
735.013965,0.9998632093566934
735.07423,0.9998632493512225
735.134495,0.9998639392571026
735.19476,0.9998647091526323
735.255025,0.9998656890205273
735.31529,0.999867148825499
735.375555,0.9998683686641646
735.43582,0.999869058573577
735.496085,0.999869058573577
735.55635,0.9998685386418017
735.616615,0.999867558771114
735.67688,0.9998665789013865
735.737145,0.9998656490259006
735.79741,0.999865119097247
735.857675,0.9998644291905529
735.91794,0.9998641792244768
735.978205,0.9998638992625458
736.03847,0.9998634093293552
736.098735,0.9998624394623186
736.159,0.9998612196308865
736.219265,0.9998597598345714
736.27953,0.999858779972487
736.339795,0.999858050075844
736.40006,0.9998578401056756
736.460325,0.9998583700304712
736.52059,0.9998595898584267
736.580855,0.9998610896489364
736.64112,0.9998625194513169
736.701385,0.9998637392843347
736.76165,0.9998644291905529
736.821915,0.9998649591188408
736.88218,0.9998654390541363
736.942445,0.9998661689561732
737.00271,0.9998673887936435
737.062975,0.9998688585997852
737.12324,0.9998705583782898
737.183505,0.9998725481226807
737.24377,0.9998744978760505
737.304035,0.999876457631987
737.3643,0.9998778774575648
737.424565,0.9998788173432114
737.48483,0.9998790973093195
737.545095,0.9998792972851589
737.60536,0.9998793372803316
737.665625,0.9998800371961126
737.72589,0.9998808071040377
737.786155,0.9998822669310817
737.84642,0.9998832068208544
737.906685,0.9998836867649089
737.96695,0.9998834067975158
738.027215,0.9998827168782032
738.08748,0.9998824669075551
738.147745,0.9998822269357919
738.20801,0.9998817369936207
738.268275,0.9998810070802191
738.32854,0.9998804771434259
738.388805,0.9998802371721401
738.44907,0.9998800371961126
738.509335,0.9998797872261346
738.5696,0.9998790573141564
738.629865,0.9998782874075787
738.69013,0.9998770675568122
738.750395,0.999876087677766
738.81066,0.9998753577684885
738.870925,0.9998751577934369
738.93119,0.9998756477323842
738.991455,0.9998758877025685
739.05172,0.9998753577684885
739.111985,0.9998738579565767
739.17225,0.999871708230093
739.232515,0.9998697484834654
739.29278,0.9998680087116166
739.353045,0.9998658090044172
739.41331,0.9998636193006932
739.473575,0.999861459597608
739.53384,0.9998597598345714
739.594105,0.999858580000751
739.65437,0.9998578101099408
739.714635,0.999856830249767
739.7749,0.9998558503905535
739.835165,0.9998546405657065
739.89543,0.9998536607086388
739.955695,0.9998529708098509
740.01596,0.9998530108039706
740.076225,0.9998542306253879
740.13649,0.9998559703732628
740.196755,0.9998581300644912
740.25702,0.9998598698191511
740.317285,0.9998615795809903
740.37755,0.9998635293129715
740.437815,0.9998657290151557
740.49808,0.9998679187235
740.558345,0.9998700784405369
740.61861,0.999871818215987
740.678875,0.9998737679679335
740.73914,0.999875717723682
740.799405,0.9998779174526807
740.85967,0.9998798672165208
740.919935,0.9998812470516897
740.9802,0.9998820269593665
741.040465,0.999882996845403
741.10073,0.9998839367358618
741.160995,0.9998846666514021
741.22126,0.9998854365628919
741.281525,0.999886616428403
741.34179,0.9998875863188914
741.402055,0.999888326235979
741.46232,0.9998888061824909
741.522585,0.9998893361236986
741.58285,0.9998900260475785
741.643115,0.9998907559675639
741.70338,0.9998912459141543
741.763645,0.9998914958869971
741.82391,0.9998917358609849
741.884175,0.9998919758350303
741.94444,0.9998924657822186
742.004705,0.9998924657822186
742.06497,0.9998924257865207
742.125235,0.9998917358609849
742.1855,0.9998912059185053
742.245765,0.9998905159938113
742.30603,0.9998903160157281
742.366295,0.9998905159938113
742.42656,0.9998907559675639
742.486825,0.9998907559675639
742.54709,0.9998902760201163
742.607355,0.999889786074001
742.66762,0.9998892961281259
742.727885,0.9998890561547237
742.78815,0.9998885662092062
742.848415,0.9998878362908192
742.90868,0.9998873063504065
742.968945,0.9998868564012198
743.02921,0.9998868564012198
743.089475,0.9998871063729652
743.14974,0.9998875863188914
743.210005,0.9998880762639287
743.27027,0.9998880762639287
743.330535,0.9998875463233887
743.3908,0.9998868164057464
743.451065,0.9998858865114395
743.51133,0.9998853565720601
743.571595,0.9998848666283554
743.63186,0.9998844166802666
743.692125,0.9998839367358618
743.75239,0.9998836867649089
743.812655,0.9998836867649089
743.87292,0.9998841767080354
743.933185,0.9998846666514021
743.99345,0.9998851965904159
744.053715,0.9998858865114395
744.11398,0.9998864164510998
744.174245,0.9998871063729652
744.23451,0.9998876263143956
744.294775,0.9998888861735985
744.35504,0.9998908359588277
744.415305,0.9998932756954438
744.47557,0.9998959654119731
744.535835,0.9998986451367512
744.5961,0.9999010808928176
744.656365,0.9999037636310165
744.71663,0.9999062013993638
744.776895,0.9999086401735632
744.83716,0.9999105899973125
744.897425,0.9999125008282759
744.95769,0.9999139637013347
745.017955,0.9999151835971145
745.07822,0.9999159145353809
745.138485,0.9999168504571149
745.19875,0.9999178253765193
745.259015,0.9999185973133785
745.31928,0.9999190442770914
745.379545,0.9999187613000419
745.43981,0.9999180693564985
745.500075,0.999917338416657
745.56034,0.9999168504571149
745.620605,0.9999163225011573
745.68087,0.9999156315592171
745.741135,0.9999151436005079
745.8014,0.9999148596246475
745.861665,0.999914655642037
745.92193,0.999914655642037
745.982195,0.999914695638624
746.04246,0.9999151835971145
746.102725,0.9999159145353809
746.16299,0.9999166064774332
746.223255,0.999917338416657
746.28352,0.9999181093532221
746.343785,0.999919084273854
746.40405,0.999920304175881
746.464315,0.9999215230794747
746.52458,0.9999227419845542
746.584845,0.9999239618910436
746.64511,0.9999254247808699
746.705375,0.9999268876728364
746.76564,0.9999285945494906
746.825905,0.9999298134631902
746.88617,0.9999309923811353
746.946435,0.9999317643281593
747.0067,0.9999327392621049
747.066965,0.9999336751995869
747.12723,0.9999342021647725
747.187495,0.9999348941194798
747.24776,0.9999353810878918
747.308025,0.9999358690564769
747.36829,0.999936153038304
747.428555,0.9999366410072658
747.48882,0.9999373719612175
747.549085,0.9999381039156416
747.60935,0.9999385918855555
747.669615,0.9999387948731102
747.72988,0.9999385518880126
747.790145,0.9999385108905328
747.85041,0.9999383079030357
747.910675,0.9999385518880126
747.97094,0.9999387948731102
748.031205,0.9999390388582059
748.09147,0.9999393228409332
748.151735,0.9999398108114419
748.212,0.9999402587845775
748.272265,0.9999402587845775
748.33253,0.9999405017700899
748.392795,0.9999402587845775
748.45306,0.9999399738016443
748.513325,0.9999392428457906
748.57359,0.9999382669055659
748.633855,0.9999372919662309
748.69412,0.9999363170278466
748.754385,0.9999355850747303
748.81465,0.9999348941194798
748.874915,0.9999344061513705
748.93518,0.9999341621674053
748.995445,0.9999336751995869
749.05571,0.9999331472347457
749.115975,0.9999324152839498
749.17624,0.9999316833336898
749.236505,0.9999309523838964
749.29677,0.9999302204347071
749.357035,0.9999295294831635
749.4173,0.9999292855003881
749.477565,0.9999292855003881
749.53783,0.9999298134631902
749.598095,0.9999307893951644
749.65836,0.9999322522949794
749.718625,0.9999337551942841
749.77889,0.9999356660695161
749.839155,0.9999371289764657
749.89942,0.9999381039156416
749.959685,0.9999390798557074
750.01995,0.9999402987821886
750.080215,0.9999417616959159
750.14048,0.9999435085956995
750.200745,0.9999457034741097
750.26101,0.9999481413447066
750.321275,0.9999510681971997
750.38154,0.9999535060808757
750.441805,0.9999554169938517
750.50207,0.999956879929697
750.562335,0.9999580588795534
750.6226,0.9999585458592466
750.682865,0.9999587498508108
750.74313,0.9999583018693912
750.803395,0.9999580588795534
750.86366,0.9999580588795534
750.923925,0.9999585458592466
750.98419,0.9999590338391361
751.044455,0.9999590338391361
751.10472,0.9999585458592466
751.164985,0.9999580178812738
751.22525,0.9999570429226816
751.285515,0.999956066965084
751.34578,0.999955092008394
751.406045,0.9999544010396642
751.46631,0.9999541570508201
751.526575,0.9999539130620355
751.58684,0.9999541570508201
751.647105,0.9999544010396642
751.70737,0.9999548890175309
751.767635,0.9999553759956805
751.8279,0.999955863974023
751.888165,0.9999561079632836
751.94843,0.999955863974023
752.008695,0.9999559049722143
752.06896,0.9999561079632836
752.129225,0.9999563519526038
752.18949,0.9999565959419834
752.249755,0.9999563519526038
752.31002,0.9999561079632836
752.370285,0.9999558229758335
752.43055,0.9999551320065986
752.490815,0.9999546450285678
752.55108,0.9999543600415346
752.611345,0.9999541160527005
752.67161,0.9999539130620355
752.731875,0.9999536690733105
752.79214,0.999953425084645
752.852405,0.9999531820959923
752.91267,0.9999529381074456
752.972935,0.9999526941189585
753.0332,0.9999524501305309
753.093465,0.9999524501305309
753.15373,0.9999524501305309
753.213995,0.9999526941189585
753.27426,0.9999532220941204
753.334525,0.9999537100714118
753.39479,0.9999544420377955
753.455055,0.9999553759956805
753.51532,0.9999561489614849
753.575585,0.999956879929697
753.63585,0.9999575709001397
753.696115,0.9999583018693912
753.75638,0.9999590748374573
753.816645,0.9999597658094168
753.87691,0.9999602937883125
753.937175,0.9999607817690549
753.99744,0.9999612287516243
754.057705,0.9999612287516243
754.11797,0.9999609437627147
754.178235,0.9999604967802728
754.2385,0.9999600087996694
754.298765,0.9999597658094168
754.35903,0.9999592778291702
754.419295,0.999958748850852
754.47956,0.9999577738915472
754.539825,0.999956798933193
754.60009,0.9999558229758335
754.660355,0.9999548480193814
754.72062,0.9999541570508201
754.780885,0.9999536690733105
754.84115,0.999953425084645
754.901415,0.9999531820959923
754.96168,0.999952979105517
755.021945,0.999953425084645
755.08221,0.9999541570508201
755.142475,0.9999551730047598
755.20274,0.9999559049722143
755.263005,0.9999563519526038
755.32327,0.9999563519526038
755.383535,0.9999561079632836
755.4438,0.9999561079632836
755.504065,0.9999563519526038
755.56433,0.9999563519526038
755.624595,0.9999563109543942
755.68486,0.9999558229758335
755.745125,0.9999548890175309
755.80539,0.9999541160527005
755.865655,0.9999531820959923
755.92592,0.9999524091324813
755.986185,0.9999514341793576
756.04645,0.9999502142393522
756.106715,0.9999489953007838
756.16698,0.9999480203509887
756.227245,0.9999473293871455
756.28751,0.9999473293871455
756.347775,0.9999478583594226
756.40804,0.9999488333090598
756.468305,0.9999498092595973
756.52857,0.9999505402231751
756.588835,0.9999515161753786
756.6491,0.9999527351170198
756.709365,0.9999539540601469
756.76963,0.9999551730047598
756.829895,0.9999563519526038
756.89016,0.9999573679087734
756.950425,0.9999585868575479
757.01069,0.9999600497980305
757.070955,0.9999617567312924
757.13122,0.9999633026733634
757.191485,0.9999664315634326
757.25175,0.9999693574694919
757.312015,0.9999717543989145
757.37228,0.9999726893729419
757.432545,0.999972933366308
757.49281,0.999972933366308
757.553075,0.9999726893729419
757.61334,0.9999724453796355
757.673605,0.9999724453796355
757.73387,0.9999724863785067
757.794135,0.999972933366308
757.8544,0.9999732183586345
757.914665,0.9999734613521561
757.97493,0.99997362334787
758.035195,0.9999733793543357
758.09546,0.9999728913674456
758.155725,0.9999716314023963
758.21599,0.9999694364670743
758.276255,0.9999672425365375
758.33652,0.999965861582729
758.396785,0.999965861582729
758.45705,0.9999676095245827
758.517315,0.9999698454546574
758.57758,0.9999720403908772
758.637845,0.9999744783256834
758.69811,0.9999765092759114
758.758375,0.9999769162664335
758.81864,0.9999769762650502
758.878905,0.9999768022690715
758.93917,0.9999766352729594
758.999435,0.9999765622746678
759.0597,0.9999765422751368
759.119965,0.9999765942739183
759.18023,0.9999767982691643
759.240495,0.9999771392613107
759.30076,0.9999773462566
759.361025,0.9999772122596445
759.42129,0.9999764022784307
759.481555,0.9999743543288558
759.54182,0.9999726063752122
759.602085,0.9999706554305603
759.66235,0.9999685024960568
759.722615,0.9999670395432078
759.78288,0.9999663495661886
759.843145,0.9999661465730402
759.90341,0.9999663495661886
759.963675,0.9999663495661886
760.02394,0.9999660635758535
760.084205,0.9999653326009281
760.14447,0.9999641136439307
760.204735,0.9999624067066456
760.265,0.9999606997722742
760.325265,0.9999589928408166
760.38553,0.9999575299018801
760.445795,0.999956065965128
760.50606,0.9999543590415803
760.566325,0.9999526531208989
760.62659,0.9999511481932883
760.686855,0.9999499702515297
760.74712,0.9999490362986936
760.807385,0.9999483053362151
760.86765,0.9999472883893058
760.927915,0.9999463124412286
760.98818,0.9999453374940492
761.048445,0.9999446475320044
761.10871,0.9999448915185282
761.168975,0.9999454204895157
761.22924,0.999946395436776
761.289505,0.9999473713849342
761.34977,0.9999483463340966
761.410035,0.999949078296554
761.4703,0.9999500532473806
761.530565,0.9999510281991578
761.59083,0.9999522481401564
761.651095,0.9999532230940735
761.71136,0.9999541990488956
761.771625,0.9999551740047149
761.83189,0.9999561489614849
761.892155,0.9999574099069838
761.95242,0.9999588318474316
762.012685,0.9999602947882728
762.07295,0.9999617577312542
762.133215,0.999963262674832
762.19348,0.9999659855785036
762.253745,0.9999686264921588
762.31401,0.9999713094115829
762.374275,0.9999739913382311
762.43454,0.9999765072759583
762.494805,0.9999791402175683
762.55507,0.9999817011674257
762.615335,0.9999842041247562
762.6756,0.9999865450905181
762.735865,0.9999887320634837
762.79613,0.9999907515427673
762.856395,0.999992629127165
762.91666,0.9999944741152678
762.976925,0.9999962054071995
763.03719,0.9999978631022832
763.097455,0.9999994517501503
763.15772,1.0
763.217985,1.0
763.27825,1.0
763.338515,1.0
763.39878,1.0
763.459045,1.0
763.51931,1.0
763.579575,1.0
763.63984,1.0
763.700105,1.0
763.76037,1.0
763.820635,1.0
763.8809,1.0
763.941165,1.0
764.00143,1.0
764.061695,1.0
764.12196,1.0
764.182225,1.0
764.24249,1.0
764.302755,1.0
764.36302,1.0
764.423285,0.9999999490520013
764.48355,0.9999983854013035
764.543815,0.9999967756051984
764.60408,0.9999956107096329
764.664345,0.9999956107096329
764.72461,0.9999946499143118
764.784875,0.9999929673247294
764.84514,0.9999912604381902
764.905405,0.9999896310537579
764.96567,0.9999881240705194
765.025935,0.9999874890782622
765.0862,0.9999863440932427
765.146465,0.9999863440932427
765.20673,0.9999863440932427
765.266995,0.9999863440932427
765.32726,0.9999863440932427
765.387525,0.9999863440932427
765.44779,0.9999870080843957
765.508055,0.9999886180647747
765.56832,0.9999901987480326
765.628585,0.999990733742932
765.68885,0.9999907839424681
765.749115,0.999992373229084
765.80938,0.9999940843174977
765.869645,0.9999957425090631
765.92991,0.9999973688034616
765.990175,0.9999982150015931
766.05044,0.9999994585801466
766.110705,1.0
766.17097,1.0
766.231235,1.0
766.2915,0.9999993419802164
766.351765,0.9999977385025572
766.41203,0.9999959867080532
766.472295,0.9999941048173766
766.53256,0.9999922070303654
766.592825,0.9999904310457828
766.65309,0.9999887970627533
766.713355,0.9999871920820221
766.77362,0.9999857101021016
766.833885,0.9999857101021016
766.89415,0.9999857101021016
766.954415,0.9999857101021016
767.01468,0.9999857101021016
767.074945,0.9999844321211807
767.13521,0.9999826921497825
767.195475,0.9999807901845109
767.25574,0.9999788642233637
767.316005,0.99997824423666
767.37627,0.9999781552386002
767.436535,0.9999783102352263
767.4968,0.9999786762273549
767.557065,0.9999790372197221
767.61733,0.9999791792167555
767.677595,0.9999792772147199
767.73786,0.9999793462132924
767.798125,0.9999799552008997
767.85839,0.9999799552008997
767.918655,0.9999787102266304
767.97892,0.9999771982599637
768.039185,0.9999764012784542
768.09945,0.9999780152416683
768.159715,0.9999798282034534
768.21998,0.9999817541664573
768.280245,0.9999836811331542
768.34051,0.9999855251047624
768.400775,0.9999872320815105
768.46104,0.9999888580620718
768.521305,0.999990349546566
768.58157,0.99999188583292
768.641835,0.9999934221216343
768.7021,0.9999949583127093
768.762365,0.9999960984076113
768.82263,0.9999960984076113
768.882895,0.999996441606331
768.94316,0.9999979406021205
769.003425,0.9999994569201475
769.06369,1.0
769.123955,1.0
769.18422,1.0
769.244485,1.0
769.30475,1.0
769.365015,1.0
769.42528,1.0
769.485545,1.0
769.54581,1.0
769.606075,1.0
769.66634,0.9999990412004597
769.726605,0.9999974048033675
769.78687,0.999995567409824
769.847135,0.999993539220871
769.9074,0.9999914909362023
769.967665,0.9999894950551773
770.02793,0.9999876020768549
770.088195,0.999985793100919
770.14846,0.9999839691284957
770.208725,0.9999822131581877
770.26899,0.9999804041920004
770.329255,0.9999784452323074
770.38952,0.9999763192803927
770.449785,0.9999741093351691
770.51005,0.9999721163887552
770.570315,0.9999699644510761
770.63058,0.9999682575038037
770.690845,0.9999680565102042
770.75111,0.9999682995024713
770.811375,0.999968628492096
770.87164,0.9999704944352977
770.931905,0.9999709824210181
770.99217,0.99997126841276
771.052435,0.9999715544045836
771.1127,0.999973463352103
771.172965,0.9999746393215875
771.23323,0.9999754523012997
771.293495,0.9999773942555137
771.35376,0.9999794472112115
771.414025,0.9999815921694262
771.47429,0.9999837381322256
771.534555,0.9999858311003798
771.59482,0.9999871330827795
771.655085,0.9999871940819964
771.71535,0.9999869940845777
771.775615,0.9999867060883648
771.83588,0.9999859520986727
771.896145,0.9999860580971892
771.95641,0.9999876430763475
772.016675,0.9999892240580609
772.07694,0.9999900753492497
772.137205,0.9999900753492497
772.19747,0.9999913212376607
772.257735,0.9999915628355931
772.318,0.9999915628355931
772.378265,0.9999915628355931
772.43853,0.9999915628355931
772.498795,0.9999915628355931
772.55906,0.9999915628355931
772.619325,0.9999928904252732
772.67959,0.9999946747141794
772.739855,0.9999965036061124
772.80012,0.9999982265015727
772.860385,0.9999997564700297
772.92065,0.9999987099008322
772.980915,0.9999970629043132
773.04118,0.9999953316108969
773.101445,0.9999936533201402
773.16171,0.9999920926312634
773.221975,0.9999905563445916
773.28224,0.9999890000604997
773.342505,0.9999874110792412
773.40277,0.9999857521015023
773.463035,0.9999840901265634
773.5233,0.9999829061461016
773.583565,0.9999829061461016
773.64383,0.9999829061461016
773.704095,0.9999829061461016
773.76436,0.9999829061461016
773.824625,0.9999829061461016
773.88489,0.9999832501402804
773.945155,0.9999848391149274
774.00542,0.9999865260907739
774.065685,0.9999882570689488
774.12595,0.9999898870511362
774.186215,0.9999914189368175
774.24648,0.9999929595247843
774.306745,0.9999945201150147
774.36701,0.9999961338074738
774.427275,0.9999978107023965
774.48754,0.9999994515501504
774.547805,1.0
774.60807,1.0
774.668335,1.0
774.7286,1.0
774.788865,1.0
774.84913,1.0
774.909395,1.0
774.96966,1.0
775.029925,1.0
775.09019,1.0
775.150455,1.0
775.21072,1.0
775.270985,0.99999933672022
775.33125,0.9999975885029077
775.391515,0.9999954805102129
775.45178,0.9999931597233948
775.512045,0.9999907943423724
775.57231,0.9999884580666086
775.632575,0.999986137096091
775.69284,0.9999837711316895
775.753105,0.999981410172793
775.81337,0.9999790692190519
775.873635,0.999976724270884
775.9339,0.9999743103299852
775.994165,0.9999718713956166
776.05443,0.999969189474654
776.114695,0.9999669945446921
776.17496,0.9999645566281311
776.235225,0.9999621177175518
776.29549,0.9999612287516243
776.355755,0.9999612287516243
776.41602,0.9999614727421938
776.476285,0.999961758731216
776.53655,0.9999622037142976
776.596815,0.9999624477051051
776.65708,0.9999626916959721
776.717345,0.9999626916959721
776.77761,0.9999629356868986
776.837875,0.9999629356868986
776.89814,0.9999631786779215
776.958405,0.9999634226689669
777.01867,0.9999636666600717
777.078935,0.999963623661635
777.1392,0.9999634226689669
777.199465,0.9999634226689669
777.25973,0.9999634226689669
777.319995,0.9999631786779215
777.38026,0.9999631786779215
777.440525,0.9999629356868986
777.50079,0.9999626916959721
777.561055,0.9999621607159238
777.62132,0.9999614727421938
777.681585,0.9999612287516243
777.74185,0.9999609847611143
777.802115,0.9999604967802728
777.86238,0.9999597228111478
777.922645,0.9999589908408986
777.98291,0.9999582588711852
778.043175,0.9999578148898168
778.10344,0.9999573269105222
778.163705,0.9999568389314657
778.22397,0.9999563519526038
778.284235,0.999955863974023
778.3445,0.9999551320065986
778.404765,0.9999544010396642
778.46503,0.9999538700640183
778.525295,0.9999537120713192
778.58556,0.9999541570508201
778.645825,0.9999546450285678
778.70609,0.9999551320065986
778.766355,0.999955619984822
778.82662,0.9999563949507277
778.886885,0.9999576568964945
778.94715,0.9999590768373755
779.007415,0.9999602957882331
779.06768,0.9999615157405382
779.127945,0.9999629786853058
779.18821,0.9999644416322138
779.248475,0.999965660589611
779.30874,0.9999671235404426
779.369005,0.9999683435010776
779.42927,0.9999695624632312
779.489535,0.9999702934412485
779.5498,0.9999707384281281
779.610065,0.9999707384281281
779.67033,0.9999709824210181
779.730595,0.9999715134057507
779.79086,0.9999732633574304
779.851125,0.9999751273093305
779.91139,0.9999753713032913
779.971655,0.9999753713032913
780.03192,0.9999753713032913
780.092185,0.9999751273093305
780.15245,0.9999746393215875
780.212715,0.9999743523289072
780.27298,0.9999738653415161
780.333245,0.999973377354389
780.39351,0.999972933366308
780.453775,0.9999732633574304
780.51404,0.9999752143071704
780.574305,0.9999772252593483
780.63457,0.9999791712169221
780.694835,0.9999809431815835
780.7551,0.999982126159739
780.815365,0.999982126159739
780.87563,0.9999818091654552
780.935895,0.9999817311668772
780.99616,0.9999815321705324
781.056425,0.999981210176531
781.11669,0.9999808981824421
781.176955,0.999980731185646
781.23722,0.9999806911864175
781.297485,0.9999807361855496
781.35775,0.9999806011881593
781.418015,0.999980104197924
781.47828,0.9999786782273122
781.538545,0.9999762842812221
781.59881,0.999973821342667
781.659075,0.9999713834094625
781.71934,0.9999689014835689
781.779605,0.9999660185773817
781.83987,0.9999633796705406
781.900135,0.9999621607159238
781.9604,0.9999614727421938
782.020665,0.9999612287516243
782.08093,0.9999612717499581
782.141195,0.9999617157328613
782.20146,0.9999617157328613
782.261725,0.9999617157328613
782.32199,0.9999614727421938
782.382255,0.9999614727421938
782.44252,0.9999615157405382
782.502785,0.9999617157328613
782.56305,0.9999619597235496
782.623315,0.9999622037142976
782.68358,0.9999627346943688
782.743845,0.9999634666673585
782.80411,0.9999644416322138
782.864375,0.9999654175979851
782.92464,0.9999661485729725
782.984905,0.999966636556572
783.04517,0.9999668365499194
783.105435,0.9999668365499194
783.1657,0.999966592558041
783.225965,0.9999668365499194
783.28623,0.9999670805418572
783.346495,0.9999673245338546
783.40676,0.9999675685259116
783.467025,0.9999680565102042
783.52729,0.9999685874933831
783.587555,0.9999693184706877
783.64782,0.9999697624571637
783.708085,0.9999700064498155
783.76835,0.9999702504425269
783.828615,0.9999702504425269
783.88888,0.9999704944352977
783.949145,0.9999708254255861
784.00941,0.9999727323717685
784.069675,0.9999746833204726
784.12994,0.9999766602723756
784.190205,0.9999773062575069
784.25047,0.9999775742514608
784.310735,0.9999778912444022
784.371,0.9999780782402853
784.431265,0.9999780732403949
784.49153,0.9999778742447781
784.551795,0.9999774992531456
784.61206,0.9999770612630968
784.672325,0.99997657327441
784.73259,0.9999761342847907
784.792855,0.9999757522939804
784.85312,0.9999753713032913
784.913385,0.9999750833104258
784.97365,0.9999735773490844
785.033915,0.999971382409491
785.09418,0.9999689434822636
785.154445,0.9999670365433067
785.21471,0.9999663055676702
785.274975,0.999965861582729
785.33524,0.9999656175910886
785.395505,0.999965861582729
785.45577,0.999965861582729
785.516035,0.999966105574429
785.5763,0.9999663495661886
785.636565,0.9999668365499194
785.69683,0.999967368532418
785.757095,0.9999693624693388
785.81736,0.9999712694127312
785.877625,0.9999717134000734
785.93789,0.9999722453851665
785.998155,0.9999732643574036
786.05842,0.9999757472941017
786.118685,0.9999780882400661
786.17895,0.9999803761925494
786.239215,0.9999824891533167
786.29948,0.9999829151459477
786.359745,0.9999830571435319
786.42001,0.9999829991445162
786.480275,0.9999827751483494
786.54054,0.9999825801517274
786.600805,0.9999824631537723
786.66107,0.9999821811587575
786.721335,0.9999811401778487
786.7816,0.9999786402281232
786.841865,0.99997662027331
786.90213,0.9999755712983855
786.962395,0.9999743523289072
787.02266,0.9999721133888387
787.082925,0.9999693874685731
787.14319,0.9999665045609848
787.203455,0.9999640666456184
787.26372,0.9999621597159616
787.323985,0.9999612287516243
787.38425,0.9999604967802728
787.444515,0.9999602087916911
787.50478,0.9999597658094168
787.565045,0.9999594778210457
787.62531,0.9999589898409396
787.685575,0.9999587898491616
787.74584,0.9999592778291702
787.806105,0.9999600527979108
787.86637,0.9999607847689372
787.926635,0.9999614727421938
787.9869,0.9999619597235496
788.047165,0.9999624477051051
788.10743,0.9999629796852688
788.167695,0.9999636666600717
788.22796,0.9999639106512362
788.288225,0.9999641546424601
788.34849,0.9999643986337436
788.408755,0.9999646426250867
788.46902,0.9999646426250867
788.529285,0.9999646426250867
788.58955,0.9999648856165244
788.649815,0.9999648856165244
788.71008,0.9999645976266788
788.770345,0.9999641106440383
788.83061,0.9999636666600717
788.890875,0.9999639106512362
788.95114,0.9999644426321782
789.011405,0.9999651736064529
789.07167,0.9999656175910886
789.131935,0.999965861582729
789.1922,0.999966105574429
789.252465,0.999966105574429
789.31273,0.999965861582729
789.372995,0.999965861582729
789.43326,0.999965861582729
789.493525,0.999966105574429
789.55379,0.999965861582729
789.614055,0.999965861582729
789.67432,0.999966105574429
789.734585,0.9999661495729386
789.79485,0.9999663045677039
789.855115,0.999965861582729
789.91538,0.9999653296010321
789.975645,0.9999645976266788
790.03591,0.9999638666528251
790.096175,0.9999631786779215
790.15644,0.9999628906885676
790.216705,0.9999624477051051
790.27697,0.9999624477051051
790.337235,0.9999622037142976
790.3975,0.9999619597235496
790.457765,0.9999617157328613
790.51803,0.9999614727421938
790.578295,0.9999612287516243
790.63856,0.9999606967723921
790.698825,0.9999600087996694
790.75909,0.9999595218192636
790.819355,0.9999590338391361
790.87962,0.9999585458592466
790.939885,0.9999578148898168
791.00015,0.9999570389228535
791.060415,0.9999563069545689
791.12068,0.9999553759956805
791.180945,0.9999546000306098
791.24121,0.9999533810866953
791.301475,0.9999521621442667
791.36174,0.9999504552273828
791.422005,0.9999487483134125
791.48227,0.9999467974153077
791.542535,0.9999450465099984
791.6028,0.9999433836027687
791.663065,0.9999416767008698
791.72333,0.9999399698018845
791.783595,0.9999382629058129
791.84386,0.9999367999972043
791.904125,0.999935337090736
791.96439,0.9999341181703031
792.024655,0.999932899251356
792.08492,0.9999319233173225
792.145185,0.9999309483841726
792.20545,0.9999302164349863
792.265715,0.9999297284691597
792.32598,0.9999292855003881
792.386245,0.9999295294831635
792.44651,0.9999297734659985
792.506775,0.9999300614458148
792.56704,0.9999303054287795
792.627305,0.9999305494118038
792.68757,0.9999309923811353
792.747835,0.9999314803475786
792.8081,0.9999317683278864
792.868365,0.9999319683142601
792.92863,0.9999322112977579
792.988895,0.9999324552812472
793.04916,0.9999324552812472
793.109425,0.9999324112842202
793.16969,0.9999322112977579
793.229955,0.9999319683142601
793.29022,0.9999317243308896
793.350485,0.9999314803475786
793.41075,0.9999309923811353
793.471015,0.9999307044010509
793.53128,0.999930261431847
793.591545,0.9999299724520432
793.65181,0.9999294844863357
793.712075,0.9999290415176723
793.77234,0.9999287985349447
793.832605,0.9999287985349447
793.89287,0.9999290865144801
793.953135,0.9999295294831635
794.0134,0.999930017448893
794.073665,0.9999305494118038
794.13393,0.9999310373780309
794.194195,0.9999315253444963
794.25446,0.9999322112977579
794.314725,0.9999327442617686
794.37499,0.9999334312157998
794.435255,0.9999341621674053
794.49552,0.9999346951324557
794.555785,0.999935426084985
794.61605,0.9999363570253
794.676315,0.9999370879790442
794.73658,0.9999375759484622
794.796845,0.9999378199332605
794.85711,0.9999380639181183
794.917375,0.9999383079030357
794.97764,0.9999380639181183
795.037905,0.9999375759484622
795.09817,0.9999370879790442
795.158435,0.999936601009801
795.2187,0.999936312028165
795.278965,0.9999358690564769
795.33923,0.9999353810878918
795.399495,0.9999351381036238
795.45976,0.9999351381036238
795.520025,0.9999353810878918
795.58029,0.9999358690564769
795.640555,0.9999361130408587
795.70082,0.999936646006949
795.761085,0.9999373319637235
795.82135,0.9999380639181183
795.881615,0.9999385518880126
795.94188,0.9999390838554637
796.002145,0.999939815811141
796.06241,0.9999405467674135
796.122675,0.9999415227098634
796.18294,0.9999422086699833
796.243205,0.9999427416393225
796.30347,0.999943428600222
796.363735,0.9999437165839709
796.424,0.9999436715865047
796.484265,0.9999431396166129
796.54453,0.9999419206866687
796.604795,0.9999407007582696
796.66506,0.9999394818312982
796.725325,0.999938217908592
796.78559,0.9999367999972043
796.845855,0.999935337090736
796.90612,0.999934117170369
796.966385,0.99993314223508
797.02665,0.9999319233173225
797.086915,0.9999309473842416
797.14718,0.9999299724520432
797.207445,0.9999290415176723
797.26771,0.999928265573037
797.327975,0.9999273346402552
797.38824,0.9999268026790546
797.448505,0.9999263597115792
797.50877,0.9999266036936407
797.569035,0.9999268926724709
797.6293,0.9999273796369862
797.689565,0.9999278226049135
797.74983,0.999928066587332
797.810095,0.99992831056981
797.87036,0.9999285545523475
797.930625,0.9999287985349447
797.99089,0.9999290865144801
798.051155,0.9999297734659985
798.11142,0.99993050441493
798.171685,0.9999312813612339
798.23195,0.9999322562947084
798.292215,0.9999334762128053
798.35248,0.9999349391165511
798.412745,0.9999361580379847
798.47301,0.9999376209456541
798.533275,0.999938839870357
798.59354,0.9999400597964858
798.653805,0.9999415227098634
798.71407,0.9999429856253812
798.774335,0.9999444485430393
798.8346,0.9999456674760651
798.894865,0.9999468874105235
798.95513,0.9999481063465222
799.015395,0.9999490362986936
799.07566,0.9999495242739423
799.135925,0.9999500122494293
799.19619,0.9999502552373117
799.256455,0.9999500122494293
799.31672,0.999949768261656
799.376985,0.9999492802862882
799.43725,0.9999487923111584
799.497515,0.9999482593385942
799.55778,0.9999475283766838
799.618045,0.9999467964153609
799.67831,0.9999458214677097
799.738575,0.9999450895076363
799.79884,0.9999446025344962
799.859105,0.9999441595591355
799.91937,0.9999438705753151
799.979635,0.999943428600222
800.0399,0.999943428600222
800.100165,0.999943428600222
800.16043,0.9999436715865047
800.220695,0.9999439155727903
800.28096,0.9999444485430393
800.341225,0.9999451355051114
800.40149,0.999945622478511
800.461755,0.9999461554496698
800.52202,0.9999468874105235
800.582285,0.9999478623592141
800.64255,0.999948838308804
800.702815,0.9999495692716719
800.76308,0.9999502552373117
800.823345,0.9999502552373117
800.88361,0.9999504992252037
800.943875,0.9999507432131554
801.00414,0.9999509872011665
801.064405,0.9999512311892371
801.12467,0.9999514751773673
801.184935,0.9999515201751847
801.2452,0.999951719165557
801.305465,0.999951719165557
801.36573,0.9999519621538543
801.425995,0.9999522061421628
801.48626,0.9999522061421628
801.546525,0.9999522061421628
801.60679,0.9999522061421628
801.667055,0.9999522061421628
801.72732,0.9999524501305309
801.787585,0.9999529831053289
801.84785,0.9999539590599166
801.908115,0.999954934015502
801.96838,0.9999559089720379
802.028645,0.9999566409400312
802.08891,0.9999570829209642
802.149175,0.9999568389314657
802.20944,0.999956793933409
802.269705,0.9999565959419834
802.32997,0.9999563519526038
802.390235,0.999955863974023
802.4505,0.9999553309976896
802.510765,0.9999548430196071
802.57103,0.9999541570508201
802.631295,0.999953380086742
802.69156,0.9999524051326716
802.751825,0.9999514291796004
802.81209,0.9999499662517297
802.872355,0.9999482593385942
802.93262,0.9999462634438605
802.992885,0.9999443125506036
803.05315,0.9999426506445371
803.113415,0.9999417216982462
803.17368,0.9999412337268051
803.233945,0.9999407457556021
803.29421,0.9999402587845775
803.354475,0.9999397708138502
803.41474,0.9999392828433612
803.475005,0.9999390388582059
803.53527,0.9999387948731102
803.595535,0.9999390848554027
803.6558,0.999939815811141
803.716065,0.9999407457556021
803.77633,0.9999417666956247
803.836595,0.9999430316227597
803.89686,0.9999447385269714
803.957125,0.9999466894210595
804.01739,0.999948838308804
804.077655,0.999950591220654
804.13792,0.9999522521399653
804.198185,0.9999534710825037
804.25845,0.9999546450285678
804.318715,0.9999556659827816
804.37898,0.999957128918991
804.439245,0.9999585918573408
804.49951,0.9999598108076072
804.559775,0.9999607407706638
804.62004,0.9999612287516243
804.680305,0.9999612287516243
804.74057,0.9999612287516243
804.800835,0.9999609847611143
804.8611,0.9999606947724707
804.921365,0.9999602527899413
804.98163,0.9999597658094168
805.041895,0.9999592318310444
805.10216,0.999958500861113
805.162425,0.9999578148898168
805.22269,0.9999573269105222
805.282955,0.9999570829209642
805.34322,0.999956793933409
805.403485,0.9999560619653037
805.46375,0.9999550870086186
805.524015,0.9999543550417628
805.58428,0.9999536690733105
805.644545,0.9999531820959923
805.70481,0.9999529381074456
805.765075,0.9999529381074456
805.82534,0.9999526941189585
805.885605,0.9999522061421628
805.94587,0.999951719165557
806.006135,0.9999512311892371
806.0664,0.9999506972154222
806.126665,0.9999502102395512
806.18693,0.999949768261656
806.247195,0.9999492802862882
806.30746,0.9999487923111584
806.367725,0.9999483053362151
806.42799,0.9999480613488585
806.488255,0.9999478173615612
806.54852,0.9999475733743236
806.608785,0.9999473293871455
806.66905,0.9999470854000269
806.729315,0.9999468414129677
806.78958,0.9999465984259148
806.849845,0.9999465984259148
806.91011,0.9999468414129677
806.970375,0.9999470854000269
807.03064,0.9999473293871455
807.090905,0.999947619371913
807.15117,0.9999480613488585
807.211435,0.9999483053362151
807.2717,0.9999483513338383
807.331965,0.999948838308804
807.39223,0.9999495242739423
807.452495,0.9999500582471309
807.51276,0.9999507892108906
807.573025,0.9999512311892371
807.63329,0.9999514751773673
807.693555,0.999951719165557
807.75382,0.999951719165557
807.814085,0.999951719165557
807.87435,0.9999514751773673
807.934615,0.9999512311892371
807.99488,0.9999509412034221
808.055145,0.9999504532274819
808.11541,0.9999499662517297
808.175675,0.9999497222639677
808.23594,0.9999495242739423
808.296205,0.9999495242739423
808.35647,0.9999492802862882
808.416735,0.9999490362986936
808.477,0.9999485483236829
808.537265,0.9999483053362151
808.59753,0.9999483053362151
808.657795,0.9999485483236829
808.71806,0.9999490362986936
808.778325,0.9999492802862882
808.83859,0.9999492802862882
808.898855,0.9999495242739423
808.95912,0.9999498142593464
809.019385,0.9999503022349748
809.07965,0.9999507432131554
809.139915,0.9999512311892371
809.20018,0.9999512311892371
809.260445,0.9999512311892371
809.32071,0.9999512311892371
809.380975,0.9999512311892371
809.44124,0.9999514751773673
809.501505,0.999951719165557
809.56177,0.9999519621538543
809.622035,0.9999519621538543
809.6823,0.999951719165557
809.742565,0.999951719165557
809.80283,0.999951719165557
809.863095,0.999951719165557
809.92336,0.999951719165557
809.983625,0.9999514751773673
810.04389,0.9999514751773673
810.104155,0.9999512311892371
810.16442,0.9999509872011665
810.224685,0.9999506972154222
810.28495,0.9999502552373117
810.345215,0.999949768261656
810.40548,0.9999492342886224
810.465745,0.9999483053362151
810.52601,0.9999475273767363
810.586275,0.9999467954154141
810.64654,0.9999461104520938
810.706805,0.9999458204677639
810.76707,0.9999453324943226
810.827335,0.9999448445211193
810.8876,0.9999441595591355
810.947865,0.9999436715865047
811.00813,0.9999431846140552
811.068395,0.9999429406279479
811.12866,0.9999431846140552
811.188925,0.9999437185838583
811.24919,0.9999446475320044
811.309455,0.9999454254892428
811.36972,0.999946400436508
811.429985,0.999947619371913
811.49025,0.9999488393087528
811.550515,0.9999500582471309
811.61078,0.999951033198913
811.671045,0.9999520091515977
811.73131,0.9999531820959923
811.791575,0.9999542030487124
811.85184,0.9999553759956805
811.912105,0.999956397950597
811.97237,0.9999576168981891
812.032635,0.9999588368472259
812.0929,0.999959811807567
812.153165,0.9999604967802728
812.21343,0.9999607407706638
812.273695,0.9999609847611143
812.33396,0.9999609847611143
812.394225,0.9999609847611143
812.45449,0.9999606947724707
812.514755,0.9999602527899413
812.57502,0.9999600087996694
812.635285,0.9999595218192636
812.69555,0.9999587438510583
812.755815,0.9999580118815258
812.81608,0.9999572809124863
812.876345,0.9999565489440245
812.93661,0.9999558169760986
812.996875,0.9999546450285678
813.05714,0.9999536230754428
813.117405,0.9999524041327192
813.17767,0.9999514281796491
813.237935,0.9999504532274819
813.2982,0.9999494772763158
813.358465,0.9999485023260507
813.41873,0.9999475263767887
813.478995,0.9999467954154141
813.53926,0.9999461104520938
813.599525,0.999945622478511
813.65979,0.9999453784918089
813.720055,0.9999451355051114
813.78032,0.9999448445211193
813.840585,0.9999443565481543
813.90085,0.9999436715865047
813.961115,0.9999431846140552
814.02138,0.9999428936306308
814.081645,0.9999426496445946
814.14191,0.9999422086699833
814.202175,0.9999419186867848
814.26244,0.9999414777124959
814.322705,0.9999412337268051
814.38297,0.9999412337268051
814.443235,0.9999412337268051
814.5035,0.9999409897411738
814.563765,0.9999407457556021
814.62403,0.9999405017700899
814.684295,0.9999405017700899
814.74456,0.9999405017700899
814.804825,0.9999405017700899
814.86509,0.9999405487672945
814.925355,0.9999407457556021
814.98562,0.9999410367384014
815.045885,0.9999414777124959
815.10615,0.9999417676955664
815.166415,0.999942452655912
815.22668,0.9999429876252672
815.286945,0.9999436715865047
815.34721,0.9999441595591355
815.407475,0.9999444505429282
815.46774,0.9999449375159942
815.528005,0.999945622478511
815.58827,0.9999461574495622
815.648535,0.9999468414129677
815.7088,0.999947376384671
815.769065,0.9999480613488585
815.82933,0.9999483513338383
815.889595,0.9999487923111584
815.94986,0.9999490832962994
816.010125,0.9999492802862882
816.07039,0.9999490362986936
816.130655,0.9999487923111584
816.19092,0.9999485483236829
816.251185,0.9999483053362151
816.31145,0.9999480613488585
816.371715,0.9999478173615612
816.43198,0.9999475733743236
816.492245,0.9999470854000269
816.55251,0.9999467954154141
816.612775,0.9999461104520938
816.67304,0.9999455754810679
816.733305,0.9999448445211193
816.79357,0.9999441125617611
816.853835,0.9999436715865047
816.9141,0.9999431846140552
816.974365,0.9999429406279479
817.03463,0.9999429406279479
817.094895,0.999943428600222
817.15516,0.9999436715865047
817.215425,0.9999439155727903
817.27569,0.9999439155727903
817.335955,0.9999439155727903
817.39622,0.9999439155727903
817.456485,0.9999441595591355
817.51675,0.9999441595591355
817.577015,0.9999444035455402
817.63728,0.9999448915185282
817.697545,0.9999454254892428
817.75781,0.9999461574495622
817.818075,0.9999468884104704
817.87834,0.9999475733743236
817.938605,0.9999480613488585
817.99887,0.9999483053362151
818.059135,0.9999485483236829
818.1194,0.9999485953212658
818.179665,0.9999490832962994
818.23993,0.999949571271571
818.300195,0.9999502552373117
818.36046,0.9999507432131554
818.420725,0.9999512781869461
818.48099,0.999951766163289
818.541255,0.9999522061421628
818.60152,0.9999526941189585
818.661785,0.9999529381074456
818.72205,0.9999531820959923
818.782315,0.999953425084645
818.84258,0.9999536690733105
818.902845,0.9999541570508201
818.96311,0.9999544480375222
819.023375,0.9999548890175309
819.08364,0.9999551320065986
819.143905,0.9999548890175309
819.20417,0.9999546450285678
819.264435,0.9999544010396642
819.3247,0.9999544480375222
819.384965,0.9999546450285678
819.44523,0.9999548890175309
819.505495,0.9999548890175309
819.56576,0.9999548410196974
819.626025,0.9999546450285678
819.68629,0.9999543540418084
819.746555,0.9999539130620355
819.80682,0.9999536690733105
819.867085,0.9999533780868352
819.92735,0.9999531820959923
819.987615,0.9999529851052348
820.04788,0.999953425084645
820.108145,0.9999539600598706
820.16841,0.9999546920264373
820.228675,0.9999553759956805
820.28894,0.999955863974023
820.349205,0.9999561079632836
820.40947,0.9999561079632836
820.469735,0.9999563519526038
820.53,0.9999566429399445
820.590265,0.9999571299189481
820.65053,0.9999578618878352
820.710795,0.9999588368472259
820.77106,0.9999597658094168
820.831325,0.9999607407706638
820.89159,0.9999615197403842
820.951855,0.9999624477051051
821.01212,0.9999629356868986
821.072385,0.9999634226689669
821.13265,0.9999636666600717
821.192915,0.9999639106512362
821.25318,0.9999643986337436
821.313445,0.9999648856165244
821.37371,0.9999656645894737
821.433975,0.9999669315467734
821.49424,0.9999693694691243
821.554505,0.9999718083973907
821.61477,0.9999742463316315
821.675035,0.9999763542795644
821.7353,0.999978451232178
821.795565,0.9999804991901433
821.85583,0.9999812131764746
821.916095,0.9999815791696656
821.97636,0.9999819161635145
822.036625,0.9999822621573173
822.09689,0.9999826521504757
822.157155,0.9999829931446182
822.21742,0.9999832571401632
822.277685,0.9999833941378788
822.33795,0.9999833891379619
822.398215,0.9999832621400795
822.45848,0.9999820841604906
822.518745,0.9999804011920591
822.57901,0.9999787232263537
822.639275,0.999977089262455
822.69954,0.9999755202996328
822.759805,0.9999738133428765
822.82007,0.9999724453796355
822.880335,0.9999724453796355
822.9406,0.999972784370352
823.000865,0.9999744433265774
823.06113,0.9999761162852204
823.121395,0.9999777542474404
823.18166,0.9999794322115199
823.241925,0.999981119178245
823.30219,0.9999828311473864
823.362455,0.9999845621191653
823.42272,0.9999862890939953
823.482985,0.9999879960720477
823.54325,0.9999896780532717
823.603515,0.9999913319375678
823.66378,0.9999929657247406
823.724045,0.9999946043145568
823.78431,0.9999962625069845
823.844575,0.9999979018022013
823.90484,0.9999994635201439
823.965105,1.0
824.02537,1.0
824.085635,1.0
824.1459,1.0
824.206165,1.0
824.26643,1.0
824.326695,1.0
824.38696,1.0
824.447225,1.0
824.50749,1.0
824.567755,1.0
824.62802,1.0
824.688285,1.0
824.74855,1.0
824.808815,1.0
824.86908,1.0
824.929345,1.0
824.98961,1.0
825.049875,1.0
825.11014,1.0
825.170405,1.0
825.23067,1.0
825.290935,1.0
825.3512,1.0
825.411465,1.0
825.47173,1.0
825.531995,1.0
825.59226,1.0
825.652525,1.0
825.71279,1.0
825.773055,1.0
825.83332,1.0
825.893585,1.0
825.95385,1.0
826.014115,1.0
826.07438,1.0
826.134645,1.0
826.19491,1.0
826.255175,1.0
826.31544,1.0
826.375705,1.0
826.43597,1.0
826.496235,1.0
826.5565,1.0
826.616765,1.0
826.67703,1.0
826.737295,1.0
826.79756,1.0
826.857825,1.0
826.91809,1.0
826.978355,1.0
827.03862,1.0
827.098885,1.0
827.15915,1.0
827.219415,1.0
827.27968,1.0
827.339945,1.0
827.40021,1.0
827.460475,1.0
827.52074,1.0
827.581005,1.0
827.64127,1.0
827.701535,1.0
827.7618,1.0
827.822065,1.0
827.88233,1.0
827.942595,1.0
828.00286,1.0
828.063125,1.0
828.12339,1.0
828.183655,1.0
828.24392,1.0
828.304185,1.0
828.36445,1.0
828.424715,1.0
828.48498,1.0
828.545245,1.0
828.60551,1.0
828.665775,1.0
828.72604,1.0
828.786305,1.0
828.84657,1.0
828.906835,1.0
828.9671,1.0
829.027365,0.9999987402007936
829.08763,0.9999972112038887
829.147895,0.999995670109374
829.20816,0.9999941094173496
829.268425,0.999992660126937
829.32869,0.999992660126937
829.388955,0.999992660126937
829.44922,0.999992660126937
829.509485,0.999992660126937
829.56975,0.999992660126937
829.630015,0.999992660126937
829.69028,0.999992660126937
829.750545,0.999992660126937
829.81081,0.999992660126937
829.871075,0.999992660126937
829.93134,0.999992660126937
829.991605,0.9999930105244265
830.05187,0.999994522415002
830.112135,0.9999960587077669
830.1724,0.9999976212028293
830.232665,0.9999991599503528
830.29293,1.0
830.353195,1.0
830.41346,1.0
830.473725,1.0
830.53399,1.0
830.594255,1.0
830.65452,1.0
830.714785,1.0
830.77505,1.0
830.835315,1.0
830.89558,1.0
830.955845,1.0
831.01611,0.9999996455700628
831.076375,0.999998079601844
831.13664,0.9999964210064046
831.196905,0.9999947384138422
831.25717,0.9999930558241109
831.317435,0.999991324437633
831.3777,0.999989535054758
831.437965,0.9999876080767806
831.49823,0.9999856621027886
831.558495,0.9999838331306853
831.61876,0.9999820821605264
831.679025,0.9999803511930403
831.73929,0.9999786152286575
831.799555,0.9999768882670802
831.85982,0.9999750793105255
831.920085,0.999973372354522
831.98035,0.9999716654014323
832.040615,0.9999709334224411
832.10088,0.9999707384281281
832.161145,0.9999704944352977
832.22141,0.9999702504425269
832.281675,0.9999700064498155
832.34194,0.9999697624571637
832.402205,0.9999697624571637
832.46247,0.9999697144586163
832.522735,0.9999694704660357
832.583,0.9999690314795345
832.643265,0.9999685434947663
832.70353,0.9999682515039942
832.763795,0.9999678125180281
832.82406,0.9999673245338546
832.884325,0.9999670325434385
832.94459,0.9999667885515123
833.004855,0.999966592558041
833.06512,0.999966592558041
833.125385,0.9999671775386688
833.18565,0.9999691284765353
833.245915,0.9999710794182081
833.30618,0.9999730303636872
833.366445,0.9999749803129976
833.42671,0.9999769852648431
833.486975,0.9999790672190937
833.54724,0.9999812131764746
833.607505,0.999983384138045
833.66777,0.999985554104343
833.728035,0.9999877000756446
833.7883,0.9999898700513082
833.848565,0.9999916358349799
833.90883,0.9999921674306748
833.969095,0.9999925186279855
834.02936,0.9999926113272963
834.089625,0.9999924553284611
834.14989,0.9999911436392178
834.210155,0.9999892420578671
834.27042,0.999987291080759
834.330685,0.9999853401074573
834.39095,0.999983414137547
834.451215,0.9999814631718091
834.51148,0.9999794882103696
834.571745,0.9999774292547231
834.63201,0.999975274305685
834.692275,0.9999730793623669
834.75254,0.9999708844238666
834.812805,0.9999689344825432
834.87307,0.9999678125180281
834.933335,0.999967275535457
834.9936,0.9999667885515123
835.053865,0.9999663005678386
835.11413,0.999965861582729
835.174395,0.9999656175910886
835.23466,0.9999653735995077
835.294925,0.9999653735995077
835.35519,0.9999651296079862
835.415455,0.9999648856165244
835.47572,0.9999646426250867
835.535985,0.9999646426250867
835.59625,0.9999646426250867
835.656515,0.9999648856165244
835.71678,0.9999648856165244
835.777045,0.9999651296079862
835.83731,0.9999651296079862
835.897575,0.9999651786062788
835.95784,0.9999654225978122
836.018105,0.9999659105810574
836.07837,0.9999663495661886
836.138635,0.999966592558041
836.1989,0.9999668365499194
836.259165,0.9999671295402454
836.31943,0.9999675685259116
836.379695,0.9999680565102042
836.43996,0.9999685434947663
836.500225,0.9999690314795345
836.56049,0.9999695194645409
836.620755,0.9999698114556833
836.68102,0.9999702504425269
836.741285,0.9999704944352977
836.80155,0.9999709824210181
836.861815,0.9999714694070051
836.92208,0.9999717134000734
836.982345,0.9999719573932012
837.04261,0.9999722013863886
837.102875,0.9999724453796355
837.16314,0.9999724453796355
837.223405,0.9999724453796355
837.28367,0.999972152387752
837.343935,0.9999716644014607
837.4042,0.9999711774153787
837.464465,0.9999704944352977
837.52473,0.9999702014439857
837.584995,0.9999697624571637
837.64526,0.999969275472008
837.705525,0.9999687384886512
837.76579,0.9999682505040259
837.826055,0.9999677635196065
837.88632,0.999967275535457
837.946585,0.9999667875515456
838.00685,0.999966105574429
838.067115,0.9999656175910886
838.12738,0.9999653735995077
838.187645,0.9999651296079862
838.24791,0.9999654225978122
838.308175,0.9999661545727694
838.36844,0.9999683485009193
838.428705,0.9999705434338532
838.48897,0.99997254337694
838.549235,0.9999747383190817
838.6095,0.9999767962692108
838.669765,0.9999789412217391
838.73003,0.9999810871788497
838.790295,0.999983189141304
838.85056,0.9999852571086775
838.910825,0.9999873540799603
838.97109,0.9999894810553245
839.031355,0.9999916267350559
839.09162,0.9999937140197569
839.151885,0.999995664809397
839.21215,0.9999975078031055
839.272415,0.9999991527603589
839.33268,1.0
839.392945,1.0
839.45321,1.0
839.513475,1.0
839.57374,1.0
839.634005,1.0
839.69427,1.0
839.754535,1.0
839.8148,1.0
839.875065,1.0
839.93533,1.0
839.995595,1.0
840.05586,1.0
840.116125,1.0
840.17639,1.0
840.236655,1.0
840.29692,1.0
840.357185,1.0
840.41745,1.0
840.477715,1.0
840.53798,1.0
840.598245,1.0
840.65851,1.0
840.718775,1.0
840.77904,1.0
840.839305,1.0
840.89957,1.0
840.959835,1.0
841.0201,1.0
841.080365,1.0
841.14063,1.0
841.200895,1.0
841.26116,1.0
841.321425,1.0
841.38169,1.0
841.441955,1.0
841.50222,1.0
841.562485,1.0
841.62275,1.0
841.683015,1.0
841.74328,1.0
841.803545,1.0
841.86381,1.0
841.924075,1.0
841.98434,1.0
842.044605,1.0
842.10487,1.0
842.165135,1.0
842.2254,1.0
842.285665,1.0
842.34593,1.0
842.406195,1.0
842.46646,1.0
842.526725,1.0
842.58699,1.0
842.647255,1.0
842.70752,1.0
842.767785,1.0
842.82805,1.0
842.888315,1.0
842.94858,1.0
843.008845,1.0
843.06911,1.0
843.129375,1.0
843.18964,1.0
843.249905,1.0
843.31017,1.0
843.370435,1.0
843.4307,1.0
843.490965,1.0
843.55123,1.0
843.611495,1.0
843.67176,1.0
843.732025,1.0
843.79229,1.0
843.852555,1.0
843.91282,1.0
843.973085,1.0
844.03335,1.0
844.093615,1.0
844.15388,1.0
844.214145,1.0
844.27441,1.0
844.334675,1.0
844.39494,1.0
844.455205,1.0
844.51547,1.0
844.575735,1.0
844.636,1.0
844.696265,1.0
844.75653,1.0
844.816795,1.0
844.87706,1.0
844.937325,1.0
844.99759,1.0
845.057855,1.0
845.11812,1.0
845.178385,1.0
845.23865,1.0
845.298915,1.0
845.35918,1.0
845.419445,1.0
845.47971,1.0
845.539975,1.0
845.60024,1.0
845.660505,1.0
845.72077,1.0
845.781035,1.0
845.8413,1.0
845.901565,1.0
845.96183,1.0
846.022095,1.0
846.08236,1.0
846.142625,1.0
846.20289,1.0
846.263155,1.0
846.32342,1.0
846.383685,1.0
846.44395,1.0
846.504215,1.0
846.56448,1.0
846.624745,1.0
846.68501,1.0
846.745275,1.0
846.80554,1.0
846.865805,1.0
846.92607,1.0
846.986335,1.0
847.0466,1.0
847.106865,1.0
847.16713,1.0
847.227395,1.0
847.28766,1.0
847.347925,1.0
847.40819,1.0
847.468455,1.0
847.52872,1.0
847.588985,1.0
847.64925,1.0
847.709515,1.0
847.76978,1.0
847.830045,0.9999990466104545
847.89031,0.999998517401099
847.950575,0.999998517401099
848.01084,0.999998517401099
848.071105,0.999998517401099
848.13137,0.999998517401099
848.191635,0.999998517401099
848.2519,0.999998517401099
848.312165,0.999998517401099
848.37243,0.999998517401099
848.432695,0.999998517401099
848.49296,0.999998517401099
848.553225,0.999998517401099
848.61349,0.999998517401099
848.673755,0.999998517401099
848.73402,0.999998517401099
848.794285,0.9999985779010112
848.85455,1.0
848.914815,1.0
848.97508,1.0
849.035345,1.0
849.09561,1.0
849.155875,1.0
849.21614,1.0
849.276405,1.0
849.33667,1.0
849.396935,1.0
849.4572,1.0
849.517465,1.0
849.57773,1.0
849.637995,1.0
849.69826,1.0
849.758525,1.0
849.81879,1.0
849.879055,1.0
849.93932,1.0
849.999585,1.0
850.05985,1.0
850.120115,1.0
850.18038,1.0
850.240645,1.0
850.30091,1.0
850.361175,1.0
850.42144,1.0
850.481705,1.0
850.54197,1.0
850.602235,1.0
850.6625,1.0
850.722765,1.0
850.78303,1.0
850.843295,0.9999993451902144
850.90356,0.9999978236023683
850.963825,0.9999969762045717
851.02409,0.9999969762045717
851.084355,0.9999969762045717
851.14462,0.9999969762045717
851.204885,0.9999969762045717
851.26515,0.9999969762045717
851.325415,0.9999969762045717
851.38568,0.9999969762045717
851.445945,0.9999960381078483
851.50621,0.9999946109145211
851.566475,0.9999946109145211
851.62674,0.9999946109145211
851.687005,0.9999946109145211
851.74727,0.9999946109145211
851.807535,0.9999946109145211
851.8678,0.9999958712085235
851.928065,0.9999974014033763
851.98833,0.9999976298028089
852.048595,0.9999976298028089
852.10886,0.9999975704029515
852.169125,0.9999960817076765
852.22939,0.9999945455148758
852.289655,0.9999929554248131
852.34992,0.9999913022378257
852.410185,0.9999896750533026
852.47045,0.9999893770564239
852.530715,0.9999882880685852
852.59098,0.9999862830940777
852.651245,0.9999841861250406
852.71151,0.9999820841604906
852.771775,0.9999799382012405
852.83204,0.9999777382477965
852.892305,0.9999755142997796
852.95257,0.9999730763624476
853.012835,0.9999706374310887
853.0731,0.9999679555134355
853.133365,0.999966054576159
853.19363,0.9999648356182813
853.253895,0.9999636166618897
853.31416,0.9999621537161887
853.374425,0.999960690772628
853.43469,0.9999594708213293
853.494955,0.9999583018693912
853.55522,0.9999572769126571
853.615485,0.9999563009548311
853.67575,0.9999553759956805
853.736015,0.9999545940308823
853.79628,0.9999539130620355
853.856545,0.999953375086975
853.91681,0.9999528871098471
853.977075,0.9999524501305309
854.03734,0.9999522061421628
854.097605,0.9999519621538543
854.15787,0.9999519621538543
854.218135,0.9999519621538543
854.2784,0.9999522571397266
854.338665,0.9999529381074456
854.39893,0.999953476082271
854.459195,0.9999541570508201
854.51946,0.9999546950263013
854.579725,0.999955426993406
854.63999,0.9999561079632836
854.700255,0.9999565959419834
854.76052,0.9999568899292658
854.820785,0.9999571339187767
854.88105,0.9999573269105222
854.941315,0.9999573269105222
855.00158,0.9999575709001397
855.061845,0.9999578148898168
855.12211,0.9999580588795534
855.182375,0.9999581088774576
855.24264,0.9999583018693912
855.302905,0.9999583018693912
855.36317,0.9999583018693912
855.423435,0.9999580588795534
855.4837,0.9999580588795534
855.543965,0.9999578148898168
855.60423,0.9999575709001397
855.664495,0.9999573269105222
855.72476,0.9999570829209642
855.785025,0.9999570829209642
855.84529,0.9999570829209642
855.905555,0.9999573269105222
855.96582,0.9999573779083472
856.026085,0.9999575709001397
856.08635,0.9999575709001397
856.146615,0.9999573269105222
856.20688,0.9999573269105222
856.267145,0.9999570829209642
856.32741,0.999956788933625
856.387675,0.9999565449441983
856.44794,0.9999563009548311
856.508205,0.9999561079632836
856.56847,0.999955863974023
856.628735,0.999955619984822
856.689,0.999955619984822
856.749265,0.9999553759956805
856.80953,0.9999551320065986
856.869795,0.9999546450285678
856.93006,0.9999541570508201
856.990325,0.9999536690733105
857.05059,0.9999531820959923
857.110855,0.9999526941189585
857.17112,0.9999523991329572
857.231385,0.9999519621538543
857.29165,0.999951719165557
857.351915,0.999951719165557
857.41218,0.999951719165557
857.472445,0.999951719165557
857.53271,0.999951719165557
857.592975,0.999951719165557
857.65324,0.9999514751773673
857.713505,0.9999514751773673
857.77377,0.9999514751773673
857.834035,0.9999515261748938
857.8943,0.9999519621538543
857.954565,0.9999522061421628
858.01483,0.9999524501305309
858.075095,0.9999526941189585
858.13536,0.9999529891050467
858.195625,0.999953425084645
858.25589,0.9999536690733105
858.316155,0.9999536690733105
858.37642,0.9999536690733105
858.436685,0.9999536690733105
858.49695,0.9999536690733105
858.557215,0.9999539130620355
858.61748,0.9999541570508201
858.677745,0.9999544520373399
858.73801,0.9999548890175309
858.798275,0.9999551830043115
858.85854,0.999955619984822
858.918805,0.999955863974023
858.97907,0.9999561079632836
859.039335,0.999956402950379
859.0996,0.999956646939771
859.159865,0.9999568899292658
859.22013,0.9999571339187767
859.280395,0.9999575709001397
859.34066,0.9999580588795534
859.400925,0.9999585968571337
859.46119,0.9999593288270946
859.521455,0.9999600087996694
859.58172,0.9999605477782594
859.641985,0.9999610357591258
859.70225,0.9999617157328613
859.762515,0.9999622037142976
859.82278,0.9999627426940707
859.883045,0.9999634736671027
859.94331,0.9999642056406334
860.003575,0.9999649376146998
860.06384,0.9999659125809893
860.124105,0.9999668875482294
860.18437,0.9999678635163879
860.244635,0.9999688384855301
860.3049,0.9999695704629877
860.365165,0.999970301441011
860.42543,0.9999710334195395
860.485695,0.9999717134000734
860.54596,0.9999735233505127
860.606225,0.9999754733007844
860.66649,0.9999775742514608
860.726755,0.9999795502090998
860.78702,0.9999814471721058
860.847285,0.9999832701399457
860.90755,0.9999850261121098
860.967815,0.9999867040883914
861.02808,0.9999882890685735
861.088345,0.9999898000520199
861.14861,0.9999912879379502
861.208875,0.9999927947259581
861.26914,0.9999943117161784
861.329405,0.9999958236087212
861.38967,0.9999973578034906
861.449935,0.9999988730006351
861.5102,1.0
861.570465,1.0
861.63073,1.0
861.690995,1.0
861.75126,1.0
861.811525,1.0
861.87179,1.0
861.932055,1.0
861.99232,1.0
862.052585,1.0
862.11285,1.0
862.173115,1.0
862.23338,1.0
862.293645,1.0
862.35391,1.0
862.414175,1.0
862.47444,1.0
862.534705,1.0
862.59497,1.0
862.655235,1.0
862.7155,1.0
862.775765,1.0
862.83603,1.0
862.896295,1.0
862.95656,1.0
863.016825,1.0
863.07709,1.0
863.137355,1.0
863.19762,1.0
863.257885,1.0
863.31815,1.0
863.378415,1.0
863.43868,1.0
863.498945,1.0
863.55921,1.0
863.619475,1.0
863.67974,1.0
863.740005,1.0
863.80027,1.0
863.860535,1.0
863.9208,1.0
863.981065,1.0
864.04133,1.0
864.101595,1.0
864.16186,1.0
864.222125,1.0
864.28239,1.0
864.342655,1.0
864.40292,1.0
864.463185,1.0
864.52345,1.0
864.583715,1.0
864.64398,1.0
864.704245,1.0
864.76451,1.0
864.824775,1.0
864.88504,1.0
864.945305,1.0
865.00557,1.0
865.065835,1.0
865.1261,1.0
865.186365,1.0
865.24663,1.0
865.306895,1.0
865.36716,1.0
865.427425,1.0
865.48769,1.0
865.547955,1.0
865.60822,1.0
865.668485,1.0
865.72875,1.0
865.789015,1.0
865.84928,1.0
865.909545,1.0
865.96981,1.0
866.030075,1.0
866.09034,1.0
866.150605,1.0
866.21087,1.0
866.271135,1.0
866.3314,1.0
866.391665,1.0
866.45193,1.0
866.512195,1.0
866.57246,1.0
866.632725,1.0
866.69299,1.0
866.753255,1.0
866.81352,1.0
866.873785,1.0
866.93405,1.0
866.994315,1.0
867.05458,1.0
867.114845,1.0
867.17511,1.0
867.235375,1.0
867.29564,1.0
867.355905,1.0
867.41617,1.0
867.476435,1.0
867.5367,1.0
867.596965,1.0
867.65723,1.0
867.717495,1.0
867.77776,1.0
867.838025,1.0
867.89829,1.0
867.958555,1.0
868.01882,1.0
868.079085,1.0
868.13935,1.0
868.199615,1.0
868.25988,1.0
868.320145,1.0
868.38041,1.0
868.440675,1.0
868.50094,1.0
868.561205,1.0
868.62147,1.0
868.681735,1.0
868.742,1.0
868.802265,1.0
868.86253,1.0
868.922795,1.0
868.98306,1.0
869.043325,1.0
869.10359,1.0
869.163855,1.0
869.22412,1.0
869.284385,1.0
869.34465,1.0
869.404915,1.0
869.46518,1.0
869.525445,1.0
869.58571,1.0
869.645975,1.0
869.70624,1.0
869.766505,1.0
869.82677,1.0
869.887035,1.0
869.9473,1.0
870.007565,1.0
870.06783,1.0
870.128095,1.0
870.18836,1.0
870.248625,1.0
870.30889,1.0
870.369155,1.0
870.42942,1.0
870.489685,1.0
870.54995,1.0
870.610215,1.0
870.67048,1.0
870.730745,1.0
870.79101,1.0
870.851275,1.0
870.91154,1.0
870.971805,1.0
871.03207,1.0
871.092335,1.0
871.1526,1.0
871.212865,1.0
871.27313,1.0
871.333395,1.0
871.39366,1.0
871.453925,1.0
871.51419,1.0
871.574455,1.0
871.63472,1.0
871.694985,1.0
871.75525,1.0
871.815515,1.0
871.87578,1.0
871.936045,1.0
871.99631,1.0
872.056575,1.0
872.11684,1.0
872.177105,1.0
872.23737,1.0
872.297635,1.0
872.3579,1.0
872.418165,1.0
872.47843,1.0
872.538695,1.0
872.59896,1.0
872.659225,1.0
872.71949,1.0
872.779755,1.0
872.84002,1.0
872.900285,1.0
872.96055,1.0
873.020815,1.0
873.08108,1.0
873.141345,1.0
873.20161,1.0
873.261875,1.0
873.32214,1.0
873.382405,1.0
873.44267,1.0
873.502935,1.0
873.5632,1.0
873.623465,1.0
873.68373,1.0
873.743995,1.0
873.80426,1.0
873.864525,1.0
873.92479,1.0
873.985055,1.0
874.04532,1.0
874.105585,1.0
874.16585,1.0
874.226115,1.0
874.28638,1.0
874.346645,1.0
874.40691,1.0
874.467175,1.0
874.52744,1.0
874.587705,1.0
874.64797,1.0
874.708235,1.0
874.7685,1.0
874.828765,1.0
874.88903,1.0
874.949295,1.0
875.00956,1.0
875.069825,1.0
875.13009,1.0
875.190355,1.0
875.25062,1.0
875.310885,1.0
875.37115,1.0
875.431415,1.0
875.49168,1.0
875.551945,1.0
875.61221,1.0
875.672475,1.0
875.73274,1.0
875.793005,1.0
875.85327,1.0
875.913535,1.0
875.9738,1.0
876.034065,1.0
876.09433,1.0
876.154595,1.0
876.21486,1.0
876.275125,1.0
876.33539,1.0
876.395655,1.0
876.45592,1.0
876.516185,1.0
876.57645,1.0
876.636715,1.0
876.69698,1.0
876.757245,1.0
876.81751,1.0
876.877775,1.0
876.93804,1.0
876.998305,1.0
877.05857,1.0
877.118835,1.0
877.1791,1.0
877.239365,1.0
877.29963,1.0
877.359895,1.0
877.42016,1.0
877.480425,1.0
877.54069,1.0
877.600955,1.0
877.66122,1.0
877.721485,1.0
877.78175,1.0
877.842015,1.0
877.90228,1.0
877.962545,1.0
878.02281,1.0
878.083075,1.0
878.14334,0.9999996364100661
878.203605,0.9999980691018642
878.26387,0.9999963901065156
878.324135,0.9999946779141623
878.3844,0.9999929762246669
878.444665,0.9999912989378544
878.50493,0.9999896600534576
878.565195,0.9999880070719157
878.62546,0.9999863970925204
878.685725,0.9999847881157019
878.74599,0.9999831731415731
878.806255,0.9999815151708465
878.86652,0.999979887202265
878.926785,0.9999782772359427
878.98705,0.9999766382728894
879.047315,0.9999748303167618
879.10758,0.9999731233611834
879.167845,0.9999722013863886
879.22811,0.9999722013863886
879.288375,0.9999722013863886
879.34864,0.9999722013863886
879.408905,0.9999722013863886
879.46917,0.9999722013863886
879.529435,0.9999724453796355
879.5897,0.9999724453796355
879.649965,0.9999734733518377
879.71023,0.9999751803080137
879.770495,0.9999767572701165
879.83076,0.9999783962333647
879.891025,0.9999800241995189
879.95129,0.9999816341686539
880.011555,0.999982063160867
880.07182,0.9999823311560959
880.132085,0.9999826241509618
880.19235,0.9999828091477644
880.252615,0.9999828331473521
880.31288,0.9999828031478676
880.373145,0.9999827541487114
880.43341,0.99998260815124
880.493675,0.9999823831551784
880.55394,0.9999820611609029
880.614205,0.9999815041710499
880.67447,0.9999794512111293
880.734735,0.9999773532564413
880.795,0.9999752653059076
880.855265,0.9999730703626092
880.91553,0.9999706854296804
880.975795,0.9999687874871206
881.03606,0.9999680025119305
881.096325,0.9999670805418572
881.15659,0.9999662955680071
881.216855,0.9999655645929122
881.27712,0.9999648856165244
881.337385,0.9999641016443613
881.39765,0.9999633696709069
881.457915,0.9999626386979509
881.51818,0.9999619067255672
881.578445,0.9999612287516243
881.63871,0.9999607407706638
881.698975,0.9999604437823678
881.75924,0.9999597658094168
881.819505,0.9999592778291702
881.87977,0.9999587898491616
881.940035,0.9999583018693912
882.0003,0.9999580588795534
882.060565,0.9999578148898168
882.12083,0.9999575709001397
882.181095,0.9999575709001397
882.24136,0.9999573269105222
882.301625,0.9999573269105222
882.36189,0.9999573269105222
882.422155,0.9999573269105222
882.48242,0.9999573269105222
882.542685,0.9999573269105222
882.60295,0.9999570829209642
882.663215,0.9999567859337547
882.72348,0.9999565959419834
882.783745,0.9999565959419834
882.84401,0.9999565959419834
882.904275,0.9999568389314657
882.96454,0.9999568929291365
883.024805,0.9999570829209642
883.08507,0.9999568389314657
883.145335,0.9999565959419834
883.2056,0.9999565419443287
883.265865,0.9999563519526038
883.32613,0.9999561079632836
883.386395,0.999955863974023
883.44666,0.999955619984822
883.506925,0.999955619984822
883.56719,0.999955619984822
883.627455,0.999955619984822
883.68772,0.999955619984822
883.747985,0.999955619984822
883.80825,0.999955619984822
883.868515,0.9999553759956805
883.92878,0.999955322998047
883.989045,0.9999551320065986
884.04931,0.9999548890175309
884.109575,0.9999551320065986
884.16984,0.9999551320065986
884.230105,0.9999551320065986
884.29037,0.9999551320065986
884.350635,0.9999553759956805
884.4109,0.999955619984822
884.471165,0.999955863974023
884.53143,0.9999563519526038
884.591695,0.9999568389314657
884.65196,0.9999573269105222
884.712225,0.9999578678875823
884.77249,0.999958355867141
884.832755,0.9999588438469377
884.89302,0.9999593308270133
884.953285,0.9999600087996694
885.01355,0.9999604967802728
885.073815,0.9999607947685452
885.13408,0.9999612287516243
885.194345,0.9999617697307953
885.25461,0.9999622577122581
885.314875,0.9999629356868986
885.37514,0.9999634226689669
885.435405,0.9999639106512362
885.49567,0.9999643986337436
885.555935,0.9999646426250867
885.6162,0.9999648856165244
885.676465,0.9999648856165244
885.73673,0.9999651296079862
885.796995,0.9999653735995077
885.85726,0.9999654275976393
885.917525,0.9999656715892333
885.97779,0.999966105574429
886.038055,0.9999664025644065
886.09832,0.9999668365499194
886.158585,0.999967134540081
886.21885,0.9999675685259116
886.279115,0.9999678125180281
886.33938,0.9999680565102042
886.399645,0.9999682995024713
886.45991,0.9999687874871206
886.520175,0.9999703044409218
886.58044,0.9999723083834199
886.640705,0.9999742593312967
886.70097,0.9999763892787374
886.761235,0.9999784322325876
886.8215,0.999980432191452
886.881765,0.999982407154756
886.94203,0.9999843091231031
887.002295,0.999986181095482
887.06256,0.9999867450878471
887.122825,0.9999870130843307
887.18309,0.9999872820808734
887.243355,0.999988254068984
887.30362,0.9999900286497142
887.363885,0.999991711234352
887.42415,0.9999933396221804
887.484415,0.9999938582188608
887.54468,0.9999923219294765
887.604945,0.9999907369429024
887.66521,0.9999891270591108
887.725475,0.9999875910769913
887.78574,0.999987052083825
887.846005,0.999987052083825
887.90627,0.999987052083825
887.966535,0.999987052083825
888.0268,0.9999874140792033
888.087065,0.999988950061051
888.14733,0.9999905057450708
888.207595,0.9999920175318601
888.26786,0.999992245530066
888.328125,0.999992245530066
888.38839,0.999992245530066
888.448655,0.9999923102295665
888.50892,0.9999938221190832
888.569185,0.9999953637107476
888.62945,0.9999969732045808
888.689715,0.9999985517010488
888.74998,1.0
888.810245,1.0
888.87051,1.0
888.930775,1.0
888.99104,1.0
889.051305,1.0
889.11157,1.0
889.171835,1.0
889.2321,1.0
889.292365,1.0
889.35263,1.0
889.412895,1.0
889.47316,1.0
889.533425,1.0
889.59369,1.0
889.653955,1.0
889.71422,1.0
889.774485,1.0
889.83475,1.0
889.895015,1.0
889.95528,1.0
890.015545,1.0
890.07581,1.0
890.136075,1.0
890.19634,1.0
890.256605,1.0
890.31687,1.0
890.377135,1.0
890.4374,1.0
890.497665,1.0
890.55793,1.0
890.618195,1.0
890.67846,1.0
890.738725,1.0
890.79899,1.0
890.859255,1.0
890.91952,1.0
890.979785,1.0
891.04005,1.0
891.100315,1.0
891.16058,1.0
891.220845,1.0
891.28111,1.0
891.341375,1.0
891.40164,1.0
891.461905,1.0
891.52217,1.0
891.582435,1.0
891.6427,1.0
891.702965,1.0
891.76323,1.0
891.823495,1.0
891.88376,1.0
891.944025,1.0
892.00429,1.0
892.064555,1.0
892.12482,1.0
892.185085,1.0
892.24535,1.0
892.305615,1.0
892.36588,1.0
892.426145,1.0
892.48641,1.0
892.546675,1.0
892.60694,1.0
892.667205,1.0
892.72747,1.0
892.787735,1.0
892.848,1.0
892.908265,1.0
892.96853,1.0
893.028795,1.0
893.08906,1.0
893.149325,1.0
893.20959,1.0
893.269855,1.0
893.33012,1.0
893.390385,1.0
893.45065,1.0
893.510915,1.0
893.57118,1.0
893.631445,1.0
893.69171,1.0
893.751975,1.0
893.81224,1.0
893.872505,1.0
893.93277,1.0
893.993035,1.0
894.0533,1.0
894.113565,1.0
894.17383,1.0
894.234095,1.0
894.29436,1.0
894.354625,1.0
894.41489,1.0
894.475155,1.0
894.53542,1.0
894.595685,1.0
894.65595,1.0
894.716215,1.0
894.77648,1.0
894.836745,1.0
894.89701,1.0
894.957275,1.0
895.01754,1.0
895.077805,1.0
895.13807,1.0
895.198335,1.0
895.2586,1.0
895.318865,1.0
895.37913,1.0
895.439395,1.0
895.49966,1.0
895.559925,1.0
895.62019,1.0
895.680455,1.0
895.74072,1.0
895.800985,1.0
895.86125,1.0
895.921515,1.0
895.98178,1.0
896.042045,1.0
896.10231,1.0
896.162575,1.0
896.22284,1.0
896.283105,1.0
896.34337,1.0
896.403635,1.0
896.4639,1.0
896.524165,1.0
896.58443,1.0
896.644695,1.0
896.70496,1.0
896.765225,1.0
896.82549,1.0
896.885755,1.0
896.94602,1.0
897.006285,1.0
897.06655,1.0
897.126815,1.0
897.18708,1.0
897.247345,1.0
897.30761,1.0
897.367875,1.0
897.42814,1.0
897.488405,1.0
897.54867,1.0
897.608935,1.0
897.6692,1.0
897.729465,1.0
897.78973,1.0
897.849995,1.0
897.91026,1.0
897.970525,1.0
898.03079,1.0
898.091055,1.0
898.15132,1.0
898.211585,1.0
898.27185,1.0
898.332115,1.0
898.39238,1.0
898.452645,1.0
898.51291,1.0
898.573175,1.0
898.63344,1.0
898.693705,1.0
898.75397,1.0
898.814235,1.0
898.8745,1.0
898.934765,1.0
898.99503,1.0
899.055295,1.0
899.11556,1.0
899.175825,1.0
899.23609,1.0
899.296355,1.0
899.35662,1.0
899.416885,1.0
899.47715,1.0
899.537415,1.0
899.59768,1.0
899.657945,1.0
899.71821,1.0
899.778475,1.0
899.83874,1.0
899.899005,1.0
899.95927,1.0
900.019535,1.0
900.0798,1.0
900.140065,1.0
900.20033,1.0
900.260595,1.0
900.32086,1.0
900.381125,1.0
900.44139,1.0
900.501655,1.0
900.56192,1.0
900.622185,1.0
900.68245,1.0
900.742715,1.0
900.80298,1.0
900.863245,1.0
900.92351,1.0
900.983775,1.0
901.04404,1.0
901.104305,1.0
901.16457,1.0
901.224835,1.0
901.2851,1.0
901.345365,1.0
901.40563,1.0
901.465895,1.0
901.52616,1.0
901.586425,1.0
901.64669,1.0
901.706955,1.0
901.76722,1.0
901.827485,1.0
901.88775,1.0
901.948015,1.0
902.00828,1.0
902.068545,1.0
902.12881,1.0
902.189075,1.0
902.24934,1.0
902.309605,1.0
902.36987,1.0
902.430135,1.0
902.4904,1.0
902.550665,1.0
902.61093,1.0
902.671195,1.0
902.73146,1.0
902.791725,1.0
902.85199,1.0
902.912255,1.0
902.97252,1.0
903.032785,1.0
903.09305,1.0
903.153315,1.0
903.21358,1.0
903.273845,1.0
903.33411,1.0
903.394375,1.0
903.45464,1.0
903.514905,1.0
903.57517,1.0
903.635435,1.0
903.6957,1.0
903.755965,1.0
903.81623,1.0
903.876495,1.0
903.93676,1.0
903.997025,1.0
904.05729,1.0
904.117555,1.0
904.17782,1.0
904.238085,1.0
904.29835,1.0
904.358615,1.0
904.41888,1.0
904.479145,1.0
904.53941,1.0
904.599675,1.0
904.65994,1.0
904.720205,1.0
904.78047,1.0
904.840735,1.0
904.901,1.0
904.961265,1.0
905.02153,1.0
905.081795,1.0
905.14206,1.0
905.202325,1.0
905.26259,1.0
905.322855,1.0
905.38312,1.0
905.443385,1.0
905.50365,1.0
905.563915,1.0
905.62418,1.0
905.684445,1.0
905.74471,1.0
905.804975,1.0
905.86524,1.0
905.925505,1.0
905.98577,1.0
906.046035,1.0
906.1063,1.0
906.166565,1.0
906.22683,1.0
906.287095,1.0
906.34736,1.0
906.407625,1.0
906.46789,1.0
906.528155,1.0
906.58842,1.0
906.648685,1.0
906.70895,1.0
906.769215,1.0
906.82948,1.0
906.889745,1.0
906.95001,1.0
907.010275,1.0
907.07054,1.0
907.130805,1.0
907.19107,1.0
907.251335,1.0
907.3116,1.0
907.371865,1.0
907.43213,1.0
907.492395,1.0
907.55266,1.0
907.612925,1.0
907.67319,1.0
907.733455,1.0
907.79372,1.0
907.853985,1.0
907.91425,1.0
907.974515,1.0
908.03478,1.0
908.095045,1.0
908.15531,1.0
908.215575,1.0
908.27584,1.0
908.336105,1.0
908.39637,1.0
908.456635,1.0
908.5169,1.0
908.577165,1.0
908.63743,1.0
908.697695,1.0
908.75796,1.0
908.818225,1.0
908.87849,1.0
908.938755,1.0
908.99902,1.0
909.059285,1.0
909.11955,1.0
909.179815,1.0
909.24008,1.0
909.300345,1.0
909.36061,1.0
909.420875,1.0
909.48114,1.0
909.541405,1.0
909.60167,1.0
909.661935,1.0
909.7222,1.0
909.782465,1.0
909.84273,1.0
909.902995,1.0
909.96326,1.0
910.023525,1.0
910.08379,1.0
910.144055,1.0
910.20432,1.0
910.264585,1.0
910.32485,1.0
910.385115,1.0
910.44538,1.0
910.505645,1.0
910.56591,1.0
910.626175,1.0
910.68644,1.0
910.746705,1.0
910.80697,1.0
910.867235,1.0
910.9275,1.0
910.987765,1.0
911.04803,1.0
911.108295,1.0
911.16856,1.0
911.228825,1.0
911.28909,1.0
911.349355,1.0
911.40962,1.0
911.469885,1.0
911.53015,1.0
911.590415,1.0
911.65068,1.0
911.710945,1.0
911.77121,1.0
911.831475,1.0
911.89174,1.0
911.952005,1.0
912.01227,1.0
912.072535,1.0
912.1328,1.0
912.193065,1.0
912.25333,1.0
912.313595,1.0
912.37386,1.0
912.434125,1.0
912.49439,1.0
912.554655,1.0
912.61492,1.0
912.675185,1.0
912.73545,1.0
912.795715,1.0
912.85598,1.0
912.916245,1.0
912.97651,1.0
913.036775,1.0
913.09704,1.0
913.157305,1.0
913.21757,1.0
913.277835,1.0
913.3381,1.0
913.398365,1.0
913.45863,1.0
913.518895,1.0
913.57916,1.0
913.639425,1.0
913.69969,1.0
913.759955,1.0
913.82022,1.0
913.880485,1.0
913.94075,1.0
914.001015,1.0
914.06128,1.0
914.121545,1.0
914.18181,1.0
914.242075,1.0
914.30234,1.0
914.362605,1.0
914.42287,1.0
914.483135,1.0
914.5434,1.0
914.603665,1.0
914.66393,1.0
914.724195,1.0
914.78446,1.0
914.844725,1.0
914.90499,1.0
914.965255,1.0
915.02552,1.0
915.085785,1.0
915.14605,1.0
915.206315,1.0
915.26658,1.0
915.326845,1.0
915.38711,1.0
915.447375,1.0
915.50764,1.0
915.567905,1.0
915.62817,1.0
915.688435,1.0
915.7487,1.0
915.808965,1.0
915.86923,1.0
915.929495,1.0
915.98976,1.0
916.050025,1.0
916.11029,1.0
916.170555,1.0
916.23082,1.0
916.291085,1.0
916.35135,1.0
916.411615,1.0
916.47188,1.0
916.532145,1.0
916.59241,1.0
916.652675,1.0
916.71294,1.0
916.773205,1.0
916.83347,1.0
916.893735,1.0
916.954,1.0
917.014265,1.0
917.07453,1.0
917.134795,1.0
917.19506,1.0
917.255325,1.0
917.31559,1.0
917.375855,1.0
917.43612,1.0
917.496385,1.0
917.55665,1.0
917.616915,1.0
917.67718,1.0
917.737445,1.0
917.79771,1.0
917.857975,1.0
917.91824,1.0
917.978505,1.0
918.03877,1.0
918.099035,1.0
918.1593,1.0
918.219565,1.0
918.27983,1.0
918.340095,1.0
918.40036,1.0
918.460625,1.0
918.52089,1.0
918.581155,1.0
918.64142,1.0
918.701685,1.0
918.76195,1.0
918.822215,1.0
918.88248,1.0
918.942745,1.0
919.00301,1.0
919.063275,1.0
919.12354,1.0
919.183805,1.0
919.24407,1.0
919.304335,1.0
919.3646,1.0
919.424865,1.0
919.48513,1.0
919.545395,1.0
919.60566,1.0
919.665925,1.0
919.72619,1.0
919.786455,1.0
919.84672,1.0
919.906985,1.0
919.96725,1.0
920.027515,1.0
920.08778,1.0
920.148045,1.0
920.20831,1.0
920.268575,1.0
920.32884,1.0
920.389105,1.0
920.44937,1.0
920.509635,1.0
920.5699,1.0
920.630165,1.0
920.69043,1.0
920.750695,1.0
920.81096,1.0
920.871225,1.0
920.93149,1.0
920.991755,1.0
921.05202,1.0
921.112285,1.0
921.17255,1.0
921.232815,1.0
921.29308,1.0
921.353345,1.0
921.41361,1.0
921.473875,1.0
921.53414,1.0
921.594405,1.0
921.65467,1.0
921.714935,1.0
921.7752,1.0
921.835465,1.0
921.89573,1.0
921.955995,1.0
922.01626,1.0
922.076525,1.0
922.13679,1.0
922.197055,1.0
922.25732,1.0
922.317585,1.0
922.37785,1.0
922.438115,1.0
922.49838,1.0
922.558645,1.0
922.61891,1.0
922.679175,1.0
922.73944,1.0
922.799705,1.0
922.85997,1.0
922.920235,1.0
922.9805,1.0
923.040765,1.0
923.10103,1.0
923.161295,1.0
923.22156,1.0
923.281825,1.0
923.34209,1.0
923.402355,1.0
923.46262,1.0
923.522885,1.0
923.58315,1.0
923.643415,1.0
923.70368,1.0
923.763945,1.0
923.82421,1.0
923.884475,1.0
923.94474,1.0
924.005005,1.0
924.06527,1.0
924.125535,1.0
924.1858,1.0
924.246065,1.0
924.30633,1.0
924.366595,1.0
924.42686,1.0
924.487125,1.0
924.54739,1.0
924.607655,1.0
924.66792,1.0
924.728185,1.0
924.78845,1.0
924.848715,1.0
924.90898,1.0
924.969245,1.0
925.02951,1.0
925.089775,1.0
925.15004,1.0
925.210305,1.0
925.27057,1.0
925.330835,1.0
925.3911,1.0
925.451365,1.0
925.51163,1.0
925.571895,1.0
925.63216,1.0
925.692425,1.0
925.75269,1.0
925.812955,1.0
925.87322,1.0
925.933485,1.0
925.99375,1.0
926.054015,1.0
926.11428,1.0
926.174545,1.0
926.23481,1.0
926.295075,1.0
926.35534,1.0
926.415605,1.0
926.47587,1.0
926.536135,1.0
926.5964,1.0
926.656665,1.0
926.71693,1.0
926.777195,1.0
926.83746,1.0
926.897725,1.0
926.95799,1.0
927.018255,1.0
927.07852,1.0
927.138785,1.0
927.19905,1.0
927.259315,1.0
927.31958,1.0
927.379845,1.0
927.44011,1.0
927.500375,1.0
927.56064,1.0
927.620905,1.0
927.68117,1.0
927.741435,1.0
927.8017,1.0
927.861965,1.0
927.92223,1.0
927.982495,1.0
928.04276,1.0
928.103025,1.0
928.16329,1.0
928.223555,1.0
928.28382,1.0
928.344085,1.0
928.40435,1.0
928.464615,1.0
928.52488,1.0
928.585145,1.0
928.64541,1.0
928.705675,1.0
928.76594,1.0
928.826205,1.0
928.88647,1.0
928.946735,1.0
929.007,1.0
929.067265,1.0
929.12753,1.0
929.187795,1.0
929.24806,1.0
929.308325,1.0
929.36859,1.0
929.428855,1.0
929.48912,1.0
929.549385,1.0
929.60965,1.0
929.669915,1.0
929.73018,1.0
929.790445,1.0
929.85071,1.0
929.910975,1.0
929.97124,1.0
930.031505,1.0
930.09177,1.0
930.152035,1.0
930.2123,1.0
930.272565,1.0
930.33283,1.0
930.393095,1.0
930.45336,1.0
930.513625,1.0
930.57389,1.0
930.634155,1.0
930.69442,1.0
930.754685,1.0
930.81495,1.0
930.875215,1.0
930.93548,1.0
930.995745,1.0
931.05601,1.0
931.116275,1.0
931.17654,1.0
931.236805,1.0
931.29707,1.0
931.357335,1.0
931.4176,1.0
931.477865,1.0
931.53813,1.0
931.598395,1.0
931.65866,1.0
931.718925,1.0
931.77919,1.0
931.839455,1.0
931.89972,1.0
931.959985,1.0
932.02025,1.0
932.080515,1.0
932.14078,1.0
932.201045,1.0
932.26131,1.0
932.321575,1.0
932.38184,1.0
932.442105,1.0
932.50237,1.0
932.562635,1.0
932.6229,1.0
932.683165,1.0
932.74343,1.0
932.803695,1.0
932.86396,1.0
932.924225,1.0
932.98449,1.0
933.044755,1.0
933.10502,1.0
933.165285,1.0
933.22555,1.0
933.285815,1.0
933.34608,1.0
933.406345,1.0
933.46661,1.0
933.526875,1.0
933.58714,1.0
933.647405,1.0
933.70767,1.0
933.767935,1.0
933.8282,1.0
933.888465,1.0
933.94873,1.0
934.008995,1.0
934.06926,1.0
934.129525,1.0
934.18979,1.0
934.250055,1.0
934.31032,1.0
934.370585,1.0
934.43085,1.0
934.491115,1.0
934.55138,1.0
934.611645,1.0
934.67191,1.0
934.732175,1.0
934.79244,1.0
934.852705,1.0
934.91297,1.0
934.973235,1.0
935.0335,1.0
935.093765,1.0
935.15403,1.0
935.214295,1.0
935.27456,1.0
935.334825,1.0
935.39509,1.0
935.455355,1.0
935.51562,1.0
935.575885,1.0
935.63615,1.0
935.696415,1.0
935.75668,1.0
935.816945,1.0
935.87721,1.0
935.937475,1.0
935.99774,1.0
936.058005,1.0
936.11827,1.0
936.178535,1.0
936.2388,1.0
936.299065,1.0
936.35933,1.0
936.419595,1.0
936.47986,1.0
936.540125,1.0
936.60039,1.0
936.660655,1.0
936.72092,1.0
936.781185,1.0
936.84145,1.0
936.901715,1.0
936.96198,1.0
937.022245,1.0
937.08251,1.0
937.142775,1.0
937.20304,1.0
937.263305,1.0
937.32357,1.0
937.383835,1.0
937.4441,1.0
937.504365,1.0
937.56463,1.0
937.624895,1.0
937.68516,1.0
937.745425,1.0
937.80569,1.0
937.865955,1.0
937.92622,1.0
937.986485,1.0
938.04675,1.0
938.107015,1.0
938.16728,1.0
938.227545,1.0
938.28781,1.0
938.348075,1.0
938.40834,1.0
938.468605,1.0
938.52887,1.0
938.589135,1.0
938.6494,1.0
938.709665,1.0
938.76993,1.0
938.830195,1.0
938.89046,1.0
938.950725,1.0
939.01099,1.0
939.071255,1.0
939.13152,1.0
939.191785,1.0
939.25205,1.0
939.312315,1.0
939.37258,1.0
939.432845,1.0
939.49311,1.0
939.553375,1.0
939.61364,1.0
939.673905,1.0
939.73417,1.0
939.794435,1.0
939.8547,1.0
939.914965,1.0
939.97523,1.0
940.035495,1.0
940.09576,1.0
940.156025,1.0
940.21629,1.0
940.276555,1.0
940.33682,1.0
940.397085,1.0
940.45735,1.0
940.517615,1.0
940.57788,1.0
940.638145,1.0
940.69841,1.0
940.758675,1.0
940.81894,1.0
940.879205,1.0
940.93947,1.0
940.999735,1.0
941.06,1.0
941.120265,1.0
941.18053,1.0
941.240795,1.0
941.30106,1.0
941.361325,1.0
941.42159,1.0
941.481855,1.0
941.54212,1.0
941.602385,1.0
941.66265,1.0
941.722915,1.0
941.78318,1.0
941.843445,1.0
941.90371,1.0
941.963975,1.0
942.02424,1.0
942.084505,1.0
942.14477,1.0
942.205035,1.0
942.2653,1.0
942.325565,1.0
942.38583,1.0
942.446095,1.0
942.50636,1.0
942.566625,1.0
942.62689,1.0
942.687155,1.0
942.74742,1.0
942.807685,1.0
942.86795,1.0
942.928215,1.0
942.98848,1.0
943.048745,1.0
943.10901,1.0
943.169275,1.0
943.22954,1.0
943.289805,1.0
943.35007,1.0
943.410335,1.0
943.4706,1.0
943.530865,1.0
943.59113,1.0
943.651395,1.0
943.71166,1.0
943.771925,1.0
943.83219,1.0
943.892455,1.0
943.95272,1.0
944.012985,1.0
944.07325,1.0
944.133515,1.0
944.19378,1.0
944.254045,1.0
944.31431,1.0
944.374575,1.0
944.43484,1.0
944.495105,1.0
944.55537,1.0
944.615635,1.0
944.6759,1.0
944.736165,1.0
944.79643,1.0
944.856695,1.0
944.91696,1.0
944.977225,1.0
945.03749,1.0
945.097755,1.0
945.15802,1.0
945.218285,1.0
945.27855,1.0
945.338815,1.0
945.39908,1.0
945.459345,1.0
945.51961,1.0
945.579875,1.0
945.64014,1.0
945.700405,1.0
945.76067,1.0
945.820935,1.0
945.8812,1.0
945.941465,1.0
946.00173,1.0
946.061995,1.0
946.12226,1.0
946.182525,1.0
946.24279,1.0
946.303055,1.0
946.36332,1.0
946.423585,1.0
946.48385,1.0
946.544115,1.0
946.60438,1.0
946.664645,1.0
946.72491,1.0
946.785175,1.0
946.84544,1.0
946.905705,1.0
946.96597,1.0
947.026235,1.0
947.0865,1.0
947.146765,1.0
947.20703,1.0
947.267295,1.0
947.32756,1.0
947.387825,1.0
947.44809,1.0
947.508355,1.0
947.56862,1.0
947.628885,1.0
947.68915,1.0
947.749415,1.0
947.80968,1.0
947.869945,1.0
947.93021,1.0
947.990475,1.0
948.05074,1.0
948.111005,1.0
948.17127,1.0
948.231535,1.0
948.2918,1.0
948.352065,1.0
948.41233,1.0
948.472595,1.0
948.53286,1.0
948.593125,1.0
948.65339,1.0
948.713655,1.0
948.77392,1.0
948.834185,1.0
948.89445,1.0
948.954715,1.0
949.01498,1.0
949.075245,1.0
949.13551,1.0
949.195775,1.0
949.25604,1.0
949.316305,1.0
949.37657,1.0
949.436835,1.0
949.4971,1.0
949.557365,1.0
949.61763,1.0
949.677895,1.0
949.73816,1.0
949.798425,1.0
949.85869,1.0
949.918955,1.0
949.97922,1.0
950.039485,1.0
950.09975,1.0
950.160015,1.0
950.22028,1.0
950.280545,1.0
950.34081,1.0
950.401075,1.0
950.46134,1.0
950.521605,1.0
950.58187,1.0
950.642135,1.0
950.7024,1.0
950.762665,1.0
950.82293,1.0
950.883195,1.0
950.94346,1.0
951.003725,1.0
951.06399,1.0
951.124255,1.0
951.18452,1.0
951.244785,1.0
951.30505,1.0
951.365315,1.0
951.42558,1.0
951.485845,1.0
951.54611,1.0
951.606375,1.0
951.66664,1.0
951.726905,1.0
951.78717,1.0
951.847435,1.0
951.9077,1.0
951.967965,1.0
952.02823,1.0
952.088495,1.0
952.14876,1.0
952.209025,1.0
952.26929,1.0
952.329555,1.0
952.38982,1.0
952.450085,1.0
952.51035,1.0
952.570615,1.0
952.63088,1.0
952.691145,1.0
952.75141,1.0
952.811675,1.0
952.87194,1.0
952.932205,1.0
952.99247,1.0
953.052735,1.0
953.113,1.0
953.173265,1.0
953.23353,1.0
953.293795,1.0
953.35406,1.0
953.414325,1.0
953.47459,1.0
953.534855,1.0
953.59512,1.0
953.655385,1.0
953.71565,1.0
953.775915,1.0
953.83618,1.0
953.896445,1.0
953.95671,1.0
954.016975,1.0
954.07724,1.0
954.137505,1.0
954.19777,1.0
954.258035,1.0
954.3183,1.0
954.378565,1.0
954.43883,1.0
954.499095,1.0
954.55936,1.0
954.619625,1.0
954.67989,1.0
954.740155,1.0
954.80042,1.0
954.860685,1.0
954.92095,1.0
954.981215,1.0
955.04148,1.0
955.101745,1.0
955.16201,1.0
955.222275,1.0
955.28254,1.0
955.342805,1.0
955.40307,1.0
955.463335,1.0
955.5236,1.0
955.583865,1.0
955.64413,1.0
955.704395,1.0
955.76466,1.0
955.824925,1.0
955.88519,1.0
955.945455,1.0
956.00572,1.0
956.065985,1.0
956.12625,1.0
956.186515,1.0
956.24678,1.0
956.307045,1.0
956.36731,1.0
956.427575,1.0
956.48784,1.0
956.548105,1.0
956.60837,1.0
956.668635,1.0
956.7289,1.0
956.789165,1.0
956.84943,1.0
956.909695,1.0
956.96996,1.0
957.030225,1.0
957.09049,1.0
957.150755,0.9999999321360024
957.21102,0.9999997669900271
957.271285,0.9999995940400824
957.33155,0.9999994209001677
957.391815,0.9999992477702829
957.45208,0.9999990746304281
957.512345,0.9999989015006033
957.57261,0.9999987278008092
957.632875,0.9999985394010666
957.69314,0.9999983175014154
957.753405,0.9999980736018556
957.81367,0.9999978280023588
957.873935,0.9999975945028932
957.9342,0.9999973787034356
957.994465,0.9999971836039661
958.05473,0.9999970250044253
958.114995,0.9999970250044253
958.17526,0.9999971530040527
958.235525,0.9999973237035813
958.29579,0.999997494403139
958.356055,0.9999976700027144
958.41632,0.9999978431023261
958.476585,0.9999980162019677
958.53685,0.9999981894016391
958.597115,0.9999983662013346
958.65738,0.999998565501029
958.717645,0.999998800800719
958.77791,0.9999990465004546
958.838175,0.9999992897502522
958.89844,0.999999518360116
958.958705,0.9999997295400366
959.01897,0.9999999138340037
959.079235,1.0
959.1395,1.0
959.199765,1.0
959.26003,1.0
959.320295,1.0
959.38056,1.0
959.440825,1.0
959.50109,1.0
959.561355,1.0
959.62162,1.0
959.681885,1.0
959.74215,1.0
959.802415,1.0
959.86268,1.0
959.922945,1.0
959.98321,1.0
960.043475,1.0
960.10374,1.0
960.164005,1.0
960.22427,1.0
960.284535,1.0
960.3448,1.0
960.405065,1.0
960.46533,1.0
960.525595,1.0
960.58586,1.0
960.646125,1.0
960.70639,1.0
960.766655,1.0
960.82692,1.0
960.887185,1.0
960.94745,1.0
961.007715,1.0
961.06798,0.9999998639900093
961.128245,0.9999996750700528
961.18851,0.9999994568201476
961.248775,0.9999992282102979
961.30904,0.9999990063004938
961.369305,0.999998786800736
961.42957,0.9999985649010298
961.489835,0.9999983455013687
961.5501,0.999998126001756
961.610365,0.9999979065021913
961.67063,0.999997697402651
961.730895,0.9999975005031237
961.79116,0.9999972871036799
961.851425,0.9999970921042279
961.91169,0.9999968970048143
961.971955,0.9999967263053585
962.03222,0.9999966410056415
962.092485,0.9999968178050632
962.15275,0.9999970128044616
962.213015,0.9999972323038301
962.27328,0.9999974762031848
962.333545,0.9999976895026692
962.39381,0.9999979114021811
962.454075,0.9999981309017467
962.51434,0.9999983504013605
962.574605,0.9999985698010228
962.63487,0.9999987174008226
962.695135,0.9999987759007493
962.7554,0.999998978300522
962.815665,0.9999991788603372
962.87593,0.9999993410002171
962.936195,0.999999361110204
962.99646,0.9999993531802092
963.056725,0.9999992330602941
963.11699,0.9999990599204419
963.177255,0.9999988868006197
963.23752,0.9999987130008282
963.297785,0.9999985399010659
963.35805,0.9999983649013368
963.418315,0.9999982150015931
963.47858,0.9999982150015931
963.538845,0.9999982150015931
963.59911,0.9999982150015931
963.659375,0.9999983473013657
963.71964,0.9999984320012293
963.779905,0.9999984320012293
963.84017,0.9999984320012293
963.900435,0.9999985333010756
963.9607,0.9999987040008398
964.020965,0.9999988777006298
964.08123,0.9999990526804488
964.141495,0.9999992258202997
964.20176,0.9999993989501806
964.262025,0.9999995720900916
964.32229,0.9999997454700323
964.382555,0.9999999162200035
964.44282,1.0
964.503085,1.0
964.56335,1.0
964.623615,1.0
964.68388,1.0
964.744145,1.0
964.80441,1.0
964.864675,1.0
964.92494,1.0
964.985205,1.0
965.04547,1.0
965.105735,0.9999999617840007
965.166,0.999999789980022
965.226265,0.9999995945300822
965.28653,0.999999378710193
965.346795,0.9999991525403591
965.40706,0.9999989258005769
965.467325,0.9999986984008471
965.52759,0.9999984691011718
965.587855,0.999998239901549
965.64812,0.9999980089019822
965.708385,0.9999977925024365
965.76865,0.999997609602857
965.828915,0.9999974578032313
965.88918,0.9999972871036799
965.949445,0.9999971103041752
966.00971,0.9999969213047392
966.069975,0.9999967445052992
966.13024,0.9999966287056828
966.190505,0.9999965861058273
966.25077,0.9999965861058273
966.311035,0.9999966349056619
966.3713,0.9999966654055598
966.431565,0.9999966836054992
966.49183,0.9999967080054186
966.552095,0.9999967324053386
966.61236,0.9999967568052591
966.672625,0.9999967812051803
966.73289,0.9999967812051803
966.793155,0.9999967506052793
966.85342,0.9999967080054186
966.913685,0.9999966836054992
966.97395,0.9999966592055805
967.034215,0.9999966105057444
967.09448,0.9999965861058273
967.154745,0.9999966105057444
967.21501,0.9999966349056619
967.275275,0.9999966043057654
967.33554,0.9999964824061868
967.395805,0.999996360506623
967.45607,0.9999962324070973
967.516335,0.9999960617077551
967.5766,0.9999958422086437
967.636865,0.999995598409687
967.69713,0.9999953301109039
967.757395,0.9999950619121925
967.81766,0.9999947936135533
967.877925,0.9999945254149856
967.93819,0.9999942572164898
967.998455,0.9999940683175925
968.05872,0.9999939463183236
968.118985,0.999993824419069
968.17925,0.9999936781199832
968.239515,0.9999935562207612
968.29978,0.9999934648213544
968.360045,0.9999934404215142
968.42031,0.9999934404215142
968.480575,0.9999934892211952
968.54084,0.9999936173203694
968.601105,0.9999938124191432
968.66137,0.9999940318178097
968.721635,0.9999942025168055
968.7819,0.999994348815968
968.842165,0.9999944951151519
968.90243,0.9999946171144878
968.962695,0.9999946840141299
969.02296,0.9999946840141299
969.083225,0.9999946535142925
969.14349,0.999994586514653
969.203755,0.9999945072150854
969.26402,0.9999944584153546
969.324285,0.9999944402154557
969.38455,0.9999944951151519
969.444815,0.9999945683147516
969.50508,0.9999946353143899
969.565345,0.9999946353143899
969.62561,0.9999946597142594
969.685875,0.9999947328138716
969.74614,0.9999948304133623
969.806405,0.9999949097129556
969.86667,0.9999949829125856
969.926935,0.9999950804121012
969.9872,0.999995202311509
970.047465,0.9999953486108177
970.10773,0.9999954949101479
970.167995,0.9999956413094991
970.22826,0.9999957876088722
970.288525,0.9999958851084662
970.34879,0.9999959277082918
970.409055,0.9999958971084169
970.46932,0.9999958240087194
970.529585,0.9999957020092364
970.58985,0.9999955801097677
970.650115,0.9999954094105368
970.71038,0.9999952631112191
970.770645,0.999995141211804
970.83091,0.9999950680121623
970.891175,0.9999950192124042
970.95144,0.9999949523127396
971.011705,0.9999948729131436
971.07197,0.999994751013776
971.132235,0.9999946535142925
971.1925,0.9999945803146866
971.252765,0.9999945072150854
971.31303,0.9999944158155916
971.373295,0.9999943365160376
971.43356,0.9999942939162798
971.493825,0.9999943245161056
971.55409,0.9999943914157282
971.614355,0.9999944158155916
971.67462,0.9999943914157282
971.734885,0.9999943427160025
971.79515,0.9999942695164192
971.855415,0.9999941658170189
971.91568,0.9999940376177751
971.975945,0.9999938975186202
972.03621,0.9999937756193715
972.096475,0.9999936781199832
972.15674,0.9999935561207619
972.217005,0.9999934648213544
972.27727,0.9999934098217154
972.337535,0.9999933673219963
972.3978,0.9999932879225261
972.458065,0.9999931660233518
972.51833,0.9999929891245763
972.578595,0.9999928002259185
972.63886,0.99999270892658
972.699125,0.9999926845267582
972.75939,0.9999926907267128
972.819655,0.9999927576262261
972.87992,0.9999928858253059
972.940185,0.999993062724063
973.00045,0.9999932334228934
973.060715,0.9999933979217939
973.12098,0.9999935442208386
973.181245,0.999993641720214
973.24151,0.9999937086197909
973.301775,0.9999937330196376
973.36204,0.9999937880192944
973.422305,0.999993885618693
973.48257,0.999994007517955
973.542835,0.999994153817089
973.6031,0.9999943001162444
973.663365,0.9999943976156934
973.72363,0.9999944646153203
973.783895,0.9999944646153203
973.84416,0.999994385215763
973.904425,0.9999942327166308
973.96469,0.9999939888180672
974.024955,0.9999937694194101
974.08522,0.9999935561207619
974.145485,0.9999933548220793
974.20575,0.9999931416235188
974.266015,0.9999929403249196
974.32628,0.9999927208264933
974.386545,0.9999924769282984
974.44681,0.9999921781305909
974.507075,0.9999918611331208
974.56734,0.9999914953361648
974.627605,0.9999910989396147
974.68787,0.9999906906433323
974.748135,0.9999902698473383
974.8084,0.9999898370516431
974.868665,0.9999894470556827
974.92893,0.9999891610587417
974.989195,0.9999889720608082
975.04946,0.9999888250624401
975.109725,0.9999887280635288
975.16999,0.9999886610642862
975.230255,0.9999886610642862
975.29052,0.9999886610642862
975.350785,0.9999887100637318
975.41105,0.9999888130625743
975.471315,0.9999889840606759
975.53158,0.9999891850584819
975.591845,0.9999894540556089
975.65211,0.9999897460525721
975.712375,0.9999900452495488
975.77264,0.9999903866462085
975.832905,0.9999907524427589
975.89317,0.9999910875397162
975.953435,0.999991307037784
976.0137,0.9999914408366298
976.073965,0.9999914896362133
976.13423,0.9999914896362133
976.194495,0.9999914408366298
976.25476,0.9999914102368922
976.315025,0.9999913370375236
976.37529,0.9999911601390719
976.435555,0.9999909100413139
976.49582,0.9999906236439583
976.556085,0.9999903248468046
976.61635,0.99998998305017
976.676615,0.9999896730533233
976.73688,0.9999894290558728
976.797145,0.9999891610587417
976.85741,0.9999889170614162
976.917675,0.9999887220635965
976.97794,0.9999885570654709
977.038205,0.9999884350668744
977.09847,0.9999882890685735
977.158735,0.999988112070662
977.219,0.9999878680735924
977.279265,0.9999875690772646
977.33953,0.9999873070805558
977.399795,0.9999870880833596
977.46006,0.9999868680862244
977.520325,0.9999866490891242
977.58059,0.9999864780914218
977.640855,0.9999862830940777
977.70112,0.9999859900981396
977.761385,0.9999856431030613
977.82165,0.9999852711084712
977.881915,0.9999848381149425
977.94218,0.9999844171214143
978.002445,0.9999840031279513
978.06271,0.9999836011344628
978.122975,0.9999832841397116
978.18324,0.9999830701433117
978.243505,0.9999829731449585
978.30377,0.9999829001462042
978.364035,0.9999828271474551
978.4243,0.999982760148608
978.484565,0.9999827351490392
978.54483,0.9999826871498692
978.605095,0.9999825831516751
978.66536,0.9999825101529491
978.725625,0.9999824671537021
978.78589,0.9999824911532816
978.846155,0.9999825221527393
978.90642,0.9999825401524249
978.966685,0.9999825651519887
979.02695,0.9999825401524249
979.087215,0.9999824851533867
979.14748,0.9999823571556368
979.207745,0.9999821621590962
979.26801,0.9999819421630447
979.328275,0.9999817291669137
979.38854,0.9999815771697024
979.448805,0.9999814061728673
979.50907,0.9999811871769634
979.569335,0.9999809981805369
979.6296,0.9999808511833409
979.689865,0.9999806811866107
979.75013,0.9999805041900458
979.810395,0.9999803151937483
979.87066,0.9999801441971291
979.930925,0.9999799922001587
979.99119,0.9999798272034736
980.051455,0.9999797052059421
980.11172,0.9999796572069174
980.171985,0.9999796142077931
980.23225,0.9999795352094066
980.292515,0.9999793642129208
980.35278,0.9999791692169637
980.413045,0.999978967221192
980.47331,0.9999788032246548
980.533575,0.9999787062267156
980.59384,0.9999786082288072
980.654105,0.9999784862314245
980.71437,0.9999783642340565
980.774635,0.9999782422367036
980.8349,0.9999781202393655
980.895165,0.9999780232414925
980.95543,0.9999779502430994
981.015695,0.9999779012441811
981.07596,0.9999778032463515
981.136225,0.9999777062485093
981.19649,0.9999777182482419
981.256755,0.9999778652449773
981.31702,0.99997806024068
981.377285,0.9999782062374875
981.43755,0.9999783222349662
981.497815,0.9999783772337754
981.55808,0.9999784442323288
981.618345,0.9999784992311448
981.67861,0.999978565229728
981.738875,0.9999786142286788
981.79914,0.9999786692275041
981.859405,0.9999787912249093
981.91967,0.9999789132223292
981.979935,0.9999789862207925
982.0402,0.9999790532193868
982.100465,0.9999791082182363
982.16073,0.9999791512173389
982.220995,0.9999790962184871
982.28126,0.9999789982205405
982.341525,0.9999788762231101
982.40179,0.9999788032246548
982.462055,0.9999787302262049
982.52232,0.9999786632276322
982.582585,0.9999786392281446
982.64285,0.9999786632276322
982.703115,0.9999787432259284
982.76338,0.9999788092245276
982.823645,0.9999788032246548
982.88391,0.9999786992268647
982.944175,0.9999785592298566
983.00444,0.9999784622319411
983.064705,0.9999783882335376
983.12497,0.9999783222349662
983.185235,0.9999782672361599
983.2455,0.9999782242370954
983.305765,0.9999782732360295
983.36603,0.9999783522343163
983.426295,0.999978426232717
983.48656,0.9999784682318118
983.546825,0.9999784372324798
983.60709,0.9999782852357689
983.667355,0.9999780102417782
983.72762,0.9999777172482642
983.787885,0.9999774622539788
983.84815,0.9999772912578474
983.908415,0.9999771942600548
983.96868,0.9999770962622946
984.028945,0.9999770052643829
984.08921,0.9999769012667798
984.149475,0.9999767552701629
984.20974,0.9999765842741524
984.270005,0.9999763832788792
984.33027,0.9999760902858418
984.390535,0.9999757972928902
984.4508,0.9999756152973117
984.511065,0.9999753713032913
984.57133,0.9999753713032913
984.631595,0.9999756152973117
984.69186,0.9999756762958261
984.752125,0.9999758412918263
984.81239,0.9999759632888864
984.872655,0.9999760782861288
984.93292,0.999976103285531
984.993185,0.9999760472868708
985.05345,0.999975950289199
985.113715,0.9999759082902099
985.17398,0.9999759632888864
985.234245,0.9999760542867032
985.29451,0.9999761092853877
985.354775,0.9999761762837892
985.41504,0.9999762252826231
985.475305,0.9999762252826231
985.53557,0.999976169283956
985.595835,0.9999760472868708
985.6561,0.999975950289199
985.716365,0.9999758282921405
985.77663,0.999975730294514
985.836895,0.9999756152973117
985.89716,0.9999753713032913
985.957425,0.9999753713032913
986.01769,0.9999753713032913
986.077955,0.9999753713032913
986.13822,0.9999753713032913
986.198485,0.9999751273093305
986.25875,0.9999748833154292
986.319015,0.9999746393215875
986.37928,0.9999745763231872
986.439545,0.9999743963277796
986.49981,0.9999741523340566
986.560075,0.9999739083403932
986.62034,0.9999736643467894
986.680605,0.9999736013484505
986.74087,0.9999731763597602
986.801135,0.999972933366308
986.8614,0.9999726893729419
986.921665,0.9999726893729419
986.98193,0.9999724453796355
987.042195,0.9999722013863886
987.10246,0.9999719573932012
987.162725,0.9999717134000734
987.22299,0.9999714694070051
987.283255,0.9999714064088046
987.34352,0.9999712264139675
987.403785,0.9999709824210181
987.46405,0.9999707384281281
987.524315,0.9999704944352977
987.58458,0.9999702504425269
987.644845,0.9999700064498155
987.70511,0.9999697624571637
987.765375,0.9999697624571637
987.82564,0.9999695194645409
987.885905,0.999969275472008
987.94617,0.9999690314795345
988.006435,0.9999689674815185
988.0667,0.9999687874871206
988.126965,0.9999685434947663
988.18723,0.9999685434947663
988.247495,0.9999682995024713
988.30776,0.9999682995024713
988.368025,0.9999680565102042
988.42829,0.9999680565102042
988.488555,0.9999678125180281
988.54882,0.9999677485200902
988.609085,0.9999675685259116
988.66935,0.9999673245338546
988.729615,0.9999673245338546
988.78988,0.9999673245338546
988.850145,0.9999670805418572
988.91041,0.9999668365499194
988.970675,0.9999667735520107
989.03094,0.999966592558041
989.091205,0.9999663495661886
989.15147,0.9999663495661886
989.211735,0.999966105574429
989.272,0.999966105574429
989.332265,0.999966105574429
989.39253,0.999965861582729
989.452795,0.999965861582729
989.51306,0.999965861582729
989.573325,0.9999659255805462
989.63359,0.999966105574429
989.693855,0.999965861582729
989.75412,0.999965861582729
989.814385,0.9999656175910886
989.87465,0.9999656175910886
989.934915,0.9999653735995077
989.99518,0.9999653735995077
990.055445,0.9999651296079862
990.11571,0.9999651296079862
990.175975,0.9999648856165244
990.23624,0.9999646426250867
990.296505,0.9999643986337436
990.35677,0.9999641546424601
990.417035,0.9999639106512362
990.4773,0.9999636666600717
990.537565,0.9999633586713099
990.59783,0.9999629356868986
990.658095,0.9999626916959721
990.71836,0.9999624477051051
990.778625,0.9999622037142976
990.83889,0.9999619597235496
990.899155,0.9999616527352752
990.95942,0.9999612287516243
991.019685,0.9999609847611143
991.07995,0.9999606767731783
991.140215,0.9999602527899413
991.20048,0.9999599458021908
991.260745,0.9999595218192636
991.32101,0.9999592778291702
991.381275,0.9999592138317783
991.44154,0.9999590338391361
991.501805,0.9999589698417599
991.56207,0.9999587898491616
991.622335,0.9999587898491616
991.6826,0.9999587898491616
991.742865,0.9999590338391361
991.80313,0.9999590338391361
991.863395,0.9999590338391361
991.92366,0.9999592778291702
991.983925,0.9999595218192636
992.04419,0.9999597658094168
992.104455,0.9999602527899413
992.16472,0.9999607407706638
992.224985,0.9999612287516243
992.28525,0.9999617157328613
992.345515,0.9999622037142976
992.40578,0.9999626916959721
992.466045,0.9999629996845285
992.52631,0.9999634226689669
992.586575,0.9999637306577485
992.64684,0.9999639746489285
992.707105,0.9999642186401682
992.76737,0.9999643986337436
992.827635,0.9999646426250867
992.8879,0.9999648856165244
992.948165,0.9999648856165244
993.00843,0.9999648216187738
993.068695,0.9999645786273517
993.12896,0.9999641546424601
993.189225,0.9999639106512362
993.24949,0.9999636666600717
993.309755,0.9999633586713099
993.37002,0.9999629356868986
993.430285,0.9999623837075104
993.49055,0.9999618957259863
993.550815,0.9999614077447002
993.61108,0.9999609847611143
993.671345,0.9999604967802728
993.73161,0.9999602527899413
993.791875,0.9999600087996694
993.85214,0.9999597658094168
993.912405,0.9999594578218564
993.97267,0.9999592778291702
994.032935,0.9999592778291702
994.0932,0.9999592778291702
994.153465,0.9999590338391361
994.21373,0.9999590338391361
994.273995,0.9999587898491616
994.33426,0.9999587898491616
994.394525,0.9999587898491616
994.45479,0.9999587898491616
994.515055,0.9999590338391361
994.57532,0.9999590338391361
994.635585,0.9999590338391361
994.69585,0.9999590338391361
994.756115,0.9999592778291702
994.81638,0.9999592778291702
994.876645,0.9999592778291702
994.93691,0.9999592778291702
994.997175,0.9999592778291702
995.05744,0.9999592778291702
995.117705,0.9999592778291702
995.17797,0.9999592778291702
995.238235,0.9999592778291702
995.2985,0.9999595218192636
995.358765,0.9999595218192636
995.41903,0.9999595218192636
995.479295,0.9999595218192636
995.53956,0.9999592778291702
995.599825,0.9999592778291702
995.66009,0.9999590338391361
995.720355,0.9999590338391361
995.78062,0.9999587898491616
995.840885,0.9999587898491616
995.90115,0.9999587898491616
995.961415,0.9999590338391361
996.02168,0.9999590338391361
996.081945,0.9999592778291702
996.14221,0.9999592778291702
996.202475,0.9999592778291702
996.26274,0.9999592778291702
996.323005,0.9999592778291702
996.38327,0.9999592778291702
996.443535,0.9999592778291702
996.5038,0.9999592778291702
996.564065,0.9999592778291702
996.62433,0.9999592778291702
996.684595,0.9999592778291702
996.74486,0.9999592778291702
996.805125,0.9999592778291702
996.86539,0.9999590338391361
996.925655,0.9999587258518011
996.98592,0.9999583018693912
997.046185,0.9999578148898168
997.10645,0.9999575709001397
997.166715,0.9999572629132553
997.22698,0.9999570829209642
997.287245,0.9999568389314657
997.34751,0.9999565959419834
997.407775,0.9999565309448067
997.46804,0.9999563519526038
997.528305,0.9999561079632836
997.58857,0.999955863974023
997.648835,0.999955619984822
997.7091,0.9999553759956805
997.769365,0.9999551320065986
997.82963,0.9999550680094721
997.889895,0.9999548890175309
997.95016,0.9999548890175309
998.010425,0.9999546450285678
998.07069,0.9999544010396642
998.130955,0.9999541570508201
998.19122,0.9999536690733105
998.251485,0.9999531820959923
998.31175,0.9999526291220354
998.372015,0.9999521421452237
998.43228,0.9999516541686974
998.492545,0.9999512311892371
998.55281,0.9999507432131554
998.613075,0.9999504352283739
998.67334,0.999949768261656
998.733605,0.9999492802862882
998.79387,0.9999487283144378
998.854135,0.9999482403395774
998.9144,0.9999477523649553
998.974665,0.9999472653905184
999.03493,0.999946777416372
999.095195,0.9999463544389746
999.15546,0.9999460454555988
999.215725,0.999945622478511
999.27599,0.9999453784918089
999.336255,0.9999450705086798
999.39652,0.9999445825356044
999.456785,0.9999440945627672
999.51705,0.9999436075901117
999.577315,0.9999429406279479
999.63758,0.999942452655912
999.697845,0.9999419006878304
999.75811,0.999941412716302
999.818375,0.9999409247450116
999.87864,0.9999402587845775
999.938905,0.9999397058177673
999.99917,0.9999389738621705
1000.059435,0.9999380639181183
1000.1197,0.9999372669677989
1000.179965,0.9999363570253
1000.24023,0.9999355610762767
1000.300495,0.9999345851396453
1000.36076,0.9999336751995869
1000.421025,0.9999328782527653
1000.48129,0.9999321473020985
1000.541555,0.9999311713687989
1000.60182,0.9999304404193798
1000.662085,0.9999297084705653
1000.72235,0.9999289775222155
1000.782615,0.9999280015920098
1000.84288,0.9999272706449078
1000.903145,0.9999262947163678
1000.96341,0.9999253197887058
1001.023675,0.9999240998805599
1001.08394,0.9999231249550378
1001.144205,0.9999219060494913
1001.20447,0.9999206871454308
1001.264735,0.9999194672429366
1001.325,0.999918248341849
1001.385265,0.9999169644476423
1001.44553,0.9999155665647032
1001.505795,0.9999141036892993
1001.56606,0.9999126398161231
1001.626325,0.9999111769450012
1001.68659,0.9999096490818901
1001.746855,0.9999080072315942
1001.80712,0.9999064793733264
1001.867385,0.9999050165112172
1001.92765,0.9999036186449812
1001.987915,0.999902399763213
1002.04818,0.9999012448766083
1002.108445,0.9999002049798543
1002.16871,0.9998992250781336
1002.228975,0.9998983151702528
1002.28924,0.9998975252508958
1002.349505,0.9998965453518013
1002.40977,0.999895635446359
1002.470035,0.999894845529119
1002.5303,0.9998938656326505
1002.590565,0.9998926457628786
1002.65083,0.9998916758674826
1002.711095,0.9998904560003822
1002.77136,0.9998894761082154
1002.831625,0.9998882562437986
1002.89189,0.9998872863526606
1002.952155,0.9998860664909153
1003.01242,0.9998848466306582
1003.072685,0.9998836267718895
1003.13295,0.999882406914609
1003.193215,0.9998811870588166
1003.25348,0.9998799072117163
1003.313745,0.9998785073808261
1003.37401,0.9998772875297912
1003.434275,0.9998760676802445
1003.49454,0.9998750878021783
1003.554805,0.9998738679553153
1003.61507,0.9998728980781337
1003.675335,0.9998719182031738
1003.7356,0.9998711882969399
1003.795865,0.9998702184223577
1003.85613,0.9998692385500237
1003.916395,0.9998682686773327
1003.97666,0.9998672888069096
1004.036925,0.9998663089374467
1004.09719,0.9998653390675974
1004.157455,0.9998644291905529
1004.21772,0.9998636292993295
1004.277985,0.9998628993991465
1004.33825,0.9998621694994964
1004.398515,0.9998614995920672
1004.45878,0.9998609496683937
1004.519045,0.9998602797617818
1004.57931,0.9998597998289627
1004.639575,0.9998593098977808
1004.69984,0.999858819966839
1004.760105,0.9998583300361372
1004.82037,0.9998580900701668
1004.880635,0.9998576001398227
1004.9409,0.9998573601740275
1005.001165,0.9998571102097187
1005.06143,0.9998570502182939
1005.121695,0.999856870244041
1005.18196,0.999856630278421
1005.242225,0.999856630278421
1005.30249,0.9998563803142946
1005.362755,0.9998563203229136
1005.42302,0.9998561403487921
1005.483285,0.9998558903847883
1005.54355,0.9998558903847883
1005.603815,0.9998561403487921
1005.66408,0.9998562003401624
1005.724345,0.9998563803142946
1005.78461,0.999856630278421
1005.844875,0.999856870244041
1005.90514,0.9998569302354551
1005.965405,0.9998571102097187
1006.02567,0.9998573601740275
1006.085935,0.9998576001398227
1006.1462,0.9998578401056756
1006.206465,0.9998580900701668
1006.26673,0.9998584000262227
1006.326995,0.999858819966839
1006.38726,0.9998591299231212
1006.447525,0.9998595498640439
1006.50779,0.9998600397953434
1006.568055,0.9998602797617818
1006.62832,0.999860529726883
1006.688585,0.9998608396836952
1006.74885,0.9998612596253361
1006.809115,0.9998617495574733
1006.86938,0.9998622294912283
1006.929645,0.9998627894142336
1006.98991,0.9998635193143363
1007.050175,0.9998644291905529
1007.11044,0.9998651590918526
1007.170705,0.9998658889936851
1007.23097,0.9998666888867163
1007.291235,0.9998675987658171
1007.3515,0.9998683986602162
1007.411765,0.9998693685330332
1007.47203,0.9998705883744069
1007.532295,0.9998715682480637
1007.59256,0.999872788092121
1007.652825,0.9998739979389266
1007.71309,0.9998752177859481
1007.773355,0.9998766876035986
1007.83362,0.9998779674465779
1007.893885,0.9998793672767122
1007.95415,0.9998805871302844
1008.014415,0.999881866978255
1008.07468,0.9998832668138486
1008.134945,0.9998844866721782
1008.19521,0.999885776523998
1008.255475,0.9998871663661933
1008.31574,0.9998886362014082
1008.376005,0.9998900960398828
1008.43627,0.9998913759000249
1008.496535,0.999892775748931
1008.5568,0.9998942355934493
1008.617065,0.9998957054390559
1008.67733,0.9998971652878516
1008.737595,0.9998983851631373
1008.79786,0.9998998450158454
1008.858125,0.9999013108700926
1008.91839,0.9999028397203658
1008.978655,0.999904480562272
1009.03892,0.9999060094173916
1009.099185,0.9999076502644993
1009.15945,0.9999093571083152
1009.219715,0.9999108199767747
1009.27998,0.9999122828473744
1009.340245,0.9999137457201143
1009.40051,0.9999152095949096
1009.460775,0.9999166724719314
1009.52104,0.9999181353510933
1009.581305,0.9999195982323954
1009.64157,0.9999208831299047
1009.701835,0.9999222800203541
1009.7621,0.9999237429077199
1009.822365,0.9999249628154304
1009.88263,0.9999261817247029
1009.942895,0.9999274006354614
1010.00316,0.9999286195477057
1010.063425,0.9999298394613657
1010.12369,0.9999308143934345
1010.183955,0.9999320333098402
1010.24422,0.9999332532276649
1010.304485,0.9999344721470436
1010.36475,0.999935691067908
1010.425015,0.9999369099902584
1010.48528,0.9999381299140327
1010.545545,0.9999391048541847
1010.60581,0.9999400797952872
1010.666075,0.9999410557372813
1010.72634,0.999942030680286
1010.786605,0.9999427626381203
1010.84687,0.9999436715865047
1010.907135,0.999944469541873
1010.9674,0.9999454444882061
1011.027665,0.9999464204354361
1011.08793,0.9999471513965367
1011.148195,0.9999480613488585
1011.20846,0.9999486143202893
1011.268725,0.9999493462829429
1011.32899,0.9999500122494293
1011.389255,0.9999505652219389
1011.44952,0.9999512311892371
1011.509785,0.9999517841624208
1011.57005,0.9999525161273948
1011.630315,0.9999532480929044
1011.69058,0.999953979058996
1011.750845,0.9999549540146009
1011.81111,0.9999559299711123
1011.871375,0.9999566609391642
1011.93164,0.9999573269105222
1011.991905,0.9999578808870347
1012.05217,0.9999585458592466
1012.112435,0.9999590998364345
1012.1727,0.9999598318067635
1012.232965,0.9999605627776676
1012.29323,0.9999612947490676
1012.353495,0.9999619597235496
1012.41376,0.9999626916959721
1012.474025,0.9999632446754935
1012.53429,0.9999639106512362
1012.594555,0.9999644646313962
1012.65482,0.9999649516142091
1012.715085,0.9999653735995077
1012.77535,0.9999656835888215
1012.835615,0.999965861582729
1012.89588,0.9999661715721941
1012.956145,0.999966592558041
1013.01641,0.9999668365499194
1013.076675,0.9999671465396868
1013.13694,0.9999673245338546
1013.197205,0.9999675685259116
1013.25747,0.9999678125180281
1013.317735,0.9999680565102042
1013.378,0.9999685434947663
1013.438265,0.9999688534850628
1013.49853,0.9999693414699823
1013.558795,0.9999700064498155
1013.61906,0.9999705604333525
1013.679325,0.9999712264139675
1013.73959,0.9999717134000734
1013.799855,0.9999722673845561
1013.86012,0.9999727553711416
1013.920385,0.9999734203532451
1013.98065,0.9999737303450534
1014.040915,0.9999741523340566
1014.10118,0.9999746393215875
1014.161445,0.9999749503137486
1014.22171,0.9999753713032913
1014.281975,0.9999756532963858
1014.34224,0.9999758962904991
1014.402505,0.9999760362871344
1014.46277,0.9999760782861288
1014.523035,0.999976023287446
1014.5833,0.9999759012903786
1014.643565,0.999975803292745
1014.70383,0.9999757682935926
1014.764095,0.9999758172924064
1014.82436,0.9999759142900654
1014.884625,0.9999760912858179
1014.94489,0.9999763662792808
1015.005155,0.999976763269977
1015.06542,0.9999772262593256
1015.125685,0.9999776902488662
1015.18595,0.9999780982398471
1015.246215,0.9999784702317688
1015.30648,0.9999788542235751
1015.366745,0.9999792682149065
1015.42701,0.9999796832063889
1015.487275,0.9999801281974469
1015.54754,0.9999806401874036
1015.607805,0.9999811771771515
1015.66807,0.9999817201670782
1015.728335,0.9999823051565556
1015.7886,0.9999828661467861
1015.848865,0.9999834451370333
1015.90913,0.9999840121278074
1015.969395,0.9999845661191036
1016.02966,0.9999850541116909
1016.089925,0.999985511104965
1016.15019,0.9999859560986165
1016.210455,0.9999864440918822
1016.27072,0.9999869560850726
1016.330985,0.9999874440788262
1016.39125,0.999987932072818
1016.451515,0.9999884190670595
1016.51178,0.9999889310612612
1016.572045,0.9999893880563071
1016.63231,0.9999897470525618
1016.692575,0.9999899910500899
1016.75284,0.9999902282477439
1016.813105,0.9999904233458564
1016.87337,0.9999904965451581
1016.933635,0.9999904898452218
1016.9939,0.9999904654454541
1017.054165,0.9999904721453903
1017.11443,0.9999905208449275
1017.174695,0.9999905874442984
1017.23496,0.999990660543613
1017.295225,0.9999907159430971
1017.35549,0.9999907580427071
1017.415755,0.9999907270429941
1017.47602,0.999990629543903
1017.536285,0.9999904588455171
1017.59655,0.9999903125469237
1017.656815,0.9999902216478084
1017.71708,0.9999901728482867
1017.777345,0.9999901240487675
1017.83761,0.9999901551484609
1017.897875,0.9999902770472682
1017.95814,0.9999904233458564
1018.018405,0.9999904898452218
1018.07867,0.9999904588455171
1018.138935,0.9999903612464531
1018.1992,0.9999902083479385
1018.259465,0.9999900686493162
1018.31973,0.9999899710502903
1018.379995,0.9999899530504709
1018.44026,0.9999899840501599
1018.500525,0.9999900265497352
1018.56079,0.9999900265497352
1018.621055,0.9999900021499788
1018.68132,0.9999899470505312
1018.741585,0.9999898000520199
1018.80185,0.9999895990540902
1018.862115,0.9999893240569883
1018.92238,0.999988982060698
1018.982645,0.99998869606389
1019.04291,0.9999885320657572
1019.103175,0.9999884900662398
1019.16344,0.9999884900662398
1019.223705,0.9999884660665164
1019.28397,0.9999883620677212
1019.344235,0.9999881600700925
1019.4045,0.9999879650724203
1019.464765,0.9999878320740299
1019.52503,0.999987814074249
1019.585295,0.9999879360727697
1019.64556,0.9999881380703532
1019.705825,0.9999883820674887
1019.76609,0.9999886430644905
1019.826355,0.9999888690619494
1019.88662,0.9999890890595248
1019.946885,0.9999893330568922
1020.00715,0.9999895520545802
1020.067415,0.9999896920531273
1020.12768,0.9999897650523775
1020.187945,0.999989838051633
1020.24821,0.9999900155498449
1020.308475,0.9999903148469014
1020.36874,0.9999906495437157
1020.429005,0.9999909421410227
1020.48927,0.9999911305393339
1020.549535,0.9999912457383188
1020.6098,0.9999913189376807
1020.670065,0.999991398736991
1020.73033,0.9999915517356868
1020.790595,0.9999917779338013
1020.85086,0.9999920882312983
1020.911125,0.9999923808290261
1020.97139,0.9999926247271974
1021.031655,0.9999928198257776
1021.09192,0.9999929905245665
1021.152185,0.9999931789232637
1021.21245,0.9999933185223212
1021.272715,0.9999933429221585
1021.33298,0.9999932630226935
1021.393245,0.999993110023736
1021.45351,0.9999929460248794
1021.513775,0.9999927997259221
1021.57404,0.9999926467270355
1021.634305,0.9999924206287236
1021.69457,0.9999921035311773
1021.754835,0.9999917378341319
1021.8151,0.9999913964370108
1021.875365,0.999991103739572
1021.93563,0.9999908422419326
1021.995895,0.9999906471437382
1022.05616,0.9999904587455181
1022.116425,0.9999903124469246
1022.17669,0.999990190548113
1022.236955,0.9999901240487675
1022.29722,0.9999901484485268
1022.357485,0.9999902527475047
1022.41775,0.9999904057460252
1022.478015,0.9999906007441732
1022.53828,0.9999907958423585
1022.598545,0.9999910464400834
1022.65881,0.9999913634372953
1022.719075,0.9999917536340015
1022.77934,0.9999920949312452
1022.839605,0.9999923876289742
1022.89987,0.9999926003273777
1022.960135,0.9999927399263545
1023.0204,0.9999928619254762
1023.080665,0.9999929527248321
1023.14093,0.9999930259243189
1023.201195,0.9999930570241026
1023.26146,0.9999930746239806
1023.321725,0.9999930746239806
1023.38199,0.9999930502241497
1023.442255,0.9999930502241497
1023.50252,0.9999930502241497
1023.562785,0.9999930259243189
1023.62305,0.9999929460248794
1023.683315,0.9999927997259221
1023.74358,0.9999926046273458
1023.803845,0.9999924095288077
1023.86411,0.999992238830118
1023.924375,0.9999921724306355
1023.98464,0.9999922279302027
1024.044905,0.9999923986288906
1024.10517,0.9999925760275579
1024.165435,0.9999927467263051
1024.2257,0.9999929174250816
1024.285965,0.9999930813239342
1024.34623,0.9999932344228866
1024.406495,0.9999933496221138
1024.46676,0.9999933984217905
1024.527025,0.9999934471214702
1024.58729,0.9999935203209932
1024.647555,0.9999936178203662
1024.70782,0.9999937397195956
1024.768085,0.9999938861186899
1024.82835,0.999994032417806
1024.888615,0.9999940988174121
1024.94888,0.9999940433177411
1025.009145,0.9999938659188136
1025.06941,0.9999936220203394
1025.129675,0.9999934026217628
1025.18994,0.9999932386228582
1025.250205,0.9999931167236898
1025.31047,0.9999930502241497
1025.370735,0.9999930502241497
1025.431,0.9999931057237657
1025.491265,0.9999931789232637
1025.55153,0.999993252122767
1025.611795,0.9999933496221138
1025.67206,0.9999934471214702
1025.732325,0.9999935379208793
1025.79259,0.9999935867205652
1025.852855,0.999993666620056
1025.91312,0.9999938196190986
1025.973385,0.9999940879174765
1026.03365,0.9999944049156525
1026.093915,0.9999946975140582
1026.15418,0.9999949170129184
1026.214445,0.9999950809120988
1026.27471,0.9999952029115061
1026.334975,0.9999952693111898
1026.39524,0.9999952869111066
1026.455505,0.9999952626112215
1026.51577,0.9999952205114218
1026.576035,0.9999951650116886
1026.6363,0.9999950675121647
1026.696565,0.9999949523127396
1026.75683,0.9999948968130213
1026.817095,0.9999948480132715
1026.87736,0.9999947748136513
1026.937625,0.9999946285144264
1026.99789,0.9999944335154929
1027.058155,0.999994238416598
1027.11842,0.9999940921174516
1027.178685,0.9999940013179922
1027.23895,0.999993952518286
1027.299215,0.9999939037185824
1027.35948,0.9999938793187314
1027.419745,0.9999938793187314
1027.48001,0.9999939037185824
1027.540275,0.9999939281184339
1027.60054,0.9999939769181388
1027.660805,0.9999940812175161
1027.72107,0.9999941720169827
1027.781335,0.9999942519165202
1027.8416,0.9999943494159647
1027.901865,0.9999945201150147
1027.96213,0.9999947152139645
1028.022395,0.9999949347128286
1028.08266,0.9999951297118599
1028.142925,0.9999952517112731
1028.20319,0.9999953492108149
1028.263455,0.9999954467103662
1028.32372,0.9999955687098182
1028.383985,0.9999956662093908
1028.44425,0.9999957570090016
1028.504515,0.9999958613085644
1028.56478,0.9999960076079696
1028.625045,0.9999961295074904
1028.68531,0.9999962271071173
1028.745575,0.99999635580664
1028.80584,0.9999966484056166
1028.866105,0.9999968922048292
1028.92637,0.9999971117041712
1028.986635,0.9999973244035795
1029.0469,0.9999975262030598
1029.107165,0.9999977506025299
1029.16743,0.9999980153019695
1029.227695,0.9999982700014964
1029.28796,0.9999985059011162
1029.348225,0.9999987375007969
1029.40849,0.9999989294005731
1029.468755,0.9999989838005163
1029.52902,0.9999989689005316
1029.589285,0.9999989299005726
1029.64955,0.9999988878006185
1029.709815,0.9999988359006776
1029.77008,0.9999986947008519
1029.830345,0.9999984686011726
1029.89061,0.9999982380015523
1029.950875,0.9999979942020116
1030.01114,0.9999977566025164
1030.071405,0.9999975479030064
1030.13167,0.9999973596034859
1030.191935,0.99999718220397
1030.2522,0.9999970115044655
1030.312465,0.9999968475049691
1030.37273,0.9999966769055215
1030.432995,0.9999967636052371
1030.49326,0.999996958604625
1030.553525,0.999997056204333
1030.61379,0.9999970982042102
1030.674055,0.9999971226041398
1030.73432,0.9999971713040008
1030.794585,0.999997202503913
1030.85485,0.9999972445037963
1030.915115,0.9999973176035977
1030.97538,0.9999974531032434
1031.035645,0.9999976712027117
1031.09591,0.999997871602265
1031.156175,0.9999980569018878
1031.21644,0.9999982311015645
1031.276705,0.999998399401281
1031.33697,0.9999985223010918
1031.397235,0.9999984713011685
1031.4575,0.999998287101467
1031.517765,0.9999981175017719
1031.57803,0.9999981366017361
1031.638295,0.9999981669016801
1031.69856,0.9999981816016533
1031.758825,0.9999981962016269
1031.81909,0.9999982084016049
1031.879355,0.9999982199015843
1031.93962,0.9999982112015999
1031.999885,0.9999980902018236
1032.06015,0.9999978987022077
1032.120415,0.9999976723027091
1032.18068,0.9999974192033303
1032.240945,0.9999971266041282
1032.30121,0.999996833905012
1032.361475,0.9999966524056032
1032.42174,0.9999965305060187
1032.482005,0.9999964398063375
1032.54227,0.999996311106804
1032.602535,0.9999961647073548
1032.6628,0.9999960428078297
1032.723065,0.9999959209083196
1032.78333,0.9999957990088242
1032.843595,0.9999956770093441
1032.90386,0.9999955619098484
1032.964125,0.9999954576103167
1033.02439,0.9999953356108783
1033.084655,0.9999952937110747
1033.14492,0.9999953181109601
1033.205185,0.9999953980105892
1033.26545,0.9999955199100357
1033.325715,0.9999956663093905
1033.38598,0.999995795008841
1033.446245,0.9999960632077491
1033.50651,0.999996338306704
1033.566775,0.9999966309056754
1033.62704,0.9999969411046784
1033.687305,0.9999972337038262
1033.74757,0.9999975195030765
1033.807835,0.9999976248028208
1033.8681,0.999997703902636
1033.928365,0.9999977562025173
1033.98863,0.9999978001024198
1034.048895,0.9999978255023643
1034.10916,0.9999978162023845
1034.169425,0.9999977751024751
1034.22969,0.9999977030026381
1034.289955,0.9999976146028451
1034.35022,0.9999975059031103
1034.410485,0.9999973704034574
1034.47075,0.9999970777042699
1034.531015,0.9999967675052245
1034.59128,0.9999964505062995
1034.651545,0.9999961579073808
1034.71181,0.9999959141083473
1034.772075,0.9999958058087957
1034.83234,0.999995830108694
1034.892605,0.9999958857084638
1034.95287,0.9999959765080942
1035.013135,0.9999960740077067
1035.0734,0.9999961540073958
1035.133665,0.9999962203071431
1035.19393,0.9999962691069598
1035.254195,0.9999963178067793
1035.31446,0.9999963666066007
1035.374725,0.9999964222064003
1035.43499,0.9999965198060559
1035.495255,0.9999968016051148
1035.55552,0.9999971118041708
1035.615785,0.9999973489035142
1035.67605,0.9999974639032159
1035.736315,0.9999974883031543
1035.79658,0.9999975127030933
1035.856845,0.9999976460027706
1035.91711,0.9999978069024048
1035.977375,0.9999979605020798
1036.03764,0.9999981135017795
1036.097905,0.9999982789014811
1036.15817,0.9999984771011596
1036.218435,0.9999986819008687
1036.2787,0.9999988875006188
1036.338965,0.999999086740417
1036.39923,0.9999992731402642
1036.459495,0.9999993928101844
1036.51976,0.9999993928101844
1036.580025,0.9999993928101844
1036.64029,0.9999995274301117
1036.700555,0.9999997078800427
1036.76082,0.9999998838200067
1036.821085,1.0
1036.88135,1.0
1036.941615,1.0
1037.00188,0.9999999327120023
1037.062145,0.9999997849400232
1037.12241,0.9999997342000353
1037.182675,0.9999997342000353
1037.24294,0.9999996009400797
1037.303205,0.9999994320001613
1037.36347,0.9999992564302764
1037.423735,0.9999990826104208
1037.484,0.9999988935006122
1037.544265,0.9999986664008892
1037.60453,0.9999983937012901
1037.664795,0.999998097901809
1037.72506,0.9999977851024529
1037.785325,0.9999974434032681
1037.84559,0.9999970776042703
1037.905855,0.9999966875054863
1037.96612,0.9999963042068295
1038.026385,0.9999960847076648
1038.08665,0.9999958271087065
1038.146915,0.999995395010603
1038.20718,0.9999949874125631
1038.267445,0.9999947191139439
1038.32771,0.9999944753152611
1038.387975,0.9999942314166383
1038.44824,0.9999939876180745
1038.508505,0.9999937437195706
1038.56877,0.9999935311209233
1038.629035,0.9999933779219261
1038.6893,0.999993182823237
1038.749565,0.9999929878245855
1038.80983,0.9999927995259236
1038.870095,0.9999926776268087
1038.93036,0.9999925801275273
1038.990625,0.9999924581284401
1039.05089,0.9999923675291275
1039.111155,0.999992343129314
1039.17142,0.9999923987288898
1039.231685,0.999992465028388
1039.29195,0.9999924894282045
1039.352215,0.9999924338286236
1039.41248,0.999992343129314
1039.472745,0.9999922943296888
1039.53301,0.9999922699298771
1039.593275,0.999992245530066
1039.65354,0.9999922212302548
1039.713805,0.9999922524300126
1039.77407,0.9999923256294482
1039.834335,0.9999924231287046
1039.8946,0.9999925138280216
1039.954865,0.9999925625276581
1040.01513,0.9999926113272963
1040.075395,0.9999926113272963
1040.13566,0.999992586927477
1040.195925,0.9999925069280732
1040.25619,0.999992465028388
1040.316455,0.9999925206279706
1040.37672,0.999992698226658
1040.436985,0.999992942124907
1040.49725,0.999993185923216
1040.557515,0.9999933810219055
1040.61778,0.9999935761206332
1040.678045,0.9999938268190541
1040.73831,0.9999940882174747
1040.798575,0.9999942764163797
1040.85884,0.999994422715553
1040.919105,0.9999945446148807
1040.97937,0.9999946665142231
1041.039635,0.9999948129134529
1041.0999,0.9999949835125826
1041.160165,0.9999951299118589
1041.22043,0.9999952762111571
1041.280695,0.9999953737107014
1041.34096,0.9999954156105083
1041.401225,0.99999540871054
1041.46149,0.9999953668107332
1041.521755,0.9999953424108466
1041.58202,0.9999953668107332
1041.642285,0.9999954156105083
1041.70255,0.9999954781102238
1041.762815,0.9999957220091507
1041.82308,0.9999959727081096
1041.883345,0.9999962654069736
1041.94361,0.9999964954061411
1042.003875,0.9999965686058873
1042.06414,0.9999966105057444
1042.124405,0.9999966592055805
1042.18467,0.9999966592055805
1042.244935,0.9999966036057678
1042.3052,0.999996506006104
1042.365465,0.9999963841065374
1042.42573,0.9999962622069856
1042.485995,0.9999961159075431
1042.54626,0.9999959627081498
1042.606525,0.9999957432090602
1042.66679,0.9999954681102691
1042.727055,0.9999950710121475
1042.78732,0.9999945764147077
1042.847585,0.9999940643176163
1042.90785,0.9999935591207425
1042.968115,0.9999932559227414
1043.02838,0.9999930677240283
1043.088645,0.9999929214250532
1043.14891,0.9999928064258738
1043.209175,0.9999927576262261
1043.26944,0.9999928308256987
1043.329705,0.9999929283250044
1043.38997,0.9999929840246121
1043.450235,0.9999930259243189
1043.5105,0.9999930746239806
1043.570765,0.9999931234236438
1043.63103,0.9999932035230962
1043.691295,0.9999932941224845
1043.75156,0.9999933429221585
1043.811825,0.9999933916218354
1043.87209,0.9999933916218354
1043.932355,0.9999933916218354
1043.99262,0.9999933047224134
1044.052885,0.9999931096237388
1044.11315,0.9999928970252262
1044.173415,0.999992701926631
1044.23368,0.9999925000281249
1044.293945,0.999992287429742
1044.35421,0.9999921167310731
1044.414475,0.9999920261317915
1044.47474,0.9999919704322372
1044.535005,0.9999918728330256
1044.59527,0.9999917022344267
1044.655535,0.9999915002361232
1044.7158,0.9999913120377406
1044.776065,0.9999911657390224
1044.83633,0.9999910925396717
1044.896595,0.9999910751398268
1044.95686,0.9999910994396102
1045.017125,0.9999912039386856
1045.07739,0.9999913815371392
1045.137655,0.9999915453357409
1045.19792,0.9999916672347177
1045.258185,0.9999917335341674
1045.31845,0.9999917265342253
1045.378715,0.9999916046352413
1045.43898,0.9999914026369575
1045.499245,0.9999911831388687
1045.55951,0.9999909637408272
1045.619775,0.9999907686426093
1045.68004,0.9999906048441347
1045.740305,0.9999904829452875
1045.80057,0.999990361046455
1045.860835,0.999990190348115
1045.9211,0.9999899640503604
1045.981365,0.999989720052839
1046.04163,0.9999894450557039
1046.101895,0.9999891590587634
1046.16216,0.9999888910617047
1046.222425,0.9999887030638108
1046.28269,0.9999885810651965
1046.342955,0.9999885460655968
1046.40322,0.9999886190647633
1046.463485,0.9999887650631124
1046.52375,0.9999889430611284
1046.584015,0.9999891870584603
1046.64428,0.9999894620555245
1046.704545,0.9999897720523058
1046.76481,0.99999001604984
1046.825075,0.9999902354476735
1046.88534,0.9999904305457875
1046.945605,0.9999906431437756
1047.00587,0.9999907894424175
1047.066135,0.9999909113413021
1047.1264,0.9999909775407027
1047.186665,0.9999910019404827
1047.24693,0.9999909775407027
1047.307195,0.9999909775407027
1047.36746,0.9999909462409855
1047.427725,0.9999908730416509
1047.48799,0.9999907755425456
1047.548255,0.9999906536436775
1047.60852,0.9999905073450556
1047.668785,0.999990360946456
1047.72905,0.9999902146478769
1047.789315,0.9999901240487675
1047.84958,0.9999900439495618
1047.909845,0.9999899460505413
1047.97011,0.9999898730512778
1048.030375,0.9999898310517041
1048.09064,0.9999898560514502
1048.150905,0.9999899360506419
1048.21117,0.9999900334496664
1048.271435,0.9999901240487675
1048.3317,0.9999901728482867
1048.391965,0.9999901972480473
1048.45223,0.9999902773472653
1048.512495,0.9999903992460876
1048.57276,0.9999905211449246
1048.633025,0.9999905874442984
1048.69329,0.9999905874442984
1048.753555,0.9999905072450564
1048.81382,0.9999903853462211
1048.874085,0.9999902390476384
1048.93435,0.9999901171488357
1048.994615,0.9999899150508534
1049.05488,0.9999896960530861
1049.115145,0.99998945205563
1049.17541,0.9999891830585035
1049.235675,0.999988908061516
1049.29594,0.9999886160647975
1049.356205,0.9999883060683745
1049.41647,0.9999879570725166
1049.476735,0.9999875670772894
1049.537,0.9999872010819069
1049.597265,0.9999868910859225
1049.65753,0.9999866790887241
1049.717795,0.9999866130896055
1049.77806,0.9999866930885377
1049.838325,0.9999868950858701
1049.89859,0.9999871940819964
1049.958855,0.9999876160766814
1050.01912,0.9999880300716402
1050.079385,0.9999883890674074
1050.13965,0.999988699063856
1050.199915,0.9999889670608633
1050.26018,0.999989180058536
1050.320445,0.9999894060561162
1050.38071,0.9999896750533026
1050.440975,0.9999899990500098
1050.50124,0.9999903400466577
1050.561505,0.9999905943442334
1050.62177,0.9999907406428681
1050.682035,0.9999907755425456
1050.7423,0.9999907023432235
1050.802565,0.9999905002451229
1050.86283,0.9999902006480139
1050.923095,0.999989804051979
1050.98336,0.9999893960562222
1051.043625,0.9999891100592958
1051.10389,0.9999889220613608
1051.164155,0.9999888000627197
1051.22442,0.9999887650631124
1051.284685,0.9999888390622838
1051.34495,0.9999889050615492
1051.405215,0.9999889220613608
1051.46548,0.9999888490621722
1051.525745,0.9999887830629103
1051.58601,0.9999887650631124
1051.646275,0.9999888390622838
1051.70654,0.9999890090604008
1051.766805,0.9999892360579317
1051.82707,0.9999895040550828
1051.887335,0.9999898280517346
1051.9476,0.9999901694483202
1052.007865,0.9999904794453208
1052.06813,0.9999906919433202
1052.128395,0.9999908382419692
1052.18866,0.9999909845406395
1052.248925,0.9999911064395479
1052.30919,0.9999911726389614
1052.369455,0.9999911970387463
1052.42972,0.9999913015378319
1052.489985,0.9999914548365101
1052.55025,0.9999916185351246
1052.610515,0.999991684734572
1052.67078,0.999991684734572
1052.731045,0.9999916289350376
1052.79131,0.9999915000361249
1052.851575,0.9999913049378023
1052.91184,0.9999910541400144
1052.972105,0.999990768442611
1053.03237,0.9999905490446606
1053.092635,0.9999904097459867
1053.1529,0.999990360946456
1053.213165,0.9999902947470962
1053.27343,0.9999902460475701
1053.333695,0.9999902703473333
1053.39396,0.9999902947470962
1053.454225,0.9999902633474015
1053.51449,0.9999901170488367
1053.574755,0.9999899710502903
1053.63502,0.9999898490515212
1053.695285,0.9999897270527671
1053.75555,0.9999896050540278
1053.815815,0.9999895320547894
1053.87608,0.9999895390547161
1053.936345,0.9999896190538824
1053.99661,0.9999897090529521
1054.056875,0.9999897090529521
1054.11714,0.9999896290537786
1054.177405,0.99998945205563
1054.23767,0.9999892640576307
1054.297935,0.9999890370600935
1054.3582,0.9999887690630674
1054.418465,0.9999885250658376
1054.47873,0.9999883860674422
1054.538995,0.999988393067361
1054.59926,0.999988448066724
1054.659525,0.9999885700653222
1054.71979,0.9999887240635739
1054.780055,0.9999889680608522
1054.84032,0.9999891310590674
1054.900585,0.9999892220580824
1054.96085,0.999989246057824
1055.021115,0.9999893190570417
1055.08138,0.9999894800553351
1055.141645,0.999989724052798
1055.20191,0.9999900232497682
1055.262175,0.9999903402466557
1055.32244,0.9999906816434162
1055.382705,0.9999909986405124
1055.44297,0.9999913086377701
1055.503235,0.9999915280358873
1055.5635,0.9999916917345139
1055.623765,0.9999918066335658
1055.68403,0.9999918554331672
1055.744295,0.9999918310333662
1055.80456,0.9999918066335658
1055.864825,0.9999918310333662
1055.92509,0.9999919112327142
1055.985355,0.9999920017319863
1056.04562,0.9999920190318481
1056.105885,0.9999918971328284
1056.16615,0.9999916950344864
1056.226415,0.9999914512365409
1056.28668,0.9999912317384414
1056.346945,0.9999910680398902
1056.40721,0.9999909531409231
1056.467475,0.9999908800415871
1056.52774,0.9999908556418099
1056.588005,0.9999909114413011
1056.64827,0.999991040340138
1056.708535,0.9999912528382566
1056.7688,0.9999914549365093
1056.829065,0.9999916500348611
1056.88933,0.9999917649339083
1056.949595,0.9999918066335658
1057.00986,0.9999917996336232
1057.070125,0.9999917822337661
1057.13039,0.999991838033309
1057.190655,0.9999919112327142
1057.25092,0.9999919285325745
1057.311185,0.9999918727330264
1057.37145,0.9999916950344864
1057.431715,0.9999914024369593
1057.49198,0.9999910539400162
1057.552245,0.9999906323438768
1057.61251,0.9999901132488742
1057.672775,0.9999895040550828
1057.73304,0.9999888700619383
1057.793305,0.9999882360691956
1057.85357,0.9999876820758663
1057.913835,0.9999872180816894
1057.9741,0.9999868350866582
1058.034365,0.9999865500904509
1058.09463,0.9999863130936666
1058.154895,0.9999861110964517
1058.21516,0.9999859470987429
1058.275425,0.9999858740997715
1058.33569,0.9999859370988835
1058.395955,0.9999861460959663
1058.45622,0.9999864320920449
1058.516485,0.9999867310880328
1058.57675,0.9999871040831531
1058.637015,0.9999875670772894
1058.69728,0.9999880550713413
1058.757545,0.9999885180659179
1058.81781,0.9999889260613165
1058.878075,0.9999892430578563
1058.93834,0.9999895290548207
1058.998605,0.9999897970520504
1059.05887,0.9999900406495946
1059.119135,0.9999903403466548
1059.1794,0.9999906573436429
1059.239665,0.9999909672407956
1059.29993,0.9999911482391771
1059.360195,0.9999911726389614
1059.42046,0.9999911238393934
1059.480725,0.9999910507400449
1059.54099,0.9999909461409864
1059.601255,0.999990768342612
1059.66152,0.9999905732444322
1059.721785,0.9999904096459877
1059.78205,0.9999903749463211
1059.842315,0.9999904481456192
1059.90258,0.9999905944442326
1059.962845,0.9999907478428015
1060.02311,0.9999909114413011
1060.083375,0.9999910333402008
1060.14364,0.9999911238393934
1060.203905,0.9999911797388987
1060.26417,0.9999912772380435
1060.324435,0.9999915037360935
1060.3847,0.9999918278333924
1060.444965,0.9999921865305254
1060.50523,0.9999924791282819
1060.565495,0.9999927544262492
1060.62576,0.999993071524002
1060.686025,0.9999933570220647
1060.74629,0.9999935206209912
1060.806555,0.9999935623207219
1060.86682,0.9999935379208793
1060.927085,0.9999934648213544
1060.98735,0.9999933846218817
1061.047615,0.9999932626226963
1061.10788,0.9999930919238609
1061.168145,0.9999928583255019
1061.22841,0.9999925484277631
1061.288675,0.9999921999304207
1061.34894,0.9999917295342005
1061.409205,0.9999911372392745
1061.46947,0.9999905520446322
1061.529735,0.9999900540494613
1061.59,0.9999896080539966
1061.650265,0.9999891760585793
1061.71053,0.9999888100626079
1061.770795,0.9999885000661247
1061.83106,0.9999882320692426
1061.891325,0.9999880370715564
1061.95159,0.9999878740735196
1062.011855,0.9999877030756078
1062.07212,0.9999875080780247
1062.132385,0.9999873610798719
1062.19265,0.9999872950807082
1062.252915,0.9999872950807082
1062.31318,0.9999873270803021
1062.373445,0.9999875050780622
1062.43371,0.9999878600736894
1062.493975,0.9999882680688197
1062.55424,0.9999886580643202
1062.614505,0.999989024060236
1062.67477,0.9999893580566259
1062.735035,0.9999896510535508
1062.7953,0.9999899260507426
1062.855565,0.999990162648387
1062.91583,0.9999902947470962
1062.976095,0.9999903435466239
1063.03636,0.9999904237458526
1063.096625,0.9999905944442326
1063.15689,0.9999907408428662
1063.217155,0.9999908383419682
1063.27742,0.9999909358410798
1063.337685,0.9999909775407027
1063.39795,0.999990914541273
1063.458215,0.9999907439428376
1063.51848,0.9999905244448933
1063.578745,0.9999902978470662
1063.63901,0.9999900052499479
1063.699275,0.9999896640534163
1063.75954,0.9999893220570096
1063.819805,0.9999889320612501
1063.88007,0.9999886710641729
1063.940335,0.9999885080660328
1064.0006,0.9999883540678144
1064.060865,0.999988103070769
1064.12113,0.9999877860745906
1064.181395,0.9999874450788137
1064.24166,0.9999870550837862
1064.301925,0.9999866400892444
1064.36219,0.9999862180949713
1064.422455,0.9999857871010042
1064.48272,0.9999853411074426
1064.542985,0.9999848841142461
1064.60325,0.9999845191198301
1064.663515,0.9999842651237945
1064.72378,0.9999840941264998
1064.784045,0.9999839231292342
1064.84431,0.9999836971328931
1064.904575,0.9999833801381114
1064.96484,0.9999830551435657
1065.025105,0.999982801147902
1065.08537,0.9999827111494539
1065.145635,0.9999827111494539
1065.2059,0.999982791148074
1065.266165,0.9999829691450267
1065.32643,0.9999832201407834
1065.386695,0.9999835301356297
1065.44696,0.999983854130346
1065.507225,0.9999841711252779
1065.56749,0.9999844571207918
1065.627755,0.9999846761174119
1065.68802,0.9999848401149122
1065.748285,0.9999849621130702
1065.80855,0.9999851081108853
1065.868815,0.9999852791083534
1065.92908,0.9999854491058653
1065.989345,0.9999855641041986
1066.04961,0.9999855811039533
1066.109875,0.9999854841053566
1066.17014,0.9999852821083093
1066.230405,0.9999849331135067
1066.29067,0.9999844631206986
1066.350935,0.9999838631302007
1066.4112,0.9999832051410352
1066.471465,0.999982553152198
1066.53173,0.9999819441630086
1066.591995,0.9999813591737423
1066.65226,0.9999807491852993
1066.712525,0.9999801391972284
1066.77279,0.9999795782085277
1066.833055,0.9999790252199737
1066.89332,0.999978513230844
1066.953585,0.9999780252414485
1067.01385,0.999977593251035
1067.074115,0.9999772522587338
1067.13438,0.9999769662652805
1067.194645,0.9999768032690484
1067.25491,0.9999767932692804
1067.315175,0.9999769702651884
1067.37544,0.9999773022575976
1067.435705,0.9999776852489778
1067.49597,0.9999779952421083
1067.556235,0.9999782632362468
1067.6165,0.9999785072309729
1067.676765,0.9999788312240617
1067.73703,0.999979197216381
1067.797295,0.9999795622088545
1067.85756,0.9999799282014412
1067.917825,0.9999802691946549
1067.97809,0.9999805551890528
1068.038355,0.9999807501852801
1068.09862,0.9999808651830729
1068.158885,0.9999808751828817
1068.21915,0.9999807771847606
1068.279415,0.9999805751886641
1068.33968,0.9999802831943788
1068.399945,0.9999799102018027
1068.46021,0.9999795442092225
1068.520475,0.9999792582151138
1068.58074,0.9999790392196802
1068.641005,0.9999787642254823
1068.70127,0.9999783422345327
1068.761535,0.9999777982464626
1068.8218,0.9999771332614479
1068.882065,0.9999764252778881
1068.94233,0.9999757182948054
1069.002595,0.999975056311099
1069.06286,0.9999743963277796
1069.123125,0.9999739083403932
1069.18339,0.9999734203532451
1069.243655,0.9999731053616673
1069.30392,0.9999726173749109
1069.364185,0.9999719573932012
1069.42445,0.9999714694070051
1069.484715,0.9999707384281281
1069.54498,0.9999700064498155
1069.605245,0.9999692034742227
1069.66551,0.9999684724970022
1069.725775,0.9999677405203482
1069.78604,0.9999672525362099
1069.846305,0.999966592558041
1069.90657,0.999966277568614
1069.966835,0.999965861582729
1070.0271,0.9999653735995077
1070.087365,0.9999648856165244
1070.14763,0.9999643266363095
1070.207895,0.9999636666600717
1070.26816,0.9999631076805383
1070.328425,0.9999626196986608
1070.38869,0.9999622037142976
1070.448955,0.999961888726253
1070.50922,0.9999614727421938
1070.569485,0.9999612287516243
1070.62975,0.9999611567544184
1070.690015,0.9999609847611143
1070.75028,0.9999607407706638
1070.810545,0.9999604967802728
1070.87081,0.9999602527899413
1070.931075,0.9999600087996694
1070.99134,0.9999597658094168
1071.051605,0.9999594498221807
1071.11187,0.9999592058321047
1071.172135,0.9999590338391361
1071.2324,0.9999587898491616
1071.292665,0.9999585458592466
1071.35293,0.9999583018693912
1071.413195,0.9999582308723544
1071.47346,0.9999580588795534
1071.533725,0.9999578148898168
1071.59399,0.9999577428928567
1071.654255,0.9999574989031972
1071.71452,0.9999573269105222
1071.774785,0.9999570829209642
1071.83505,0.9999568389314657
1071.895315,0.9999565959419834
1071.95558,0.999956279955749
1072.015845,0.999955863974023
1072.07611,0.999955619984822
1072.136375,0.9999553759956805
1072.19664,0.9999551320065986
1072.256905,0.9999548890175309
1072.31717,0.999954573031836
1072.377435,0.9999541570508201
1072.4377,0.9999538410653565
1072.497965,0.999953425084645
1072.55823,0.9999531100993657
1072.618495,0.9999526941189585
1072.67876,0.9999523781339571
1072.739025,0.9999519621538543
1072.79929,0.9999516471690358
1072.859555,0.9999512311892371
1072.91982,0.9999509872011665
1072.980085,0.999950915204698
1073.04035,0.9999507432131554
1073.100615,0.9999504992252037
1073.16088,0.9999504272287705
1073.221145,0.9999502552373117
1073.28141,0.9999501832408959
1073.341675,0.9999500122494293
1073.40194,0.999949768261656
1073.462205,0.9999495242739423
1073.52247,0.9999492802862882
1073.582735,0.9999490362986936
1073.643,0.9999489643023656
1073.703265,0.9999487923111584
1073.76353,0.9999487923111584
1073.823795,0.9999487923111584
1073.88406,0.9999488643074741
1073.944325,0.9999490362986936
1074.00459,0.9999490362986936
1074.064855,0.9999492802862882
1074.12512,0.9999492802862882
1074.185385,0.9999492082899426
1074.24565,0.9999490362986936
1074.305915,0.9999490362986936
1074.36618,0.9999492802862882
1074.426445,0.9999492802862882
1074.48671,0.9999495242739423
1074.546975,0.999949768261656
1074.60724,0.999949768261656
1074.667505,0.999949768261656
1074.72777,0.999949768261656
1074.788035,0.9999495242739423
1074.8483,0.9999492802862882
1074.908565,0.9999489643023656
1074.96883,0.9999485483236829
1075.029095,0.9999480613488585
1075.08936,0.9999477453653209
1075.149625,0.9999473293871455
1075.20989,0.9999470854000269
1075.270155,0.9999468414129677
1075.33042,0.9999465254298158
1075.390685,0.9999460384559765
1075.45095,0.999945622478511
1075.511215,0.9999451355051114
1075.57148,0.9999448195224986
1075.631745,0.9999444035455402
1075.69201,0.9999439155727903
1075.752275,0.9999436715865047
1075.81254,0.999943428600222
1075.872805,0.9999433556043543
1075.93307,0.9999431846140552
1075.993335,0.9999429406279479
1076.0536,0.9999429406279479
1076.113865,0.9999429406279479
1076.17413,0.9999429406279479
1076.234395,0.9999429406279479
1076.29466,0.9999429406279479
1076.354925,0.9999431846140552
1076.41519,0.999943428600222
1076.475455,0.9999436715865047
1076.53572,0.9999439155727903
1076.595985,0.9999441595591355
1076.65625,0.9999444755415398
1076.716515,0.9999448915185282
1076.77678,0.9999452075011638
1076.837045,0.9999456954745441
1076.89731,0.9999461824482164
1076.957575,0.9999468414129677
1077.01784,0.9999473293871455
1077.078105,0.9999478893578067
1077.13837,0.9999485483236829
1077.198635,0.9999490362986936
1077.2589,0.9999495962703107
1077.319165,0.9999500842458328
1077.37943,0.9999505722215929
1077.439695,0.9999510591976402
1077.49996,0.9999514751773673
1077.560225,0.9999519621538543
1077.62049,0.9999522061421628
1077.680755,0.9999525221271098
1077.74102,0.9999529381074456
1077.801285,0.9999531820959923
1077.86155,0.9999531820959923
1077.921815,0.999953425084645
1077.98208,0.999953425084645
1078.042345,0.9999536690733105
1078.10261,0.9999536690733105
1078.162875,0.9999536690733105
1078.22314,0.9999539130620355
1078.283405,0.9999539130620355
1078.34367,0.9999539130620355
1078.403935,0.9999541570508201
1078.4642,0.9999541570508201
1078.524465,0.9999544010396642
1078.58473,0.9999546450285678
1078.644995,0.9999548890175309
1078.70526,0.9999551320065986
1078.765525,0.999955619984822
1078.82579,0.999955863974023
1078.886055,0.9999564239494637
1078.94632,0.9999569119283176
1079.006585,0.9999573269105222
1079.06685,0.9999578148898168
1079.127115,0.9999580588795534
1079.18738,0.9999585458592466
1079.247645,0.9999587898491616
1079.30791,0.9999590338391361
1079.368175,0.9999592778291702
1079.42844,0.9999595938163518
1079.488705,0.9999600087996694
1079.54897,0.9999602527899413
1079.609235,0.9999604967802728
1079.6695,0.9999604967802728
1079.729765,0.9999604967802728
1079.79003,0.9999605697773917
1079.850295,0.9999607407706638
1079.91056,0.9999604967802728
1079.970825,0.9999604967802728
1080.03109,0.9999604967802728
1080.091355,0.9999607407706638
1080.15162,0.9999607407706638
1080.211885,0.9999607407706638
1080.27215,0.9999609847611143
1080.332415,0.9999612287516243
1080.39268,0.9999612287516243
1080.452945,0.9999613007488354
1080.51321,0.9999612287516243
1080.573475,0.9999613007488354
1080.63374,0.9999614727421938
1080.694005,0.9999617157328613
1080.75427,0.9999619597235496
1080.814535,0.9999619597235496
1080.8748,0.9999619597235496
1080.935065,0.9999619597235496
1080.99533,0.9999619597235496
1081.055595,0.9999619597235496
1081.11586,0.9999619597235496
1081.176125,0.9999620327207754
1081.23639,0.9999622037142976
1081.296655,0.9999622037142976
1081.35692,0.9999625207023665
1081.417185,0.9999629356868986
1081.47745,0.9999634226689669
1081.537715,0.9999639106512362
1081.59798,0.9999643986337436
1081.658245,0.9999648856165244
1081.71851,0.9999652026054434
1081.778775,0.9999656175910886
1081.83904,0.999966105574429
1081.899305,0.999966592558041
1081.95957,0.9999673245338546
1082.019835,0.9999678845157132
1082.0801,0.9999685434947663
1082.140365,0.9999691044772765
1082.20063,0.9999697624571637
1082.260895,0.9999702504425269
1082.32116,0.9999707384281281
1082.381425,0.9999709824210181
1082.44169,0.9999709824210181
1082.501955,0.9999712264139675
1082.56222,0.9999714694070051
1082.622485,0.9999719573932012
1082.68275,0.999972274384362
1082.743015,0.999972933366308
1082.80328,0.9999734203532451
1082.863545,0.9999739813384912
1082.92381,0.9999744693259132
1082.984075,0.9999748833154292
1083.04434,0.9999753713032913
1083.104605,0.999975888290692
1083.16487,0.9999762952809613
1083.225135,0.9999766122734971
1083.2854,0.999976954265557
1083.345665,0.9999773752559434
1083.40593,0.9999778702448666
1083.466195,0.9999784242327602
1083.52646,0.999978904222519
1083.586725,0.9999792872145127
1083.64699,0.9999795802084868
1083.707255,0.9999798242035342
1083.76752,0.9999800431991396
1083.827785,0.9999802871942999
1083.88805,0.9999805311895198
1083.948315,0.9999808311837242
1084.00858,0.9999811721772457
1084.068845,0.999981514170865
1084.12911,0.9999818871640394
1084.189375,0.9999823501557603
1084.24964,0.9999828621468547
1084.309905,0.9999834061376797
1084.37017,0.9999839911281434
1084.430435,0.9999845761189493
1084.4907,0.9999851301105579
1084.550965,0.9999856741026166
1084.61123,0.9999862350947372
1084.671495,0.9999868200868558
1084.73176,0.999987356079935
1084.792025,0.999987837073969
1084.85229,0.9999882510690192
1084.912555,0.9999886580643202
1084.97282,0.9999890000604997
1085.033085,0.9999892850574054
1085.09335,0.9999894490556616
1085.153615,0.9999895140549779
1085.21388,0.9999894830553034
1085.274145,0.999989361056594
1085.33441,0.999989102059383
1085.394675,0.9999887290635174
1085.45494,0.9999882420691251
1085.515205,0.9999877220753743
1085.57547,0.9999871860820989
1085.635735,0.9999866000897796
1085.696,0.9999859660984761
1085.756265,0.9999854061064919
1085.81653,0.9999849251136272
1085.876795,0.9999844691206053
1085.93706,0.9999839981280313
1085.997325,0.9999835031360748
1086.05759,0.9999830301439896
1086.117855,0.9999826961497134
1086.17812,0.9999825091529666
1086.238385,0.9999824431541232
1086.29865,0.9999824431541232
1086.358915,0.9999825231527218
1086.41918,0.9999826771500423
1086.479445,0.9999829521453163
1086.53971,0.9999832941395445
1086.599975,0.999983660133497
1086.66024,0.9999840501272006
1086.720505,0.9999843911218198
1086.78077,0.9999847011170291
1086.841035,0.9999850011124845
1086.9013,0.999985342107428
1086.961565,0.9999857151020302
1087.02183,0.9999862030951782
1087.082095,0.9999867470878206
1087.14236,0.9999871950819836
1087.202625,0.9999874560786757
1087.26289,0.9999876680760388
1087.323155,0.9999879270728784
1087.38342,0.9999882440691015
1087.443685,0.9999884810663434
1087.50395,0.999988612064843
1087.564215,0.9999886680642068
1087.62448,0.9999887410633823
1087.684745,0.9999888630620162
1087.74501,0.9999889050615492
1087.805275,0.9999888490621722
1087.86554,0.9999886710641729
1087.925805,0.9999884590665971
1087.98607,0.9999881760699032
1088.046335,0.9999877780746883
1088.1066,0.9999872980806701
1088.166865,0.9999869390852945
1088.22713,0.9999867200881788
1088.287395,0.9999865000911246
1088.34766,0.9999861520958832
1088.407925,0.999985761101374
1088.46819,0.9999854521058217
1088.528455,0.999985288108221
1088.58872,0.9999851671100084
1088.648985,0.9999850451118255
1088.70925,0.9999850281120798
1088.769515,0.9999851641100529
1088.82978,0.9999854081064627
1088.890045,0.9999856451030326
1088.95031,0.9999858231004932
1089.010575,0.9999860180977477
1089.07084,0.9999862620943659
1089.131105,0.9999864810913812
1089.19137,0.999986644089191
1089.251635,0.9999867420878868
1089.3119,0.9999868710861849
1089.372165,0.9999870910833207
1089.43243,0.9999873030806066
1089.492695,0.9999874000793797
1089.55296,0.9999873610798719
1089.613225,0.9999871830821374
1089.67349,0.9999869320853859
1089.733755,0.9999865100909896
1089.79402,0.9999860220976918
1089.854285,0.9999855351046176
1089.91455,0.999985152110231
1089.974815,0.9999848671145033
1090.03508,0.9999846231182254
1090.095345,0.9999844031216326
1090.15561,0.999984208124693
1090.215875,0.9999840131277914
1090.27614,0.9999838251308146
1090.336405,0.9999836231341024
1090.39667,0.9999834111375967
1090.456935,0.9999832161408505
1090.5172,0.9999830771431931
1090.577465,0.9999830841430747
1090.63773,0.999983189141304
1090.697995,0.9999833771381613
1090.75826,0.9999836351339059
1090.818525,0.9999839771283676
1090.87879,0.9999843111230717
1090.939055,0.9999845721190109
1090.99932,0.9999847671160216
1091.059585,0.9999849621130702
1091.11985,0.9999851081108853
1091.180115,0.9999852301090759
1091.24038,0.9999853521072815
1091.300645,0.9999854741055019
1091.36091,0.9999855711040975
1091.421175,0.9999856931023446
1091.48144,0.9999858471001533
1091.541705,0.9999860100978596
1091.60197,0.9999861250962574
1091.662235,0.9999862540944758
1091.7225,0.9999864000924796
1091.782765,0.9999864910912462
1091.84303,0.9999865150909222
1091.903295,0.9999865470904912
1091.96356,0.9999866130896055
1092.023825,0.9999866370892845
1092.08409,0.9999866370892845
1092.144355,0.9999866690888574
1092.20462,0.9999867100883116
1092.264885,0.9999867030884048
1092.32515,0.9999866050897126
1092.385415,0.9999864590916789
1092.44568,0.9999863050937761
1092.505945,0.9999861170963684
1092.56621,0.9999859640985042
1092.626475,0.999985793100919
1092.68674,0.9999855741040542
1092.747005,0.9999853541072521
1092.80727,0.9999851911096527
1092.867535,0.9999850761113623
1092.9278,0.9999849711129348
1092.988065,0.9999848251151398
1093.04833,0.9999846301181179
1093.108595,0.999984428121243
1093.16886,0.999984208124693
1093.229125,0.9999840131277914
1093.28939,0.9999838981296365
1093.349655,0.9999838571302975
1093.40992,0.9999838571302975
1093.470185,0.9999838011312031
1093.53045,0.9999836471337096
1093.590715,0.9999834601367851
1093.65098,0.999983264140046
1093.711245,0.9999830381438539
1093.77151,0.9999827451488666
1093.831775,0.9999824211545097
1093.89204,0.9999820301614595
1093.952305,0.9999816651680851
1094.01257,0.9999813551738169
1094.072835,0.9999811431777921
1094.1331,0.9999809481814882
1094.193365,0.9999807211858387
1094.25363,0.9999804451911978
1094.313895,0.9999800801984019
1094.37416,0.9999796652067547
1094.434425,0.9999792822146163
1094.49469,0.9999790142202045
1094.554955,0.9999788192243158
1094.61522,0.9999785992289998
1094.675485,0.9999783242349228
1094.73575,0.9999780072418443
1094.796015,0.9999776482498041
1094.85628,0.9999773242570985
1094.916545,0.9999770312637855
1094.97681,0.9999767222709305
1095.037075,0.9999763492796827
1095.09734,0.9999758702911261
1095.157605,0.9999753713032913
1095.21787,0.9999748093172905
1095.278135,0.999974322329677
1095.3384,0.9999739083403932
1095.398665,0.9999734203532451
1095.45893,0.999973102361748
1095.519195,0.9999726893729419
1095.57946,0.9999722013863886
1095.639725,0.9999717134000734
1095.69999,0.9999712264139675
1095.760255,0.9999707384281281
1095.82052,0.9999701764447311
1095.880785,0.9999695194645409
1095.94105,0.9999689574818289
1096.001315,0.9999682995024713
1096.06158,0.999967737520445
1096.121845,0.9999672505362754
1096.18211,0.9999668365499194
1096.242375,0.9999665185605159
1096.30264,0.999966105574429
1096.362905,0.999965787585258
1096.42317,0.9999652996020727
1096.483435,0.9999648116191256
1096.5437,0.9999641546424601
1096.603965,0.9999635926627631
1096.66423,0.9999629356868986
1096.724495,0.9999624477051051
1096.78476,0.9999619597235496
1096.845025,0.9999617157328613
1096.90529,0.9999613977450862
1096.965555,0.9999609847611143
1097.02582,0.9999604967802728
1097.086085,0.9999600087996694
1097.14635,0.9999595218192636
1097.206615,0.9999590338391361
1097.26688,0.9999583018693912
1097.327145,0.9999577398929835
1097.38741,0.9999570089241427
1097.447675,0.9999562769558802
1097.50794,0.999955619984822
1097.568205,0.9999548890175309
1097.62847,0.9999543270430412
1097.688735,0.9999535950767418
1097.749,0.9999526941189585
1097.809265,0.9999518881574119
1097.86953,0.9999509872011665
1097.929795,0.9999501812409956
1097.99006,0.9999492062900441
1098.050325,0.9999482303400951
1098.11059,0.9999473293871455
1098.170855,0.9999462794430009
1098.23112,0.9999453044958536
1098.291385,0.9999440855632704
1098.35165,0.9999431096183191
1098.411915,0.9999418906884114
1098.47218,0.9999409157455433
1098.532445,0.9999396958183703
1098.59271,0.9999387208776421
1098.652975,0.9999377459378646
1098.71324,0.999936601009801
1098.773505,0.9999356250721546
1098.83377,0.9999346501353954
1098.894035,0.9999338441883923
1098.9543,0.9999328692533694
1099.014565,0.9999318933193653
1099.07483,0.9999306744031302
1099.135095,0.9999296984712683
1099.19536,0.9999287235402876
1099.255625,0.9999278226049135
1099.31589,0.9999270166634133
1099.376155,0.9999260417350473
1099.43642,0.9999253097894527
1099.496685,0.9999243348627509
1099.55695,0.9999234339313311
1099.617215,0.9999226279933681
1099.67748,0.9999216520693595
1099.737745,0.9999206771462239
1099.79801,0.9999197012241193
1099.858275,0.9999188012967931
1099.91854,0.9999178253765193
1099.978805,0.9999170194430769
1100.03907,0.9999162885040028
1100.099335,0.9999155565655475
1100.1596,0.9999148996212427
1100.219865,0.999914337669227
1100.28013,0.999913680725723
1100.340395,0.9999131177744792
1100.40066,0.9999126308169094
1100.460925,0.9999122178530782
1100.52119,0.9999117298960349
1100.581455,0.999911410924244
1100.64172,0.9999109979609165
1100.701985,0.9999107549825735
1100.76225,0.9999105110043791
1100.822515,0.9999102670262442
1100.88278,0.9999102670262442
1100.943045,0.9999100230481688
1101.00331,0.9999100230481688
1101.063575,0.9999100230481688
1101.12384,0.9999100230481688
1101.184105,0.9999097790701529
1101.24437,0.9999097790701529
1101.304635,0.9999095350921966
1101.3649,0.9999095350921966
1101.425165,0.9999092911142998
1101.48543,0.9999090481363716
1101.545695,0.9999089731431957
1101.60596,0.999908729165436
1101.666225,0.9999084851877359
1101.72649,0.9999082412100954
1101.786755,0.999907828248077
1101.84702,0.9999075102774382
1101.907285,0.9999070223226921
1101.96755,0.9999066093611773
1102.027815,0.999906121406871
1102.08808,0.9999058784297129
1102.148345,0.9999056344527084
1102.20861,0.9999056344527084
1102.268875,0.9999056344527084
1102.32914,0.9999056344527084
1102.389405,0.9999056344527084
1102.44967,0.9999056344527084
1102.509935,0.9999058784297129
1102.5702,0.9999059524227507
1102.630465,0.9999061963998328
1102.69073,0.9999063653839944
1102.750995,0.9999066093611773
1102.81126,0.9999070973157217
1102.871525,0.9999075842705967
1102.93179,0.9999080722256168
1102.992055,0.99990863517402
1103.05232,0.9999092911142998
1103.112585,0.9999097790701529
1103.17285,0.9999102670262442
1103.233115,0.9999105859976702
1103.29338,0.9999109979609165
1103.353645,0.9999114859176026
1103.41391,0.9999118048894174
1103.474175,0.9999122178530782
1103.53444,0.999912535825214
1103.594705,0.9999129487891766
1103.65497,0.9999135117403252
1103.715235,0.999914167683804
1103.7755,0.999914730635639
1103.835765,0.9999152185941466
1103.89603,0.9999156315592171
1103.956295,0.9999157055529766
1104.01656,0.9999158745387451
1104.076825,0.9999161185182482
1104.13709,0.9999161185182482
1104.197355,0.9999163624978109
1104.25762,0.9999163624978109
1104.317885,0.9999166064774332
1104.37815,0.9999166814711814
1104.438415,0.9999169254508815
1104.49868,0.999917169430641
1104.558945,0.999917338416657
1104.61921,0.999917338416657
1104.679475,0.999917338416657
1104.73974,0.999917338416657
1104.800005,0.999917338416657
1104.86027,0.9999175813965997
1104.920535,0.9999176563904212
1104.9808,0.9999180693564985
1105.041065,0.9999183133365372
1105.10133,0.9999185573166354
1105.161595,0.9999188012967931
1105.22186,0.999919288257368
1105.282125,0.9999197762180997
1105.34239,0.9999202641790695
1105.402655,0.9999205831536847
1105.46292,0.9999210701151273
1105.523185,0.9999215580767286
1105.58345,0.999922290019577
1105.643715,0.9999230209630381
1105.70398,0.9999239968883828
1105.764245,0.999924971814755
1105.82451,0.9999259467420779
1105.884775,0.9999269226702782
1105.94504,0.9999278975995031
1106.005305,0.9999291165123532
1106.06557,0.9999303364266194
1106.125835,0.9999317993257717
1106.1861,0.9999332622270642
1106.246365,0.999934725130497
1106.30663,0.99993618803607
1106.366895,0.9999376509437832
1106.42716,0.9999391138536367
1106.487425,0.9999405777655709
1106.54769,0.9999417966938782
1106.607955,0.9999430156236713
1106.66822,0.9999442345549502
1106.728485,0.9999454544876606
1106.78875,0.9999466734219126
1106.849015,0.9999478923576504
1106.90928,0.9999491112948741
1106.969545,0.999950574221494
1107.02981,0.9999517941619388
1107.090075,0.9999527691154133
1107.15034,0.9999537450697923
1107.210605,0.9999546450285678
1107.27087,0.999955451992292
1107.331135,0.999956426949333
1107.3914,0.9999574019073245
1107.451665,0.9999583778662251
1107.51193,0.9999595218192636
1107.572195,0.9999605717773128
1107.63246,0.9999615477393071
1107.692725,0.9999627666931767
1107.75299,0.9999637426573134
1107.813255,0.9999644736310764
1107.87352,0.9999653735995077
1107.933785,0.9999659365801714
1107.99405,0.999966668555505
1108.054315,0.9999673245338546
1108.11458,0.9999678875156168
1108.174845,0.9999686194923785
1108.23511,0.999969275472008
1108.295375,0.9999697624571637
1108.35564,0.9999700824475389
1108.415905,0.9999704944352977
1108.47617,0.9999708134259363
1108.536435,0.9999713014118123
1108.5967,0.9999717134000734
1108.656965,0.9999717893979265
1108.71723,0.9999719573932012
1108.777495,0.9999722763843065
1108.83776,0.9999726893729419
1108.898025,0.9999730083642807
1108.95829,0.9999734203532451
1109.018555,0.9999737403447908
1109.07882,0.9999739083403932
1109.139085,0.9999741523340566
1109.19935,0.9999743963277796
1109.259615,0.9999747153196629
1109.31988,0.9999751273093305
1109.380145,0.9999756152973117
1109.44041,0.9999757762933987
1109.500675,0.9999759392894635
1109.56094,0.9999761422845999
1109.621205,0.9999764422774875
1109.68147,0.9999767842694892
1109.741735,0.9999771012621801
1109.802,0.9999773862556945
1109.862265,0.9999775982509229
1109.92253,0.9999777202481973
1109.982795,0.9999777852467513
1110.04306,0.9999778102461963
1110.103325,0.999977834245664
1110.16359,0.9999778262458413
1110.223855,0.9999777532474626
1110.28412,0.9999776882489109
1110.344385,0.9999776882489109
1110.40465,0.999977768247129
1110.464915,0.9999779472431656
1110.52518,0.99997816623836
1110.585445,0.9999783612341214
1110.64571,0.9999785322304359
1110.705975,0.9999786632276322
1110.76624,0.9999787122265879
1110.826505,0.9999786872271204
1110.88677,0.9999786872271204
1110.947035,0.9999787682253973
1111.0073,0.9999789462216339
1111.067565,0.999979239215508
1111.12783,0.9999795962081602
1111.188095,0.9999800101997988
1111.24836,0.9999804171917457
1111.308625,0.9999807341855882
1111.36889,0.9999809951805939
1111.429155,0.9999812071765873
1111.48942,0.9999813531738542
1111.549685,0.9999814431721801
1111.60995,0.9999815401703848
1111.670215,0.9999816531683052
1111.73048,0.9999819211634241
1111.790745,0.9999823341560429
1111.85101,0.9999828711467005
1111.911275,0.9999834481369836
1111.97154,0.9999840341274558
1112.031805,0.9999846021185486
1112.09207,0.9999851551101865
1112.152335,0.9999855871038668
1112.2126,0.9999859280990101
1112.272865,0.9999861890953714
1112.33313,0.9999863760928063
1112.393395,0.9999864660915841
1112.45366,0.9999865150909222
1112.513925,0.9999865710901686
1112.57419,0.9999866200895118
1112.634455,0.9999866690888574
1112.69472,0.9999866610889641
1112.754985,0.9999865240908009
1112.81525,0.9999862560944484
1112.875515,0.9999859390988554
1112.93578,0.9999855901038236
1112.996045,0.999985217109268
1113.05631,0.9999848101153674
1113.116575,0.9999844681206209
1113.17684,0.999984208124693
1113.237105,0.9999841011263885
1113.29737,0.9999841571254997
1113.357635,0.9999843041231815
1113.4179,0.9999844741205277
1113.478165,0.9999846211182563
1113.53843,0.9999847911156563
1113.598695,0.9999849451133259
1113.65896,0.9999851161107661
1113.719225,0.9999853111078828
1113.77949,0.9999855551043285
1113.839755,0.999985774101189
1113.90002,0.9999859620985323
1113.960285,0.9999861080964934
1114.02055,0.9999862060951368
1114.080815,0.9999862790941325
1114.14108,0.9999863520931336
1114.201345,0.9999864170922486
1114.26161,0.9999864170922486
1114.321875,0.9999864170922486
1114.38214,0.9999864740914759
1114.442405,0.9999866200895118
1114.50267,0.9999868230868163
1114.562935,0.9999870100843696
1114.6232,0.999987157082471
1114.683465,0.9999872470813191
1114.74373,0.9999873270803021
1114.803995,0.99998747407845
1114.86426,0.9999876760759402
1114.924525,0.9999878960732531
1114.98479,0.9999881150706263
1115.045055,0.9999883350680359
1115.10532,0.999988522065872
1115.165585,0.9999885950650368
1115.22585,0.9999885880651166
1115.286115,0.9999885070660443
1115.34638,0.9999883290681059
1115.406645,0.9999880530713651
1115.46691,0.9999877600749085
1115.527175,0.9999874510787383
1115.58744,0.9999871830821374
1115.647705,0.9999869630849814
1115.70797,0.9999867440878604
1115.768235,0.9999865170908953
1115.8285,0.9999862240948887
1115.888765,0.9999859070993059
1115.94903,0.9999856461030182
1116.009295,0.9999854341060836
1116.06956,0.9999853131078534
1116.129825,0.9999852711084712
1116.19009,0.9999852961081033
1116.250355,0.9999854091064482
1116.31062,0.9999856041036219
1116.370885,0.99998585510004
1116.43115,0.9999861230962851
1116.491415,0.9999863840926974
1116.55168,0.9999866520890841
1116.611945,0.999986896085857
1116.67221,0.9999871720822784
1116.732475,0.9999874570786631
1116.79274,0.9999877330752394
1116.853005,0.9999880250717
1116.91327,0.9999883420679542
1116.973535,0.9999886520643884
1117.0338,0.999988920061383
1117.094065,0.9999891150592414
1117.15433,0.9999893030572127
1117.214595,0.9999894490556616
1117.27486,0.9999895780543089
1117.335125,0.9999897170528699
1117.39539,0.9999898150518669
1117.455655,0.9999899120508837
1117.51592,0.9999900021499788
1117.576185,0.9999900829491742
1117.63645,0.9999901484485268
1117.696715,0.9999901408486017
1117.75698,0.9999900433495678
1117.817245,0.9999898970510351
1117.87751,0.9999896870531788
1117.937775,0.9999893940562434
1117.99804,0.9999890850595684
1118.058305,0.9999888160625406
1118.11857,0.9999885730652879
1118.178835,0.9999883040683979
1118.2391,0.9999880600712815
1118.299365,0.9999878490738231
1118.35963,0.9999876700760142
1118.419895,0.9999875000781246
1118.48016,0.9999873120804923
1118.540425,0.9999870850833983
1118.60069,0.9999868090870009
1118.660955,0.9999865490904642
1118.72122,0.9999863610930108
1118.781485,0.9999862960938993
1118.84175,0.9999862960938993
1118.902015,0.9999863200935708
1118.96228,0.9999862960938993
1119.022545,0.9999861580958
1119.08281,0.9999859150991931
1119.143075,0.9999856711026597
1119.20334,0.9999854591057198
1119.263605,0.9999852241091646
1119.32387,0.9999848831142613
1119.384135,0.9999844361211184
1119.4444,0.9999839241292182
1119.504665,0.9999834121375801
1119.56493,0.999982924145794
1119.625195,0.9999824371542286
1119.68546,0.99998192416337
1119.745725,0.9999813641736491
1119.80599,0.999980771184876
1119.866255,0.9999801531969504
1119.92652,0.9999795272095704
1119.986785,0.9999790232200158
1120.04705,0.9999786402281232
1120.107315,0.999978299235465
1120.16758,0.9999779012441811
1120.227845,0.99997743825452
1120.28811,0.9999770232639692
1120.348375,0.999976665272259
1120.40864,0.9999764042783834
1120.468905,0.9999761922834082
1120.52917,0.9999760392870625
1120.589435,0.9999759002904026
1120.6497,0.9999758272921646
1120.709965,0.9999757292945384
1120.77023,0.9999756152973117
1120.830495,0.9999753713032913
1120.89076,0.9999751273093305
1120.951025,0.9999751273093305
1121.01129,0.9999748833154292
1121.071555,0.9999745633235178
1121.13182,0.999974319329754
1121.192085,0.9999739083403932
1121.25235,0.9999736643467894
1121.312615,0.9999734203532451
1121.37288,0.9999731763597602
1121.433145,0.999972933366308
1121.49341,0.9999724453796355
1121.553675,0.9999721243885321
1121.61394,0.9999717134000734
1121.674205,0.9999712264139675
1121.73447,0.9999707384281281
1121.794735,0.9999704944352977
1121.855,0.9999702504425269
1121.915265,0.9999700064498155
1121.97553,0.9999699304520979
1122.035795,0.9999697624571637
1122.09606,0.9999697624571637
1122.156325,0.9999695194645409
1122.21659,0.999969275472008
1122.276855,0.999968954481922
1122.33712,0.9999685434947663
1122.397385,0.9999680565102042
1122.45765,0.9999675685259116
1122.517915,0.9999672475363737
1122.57818,0.9999668365499194
1122.638445,0.9999663495661886
1122.69871,0.999965861582729
1122.758975,0.999965540593739
1122.81924,0.9999651296079862
1122.879505,0.9999646426250867
1122.93977,0.9999639106512362
1123.000035,0.9999631026807229
1123.0603,0.9999623707079995
1123.120565,0.9999616397357738
1123.18083,0.9999609077641214
1123.241095,0.9999602527899413
1123.30136,0.9999597658094168
1123.361625,0.9999592008323087
1123.42189,0.9999585458592466
1123.482155,0.9999579818827858
1123.54242,0.9999573269105222
1123.602685,0.9999567629347489
1123.66295,0.999955863974023
1123.723215,0.9999550560100113
1123.78348,0.9999541570508201
1123.843745,0.9999533490881877
1123.90401,0.999952617122604
1123.964275,0.9999518851575562
1124.02454,0.9999513981811067
1124.084805,0.9999507432131554
1124.14507,0.9999501782411451
1124.205335,0.9999495242739423
1124.2656,0.9999489593026207
1124.325865,0.9999483053362151
1124.38613,0.9999477403655823
1124.446395,0.9999470084041042
1124.50666,0.9999463544389746
1124.566925,0.9999457894694439
1124.62719,0.9999451355051114
1124.687455,0.9999446475320044
1124.74772,0.9999440825634381
1124.807985,0.9999435945908449
1124.86825,0.9999429406279479
1124.928515,0.999942375660346
1124.98878,0.9999414777124959
1125.049045,0.9999406687601676
1125.10931,0.9999396938184909
1125.169575,0.999938717877826
1125.22984,0.9999377429380513
1125.290105,0.9999367679992273
1125.35037,0.9999357920614179
1125.410635,0.9999348941194798
1125.4709,0.9999340851724777
1125.531165,0.99993311023722
1125.59143,0.9999321343029806
1125.651695,0.999931159369625
1125.71196,0.999930261431847
1125.772225,0.9999292855003881
1125.83249,0.9999282335753331
1125.892755,0.9999270136636322
1125.95302,0.9999260387352692
1126.013285,0.9999250638078567
1126.07355,0.9999240878814707
1126.133815,0.9999231899500429
1126.19408,0.9999223810125095
1126.254345,0.9999212391018024
1126.31461,0.9999201871852121
1126.374875,0.9999192112635857
1126.43514,0.9999182363428301
1126.495405,0.9999175044029489
1126.55567,0.9999167734635204
1126.615935,0.99991604152471
1126.6762,0.9999153105863509
1126.736465,0.999914655642037
1126.79673,0.9999140906904161
1126.856995,0.9999136037323725
1126.91726,0.9999131927679659
1126.977525,0.9999127048104468
1127.03779,0.9999122178530782
1127.098055,0.9999116529028347
1127.15832,0.9999109979609165
1127.218585,0.9999105110043791
1127.27885,0.9999099460551
1127.339115,0.9999094580991653
1127.39938,0.9999087261657099
1127.459645,0.9999079952326982
1127.51991,0.9999070973157217
1127.580175,0.9999062883912071
1127.64044,0.9999053134830512
1127.700705,0.9999043375759415
1127.76097,0.9999033626696876
1127.821235,0.999902386764482
1127.8815,0.9999011678842153
1127.941765,0.9999001929810519
1128.00203,0.9998989751033586
1128.062295,0.999898075194686
1128.12256,0.999897265277573
1128.182825,0.9998963653704392
1128.24309,0.999895635446359
1128.303355,0.9998950755049599
1128.36362,0.9998944155744278
1128.423885,0.9998939256262842
1128.48415,0.9998934456773151
1128.544415,0.9998929557296468
1128.60468,0.9998923857908245
1128.664945,0.9998919058425945
1128.72521,0.9998914958869971
1128.785475,0.9998911759217696
1128.84574,0.9998907559675639
1128.906005,0.9998905159938113
1128.96627,0.9998904360025732
1129.026535,0.9998900260475785
1129.0868,0.999889786074001
1129.147065,0.9998894661093207
1129.20733,0.9998888061824909
1129.267595,0.9998882462449161
1129.32786,0.9998875163267629
1129.388125,0.9998867864091423
1129.44839,0.9998860464931941
1129.508655,0.9998853965674751
1129.56892,0.9998848266329615
1129.629185,0.9998843466883599
1129.68945,0.9998838567451501
1129.749715,0.9998833668021804
1129.80998,0.9998827168782032
1129.870245,0.9998822269357919
1129.93051,0.9998817369936207
1129.990775,0.9998812470516897
1130.05104,0.9998807671088062
1130.111305,0.999880447147012
1130.17157,0.9998802771673504
1130.231835,0.9998802771673504
1130.2921,0.9998802771673504
1130.352365,0.9998805171386457
1130.41263,0.9998805171386457
1130.472895,0.9998807671088062
1130.53316,0.9998810070802191
1130.593425,0.9998812470516897
1130.65369,0.9998814970220327
1130.713955,0.9998817369936207
1130.77422,0.9998819869640863
1130.834485,0.9998823069263733
1130.89475,0.9998825468981557
1130.955015,0.9998827968688236
1131.01528,0.9998832068208544
1131.075545,0.9998834467928529
1131.13581,0.9998836867649089
1131.196075,0.9998836867649089
1131.25634,0.9998836867649089
1131.316605,0.9998836867649089
1131.37687,0.9998836867649089
1131.437135,0.9998834467928529
1131.4974,0.9998834467928529
1131.557665,0.9998832068208544
1131.61793,0.999882956850084
1131.678195,0.9998827168782032
1131.73846,0.9998826368875889
1131.798725,0.9998824669075551
1131.85899,0.999882396915785
1131.919255,0.9998822269357919
1131.97952,0.9998819869640863
1132.039785,0.9998817369936207
1132.10005,0.9998814970220327
1132.160315,0.9998812470516897
1132.22058,0.9998812470516897
1132.280845,0.9998812470516897
1132.34111,0.9998812470516897
1132.401375,0.9998814970220327
1132.46164,0.9998815770125556
1132.521905,0.9998818169841629
1132.58217,0.9998819869640863
1132.642435,0.9998822269357919
1132.7027,0.9998823069263733
1132.762965,0.9998824669075551
1132.82323,0.9998827168782032
1132.883495,0.999882956850084
1132.94376,0.9998834467928529
1133.004025,0.9998836867649089
1133.06429,0.9998840067277398
1133.124555,0.9998844966710232
1133.18482,0.9998849066237508
1133.245085,0.9998853965674751
1133.30535,0.9998857165308532
1133.365615,0.9998859665023137
1133.42588,0.999886126484081
1133.486145,0.999886126484081
1133.54641,0.999886126484081
1133.606675,0.9998863764556439
1133.66694,0.9998863764556439
1133.727205,0.9998863764556439
1133.78747,0.999886296464737
1133.847735,0.9998860464931941
1133.908,0.9998856365399991
1133.968265,0.9998853965674751
1134.02853,0.9998850766041995
1134.088795,0.9998846666514021
1134.14906,0.9998841767080354
1134.209325,0.9998836867649089
1134.26959,0.999882956850084
1134.329855,0.999882396915785
1134.39012,0.999881657003085
1134.450385,0.9998810070802191
1134.51065,0.9998802771673504
1134.570915,0.9998795472550145
1134.63118,0.9998787373529092
1134.691445,0.9998778374624505
1134.75171,0.9998770275617302
1134.811975,0.9998761276728103
1134.87224,0.9998753977635035
1134.932505,0.9998748378334376
1134.99277,0.9998740979263314
1135.053035,0.9998733680185063
1135.1133,0.9998723981418097
1135.173565,0.9998714982570563
1135.23383,0.9998706883614707
1135.294095,0.9998697184873735
1135.35436,0.9998687386155295
1135.414625,0.9998680087116166
1135.47489,0.9998671088308138
1135.535155,0.9998662989387836
1135.59542,0.9998655690366518
1135.655685,0.9998646691580446
1135.71595,0.9998638592679906
1135.776215,0.9998631293676398
1135.83648,0.9998621595008746
1135.896745,0.9998611796364385
1135.95701,0.9998599598065434
1136.017275,0.9998587399781366
1136.07754,0.9998575201512179
1136.137805,0.9998563003257874
1136.19807,0.9998553304656465
1136.258335,0.9998541106428874
1136.3186,0.9998528908216165
1136.378865,0.9998517509899707
1136.43913,0.9998506211581304
1136.499395,0.9998492313667329
1136.55966,0.9998477715879207
1136.619925,0.9998463118112398
1136.68019,0.9998450120118794
1136.740455,0.9998436222282786
1136.80072,0.9998421624576558
1136.860985,0.9998407026891643
1136.92125,0.999839482884251
1136.981515,0.9998380131212914
1137.04178,0.9998368033180275
1137.102045,0.9998353335590069
1137.16231,0.999834113760644
1137.222575,0.9998328939637693
1137.28284,0.9998316741683827
1137.343105,0.999830214415204
1137.40337,0.9998289946230866
1137.463635,0.99982753487382
1137.5239,0.9998263150849716
1137.584165,0.9998250952976112
1137.64443,0.999823875511739
1137.704695,0.999822655727355
1137.76496,0.999821435944459
1137.825225,0.9998202161630513
1137.88549,0.9998189963831317
1137.945755,0.9998175366484625
1138.00602,0.9998163168718118
1138.066285,0.9998148571410549
1138.12655,0.9998136373676731
1138.186815,0.9998121776408282
1138.24708,0.9998107079180073
1138.307345,0.9998094881496877
1138.36761,0.9998080284289006
1138.427875,0.99980680866385
1138.48814,0.9998055889002875
1138.548405,0.9998043691382131
1138.60867,0.9998031493776268
1138.668935,0.9998019296185287
1138.7292,0.9998007198589257
1138.789465,0.999799570088759
1138.84973,0.9997985202997615
1138.909995,0.9997975504956672
1138.97026,0.9997966506782766
1139.030525,0.9997958408433176
1139.09079,0.9997951109926202
1139.151055,0.9997942111774252
1139.21132,0.9997934013444421
1139.271585,0.9997926714955255
1139.33185,0.9997916916991876
1139.392115,0.9997908018849779
1139.45238,0.9997900620400583
1139.512645,0.999789252210436
1139.57291,0.9997885223645483
1139.633175,0.9997877925191934
1139.69344,0.999786892710585
1139.753705,0.9997860828835299
1139.81397,0.9997851130914999
1139.874235,0.999784213285303
1139.9345,0.9997834034604182
1139.994765,0.9997825036557599
1140.05503,0.99978169383226
1140.115295,0.9997810439743702
1140.17556,0.9997805540817787
1140.235825,0.9997800741872279
1140.29609,0.9997797442598578
1140.356355,0.9997793343502467
1140.41662,0.9997788544562815
1140.476885,0.9997785245293139
1140.53715,0.9997781246179841
1140.597415,0.9997781246179841
1140.65768,0.9997778746734841
1140.717945,0.9997781246179841
1140.77821,0.9997781246179841
1140.838475,0.9997783645647628
1140.89874,0.9997783645647628
1140.959005,0.9997783645647628
1141.01927,0.9997783645647628
1141.079535,0.9997781246179841
1141.1398,0.9997780446357373
1141.200065,0.999777634726823
1141.26033,0.9997773847824456
1141.320595,0.9997771448359021
1141.38086,0.9997769048894161
1141.441125,0.9997769048894161
1141.50139,0.999776654945221
1141.561655,0.9997765749630919
1141.62192,0.9997761650547802
1141.682185,0.9997759251085293
1141.74245,0.9997756851623362
1141.802715,0.999775435218446
1141.86298,0.999775435218446
1141.923245,0.9997755152004841
1141.98351,0.9997759251085293
1142.043775,0.9997761650547802
1142.10404,0.999776654945221
1142.164305,0.9997772248180768
1142.22457,0.9997778746734841
1142.284835,0.9997783645647628
1142.3451,0.9997786844938906
1142.405365,0.9997790944032353
1142.46563,0.9997794143325966
1142.525895,0.9997798242422405
1142.58616,0.9997800741872279
1142.646425,0.9997805540817787
1142.70669,0.9997810439743702
1142.766955,0.9997813639043555
1142.82722,0.9997817738147987
1142.887485,0.9997817738147987
1142.94775,0.99978169383226
1143.008015,0.9997814538846823
1143.06828,0.9997810439743702
1143.128545,0.9997808040269485
1143.18881,0.9997805540817787
1143.249075,0.9997805540817787
1143.30934,0.9997805540817787
1143.369605,0.9997803141344744
1143.42987,0.9997803941169028
1143.490135,0.9997805540817787
1143.5504,0.9997808040269485
1143.610665,0.9997811239568569
1143.67093,0.9997815338672018
1143.731195,0.9997815338672018
1143.79146,0.9997815338672018
1143.851725,0.9997817738147987
1143.91199,0.9997821037428385
1143.972255,0.9997825836383635
1144.03252,0.9997832434950864
1144.092785,0.9997837233911585
1144.15305,0.999784213285303
1144.213315,0.9997845332163023
1144.27358,0.9997850231108437
1144.333845,0.9997854330227872
1144.39411,0.9997859229177694
1144.454375,0.9997864128129916
1144.51464,0.9997866527617595
1144.574905,0.999786892710585
1144.63517,0.999786892710585
1144.695435,0.9997871426573394
1144.7557,0.999787222640314
1144.815965,0.9997876325531593
1144.87623,0.9997878725022199
1144.936495,0.9997881124513381
1144.99676,0.9997880324682923
1145.057025,0.9997878725022199
1145.11729,0.9997876325531593
1145.177555,0.9997873826062824
1145.23782,0.9997870626743712
1145.298085,0.9997866527617595
1145.35835,0.9997860828835299
1145.418615,0.9997856029863252
1145.47888,0.9997848631452528
1145.539145,0.9997843832486336
1145.59941,0.9997837233911585
1145.659675,0.9997831635124301
1145.71994,0.9997825036557599
1145.780205,0.9997817738147987
1145.84047,0.9997809639918899
1145.900735,0.9997799942048251
1145.961,0.9997792643656958
1146.021265,0.9997785245293139
1146.08153,0.9997778746734841
1146.141795,0.9997773847824456
1146.20206,0.9997769048894161
1146.262325,0.9997763350167427
1146.32259,0.9997756851623362
1146.382855,0.9997749553263523
1146.44312,0.9997742154931591
1146.503385,0.9997734056763725
1146.56365,0.9997724358966394
1146.623915,0.9997714561201323
1146.68418,0.9997704863422903
1146.744445,0.9997695065676937
1146.80471,0.9997683668311058
1146.864975,0.9997673170748718
1146.92524,0.9997663373033812
1146.985505,0.9997651975704063
1147.04577,0.9997641478175
1147.106035,0.9997626781652829
1147.1663,0.9997614584555595
1147.226565,0.999759918824099
1147.28683,0.9997582892167595
1147.347095,0.9997569995293982
1147.40736,0.9997561797289948
1147.467625,0.9997537403268922
1147.52789,0.9997537403268922
1147.588155,0.9997513009307419
1147.64842,0.9997513009307419
1147.708685,0.9997488615405438
1147.76895,0.9997488615405438
1147.829215,0.9997464221562976
1147.88948,0.9997464221562976
1147.949745,0.9997439927754435
1148.01001,0.9997439927754435
1148.070275,0.9997415534030771
1148.13054,0.9997407636075619
1148.190805,0.9997391140366628
1148.25107,0.9997391140366628
1148.311335,0.9997366746762006
1148.3716,0.9997366746762006
1148.431865,0.9997342353216905
1148.49213,0.9997342353216905
1148.552395,0.9997317959731322
1148.61266,0.9997310061853254
1148.672925,0.9997293666278196
1148.73319,0.9997269272911411
1148.793455,0.9997269272911411
1148.85372,0.9997244879604145
1148.913985,0.9997220486356398
1148.97425,0.9997220486356398
1149.034515,0.9997196093168171
1149.09478,0.9997171700039464
1149.155045,0.999716380227694
1149.21531,0.9997147306970275
1149.275575,0.9997123013931836
1149.33584,0.999709862098144
1149.396105,0.9997074228090566
1149.45637,0.9997049835259207
1149.516635,0.999702544248737
1149.5769,0.9997017544840389
1149.637165,0.9996993152147339
1149.69743,0.9996976657122246
1149.757695,0.9996952364498485
1149.81796,0.9996927971964474
1149.878225,0.9996903579489982
1149.93849,0.9996879187075006
1149.998755,0.9996854794719549
1150.05902,0.9996830402423608
1150.119285,0.9996806110155245
1150.17955,0.9996781717978095
1150.239815,0.9996757325860461
1150.30008,0.99967493284578
1150.360345,0.9996724936419197
1150.42061,0.9996708541803745
1150.480875,0.9996684149864661
1150.54114,0.9996659757985094
1150.601405,0.9996635466131396
1150.66167,0.9996611074370616
1150.721935,0.9996586682669353
1150.7822,0.9996578685403206
1150.842465,0.9996562291027605
1150.90273,0.9996537899445372
1150.962995,0.9996513507922655
1151.02326,0.9996489116459454
1151.083525,0.9996464825020415
1151.14379,0.9996456827851754
1151.204055,0.9996440433675999
1151.26432,0.9996416042391099
1151.324585,0.9996408045261463
1151.38485,0.9996391651165712
1151.445115,0.9996367259999841
1151.50538,0.9996367259999841
1151.565645,0.9996342868893484
1151.62591,0.9996334971785736
1151.686175,0.9996318477846641
1151.74644,0.9996294186822253
1151.806705,0.9996294186822253
1151.86697,0.9996269795894194
1151.927235,0.9996269795894194
1151.9875,0.9996245405025649
1152.047765,0.9996245405025649
1152.10803,0.9996221014216617
1152.168295,0.9996221014216617
1152.22856,0.99961966234671
1152.288825,0.9996188726474886
1152.34909,0.9996172232777095
1152.409355,0.9996147942108082
1152.46962,0.9996139945192928
1152.529885,0.9996123551536861
1152.59015,0.999609916102515
1152.650415,0.999609916102515
1152.71068,0.9996074770572955
1152.770945,0.9996066773716337
1152.83121,0.999605038018027
1152.891475,0.9996025989847099
1152.95174,0.9996025989847099
1153.012005,0.999600159957344
1153.07227,0.9995993702735295
1153.132535,0.9995977309319065
1153.1928,0.9995969312540417
1153.253065,0.9995952919164187
1153.31333,0.999594492240505
1153.373595,0.999592852906882
1153.43386,0.999592852906882
1153.494125,0.9995904139032965
1153.55439,0.9995904139032965
1153.614655,0.9995896142312852
1153.67492,0.9995879749056622
1153.735185,0.9995879749056622
1153.79545,0.9995879749056622
1153.855715,0.9995855359139789
1153.91598,0.9995855359139789
1153.976245,0.9995855359139789
1154.03651,0.9995855359139789
1154.096775,0.9995830969282469
1154.15704,0.9995830969282469
1154.217305,0.9995830969282469
1154.27757,0.9995830969282469
1154.337835,0.9995830969282469
1154.3981,0.9995830969282469
1154.458365,0.9995830969282469
1154.51863,0.9995830969282469
1154.578895,0.9995830969282469
1154.63916,0.9995806679442726
1154.699425,0.9995806679442726
1154.75969,0.9995806679442726
1154.819955,0.9995806679442726
1154.88022,0.9995806679442726
1154.940485,0.9995782289704184
1155.00075,0.9995782289704184
1155.061015,0.9995782289704184
1155.12128,0.9995782289704184
1155.181545,0.9995774293081551
1155.24181,0.9995757900025152
1155.302075,0.9995757900025152
1155.36234,0.9995757900025152
1155.422605,0.9995733510405631
1155.48287,0.9995733510405631
1155.543135,0.9995733510405631
1155.6034,0.9995733510405631
1155.663665,0.9995733510405631
1155.72393,0.9995709120845621
1155.784195,0.9995709120845621
1155.84446,0.9995709120845621
1155.904725,0.9995733510405631
1155.96499,0.9995733510405631
1156.025255,0.9995733510405631
1156.08552,0.9995733510405631
1156.145785,0.9995733510405631
1156.20605,0.9995733510405631
1156.266315,0.9995741506995638
1156.32658,0.9995757900025152
1156.386845,0.9995757900025152
1156.44711,0.9995757900025152
1156.507375,0.9995782289704184
1156.56764,0.9995782289704184
1156.627905,0.9995790286333214
1156.68817,0.9995806679442726
1156.748435,0.9995806679442726
1156.8087,0.9995806679442726
1156.868965,0.9995830969282469
1156.92923,0.9995830969282469
1156.989495,0.9995839065908834
1157.04976,0.9995855359139789
1157.110025,0.9995855359139789
1157.17029,0.9995879749056622
1157.230555,0.9995879749056622
1157.29082,0.9995879749056622
1157.351085,0.9995904139032965
1157.41135,0.9995904139032965
1157.471615,0.999592852906882
1157.53188,0.999592852906882
1157.592145,0.9995952919164187
1157.65241,0.9995952919164187
1157.712675,0.9995977309319065
1157.77294,0.999600159957344
1157.833205,0.999600159957344
1157.89347,0.9996025989847099
1157.953735,0.999603408663143
1158.014,0.999605038018027
1158.074265,0.9996074770572955
1158.13453,0.9996074770572955
1158.194795,0.999609916102515
1158.25506,0.9996123551536861
1158.315325,0.9996123551536861
1158.37559,0.9996147942108082
1158.435855,0.9996155939029635
1158.49612,0.9996172232777095
1158.556385,0.99961966234671
1158.61665,0.99961966234671
1158.676915,0.9996221014216617
1158.73718,0.9996221014216617
1158.797445,0.9996245405025649
1158.85771,0.9996245405025649
1158.917975,0.9996269795894194
1158.97824,0.9996269795894194
1159.038505,0.9996294186822253
1159.09877,0.9996302183860801
1159.159035,0.9996318477846641
1159.2193,0.9996342868893484
1159.279565,0.9996342868893484
1159.33983,0.9996367259999841
1159.400095,0.9996375357060601
1159.46036,0.9996391651165712
1159.520625,0.9996416042391099
1159.58089,0.9996416042391099
1159.641155,0.9996440433675999
1159.70142,0.9996464825020415
1159.761685,0.9996464825020415
1159.82195,0.9996489116459454
1159.882215,0.9996513507922655
1159.94248,0.9996513507922655
1160.002745,0.9996537899445372
1160.06301,0.9996562291027605
1160.123275,0.9996586682669353
1160.18354,0.9996594679941898
1160.243805,0.9996611074370616
1160.30407,0.9996635466131396
1160.364335,0.9996659757985094
1160.4246,0.9996659757985094
1160.484865,0.9996684149864661
1160.54513,0.9996708541803745
1160.605395,0.9996732933802345
1160.66566,0.9996757325860461
1160.725925,0.9996765323269521
1160.78619,0.9996781717978095
1160.846455,0.9996806110155245
1160.90672,0.9996830402423608
1160.966985,0.9996854794719549
1161.02725,0.9996862892175211
1161.087515,0.9996879187075006
1161.14778,0.9996903579489982
1161.208045,0.9996927971964474
1161.26831,0.9996952364498485
1161.328575,0.9996960362063575
1161.38884,0.9996984754676618
1161.449105,0.9997009147349178
1161.50937,0.999702544248737
1161.569635,0.9997049835259207
1161.6299,0.9997074228090566
1161.690165,0.999709862098144
1161.75043,0.9997123013931836
1161.810695,0.9997147306970275
1161.87096,0.9997171700039464
1161.931225,0.9997196093168171
1161.99149,0.9997220486356398
1162.051755,0.9997244879604145
1162.11202,0.9997269272911411
1162.172285,0.9997293666278196
1162.23255,0.9997317959731322
1162.292815,0.9997342353216905
1162.35308,0.9997366746762006
1162.413345,0.9997391140366628
1162.47361,0.9997415534030771
1162.533875,0.9997439927754435
1162.59414,0.9997464221562976
1162.654405,0.9997488615405438
1162.71467,0.9997513009307419
1162.774935,0.9997537403268922
1162.8352,0.9997561797289948
1162.895465,0.9997573194516892
1162.95573,0.9997595089226163
1163.015995,0.9997619483387942
1163.07626,0.9997641378198585
1163.136525,0.9997665772473309
1163.19679,0.9997687767362203
1163.257055,0.9997708862505648
1163.31732,0.9997729157875238
1163.377585,0.9997748653466104
1163.43785,0.9997769848715716
1163.498115,0.9997791743855661
1163.55838,0.99978120393935
1163.618645,0.9997834034604182
1163.67891,0.9997855929884693
1163.739175,0.9997880324682923
1163.79944,0.9997904719540678
1163.859705,0.9997929914292316
1163.91997,0.9997955908943886
1163.980235,0.9997980303986066
1164.0405,0.9998004699087769
1164.100765,0.9998029094248998
1164.16103,0.9998053389489215
1164.221295,0.9998077784769248
1164.28156,0.9998102180108805
1164.341825,0.9998127375358045
1164.40209,0.9998153370523014
1164.462355,0.9998177766047001
1164.52262,0.9998202161630513
1164.582885,0.9998228956848212
1164.64315,0.9998255752137721
1164.703415,0.9998280147911519
1164.76368,0.999830214415204
1164.823945,0.9998321640860232
1164.88421,0.9998343537208602
1164.944475,0.9998363033997508
1165.00474,0.9998382530824433
1165.065005,0.9998403727417867
1165.12527,0.9998424024198036
1165.185535,0.9998443521143893
1165.2458,0.9998464617881979
1165.306065,0.9998485014770604
1165.36633,0.9998503711955063
1165.426595,0.9998523209056311
1165.48686,0.9998540206560215
1165.547125,0.9998557304078587
1165.60739,0.9998574401626195
1165.667655,0.999859149920304
1165.72792,0.9998608496823037
1165.788185,0.9998626394348265
1165.84845,0.9998645091797104
1165.908715,0.9998662989387836
1165.96898,0.9998681686905109
1166.029245,0.9998698684678424
1166.08951,0.9998716582365088
1166.149775,0.9998732880286401
1166.21004,0.9998748278346893
1166.270305,0.999876457631987
1166.33057,0.9998781674221914
1166.390835,0.9998798672165208
1166.4511,0.9998815770125556
1166.511365,0.9998832868115142
1166.57163,0.9998849866145466
1166.631895,0.9998865364374769
1166.69216,0.9998881562549781
1166.752425,0.9998898660651871
1166.81269,0.9998914058967665
1166.872955,0.9998930357210865
1166.93322,0.9998944955659843
1166.993485,0.999895715438013
1167.05375,0.9998971852857951
1167.114015,0.9998986451367512
1167.17428,0.999900106989639
1167.234545,0.9999015698445657
1167.29481,0.999902789725225
1167.355075,0.9999040086074685
1167.41534,0.9999052274911979
1167.475605,0.9999062033991762
1167.53587,0.9999071783081999
1167.596135,0.999908153218174
1167.6564,0.9999090481363716
1167.716665,0.9999098600628483
1167.77693,0.9999105919971337
1167.837195,0.9999113229320437
1167.89746,0.9999120548673999
1167.957725,0.9999127048104468
1168.01799,0.9999132737609377
1168.078255,0.9999139247046909
1168.13852,0.9999144116628907
1168.198785,0.9999148996212427
1168.25905,0.9999153875798328
1168.319315,0.9999158745387451
1168.37958,0.9999163624978109
1168.439845,0.9999168504571149
1168.50011,0.999917338416657
1168.560375,0.9999176633898448
1168.62064,0.9999180693564985
1168.680905,0.9999185573166354
1168.74117,0.9999190442770914
1168.801435,0.999919532237704
1168.8617,0.9999198572116048
1168.921965,0.9999202641790695
1168.98223,0.9999205081596438
1169.042495,0.9999208331338617
1169.10276,0.9999212391018024
1169.163025,0.9999214830826145
1169.22329,0.9999217270634861
1169.283555,0.9999219710444174
1169.34382,0.999922215025408
1169.404085,0.999922215025408
1169.46435,0.9999224580065358
1169.524615,0.9999227019876453
1169.58488,0.9999229459688144
1169.645145,0.9999229459688144
1169.70541,0.9999229459688144
1169.765675,0.9999229459688144
1169.82594,0.9999229459688144
1169.886205,0.9999229459688144
1169.94647,0.9999229459688144
1170.006735,0.9999229459688144
1170.067,0.9999229459688144
1170.127265,0.9999229459688144
1170.18753,0.9999229459688144
1170.247795,0.9999229459688144
1170.30806,0.999922864975059
1170.368325,0.9999227019876453
1170.42859,0.9999226209939097
1170.488855,0.9999224580065358
1170.54912,0.999922215025408
1170.609385,0.999922215025408
1170.66965,0.999922215025408
1170.729915,0.999922215025408
1170.79018,0.999922215025408
1170.850445,0.999922215025408
1170.91071,0.999922215025408
1170.970975,0.999922215025408
1171.03124,0.999922215025408
1171.091505,0.999922215025408
1171.15177,0.999922215025408
1171.212035,0.999922215025408
1171.2723,0.9999224580065358
1171.332565,0.9999224580065358
1171.39283,0.9999225400001808
1171.453095,0.9999227019876453
1171.51336,0.9999227019876453
1171.573625,0.9999227019876453
1171.63389,0.9999224580065358
1171.694155,0.9999224580065358
1171.75442,0.999922215025408
1171.814685,0.999922215025408
1171.87495,0.999922215025408
1171.935215,0.999922215025408
1171.99548,0.999922215025408
1172.055745,0.999922215025408
1172.11601,0.999922215025408
1172.176275,0.999922215025408
1172.23654,0.999922215025408
1172.296805,0.999922215025408
1172.35707,0.999922215025408
1172.417335,0.9999219710444174
1172.4776,0.9999219710444174
1172.537865,0.9999220520381003
1172.59813,0.999922215025408
1172.658395,0.999922215025408
1172.71866,0.999922215025408
1172.778925,0.9999219710444174
1172.83919,0.999921889050819
1172.899455,0.9999217270634861
1172.95972,0.9999214830826145
1173.019985,0.9999212391018024
1173.08025,0.9999209951210498
1173.140515,0.9999206701467792
1173.20078,0.9999202641790695
1173.261045,0.9999197762180997
1173.32131,0.999919288257368
1173.381575,0.9999188012967931
1173.44184,0.9999184753233171
1173.502105,0.9999179873632201
1173.56237,0.9999175004032789
1173.622635,0.9999170124436578
1173.6829,0.9999165244842748
1173.743165,0.9999158745387451
1173.80343,0.9999153875798328
1173.863695,0.9999148176282243
1173.92396,0.9999143306698267
1173.984225,0.999913680725723
1174.04449,0.9999131107750874
1174.104755,0.9999127048104468
1174.16502,0.9999122178530782
1174.225285,0.9999119738745268
1174.28555,0.9999116479032764
1174.345815,0.9999114039248641
1174.40608,0.9999109979609165
1174.466345,0.9999107549825735
1174.52661,0.9999105110043791
1174.586875,0.9999102670262442
1174.64714,0.9999100230481688
1174.707405,0.9999100230481688
1174.76767,0.9999097790701529
1174.827935,0.9999097790701529
1174.8882,0.9999097790701529
1174.948465,0.9999095350921966
1175.00873,0.9999095350921966
1175.068995,0.9999092911142998
1175.12926,0.9999090481363716
1175.189525,0.9999085601808752
1175.24979,0.9999082342107376
1175.310055,0.9999077462556384
1175.37032,0.9999070973157217
1175.430585,0.9999065273688387
1175.49085,0.9999060394145723
1175.551115,0.9999053904757633
1175.61138,0.9999048205298532
1175.671645,0.9999041715918353
1175.73191,0.9999034396622496
1175.792175,0.9999028697174513
1175.85244,0.9999021387887208
1175.912705,0.999901406860623
1175.97297,0.9999007579248206
1176.033235,0.999900187981551
1176.0935,0.9998997050298768
1176.153765,0.9998992150791414
1176.21403,0.9998985651448629
1176.274295,0.999898075194686
1176.33456,0.9998977452283756
1176.394825,0.999897265277573
1176.45509,0.9998967753280331
1176.515355,0.9998963653704392
1176.57562,0.9998958854202991
1176.635885,0.9998953954714352
1176.69615,0.9998949055228115
1176.756415,0.9998944155744278
1176.81668,0.9998938456347733
1176.876945,0.9998934456773151
1176.93721,0.9998929557296468
1176.997475,0.9998924657822186
1177.05774,0.9998919758350303
1177.118005,0.9998914958869971
1177.17827,0.9998912459141543
1177.238535,0.9998909259490069
1177.2988,0.9998905159938113
1177.359065,0.9998901860299955
1177.41933,0.9998899460563796
1177.479595,0.9998895461004812
1177.53986,0.9998892961281259
1177.600125,0.9998889761636023
1177.66039,0.9998885662092062
1177.720655,0.9998884862181241
1177.78092,0.9998882362460337
1177.841185,0.9998880762639287
1177.90145,0.9998878362908192
1177.961715,0.9998875863188914
1178.02198,0.9998873463458995
1178.082245,0.9998870163831296
1178.14251,0.999886616428403
1178.202775,0.9998862864658741
1178.26304,0.9998858865114395
1178.323305,0.9998853965674751
1178.38357,0.9998850666053487
1178.443835,0.9998846666514021
1178.5041,0.9998841767080354
1178.564365,0.9998839367358618
1178.62463,0.9998836067742172
1178.684895,0.9998832068208544
1178.74516,0.9998827168782032
1178.805425,0.9998822269357919
1178.86569,0.9998817369936207
1178.925955,0.9998811670611931
1178.98622,0.9998805171386457
1179.046485,0.9998800371961126
1179.10675,0.9998794672646539
1179.167015,0.999878977323835
1179.22728,0.9998784873832561
1179.287545,0.9998779974429174
1179.34781,0.9998775075028187
1179.408075,0.9998770275617302
1179.46834,0.9998763776418735
1179.528605,0.9998758077125007
1179.58887,0.9998751577934369
1179.649135,0.9998744278848382
1179.7094,0.9998738579565767
1179.769665,0.9998732080387802
1179.82993,0.9998727181010283
1179.890195,0.9998721481737415
1179.95046,0.9998714982570563
1180.010725,0.9998709283304648
1180.07099,0.9998702784145725
1180.131255,0.9998695485095358
1180.19152,0.9998689785840555
1180.251785,0.9998682486799676
1180.31205,0.9998675987658171
1180.372315,0.9998670288414483
1180.43258,0.9998663789280907
1180.492845,0.9998658889936851
1180.55311,0.9998655690366518
1180.613375,0.9998651590918526
1180.67364,0.9998646691580446
1180.733905,0.9998644291905529
1180.79417,0.9998643492014017
1180.854435,0.9998640992353457
1180.9147,0.9998639392571026
1180.974965,0.9998636992897859
1181.03523,0.9998636992897859
1181.095495,0.9998636992897859
1181.15576,0.9998636992897859
1181.216025,0.9998634493238924
1181.27629,0.9998634493238924
1181.336555,0.9998634493238924
1181.39682,0.9998632093566934
1181.457085,0.9998632093566934
1181.51735,0.9998629693895519
1181.577615,0.9998628794018887
1181.63788,0.9998624794568169
1181.698145,0.9998621495022532
1181.75841,0.9998617495574733
1181.818675,0.9998612596253361
1181.87894,0.9998609296711748
1181.939205,0.999860529726883
1181.99947,0.9998601997729626
1182.059735,0.9998597998289627
1182.12,0.9998597098415848
1182.180265,0.9998595498640439
1182.24053,0.9998595498640439
1182.300795,0.9998595498640439
1182.36106,0.9998593098977808
1182.421325,0.9998593098977808
1182.48159,0.9998590599329845
1182.541855,0.9998590599329845
1182.60212,0.9998593098977808
1182.662385,0.9998595498640439
1182.72265,0.9998598798177498
1182.782915,0.999860529726883
1182.84318,0.9998610096600524
1182.903445,0.9998614995920672
1182.96371,0.9998617495574733
1183.023975,0.9998620695132844
1183.08424,0.999862319478833
1183.144505,0.9998624794568169
1183.20477,0.9998624794568169
1183.265035,0.9998627194238408
1183.3253,0.9998627194238408
1183.385565,0.9998627194238408
1183.44583,0.9998627194238408
1183.506095,0.9998627194238408
1183.56636,0.9998627194238408
1183.626625,0.9998624794568169
1183.68689,0.9998622294912283
1183.747155,0.9998616595699199
1183.80742,0.9998611796364385
1183.867685,0.9998606897045805
1183.92795,0.9998602797617818
1183.988215,0.9998600397953434
1184.04848,0.9998597098415848
1184.108745,0.9998593098977808
1184.16901,0.9998590599329845
1184.229275,0.999858819966839
1184.28954,0.999858580000751
1184.349805,0.9998583300361372
1184.41007,0.9998583300361372
1184.470335,0.9998580900701668
1184.5306,0.9998578401056756
1184.590865,0.9998578401056756
1184.65113,0.9998576001398227
1184.711395,0.9998576001398227
1184.77166,0.9998575201512179
1184.831925,0.9998572701868691
1184.89219,0.999856870244041
1184.952455,0.9998563803142946
1185.01272,0.9998558903847883
1185.072985,0.9998553204670932
1185.13325,0.9998548405366545
1185.193515,0.9998541906312195
1185.25378,0.9998537007027861
1185.314045,0.9998533707511192
1185.37431,0.9998528808230877
1185.434575,0.99985240089382
1185.49484,0.9998519909544197
1185.555105,0.9998515010270642
1185.61537,0.9998510210984588
1185.675635,0.9998505311715785
1185.7359,0.9998502912074798
1185.796165,0.9998500412449383
1185.85643,0.9998498012809572
1185.916695,0.9998498012809572
1185.97696,0.9998500412449383
1186.037225,0.9998500412449383
1186.09749,0.9998502912074798
1186.157755,0.9998505311715785
1186.21802,0.9998507711357348
1186.278285,0.9998508611223083
1186.33855,0.9998510210984588
1186.398815,0.9998510210984588
1186.45908,0.9998510210984588
1186.519345,0.9998511010865437
1186.57961,0.9998512610627327
1186.639875,0.9998512610627327
1186.70014,0.9998513410508368
1186.760405,0.9998515010270642
1186.82067,0.9998515010270642
1186.880935,0.9998515910137034
1186.9412,0.9998517509899707
1187.001465,0.9998517509899707
1187.06173,0.9998516710018338
1187.121995,0.9998515010270642
1187.18226,0.9998514210389473
1187.242525,0.9998512610627327
1187.30279,0.9998510210984588
1187.363055,0.9998510210984588
1187.42332,0.9998510210984588
1187.483585,0.9998510210984588
1187.54385,0.9998511010865437
1187.604115,0.9998512610627327
1187.66438,0.9998512610627327
1187.724645,0.9998515010270642
1187.78491,0.9998517509899707
1187.845175,0.9998517509899707
1187.90544,0.9998517509899707
1187.965705,0.9998517509899707
1188.02597,0.9998519909544197
1188.086235,0.9998519909544197
1188.1465,0.9998522409174487
1188.206765,0.9998524808820153
1188.26703,0.9998527208466396
1188.327295,0.9998529708098509
1188.38756,0.9998532107745928
1188.447825,0.9998532107745928
1188.50809,0.9998534607379267
1188.568355,0.9998532107745928
1188.62862,0.9998532107745928
1188.688885,0.9998529708098509
1188.74915,0.9998529708098509
1188.809415,0.9998529708098509
1188.86968,0.9998527208466396
1188.929945,0.9998526408584251
1188.99021,0.9998524808820153
1189.050475,0.9998522409174487
1189.11074,0.9998519909544197
1189.171005,0.9998519109662636
1189.23127,0.9998516710018338
1189.291535,0.9998514210389473
1189.3518,0.9998510210984588
1189.412065,0.9998506911476763
1189.47233,0.9998502912074798
1189.532595,0.9998500412449383
1189.59286,0.9998498012809572
1189.653125,0.9998494713305772
1189.71339,0.9998490713908686
1189.773655,0.9998488214286321
1189.83392,0.9998485014770604
1189.894185,0.9998483315028296
1189.95445,0.9998480915392588
1190.014715,0.9998480915392588
1190.07498,0.9998478515757456
1190.135245,0.9998478515757456
1190.19551,0.999847601613814
1190.255775,0.999847601613814
1190.31604,0.999847601613814
1190.376305,0.9998476916001022
1190.43657,0.9998478515757456
1190.496835,0.9998480915392588
1190.5571,0.9998483315028296
1190.617365,0.9998486614528335
1190.67763,0.9998490713908686
1190.737895,0.9998493913426227
1190.79816,0.9998498012809572
1190.858425,0.9998498012809572
1190.91869,0.9998500412449383
1190.978955,0.9998500412449383
1191.03922,0.9998498012809572
1191.099485,0.9998498012809572
1191.15975,0.9998495513185381
1191.220015,0.9998495513185381
1191.28028,0.9998493113546746
1191.340545,0.9998490713908686
1191.40081,0.9998487414407295
1191.461075,0.9998483315028296
1191.52134,0.9998480115514147
1191.581605,0.999847601613814
1191.64187,0.9998471216870805
1191.702135,0.9998467917375847
1191.7624,0.9998463818004841
1191.822665,0.9998460618496932
1191.88293,0.9998456519128919
1191.943195,0.9998453219638811
1192.00346,0.9998448420382418
1192.063725,0.9998444321019406
1192.12399,0.9998441921393056
1192.184255,0.9998438621907767
1192.24452,0.9998434622533118
1192.304785,0.9998432122924775
1192.36505,0.9998427323678508
1192.425315,0.999842482407199
1192.48558,0.9998419924845026
1192.545845,0.9998415125604614
1192.60611,0.9998411826128166
1192.666375,0.9998406926907573
1192.72664,0.9998402027689378
1192.786905,0.9998397228457557
1192.84717,0.9998393129115534
1192.907435,0.9998390729501471
1192.9677,0.99983882299041
1193.027965,0.99983882299041
1193.08823,0.9998385830291213
1193.148495,0.9998383430678902
1193.20876,0.9998383430678902
1193.269025,0.9998380931083357
1193.32929,0.9998380931083357
1193.389555,0.9998380931083357
1193.44982,0.9998380931083357
1193.510085,0.9998380931083357
1193.57035,0.9998378531472222
1193.630615,0.9998378531472222
1193.69088,0.9998378531472222
1193.751145,0.9998378531472222
1193.81141,0.9998378531472222
1193.871675,0.9998377731601971
1193.93194,0.9998376131861662
1193.992205,0.9998376131861662
1194.05247,0.9998376131861662
1194.112735,0.9998373632267942
1194.173,0.9998373632267942
1194.233265,0.9998373632267942
1194.29353,0.9998373632267942
1194.353795,0.9998373632267942
1194.41406,0.9998373632267942
1194.474325,0.9998373632267942
1194.53459,0.9998376131861662
1194.594855,0.9998376131861662
1194.65512,0.9998376131861662
1194.715385,0.9998376131861662
1194.77565,0.9998376131861662
1194.835915,0.9998373632267942
1194.89618,0.9998372832398082
1194.956445,0.9998368733066062
1195.01671,0.9998366333457854
1195.076975,0.9998363033997508
1195.13724,0.9998359034653095
1195.197505,0.9998354135458368
1195.25777,0.9998348436398135
1195.318035,0.999834113760644
1195.3783,0.9998334638686813
1195.438565,0.999832644005577
1195.49883,0.9998317541549199
1195.559095,0.999830944291527
1195.61936,0.9998299644576817
1195.679625,0.9998289946230866
1195.73989,0.9998281047756773
1195.800155,0.9998272849169676
1195.86042,0.999826555043316
1195.920685,0.9998259051562665
1195.98095,0.9998253352556629
1196.041215,0.9998246053834345
1196.10148,0.999823875511739
1196.161745,0.9998233855981601
1196.22201,0.9998228956848212
1196.282275,0.9998224957557429
1196.34254,0.99982200584284
1196.402805,0.9998217558873698
1196.46307,0.9998212759730422
1196.523335,0.9998210260177544
1196.5836,0.9998207060750772
1196.643865,0.9998202961486717
1196.70413,0.9998200561918295
1196.764395,0.9998198062368467
1196.82466,0.9998194862945599
1196.884925,0.9998190763686545
1196.94519,0.999818836412105
1197.005455,0.9998183465009952
1197.06572,0.9998180165609953
1197.125985,0.9998176166338687
1197.18625,0.9998171267233565
1197.246515,0.9998165568277567
1197.30678,0.9998160669177639
1197.367045,0.9998154170375316
1197.42731,0.9998149371262466
1197.487575,0.9998144472170475
1197.54784,0.999813877322975
1197.608105,0.999813387414295
1197.66837,0.9998128975058553
1197.728635,0.9998124075976556
1197.7889,0.9998117677179195
1197.849165,0.9998111978253742
1197.90943,0.9998105479483069
1197.969695,0.999809978056457
1198.02996,0.9998094881496877
1198.090225,0.9998088382737317
1198.15049,0.9998082683828563
1198.210755,0.9998076185076931
1198.27102,0.9998070486175129
1198.331285,0.9998063187586338
1198.39155,0.9998054289314061
1198.451815,0.9998046090912905
1198.51208,0.9998038792341922
1198.572345,0.9998028994268707
1198.63261,0.9998021695710205
1198.692875,0.9998011997633864
1198.75314,0.9998002199586907
1198.813405,0.9997992501529477
1198.87367,0.9997982703501627
1198.933935,0.999797050597017
1198.9942,0.9997960807943482
1199.054465,0.9997948610438736
1199.11473,0.9997936412948872
1199.174995,0.9997924215473889
1199.23526,0.9997912018013787
1199.295525,0.9997902220064809
1199.35579,0.999789252210436
1199.416055,0.9997882724174489
1199.47632,0.9997873826062824
1199.536585,0.9997865727788305
1199.59685,0.9997854330227872
1199.657115,0.9997843732507898
1199.71738,0.9997834034604182
1199.777645,0.99978218372541
1199.83791,0.9997809639918899
1199.898175,0.9997799842070253
1199.95844,0.9997787644761885
1200.018705,0.9997777946912574
1200.07897,0.9997768149094987
1200.139235,0.9997756851623362
1200.1995,0.9997746254006715
1200.259765,0.9997734056763725
1200.32003,0.9997721859535617
1200.380295,0.9997709662322388
1200.44056,0.9997695065676937
1200.500825,0.9997682868496397
1200.56109,0.9997670671330738
1200.621355,0.9997655974765653
1200.68162,0.9997643877609242
1200.741885,0.9997631680491151
1200.80215,0.9997619483387942
1200.862415,0.9997608086108227
1200.92268,0.9997597488649272
1200.982945,0.9997587790984412
1201.04321,0.9997575593934748
1201.103475,0.9997565796315466
1201.16374,0.9997561797289948
1201.224005,0.9997537403268922
1201.28427,0.9997537403268922
1201.344535,0.9997513009307419
1201.4048,0.9997513009307419
1201.465065,0.9997488615405438
1201.52533,0.9997488615405438
1201.585595,0.9997464221562976
1201.64586,0.9997464221562976
1201.706125,0.9997439927754435
1201.76639,0.9997439927754435
1201.826655,0.9997415534030771
1201.88692,0.9997407036231178
1201.947185,0.9997391140366628
1202.00745,0.9997366746762006
1202.067715,0.9997358348977466
1202.12798,0.9997342353216905
1202.188245,0.9997317959731322
1202.24851,0.9997317959731322
1202.308775,0.9997293666278196
1202.36904,0.9997269272911411
1202.429305,0.9997269272911411
1202.48957,0.9997244879604145
1202.549835,0.9997236381949609
1202.6101,0.9997220486356398
1202.670365,0.9997196093168171
1202.73063,0.9997171700039464
1202.790895,0.9997171700039464
1202.85116,0.9997147306970275
1202.911425,0.9997123013931836
1202.97169,0.999709862098144
1203.031955,0.9997090123451224
1203.09222,0.9997074228090566
1203.152485,0.9997049835259207
1203.21275,0.999702544248737
1203.273015,0.9997001049775048
1203.33328,0.9996976657122246
1203.393545,0.9996952364498485
1203.45381,0.9996927971964474
1203.514075,0.9996903579489982
1203.57434,0.9996879187075006
1203.634605,0.9996854794719549
1203.69487,0.9996830402423608
1203.755135,0.9996822005089597
1203.8154,0.9996797612873662
1203.875665,0.9996781717978095
1203.93593,0.9996757325860461
1203.996195,0.9996732933802345
1204.05646,0.9996708541803745
1204.116725,0.9996684149864661
1204.17699,0.9996659757985094
1204.237255,0.9996651360794423
1204.29752,0.9996635466131396
1204.357785,0.9996611074370616
1204.41805,0.9996586682669353
1204.478315,0.9996562291027605
1204.53858,0.9996553793953269
1204.598845,0.9996537899445372
1204.65911,0.9996513507922655
1204.719375,0.9996489116459454
1204.77964,0.9996464825020415
1204.839905,0.9996456328028925
1204.90017,0.9996440433675999
1204.960435,0.9996416042391099
1205.0207,0.9996391651165712
1205.080965,0.9996367259999841
1205.14123,0.9996342868893484
1205.201495,0.9996318477846641
1205.26176,0.9996294186822253
1205.322025,0.9996269795894194
1205.38229,0.9996245405025649
1205.442555,0.9996221014216617
1205.50282,0.99961966234671
1205.563085,0.9996172232777095
1205.62335,0.9996147942108082
1205.683615,0.9996123551536861
1205.74388,0.9996090664344475
1205.804145,0.999605038018027
1205.86441,0.9996025989847099
1205.924675,0.999600159957344
1205.98494,0.9995977309319065
1206.045205,0.9995952919164187
1206.10547,0.999592852906882
1206.165735,0.9995904139032965
1206.226,0.9995879749056622
1206.286265,0.9995855359139789
1206.34653,0.9995822572787981
1206.406795,0.9995782289704184
1206.46706,0.9995757900025152
1206.527325,0.9995733510405631
1206.58759,0.9995709120845621
1206.647855,0.9995684731345121
1206.70812,0.9995660441860736
1206.768385,0.9995627556191979
1206.82865,0.9995587273894097
1206.888915,0.9995562884690903
1206.94918,0.9995538495547219
1207.009445,0.9995514106463045
1207.06971,0.9995481321230544
1207.129975,0.9995441039521986
1207.19024,0.9995416650675605
1207.250505,0.9995392261888731
1207.31077,0.9995367873161367
1207.371035,0.9995343484493511
1207.4313,0.9995319195838354
1207.491565,0.9995286311292294
1207.55183,0.9995261922823448
1207.612095,0.9995237534414111
1207.67236,0.9995213146064281
1207.732625,0.9995197253688013
1207.79289,0.9995172965388197
1207.853155,0.9995148577195915
1207.91342,0.999512418906314
1207.973685,0.9995099800989872
1208.03395,0.9995075412976111
1208.094215,0.9995051025021857
1208.15448,0.9995026637127109
1208.214745,0.999500234924189
1208.27501,0.9994977961465912
1208.335275,0.9994969465738255
1208.39554,0.9994945078042512
1208.455805,0.9994920690406274
1208.51607,0.9994896302829542
1208.576335,0.9994871915312317
1208.6366,0.9994847527854596
1208.696865,0.999482314045638
1208.75713,0.9994782961348115
1208.817395,0.9994758574107443
1208.87766,0.9994734186926274
1208.937925,0.999470979980461
1208.99819,0.9994685412742451
1209.058455,0.9994661125686407
1209.11872,0.9994636738743012
1209.178985,0.9994612351859121
1209.23925,0.9994587965034735
1209.299515,0.9994563578269853
1209.35978,0.999453069620977
1209.420045,0.9994490518277129
1209.48031,0.9994466131750017
1209.540575,0.9994441745282406
1209.60084,0.99944173588743
1209.661105,0.9994392972525695
1209.72137,0.9994368586236594
1209.781635,0.9994344299950437
1209.8419,0.9994319913780096
1209.902165,0.9994295527669258
1209.96243,0.9994271141617921
1210.022695,0.9994238260519954
1210.08296,0.999421387460835
1210.143225,0.9994173697949329
1210.20349,0.9994149312195256
1210.263755,0.9994124926500686
1210.32402,0.9994100540865616
1210.384285,0.9994076155290046
1210.44455,0.9994051769773977
1210.504815,0.9994027484257684
1210.56508,0.9994003098860372
1210.625345,0.9993978713522561
1210.68561,0.999395432824425
1210.745875,0.9993929943025439
1210.80614,0.9993905557866128
1210.866405,0.9993881172766317
1210.92667,0.9993848292951346
1210.986935,0.999382390799126
1211.0472,0.9993799523090675
1211.107465,0.999377523818734
1211.16773,0.9993734963354284
1211.227995,0.9993710578670723
1211.28826,0.9993686293983522
1211.348525,0.9993661909418714
1211.40879,0.9993637524913405
1211.469055,0.9993613140467592
1211.52932,0.9993588756081279
1211.589585,0.9993564371754463
1211.64985,0.9993555877228357
1211.710115,0.9993539987487144
1211.77038,0.9993515703214481
1211.830645,0.9993491319065914
1211.89091,0.9993466934976843
1211.951175,0.999344255094727
1212.01144,0.9993434056524713
1212.071705,0.9993418166977195
1212.13197,0.9993393783066615
1212.192235,0.9993369499149227
1212.2525,0.9993369499149227
1212.312765,0.9993345115357398
1212.37303,0.9993320731625065
1212.433295,0.9993296347952227
1212.49356,0.9993287753721064
1212.553825,0.9993271964338887
1212.61409,0.9993247580785042
1212.674355,0.9993223197290693
1212.73462,0.9993198913787827
1212.794885,0.9993174530412225
1212.85515,0.9993150147096119
1212.915415,0.9993150147096119
1212.97568,0.9993125763839508
1213.035945,0.9993101380642392
1213.09621,0.9993076997504771
1213.156475,0.9993052614426644
1213.21674,0.9993044120335531
1213.277005,0.9993028331338294
1213.33727,0.9993003948378913
1213.397535,0.9992979565479027
1213.4578,0.9992955182638633
1213.518065,0.9992955182638633
1213.57833,0.9992930799857735
1213.638595,0.999290641713633
1213.69886,0.999290641713633
1213.759125,0.999288213440324
1213.81939,0.9992857751800579
1213.879655,0.9992833369257411
1213.93992,0.9992833369257411
1214.000185,0.9992808986773737
1214.06045,0.9992784604349556
1214.120715,0.9992760221984868
1214.18098,0.9992751728142288
1214.241245,0.9992735839679673
1214.30151,0.9992711557361085
1214.361775,0.9992702963632841
1214.42204,0.9992687175174632
1214.482305,0.999266279304767
1214.54257,0.999266279304767
1214.602835,0.9992638410980201
1214.6631,0.9992614028972224
1214.723365,0.9992605435327855
1214.78363,0.999258964702374
1214.843895,0.9992565265134747
1214.90416,0.9992565265134747
1214.964425,0.9992540983230656
1215.02469,0.9992532389649105
1215.084955,0.9992516601460402
1215.14522,0.999250800789982
1215.205485,0.999249221974964
1215.26575,0.999246783809837
1215.326015,0.999246783809837
1215.38628,0.999244345650659
1215.446545,0.9992434863008913
1215.50681,0.9992419074974301
1215.567075,0.9992394693501504
1215.62734,0.9992394693501504
1215.687605,0.9992370412011901
1215.74787,0.9992370412011901
1215.808135,0.9992361818577042
1215.8684,0.999234603065784
1215.928665,0.999234603065784
1215.98893,0.9992321649363272
1216.049195,0.9992321649363272
1216.10946,0.9992297268128192
1216.169725,0.9992297268128192
1216.22999,0.9992288674756237
1216.290255,0.9992272886952602
1216.35052,0.9992272886952602
1216.410785,0.9992264293601615
1216.47105,0.9992248505836504
1216.531315,0.9992248505836504
1216.59158,0.9992248505836504
1216.651845,0.9992224224702136
1216.71211,0.9992224224702136
1216.772375,0.9992224224702136
1216.83264,0.9992199843704772
1216.892905,0.9992199843704772
1216.95317,0.9992199843704772
1217.013435,0.9992175462766899
1217.0737,0.9992175462766899
1217.133965,0.9992175462766899
1217.19423,0.9992151081888514
1217.254495,0.9992151081888514
1217.31476,0.9992126701069619
1217.375025,0.9992126701069619
1217.43529,0.9992126701069619
1217.495555,0.9992102320310213
1217.55582,0.9992102320310213
1217.616085,0.9992077939610295
1217.67635,0.9992077939610295
1217.736615,0.9992053658890404
1217.79688,0.9992053658890404
1217.857145,0.999202927830922
1217.91741,0.999202927830922
1217.977675,0.9992004897787525
1218.03794,0.9992004897787525
1218.098205,0.9992004897787525
1218.15847,0.999198051732532
1218.218735,0.999198051732532
1218.279,0.9991971924225769
1218.339265,0.9991956136922601
1218.39953,0.9991956136922601
1218.459795,0.9991931756579371
1218.52006,0.9991931756579371
1218.580325,0.9991931756579371
1218.64059,0.9991907376295629
1218.700855,0.9991907376295629
1218.76112,0.9991907376295629
1218.821385,0.9991883095990205
1218.88165,0.9991883095990205
1218.941915,0.9991874403055693
1219.00218,0.9991858715825195
1219.062445,0.9991858715825195
1219.12271,0.9991834335719672
1219.182975,0.9991834335719672
1219.24324,0.9991834335719672
1219.303505,0.9991809955673636
1219.36377,0.9991809955673636
1219.424035,0.9991809955673636
1219.4843,0.9991809955673636
1219.544565,0.9991785575687088
1219.60483,0.9991785575687088
1219.665095,0.9991785575687088
1219.72536,0.9991785575687088
1219.785625,0.9991785575687088
1219.84589,0.9991785575687088
1219.906155,0.9991785575687088
1219.96642,0.9991761195760027
1220.026685,0.9991761195760027
1220.08695,0.9991761195760027
1220.147215,0.9991761195760027
1220.20748,0.9991761195760027
1220.267745,0.9991761195760027
1220.32801,0.9991761195760027
1220.388275,0.9991761195760027
1220.44854,0.9991761195760027
1220.508805,0.9991761195760027
1220.56907,0.9991761195760027
1220.629335,0.9991761195760027
1220.6896,0.9991761195760027
1220.749865,0.9991761195760027
1220.81013,0.9991761195760027
1220.870395,0.9991761195760027
1220.93066,0.9991761195760027
1220.990925,0.9991761195760027
1221.05119,0.9991761195760027
1221.111455,0.9991761195760027
1221.17172,0.9991785575687088
1221.231985,0.9991785575687088
1221.29225,0.9991785575687088
1221.352515,0.9991785575687088
1221.41278,0.9991785575687088
1221.473045,0.9991809955673636
1221.53331,0.9991809955673636
1221.593575,0.9991809955673636
1221.65384,0.9991834335719672
1221.714105,0.9991834335719672
1221.77437,0.9991842928700896
1221.834635,0.9991858715825195
1221.8949,0.9991858715825195
1221.955165,0.9991883095990205
1222.01543,0.9991883095990205
1222.075695,0.9991907376295629
1222.13596,0.9991907376295629
1222.196225,0.9991931756579371
1222.25649,0.9991931756579371
1222.316755,0.9991956136922601
1222.37702,0.9991956136922601
1222.437285,0.999198051732532
1222.49755,0.9992004897787525
1222.557815,0.9992004897787525
1222.61808,0.999202927830922
1222.678345,0.999202927830922
1222.73861,0.9992053658890404
1222.798875,0.9992053658890404
1222.85914,0.9992077939610295
1222.919405,0.9992086632721885
1222.97967,0.9992102320310213
1223.039935,0.9992126701069619
1223.1002,0.9992126701069619
1223.160465,0.9992151081888514
1223.22073,0.9992175462766899
1223.280995,0.9992175462766899
1223.34126,0.9992199843704772
1223.401525,0.9992208437000333
1223.46179,0.9992224224702136
1223.522055,0.9992248505836504
1223.58232,0.9992257199096485
1223.642585,0.9992272886952602
1223.70285,0.9992297268128192
1223.763115,0.9992321649363272
1223.82338,0.9992321649363272
1223.883645,0.999234603065784
1223.94391,0.9992370412011901
1224.004175,0.9992394693501504
1224.06444,0.999240338688867
1224.124705,0.9992419074974301
1224.18497,0.999244345650659
1224.245235,0.999246783809837
1224.3055,0.999249221974964
1224.365765,0.9992516601460402
1224.42603,0.9992540983230656
1224.486295,0.9992565265134747
1224.54656,0.999258964702374
1224.606825,0.9992614028972224
1224.66709,0.9992638410980201
1224.727355,0.999266279304767
1224.78762,0.9992687175174632
1224.847885,0.9992711557361085
1224.90815,0.9992735839679673
1224.968415,0.9992760221984868
1225.02868,0.9992784604349556
1225.088945,0.9992808986773737
1225.14921,0.9992833369257411
1225.209475,0.9992857751800579
1225.26974,0.999288213440324
1225.330005,0.999290641713633
1225.39027,0.9992930799857735
1225.450535,0.9992963876513424
1225.5108,0.9993003948378913
1225.571065,0.9993028331338294
1225.63133,0.9993052614426644
1225.691595,0.9993076997504771
1225.75186,0.9993110074644375
1225.812125,0.9993150147096119
1225.87239,0.9993174530412225
1225.932655,0.9993207507942589
1225.99292,0.9993247580785042
1226.053185,0.9993271964338887
1226.11345,0.9993296347952227
1226.173715,0.9993329425817883
1226.23398,0.9993369499149227
1226.294245,0.9993393783066615
1226.35451,0.9993426861254782
1226.414775,0.9993466934976843
1226.47504,0.9993491319065914
1226.535305,0.9993515703214481
1226.59557,0.9993539987487144
1226.655835,0.9993573066159248
1226.7161,0.9993613140467592
1226.776365,0.9993637524913405
1226.83663,0.9993661909418714
1226.896895,0.9993686293983522
1226.95716,0.9993710578670723
1227.017425,0.9993734963354284
1227.07769,0.9993768042671759
1227.137955,0.9993792427495533
1227.19822,0.9993832502683517
1227.258485,0.9993856887664574
1227.31875,0.9993881172766317
1227.379015,0.9993905557866128
1227.43928,0.9993929943025439
1227.499545,0.999395432824425
1227.55981,0.9993978713522561
1227.620075,0.9994003098860372
1227.68034,0.9994027484257684
1227.740605,0.99940604646028
1227.80087,0.9994084850140084
1227.861135,0.9994124926500686
1227.9214,0.9994149312195256
1227.981665,0.9994173697949329
1228.04193,0.9994197983820923
1228.102195,0.9994222369693754
1228.16246,0.9994255450624546
1228.222725,0.9994295527669258
1228.28299,0.9994319913780096
1228.343255,0.9994344299950437
1228.40352,0.9994368586236594
1228.463785,0.9994392972525695
1228.52405,0.9994426054021184
1228.584315,0.9994466131750017
1228.64458,0.9994490518277129
1228.704845,0.9994514904863746
1228.76511,0.9994539191564473
1228.825375,0.9994563578269853
1228.88564,0.9994596660330047
1228.945905,0.999462104717565
1229.00617,0.9994661125686407
1229.066435,0.9994685412742451
1229.1267,0.999470979980461
1229.186965,0.9994734186926274
1229.24723,0.9994758574107443
1229.307495,0.9994782961348115
1229.36776,0.9994791656813075
1229.428025,0.999481604413447
1229.48829,0.9994831736007977
1229.548555,0.9994856023478605
1229.60882,0.9994880410957055
1229.669085,0.999490479849501
1229.72935,0.9994929186092472
1229.789615,0.9994937881684646
1229.84988,0.9994953573749439
1229.910145,0.9994977961465912
1229.97041,0.999500234924189
1230.030675,0.999500234924189
1230.09094,0.9995026637127109
1230.151205,0.9995051025021857
1230.21147,0.9995051025021857
1230.271735,0.9995075412976111
1230.332,0.9995075412976111
1230.392265,0.9995099800989872
1230.45253,0.9995108496730482
1230.512795,0.999512418906314
1230.57306,0.9995148577195915
1230.633325,0.9995148577195915
1230.69359,0.9995172965388197
1230.753855,0.9995172965388197
1230.81412,0.9995197253688013
1230.874385,0.9995197253688013
1230.93465,0.9995221641999066
1230.994915,0.9995221641999066
1231.05518,0.9995246030369626
1231.115445,0.9995246030369626
1231.17571,0.9995254726237455
1231.235975,0.9995270418799694
1231.29624,0.9995279114688741
1231.356505,0.999529480728927
1231.41677,0.999529480728927
1231.477035,0.9995319195838354
1231.5373,0.9995319195838354
1231.597565,0.9995319195838354
1231.65783,0.9995319195838354
1231.718095,0.9995343484493511
1231.77836,0.9995343484493511
1231.838625,0.9995343484493511
1231.89889,0.9995367873161367
1231.959155,0.9995367873161367
1232.01942,0.9995367873161367
1232.079685,0.9995367873161367
1232.13995,0.9995367873161367
1232.200215,0.9995367873161367
1232.26048,0.9995367873161367
1232.320745,0.9995367873161367
1232.38101,0.9995392261888731
1232.441275,0.9995392261888731
1232.50154,0.9995392261888731
1232.561805,0.9995392261888731
1232.62207,0.9995392261888731
1232.682335,0.9995392261888731
1232.7426,0.9995392261888731
1232.802865,0.9995392261888731
1232.86313,0.9995392261888731
1232.923395,0.9995392261888731
1232.98366,0.9995392261888731
1233.043925,0.9995392261888731
1233.10419,0.9995392261888731
1233.164455,0.9995392261888731
1233.22472,0.9995367873161367
1233.284985,0.9995367873161367
1233.34525,0.9995367873161367
1233.405515,0.9995367873161367
1233.46578,0.9995343484493511
1233.526045,0.9995343484493511
1233.58631,0.9995319195838354
1233.646575,0.9995319195838354
1233.70684,0.9995319195838354
1233.767105,0.999529480728927
1233.82737,0.999529480728927
1233.887635,0.9995270418799694
1233.9479,0.9995270418799694
1234.008165,0.9995270418799694
1234.06843,0.9995246030369626
1234.128695,0.9995246030369626
1234.18896,0.9995221641999066
1234.249225,0.9995221641999066
1234.30949,0.9995197253688013
1234.369755,0.9995197253688013
1234.43002,0.9995172965388197
1234.490285,0.9995172965388197
1234.55055,0.9995172965388197
1234.610815,0.9995148577195915
1234.67108,0.9995148577195915
1234.731345,0.999512418906314
1234.79161,0.999512418906314
1234.851875,0.9995099800989872
1234.91214,0.9995099800989872
1234.972405,0.9995075412976111
1235.03267,0.9995075412976111
1235.092935,0.9995051025021857
1235.1532,0.9995026637127109
1235.213465,0.9995026637127109
1235.27373,0.999500234924189
1235.333995,0.9994977961465912
1235.39426,0.9994977961465912
1235.454525,0.9994953573749439
1235.51479,0.9994929186092472
1235.575055,0.999490479849501
1235.63532,0.9994880410957055
1235.695585,0.9994856023478605
1235.75585,0.9994831736007977
1235.816115,0.9994807348648294
1235.87638,0.9994782961348115
1235.936645,0.9994758574107443
1235.99691,0.9994734186926274
1236.057175,0.999470979980461
1236.11744,0.9994676717369925
1236.177705,0.9994636738743012
1236.23797,0.9994612351859121
1236.298235,0.9994587965034735
1236.3585,0.9994563578269853
1236.418765,0.9994539191564473
1236.47903,0.99945061096945
1236.539295,0.9994466131750017
1236.59956,0.9994441745282406
1236.659825,0.99944173588743
1236.72009,0.9994392972525695
1236.780355,0.9994368586236594
1236.84062,0.9994335504931323
1236.900885,0.9994295527669258
1236.96115,0.9994271141617921
1237.021415,0.9994246755626086
1237.08168,0.9994213574781938
1237.141945,0.9994173697949329
1237.20221,0.9994149312195256
1237.262475,0.9994124926500686
1237.32274,0.9994091746061009
1237.383005,0.9994051769773977
1237.44327,0.9994027484257684
1237.503535,0.9993978713522561
1237.5638,0.999395432824425
1237.624065,0.9993921148370959
1237.68433,0.9993881172766317
1237.744595,0.9993848093074382
1237.80486,0.9993808117761961
1237.865125,0.9993783732899902
1237.92539,0.9993734963354284
1237.985655,0.9993710578670723
1238.04592,0.9993677499543453
1238.106185,0.9993637524913405
1238.16645,0.9993604346091899
1238.226715,0.9993564371754463
1238.28698,0.9993531193175825
1238.347245,0.9993491319065914
1238.40751,0.9993466934976843
1238.467775,0.9993418166977195
1238.52804,0.9993393783066615
1238.588305,0.9993360605054331
1238.64857,0.9993320731625065
1238.708835,0.9993287553855311
1238.7691,0.9993247580785042
1238.829365,0.9993223197290693
1238.88963,0.9993190019844752
1238.949895,0.9993150147096119
1239.01016,0.9993125763839508
1239.070425,0.9993092586717046
1239.13069,0.9993052614426644
1239.190955,0.9993019437547037
1239.25122,0.9992979565479027
1239.311485,0.9992955182638633
1239.37175,0.999290641713633
1239.432015,0.999288213440324
1239.49228,0.9992848858161137
1239.552545,0.9992808986773737
1239.61281,0.9992760221984868
1239.673075,0.9992735839679673
1239.73334,0.9992687175174632
1239.793605,0.999266279304767
1239.85387,0.9992614028972224
1239.914135,0.9992580853548719
1239.9744,0.9992540983230656
1240.034665,0.9992507808049662
1240.09493,0.999246783809837
1240.155195,0.9992434663160218
1240.21546,0.9992394693501504
1240.275725,0.999234603065784
1240.33599,0.9992321649363272
1240.396255,0.9992272886952602
1240.45652,0.9992248505836504
1240.516785,0.9992215331626534
1240.57705,0.9992175462766899
1240.637315,0.9992142288799432
1240.69758,0.9992102320310213
1240.757845,0.9992069146585578
1240.81811,0.999202927830922
1240.878375,0.9992004897787525
1240.93864,0.9991956136922601
1240.998905,0.9991922963683294
1241.05917,0.9991883095990205
1241.119435,0.9991858715825195
1241.1797,0.9991809955673636
1241.239965,0.9991785575687088
1241.30023,0.9991736915809821
1241.360495,0.999171253600149
1241.42076,0.9991663776563288
1241.481025,0.9991639396933416
1241.54129,0.9991590637852131
1241.601555,0.999156635831638
1241.66182,0.9991517599591524
1241.722085,0.9991493220318324
1241.78235,0.9991444461950378
1241.842615,0.9991420082855634
1241.90288,0.9991386911396024
1241.963145,0.9991347045841779
1242.02341,0.9991313874624651
1242.083675,0.9991273909449083
1242.14394,0.9991240738474767
1242.204205,0.9991200873503752
1242.26447,0.9991167602860238
1242.324735,0.9991127738181033
1242.385,0.9991079081507427
1242.445265,0.999105470330421
1242.50553,0.9991005947076222
1242.565795,0.9990972776991541
1242.62606,0.9990932813180361
1242.686325,0.9990884157456037
1242.74659,0.9990850887867186
1242.806855,0.9990802232541839
1242.86712,0.9990762269412835
1242.927385,0.9990713614519058
1242.98765,0.999066485995558
1243.047915,0.9990631691003306
1243.10818,0.9990582936839614
1243.168445,0.9990543074493221
1243.22871,0.9990494320761977
1243.288975,0.999044556726865
1243.34924,0.9990396913917209
1243.409505,0.9990348160899226
1243.46977,0.9990299408119158
1243.530035,0.999025075547951
1243.5903,0.9990202003174778
1243.650565,0.9990153251107958
1243.71083,0.9990104499279048
1243.771095,0.9990055847588603
1243.83136,0.999000709623502
1243.891625,0.9989958045420597
1243.95189,0.9989901102822025
1244.012155,0.9989852152426549
1244.07242,0.9989788217577366
1244.132685,0.9989730276973732
1244.19295,0.9989666342904548
1244.253215,0.9989608403007786
1244.31348,0.9989544469718593
1244.373745,0.9989486530528693
1244.43401,0.9989413607543188
1244.494275,0.9989349675500683
1244.55454,0.9989276753514218
1244.614805,0.9989218815877067
1244.67507,0.9989145894845872
1244.735335,0.9989072974347001
1244.7956,0.9988999055480491
1244.855865,0.9988926136053542
1244.91613,0.9988853217158903
1244.976395,0.998878029879657
1245.03666,0.9988707380966539
1245.096925,0.9988634463668806
1245.15719,0.9988561546903368
1245.217455,0.9988487631821408
1245.27772,0.9988414716127838
1245.337985,0.9988326818465086
1245.39825,0.9988244914520981
1245.458515,0.9988171001782091
1245.51878,0.9988083106264016
1245.579045,0.9988001204318343
1245.63931,0.9987912311503199
1245.699575,0.9987830410958037
1245.75984,0.9987741519662946
1245.820105,0.9987659620518272
1245.88037,0.998756274068982
1245.940635,0.9987464863054564
1246.0009,0.9987367985115251
1246.061165,0.9987270109388589
1246.12143,0.9987173233338377
1246.181695,0.9987075359520272
1246.24196,0.9986977486661327
1246.302225,0.9986864634453344
1246.36249,0.9986758774249279
1246.422755,0.9986660904492853
1246.48302,0.998654006662698
1246.543285,0.9986442199013879
1246.60355,0.9986320365162239
1246.663815,0.9986223498324502
1246.72408,0.9986101667140994
1246.784345,0.9986003803824187
1246.84461,0.9985881975320936
1246.904875,0.9985760148303984
1246.96514,0.9985663286900324
1247.025405,0.9985541462551353
1247.08567,0.9985419639688631
1247.145935,0.9985297818312139
1247.2062,0.9985175998421858
1247.266465,0.9985054180017772
1247.32673,0.998493236309986
1247.386995,0.9984810547668106
1247.44726,0.9984688733722491
1247.507525,0.9984566921262996
1247.56779,0.9984421147650097
1247.628055,0.9984299338455133
1247.68832,0.9984177530746232
1247.748585,0.9984031762818392
1247.80885,0.9983909958373893
1247.869115,0.9983764194352581
1247.92938,0.9983617434097615
1247.989645,0.9983486649565869
1248.04991,0.9983349876735665
1248.110175,0.9983204120891486
1248.17044,0.9983057368869539
1248.230705,0.9982911617295942
1248.29097,0.9982756883365065
1248.351235,0.9982595164013485
1248.4115,0.998244941918803
1248.471765,0.9982303676490434
1248.53203,0.9982147953767722
1248.592295,0.9981987242479395
1248.65256,0.9981840508345429
1248.712825,0.9981669820332123
1248.77309,0.9981524089016587
1248.833355,0.9981353406414005
1248.89362,0.998119869663521
1248.953885,0.9981037002526051
1249.01415,0.9980867326339259
1249.074415,0.9980712624094646
1249.13468,0.9980550937859798
1249.194945,0.9980380271897958
1249.25521,0.9980225577202632
1249.315475,0.9980054916804412
1249.37574,0.997988425932446
1249.436005,0.9979714602734137
1249.49627,0.9979543951073505
1249.556535,0.9979373302330993
1249.6168,0.9979203654426865
1249.677065,0.9979033011503375
1249.73733,0.9978862371497855
1249.797595,0.9978692732279477
1249.85786,0.9978522098092681
1249.918125,0.9978351466823705
1249.97839,0.9978180838472499
1250.038655,0.9978011210840084
1250.09892,0.9977840588307205
1250.159185,0.9977655002198219
1250.21945,0.9977484385756457
1250.279715,0.9977314769963637
1250.33998,0.9977159125067259
1250.400245,0.9976989514803823
1250.46051,0.9976818909741798
1250.520775,0.9976648307597095
1250.58104,0.997648668720364
1250.641305,0.9976317088371551
1250.70157,0.9976146494807919
1250.761835,0.9975975904161413
1250.8221,0.9975821277733256
1250.882365,0.9975659670737577
1250.94263,0.9975401304497962
1251.002895,0.9975401304497962
1251.06316,0.9975157907675586
1251.123425,0.9975069129165273
1251.18369,0.997491451679202
1251.243955,0.9974671131847118
1251.30422,0.997458235766909
1251.364485,0.9974428750283562
1251.42475,0.9974185377191219
1251.485015,0.9974185377191219
1251.54528,0.9973942010037107
1251.605545,0.9973942010037107
1251.66581,0.9973698648821081
1251.726075,0.9973609883298113
1251.78634,0.9973455293542995
1251.846605,0.9973211944202708
1251.90687,0.9973211944202708
1251.967135,0.997296959809698
1252.0274,0.997296959809698
1252.087665,0.9972726260607516
1252.14793,0.9972726260607516
1252.208195,0.9972482929055414
1252.26846,0.9972482929055414
1252.328725,0.997223960344053
1252.38899,0.997223960344053
1252.449255,0.9972150850903009
1252.50952,0.9971996283762719
1252.569785,0.9971996283762719
1252.63005,0.9971752970021834
1252.690315,0.9971752970021834
1252.75058,0.9971509662217732
1252.810845,0.9971509662217732
1252.87111,0.9971509662217732
1252.931375,0.9971267357476955
1252.99164,0.9971267357476955
1253.051905,0.9971267357476955
1253.11217,0.9971024061521656
1253.172435,0.9971024061521656
1253.2327,0.9971024061521656
1253.292965,0.9970780771502705
1253.35323,0.9970780771502705
1253.413495,0.9970780771502705
1253.47376,0.9970780771502705
1253.534025,0.9970691034879577
1253.59429,0.9970537487419958
1253.654555,0.9970537487419958
1253.71482,0.9970537487419958
1253.775085,0.9970537487419958
1253.83535,0.9970537487419958
1253.895615,0.9970537487419958
1253.95588,0.9970537487419958
1254.016145,0.9970537487419958
1254.07641,0.997029420927327
1254.136675,0.997029420927327
1254.19694,0.997029420927327
1254.257205,0.997029420927327
1254.31747,0.9970537487419958
1254.377735,0.9970537487419958
1254.438,0.9970537487419958
1254.498265,0.9970537487419958
1254.55853,0.9970537487419958
1254.618795,0.9970537487419958
1254.67906,0.9970537487419958
1254.739325,0.9970537487419958
1254.79959,0.9970537487419958
1254.859855,0.9970537487419958
1254.92012,0.9970780771502705
1254.980385,0.9970780771502705
1255.04065,0.9970780771502705
1255.100915,0.9970780771502705
1255.16118,0.9970780771502705
1255.221445,0.9971024061521656
1255.28171,0.9971024061521656
1255.341975,0.9971024061521656
1255.40224,0.9971112804030707
1255.462505,0.9971267357476955
1255.52277,0.9971267357476955
1255.583035,0.9971509662217732
1255.6433,0.9971509662217732
1255.703565,0.9971509662217732
1255.76383,0.9971752970021834
1255.824095,0.9971752970021834
1255.88436,0.9971996283762719
1255.944625,0.9971996283762719
1256.00489,0.997208603213314
1256.065155,0.997223960344053
1256.12542,0.9972329354000838
1256.185685,0.9972482929055414
1256.24595,0.9972572681805663
1256.306215,0.9972726260607516
1256.36648,0.9972816015547759
1256.426745,0.997296959809698
1256.48701,0.9973211944202708
1256.547275,0.9973211944202708
1256.60754,0.9973455293542995
1256.667805,0.9973455293542995
1256.72807,0.9973698648821081
1256.788335,0.9973698648821081
1256.8486,0.9973942010037107
1256.908865,0.9974185377191219
1256.96913,0.9974185377191219
1257.029395,0.9974428750283562
1257.08966,0.9974428750283562
1257.149925,0.9974671131847118
1257.21019,0.997491451679202
1257.270455,0.997491451679202
1257.33072,0.9975157907675586
1257.390985,0.9975401304497962
1257.45125,0.9975401304497962
1257.511515,0.997565368534357
1257.57178,0.9975824270480088
1257.632045,0.9975993860934201
1257.69231,0.9976164451887771
1257.752575,0.9976335045758472
1257.81284,0.997651362375406
1257.873105,0.997668422359565
1257.93337,0.9976869791647986
1257.993635,0.99770403975801
1258.0539,0.9977219985923547
1258.114165,0.9977389600105024
1258.17443,0.9977575181277486
1258.234695,0.9977754779247126
1258.29496,0.9977925400312657
1258.355225,0.9978110991451095
1258.41549,0.9978289601236394
1258.475755,0.9978476196996603
1258.53602,0.997865481331914
1258.596285,0.9978840418024786
1258.65655,0.9979020038768892
1258.716815,0.9979205650267795
1258.77708,0.9979400246675284
1258.837345,0.9979579877496397
1258.89761,0.9979765499408397
1258.957875,0.9979945136804118
1259.01814,0.9980139747631736
1259.078405,0.9980325379957417
1259.13867,0.9980505027431078
1259.198935,0.9980699649176669
1259.2592,0.9980885291916616
1259.319465,0.9981063951362338
1259.37973,0.9981258584007052
1259.439995,0.9981445235287757
1259.50026,0.9981623904756556
1259.560525,0.9981809564687816
1259.62079,0.9982004211872131
1259.681055,0.9982183889565039
1259.74132,0.9982369559912114
1259.801585,0.998254025989107
1259.86185,0.9982719947232929
1259.922115,0.9982889654914543
1259.98238,0.9983075338388975
1260.042645,0.9983246050436845
1260.10291,0.9983416765403916
1260.163175,0.998359547016342
1260.22344,0.998376619110562
1260.283705,0.9983936914967173
1260.34397,0.9984107641748128
1260.404235,0.998427737302075
1260.4645,0.9984439119624337
1260.524765,0.9984609854993065
1260.58503,0.9984779594803385
1260.645295,0.9984950335994289
1260.70556,0.9985105103923945
1260.765825,0.9985275850681102
1260.82609,0.9985437613460159
1260.886355,0.9985607367342492
1260.94662,0.9985763144032477
1261.006885,0.9985932903448876
1261.06715,0.9986094676872274
1261.127415,0.998624946253935
1261.18768,0.9986411241091047
1261.247945,0.9986566031664907
1261.30821,0.9986727815345064
1261.368475,0.9986873622635559
1261.42874,0.9987044399634646
1261.489005,0.9987190211547304
1261.54927,0.9987337024322486
1261.609535,0.9987491829246098
1261.6698,0.9987637647691276
1261.730065,0.9987784467043818
1261.79033,0.998793028976154
1261.850595,0.9988067125343831
1261.91086,0.998821395100974
1261.971125,0.9988359779997973
1262.03139,0.9988505611115326
1262.091655,0.998862747162713
1262.15192,0.9988774305530188
1262.212185,0.9988904160440215
1262.27245,0.9989042008268777
1262.332715,0.9989163875324666
1262.39298,0.9989309718181896
1262.453245,0.9989431588503865
1262.51351,0.9989553460312661
1262.573775,0.9989675333608303
1262.63404,0.9989797208390807
1262.694305,0.9989919084660194
1262.75457,0.9990040462914443
1262.814835,0.9990162342151553
1262.8751,0.9990284122972757
1262.935365,0.9990405905278477
1262.99563,0.9990503412115945
1263.055895,0.9990625197094817
1263.11616,0.9990737991890017
1263.176425,0.9990844493724664
1263.23669,0.9990957191086166
1263.296955,0.9991063695257489
1263.35722,0.9991161208515019
1263.417485,0.9991273909449083
1263.47775,0.9991380416996641
1263.538015,0.9991477933345391
1263.59828,0.999157535073015
1263.658545,0.9991672868981462
1263.71881,0.9991770288266852
1263.779075,0.9991867708502086
1263.83934,0.9991965229606823
1263.899605,0.9992053658890404
1263.95987,0.9992135793909054
1264.020135,0.9992233217707985
1264.0804,0.999233074238011
1264.140665,0.9992419074974301
1264.20093,0.9992501212996685
1264.261195,0.9992598740284456
1264.32146,0.9992671786448231
1264.381725,0.9992769315400807
1264.44199,0.9992857751800579
1264.502255,0.99929398934289
1264.56252,0.9993012942086514
1264.622785,0.9993101380642392
1264.68305,0.9993174530412225
1264.743315,0.9993247580785042
1264.80358,0.999332972561777
1264.863845,0.9993402877059095
1264.92411,0.9993476029035891
1264.984375,0.9993539987487144
1265.04464,0.9993613140467592
1265.104905,0.9993686293983522
1265.16517,0.9993744057657239
1265.225435,0.9993817212131485
1265.2857,0.9993890267202322
1265.345965,0.999395432824425
1265.40623,0.9994012093467209
1265.466495,0.9994085249903485
1265.52676,0.9994149312195256
1265.587025,0.9994207078545225
1265.64729,0.9994271141617921
1265.707555,0.9994328908672067
1265.76782,0.9994392972525695
1265.828085,0.9994450840228533
1265.88835,0.9994514904863746
1265.948615,0.9994572673326847
1266.00888,0.9994636738743012
1266.069145,0.9994685412742451
1266.12941,0.9994743282138523
1266.189675,0.9994792056604749
1266.24994,0.9994856023478605
1266.310205,0.999490479849501
1266.37047,0.9994953573749439
1266.430735,0.999500234924189
1266.491,0.9995051025021857
1266.551265,0.9995099800989872
1266.61153,0.9995148577195915
1266.671795,0.9995181961047914
1266.73206,0.9995230737654899
1266.792325,0.9995270418799694
1266.85259,0.9995319195838354
1266.912855,0.9995367873161367
1266.97312,0.9995401357699828
1267.033385,0.9995441039521986
1267.09365,0.9995489817393277
1267.153915,0.9995538495547219
1267.21418,0.9995571980657267
1267.274445,0.99956116631568
1267.33471,0.9995660441860736
1267.394975,0.9995693827422366
1267.45524,0.9995733510405631
1267.515505,0.9995782289704184
1267.57577,0.9995815775630943
1267.636035,0.9995855359139789
1267.6963,0.9995904139032965
1267.756565,0.999593762536792
1267.81683,0.9995977309319065
1267.877095,0.9996025989847099
1267.93736,0.999605038018027
1267.997625,0.9996083867005134
1268.05789,0.9996123551536861
1268.118155,0.9996157038606849
1268.17842,0.99961966234671
1268.238685,0.9996221014216617
1268.29895,0.9996245405025649
1268.359215,0.9996278892503847
1268.41948,0.9996318477846641
1268.479745,0.9996342868893484
1268.54001,0.9996367259999841
1268.600275,0.9996391651165712
1268.66054,0.9996416042391099
1268.720805,0.9996449530440933
1268.78107,0.9996473921807545
1268.841335,0.9996513507922655
1268.9016,0.9996537899445372
1268.961865,0.9996562291027605
1269.02213,0.9996586682669353
1269.082395,0.9996611074370616
1269.14266,0.9996635466131396
1269.202925,0.9996659757985094
1269.26319,0.9996684149864661
1269.323455,0.9996708541803745
1269.38372,0.9996732933802345
1269.443985,0.9996757325860461
1269.50425,0.9996781717978095
1269.564515,0.9996806110155245
1269.62478,0.9996830402423608
1269.685045,0.9996839599511809
1269.74531,0.9996854794719549
1269.805575,0.9996879187075006
1269.86584,0.9996903579489982
1269.926105,0.9996912676676378
1269.98637,0.9996927971964474
1270.046635,0.9996952364498485
1270.1069,0.9996976657122246
1270.167165,0.9996976657122246
1270.22743,0.9997001049775048
1270.287695,0.999702544248737
1270.34796,0.999702544248737
1270.408225,0.9997049835259207
1270.46849,0.9997074228090566
1270.528755,0.9997074228090566
1270.58902,0.999709862098144
1270.649285,0.999709862098144
1270.70955,0.9997123013931836
1270.769815,0.9997147306970275
1270.83008,0.9997147306970275
1270.890345,0.9997171700039464
1270.95061,0.9997196093168171
1271.010875,0.9997196093168171
1271.07114,0.9997220486356398
1271.131405,0.9997244879604145
1271.19167,0.9997244879604145
1271.251935,0.9997269272911411
1271.3122,0.9997278370430589
1271.372465,0.9997293666278196
1271.43273,0.9997317959731322
1271.492995,0.9997342353216905
1271.55326,0.9997342353216905
1271.613525,0.9997366746762006
1271.67379,0.9997375844369886
1271.734055,0.9997391140366628
1271.79432,0.9997415534030771
1271.854585,0.9997415534030771
1271.91485,0.9997439927754435
1271.975115,0.9997439927754435
1272.03538,0.9997464221562976
1272.095645,0.9997488615405438
1272.15591,0.9997488615405438
1272.216175,0.9997513009307419
1272.27644,0.9997513009307419
1272.336705,0.9997537403268922
1272.39697,0.9997537403268922
1272.457235,0.9997561797289948
1272.5175,0.9997561797289948
1272.577765,0.999756269707055
1272.63803,0.9997569095512723
1272.698295,0.999757399432278
1272.75856,0.9997579792917378
1272.818825,0.9997584691732677
1272.87909,0.9997589490574481
1272.939355,0.9997594389394532
1272.99962,0.9997598388433087
1273.059885,0.9997600787856988
1273.12015,0.9997603187281465
1273.180415,0.9997608086108227
1273.24068,0.999761298493739
1273.300945,0.9997618783554603
1273.36121,0.9997625182032671
1273.421475,0.9997633380088682
1273.48174,0.9997640678363713
1273.542005,0.9997650476056379
1273.60227,0.999765777434389
1273.662535,0.9997666572286603
1273.7228,0.9997673970562604
1273.783065,0.999768216865862
1273.84333,0.9997689466969267
1273.903595,0.9997696765285242
1273.96386,0.9997704063606545
1274.024125,0.9997711461910289
1274.08439,0.9997720259900247
1274.144655,0.99977275582387
1274.20492,0.9997733356922366
1274.265185,0.9997738255812911
1274.32545,0.9997744654367443
1274.385715,0.9997749553263523
1274.44598,0.999775435218446
1274.506245,0.9997759251085293
1274.56651,0.999776504978734
1274.626775,0.9997771448359021
1274.68704,0.9997778746734841
1274.747305,0.9997786045115991
1274.80757,0.9997791843833578
1274.867835,0.9997799142224288
1274.9281,0.9997806540598391
1274.988365,0.9997812939196624
1275.04863,0.9997820237602734
1275.108895,0.9997826036340154
1275.16916,0.9997830835297803
1275.229425,0.9997837233911585
1275.28969,0.9997844632313875
1275.349955,0.9997850431065444
1275.41022,0.9997856729713199
1275.470485,0.9997862528471784
1275.53075,0.9997869926892793
1275.591015,0.999787472587151
1275.65128,0.9997879624831325
1275.711545,0.9997884523793542
1275.77181,0.9997889422758158
1275.832075,0.9997895821409437
1275.89234,0.9997900620400583
1275.952605,0.9997906419184625
1276.01287,0.999791131815997
1276.073135,0.9997917716825261
1276.1334,0.9997922615806143
1276.193665,0.9997928414602941
1276.25393,0.9997934813279175
1276.314195,0.9997939712268433
1276.37446,0.9997945511075148
1276.434725,0.9997949410274657
1276.49499,0.9997954309271069
1276.555255,0.9997959208269881
1276.61552,0.9997964007291452
1276.675785,0.9997968906295016
1276.73605,0.999797380530098
1276.796315,0.9997978704309345
1276.85658,0.9997982003642862
1276.916845,0.9997986002836463
1276.97711,0.9997990901850805
1277.037375,0.9997994201188347
1277.09764,0.9997998200386827
1277.157905,0.9998001499726777
1277.21817,0.9998005498928177
1277.278435,0.9998008898250625
1277.3387,0.9998012797474856
1277.398965,0.9998017696502327
1277.45923,0.9998022595532199
1277.519495,0.9998027394584196
1277.57976,0.9998032293618819
1277.640025,0.9998038092479231
1277.70029,0.9998045391049702
1277.760555,0.99980517898008
1277.82082,0.9998057588672521
1277.881085,0.9998062487721939
1277.94135,0.9998066486947734
1278.001615,0.99980712860208
1278.06188,0.9998076185076931
1278.122145,0.9998081084135462
1278.18241,0.9998084483483608
1278.242675,0.9998088382737317
1278.30294,0.9998091782087944
1278.363205,0.99980956813445
1278.42347,0.999809908069761
1278.483735,0.9998102979957011
1278.544,0.9998107879028671
1278.604265,0.9998110378555954
1278.66453,0.9998112778102732
1278.724795,0.9998115177650088
1278.78506,0.9998116177461656
1278.845325,0.9998120076727725
1278.90559,0.9998124975807763
1278.965855,0.999812827518955
1279.02612,0.9998133174273605
1279.086385,0.999813807336006
1279.14665,0.9998144472170475
1279.206915,0.9998149371262466
1279.26718,0.9998154170375316
1279.327445,0.9998156669914171
1279.38771,0.9998159969306416
1279.447975,0.999816156901214
1279.50824,0.9998163968571204
1279.568505,0.9998163968571204
1279.62877,0.9998163968571204
1279.689035,0.9998166368130844
1279.7493,0.9998167367947531
1279.809565,0.9998168867672749
1279.86983,0.9998168867672749
1279.930095,0.9998171267233565
1279.99036,0.9998171267233565
1280.050625,0.9998171267233565
1280.11089,0.9998171267233565
1280.171155,0.9998171267233565
1280.23142,0.9998171267233565
1280.291685,0.9998171267233565
1280.35195,0.9998173766776695
1280.412215,0.9998173766776695
1280.47248,0.9998176166338687
1280.532745,0.9998179565719161
1280.59301,0.9998183465009952
1280.653275,0.9998185864574272
1280.71354,0.999818836412105
1280.773805,0.9998190763686545
1280.83407,0.9998194163071983
1280.894335,0.999819656263887
1280.9546,0.9998198062368467
1281.014865,0.9998200561918295
1281.07513,0.9998203861325025
1281.135395,0.9998207860607369
1281.19566,0.9998212759730422
1281.255925,0.9998217558873698
1281.31619,0.9998220958268246
1281.376455,0.9998224957557429
1281.43672,0.999822975670656
1281.496985,0.9998232256264312
1281.55725,0.9998234655840341
1281.617515,0.9998237155399318
1281.67778,0.9998237155399318
1281.738045,0.9998239554976522
1281.79831,0.9998239554976522
1281.858575,0.9998241954554304
1281.91884,0.9998244454115105
1281.979105,0.9998246853694062
1282.03937,0.9998246853694062
1282.099635,0.9998246853694062
1282.1599,0.9998246853694062
1282.220165,0.9998246853694062
1282.28043,0.9998249253273594
1282.340695,0.9998249253273594
1282.40096,0.999825175283622
1282.461225,0.9998254152416929
1282.52149,0.999825665198078
1282.581755,0.9998259051562665
1282.64202,0.99982639507108
1282.702285,0.9998266350294436
1282.76255,0.9998271249446148
1282.822815,0.999827614860026
1282.88308,0.9998278548186824
1282.943345,0.9998281947602108
1283.00361,0.9998285846932828
1283.063875,0.9998288346504602
1283.12414,0.9998293145684161
1283.184405,0.9998296545104408
1283.24467,0.9998300544423826
1283.304935,0.9998305343609238
1283.3652,0.9998308743033634
1283.425465,0.9998312742357931
1283.48573,0.999831604180168
1283.545995,0.9998320940977741
1283.60626,0.9998327339905191
1283.666525,0.9998334638686813
1283.72679,0.9998342837324579
1283.787055,0.9998350236101016
1283.84732,0.9998359034653095
1283.907585,0.9998368733066062
1283.96785,0.999837943132633
1284.028115,0.9998389229742973
1284.08838,0.999839892818523
1284.148645,0.9998410226382403
1284.20891,0.9998419924845026
1284.269175,0.9998428223537007
1284.32944,0.9998435522392275
1284.389705,0.9998445320863888
1284.44997,0.9998454119499641
1284.510235,0.9998462318235382
1284.5705,0.9998469617115537
1284.630765,0.999847451636685
1284.69103,0.9998479415620564
1284.751295,0.9998483315028296
1284.81156,0.9998488214286321
1284.871825,0.9998490713908686
1284.93209,0.9998493113546746
1284.992355,0.9998495513185381
1285.05262,0.9998498012809572
1285.112885,0.9998500412449383
1285.17315,0.9998502912074798
1285.233415,0.9998507711357348
1285.29368,0.9998512610627327
1285.353945,0.9998517509899707
1285.41421,0.9998519909544197
1285.474475,0.9998522409174487
1285.53474,0.9998524808820153
1285.595005,0.9998528208319166
1285.65527,0.9998533007613858
1285.715535,0.9998537906896232
1285.7758,0.9998542806181007
1285.836065,0.9998547705468182
1285.89633,0.9998551604902547
1285.956595,0.9998556504194034
1286.01686,0.9998561403487921
1286.077125,0.999856630278421
1286.13739,0.999856870244041
1286.197655,0.999856870244041
1286.25792,0.9998569602311634
1286.318185,0.9998571102097187
1286.37845,0.9998571102097187
1286.438715,0.9998573601740275
1286.49898,0.9998576001398227
1286.559245,0.9998576001398227
1286.61951,0.999857750118474
1286.679775,0.9998576001398227
1286.74004,0.9998576001398227
1286.800305,0.9998578401056756
1286.86057,0.9998579400914646
1286.920835,0.9998580900701668
1286.9811,0.9998583300361372
1287.041365,0.9998586699880272
1287.10163,0.9998591599188955
1287.161895,0.9998597998289627
1287.22216,0.9998603797478147
1287.282425,0.9998611096461584
1287.34269,0.9998617495574733
1287.402955,0.9998622294912283
1287.46322,0.9998627194238408
1287.523485,0.9998632093566934
1287.58375,0.9998636992897859
1287.644015,0.9998641792244768
1287.70428,0.9998647691445166
1287.764545,0.999865249079721
1287.82481,0.999865739013813
1287.885075,0.9998661389601886
1287.94534,0.9998663789280907
1288.005605,0.9998666188960506
1288.06587,0.9998668688627365
1288.126135,0.9998671088308138
1288.1864,0.9998671088308138
1288.246665,0.9998673587976222
1288.30693,0.9998675987658171
1288.367195,0.9998678387340697
1288.42746,0.9998683286694307
1288.487725,0.9998688186050317
1288.54799,0.9998691485617963
1288.608255,0.9998696384977992
1288.66852,0.9998701284340421
1288.728785,0.999870768351129
1288.78905,0.9998712582879256
1288.849315,0.9998717382262448
1288.90958,0.9998723281507443
1288.969845,0.9998729580705095
1289.03011,0.9998735379969933
1289.090375,0.999874027935147
1289.15064,0.9998745178735406
1289.210905,0.9998750078121745
1289.27117,0.9998753977635035
1289.331435,0.9998758877025685
1289.3917,0.9998763776418735
1289.451965,0.9998768675814186
1289.51223,0.9998774475101699
1289.572495,0.9998780774331604
1289.63276,0.9998785673735383
1289.693025,0.9998788173432114
1289.75329,0.9998792972851589
1289.813555,0.9998796372441778
1289.87382,0.9998800371961126
1289.934085,0.9998803671565794
1289.99435,0.9998806171267024
1290.054615,0.9998810070802191
1290.11488,0.9998812470516897
1290.175145,0.9998818369817994
1290.23541,0.9998823169251964
1290.295675,0.9998827168782032
1290.35594,0.9998830468395541
1290.416205,0.9998834467928529
1290.47647,0.9998836867649089
1290.536735,0.9998840267254202
1290.597,0.9998844166802666
1290.657265,0.9998846666514021
1290.71753,0.9998851565950088
1290.777795,0.9998856365399991
1290.83806,0.999886126484081
1290.898325,0.999886616428403
1290.95859,0.9998871963628088
1291.018855,0.9998878362908192
1291.07912,0.999888326235979
1291.139385,0.9998888061824909
1291.19965,0.9998891461447428
1291.259915,0.9998895461004812
1291.32018,0.9998898760640859
1291.380445,0.9998902760201163
1291.44071,0.9998905159938113
1291.500975,0.9998907559675639
1291.56124,0.9998910059402841
1291.621505,0.9998912459141543
1291.68177,0.999891345903284
1291.742035,0.9998914958869971
1291.8023,0.9998915858772358
1291.862565,0.9998914958869971
1291.92283,0.9998914958869971
1291.983095,0.9998912459141543
1292.04336,0.9998910059402841
1292.103625,0.9998907559675639
1292.16389,0.9998905159938113
1292.224155,0.9998905159938113
1292.28442,0.9998905159938113
1292.344685,0.9998905159938113
1292.40495,0.9998906059839617
1292.465215,0.9998907559675639
1292.52548,0.9998907559675639
1292.585745,0.9998910059402841
1292.64601,0.9998910059402841
1292.706275,0.9998912459141543
1292.76654,0.999891345903284
1292.826805,0.9998914958869971
1292.88707,0.9998918258512453
1292.947335,0.9998923157983599
1293.0076,0.9998929557296468
1293.067865,0.9998934456773151
1293.12813,0.9998940256156819
1293.188395,0.9998945155638744
1293.24866,0.9998949055228115
1293.308925,0.9998953954714352
1293.36919,0.9998957354359275
1293.429455,0.9998961253953403
1293.48972,0.9998964653600808
1293.549985,0.9998968553197783
1293.61025,0.999897195284767
1293.670515,0.9998975852447491
1293.73078,0.9998978352191767
1293.791045,0.9998983151702528
1293.85131,0.9998988051205473
1293.911575,0.9998991450861988
1293.97184,0.9998995350469414
1294.032105,0.9998998750128412
1294.09237,0.9999002699733698
1294.152635,0.9999005139490654
1294.2129,0.9999007579248206
1294.273165,0.9999010948914328
1294.33343,0.9999012448766083
1294.393695,0.9999014888525418
1294.45396,0.9999015828432861
1294.514225,0.9999017328285348
1294.57449,0.9999018268193022
1294.634755,0.9999019768045874
1294.69502,0.9999022207806995
1294.755285,0.9999022207806995
1294.81555,0.9999022207806995
1294.875815,0.9999019768045874
1294.93608,0.9999019768045874
1294.996345,0.9999019768045874
1295.05661,0.9999019768045874
1295.116875,0.9999019768045874
1295.17714,0.9999022207806995
1295.237405,0.9999024647568712
1295.29767,0.9999027077331996
1295.357935,0.9999029517094901
1295.4182,0.9999031956858401
1295.478465,0.9999034396622496
1295.53873,0.9999036836387186
1295.598995,0.9999039276152472
1295.65926,0.9999041715918353
1295.719525,0.9999044145685785
1295.77979,0.9999046585452854
1295.840055,0.9999049965131172
1295.90032,0.9999053904757633
1295.960585,0.9999056344527084
1296.02085,0.9999058784297129
1296.081115,0.999906121406871
1296.14138,0.999906121406871
1296.201645,0.999906121406871
1296.26191,0.999906121406871
1296.322175,0.9999062153980508
1296.38244,0.9999063653839944
1296.442705,0.9999066093611773
1296.50297,0.9999066093611773
1296.563235,0.9999068533384197
1296.6235,0.9999070973157217
1296.683765,0.9999070973157217
1296.74403,0.9999073412930832
1296.804295,0.9999073412930832
1296.86456,0.9999073412930832
1296.924825,0.9999070973157217
1296.98509,0.9999070973157217
1297.045355,0.9999070973157217
1297.10562,0.9999071913069932
1297.165885,0.9999073412930832
1297.22615,0.9999073412930832
1297.286415,0.9999073412930832
1297.34668,0.9999075842705967
1297.406945,0.9999075842705967
1297.46721,0.999907828248077
1297.527475,0.9999080722256168
1297.58774,0.9999084101946023
1297.648005,0.9999086541722843
1297.70827,0.9999090481363716
1297.768535,0.9999092911142998
1297.8288,0.9999097790701529
1297.889065,0.9999100230481688
1297.94933,0.9999105110043791
1298.009595,0.9999107549825735
1298.06986,0.9999110919525547
1298.130125,0.9999114859176026
1298.19039,0.9999119738745268
1298.250655,0.9999123118448311
1298.31092,0.9999127048104468
1298.371185,0.9999131927679659
1298.43145,0.999913530738682
1298.491715,0.9999139247046909
1298.55198,0.999914167683804
1298.612245,0.9999145056548499
1298.67251,0.9999148996212427
1298.732775,0.9999151436005079
1298.79304,0.9999153875798328
1298.853305,0.9999158745387451
1298.91357,0.9999162125103678
1298.973835,0.9999166064774332
1299.0341,0.9999170944368562
1299.094365,0.9999174324088912
1299.15463,0.9999178253765193
1299.214895,0.9999180693564985
1299.27516,0.9999184073288631
1299.335425,0.9999188012967931
1299.39569,0.9999190442770914
1299.455955,0.9999190442770914
1299.51622,0.999919288257368
1299.576485,0.999919288257368
1299.63675,0.999919532237704
1299.697015,0.999919532237704
1299.75728,0.9999197762180997
1299.817545,0.9999200201985549
1299.87781,0.9999200201985549
1299.938075,0.9999200201985549
1299.99834,0.9999200201985549
1300.058605,0.9999200201985549
1300.11887,0.9999200201985549
1300.179135,0.9999197762180997
1300.2394,0.9999196822256452
1300.299665,0.999919532237704
1300.35993,0.999919288257368
1300.420195,0.9999190442770914
1300.48046,0.9999190442770914
1300.540725,0.9999188012967931
1300.60099,0.9999188012967931
1300.661255,0.9999188012967931
1300.72152,0.9999188012967931
1300.781785,0.9999188952891649
1300.84205,0.9999190442770914
1300.902315,0.999919288257368
1300.96258,0.999919532237704
1301.022845,0.9999197762180997
1301.08311,0.9999202641790695
1301.143375,0.9999206021521759
1301.20364,0.9999212391018024
1301.263905,0.9999218210561329
1301.32417,0.9999223090181006
1301.384435,0.9999229459688144
1301.4447,0.9999232839428273
1301.504965,0.9999236779126787
1301.56523,0.9999241648756284
1301.625495,0.99992465283874
1301.68576,0.999924896820385
1301.746025,0.9999251408020896
1301.80629,0.9999251408020896
1301.866555,0.9999251408020896
1301.92682,0.9999253847838537
1301.987085,0.9999253847838537
1302.04735,0.9999256277657518
1302.107615,0.9999256277657518
1302.16788,0.9999258717476347
1302.228145,0.9999258717476347
1302.28841,0.9999258717476347
1302.348675,0.9999261157295771
1302.40894,0.9999261157295771
1302.469205,0.9999263597115792
1302.52947,0.9999263597115792
1302.589735,0.9999263597115792
1302.65,0.9999263597115792
1302.710265,0.9999263597115792
1302.77053,0.9999263597115792
1302.830795,0.9999263597115792
1302.89106,0.9999261157295771
1302.951325,0.9999261157295771
1303.01159,0.9999261157295771
1303.071855,0.9999258717476347
1303.13212,0.9999258717476347
1303.192385,0.9999258717476347
1303.25265,0.9999258717476347
1303.312915,0.9999261157295771
1303.37318,0.9999261157295771
1303.433445,0.9999263597115792
1303.49371,0.9999266036936407
1303.553975,0.9999270916579424
1303.61424,0.9999273346402552
1303.674505,0.9999275786225545
1303.73477,0.999928066587332
1303.795035,0.9999284045630756
1303.8553,0.9999288925282561
1303.915565,0.9999292855003881
1303.97583,0.9999297734659985
1304.036095,0.999930017448893
1304.09636,0.99993050441493
1304.156625,0.9999309923811353
1304.21689,0.9999314803475786
1304.277155,0.9999317243308896
1304.33742,0.9999322112977579
1304.397685,0.9999324552812472
1304.45795,0.9999329432484044
1304.518215,0.9999332812257964
1304.57848,0.9999339181834994
1304.638745,0.9999344061513705
1304.69901,0.9999348941194798
1304.759275,0.9999353810878918
1304.81954,0.9999358690564769
1304.879805,0.9999363570253
1304.94007,0.9999369389884292
1305.000335,0.9999374269577744
1305.0606,0.9999378199332605
1305.120865,0.9999380639181183
1305.18113,0.9999383079030357
1305.241395,0.9999385518880126
1305.30166,0.9999388898673003
1305.361925,0.9999392828433612
1305.42219,0.9999396218228355
1305.482455,0.9999400147991842
1305.54272,0.9999402587845775
1305.602985,0.9999407457556021
1305.66325,0.9999409897411738
1305.723515,0.9999414777124959
1305.78378,0.9999418156927725
1305.844045,0.9999423036644975
1305.90431,0.9999427916364608
1305.964575,0.999943428600222
1306.02484,0.9999439155727903
1306.085105,0.999944498540263
1306.14537,0.9999451355051114
1306.205635,0.9999454734866243
1306.2659,0.9999458664652727
1306.326165,0.9999459614601345
1306.38643,0.9999461104520938
1306.446695,0.9999461104520938
1306.50696,0.9999461104520938
1306.567225,0.9999461104520938
1306.62749,0.9999461104520938
1306.687755,0.9999461104520938
1306.74802,0.9999461104520938
1306.808285,0.9999461104520938
1306.86855,0.9999461104520938
1306.928815,0.9999458664652727
1306.98908,0.9999457714704199
1307.049345,0.999945622478511
1307.10961,0.999945622478511
1307.169875,0.9999458664652727
1307.23014,0.9999459614601345
1307.290405,0.9999463544389746
1307.35067,0.9999465984259148
1307.410935,0.9999468414129677
1307.4712,0.9999469364079222
1307.531465,0.9999470854000269
1307.59173,0.9999473293871455
1307.651995,0.9999475733743236
1307.71226,0.9999476683693476
1307.772525,0.9999478173615612
1307.83279,0.9999480613488585
1307.893055,0.9999483053362151
1307.95332,0.9999485483236829
1308.013585,0.9999485483236829
1308.07385,0.9999485483236829
1308.134115,0.9999483053362151
1308.19438,0.9999479663537971
1308.254645,0.9999475733743236
1308.31491,0.9999474783793086
1308.375175,0.9999473293871455
1308.43544,0.9999473293871455
1308.495705,0.9999470854000269
1308.55597,0.9999470854000269
1308.616235,0.9999470854000269
1308.6765,0.9999470854000269
1308.736765,0.9999470854000269
1308.79703,0.9999470854000269
1308.857295,0.9999473293871455
1308.91756,0.9999475733743236
1308.977825,0.9999478173615612
1309.03809,0.9999483053362151
1309.098355,0.9999487923111584
1309.15862,0.9999492802862882
1309.218885,0.9999500122494293
1309.27915,0.9999504992252037
1309.339415,0.9999510821965147
1309.39968,0.999951719165557
1309.459945,0.9999523011376269
1309.52021,0.9999529381074456
1309.580475,0.999953520080225
1309.64074,0.9999540080576618
1309.701005,0.9999544010396642
1309.76127,0.9999546450285678
1309.821535,0.9999546450285678
1309.8818,0.9999546450285678
1309.942065,0.9999546450285678
1310.00233,0.9999546450285678
1310.062595,0.9999546450285678
1310.12286,0.9999546450285678
1310.183125,0.9999546450285678
1310.24339,0.9999546450285678
1310.303655,0.9999546450285678
1310.36392,0.9999544010396642
1310.424185,0.9999541570508201
1310.48445,0.9999536690733105
1310.544715,0.9999533300890742
1310.60498,0.9999529381074456
1310.665245,0.9999524501305309
1310.72551,0.9999519621538543
1310.785775,0.999951719165557
1310.84604,0.9999513791820303
1310.906305,0.9999508922058272
1310.96657,0.9999504042299109
1311.026835,0.999949768261656
1311.0871,0.9999492802862882
1311.147365,0.9999487923111584
1311.20763,0.9999483053362151
1311.267895,0.9999478173615612
1311.32816,0.9999475733743236
1311.388425,0.9999473293871455
1311.44869,0.9999470854000269
1311.508955,0.9999470854000269
1311.56922,0.9999470854000269
1311.629485,0.9999470854000269
1311.68975,0.9999473293871455
1311.750015,0.9999473293871455
1311.81028,0.9999475733743236
1311.870545,0.9999476683693476
1311.93081,0.9999480613488585
1311.991075,0.9999483053362151
1312.05134,0.9999486443187482
1312.111605,0.9999488883062472
1312.17187,0.9999490362986936
1312.232135,0.9999492802862882
1312.2924,0.9999492802862882
1312.352665,0.9999492802862882
1312.41293,0.9999495242739423
1312.473195,0.999949768261656
1312.53346,0.9999500122494293
1312.593725,0.9999502552373117
1312.65399,0.9999504992252037
1312.714255,0.9999507432131554
1312.77452,0.9999509872011665
1312.834785,0.9999512311892371
1312.89505,0.9999514751773673
1312.955315,0.9999514751773673
1313.01558,0.9999514751773673
1313.075845,0.9999514751773673
1313.13611,0.9999514751773673
1313.196375,0.9999514751773673
1313.25664,0.9999514751773673
1313.316905,0.9999514751773673
1313.37717,0.9999514751773673
1313.437435,0.9999514751773673
1313.4977,0.9999512311892371
1313.557965,0.9999511351939235
1313.61823,0.9999508922058272
1313.678495,0.9999507432131554
1313.73876,0.9999504992252037
1313.799025,0.9999502552373117
1313.85929,0.9999502552373117
1313.919555,0.9999504992252037
1313.97982,0.9999507432131554
1314.040085,0.9999507432131554
1314.10035,0.9999507432131554
1314.160615,0.9999507432131554
1314.22088,0.9999506482178393
1314.281145,0.9999504992252037
1314.34141,0.9999504992252037
1314.401675,0.9999502552373117
1314.46194,0.9999500122494293
1314.522205,0.9999500122494293
1314.58247,0.999949768261656
1314.642735,0.999949768261656
1314.703,0.999949768261656
1314.763265,0.9999495242739423
1314.82353,0.9999495242739423
1314.883795,0.9999492802862882
1314.94406,0.9999489413035396
1315.004325,0.9999486973160278
1315.06459,0.9999485483236829
1315.124855,0.9999485483236829
1315.18512,0.9999487923111584
1315.245385,0.9999488883062472
1315.30565,0.9999490362986936
1315.365915,0.9999491322938057
1315.42618,0.9999492802862882
1315.486445,0.9999492802862882
1315.54671,0.9999495242739423
1315.606975,0.9999495242739423
1315.66724,0.9999495242739423
1315.727505,0.9999495242739423
1315.78777,0.9999495242739423
1315.848035,0.9999495242739423
1315.9083,0.9999496192691516
1315.968565,0.999949768261656
1316.02883,0.9999500122494293
1316.089095,0.9999502552373117
1316.14936,0.9999502552373117
1316.209625,0.9999502552373117
1316.26989,0.999950160242042
1316.330155,0.9999500122494293
1316.39042,0.9999499162542327
1316.450685,0.9999496722664829
1316.51095,0.9999492802862882
1316.571215,0.9999487923111584
1316.63148,0.9999483053362151
1316.691745,0.9999477213665754
1316.75201,0.9999470854000269
1316.812275,0.999946502431046
1316.87254,0.9999458664652727
1316.932805,0.999945039510383
1316.99307,0.999944307550882
1317.053335,0.9999433326056575
1317.1136,0.9999426006474059
1317.173865,0.9999419646841141
1317.23413,0.9999414777124959
1317.294395,0.9999409897411738
1317.35466,0.9999407457556021
1317.414925,0.9999405017700899
1317.47519,0.9999405017700899
1317.535455,0.9999402587845775
1317.59572,0.9999403537789066
1317.655985,0.9999405017700899
1317.71625,0.9999407457556021
1317.776515,0.9999409897411738
1317.83678,0.9999409897411738
1317.897045,0.9999412337268051
1317.95731,0.9999414777124959
1318.017575,0.9999418166927143
1318.07784,0.9999420606785473
1318.138105,0.9999422086699833
1318.19837,0.9999423046644399
1318.258635,0.999942452655912
1318.3189,0.999942452655912
1318.379165,0.9999426966419002
1318.43943,0.9999429406279479
1318.499695,0.9999435235948522
1318.55996,0.9999442555537794
1318.620225,0.9999448915185282
1318.68049,0.9999453784918089
1318.740755,0.9999458664652727
1318.80102,0.9999463544389746
1318.861285,0.9999465984259148
1318.92155,0.9999468414129677
1318.981815,0.9999470854000269
1319.04208,0.9999470854000269
1319.102345,0.9999470854000269
1319.16261,0.9999470854000269
1319.222875,0.9999473293871455
1319.28314,0.9999473293871455
1319.343405,0.9999470854000269
1319.40367,0.9999470854000269
1319.463935,0.9999467454180756
1319.5242,0.9999463544389746
1319.584465,0.9999458664652727
1319.64473,0.9999453784918089
1319.704995,0.9999451355051114
1319.76526,0.9999448915185282
1319.825525,0.9999448915185282
1319.88579,0.9999448915185282
1319.946055,0.9999449875132423
1320.00632,0.9999451355051114
1320.066585,0.9999453784918089
1320.12685,0.999945622478511
1320.187115,0.9999458664652727
1320.24738,0.9999458664652727
1320.307645,0.9999458664652727
1320.36791,0.9999461104520938
1320.428175,0.9999461104520938
1320.48844,0.9999461104520938
1320.548705,0.9999461104520938
1320.60897,0.9999461104520938
1320.669235,0.9999461104520938
1320.7295,0.9999461104520938
1320.789765,0.9999461104520938
1320.85003,0.9999458664652727
1320.910295,0.999945622478511
1320.97056,0.999945622478511
1321.030825,0.9999453784918089
1321.09109,0.9999451355051114
1321.151355,0.9999448915185282
1321.21162,0.9999446475320044
1321.271885,0.9999445515373229
1321.33215,0.9999444035455402
1321.392415,0.9999441595591355
1321.45268,0.9999441595591355
1321.512945,0.9999439155727903
1321.57321,0.9999436715865047
1321.633475,0.9999433316057141
1321.69374,0.9999429406279479
1321.754005,0.9999426966419002
1321.81427,0.999942452655912
1321.874535,0.999942452655912
1321.9348,0.9999422086699833
1321.995065,0.9999419646841141
1322.05533,0.9999418686896901
1322.115595,0.9999417216982462
1322.17586,0.9999414777124959
1322.236125,0.9999414777124959
1322.29639,0.9999412337268051
1322.356655,0.9999409897411738
1322.41692,0.9999407457556021
1322.477185,0.9999405017700899
1322.53745,0.9999402587845775
1322.597715,0.9999402587845775
1322.65798,0.9999402587845775
1322.718245,0.9999402587845775
1322.77851,0.9999405017700899
1322.838775,0.9999405017700899
1322.89904,0.9999405017700899
1322.959305,0.9999407457556021
1323.01957,0.9999408427498592
1323.079835,0.9999410857355134
1323.1401,0.9999414777124959
1323.200365,0.9999419646841141
1323.26063,0.999942452655912
1323.320895,0.9999429406279479
1323.38116,0.999943428600222
1323.441425,0.9999439155727903
1323.50169,0.9999444035455402
1323.561955,0.9999446475320044
1323.62222,0.9999448915185282
1323.682485,0.9999451355051114
1323.74275,0.9999448915185282
1323.803015,0.9999448915185282
1323.86328,0.9999446475320044
1323.923545,0.9999446475320044
1323.98381,0.9999446475320044
1324.044075,0.9999446475320044
1324.10434,0.9999446475320044
1324.164605,0.9999446475320044
1324.22487,0.9999446475320044
1324.285135,0.9999446475320044
1324.3454,0.9999444035455402
1324.405665,0.9999443065509377
1324.46593,0.9999441595591355
1324.526195,0.9999439155727903
1324.58646,0.9999436715865047
1324.646725,0.999943428600222
1324.70699,0.999943428600222
1324.767255,0.9999431846140552
1324.82752,0.9999431846140552
1324.887785,0.9999431846140552
1324.94805,0.9999429406279479
1325.008315,0.999942452655912
1325.06858,0.9999419646841141
1325.128845,0.9999413807181773
1325.18911,0.9999408927469026
1325.249375,0.9999405017700899
1325.30964,0.9999402587845775
1325.369905,0.9999402587845775
1325.43017,0.9999402587845775
1325.490435,0.9999402587845775
1325.5507,0.9999405017700899
1325.610965,0.9999407457556021
1325.67123,0.9999409897411738
1325.731495,0.9999410867354546
1325.79176,0.9999412337268051
1325.852025,0.9999412337268051
1325.91229,0.9999412337268051
1325.972555,0.9999412337268051
1326.03282,0.9999412337268051
1326.093085,0.9999414777124959
1326.15335,0.9999415737068823
1326.213615,0.9999417216982462
1326.27388,0.9999417216982462
1326.334145,0.9999417216982462
1326.39441,0.9999414777124959
1326.454675,0.9999412337268051
1326.51494,0.9999409897411738
1326.575205,0.9999407457556021
1326.63547,0.9999405017700899
1326.695735,0.9999405017700899
1326.756,0.9999405017700899
1326.816265,0.9999405987643233
1326.87653,0.9999408427498592
1326.936795,0.9999412337268051
1326.99706,0.9999414777124959
1327.057325,0.9999414777124959
1327.11759,0.9999414777124959
1327.177855,0.9999412337268051
1327.23812,0.9999412337268051
1327.298385,0.9999409897411738
1327.35865,0.9999408927469026
1327.418915,0.9999407457556021
1327.47918,0.9999407457556021
1327.539445,0.9999407457556021
1327.59971,0.9999405017700899
1327.659975,0.9999402587845775
1327.72024,0.999940161790377
1327.780505,0.9999397708138502
1327.84077,0.9999394298344465
1327.901035,0.9999387948731102
1327.9613,0.9999382109090246
1328.021565,0.9999375759484622
1328.08183,0.9999369919850883
1328.142095,0.999936601009801
1328.20236,0.9999362600314781
1328.262625,0.9999358690564769
1328.32289,0.9999355280784037
1328.383155,0.99993504110992
1328.44342,0.9999345531417391
1328.503685,0.9999341621674053
1328.56395,0.9999336751995869
1328.624215,0.9999333342222617
1328.68448,0.9999328462549137
1328.744745,0.9999324552812472
1328.80501,0.9999324552812472
1328.865275,0.9999324552812472
1328.92554,0.9999324552812472
1328.985805,0.9999324552812472
1329.04607,0.9999326992647961
1329.106335,0.9999329432484044
1329.1666,0.9999328462549137
1329.226865,0.999932602271329
1329.28713,0.9999322112977579
1329.347395,0.9999318713208639
1329.40766,0.9999314803475786
1329.467925,0.999931139371002
1329.52819,0.999930651404725
1329.588455,0.999930261431847
1329.64872,0.9999297734659985
1329.708985,0.9999291885072521
1329.76925,0.9999285545523475
1329.829515,0.9999278226049135
1329.88978,0.9999270916579424
1329.950045,0.9999263597115792
1330.01031,0.9999258717476347
1330.070575,0.9999253847838537
1330.13084,0.999924896820385
1330.191105,0.9999245558460533
1330.25137,0.9999241648756284
1330.311635,0.9999241648756284
1330.3719,0.9999239208941619
1330.432165,0.9999235809200867
1330.49243,0.9999231899500429
1330.552695,0.9999228489762934
1330.61296,0.9999223610140621
1330.673225,0.9999217270634861
1330.73349,0.9999212391018024
1330.793755,0.9999206541480486
1330.85402,0.9999200201985549
1330.914285,0.9999194352455142
1330.97455,0.9999187033047554
1331.034815,0.999917728384495
1331.09508,0.999916753465185
1331.155345,0.99991577754691
1331.21561,0.9999150466087438
1331.275875,0.999914167683804
1331.33614,0.9999134367468147
1331.396405,0.9999128517976252
1331.45667,0.9999122178530782
1331.516935,0.9999114859176026
1331.5772,0.9999107549825735
1331.637465,0.9999100230481688
1331.69773,0.9999091941231032
1331.757995,0.9999084631897495
1331.81826,0.9999077312570224
1331.878525,0.9999070003247379
1331.93879,0.999906121406871
1331.999055,0.9999053904757633
1332.05932,0.9999046585452854
1332.119585,0.9999038296246671
1332.17985,0.9999030986952347
1332.240115,0.9999021237901888
1332.30038,0.9999012448766083
1332.360645,0.9999004169587202
1332.42091,0.999899685031883
1332.481175,0.9998989551053793
1332.54144,0.9998982251794085
1332.601705,0.9998975852447491
1332.66197,0.9998970053043179
1332.722235,0.9998962753797704
1332.7825,0.9998955354568004
1332.842765,0.999894805533326
1332.90303,0.999893835635835
1332.963295,0.9998928557403562
1333.02356,0.9998918858447565
1333.083825,0.9998909059511886
1333.14409,0.9998899360574802
1333.204355,0.9998890561547237
1333.26462,0.9998880762639287
1333.324885,0.9998871063729652
1333.38515,0.9998862764670113
1333.445415,0.9998852965789405
1333.50568,0.9998843266906732
1333.565945,0.9998834467928529
1333.62621,0.9998827168782032
1333.686475,0.9998822269357919
1333.74674,0.9998817369936207
1333.807005,0.9998812470516897
1333.86727,0.9998807671088062
1333.927535,0.9998805171386457
1333.9878,0.9998800371961126
1334.048065,0.9998797872261346
1334.10833,0.9998795472550145
1334.168595,0.9998790573141564
1334.22886,0.9998788173432114
1334.289125,0.999878327402711
1334.34939,0.9998778374624505
1334.409655,0.999877257533473
1334.46992,0.999876617612233
1334.530185,0.9998761276728103
1334.59045,0.9998756477323842
1334.650715,0.9998750578059261
1334.71098,0.9998744278848382
1334.771245,0.9998739379464885
1334.83151,0.999873448008379
1334.891775,0.9998731080514645
1334.95204,0.9998726181137615
1335.012305,0.9998718882070167
1335.07257,0.9998709183317556
1335.132835,0.9998699384587357
1335.1931,0.9998689585866761
1335.253365,0.9998677487459682
1335.31363,0.9998667688760546
1335.373895,0.9998655490393407
1335.43416,0.9998645791702284
1335.494425,0.9998631093703774
1335.55469,0.9998616495713034
1335.614955,0.9998599398093444
1335.67522,0.9998582300503093
1335.735485,0.999856770258359
1335.79575,0.9998552104830141
1335.856015,0.999853600717421
1335.91628,0.9998520409470205
1335.976545,0.9998506811491695
1336.03681,0.9998495513185381
1336.097075,0.9998487214437549
1336.15734,0.9998477515909655
1336.217605,0.9998470217023733
1336.27787,0.9998462918143138
1336.338135,0.9998456519128919
1336.3984,0.9998450720025819
1336.458665,0.9998444321019406
1336.51893,0.9998441921393056
1336.579195,0.9998439521767284
1336.63946,0.9998437022157716
1336.699725,0.9998434622533118
1336.75999,0.9998431223065924
1336.820255,0.9998427323678508
1336.88052,0.999842242445032
1336.940785,0.9998419024987273
1337.00105,0.9998414125763151
1337.061315,0.9998407826764236
1337.12158,0.9998401927705358
1337.181845,0.9998398028329367
1337.24211,0.9998393129115534
1337.302375,0.9998389729662448
1337.36264,0.999838483045268
1337.422905,0.9998378531472222
1337.48317,0.9998372632430628
1337.543435,0.9998363933850222
1337.6037,0.9998355635211601
1337.663965,0.9998348336414651
1337.72423,0.9998340937639619
1337.784495,0.9998333638853399
1337.84476,0.9998327339905191
1337.905025,0.99983214408938
1337.96529,0.9998317541549199
1338.025555,0.9998312742357931
1338.08582,0.9998310242780057
1338.146085,0.9998305343609238
1338.20635,0.9998301944186
1338.266615,0.9998298044849002
1338.32688,0.999829564525776
1338.387145,0.9998293145684161
1338.44741,0.9998293145684161
1338.507675,0.9998293145684161
1338.56794,0.9998293145684161
1338.628205,0.9998293145684161
1338.68847,0.9998293145684161
1338.748735,0.9998290746094094
1338.809,0.9998288346504602
1338.869265,0.9998285846932828
1338.92953,0.9998281047756773
1338.989795,0.9998278548186824
1339.05006,0.9998275148772695
1339.110325,0.9998271249446148
1339.17059,0.9998268849861336
1339.230855,0.9998266350294436
1339.29112,0.9998262950884454
1339.351385,0.9998259051562665
1339.41165,0.9998255652155165
1339.471915,0.999825175283622
1339.53218,0.9998249253273594
1339.592445,0.9998246853694062
1339.65271,0.9998244454115105
1339.712975,0.99982454539396
1339.77324,0.9998246853694062
1339.833505,0.9998246853694062
1339.89377,0.9998246853694062
1339.954035,0.9998246853694062
1340.0143,0.9998244454115105
1340.074565,0.9998241954554304
1340.13483,0.9998238555152618
1340.195095,0.9998234655840341
1340.25536,0.9998231256441136
1340.315625,0.9998228856865923
1340.37589,0.999822635730902
1340.436155,0.9998222458001502
1340.49642,0.99982200584284
1340.556685,0.9998217558873698
1340.61695,0.9998212759730422
1340.677215,0.9998207860607369
1340.73748,0.9998200561918295
1340.797745,0.9998194662981703
1340.85801,0.999818836412105
1340.918275,0.9998183465009952
1340.97854,0.9998178565901255
1341.038805,0.9998172766959368
1341.09907,0.9998167867855913
1341.159335,0.9998162968754857
1341.2196,0.9998156669914171
1341.279865,0.9998151770818603
1341.34013,0.9998146871725436
1341.400395,0.9998142072616089
1341.46066,0.9998136173714006
1341.520925,0.9998129874890201
1341.58119,0.9998126375545358
1341.641455,0.9998122476276832
1341.70172,0.9998122476276832
1341.761985,0.9998120076727725
1341.82225,0.9998117677179195
1341.882515,0.9998115177650088
1341.94278,0.9998112778102732
1342.003045,0.9998110378555954
1342.06331,0.9998107879028671
1342.123575,0.999810447967257
1342.18384,0.9998100580412584
1342.244105,0.9998094681534981
1342.30437,0.9998088382737317
1342.364635,0.9998081084135462
1342.4249,0.9998075185269362
1342.485165,0.999806788667714
1342.54543,0.9998060588090247
1342.605695,0.99980517898008
1342.66596,0.9998041091891109
1342.726225,0.999803129381564
1342.78649,0.9998021595729989
1342.846755,0.9998011797673626
1342.90702,0.9998004499127677
1342.967285,0.9997997200587058
1343.02755,0.9997992301569629
1343.087815,0.9997987402554601
1343.14808,0.9997983603320111
1343.208345,0.9997978704309345
1343.26861,0.9997975304997163
1343.328875,0.9997970405990464
1343.38914,0.9997964007291452
1343.449405,0.9997958208474009
1343.50967,0.9997950909967181
1343.569935,0.9997943611465681
1343.6302,0.9997937212783817
1343.690465,0.9997932313795783
1343.75073,0.9997927514789424
1343.810995,0.9997921616013931
1343.87126,0.9997916717033539
1343.931525,0.9997910418347992
1343.99179,0.999790311987605
1344.052055,0.9997895821409437
1344.11232,0.9997887523159349
1344.172585,0.9997880224704121
1344.23285,0.9997872826275491
1344.293115,0.9997866527617595
1344.35338,0.9997860628878084
1344.413645,0.9997854330227872
1344.47391,0.999784943128045
1344.534175,0.9997843632529462
1344.59444,0.9997838733587282
1344.654705,0.9997832434950864
1344.71497,0.9997826536231468
1344.775235,0.9997820237602734
1344.8355,0.9997815338672018
1344.895765,0.9997809439962708
1344.95603,0.9997804641015329
1345.016295,0.9997799742092255
1345.07656,0.9997795842951116
1345.136825,0.9997792443701107
1345.19709,0.9997790944032353
1345.257355,0.9997788544562815
1345.31762,0.9997788544562815
1345.377885,0.9997786045115991
1345.43815,0.9997786045115991
1345.498415,0.9997786045115991
1345.55868,0.9997786045115991
1345.618945,0.9997786045115991
1345.67921,0.9997783645647628
1345.739475,0.9997781246179841
1345.79974,0.9997780246401766
1345.860005,0.9997777746957017
1345.92027,0.999777634726823
1345.980535,0.9997773847824456
1346.0408,0.9997773847824456
1346.101065,0.9997771448359021
1346.16133,0.9997769048894161
1346.221595,0.999776654945221
1346.28186,0.999776654945221
1346.342125,0.999776654945221
1346.40239,0.9997769048894161
1346.462655,0.9997771448359021
1346.52292,0.999777484760189
1346.583185,0.9997778746734841
1346.64345,0.9997783645647628
1346.703715,0.9997789544341719
1346.76398,0.9997795842951116
1346.824245,0.9997803141344744
1346.88451,0.9997810439743702
1346.944775,0.9997816338453601
1347.00504,0.9997821237384807
1347.065305,0.9997825036557599
1347.12557,0.9997828535796975
1347.185835,0.9997833434734158
1347.2461,0.9997839733371205
1347.306365,0.9997845532119932
1347.36663,0.999784943128045
1347.426895,0.9997852930528364
1347.48716,0.9997856729713199
1347.547425,0.9997859229177694
1347.60769,0.9997864128129916
1347.667955,0.9997867527404298
1347.72822,0.9997871426573394
1347.788485,0.9997873826062824
1347.84875,0.9997873826062824
1347.909015,0.9997876325531593
1347.96928,0.9997878725022199
1348.029545,0.9997883623983975
1348.08981,0.9997888522948151
1348.150075,0.9997894321725176
1348.21034,0.9997898220904722
1348.270605,0.9997901620190695
1348.33087,0.9997905519373087
1348.391135,0.9997910418347992
1348.4514,0.9997915317325297
1348.511665,0.9997920216305003
1348.57193,0.999792601510041
1348.632195,0.9997930914085358
1348.69246,0.9997937212783817
1348.752725,0.9997945511075148
1348.81299,0.999795530906655
1348.873255,0.9997965007087903
1348.93352,0.9997977204612652
1348.993785,0.9997987002635114
1349.05405,0.9997999200186697
1349.114315,0.9998008898250625
1349.17458,0.9998018696304146
1349.234845,0.9998030893894396
1349.29511,0.9998040591989067
1349.355375,0.9998050390073648
1349.41564,0.9998062587702564
1349.475905,0.9998074785346363
1349.53617,0.9998086983005041
1349.596435,0.9998099180678601
1349.6567,0.9998111278385928
1349.716965,0.999812597562031
1349.77723,0.9998139173155308
1349.837495,0.999815277063383
1349.89776,0.9998167367947531
1349.958025,0.9998182065264365
1350.01829,0.9998195162891449
1350.078555,0.9998209860249141
1350.13882,0.9998225957379975
1350.199085,0.9998240554800528
1350.25935,0.9998255152242395
1350.319615,0.9998270749532597
1350.37988,0.9998286846761463
1350.440145,0.9998300044508811
1350.50041,0.9998313642206118
1350.560675,0.9998325840156203
1350.62094,0.999834053770599
1350.681205,0.9998352735688887
1350.74147,0.9998367333294537
1350.801735,0.9998379531310124
1350.862,0.9998390729501471
1350.922265,0.9998401427785275
1350.98253,0.9998411226223475
1351.042795,0.9998420924687068
1351.10306,0.9998430723144376
1351.163325,0.9998441921393056
1351.22359,0.9998452619731636
1351.283855,0.9998462418220004
1351.34412,0.9998472116733255
1351.404385,0.9998480915392588
1351.46465,0.9998489214135192
1351.524915,0.9998496513034982
1351.58518,0.9998502912074798
1351.645445,0.9998508711208169
1351.70571,0.9998513610478639
1351.765975,0.9998518509751507
1351.82624,0.9998523409026778
1351.886505,0.9998528208319166
1351.94677,0.9998534607379267
1352.007035,0.9998540406531021
1352.0673,0.9998547705468182
1352.127565,0.9998555104396222
1352.18783,0.9998562403344112
1352.248095,0.999856870244041
1352.30836,0.9998576001398227
1352.368625,0.9998581900559809
1352.42889,0.999858919952726
1352.489155,0.9998598898163487
1352.54942,0.9998608696795208
1352.609685,0.9998618495436533
1352.66995,0.9998627194238408
1352.730215,0.9998635493102423
1352.79048,0.9998645291770007
1352.850745,0.9998653990595195
1352.91101,0.9998662389468075
1352.971275,0.9998671088308138
1353.03154,0.9998679387208586
1353.091805,0.9998685686378583
1353.15207,0.9998693085408729
1353.212335,0.9998701384327434
1353.2726,0.9998710083201422
1353.332865,0.9998718382134235
1353.39313,0.9998728180883051
1353.453395,0.9998736979767722
1353.51366,0.9998745278722859
1353.573925,0.9998752577809576
1353.63419,0.9998758877025685
1353.694455,0.9998767175998997
1353.75472,0.9998774475101699
1353.814985,0.9998781774209731
1353.87525,0.9998790573141564
1353.935515,0.9998798872141184
1353.99578,0.999880867096888
1354.056045,0.99988208695229
1354.11631,0.9998830568383846
1354.176575,0.9998842766964581
1354.23684,0.9998854965560198
1354.297105,0.9998864664454219
1354.35737,0.999887686307655
1354.417635,0.9998889061713765
1354.4779,0.9998902260256037
1354.538165,0.9998918358501635
1354.59843,0.9998935456666647
1354.658695,0.9998952454871372
1354.71896,0.9998969553094689
1354.779225,0.9998986651347244
1354.83949,0.9999001259877413
1354.899755,0.9999015888426956
1354.96002,0.9999025637472201
1355.020285,0.999903538652695
1355.08055,0.999904514559025
1355.140815,0.9999053904757633
1355.20108,0.999906121406871
1355.261345,0.9999067093518432
1355.32161,0.9999073412930832
1355.381875,0.9999080722256168
1355.44214,0.9999085601808752
1355.502405,0.9999090481363716
1355.56267,0.9999093911052339
1355.622935,0.9999097790701529
1355.6832,0.9999100230481688
1355.743465,0.9999102670262442
1355.80373,0.9999103660173655
1355.863995,0.9999106099955246
1355.92426,0.9999109979609165
1355.984525,0.9999115859087562
1356.04479,0.9999119738745268
1356.105055,0.9999122178530782
1356.16532,0.9999127048104468
1356.225585,0.9999130487804765
1356.28585,0.9999134367468147
1356.346115,0.9999139247046909
1356.40638,0.999914167683804
1356.466645,0.9999144116628907
1356.52691,0.9999144116628907
1356.587175,0.999914655642037
1356.64744,0.9999148996212427
1356.707705,0.9999152425921121
1356.76797,0.9999156315592171
1356.828235,0.9999162185098651
1356.8885,0.9999167064690988
1356.948765,0.999917338416657
1357.00903,0.9999179253683069
1357.069295,0.9999189002887594
1357.12956,0.9999197762180997
1357.189825,0.999920607151779
1357.25009,0.9999213390939313
1357.310355,0.9999220700366973
1357.37062,0.9999228019799206
1357.430885,0.9999235329237559
1357.49115,0.9999244088571544
1357.551415,0.9999251408020896
1357.61168,0.9999259717402269
1357.671945,0.9999267036863061
1357.73221,0.9999274346329936
1357.792475,0.9999281665801437
1357.85274,0.9999288975279006
1357.913005,0.9999296294761215
1357.97327,0.9999301174418997
1358.033535,0.99993050441493
1358.0938,0.9999309923811353
1358.154065,0.9999314803475786
1358.21433,0.9999319683142601
1358.274595,0.9999324552812472
1358.33486,0.9999330432417038
1358.395125,0.9999335302092145
1358.45539,0.9999340181768962
1358.515655,0.9999345061448162
1358.57592,0.9999349941129743
1358.636185,0.9999353810878918
1358.69645,0.9999356250721546
1358.756715,0.9999358690564769
1358.81698,0.9999361130408587
1358.877245,0.9999363570253
1358.93751,0.999936701003466
1358.997775,0.9999370879790442
1359.05804,0.9999375759484622
1359.118305,0.9999380639181183
1359.17857,0.9999385518880126
1359.238835,0.9999390388582059
1359.2991,0.9999396268225337
1359.359365,0.9999401147931906
1359.41963,0.9999406017641451
1359.479895,0.9999412337268051
1359.54016,0.9999417216982462
1359.600425,0.9999422086699833
1359.66069,0.9999427966361748
1359.720955,0.9999432846083787
1359.78122,0.9999439155727903
1359.841485,0.9999444035455402
1359.90175,0.9999447475264741
1359.962015,0.9999451355051114
1360.02228,0.9999453784918089
1360.082545,0.9999453784918089
1360.14281,0.999945622478511
1360.203075,0.999945622478511
1360.26334,0.9999458664652727
1360.323605,0.9999458664652727
1360.38387,0.9999461104520938
1360.444135,0.9999463544389746
1360.5044,0.9999465984259148
1360.564665,0.9999466984205797
1360.62493,0.9999468414129677
1360.685195,0.9999470854000269
1360.74546,0.9999470854000269
1360.805725,0.9999473293871455
1360.86599,0.9999475733743236
1360.926255,0.9999478173615612
1360.98652,0.9999483053362151
1361.046785,0.9999487923111584
1361.10705,0.9999492802862882
1361.167315,0.999949768261656
1361.22758,0.9999502552373117
1361.287845,0.9999505992202588
1361.34811,0.9999510871962702
1361.408375,0.999951719165557
1361.46864,0.9999522061421628
1361.528905,0.9999526941189585
1361.58917,0.9999531820959923
1361.649435,0.9999536690733105
1361.7097,0.9999541570508201
1361.769965,0.9999546450285678
1361.83023,0.9999548890175309
1361.890495,0.9999551320065986
1361.95076,0.9999553759956805
1362.011025,0.9999553759956805
1362.07129,0.9999554759912231
1362.131555,0.999955619984822
1362.19182,0.999955719980389
1362.252085,0.999955863974023
1362.31235,0.999955863974023
1362.372615,0.999955619984822
1362.43288,0.9999553759956805
1362.493145,0.9999553759956805
1362.55341,0.9999553759956805
1362.613675,0.9999554759912231
1362.67394,0.999955619984822
1362.734205,0.9999559639696145
1362.79447,0.9999563519526038
1362.854735,0.9999565959419834
1362.915,0.9999569399271115
1362.975265,0.9999573269105222
1363.03553,0.9999575709001397
1363.095795,0.9999575709001397
1363.15606,0.9999578148898168
1363.216325,0.9999578148898168
1363.27659,0.9999580588795534
1363.336855,0.9999581588753643
1363.39712,0.9999584028651848
1363.457385,0.9999587898491616
1363.51765,0.9999590338391361
1363.577915,0.9999590338391361
1363.63818,0.9999590338391361
1363.698445,0.9999587898491616
1363.75871,0.9999584458633971
1363.818975,0.9999580588795534
1363.87924,0.9999577138940826
1363.939505,0.9999575709001397
1363.99977,0.9999573269105222
1364.060035,0.9999573269105222
1364.1203,0.9999573269105222
1364.180565,0.9999573269105222
1364.24083,0.9999573269105222
1364.301095,0.9999573269105222
1364.36136,0.9999573269105222
1364.421625,0.9999570829209642
1364.48189,0.9999570829209642
1364.542155,0.9999568389314657
1364.60242,0.9999568389314657
1364.662685,0.9999568389314657
1364.72295,0.9999570829209642
1364.783215,0.9999573269105222
1364.84348,0.9999575709001397
1364.903745,0.9999578148898168
1364.96401,0.9999580588795534
1365.024275,0.9999580588795534
1365.08454,0.9999580588795534
1365.144805,0.9999580588795534
1365.20507,0.9999583018693912
1365.265335,0.9999583018693912
1365.3256,0.9999583018693912
1365.385865,0.9999583018693912
1365.44613,0.9999583018693912
1365.506395,0.9999580588795534
1365.56666,0.9999580588795534
1365.626925,0.9999578148898168
1365.68719,0.9999575709001397
1365.747455,0.9999574699044301
1365.80772,0.9999573269105222
1365.867985,0.9999570829209642
1365.92825,0.9999570829209642
1365.988515,0.9999573269105222
1366.04878,0.9999574279062173
1366.109045,0.9999576708959018
1366.16931,0.9999578148898168
1366.229575,0.9999580588795534
1366.28984,0.9999581588753643
1366.350105,0.9999583018693912
1366.41037,0.9999585458592466
1366.470635,0.9999587898491616
1366.5309,0.9999591348350036
1366.591165,0.9999595218192636
1366.65143,0.9999598658053983
1366.711695,0.999960353785932
1366.77196,0.9999608417667036
1366.832225,0.9999612287516243
1366.89249,0.9999614727421938
1366.952755,0.9999617157328613
1367.01302,0.9999617157328613
1367.073285,0.9999617157328613
1367.13355,0.9999619597235496
1367.193815,0.9999622037142976
1367.25408,0.9999624477051051
1367.314345,0.9999626916959721
1367.37461,0.9999631786779215
1367.434875,0.9999635236652776
1367.49514,0.9999640116475963
1367.555405,0.9999643986337436
1367.61567,0.9999646426250867
1367.675935,0.9999648856165244
1367.7362,0.9999651296079862
1367.796465,0.9999653735995077
1367.85673,0.9999653735995077
1367.916995,0.9999656175910886
1367.97726,0.999966105574429
1368.037525,0.9999663495661886
1368.09779,0.9999666935546719
1368.158055,0.9999668365499194
1368.21832,0.9999670805418572
1368.278585,0.9999673245338546
1368.33885,0.9999674255305595
1368.399115,0.9999675685259116
1368.45938,0.9999678125180281
1368.519645,0.9999680565102042
1368.57991,0.9999682995024713
1368.640175,0.9999685434947663
1368.70044,0.9999687874871206
1368.760705,0.9999690314795345
1368.82097,0.999969275472008
1368.881235,0.9999696194614979
1368.9415,0.9999697624571637
1369.001765,0.9999700064498155
1369.06203,0.9999702504425269
1369.122295,0.9999703514395273
1369.18256,0.9999705954323228
1369.242825,0.9999707384281281
1369.30309,0.9999709824210181
1369.363355,0.9999709824210181
1369.42362,0.9999709824210181
1369.483885,0.9999709824210181
1369.54415,0.9999710834180924
1369.604415,0.9999712264139675
1369.66468,0.9999712264139675
1369.724945,0.9999712264139675
1369.78521,0.9999714694070051
1369.845475,0.9999717134000734
1369.90574,0.9999718143972216
1369.966005,0.9999719573932012
1370.02627,0.9999722013863886
1370.086535,0.9999724453796355
1370.1468,0.9999726893729419
1370.207065,0.9999730333636063
1370.26733,0.9999734203532451
1370.327595,0.9999739083403932
1370.38786,0.9999744973251987
1370.448125,0.9999751273093305
1370.50839,0.9999757772933745
1370.568655,0.9999762552819103
1370.62892,0.9999766942715828
1370.689185,0.999977167260671
1370.74945,0.9999776552496477
1370.809715,0.9999781182394092
1370.86998,0.9999785822293638
1370.930245,0.9999791182180274
1370.99051,0.9999796792064701
1371.050775,0.9999801811963951
1371.11104,0.9999805371894029
1371.171305,0.9999806971863017
1371.23157,0.9999807601850876
1371.291835,0.9999808091841461
1371.3521,0.999980785184607
1371.412365,0.9999806771866879
1371.47263,0.9999805311895198
1371.532895,0.9999804431912369
1371.59316,0.9999804921902798
1371.653425,0.9999805651888584
1371.71369,0.9999806001881788
1371.773955,0.9999806481872487
1371.83422,0.9999807211858387
1371.894485,0.9999807701848953
1371.95475,0.9999807501852801
1372.015015,0.9999806871864948
1372.07528,0.9999806631869586
1372.135545,0.9999807701848953
1372.19581,0.9999810001804988
1372.256075,0.9999812681754429
1372.31634,0.9999814771715497
1372.376605,0.9999816831677553
1372.43687,0.9999819021637678
1372.497135,0.9999821461593817
1372.5574,0.9999823651554957
1372.617665,0.9999826441506144
1372.67793,0.9999829021461699
1372.738195,0.9999831211424495
1372.79846,0.9999832581401465
1372.858725,0.9999833791381281
1372.91899,0.9999835011361078
1372.979255,0.9999836231341024
1373.03952,0.9999837801315435
1373.099785,0.9999839501288006
1373.16005,0.9999840771267703
1373.220315,0.9999841601254521
1373.28058,0.99998429212337
1373.340845,0.9999845111199539
1373.40111,0.9999848141153067
1373.461375,0.9999851801098156
1373.52164,0.9999855701041119
1373.581905,0.9999859260990382
1373.64217,0.9999862040951644
1373.702435,0.9999865210908413
1373.7627,0.9999869210855298
1373.822965,0.9999873750796949
1373.88323,0.9999877990744319
1373.943495,0.999988238069172
1374.00376,0.9999886430644905
1374.064025,0.9999889980605218
1374.12429,0.9999892660576092
1374.184555,0.9999895000551248
1374.24482,0.9999896460536025
1374.305085,0.9999897340526952
1374.36535,0.999989724052798
1374.425615,0.999989592054163
1374.48588,0.999989372056477
1374.546145,0.9999891040593611
1374.60641,0.9999888600620496
1374.666675,0.9999886650642409
1374.72694,0.9999884460667472
1374.787205,0.9999881770698914
1374.84747,0.9999879680723842
1374.907735,0.9999877730747495
1374.968,0.9999876270765452
1375.028265,0.9999875980769045
1375.08853,0.9999876960756939
1375.148795,0.9999879010731926
1375.20906,0.9999881790698677
1375.269325,0.9999884960661708
1375.32959,0.9999888860617603
1375.389855,0.999989287057384
1375.45012,0.9999897260527774
1375.510385,0.9999902134478886
1375.57065,0.9999906767434619
1375.630915,0.9999910811397733
1375.69118,0.9999914124368733
1375.751445,0.9999916806346061
1375.81171,0.9999919244326075
1375.871975,0.9999921581307476
1375.93224,0.9999923878289727
1375.992505,0.9999925483277639
1376.05277,0.9999926113272963
1376.113035,0.999992586927477
1376.1733,0.9999925280279153
1376.233565,0.9999924792282812
1376.29383,0.9999924305286486
1376.354095,0.9999923675291275
1376.41436,0.9999922598299553
1376.474625,0.9999921135310984
1376.53489,0.9999919082327385
1376.595155,0.9999916887345388
1376.65542,0.9999915038360926
1376.715685,0.9999913677372582
1376.77595,0.9999912600381937
1376.836215,0.999991127939357
1376.89648,0.9999909816406657
1376.956745,0.9999908109422196
1377.01701,0.9999906402438028
1377.077275,0.999990469545415
1377.13754,0.9999902744472935
1377.197805,0.9999900549494524
1377.25807,0.9999897870521525
1377.318335,0.9999895080550408
1377.3786,0.9999892750575126
1377.438865,0.9999890650597869
1377.49913,0.9999889430611284
1377.559395,0.9999889050615492
1377.61966,0.9999889050615492
1377.679925,0.9999889880606319
1377.74019,0.9999890860595575
1377.800455,0.9999891830585035
1377.86072,0.9999892810574482
1377.920985,0.999989403056148
1377.98125,0.9999896080539966
1378.041515,0.9999898620513894
1378.10178,0.9999902033479875
1378.162045,0.9999906037441451
1378.22231,0.9999910670398992
1378.282575,0.9999915547356615
1378.34284,0.9999920912312745
1378.403105,0.9999927699261371
1378.46337,0.9999934669213406
1378.523635,0.9999940176178945
1378.5839,0.9999944809152302
1378.644165,0.99999488531308
1378.70443,0.999995202311509
1378.764695,0.9999954360104151
1378.82496,0.9999955965096954
1378.885225,0.999995718409166
1378.94549,0.9999957570090016
1379.005755,0.9999957326091053
1379.06602,0.9999956737093584
1379.126285,0.9999955517098936
1379.18655,0.9999954298104433
1379.246815,0.9999953079110079
1379.30708,0.999995161611705
1379.367345,0.999994946112771
1379.42761,0.9999945560148186
1379.487875,0.9999942349166182
1379.54814,0.9999941130173283
1379.608405,0.9999939809181148
1379.66867,0.9999937858193081
1379.728935,0.9999936253203183
1379.7892,0.9999935278209446
1379.849465,0.9999934892211952
1379.90973,0.9999934546214211
1379.969995,0.999993357122064
1380.03026,0.9999932351228819
1380.090525,0.9999930786239528
1380.15079,0.9999929079251488
1380.211055,0.9999927129265509
1380.27132,0.9999924934281744
1380.331585,0.9999922739298462
1380.39185,0.9999920646314852
1380.452115,0.9999918248334169
1380.51238,0.9999915078360586
1380.572645,0.999991142039232
1380.63291,0.9999908108422205
1380.693175,0.9999906157440324
1380.75344,0.9999904796453188
1380.813705,0.9999903577464868
1380.87397,0.9999903191468598
1380.934235,0.9999903781462903
1380.9945,0.9999905244448933
1381.054765,0.9999906951432904
1381.11503,0.9999908516418465
1381.175295,0.9999910121403911
1381.23556,0.9999911584390868
1381.295825,0.9999913047378041
1381.35609,0.9999914612364554
1381.416355,0.9999916217350978
1381.47662,0.9999918026335985
1381.536885,0.9999920709314353
1381.59715,0.9999923737290801
1381.657415,0.9999926907267128
1381.71768,0.999992983324617
1381.777945,0.9999932901225114
1381.83821,0.9999935828205901
1381.898475,0.9999938022192063
1381.95874,0.99999402171787
1382.019005,0.9999943835157725
1382.07927,0.9999948224134038
1382.139535,0.9999950946120315
1382.1998,0.9999953039110266
1382.260065,0.9999954014105735
1382.32033,0.9999954888101754
1382.380595,0.9999955721098032
1382.44086,0.9999956453094817
1382.501125,0.9999956941092704
1382.56139,0.9999957326091053
1382.621655,0.9999957326091053
1382.68192,0.9999956838093148
1382.742185,0.9999956005096778
1382.80245,0.999995502910112
1382.862715,0.9999953566107805
1382.92298,0.9999952245114027
1382.983245,0.9999950435122834
1383.04351,0.9999947022140333
1383.103775,0.9999943608159002
1383.16404,0.9999940540176774
1383.224305,0.9999937614194601
1383.28457,0.9999935175210114
1383.344835,0.9999932980224584
1383.4051,0.999993054224122
1383.465365,0.9999928347256707
1383.52563,0.9999925806275237
1383.585895,0.9999923226294711
1383.64616,0.9999920544315662
1383.706425,0.9999917862337332
1383.76669,0.999991517935973
1383.826955,0.9999912497382838
1383.88722,0.9999909814406674
1383.947485,0.9999907132431222
1384.00775,0.9999904450456488
1384.068015,0.9999902845471953
1384.12828,0.999990329346761
1384.188545,0.9999906424437822
1384.24881,0.9999912238385107
1384.309075,0.9999918090335461
1384.36934,0.9999922762298284
1384.429605,0.9999926318271452
1384.48987,0.9999929346249599
1384.550135,0.9999932170230045
1384.6104,0.9999934853212206
1384.670665,0.9999937637194457
1384.73093,0.9999940461177245
1384.791195,0.999994314416163
1384.85146,0.9999946172144872
1384.911725,0.999994909812955
1384.97199,0.999995202511508
1385.032255,0.9999954605103035
1385.09252,0.9999956209095883
1385.152785,0.9999956248095712
1385.21305,0.9999954683102681
1385.273315,0.99999520001152
1385.33358,0.9999949908125461
1385.393845,0.9999949869125656
1385.45411,0.9999950601122013
1385.514375,0.9999951474117739
1385.57464,0.9999951718116558
1385.634905,0.9999950986120119
1385.69517,0.9999949420127917
1385.755435,0.9999947123139798
1385.8157,0.9999944582153557
1385.875965,0.9999941758169606
1385.93623,0.9999939076185587
1385.996495,0.9999936150203841
1386.05676,0.9999933468221325
1386.117025,0.9999930541241228
1386.17729,0.9999927756260959
1386.237555,0.9999924586284363
1386.29782,0.9999921070311496
1386.358085,0.9999917168343057
1386.41835,0.9999913369375245
1386.478615,0.9999910058404476
1386.53888,0.999990772242576
1386.599145,0.9999906361438412
1386.65941,0.9999905527446256
1386.719675,0.9999904796453188
1386.77994,0.9999904064460184
1386.840205,0.9999903089469585
1386.90047,0.9999901523484884
1386.960735,0.9999899330506721
1387.021,0.9999896890531582
1387.081265,0.9999894700554403
1387.14153,0.9999892260580393
1387.201795,0.999988982060698
1387.26206,0.999988738063416
1387.322325,0.9999885180659179
1387.38259,0.9999882990684564
1387.442855,0.9999880800710429
1387.50312,0.9999878460738596
1387.563385,0.9999876410763722
1387.62365,0.9999874310789896
1387.683915,0.9999873440800868
1387.74418,0.9999874030793419
1387.804445,0.9999875250778125
1387.86471,0.9999876710760018
1387.924975,0.9999879260728904
1387.98524,0.9999882280692898
1388.045505,0.9999884620665624
1388.10577,0.9999886330646041
1388.166035,0.9999888180625184
1388.2263,0.9999890130603568
1388.286565,0.9999891830585035
1388.34683,0.9999893540566684
1388.407095,0.9999894760553771
1388.46736,0.9999895880542047
1388.527625,0.9999896470535922
1388.58789,0.9999897790522343
1388.648155,0.9999899740502601
1388.70842,0.9999901831481856
1388.768685,0.999990412845957
1388.82895,0.9999907054431947
1388.889215,0.9999910225402976
1388.94948,0.9999913151377137
1389.009745,0.9999916180351288
1389.07001,0.9999919979320168
1389.130275,0.9999923149295303
1389.19054,0.9999925484277631
1389.250805,0.999992694826683
1389.31107,0.9999928411256248
1389.371335,0.9999929874245882
1389.4316,0.999993133723573
1389.491865,0.9999932800225791
1389.55213,0.9999933916218354
1389.612395,0.9999934160216745
1389.67266,0.9999933570220647
1389.732925,0.9999932004231172
1389.79319,0.9999929809246338
1389.853455,0.9999926780268058
1389.91372,0.9999923122295511
1389.973985,0.9999919221326261
1390.03425,0.9999914728363565
1390.094515,0.9999910339401954
1390.15478,0.999990605244131
1390.215045,0.999990215147872
1390.27531,0.9999898150518669
1390.335575,0.9999893510567004
1390.39584,0.999988888061738
1390.456105,0.99998842506699
1390.51637,0.9999879610724685
1390.576635,0.9999874980781497
1390.6369,0.9999870350840453
1390.697165,0.9999865710901686
1390.75743,0.9999861080964934
1390.817695,0.9999856691026883
1390.87796,0.9999853141078388
1390.938225,0.999985056111661
1390.99849,0.9999849541131904
1391.058755,0.9999850731114072
1391.11902,0.9999854101064335
1391.179285,0.9999859330989398
1391.23955,0.9999867190881921
1391.299815,0.9999876700760142
1391.36008,0.9999886460644564
1391.420345,0.9999896210538617
1391.48061,0.9999905863443087
1391.540875,0.9999913807371461
1391.60114,0.9999921367309157
1391.661405,0.9999929029251844
1391.72167,0.9999936589201047
1391.781935,0.9999944148155973
1391.8422,0.9999951501117608
1391.902465,0.9999958329086823
1391.96273,0.9999964322063646
1392.022995,0.999996885204851
1392.08326,0.9999971676040113
1392.143525,0.9999972792037014
1392.20379,0.9999972342038248
1392.264055,0.999997028804414
1392.32432,0.9999968093050903
1392.384585,0.9999965898058147
1392.44485,0.9999963460066759
1392.505115,0.9999961612073682
1392.56538,0.999995990508038
1392.625645,0.9999957260091336
1392.68591,0.9999954090105386
1392.746175,0.9999950920120442
1392.80644,0.9999947750136503
1392.866705,0.9999944683152998
1392.92697,0.9999941513171036
1392.987235,0.9999938343190079
1393.0475,0.9999935417208548
1393.107765,0.9999932978224597
1393.16803,0.9999930540241234
1393.228295,0.9999928345256721
1393.28856,0.9999925663276299
1393.348825,0.9999922980296603
1393.40909,0.9999920298317619
1393.469355,0.9999918103335355
1393.52962,0.9999916256350652
1393.589885,0.9999916462348929
1393.65015,0.9999918029335961
1393.710415,0.9999919492324076
1393.77068,0.9999920955312405
1393.830945,0.9999922315301747
1393.89121,0.9999923778290489
1393.951475,0.9999925241279445
1394.01174,0.9999926216272204
1394.072005,0.999992719226505
1394.13227,0.9999927923259754
1394.192535,0.9999928552255241
1394.2528,0.9999929143251035
1394.313065,0.9999929771246605
1394.37333,0.9999930259243189
1394.433595,0.999993133723573
1394.49386,0.9999933148223459
1394.554125,0.9999934995211283
1394.61439,0.9999934685213302
1394.674655,0.999993249022788
1394.73492,0.9999929564248061
1394.795185,0.9999926638269099
1394.85545,0.9999923608291786
1394.915715,0.9999920682314566
1394.97598,0.9999917756338202
1395.036245,0.9999914239367746
1395.09651,0.9999910197403228
1395.156775,0.999990605144132
1395.21704,0.9999902046479747
1395.277305,0.9999897900521219
1395.33757,0.9999893760564345
1395.397835,0.9999889610609295
1395.4581,0.9999884730664356
1395.518365,0.9999879120730596
1395.57863,0.9999875430775881
1395.638895,0.9999876090767681
1395.69916,0.9999879950720597
1395.759425,0.9999885070660443
1395.81969,0.9999889710608192
1395.879955,0.9999893260569669
1395.94022,0.9999896570534886
1396.000485,0.9999900923490811
1396.06075,0.999990663543585
1396.121015,0.9999912975378666
1396.18128,0.9999918827329451
1396.241545,0.9999923845289979
1396.30181,0.9999928618254769
1396.362075,0.9999933355222077
1396.42234,0.9999937885192913
1396.482605,0.9999942378166015
1396.54287,0.9999946560142792
1396.603135,0.9999948651131836
1396.6634,0.9999948200134162
1396.723665,0.9999946493143149
1396.78393,0.9999944542153779
1396.844195,0.9999944018156699
1396.90446,0.9999945237149949
1396.964725,0.9999946353143899
1397.02499,0.9999946840141299
1397.085255,0.9999946249144458
1397.14552,0.9999945518148414
1397.205785,0.9999944646153203
1397.26605,0.9999942976162587
1397.326315,0.9999939458183267
1397.38658,0.9999935453208315
1397.446845,0.9999931551234262
1397.50711,0.9999927649261733
1397.567375,0.9999923748290718
1397.62764,0.99999199503204
1397.687905,0.9999916048352396
1397.74817,0.9999912147385907
1397.808435,0.9999908141421903
1397.8687,0.9999903508465534
1397.928965,0.9999898390516228
1397.98923,0.9999893270569563
1398.049495,0.9999888150625519
1398.10976,0.9999883510678493
1398.170025,0.9999880170717959
1398.23029,0.9999879400727215
1398.290555,0.9999883570677794
1398.35082,0.9999891240591434
1398.411085,0.9999898940510654
1398.47135,0.9999906600436177
1398.531615,0.9999914299367232
1398.59188,0.9999922102303405
1398.652145,0.9999929662247371
1398.71241,0.9999937465195531
1398.772675,0.9999945128150547
1398.83294,0.9999952584112414
1398.893205,0.9999960143079429
1398.95347,0.9999967459052945
1399.013735,0.9999974806031737
1399.074,0.9999981296017492
1399.134265,0.9999988012007186
1399.19453,0.9999994440301545
1399.254795,0.9999999129680038
1399.31506,1.0
1399.375325,1.0
1399.43559,1.0
1399.495855,1.0
1399.55612,1.0
1399.616385,1.0
1399.67665,1.0
1399.736915,1.0
1399.79718,1.0
1399.857445,1.0
1399.91771,1.0
1399.977975,1.0
