nu,[0]HG-11-HITRAN(x-sec)-X=0.01-T=296.0K-P=0.9211atm-L=15cm
600,1.0
600.241054,1.0
600.482108,1.0
600.723162,1.0
600.964216,1.0
601.20527,1.0
601.446324,1.0
601.687378,1.0
601.928432,1.0
602.169486,1.0
602.41054,1.0
602.651594,1.0
602.892648,1.0
603.133702,1.0
603.374756,1.0
603.61581,1.0
603.856864,1.0
604.097918,1.0
604.338972,1.0
604.580026,1.0
604.82108,1.0
605.062134,1.0
605.303188,1.0
605.544242,1.0
605.785296,1.0
606.02635,1.0
606.267404,1.0
606.508458,1.0
606.749512,1.0
606.990566,1.0
607.23162,1.0
607.472674,1.0
607.713728,1.0
607.954782,1.0
608.195836,1.0
608.43689,1.0
608.677944,1.0
608.918998,1.0
609.160052,1.0
609.401106,1.0
609.64216,1.0
609.883214,1.0
610.124268,1.0
610.365322,1.0
610.606376,1.0
610.84743,1.0
611.088484,1.0
611.329538,1.0
611.570592,1.0
611.811646,1.0
612.0527,1.0
612.293754,1.0
612.534808,1.0
612.775862,1.0
613.016916,1.0
613.25797,1.0
613.499024,1.0
613.740078,1.0
613.981132,1.0
614.222186,1.0
614.46324,1.0
614.704294,1.0
614.945348,1.0
615.186402,1.0
615.427456,1.0
615.66851,1.0
615.909564,1.0
616.150618,1.0
616.391672,1.0
616.632726,1.0
616.87378,1.0
617.114834,1.0
617.355888,1.0
617.596942,1.0
617.837996,1.0
618.07905,1.0
618.320104,1.0
618.561158,1.0
618.802212,1.0
619.043266,1.0
619.28432,1.0
619.525374,1.0
619.766428,1.0
620.007482,1.0
620.248536,1.0
620.48959,1.0
620.730644,1.0
620.971698,1.0
621.212752,1.0
621.453806,1.0
621.69486,1.0
621.935914,1.0
622.176968,1.0
622.418022,1.0
622.659076,1.0
622.90013,1.0
623.141184,1.0
623.382238,1.0
623.623292,1.0
623.864346,1.0
624.1054,1.0
624.346454,1.0
624.587508,1.0
624.828562,1.0
625.069616,1.0
625.31067,1.0
625.551724,1.0
625.792778,1.0
626.033832,1.0
626.274886,1.0
626.51594,1.0
626.756994,1.0
626.998048,1.0
627.239102,1.0
627.480156,1.0
627.72121,1.0
627.962264,1.0
628.203318,1.0
628.444372,1.0
628.685426,1.0
628.92648,1.0
629.167534,1.0
629.408588,1.0
629.649642,1.0
629.890696,1.0
630.13175,1.0
630.372804,1.0
630.613858,1.0
630.854912,1.0
631.095966,1.0
631.33702,1.0
631.578074,1.0
631.819128,1.0
632.060182,1.0
632.301236,1.0
632.54229,1.0
632.783344,1.0
633.024398,1.0
633.265452,1.0
633.506506,1.0
633.74756,1.0
633.988614,1.0
634.229668,1.0
634.470722,1.0
634.711776,1.0
634.95283,1.0
635.193884,1.0
635.434938,1.0
635.675992,1.0
635.917046,1.0
636.1581,1.0
636.399154,1.0
636.640208,1.0
636.881262,1.0
637.122316,1.0
637.36337,1.0
637.604424,1.0
637.845478,1.0
638.086532,1.0
638.327586,1.0
638.56864,1.0
638.809694,1.0
639.050748,1.0
639.291802,1.0
639.532856,1.0
639.77391,1.0
640.014964,1.0
640.256018,1.0
640.497072,1.0
640.738126,1.0
640.97918,1.0
641.220234,1.0
641.461288,1.0
641.702342,1.0
641.943396,1.0
642.18445,1.0
642.425504,1.0
642.666558,1.0
642.907612,1.0
643.148666,1.0
643.38972,1.0
643.630774,1.0
643.871828,1.0
644.112882,1.0
644.353936,1.0
644.59499,1.0
644.836044,1.0
645.077098,1.0
645.318152,1.0
645.559206,1.0
645.80026,1.0
646.041314,1.0
646.282368,1.0
646.523422,1.0
646.764476,1.0
647.00553,1.0
647.246584,1.0
647.487638,1.0
647.728692,1.0
647.969746,1.0
648.2108,1.0
648.451854,1.0
648.692908,1.0
648.933962,1.0
649.175016,1.0
649.41607,1.0
649.657124,1.0
649.898178,1.0
650.139232,1.0
650.380286,1.0
650.62134,1.0
650.862394,1.0
651.103448,1.0
651.344502,1.0
651.585556,1.0
651.82661,1.0
652.067664,1.0
652.308718,1.0
652.549772,1.0
652.790826,1.0
653.03188,1.0
653.272934,1.0
653.513988,1.0
653.755042,1.0
653.996096,1.0
654.23715,1.0
654.478204,1.0
654.719258,1.0
654.960312,1.0
655.201366,1.0
655.44242,1.0
655.683474,1.0
655.924528,1.0
656.165582,1.0
656.406636,1.0
656.64769,1.0
656.888744,1.0
657.129798,1.0
657.370852,1.0
657.611906,1.0
657.85296,1.0
658.094014,1.0
658.335068,1.0
658.576122,1.0
658.817176,1.0
659.05823,1.0
659.299284,1.0
659.540338,1.0
659.781392,1.0
660.022446,1.0
660.2635,1.0
660.504554,1.0
660.745608,1.0
660.986662,1.0
661.227716,1.0
661.46877,1.0
661.709824,1.0
661.950878,1.0
662.191932,1.0
662.432986,1.0
662.67404,1.0
662.915094,1.0
663.156148,1.0
663.397202,1.0
663.638256,1.0
663.87931,1.0
664.120364,1.0
664.361418,1.0
664.602472,1.0
664.843526,1.0
665.08458,1.0
665.325634,1.0
665.566688,1.0
665.807742,1.0
666.048796,1.0
666.28985,1.0
666.530904,1.0
666.771958,1.0
667.013012,1.0
667.254066,1.0
667.49512,1.0
667.736174,1.0
667.977228,1.0
668.218282,1.0
668.459336,1.0
668.70039,1.0
668.941444,1.0
669.182498,1.0
669.423552,1.0
669.664606,1.0
669.90566,1.0
670.146714,1.0
670.387768,1.0
670.628822,1.0
670.869876,1.0
671.11093,1.0
671.351984,1.0
671.593038,1.0
671.834092,1.0
672.075146,1.0
672.3162,1.0
672.557254,1.0
672.798308,1.0
673.039362,1.0
673.280416,1.0
673.52147,1.0
673.762524,1.0
674.003578,1.0
674.244632,1.0
674.485686,1.0
674.72674,1.0
674.967794,1.0
675.208848,1.0
675.449902,1.0
675.690956,1.0
675.93201,1.0
676.173064,1.0
676.414118,1.0
676.655172,1.0
676.896226,1.0
677.13728,1.0
677.378334,1.0
677.619388,1.0
677.860442,1.0
678.101496,1.0
678.34255,1.0
678.583604,1.0
678.824658,1.0
679.065712,1.0
679.306766,1.0
679.54782,1.0
679.788874,1.0
680.029928,1.0
680.270982,1.0
680.512036,1.0
680.75309,1.0
680.994144,1.0
681.235198,1.0
681.476252,1.0
681.717306,1.0
681.95836,1.0
682.199414,1.0
682.440468,1.0
682.681522,1.0
682.922576,1.0
683.16363,1.0
683.404684,1.0
683.645738,1.0
683.886792,1.0
684.127846,1.0
684.3689,1.0
684.609954,1.0
684.851008,1.0
685.092062,1.0
685.333116,1.0
685.57417,1.0
685.815224,1.0
686.056278,1.0
686.297332,1.0
686.538386,1.0
686.77944,1.0
687.020494,1.0
687.261548,1.0
687.502602,1.0
687.743656,1.0
687.98471,1.0
688.225764,1.0
688.466818,1.0
688.707872,1.0
688.948926,1.0
689.18998,1.0
689.431034,1.0
689.672088,1.0
689.913142,1.0
690.154196,1.0
690.39525,1.0
690.636304,1.0
690.877358,1.0
691.118412,1.0
691.359466,1.0
691.60052,1.0
691.841574,1.0
692.082628,1.0
692.323682,1.0
692.564736,1.0
692.80579,1.0
693.046844,1.0
693.287898,1.0
693.528952,1.0
693.770006,1.0
694.01106,1.0
694.252114,1.0
694.493168,1.0
694.734222,1.0
694.975276,1.0
695.21633,1.0
695.457384,1.0
695.698438,1.0
695.939492,1.0
696.180546,1.0
696.4216,1.0
696.662654,1.0
696.903708,1.0
697.144762,1.0
697.385816,1.0
697.62687,1.0
697.867924,1.0
698.108978,1.0
698.350032,1.0
698.591086,1.0
698.83214,1.0
699.073194,1.0
699.314248,1.0
699.555302,1.0
699.796356,1.0
700.03741,0.8510792746900349
700.278464,0.8623707468769064
700.519518,0.845945789528962
700.760572,0.8540547305089953
701.001626,0.8499480916581591
701.24268,0.8520244971863755
701.483734,0.8459288707823595
701.724788,0.85617541480226
701.965842,0.8340349258351905
702.206896,0.8399524465476944
702.44795,0.8540120288400205
702.689004,0.8520585788478916
702.930058,0.8539778690420674
703.171112,0.8559442786450487
703.412166,0.8378551880967109
703.65322,0.8581812111393669
703.894274,0.8559357192450593
704.135328,0.8539351712160698
704.376382,0.831877570358599
704.617436,0.837871945368045
704.85849,0.8541486816965719
705.099544,0.864235480877873
705.340598,0.8519392989966373
705.581652,0.8642959794789609
705.822706,0.8358133135377588
706.06376,0.8601228939516748
706.304814,0.8684632574091332
706.545868,0.876367285703583
706.786922,0.8101304458683316
707.027976,0.8477326195876512
707.26903,0.8317028944104402
707.510084,0.8318942080763828
707.751138,0.82983366656792
707.992192,0.8498715997720964
708.233246,0.8518881841721576
708.4743,0.8358467467389599
708.715354,0.8601400965815796
708.956408,0.820017169933305
709.197462,0.8397928707430318
709.438516,0.8419033984528281
709.67957,0.8439179540100761
709.920624,0.8336263488310721
710.161678,0.8141179677127117
710.402732,0.8337013785787549
710.643786,0.8121014566600185
710.88484,0.8258352339464277
711.125894,0.8198941765825469
711.366948,0.7949548169246224
711.608002,0.8239791934985691
711.849056,0.8045115145286339
712.09011,0.8160986799649812
712.331164,0.8101223446043794
712.572218,0.8064446610113717
712.813272,0.789259590664401
713.054326,0.8180514884867279
713.29538,0.7614810439475708
713.536434,0.7798060843614889
713.777488,0.7705582706663344
714.018542,0.7855037871296446
714.259596,0.7633336929412485
714.50065,0.7506543396131418
714.741704,0.7540625174661887
714.982758,0.7454926529677133
715.223812,0.7595265502647774
715.464866,0.7364160755099955
715.70592,0.720795367208405
715.946974,0.7274863812812681
716.188028,0.7106466136166391
716.429082,0.7086950201001887
716.670136,0.7053578614951675
716.91119,0.6743135962108828
717.152244,0.6854703733163685
717.393298,0.6678845164211168
717.634352,0.6629736719946919
717.875406,0.65825031635879
718.11646,0.6458810017404516
718.357514,0.6411383568710959
718.598568,0.6229493896571031
718.839622,0.6291409257998574
719.080676,0.6185111870031944
719.32173,0.6243526038077701
719.562784,0.6053551308644586
719.803838,0.5983915340892934
720.044892,0.5896182413900688
720.285946,0.570375707114044
720.527,0.5784171256003049
720.768054,0.570375707114044
721.009108,0.5731200917621302
721.250162,0.5567327258992489
721.491216,0.5451359859162681
721.73227,0.5464240261326636
721.973324,0.5436824142156226
722.214378,0.525865396070148
722.455432,0.5220718797024222
722.696486,0.5183990326375095
722.93754,0.5183523788240253
723.178594,0.5144278329095672
723.419648,0.5048216905887861
723.660702,0.5000885981286739
723.901756,0.48482368025958256
724.14281,0.4823814923888012
724.383864,0.48147065238312603
724.624918,0.47781578872726704
724.865972,0.47785879408346454
725.107026,0.4599120515781372
725.34808,0.45013398324015963
725.589134,0.4589334814554293
725.830188,0.4510983014167266
726.071242,0.4387217033811708
726.312296,0.454330669109449
726.55335,0.43119278150824636
726.794404,0.4374818761436141
727.035458,0.440541776184262
727.276512,0.43111517379247877
727.517566,0.43220727610906784
727.75862,0.4260153076106589
727.999674,0.4120461175895499
728.240728,0.4109844087994379
728.481782,0.40911458633056874
728.722836,0.407098543998545
728.96389,0.4109844087994379
729.204944,0.4101386523455462
729.445998,0.41391278152348887
729.687052,0.4070415541917648
729.928106,0.4090777676746633
730.16916,0.41096386009271985
730.410214,0.4199288444641768
730.651268,0.406984572362999
730.892322,0.41106661390143395
731.133376,0.41393347767996463
731.37443,0.418863578659532
731.615484,0.42397957376210976
731.856538,0.42992693643465835
732.097592,0.42906794184271246
732.338646,0.42697492121324887
732.5797,0.4394813488318732
732.820754,0.4448491691505877
733.061808,0.4531509436774047
733.302862,0.45340477927319733
733.543916,0.4685933238604537
733.78497,0.4684949295942026
734.026024,0.467544849544642
734.267078,0.47664657291910173
734.508132,0.4893095319930227
734.749186,0.48933399808126943
734.99024,0.5106606496953666
735.231294,0.513143369575452
735.472348,0.5306301587170326
735.713402,0.5269972229496052
735.954456,0.5500643541802617
736.19551,0.5526723215560638
736.436564,0.563403055630646
736.677618,0.5795925049717003
736.918672,0.5770421297354991
737.159726,0.5851775345073551
737.40078,0.5812408872807663
737.641834,0.5995775230684169
737.882888,0.6052522292390977
738.123942,0.6227749882453362
738.364996,0.618628715293559
738.60605,0.6223578687538452
738.847104,0.6468764247621298
739.088158,0.6453967725977731
739.329212,0.6410678355305849
739.570266,0.6578225926784124
739.81132,0.6578949571435796
740.052374,0.6640419193149458
740.293428,0.6675439821613594
740.534482,0.6644670421681095
740.775536,0.6807092565811048
741.01659,0.6932947815738983
741.257644,0.6785616103984049
741.498698,0.6900577425756299
741.739752,0.721783533600902
741.980806,0.6915083864780246
742.22186,0.7017696940059893
742.462914,0.7068336010363315
742.703968,0.6934889312924312
742.945022,0.7136233334718519
743.186076,0.717056959582623
743.42713,0.7171430115807896
743.668184,0.7207449132986079
743.909238,0.739774403054918
744.150292,0.7329630409427903
744.391346,0.7593215057784573
744.6324,0.7398631813098734
744.873454,0.7558064153080752
745.114508,0.7665464364903233
745.355562,0.7417744928493344
745.596616,0.773948457489971
745.83767,0.7874463795979232
746.078724,0.7690340747423345
746.319778,0.7964029520946965
746.560832,0.7853074357278101
746.801886,0.7876432658025727
747.04294,0.8022780784328246
747.283994,0.8005390225606666
747.525048,0.8005390225606666
747.766102,0.8044069348295729
748.007156,0.8221684318410359
748.24821,0.8139795794215385
748.489264,0.833668031190564
748.730318,0.8299581509540007
748.971372,0.8158212535789513
749.212426,0.8261243268666189
749.45348,0.8316696269600172
749.694534,0.8162537534456887
749.935588,0.8378132963846076
750.176642,0.8358383883132846
750.417696,0.843749187296508
750.65875,0.847775007278314
750.899804,0.8501010960846428
751.140858,0.850279636060862
751.381912,0.8643997012196784
751.622966,0.8718568773705414
751.86402,0.8439179540100761
752.105074,0.8660869251457456
752.346128,0.8685848507765076
752.587182,0.8623879944643192
752.828236,0.8686456538441445
753.06929,0.8663901086235601
753.310344,0.8544904095102569
753.551398,0.8728862757114152
753.792452,0.8810860365342851
754.033506,0.8728950046178168
754.27456,0.885413952848838
754.515614,0.8752112440418084
754.756668,0.8790970305151065
754.997722,0.8627071370600103
755.238776,0.8874793726386178
755.47983,0.876998497358217
755.720884,0.8855467749031702
755.961938,0.8709331987167023
756.202992,0.8859453606269384
756.444046,0.8896741561308019
756.6851,0.8915533504530512
756.926154,0.8916870934860959
757.167208,0.8770072673870406
757.408262,0.8963449063095569
757.649316,0.9022081685628537
757.89037,0.8983639529244098
758.131424,0.8710725591770364
758.372478,0.9003785436782373
758.613532,0.9090992544058721
758.854586,0.8916870934860959
759.09564,0.8979508005383987
759.336694,0.8902259251383203
759.577748,0.9045479163849226
759.818802,0.9152134154262874
760.059856,0.9152829742890631
760.30091,0.9065763747428197
760.541964,0.904755986332818
760.783018,0.9045479163849226
761.024072,0.9156390886258094
761.265126,0.9130186239174332
761.50618,0.8855024986713401
761.747234,0.9174786216305744
761.988288,0.9107179814102128
762.229342,0.9152088393706505
762.470396,0.9045479163849226
762.71145,0.9001084706281169
762.952504,0.9240704182657388
763.193558,0.9130889290581881
763.434612,0.9154276004241646
763.675666,0.9108582427791981
763.91672,0.9157984236889788
764.157774,0.9327155512692847
764.398828,0.9109311143534446
764.639882,0.9280552605150895
764.880936,0.9390617880204644
765.12199,0.9430782688047724
765.363044,0.9214304311014806
765.604098,0.9324022114880894
765.845152,0.916564351284309
766.086206,0.9060452766141702
766.32726,0.9238357341856391
766.568314,0.9256667410379206
766.809368,0.91944596711291
767.050422,0.9172428599214926
767.291476,0.9151228137830155
767.53253,0.9394365484336151
767.773584,0.9344660334921621
768.014638,0.9043218076705933
768.255692,0.9235937209284036
768.496746,0.9236713060594915
768.7378,0.9219613279133986
768.978854,0.9172364392439455
769.219908,0.9151173230626051
769.460962,0.9179466550659874
769.702016,0.9326950317528724
769.94307,0.9370965129190337
770.184124,0.9576393818592454
770.425178,0.9436631586285408
770.666232,0.9569673549222333
770.907286,0.9245778722087284
771.14834,0.9406858896098086
771.389394,0.9257093226873788
771.630448,0.9411779970049412
771.871502,0.9257880113240269
772.112556,0.9370028079530682
772.35361,0.9195075720564492
772.594664,0.9364154913354822
772.835718,0.9084167771680927
773.076772,0.9107589646414921
773.317826,0.9258611514659191
773.55888,0.9438981600114973
773.799934,0.9364866616172601
774.040988,0.9173841261991447
774.282042,0.9347482848520868
774.523096,0.9195011355259727
774.76415,0.9151026813025704
775.005204,0.9197540331100663
775.246258,0.9238043243046479
775.487312,0.941748523723262
775.728366,0.9301271330252858
775.96942,0.9234598095476787
776.210474,0.923800629094741
776.451528,0.9102427106803691
776.692582,0.9151832138819066
776.933636,0.9108345607727534
777.17469,0.9024247245089828
777.415744,0.9155255564179622
777.656798,0.9089938050085444
777.897852,0.8912770117491229
778.138906,0.9173767871554913
778.37996,0.9108318282731698
778.621014,0.9131610659329527
778.862068,0.8977712283361098
779.103122,0.9089965319940498
779.344176,0.889567401637464
779.58523,0.9048193214685651
779.826284,0.9001804821861911
780.067338,0.8876923932495019
780.308392,0.8873551342233403
780.549446,0.8857416166254526
780.7905,0.8940800199859023
781.031554,0.8728950046178168
781.272608,0.8917049274063041
781.513662,0.8747912434528736
781.754716,0.8673263154015345
781.99577,0.8818000053422088
782.236824,0.8938118362094842
782.477878,0.8761131760384113
782.718932,0.8633803111306748
782.959986,0.869506038861762
783.20104,0.8836625676657061
783.442094,0.8645120804853309
783.683148,0.8608112675795742
783.924202,0.8706371317633728
784.165256,0.8651261020143242
784.40631,0.8646936470860586
784.647364,0.860725190756729
784.888418,0.844601804474873
785.129472,0.8671788824600712
785.370526,0.860905962027107
785.61158,0.8528087204111565
785.852634,0.8515900754797617
786.093688,0.8407423730547425
786.334742,0.8488184120996842
786.575796,0.8463773319155767
786.81685,0.8564494347758541
787.057904,0.8422486496178462
787.298958,0.8203780568773811
787.540012,0.8397088956547819
787.781066,0.8363316784686757
788.02212,0.8383077520795611
788.263174,0.8302486871477026
788.504228,0.8220944400118526
788.745282,0.8182723922092799
788.986336,0.8241522472992169
789.22739,0.8252656041798742
789.468444,0.8078733320622515
789.709498,0.7860931359481731
789.950552,0.8021657673638023
790.191606,0.8028478981305675
790.43266,0.7921060457357505
790.673714,0.8158865218899353
790.914768,0.7915201040870545
791.155822,0.7969446902722263
791.396876,0.7787073325845777
791.63793,0.7745911013700048
791.878984,0.7840754703995562
792.120038,0.7542359717916887
792.361092,0.7709667747938189
792.602146,0.7580241755370595
792.8432,0.7616409717586322
793.084254,0.7593215057784573
793.325308,0.7596556807541031
793.566362,0.739789198690935
793.807416,0.7435717609392919
794.04847,0.7417299877149308
794.289524,0.753655433629285
794.530578,0.7381855966672382
794.771632,0.726185345433246
795.012686,0.7178748706372686
795.25374,0.7294897221609793
795.494794,0.7329190644796407
795.735848,0.727580960658361
795.976902,0.7122544911806938
796.217956,0.7290813222792089
796.45901,0.7136447424929898
796.700064,0.706967912179683
796.941118,0.7274209104531842
797.182172,0.7151163659142342
797.423226,0.6969511198645099
797.66428,0.6973484952440568
797.905334,0.7005426709997558
798.146388,0.7052732236301616
798.387442,0.7085816379677852
798.628496,0.7031816696510879
798.86955,0.7054354551275036
799.110604,0.706967912179683
799.351658,0.6918749830623714
799.592712,0.6901336531023157
799.833766,0.6824541047306643
800.07482,0.6881764540656357
800.315874,0.6824541047306643
800.556928,0.6847236176652185
800.797982,0.668124998131139
801.039036,0.6727913682489541
801.28009,0.6644670421681095
801.521144,0.6690275759815861
801.762198,0.6662968413547989
802.003252,0.6675039307239848
802.244306,0.6533253727932781
802.48536,0.6620064366871673
802.726414,0.6479511313869452
802.967468,0.6113106623554665
803.208522,0.6159743228515222
803.449576,0.6274570854725867
803.69063,0.6214685330281213
803.931684,0.609942858983491
804.172738,0.6000753789941918
804.413792,0.6010122271369813
804.654846,0.5854350692760326
804.8959,0.5800563644947478
805.136954,0.5788105830060697
805.378008,0.5579533066170187
805.619062,0.5528989636663595
805.860116,0.5425147527109695
806.10117,0.539021403076357
806.342224,0.5361131711462832
806.583278,0.5209089565519236
806.824332,0.5124254715039532
807.065386,0.498844926533044
807.30644,0.4962824791270095
807.547494,0.48474126723924366
807.788548,0.47890645160877504
808.029602,0.46215728597758715
808.270656,0.4547488456567461
808.51171,0.4531509436774047
808.752764,0.4387787409099694
808.993818,0.4324580290405318
809.234872,0.4228575152757724
809.475926,0.4133543762767815
809.71698,0.4094624815634775
809.958034,0.40219026753880527
810.199088,0.395976663507795
810.440142,0.39653141907499284
810.681196,0.3853358451052264
810.92225,0.37820458485478287
811.163304,0.37710938037275865
811.404358,0.37003784307236653
811.645412,0.3705933163377729
811.886466,0.36204020854348745
812.12752,0.3527484790331891
812.368574,0.35607994811008137
812.609628,0.3527484790331891
812.850682,0.34359212782661236
813.091736,0.3492385730220808
813.33279,0.3433516974975665
813.573844,0.33702438237023924
813.814898,0.3377666522088941
814.055952,0.33888312332532816
814.297006,0.3351423205205973
814.53806,0.33793557776286776
814.779114,0.3378679974055762
815.020168,0.3345396069486076
815.261222,0.33638464398765383
815.502276,0.3410930380691242
815.74333,0.3407521155207394
815.984384,0.3388153534778738
816.225438,0.3435234162724315
816.466492,0.3495180756666495
816.707546,0.349378296394101
816.9486,0.3587247132883214
817.189654,0.35718550868274057
817.430708,0.3684169374323458
817.671762,0.3698454734144147
817.912816,0.3733570793433015
818.15387,0.3844121479569264
818.394924,0.3863119790821455
818.635978,0.39102256877905495
818.877032,0.40026838274603144
819.118086,0.40208169082508577
819.35914,0.41025760980272397
819.600194,0.41909401699252735
819.841248,0.43391353189356424
820.082302,0.4374600025966502
820.323356,0.4428474167423849
820.56441,0.45641171182802837
820.805464,0.47099396415752864
821.046518,0.4870054329533842
821.287572,0.48914319503103093
821.528626,0.49858559460339213
821.76968,0.5179430421540279
822.010734,0.5203570856012559
822.251788,0.5346355388644692
822.492842,0.551182118966656
822.733896,0.557869619897687
822.97495,0.5660289803827908
823.216004,0.5809154835054501
823.457058,0.5978771385917444
823.698112,0.6079941614137437
823.939166,0.6141107453988991
824.18022,0.6213939612785524
824.421274,0.6344162463428775
824.662328,0.6361124010795435
824.903382,0.6515507423707737
825.144436,0.6590406908682813
825.38549,0.6566264443848616
825.626544,0.672650096895633
825.867598,0.6755014331300826
826.108652,0.6802873476473091
826.349706,0.6853469997531253
826.59076,0.6903959537244564
826.831814,0.7000034607656676
827.072868,0.6965539709243878
827.313922,0.706642781725818
827.554976,0.7171143264340332
827.79603,0.7132737436949408
828.037084,0.7188374677599582
828.278138,0.7156028104154419
828.519192,0.6893404555772419
828.760246,0.7308770701963582
829.0013,0.7319668887441434
829.242354,0.7324940946753992
829.483408,0.7224767784974679
829.724462,0.7325966510274309
829.965516,0.7263669144647876
830.20657,0.7416261527852653
830.447624,0.7274500078715469
830.688678,0.7501065619084122
830.929732,0.7210621108388007
831.170786,0.7329190644796407
831.41184,0.737425656938816
831.652894,0.7274500078715469
831.893948,0.7136804256221853
832.135002,0.7196718030434673
832.376056,0.736629667141183
832.61711,0.736629667141183
832.858164,0.7290886131288858
833.099218,0.7244228573341599
833.340272,0.7224767784974679
833.581326,0.707264901066099
833.82238,0.708532038989112
834.063434,0.7053578614951675
834.304488,0.7052520657508226
834.545542,0.6909208540861592
834.786596,0.6943424474827709
835.02765,0.7064096280803158
835.268704,0.6884380108108148
835.509758,0.6790367698120763
835.750812,0.6826998324367005
835.991866,0.6794375197158619
836.23292,0.6742731386088503
836.473974,0.6709504431191238
836.715028,0.6726635500321019
836.956082,0.6524113572315499
837.197136,0.6616688994837598
837.43819,0.6446420999434257
837.679244,0.6507563351520177
837.920298,0.6479381724939067
838.161352,0.6457905847295464
838.402406,0.641362794570307
838.64346,0.6445454108802953
838.884514,0.6349493798745406
839.125568,0.6335223497807068
839.366622,0.6216798682543034
839.607676,0.6176026435013795
839.84873,0.6183194782516152
840.089784,0.6053309171435017
840.330838,0.6074289896892157
840.571892,0.5984872843945679
840.812946,0.5970526371773122
841.054,0.5972437245935649
841.295054,0.591543533377838
841.536108,0.5869357030450576
841.777162,0.5841251623643111
842.018216,0.5924966855481847
842.25927,0.5662894136088166
842.500324,0.5650223449690129
842.741378,0.5592772241763162
842.982432,0.5517225422073795
843.223486,0.5364295712461108
843.46454,0.5448144505468387
843.705594,0.5408247444663073
843.946648,0.5297818293075898
844.187702,0.524641556024633
844.428756,0.5169857333097563
844.66981,0.5166549682965325
844.910864,0.5011198424577956
845.151918,0.509925827558721
845.392972,0.4988000325099174
845.634026,0.4862171228555824
845.87508,0.47477228020309786
846.116134,0.46911844239466416
846.357188,0.46641942314077184
846.598242,0.45413080758780006
846.839296,0.445588232023849
847.08035,0.4457932497610444
847.321404,0.4308738168813976
847.562458,0.43212084329741535
847.803512,0.4309427622075776
848.044566,0.4326829656940942
848.28562,0.4275944839234204
848.526674,0.4108323726965956
848.767728,0.39969640801810435
849.008782,0.3909834684772247
849.249836,0.38955898009006795
849.49089,0.37995593253483184
849.731944,0.3777623442517042
849.972998,0.3812156703875174
850.214052,0.3809946294067736
850.455106,0.38466594371796636
850.69616,0.3887884164192668
850.937214,0.41107483531592587
851.178268,0.43552634100789134
851.419322,0.4427500010268232
851.660376,0.4352346360914753
851.90143,0.43965277998481955
852.142484,0.44117661331500163
852.383538,0.44260391763157025
852.624592,0.4477142880072474
852.865646,0.4422322864477089
853.1067,0.4414678859891988
853.347754,0.45435338621082727
853.588808,0.4483908472558191
853.829862,0.450944954064772
854.070916,0.46849961456692335
854.31197,0.4737526163321055
854.553024,0.4686589315182231
854.794078,0.472040732240623
855.035132,0.4849061072913259
855.276186,0.4857408634803943
855.51724,0.4869080416062529
855.758294,0.49950383662105197
855.999348,0.49966370342609534
856.240402,0.5081188002421292
856.481456,0.5034403724266535
856.72251,0.5195615480017391
856.963564,0.5281737380835996
857.204618,0.5355505477455561
857.445672,0.5457359654290102
857.686726,0.5520426340995352
857.92778,0.564265722077308
858.168834,0.567945395253125
858.409888,0.5724442089031626
858.650942,0.5900547203660006
858.891996,0.593403899318633
859.13305,0.6010843529316989
859.374104,0.610937876562656
859.615158,0.6183132950877485
859.856212,0.6393073208001211
860.097266,0.635692705409637
860.33832,0.6519157129687309
860.579374,0.6629537830828672
860.820428,0.6789213433727336
861.061482,0.6884035897708074
861.302536,0.6883003369764951
861.54359,0.7165623609366671
861.784644,0.713509162872388
862.025698,0.7236987965675474
862.266752,0.7393010989104446
862.507806,0.7296721173899732
862.74886,0.7473288224565049
862.989914,0.7666997611095722
863.230968,0.7665694332283673
863.472022,0.7722090310491848
863.713076,0.7772058768035824
863.95413,0.7982048581533255
864.195184,0.7898438589140829
864.436238,0.8023021471362063
864.677292,0.7989155766999219
864.918346,0.814337809241265
865.1594,0.8157070465981254
865.400454,0.833743064689828
865.641508,0.8244242624208522
865.882562,0.8374196166572897
866.123616,0.8462503848370583
866.36467,0.8360390136005513
866.605724,0.837871945368045
866.846778,0.8364989615321182
867.087832,0.8541828483271677
867.328886,0.8785960879898955
867.56994,0.8490306432304952
867.810994,0.8556190816105134
868.052048,0.8750274689776166
868.293102,0.868941043579861
868.534156,0.8667020652114814
868.77521,0.8816677452611615
869.016264,0.8769634181199121
869.257318,0.8768055789106055
869.498372,0.896040200844276
869.739426,0.8863707164772766
869.98048,0.8750274689776166
870.221534,0.8942230842339346
870.462588,0.8912859245638043
870.703642,0.8779373879672882
870.944696,0.8957087272963515
871.18575,0.8916157613719395
871.426804,0.896040200844276
871.667858,0.9025059463891184
871.908912,0.8947239894014621
872.149966,0.8975198875815235
872.39102,0.9030114912584482
872.632074,0.8876835163699538
872.873128,0.9095011650920379
873.114182,0.898022639475961
873.355236,0.9089938050085444
873.59629,0.9000094641418044
873.837344,0.8922847240226048
874.078398,0.9098477510563717
874.319452,0.8988671776278135
874.560506,0.8970532985636395
874.80156,0.8985256729903055
875.042614,0.904475555446088
875.283668,0.8950819505846866
875.524722,0.9031921116181337
875.765776,0.9158744381127
876.00683,0.9098577594366793
876.247884,0.9091674394068582
876.488938,0.9098604890140519
876.729992,0.9306379130175955
876.971046,0.906303536318265
877.2121,0.9118744161312631
877.453154,0.9133364096900738
877.694208,0.9155292185275121
877.935262,0.9133364096900738
878.176316,0.9168485302786755
878.41737,0.9252956230888862
878.658424,0.9083014155630093
878.899478,0.9039511117273096
879.140532,0.9113547958199257
879.381586,0.9089992589877364
879.62264,0.9133382363647199
879.863694,0.9256463765936275
880.104748,0.9171951645328675
880.345802,0.9104748521683744
880.586856,0.9321160079436546
880.82791,0.9276850403299824
881.068964,0.9119209229123986
881.310018,0.9217815629821059
881.551072,0.9212415572233388
881.792126,0.9212406359822422
882.03318,0.9139247877753226
882.274234,0.9186739567902649
882.515288,0.9102927754062239
882.756342,0.9186721194441887
882.997396,0.9258176370143978
883.23845,0.9086448183971388
883.479504,0.9151731469219223
883.720558,0.9183065606916672
883.961612,0.9258148595656529
884.202666,0.9212314236219442
884.44372,0.9162839255001491
884.684774,0.9272992036128067
884.925828,0.9192051038239951
885.166882,0.9284014896949895
885.407936,0.9276637038194258
885.64899,0.9335861809642155
885.890044,0.931719942810081
886.131098,0.9208593212965318
886.372152,0.9297003026362952
886.613206,0.9160869456322612
886.85426,0.9195691811276577
887.095314,0.9320861807086387
887.336368,0.9252475089674636
887.577422,0.9221448164741597
887.818476,0.9278399766685418
888.05953,0.9335665758602697
888.300584,0.9212166840370832
888.541638,0.9232123554790462
888.782692,0.9232105090561817
889.023746,0.9408674595074348
889.2648,0.9219613279133986
889.505854,0.9193797693864246
889.746908,0.9367432941195905
889.987962,0.9367423573767647
890.229016,0.922642909147974
890.47007,0.9113748458459833
890.711124,0.9306248841780153
890.952178,0.9365475352286362
891.193232,0.9257954176577428
891.434286,0.9354496090294179
891.67534,0.934684724129806
891.916394,0.9257935660687591
892.157448,0.9254122176827005
892.398502,0.904294678423304
892.639556,0.9369259768729333
892.88061,0.916606514214208
893.121664,0.9072066643235248
893.362718,0.9237636778086079
893.603772,0.910253633658435
893.844826,0.9239549166824549
894.08588,0.9265539546833167
894.326934,0.9030927659499677
894.567988,0.9119510167994012
894.809042,0.9293573065112994
895.050096,0.9151621649100514
895.29115,0.9111925891030959
895.532204,0.9193687368953871
895.773258,0.9135437605885101
896.014312,0.9064567145590996
896.255366,0.9027135466299004
896.49642,0.9133528498934096
896.737474,0.9034721445756012
896.978528,0.9088238390593193
897.219582,0.895869969378617
897.460636,0.9027225738105026
897.70169,0.8956818564375976
897.942744,0.8794663288151371
898.183798,0.8833180064581192
898.424852,0.8724586662092004
898.665906,0.8754475829820209
898.90696,0.8731918393784367
899.148014,0.892213344099918
899.389068,0.8507048821815633
899.630122,0.861302069867458
899.871176,0.8633716773707324
900.11223,0.8546185926851811
900.353284,0.8645207256493614
900.594338,0.8426193205653063
900.835392,0.8313619661188075
901.076446,0.8324267907778373
901.3175,0.8188044421617179
901.558554,0.8175444537608733
901.799608,0.8127676529576325
902.040662,0.7951217749661574
902.281716,0.7975505984527774
902.52277,0.787367638897064
902.763824,0.7922011041646304
903.004878,0.7708048887697397
903.245932,0.7664621210197452
903.486986,0.7637994685410577
903.72804,0.7604765520800448
903.969094,0.7490196955621741
904.210148,0.7444571380296966
904.451202,0.7329190644796407
904.692256,0.7254740323950389
904.93331,0.7082840961679906
905.174364,0.7027528596329529
905.415418,0.7041316059678591
905.656472,0.6934611922899633
905.897526,0.6727039110559224
906.13858,0.6741720052232526
906.379634,0.6724079864432468
906.620688,0.6696366681706429
906.861742,0.6507823659260358
907.102796,0.6385597686380767
907.34385,0.6410678355305849
907.584904,0.6230179178589474
907.825958,0.6205866739793278
908.067012,0.6121854619352612
908.308066,0.6169359927026278
908.54912,0.6014811995496122
908.790174,0.6039704536752761
909.031228,0.6030350246168803
909.272282,0.5817584219392076
909.513336,0.5978053976396567
909.75439,0.5744397850386864
909.995444,0.5853062877272817
910.236498,0.5851775345073551
910.477552,0.5716947979608388
910.718606,0.5797200293499614
910.95966,0.5756934297463171
911.200714,0.5780701794192074
911.441768,0.5635270179382386
911.682822,0.5729367226733852
911.923876,0.5652653568211534
912.16493,0.575952550087407
912.405984,0.5661082299873873
912.647038,0.5637806621619809
912.888092,0.57405503928693
913.129146,0.5713061776441078
913.3702,0.5776772253167389
913.611254,0.5753020912842463
913.852308,0.5780643987463165
914.093362,0.5741813452887239
914.334416,0.5850371087508381
914.57547,0.5826375407239784
914.816524,0.5839032369711078
915.057578,0.5837689546696612
915.298632,0.5995055780824342
915.539686,0.5936472447997685
915.78074,0.5952105919539734
916.021794,0.599781414085769
916.262848,0.6067369151983814
916.503902,0.6092357354779955
916.744956,0.6105531069155866
916.98601,0.6098513744161576
917.227064,0.6080549638699573
917.468118,0.6124426338315918
917.709172,0.62124484462256
917.950226,0.6243775784114113
918.19128,0.6192104996817587
918.432334,0.6284492512722115
918.673388,0.6273817951398404
918.914442,0.6347970103084499
919.155496,0.637405020818874
919.39655,0.6334273285550097
919.637604,0.641362794570307
919.878658,0.6439977800571187
920.119712,0.6470964001402442
920.360766,0.6564688729475381
920.60182,0.663769717933123
920.842874,0.6732288247962916
921.083928,0.6733836852342625
921.324982,0.6761434644081271
921.566036,0.6845661493427069
921.80709,0.6810224548692156
922.048144,0.6847304649356315
922.289198,0.6961292025696435
922.530252,0.6979624320124302
922.771306,0.6984581613022323
923.01236,0.6998074872342279
923.253414,0.7163044449143994
923.494468,0.7101564365837677
923.735522,0.7247199316017302
923.976576,0.7309867099796659
924.21763,0.740307232420671
924.458684,0.7385326254430458
924.699738,0.7560483120623903
924.940792,0.7662475416683708
925.181846,0.7629444920125213
925.4229,0.7609329749244534
925.663954,0.7829080678795174
925.905008,0.778224683674998
926.146062,0.779720310409863
926.387116,0.7892832688072913
926.62817,0.8047046204639061
926.869224,0.8062511375164773
927.110278,0.8132147981204072
927.351332,0.8173155733585719
927.592386,0.8153645215738444
927.83344,0.8108761088308992
928.074494,0.8259591185226306
928.315548,0.8204354853513356
928.556602,0.825571008949819
928.797656,0.8467582874234993
929.03871,0.8388779952116668
929.279764,0.8503986835430398
929.520818,0.8369005774137542
929.761872,0.8465550898192056
930.002926,0.8538668591348922
930.24398,0.8419033984528281
930.485034,0.8581468845774571
930.726088,0.8569206115267097
930.967142,0.8489797029201259
931.208196,0.8898877035529389
931.44925,0.88362722186992
931.690304,0.8577608053537377
931.931358,0.8749224719812851
932.172412,0.8604153854563565
932.413466,0.8728513609586865
932.65452,0.8797302082937243
932.895574,0.8768055789106055
933.136628,0.8743539571618301
933.377682,0.8709767464653227
933.618736,0.8774546551675949
933.85979,0.8911789766698587
934.100844,0.8845732090101859
934.341898,0.8808041341093876
934.582952,0.886095984140881
934.824006,0.8778847133042658
935.06506,0.88188818975189
935.306114,0.8833533398850414
935.547168,0.8831325291525617
935.788222,0.8918386931775971
936.029276,0.88422829272172
936.27033,0.8997305044489069
936.511384,0.8939459180408017
936.752438,0.8975737403903464
936.993492,0.8911700649246508
937.234546,0.889256107526538
937.4756,0.895646029879876
937.716654,0.8847855320580948
937.957708,0.9006306849686005
938.198762,0.9100961734005172
938.439816,0.8913928852922673
938.68087,0.8856707601304201
938.921924,0.8941783741974831
939.162978,0.8977981618769609
939.404032,0.8975737403903464
939.645086,0.8969994769803893
939.88614,0.9025691240165568
940.127194,0.9047017026021662
940.368248,0.9120148556049092
940.609302,0.8890338212865941
940.850356,0.9037884151703282
941.09141,0.8944108908006231
941.332464,0.9018834320782454
941.573518,0.9027947945051966
941.814572,0.9173180769198609
942.055626,0.9103109814437917
942.29668,0.9105422298003766
942.537734,0.9076703653945276
942.778788,0.9126991233149291
943.019842,0.9001804821861911
943.260896,0.9129309783365923
943.50195,0.9200815238357439
943.743004,0.9161464932190029
943.984058,0.9081288546878545
944.225112,0.9119984394852538
944.466166,0.8925881524086752
944.70722,0.9103036989850701
944.948274,0.9098386526243534
945.189328,0.9030837350674626
945.430382,0.9037793773313657
945.671436,0.8966407489399882
945.91249,0.9073454775621083
946.153544,0.9117540566522342
946.394598,0.9001804821861911
946.635652,0.9131610659329527
946.876706,0.9141724949556166
947.11776,0.9126909090597835
947.358814,0.904475555446088
947.599868,0.9119482809504545
947.840922,0.9175511053047506
948.081976,0.9221983024245928
948.32303,0.9195140086319815
948.564084,0.8992447811336026
948.805138,0.9163581475040653
949.046192,0.9100579501639279
949.287246,0.9100570401064327
949.5283,0.9122100476688146
949.769354,0.9195130891184327
950.010408,0.910290044531994
950.251462,0.9139211320834828
950.492516,0.9212360297905777
950.73357,0.8984987176244483
950.974624,0.9102873136659567
951.215678,0.9018653945899793
951.456732,0.9138827482020024
951.697786,0.9076004774671119
951.93884,0.9151118323751387
952.179894,0.9155951390043547
952.420948,0.9151118323751387
952.662002,0.9151109172637639
952.903056,0.9107644292116736
953.14411,0.9112436173168623
953.385164,0.9180375362833849
953.626218,0.9190212811861068
953.867272,0.9110058137674557
954.108326,0.9039963104128537
954.34938,0.891847611609121
954.590434,0.9163260755301654
954.831488,0.9280905272850534
955.072542,0.9156006325916696
955.313596,0.8994606257813964
955.55465,0.898022639475961
955.795704,0.9035444252383552
956.036758,0.9202425521919854
956.277812,0.9083368400089884
956.518866,0.9071340906933628
956.75992,0.8992267964178278
957.000974,0.9100424793102778
957.242028,0.9042313800112847
957.483082,0.9102700183713028
957.724136,0.8982651383244908
957.96519,0.9112472622986215
958.206244,0.9078682591038142
958.447298,0.8935437328761322
958.688352,0.9033095342249482
958.929406,0.8946971480844019
959.17046,0.8997215071888488
959.411514,0.9119902315362343
959.652568,0.8946971480844019
959.893622,0.8997215071888488
960.134676,0.9134094795256035
960.37573,0.8970891814132342
960.616784,0.9119947914987919
960.857838,0.903318567365456
961.098892,0.8940442575003572
961.339946,0.9347510891011478
961.581,0.9028309070192223
961.822054,0.8942141420478033
962.063108,0.8959237231893779
962.304162,0.9043127644977326
962.545216,0.9035715319777113
962.78627,0.9011622138583357
963.027324,0.8938207743725372
963.268378,0.9023976521733346
963.509432,0.9431376846072852
963.750486,0.901594875551487
963.99154,0.9102527234052565
964.232594,0.8965421238820825
964.473648,0.9047288440603641
964.714702,0.8994336423673762
964.955756,0.9009189329050006
965.19681,0.8987683076762215
965.437864,0.90739719772834
965.678918,0.8902170229235801
965.919972,0.9120130315770221
966.161026,0.901838339033977
966.40208,0.9124034566995533
966.643134,0.8963717970601054
966.884188,0.9025871755795521
967.125242,0.8968649371495818
967.366296,0.9028399353734342
967.60735,0.8977712283361098
967.848404,0.9004325680115718
968.089458,0.8961208480914237
968.330512,0.9028399353734342
968.571566,0.899424648075924
968.81262,0.8961208480914237
969.053674,0.8923650332616285
969.294728,0.8937313967640548
969.535782,0.889976696772881
969.776836,0.893481187003962
970.01789,0.8972686171924967
970.258944,0.9001804821861911
970.499998,0.8961298093447108
970.741052,0.8878521922617664
970.982106,0.8881008256826542
971.22316,0.9090801635219846
971.464214,0.8932221150269831
971.705268,0.895869969378617
971.946322,0.8977712283361098
972.187376,0.8948582080660206
972.42843,0.8992987374391437
972.669484,0.8939816765926896
972.910538,0.8957355989612434
973.151592,0.8967483522859327
973.392646,0.8906088045993144
973.6337,0.8784116021831053
973.874754,0.8892294302434735
974.115808,0.8945987368108319
974.356862,0.8897364355014836
974.597916,0.8929631181699847
974.83897,0.8760606108248212
975.080024,0.892704196411185
975.321078,0.8951088034459951
975.562132,0.8826999002160226
975.803186,0.8768055789106055
976.04424,0.8733926965991886
976.285294,0.8812710840312644
976.526348,0.8873551342233403
976.767402,0.8881185878767892
977.008456,0.8884650216762611
977.24951,0.8953594690025002
977.490564,0.8852280354407508
977.731618,0.8881985221466864
977.972672,0.8894784493449889
978.213726,0.8884561370704673
978.45478,0.870550072403237
978.695834,0.881526689706665
978.936888,0.881024362670338
979.177942,0.8679683744074644
979.418996,0.8791673610907331
979.66005,0.8762270781547735
979.901104,0.8744588859322898
980.142158,0.8889004762145315
980.383212,0.8739431073592308
980.624266,0.8865125471380633
980.86532,0.8689758019167663
981.106374,0.8841929242973843
981.347428,0.8863175358297234
981.588482,0.8812798967861684
981.829536,0.8783940341267428
982.07059,0.8799413688819718
982.311644,0.8770598894017285
982.552698,0.8789124395214309
982.793752,0.9014957055696253
983.034806,0.8900033964742777
983.27586,0.881024362670338
983.516914,0.8716215077899746
983.757968,0.8754826015857076
983.999022,0.8604584073011665
984.240076,0.8668840917572941
984.48113,0.8828764578512408
984.722184,0.887905464991468
984.963238,0.868723835471111
985.204292,0.8770686600444757
985.445346,0.8635443689747913
985.6864,0.8847059049434836
985.927454,0.8728950046178168
986.168508,0.8710638484949982
986.409562,0.8718394404073642
986.650616,0.8684632574091332
986.89167,0.8726419017681647
987.132724,0.8591686872220966
987.373778,0.87132520685134
987.614832,0.868723835471111
987.855886,0.8607165835478576
988.09694,0.8754913564554976
988.337994,0.8625259875825887
988.579048,0.869506038861762
988.820102,0.8648579544877139
989.061156,0.8663901086235601
989.30221,0.8525358652797743
989.543264,0.8643391953583228
989.784318,0.8484619832219062
990.025372,0.8622758913119016
990.266426,0.8489627234958623
990.50748,0.8538156286602737
990.748534,0.8525358652797743
990.989588,0.856612175628353
991.230642,0.8459542490291547
991.471696,0.8459542490291547
991.71275,0.8563466670098704
991.953804,0.8533120260167527
992.194858,0.864356482315099
992.435912,0.8461996113371882
992.676966,0.860725190756729
992.91802,0.8576321508822612
993.159074,0.8346523400954101
993.400128,0.8366495448972903
993.641182,0.8505007375081804
993.882236,0.8497526260764813
994.12329,0.8316696269600172
994.364344,0.8494722539738173
994.605398,0.8341433574234495
994.846452,0.8371684284524071
995.087506,0.833417968292517
995.32856,0.8122801386347802
995.569614,0.8916960104016152
995.810668,0.8783325486963691
996.051722,0.8479106621315775
996.292776,0.8439179540100761
996.53383,0.8535424513698
996.774884,0.8451678772970908
997.015938,0.8434033210371447
997.256992,0.838643142253956
997.498046,0.8424171161938658
997.7391,0.8408684938695254
997.980154,0.830921461020927
998.221208,0.840145657828846
998.462262,0.8328680939119499
998.703316,0.8192794864877092
998.94437,0.8225138151078181
999.185424,0.839624928963621
999.426478,0.8344019819489811
999.667532,0.8306057708506702
999.908586,0.8328597652726542
1000.14964,0.8405994589993622
1000.390694,0.8348526806969435
1000.631748,0.8200417708174144
1000.872802,0.8288716176109739
1001.113856,0.8249355639506486
1001.35491,0.8266284164376957
1001.595964,0.8200417708174144
1001.837018,0.8257031108791235
1002.078072,0.8102924881611945
1002.319126,0.8202960231734469
1002.56018,0.8134262614569611
1002.801234,0.8175935078997083
1003.042288,0.8234684847346765
1003.283342,0.8246716268023804
1003.524396,0.8109734198025004
1003.76545,0.8196974255912305
1004.006504,0.8010835742225896
1004.247558,0.8033458181666695
1004.488612,0.810965310108851
1004.729666,0.8030004537235346
1004.97072,0.7944541531156193
1005.211774,0.8059367608802747
1005.452828,0.8054291806254885
1005.693882,0.795455796251203
1005.934936,0.7963551693510674
1006.17599,0.7939538046254798
1006.417044,0.7838951537785706
1006.658098,0.7975107219197765
1006.899152,0.7846480544607026
1007.140206,0.7925497493467781
1007.38126,0.7878953519792667
1007.622314,0.7794084846550077
1007.863368,0.7785282504933131
1008.104422,0.7826575773784137
1008.345476,0.7799074657421029
1008.58653,0.7777889998549955
1008.827584,0.7635474563007458
1009.068638,0.7675666215235187
1009.309692,0.7603853003690074
1009.550746,0.7640362830806626
1009.7918,0.7625783665334999
1010.032854,0.7508870785310903
1010.273908,0.7640362830806626
1010.514962,0.7630589422698779
1010.756016,0.7542359717916887
1010.99707,0.7545905460168466
1011.238124,0.7371233743916278
1011.479178,0.7463429991973549
1011.720232,0.7521872374901781
1011.961286,0.7401961946638479
1012.20234,0.7353858143553658
1012.443394,0.7244445903458734
1012.684448,0.7249083832816035
1012.925502,0.7209755885769396
1013.166556,0.7191682090597946
1013.40761,0.7294094827047926
1013.648664,0.71880871483631
1013.889718,0.7231706892286842
1014.130772,0.7096665976563892
1014.371826,0.7038922419160246
1014.61288,0.6978577454993132
1014.853934,0.6950579886441165
1015.094988,0.6874404990659265
1015.336042,0.69164670198641
1015.577096,0.6909692202387409
1015.81815,0.6774158097510887
1016.059204,0.6919510934965054
1016.300258,0.6713867026761473
1016.541312,0.6583424778542345
1016.782366,0.6602082258547671
1017.02342,0.6678845164211168
1017.264474,0.6626621475828258
1017.505528,0.6494366397357011
1017.746582,0.6465401364637888
1017.987636,0.6423962203540926
1018.22869,0.6339025772474083
1018.469744,0.6327372689177087
1018.710798,0.6237036146326767
1018.951852,0.6205122080464955
1019.192906,0.6162700614980879
1019.43396,0.6080488833507213
1019.675014,0.5995895147387946
1019.916068,0.596778056122695
1020.157122,0.5860149369817694
1020.398176,0.5840317098147362
1020.63923,0.5745029768905289
1020.880284,0.5626092171098831
1021.121338,0.555537036365404
1021.362392,0.5528823769462516
1021.603446,0.5423845647934938
1021.8445,0.5315064211966593
1022.085554,0.5331353217924016
1022.326608,0.5175029776221186
1022.567662,0.5157464552783041
1022.808716,0.49553365808569616
1023.04977,0.482550355460451
1023.290824,0.4740464340283053
1023.531878,0.46553406759092114
1023.772932,0.45714712653405415
1024.013986,0.4428252749250978
1024.25504,0.42324672319801826
1024.496094,0.4167828234186524
1024.737148,0.4039678432923163
1024.978202,0.3907645790296431
1025.219256,0.3845390248992963
1025.46031,0.3653863470980412
1025.701364,0.353949865060814
1025.942418,0.3430771259828181
1026.183472,0.3292624914415682
1026.424526,0.31030487408415697
1026.66558,0.30327963842193173
1026.906634,0.29115485662602203
1027.147688,0.2806912410655934
1027.388742,0.2608525431730552
1027.629796,0.2441432831534371
1027.87085,0.2486273723433324
1028.111904,0.23487542776613274
1028.352958,0.22580127064036784
1028.594012,0.214939217527213
1028.835066,0.20677996956686417
1029.07612,0.19649859457273539
1029.317174,0.1882470656387468
1029.558228,0.18266525661371655
1029.799282,0.17447043127123832
1030.040336,0.16591162697566883
1030.28139,0.15905583100505374
1030.522444,0.15301795676488505
1030.763498,0.14640185599116576
1031.004552,0.14225984489070156
1031.245606,0.1396522325452717
1031.48666,0.13384136816010248
1031.727714,0.13026297333096354
1031.968768,0.12805441349045998
1032.209822,0.1246432028977449
1032.450876,0.12068155252092963
1032.69193,0.1192062610670536
1032.932984,0.1195405063230262
1033.174038,0.11281567351158354
1033.415092,0.11547514118738123
1033.656146,0.11570632257408225
1033.8972,0.1140178800890269
1034.138254,0.11363087757381247
1034.379308,0.11440620065220493
1034.620362,0.11453211671405986
1034.861416,0.11570632257408225
1035.10247,0.1183984083041152
1035.343524,0.11962421397171126
1035.584578,0.12366240086386915
1035.825632,0.12640047997576095
1036.066686,0.129600323360693
1036.30774,0.13457952375209475
1036.548794,0.1386503475849422
1036.789848,0.14546787603665945
1037.030902,0.15223955180522328
1037.271956,0.1508302872110575
1037.51301,0.16241507974381617
1037.754064,0.16989069828132766
1037.995118,0.1758542063932367
1038.236172,0.17810179680413307
1038.477226,0.18968319371172207
1038.71828,0.1962433123691754
1038.959334,0.20599569674461377
1039.200388,0.2109361073773532
1039.441442,0.21569282282853033
1039.682496,0.22987950468788965
1039.92355,0.23393780255565577
1040.164604,0.23887855363166619
1040.405658,0.24887612407081014
1040.646712,0.2552530175673484
1040.887766,0.26074822302120726
1041.12882,0.26590930153963444
1041.369874,0.2746109253563487
1041.610928,0.2813657090820259
1041.851982,0.2898765895068001
1042.093036,0.2891817198690865
1042.33409,0.2975122138146559
1042.575144,0.3057767556454435
1042.816198,0.31042902086149077
1043.057252,0.3134234899157345
1043.298306,0.3189566751492759
1043.53936,0.3242306933632805
1043.780414,0.32267811520366874
1044.021468,0.32458754335749457
1044.262522,0.33233891581200065
1044.503576,0.33507529875889275
1044.74463,0.3311115338803078
1044.985684,0.33140966840121033
1045.226738,0.3359812245149626
1045.467792,0.33450615466055506
1045.708846,0.33702438237023924
1045.9499,0.33497479124614576
1046.190954,0.33611564388685067
1046.432008,0.33460652156123555
1046.673062,0.3340381737071345
1046.914116,0.3330042587647965
1047.15517,0.32748926600539713
1047.396224,0.3295919186191463
1047.637278,0.32180805939651735
1047.878332,0.3255953259979296
1048.119386,0.3204913474569612
1048.36044,0.3203631765538679
1048.601494,0.3106463972489532
1048.842548,0.3065421538837101
1049.083602,0.3040083836986788
1049.324656,0.302764501027462
1049.56571,0.29590997779075295
1049.806764,0.29358149856915106
1050.047818,0.29238027860864507
1050.288872,0.28368239332073775
1050.529926,0.28311559552082877
1050.77098,0.27695506670895886
1051.012034,0.27049545041642054
1051.253088,0.2633951244249811
1051.494142,0.26004515239151543
1051.735196,0.25352318514374644
1051.97625,0.2473873381505013
1052.217304,0.24441198852576618
1052.458358,0.23464066973694442
1052.699412,0.23228272662973992
1052.940466,0.23232918782103013
1053.18152,0.22190631293257038
1053.422574,0.21694747617844096
1053.663628,0.21356799911438223
1053.904682,0.20692476621847655
1054.145736,0.19990760383602338
1054.38679,0.1939800422908919
1054.627844,0.19023407336290554
1054.868898,0.18839772354638573
1055.109952,0.18162702641808265
1055.351006,0.17744403776058162
1055.59206,0.17058868002910824
1055.833114,0.16473782634730894
1056.074168,0.1609759989427808
1056.315222,0.15435502078370072
1056.556276,0.150754890918096
1056.79733,0.14657764366986786
1057.038384,0.14038031552965358
1057.279438,0.1395266020781712
1057.520492,0.13490290250838552
1057.761546,0.1314800697088893
1058.0026,0.12593366234502845
1058.243654,0.12194318980951095
1058.484708,0.11873038840261099
1058.725762,0.11394948988008788
1058.966816,0.1102615509082867
1059.20787,0.10712059747409468
1059.448924,0.10214110901789668
1059.689978,0.10301300876893396
1059.931032,0.0956078833982329
1060.172086,0.09305170244849914
1060.41314,0.08834550135165782
1060.654194,0.08456794372134878
1060.895248,0.08158580422313302
1061.136302,0.07987439025929681
1061.377356,0.0768884199219719
1061.61841,0.0736154762659123
1061.859464,0.07035510023778906
1062.100518,0.06710478003905306
1062.341572,0.06548068927748603
1062.582626,0.062112998271808904
1062.82368,0.0592493778170554
1063.064734,0.057160052925638596
1063.305788,0.05358961391091631
1063.546842,0.051323835760864016
1063.787896,0.047739315321240997
1064.02895,0.04540650056198592
1064.270004,0.04184847175155683
1064.511058,0.0396168795610269
1064.752112,0.0379342834219053
1064.993166,0.034919844536880955
1065.23422,0.032585104897728936
1065.475274,0.030825901025813944
1065.716328,0.027214645856121145
1065.957382,0.025763410276453933
1066.198436,0.023562472049564274
1066.43949,0.02180534839625719
1066.680544,0.020278379697987372
1066.921598,0.018665096435129105
1067.162652,0.016195853925893487
1067.403706,0.014976095236384405
1067.64476,0.013185994966786473
1067.885814,0.011920448407185497
1068.126868,0.010781754194255542
1068.367922,0.00964515077784129
1068.608976,0.008401038078454085
1068.85003,0.007446583070924338
1069.091084,0.0064906019641623736
1069.332138,0.005562542450323872
1069.573192,0.004904020010068527
1069.814246,0.00422304013148777
1070.0553,0.0035925249320763707
1070.296354,0.0030782316084078647
1070.537408,0.002527562195133751
1070.778462,0.002163776942044287
1071.019516,0.0018245899538765784
1071.26057,0.0015276876907483008
1071.501624,0.0012240380607395562
1071.742678,0.0010326778460208299
1071.983732,0.0008342311798099197
1072.224786,0.0006969478295535904
1072.46584,0.0005610502972743284
1072.706894,0.0004414260716820621
1072.947948,0.0003553170743294698
1073.189002,0.00029184141574212707
1073.430056,0.00023507639771335652
1073.67111,0.00018006367853444174
1073.912164,0.000145286921756094
1074.153218,0.00011085361619681481
1074.394272,8.80152907550701e-05
1074.635326,6.965890586081322e-05
1074.87638,5.3383972366471914e-05
1075.117434,4.112065532715192e-05
1075.358488,3.046293071272692e-05
1075.599542,2.521680299837193e-05
1075.840596,1.8887693227015173e-05
1076.08165,1.4607141573126502e-05
1076.322704,1.1410232698943038e-05
1076.563758,8.806680295330328e-06
1076.804812,6.934511128841406e-06
1077.045866,5.531785053678854e-06
1077.28692,4.273830757512653e-06
1077.527974,3.3720152341391845e-06
1077.769028,2.67115391770178e-06
1078.010082,2.143651231206796e-06
1078.251136,1.76740179897111e-06
1078.49219,1.4571909243127124e-06
1078.733244,1.2232491520154761e-06
1078.974298,1.012589142364186e-06
1079.215352,8.390462557470923e-07
1079.456406,7.092909697736086e-07
1079.69746,6.190993972576736e-07
1079.938514,5.398362414250262e-07
1080.179568,4.943609097344072e-07
1080.420622,4.3236313998197805e-07
1080.661676,3.923937645212853e-07
1080.90273,3.781405065289384e-07
1081.143784,3.622250982497867e-07
1081.384838,3.4181369492370046e-07
1081.625892,3.449039032566334e-07
1081.866946,3.3337428472611354e-07
1082.108,3.2644642190358886e-07
1082.349054,3.4767420089834867e-07
1082.590108,3.607790917976994e-07
1082.831162,3.61501372020758e-07
1083.072216,4.0718427086414857e-07
1083.31327,4.272057883003555e-07
1083.554324,4.545308722014347e-07
1083.795378,5.083986261175134e-07
1084.036432,5.749400859074039e-07
1084.277486,6.297140559750184e-07
1084.51854,7.243435793601775e-07
1084.759594,8.508755149312379e-07
1085.000648,1.038222958544864e-06
1085.241702,1.2380165691337924e-06
1085.482756,1.4674270454092786e-06
1085.72381,1.7638705278214097e-06
1085.964864,2.150091840984627e-06
1086.205918,2.7525026653834964e-06
1086.446972,3.492125434847116e-06
1086.688026,4.214414014578309e-06
1086.92908,5.449427503696814e-06
1087.170134,6.858649510262771e-06
1087.411188,8.833140005937452e-06
1087.652242,1.0799615784242785e-05
1087.893296,1.3674196065680964e-05
1088.13435,1.7470444334456392e-05
1088.375404,2.309256162194844e-05
1088.616458,2.894827329821157e-05
1088.857512,3.607176974758541e-05
1089.098566,4.494819291357204e-05
1089.33962,5.617155881888721e-05
1089.580674,7.135094282808519e-05
1089.821728,8.404989057618725e-05
1090.062782,0.00011017946738232027
1090.303836,0.00012912882609815665
1090.54489,0.0001611459631951724
1090.785944,0.0001952167652738511
1091.026998,0.0002312988408954317
1091.268052,0.0002745162775131313
1091.509106,0.00031409973346103266
1091.75016,0.00037793059133950846
1091.991214,0.000463362904445488
1092.232268,0.0005437070321592776
1092.473322,0.0006132732271767053
1092.714376,0.0007163082262827499
1092.95543,0.0008038482904984797
1093.196484,0.0009394649940467338
1093.437538,0.0010597735772957557
1093.678592,0.0012264885865700234
1093.919646,0.0013803751071129345
1094.1607,0.00150810708597174
1094.401754,0.0017614816103583154
1094.642808,0.0018939323555173617
1094.883862,0.002029430636295734
1095.124916,0.00222855920217619
1095.36597,0.0024418483645511106
1095.607024,0.0027029811106581967
1095.848078,0.002884799150470435
1096.089132,0.0030733103758703055
1096.330186,0.0032895648085194394
1096.57124,0.0035450606873675262
1096.812294,0.0037983063840738925
1097.053348,0.003894850433545183
1097.294402,0.004097820631045521
1097.535456,0.0042624975975384645
1097.77651,0.004375650869790171
1098.017564,0.004479696412134294
1098.258618,0.0046732524201451705
1098.499672,0.004894221771552985
1098.740726,0.004767658381315381
1098.98178,0.004894711218202064
1099.222834,0.0050301775363316035
1099.463888,0.0050965063673458445
1099.704942,0.004993091609726481
1099.945996,0.00513744194226144
1100.18705,0.00498162069563208
1100.428104,0.004888352227857685
1100.669158,0.004905000912157482
1100.910212,0.004813648300184549
1101.151266,0.004734401308201677
1101.39232,0.004640653881201053
1101.633374,0.004453789375974795
1101.874428,0.004342956246360513
1102.115482,0.0041448030773646675
1102.356536,0.004002644545266322
1102.59759,0.003828431843395066
1102.838644,0.0037060079720554725
1103.079698,0.003618122623366647
1103.320752,0.003380268955566955
1103.561806,0.0032833205692889963
1103.80286,0.003115392909581257
1104.043914,0.0029575324206231463
1104.284968,0.0028512436826796323
1104.526022,0.0026959624879338505
1104.767076,0.002562171853213964
1105.00813,0.0023442259895280594
1105.249184,0.0022713066417154254
1105.490238,0.0021124645076215053
1105.731292,0.0019884496782966586
1105.972346,0.0018732132635296923
1106.2134,0.0017456994023309733
1106.454454,0.0016727270839860511
1106.695508,0.0016122895974652195
1106.936562,0.001464853560811109
1107.177616,0.001365547270400654
1107.41867,0.0012709380869987993
1107.659724,0.001244402231137522
1107.900778,0.0011561034767251022
1108.141832,0.0011105498788165197
1108.382886,0.001038373222101079
1108.62394,0.0009669149681869145
1108.864994,0.0009231673767290976
1109.106048,0.0008915045650810403
1109.347102,0.0008400912845062856
1109.588156,0.0008031251524979434
1109.82921,0.0007490536111794164
1110.070264,0.0007155207204414584
1110.311318,0.0006734478476029936
1110.552372,0.0006348003613993735
1110.793426,0.0006165322039404479
1111.03448,0.0005735875350496367
1111.275534,0.0005574152968915104
1111.516588,0.000525584279956348
1111.757642,0.0004998512519014271
1111.998696,0.00047022464940385306
1112.23975,0.0004638264991086319
1112.480804,0.00044541683783726405
1112.721858,0.0004221710475933851
1112.962912,0.00041092493502112716
1113.203966,0.0003807757266955803
1113.44502,0.0003583859785421613
1113.686074,0.0003481072277264641
1113.927128,0.0003335559301743743
1114.168182,0.00031234569085683783
1114.409236,0.00029586715649621654
1114.65029,0.00028844676858814423
1114.891344,0.00026409544131976415
1115.132398,0.00025351184758237076
1115.373452,0.00024206603430515608
1115.614506,0.00023241174416279787
1115.85556,0.00021628793620507008
1116.096614,0.0001982661971809522
1116.337668,0.00018283983626698696
1116.578722,0.00017281308173064606
1116.819776,0.0001612749315461906
1117.06083,0.00015095934436764835
1117.301884,0.00013809067822614544
1117.542938,0.00012973716004575404
1117.783992,0.00012136597384108004
1118.025046,0.00011201250960551322
1118.2661,0.00010413733511539932
1118.507154,9.700965968865173e-05
1118.748208,8.875773308966218e-05
1118.989262,8.300580606698248e-05
1119.230316,7.497168867698245e-05
1119.47137,6.828639540688938e-05
1119.712424,6.370802641173302e-05
1119.953478,5.8939444826404165e-05
1120.194532,5.5070300390591144e-05
1120.435586,4.9028931270472486e-05
1120.67664,4.5128345750696844e-05
1120.917694,4.071149797030361e-05
1121.158748,3.680046783362321e-05
1121.399802,3.414139432648739e-05
1121.640856,3.061562678836292e-05
1121.88191,2.814896419416408e-05
1122.122964,2.544477857662631e-05
1122.364018,2.3867329516827873e-05
1122.605072,2.279430121400367e-05
1122.846126,1.9737306146776835e-05
1123.08718,1.8681067128535287e-05
1123.328234,1.70050533873683e-05
1123.569288,1.5588142950219452e-05
1123.810342,1.5666278841916762e-05
1124.051396,1.1923491835566626e-05
1124.29245,1.1995247839323416e-05
1124.533504,1.1536438115855722e-05
1124.774558,1.0490924582726865e-05
1125.015612,1.0150374059528724e-05
1125.256666,9.44523666643208e-06
1125.49772,8.589242584100285e-06
1125.738774,8.537861426212725e-06
1125.979828,7.952692558783276e-06
1126.220882,7.385440469164266e-06
1126.461936,7.497057108190296e-06
1126.70299,6.749784361733395e-06
1126.944044,6.5897180163077295e-06
1127.185098,6.669270995746597e-06
1127.426152,6.4851215313089555e-06
1127.667206,6.414176109648575e-06
1127.90826,6.125807337595583e-06
1128.149314,6.230836278900981e-06
1128.390368,5.803786549882355e-06
1128.631422,6.00450822524398e-06
1128.872476,5.8797283270722085e-06
1129.11353,5.862115574429518e-06
1129.354584,5.962623435460933e-06
1129.595638,6.138071212057282e-06
1129.836692,5.803786549882355e-06
1130.077746,6.076996383037868e-06
1130.3188,6.318681468331542e-06
1130.559854,6.318681468331542e-06
1130.800908,6.530676638888106e-06
1131.041962,6.756537522112562e-06
1131.283016,7.011211831727335e-06
1131.52407,7.21751389665515e-06
1131.765124,7.1815163959184845e-06
1132.006178,7.617974783759824e-06
1132.247232,7.74084270247865e-06
1132.488286,8.048699760616019e-06
1132.72934,8.520802767705022e-06
1132.970394,8.658232114952719e-06
1133.211448,8.753998417238161e-06
1133.452502,9.193627288129524e-06
1133.693556,9.426365070985204e-06
1133.93461,9.70373204057348e-06
1134.175664,1.018087090410154e-05
1134.416718,1.0649474603824258e-05
1134.657772,1.0799615784242785e-05
1134.898826,1.1699084114928563e-05
1135.13988,1.1852165078803653e-05
1135.380934,1.2348203142624195e-05
1135.621988,1.2635503099379133e-05
1135.863042,1.3336578961877467e-05
1136.104096,1.37840283776827e-05
1136.34515,1.377025123902245e-05
1136.586204,1.4917135085868096e-05
1136.827258,1.5082129376723258e-05
1137.068312,1.546393529966004e-05
1137.309366,1.6954114673481056e-05
1137.55042,1.6668330769808933e-05
1137.791474,1.7769980733735812e-05
1138.032528,1.84767014619705e-05
1138.273582,1.9230749953155133e-05
1138.514636,2.001557174704361e-05
1138.75569,2.066642820751308e-05
1138.996744,2.0728520584131272e-05
1139.237798,2.1509841142453118e-05
1139.478852,2.2885661016651933e-05
1139.719906,2.4131319424110195e-05
1139.96096,2.4496017613829297e-05
1140.202014,2.5623516880880136e-05
1140.443068,2.5958797200558284e-05
1140.684122,2.7702164694734874e-05
1140.925176,2.9297745215641705e-05
1141.16623,3.0039421166869695e-05
1141.407284,3.2121017220716145e-05
1141.648338,3.189695523205051e-05
1141.889392,3.3066165126564405e-05
1142.130446,3.3599478901476744e-05
1142.3715,3.578434681425874e-05
1142.612554,3.8187588634529925e-05
1142.853608,3.982562534375665e-05
1143.094662,4.01455081717789e-05
1143.335716,4.361977305405272e-05
1143.57677,4.432330265112679e-05
1143.817824,4.732840093781585e-05
1144.058878,4.819766413555411e-05
1144.299932,5.1162690127660364e-05
1144.540986,5.276301954727953e-05
1144.78204,5.415284752647763e-05
1145.023094,5.774348666180828e-05
1145.264148,6.204814140159856e-05
1145.505202,6.140618469207082e-05
1145.746256,6.446423397349779e-05
1145.98731,6.831371542869217e-05
1146.228364,7.27850486165859e-05
1146.469418,7.531735286300345e-05
1146.710472,7.642505274758836e-05
1146.951526,7.786764745632809e-05
1147.19258,8.334682849010902e-05
1147.433634,8.557648675428736e-05
1147.674688,8.922939788265066e-05
1147.915742,9.200202226642711e-05
1148.156796,9.810227510203037e-05
1148.39785,0.00010095860263961205
1148.638904,0.00010041489551579993
1148.879958,0.00010156617515026507
1149.121012,0.00010893055378735803
1149.362066,0.00010725514814030164
1149.60312,0.00011410402792617612
1149.844174,0.00011582848947313828
1150.085228,0.0001230524340917775
1150.326282,0.00011908178881136798
1150.567336,0.00011897466341509707
1150.80839,0.00012329878522898132
1151.049444,0.0001230524340917775
1151.290498,0.00012481224373377033
1151.531552,0.00012577700758461342
1151.772606,0.00012743552596121148
1152.01366,0.00012952974656471388
1152.254714,0.00012910300291534143
1152.495768,0.0001308053784680834
1152.736822,0.00012631901319414777
1152.977876,0.00012364450561028553
1153.21893,0.00012533755754424297
1153.459984,0.00012226741325978855
1153.701038,0.0001223285622523925
1153.942092,0.00012216963844432157
1154.183146,0.00011413826426974885
1154.4242,0.00011287833507965597
1154.665254,0.00011069852972000379
1154.906308,0.00010991535372376753
1155.147362,0.00010364903803736357
1155.388416,0.0001013835204735205
1155.62947,9.898918066638379e-05
1155.870524,9.617895377068778e-05
1156.111578,9.500319835839294e-05
1156.352632,9.642934441727868e-05
1156.593686,8.683506875295808e-05
1156.83474,8.269925205917602e-05
1157.075794,8.102117643431292e-05
1157.316848,7.723174351651713e-05
1157.557902,7.685423362784756e-05
1157.798956,7.276321637700066e-05
1158.04001,7.012017515375489e-05
1158.281064,6.864927408159577e-05
1158.522118,6.565478981591923e-05
1158.763172,6.553016414714593e-05
1159.004226,6.277209062951319e-05
1159.24528,6.136321540379184e-05
1159.486334,5.918159261394835e-05
1159.727388,5.794594295696698e-05
1159.968442,5.741528505103201e-05
1160.209496,5.814329447047844e-05
1160.45055,5.6492650947364615e-05
1160.691604,5.565715038483911e-05
1160.932658,5.49712630102705e-05
1161.173712,5.3855824427349975e-05
1161.414766,5.2003475764065687e-05
1161.65582,5.297979200730448e-05
1161.896874,5.283165607676888e-05
1162.137928,5.344807158515093e-05
1162.378982,5.4223292007253656e-05
1162.620036,5.3160229870675235e-05
1162.86109,5.411495379756154e-05
1163.102144,5.460418662715564e-05
1163.343198,5.475181714255927e-05
1163.584252,5.6458765523439913e-05
1163.825306,5.6042512693535754e-05
1164.06636,5.91993497551705e-05
1164.307414,5.7593548600432405e-05
1164.548468,5.8149109090651634e-05
1164.789522,5.931786693235234e-05
1165.030576,6.075871677673271e-05
1165.27163,6.021434168816764e-05
1165.512684,6.282861094140496e-05
1165.753738,6.452873045033496e-05
1165.994792,6.457391637487871e-05
1166.235846,6.492355870797194e-05
1166.4769,6.44771281096631e-05
1166.717954,6.943635363553016e-05
1166.959008,6.764751075225506e-05
1167.200062,6.858065912071245e-05
1167.441116,6.764074633940614e-05
1167.68217,6.871795769175878e-05
1167.923224,7.095958984975629e-05
1168.164278,6.96101616891611e-05
1168.405332,6.980534326858325e-05
1168.646386,6.908312971858975e-05
1168.88744,7.168708156663759e-05
1169.128494,6.984723904201957e-05
1169.369548,7.018331171858583e-05
1169.610602,6.716891445327706e-05
1169.851656,6.772196395583723e-05
1170.09271,6.675375550629406e-05
1170.333764,6.781684110388244e-05
1170.574818,6.81908613427685e-05
1170.815872,6.666036563674758e-05
1171.056926,6.494953332603246e-05
1171.29798,6.50795623783938e-05
1171.539034,6.406579216879778e-05
1171.780088,6.463852258897685e-05
1172.021142,6.0274586147064844e-05
1172.262196,6.106327111196657e-05
1172.50325,6.02324087005904e-05
1172.744304,6.114881956146508e-05
1172.985358,5.924672818381924e-05
1173.226412,5.744974455888122e-05
1173.467466,5.812585409832386e-05
1173.70852,5.647570569399544e-05
1173.949574,5.674744072366684e-05
1174.190628,5.659442929209994e-05
1174.431682,5.682694277913348e-05
1174.672736,5.7570515787861904e-05
1174.91379,5.876289145439796e-05
1175.154844,5.601449844133573e-05
1175.395898,5.800971856437307e-05
1175.636952,5.5446054549482496e-05
1175.878006,5.682694277913348e-05
1176.11906,6.002796626010335e-05
1176.360114,5.6673716981541186e-05
1176.601168,5.9496087730681316e-05
1176.842222,5.954370364469195e-05
1177.083276,6.174484918150683e-05
1177.32433,6.17016429110388e-05
1177.565384,6.246525973503732e-05
1177.806438,6.676043121562457e-05
1178.047492,6.708165159763345e-05
1178.288546,6.782362312708833e-05
1178.5296,6.740441754386275e-05
1178.770654,6.947108049333895e-05
1179.011708,7.53700934670654e-05
1179.252762,7.435199893094102e-05
1179.493816,7.720085699682635e-05
1179.73487,7.886287288386507e-05
1179.975924,8.172096332225155e-05
1180.216978,8.25092623513577e-05
1180.458032,8.69219472537215e-05
1180.699086,9.157062733399188e-05
1180.94014,9.168974656024723e-05
1181.181194,9.89396984476361e-05
1181.422248,9.94058095333589e-05
1181.663302,0.0001052996987186345
1181.904356,0.00010645374355303208
1182.14541,0.00011054366021234665
1182.386464,0.00011168814388527782
1182.627518,0.00011495152962167401
1182.868572,0.00011814474886094596
1183.109626,0.0001262684956930438
1183.35068,0.00013073999212679705
1183.591734,0.00013255671054399572
1183.832788,0.00013633438182107817
1184.073842,0.00014342475724999935
1184.314896,0.0001473941893425462
1184.55595,0.0001505673598729536
1184.797004,0.00015688460858652242
1185.038058,0.00016381054685565526
1185.279112,0.00016937421517401423
1185.520166,0.00017265761992539457
1185.76122,0.0001754072753966774
1186.002274,0.00018227391041284545
1186.243328,0.0001905492245858691
1186.484382,0.00019541207968005176
1186.725436,0.000196234536364735
1186.96649,0.0001954316218651127
1187.207544,0.00020573944908279618
1187.448598,0.00021304652263018885
1187.689652,0.00021375073747028
1187.930706,0.00021172972049465536
1188.17176,0.0002247549186204904
1188.412814,0.00023877234293696414
1188.653868,0.00022996119055410599
1188.894922,0.00022794641011320262
1189.135976,0.00023557057685504262
1189.37703,0.00023557057685504262
1189.618084,0.00023846214056637367
1189.859138,0.00024020928350547237
1190.100192,0.0002358534312259489
1190.341246,0.0002426962248870985
1190.5823,0.0002445477430533065
1190.823354,0.00023777160212342567
1191.064408,0.00024289045955051434
1191.305462,0.00023713048469569886
1191.546516,0.00023278390059921448
1191.78757,0.00023404433376915794
1192.028624,0.0002367750556071147
1192.269678,0.00024088281199913998
1192.510732,0.0002311601032163602
1192.751786,0.00022690026460605095
1192.99284,0.00022895158407874487
1193.233894,0.00022986922447232672
1193.474948,0.00021791619406111678
1193.716002,0.0002222517076800509
1193.957056,0.00021564004471960157
1194.19811,0.00021098996180579996
1194.439164,0.00021158156155198882
1194.680218,0.00020786951642361696
1194.921272,0.00020968587090184113
1195.162326,0.00020668803061343264
1195.40338,0.0001927531891755242
1195.644434,0.00020025880558976336
1195.885488,0.0001958228762327926
1196.126542,0.00018859664064238213
1196.367596,0.00018642155947157674
1196.60865,0.00018844582366470288
1196.849704,0.00018679477568232537
1197.090758,0.0001801177057416778
1197.331812,0.00018538051637978422
1197.572866,0.00017997366919938335
1197.81392,0.0001794883957065638
1198.054974,0.00017444518355981905
1198.296028,0.0001785574785312116
1198.537082,0.0001729513875109664
1198.778136,0.00017300328071081033
1199.01919,0.00017853962367611614
1199.260244,0.00017394002536091558
1199.501298,0.0001726921549027622
1199.742352,0.00017212321006687974
1199.983406,0.0001714360923781461
1200.22446,0.00017039351530756045
1200.465514,0.00017446262895042997
1200.706568,0.00017402701711972352
1200.947622,0.00017196836886681108
1201.188676,0.00017200276598018137
1201.42973,0.00017394002536091558
1201.670784,0.00016864746967139017
1201.911838,0.00017328030752229774
1202.152892,0.0001690189025310016
1202.393946,0.0001741488786782768
1202.635,0.00016950976876035846
1202.876054,0.00017468957785289025
1203.117108,0.0001696284671380761
1203.358162,0.00016967936331226208
1203.599216,0.00016836101253050705
1203.84027,0.00017260583040823276
1204.081324,0.00016876556422843294
1204.322378,0.00017243331085197938
1204.563432,0.00016686924771927333
1204.804486,0.00016928954923467614
1205.04554,0.00017078587142934422
1205.286594,0.00016797422717535287
1205.527648,0.00016641930844179381
1205.768702,0.0001706663631521206
1206.009756,0.00016822637758164244
1206.25081,0.00016560584843504294
1206.491864,0.0001722265149812948
1206.732918,0.00016125880485938382
1206.973972,0.0001617271341427162
1207.215026,0.0001624890407511742
1207.45608,0.0001588738606248189
1207.697134,0.000154502543342224
1207.938188,0.00015291933466733392
1208.179242,0.0001554478892302117
1208.420296,0.00014723214487506612
1208.66135,0.0001481774523595695
1208.902404,0.00014554867372135058
1209.143458,0.00014742367112849497
1209.384512,0.00014477930637505525
1209.625566,0.00014134596788262848
1209.86662,0.00013659366338602427
1210.107674,0.00013696296460946782
1210.348728,0.0001283948855072245
1210.589782,0.00012915465444612514
1210.830836,0.00012695218988272228
1211.07189,0.00012241422222346128
1211.312944,0.0001214874005181407
1211.553998,0.0001186064130414965
1211.795052,0.00012146310546762317
1212.036106,0.00011129791867415354
1212.27716,0.00011144270005593813
1212.518214,0.00010711580703905887
1212.759268,0.00010952036984792093
1213.000322,0.00010557383415694306
1213.241376,0.00010310115131808252
1213.48243,9.899908007941279e-05
1213.723484,9.663205881617633e-05
1213.964538,9.131458819952395e-05
1214.205592,9.963470602534621e-05
1214.446646,8.768146731643501e-05
1214.6877,8.64970715078609e-05
1214.928754,8.557648675428736e-05
1215.169808,8.47927935923342e-05
1215.410862,8.126460492377871e-05
1215.651916,8.12321055821108e-05
1215.89297,7.603627719889557e-05
1216.134024,7.749477835030062e-05
1216.375078,7.135094282808519e-05
1216.616132,7.270502908192041e-05
1216.857186,7.005709538626979e-05
1217.09824,6.812270456549401e-05
1217.339294,6.590475264580798e-05
1217.580348,6.344101381975524e-05
1217.821402,6.398256075112156e-05
1218.062456,6.277209062951319e-05
1218.30351,5.837049607406232e-05
1218.544564,5.648700196472373e-05
1218.785618,5.8306323829585956e-05
1219.026672,5.340533022670573e-05
1219.267726,5.401763449437504e-05
1219.50878,5.0577689392600264e-05
1219.749834,5.0537243421631695e-05
1219.990888,4.926483585864571e-05
1220.231942,4.7125325738366964e-05
1220.472996,4.2927410357104644e-05
1220.71405,4.5128345750696844e-05
1220.955104,4.2500275487333706e-05
1221.196158,4.128546735276242e-05
1221.437212,3.974605369124558e-05
1221.678266,3.77698270606273e-05
1221.91932,3.702193437585242e-05
1222.160374,3.582014905921193e-05
1222.401428,3.4243972299492896e-05
1222.642482,3.316551256859658e-05
1222.883536,3.142207143607732e-05
1223.12459,2.9474060102652252e-05
1223.365644,3.01296747430444e-05
1223.606698,2.8890434609583317e-05
1223.847752,2.7018195811416243e-05
1224.088806,2.7045227520829707e-05
1224.32986,2.4791740614531983e-05
1224.570914,2.3795834823937733e-05
1224.811968,2.2977386990364728e-05
1225.053022,2.241007328421357e-05
1225.294076,2.0915919298664244e-05
1225.53513,2.0156172277009463e-05
1225.776184,1.9443455940790768e-05
1226.017238,1.9001360045833472e-05
1226.258292,1.802051007744821e-05
1226.499346,1.787692111847148e-05
1226.7404,1.6240539554230064e-05
1226.981454,1.6338275706804892e-05
1227.222508,1.535606573650051e-05
1227.463562,1.5051995262129127e-05
1227.704616,1.4275011454581503e-05
1227.94567,1.3894742872205592e-05
1228.186724,1.3660528704434836e-05
1228.427778,1.2916564506997279e-05
1228.668832,1.226206754693082e-05
1228.909886,1.2055374269331698e-05
1229.15094,1.181666186501533e-05
1229.391994,1.1161948717403037e-05
1229.633048,1.0745752475807827e-05
1229.874102,1.1050885471981619e-05
1230.115156,1.0191056867138324e-05
1230.35621,1.03244054945011e-05
1230.597264,1.0009258933450719e-05
1230.838318,1.0345074968073858e-05
1231.079372,9.929504305851081e-06
1231.320426,9.752372199840883e-06
1231.56148,9.655334475112478e-06
1231.802534,9.616790277000506e-06
1232.043588,9.616790277000506e-06
1232.284642,9.426365070985204e-06
1232.525696,9.674664467611878e-06
1232.76675,9.55926229187772e-06
1233.007804,9.511585272294366e-06
1233.248858,9.492581112244557e-06
1233.489912,9.473614922531837e-06
1233.730966,9.870105654166873e-06
1233.97202,9.801256168921236e-06
1234.213074,1.0242139752264187e-05
1234.454128,1.013009359863071e-05
1234.695182,1.017069512193649e-05
1234.936236,1.0407332002213714e-05
1235.17729,1.0628196939373608e-05
1235.418344,1.0886359221635113e-05
1235.659398,1.1285407934108437e-05
1235.900452,1.1455965033431351e-05
1236.141506,1.1652381246476234e-05
1236.38256,1.1734234065837255e-05
1236.623614,1.223756791963079e-05
1236.864668,1.290365439862032e-05
1237.105722,1.2826464274172174e-05
1237.346776,1.4062484221878713e-05
1237.58783,1.4246489962671405e-05
1237.828884,1.4389669567159198e-05
1238.069938,1.5021921355536086e-05
1238.310992,1.5433038336323038e-05
1238.552046,1.738331012982519e-05
1238.7931,1.719314156304361e-05
1239.034154,1.800249857462311e-05
1239.275208,1.8625107907949966e-05
1239.516262,2.0399503411171922e-05
1239.757316,2.1189601328395735e-05
1239.99837,2.123202293852213e-05
1240.239424,2.3629845620172054e-05
1240.480478,2.4496017613829297e-05
1240.721532,2.5984768981484975e-05
1240.962586,2.7153625081504372e-05
1241.20364,2.935639934064664e-05
1241.444694,3.1109416601342836e-05
1241.685748,3.366674510305924e-05
1241.926802,3.539287603590519e-05
1242.167856,3.803514337377363e-05
1242.40891,4.042751259293828e-05
1242.649964,4.44120379621616e-05
1242.891018,4.720550692682205e-05
1243.132072,5.061310616960085e-05
1243.373126,5.3458762268500635e-05
1243.61418,5.9621160795669664e-05
1243.855234,6.0316793128087705e-05
1244.096288,6.696770966799871e-05
1244.337342,6.944329761808716e-05
1244.578396,7.847739001105924e-05
1244.81945,8.663557759759729e-05
1245.060504,9.170808634347642e-05
1245.301558,9.75641936693221e-05
1245.542612,0.00010506829401995525
1245.783666,0.00011616487962257371
1246.02472,0.00012350857143161926
1246.265774,0.00013530216790052097
1246.506828,0.00014745315881139085
1246.747882,0.0001553391137835985
1246.988936,0.00016530802602843768
1247.22999,0.00017880763406917286
1247.471044,0.00019138948839881028
1247.712098,0.00020495912273533418
1247.953152,0.000220238391621767
1248.194206,0.0002344894407210204
1248.43526,0.0002592545915797251
1248.676314,0.000278080477154335
1248.917368,0.00029143312363125336
1249.158422,0.0003174151561712113
1249.399476,0.00033152743220913483
1249.64053,0.00035895985508663757
1249.881584,0.00039053225221312595
1250.122638,0.0004009796019125627
1250.363692,0.000434289150636843
1250.604746,0.00046989560732743293
1250.8458,0.0004828038956038215
1251.086854,0.0005156924486124138
1251.327908,0.0005350769444541225
1251.568962,0.0005718121669333365
1251.810016,0.000608325778254855
1252.05107,0.0006372171918422807
1252.292124,0.0006968781382552576
1252.533178,0.0007078346760088331
1252.774232,0.0007029674280605846
1253.015286,0.0007884039283591996
1253.25634,0.0008117647309457463
1253.497394,0.0008722800738644374
1253.738448,0.0009010047756333551
1253.979502,0.0009529958585664975
1254.220556,0.0009769256589137914
1254.46161,0.0010240396831904801
1254.702664,0.0010550153103281753
1254.943718,0.0011054530809963005
1255.184772,0.0011554100226960791
1255.425826,0.0012013612381129417
1255.66688,0.0012647257230939716
1255.907934,0.0013154190433112697
1256.148988,0.001353041848657768
1256.390042,0.001388126892453733
1256.631096,0.0014674926717078154
1256.87215,0.0015476772815489553
1257.113204,0.0015665179327242244
1257.354258,0.001609711996739744
1257.595312,0.0016785918861968866
1257.836366,0.0017507692783648452
1258.07742,0.0017717278891832668
1258.318474,0.0018519798924972488
1258.559528,0.0019049490807991434
1258.800582,0.001966499933320726
1259.041636,0.002028010531944837
1259.28269,0.0021097200880208443
1259.523744,0.0021925281381071325
1259.764798,0.002197796525174244
1260.005852,0.0022417465659378033
1260.246906,0.0023320676534530796
1260.48796,0.0023798924057231506
1260.729014,0.002418035126032232
1260.970068,0.002561659470083341
1261.211122,0.0025954379752911537
1261.452176,0.0026600775565921095
1261.69323,0.0027102890208962403
1261.934284,0.0027361594565973924
1262.175338,0.0028045841615478386
1262.416392,0.00288797417547956
1262.657446,0.0029123353321682476
1262.8985,0.0029598993932224453
1263.139554,0.0030890242952216866
1263.380608,0.003105129057649769
1263.621662,0.003110101240827818
1263.862716,0.003210912867084085
1264.10377,0.0032354087714034988
1264.344824,0.003263026956964771
1264.585878,0.003319304519753888
1264.826932,0.003327945940484198
1265.067986,0.003388391344027722
1265.30904,0.003434444788487639
1265.550094,0.003446831071658718
1265.791148,0.003474168879285716
1266.032202,0.003506629357126475
1266.273256,0.0035975579892992657
1266.51431,0.0034971742280305034
1266.755364,0.0035122444549782706
1266.996418,0.0035393931255262917
1267.237472,0.0035728202824086477
1267.478526,0.0035728202824086477
1267.71958,0.0036192082229854583
1267.960634,0.0035393931255262917
1268.201688,0.003485304026432874
1268.442742,0.003603318689413289
1268.683796,0.003555000766909328
1268.92485,0.0035763948896968176
1269.165904,0.0035422257729346013
1269.406958,0.003524911321696073
1269.648012,0.0034793840429995873
1269.889066,0.003476254006088773
1270.13012,0.0034912340823972264
1270.371174,0.0035213881722426983
1270.612228,0.003509435783032862
1270.853282,0.00343513174613881
1271.094336,0.0034561500905664184
1271.33539,0.003453386276167129
1271.576444,0.003409123700626374
1271.817498,0.003414582664553939
1272.058552,0.0034561500905664184
1272.299606,0.0034766016488712334
1272.54066,0.0035010232362477486
1272.781714,0.0034537316320622517
1273.022768,0.0034444191341851597
1273.263822,0.00344476359332125
1273.504876,0.003524911321696073
1273.74593,0.0035376238713139387
1273.986984,0.0035468336609176597
1274.228038,0.0034950765528591683
1274.469092,0.0035681786337668337
1274.710146,0.0036015174804083566
1274.9512,0.0036831018051222634
1275.192254,0.0037023038164698914
1275.433308,0.0037983063840738925
1275.674362,0.0038311126838701383
1275.915416,0.003815437278406099
1276.15647,0.0038808541803561085
1276.397524,0.003931634642548829
1276.638578,0.003981884815706365
1276.879632,0.00407493696956641
1277.120686,0.004141902730450363
1277.36174,0.004163496720364046
1277.602794,0.004293727681118091
1277.843848,0.004319999467456865
1278.084902,0.004334279013992567
1278.325956,0.004454680222931715
1278.56701,0.004436009801326284
1278.808064,0.00453922039880069
1279.049118,0.004551492854236774
1279.290172,0.004626290129487451
1279.531226,0.004714087089447548
1279.77228,0.0046620500625430775
1280.013334,0.004698556242044826
1280.254388,0.004734401308201677
1280.495442,0.0046816718497148
1280.736496,0.004733927891742076
1280.97755,0.004714087089447548
1281.218604,0.004746252118813151
1281.459658,0.004742456635513842
1281.700712,0.004824249984021161
1281.941766,0.004685887251025592
1282.18282,0.004653665920422126
1282.423874,0.004633698118505478
1282.664928,0.004669982288130804
1282.905982,0.004629992642398738
1283.147036,0.004606439790745007
1283.38809,0.004489562593060649
1283.629144,0.004383095802668776
1283.870198,0.004330812977380874
1284.111252,0.004297164037622315
1284.352306,0.004234881213634768
1284.59336,0.004379152791067745
1284.834414,0.004020294983754137
1285.075468,0.004023110175444904
1285.316522,0.003978302731551887
1285.557576,0.003941081897862643
1285.79863,0.0038445450712293393
1286.039684,0.0038314958142947296
1286.280738,0.003750372914790147
1286.521792,0.0037245844143205067
1286.762846,0.003614506309201724
1287.0039,0.0036022378559395912
1287.244954,0.0035500272481111574
1287.486008,0.0035136496337772887
1287.727062,0.003395514442485824
1287.968116,0.0034365060736844502
1288.20917,0.003439256378518648
1288.450224,0.0033897469716727864
1288.691278,0.0033748648496756376
1288.932332,0.003348978181905635
1289.173386,0.0033432897555287764
1289.41444,0.00338365091522052
1289.655494,0.0033463000707474036
1289.896548,0.003348978181905635
1290.137602,0.0034244993264910288
1290.378656,0.00338940801392379
1290.61971,0.0034776447858286125
1290.860764,0.003495426077990419
1291.101818,0.0034040138484226845
1291.342872,0.003552868406221362
1291.583926,0.0035742496963853477
1291.82498,0.0037496229152096452
1292.066034,0.0038047689965910437
1292.307088,0.0038603400636296518
1292.548142,0.0039442360248635126
1292.789196,0.004074529496243461
1293.03025,0.004198617393131414
1293.271304,0.00441609260452338
1293.512358,0.004503952204457544
1293.753412,0.004713144366305114
1293.994466,0.004806913907738953
1294.23552,0.005086323540831943
1294.476574,0.0053135240550740755
1294.717628,0.005527055856868346
1294.958682,0.00574399682492569
1295.199736,0.006026432912988964
1295.44079,0.006387578716536686
1295.681844,0.006729866312068458
1295.922898,0.007084825752515555
1296.163952,0.007413890082730971
1296.405006,0.007966579899884333
1296.64606,0.008481228240372576
1296.887114,0.00902009872360685
1297.128168,0.009447548397216066
1297.369222,0.010203749787748823
1297.610276,0.010946888700881114
1297.85133,0.011523118007074092
1298.092384,0.012446696906336485
1298.333438,0.013182039761606876
1298.574492,0.014116654618833466
1298.815546,0.015156890984163921
1299.0566,0.01624451444194987
1299.297654,0.017382349224694234
1299.538708,0.01848861762063
1299.779762,0.01986690494053054
1300.020816,0.021568960751830152
1300.26187,0.02313751390755101
1300.502924,0.024949537351065514
1300.743978,0.026673092320081224
1300.985032,0.028538534991882563
1301.226086,0.030146091481003483
1301.46714,0.032575330832442725
1301.708194,0.03487796585567086
1301.949248,0.037153399670998274
1302.190302,0.040043056151014264
1302.431356,0.04301527473376049
1302.67241,0.04589036944239198
1302.913464,0.049060551444946164
1303.154518,0.05194862653480329
1303.395572,0.054896812075180754
1303.636626,0.058900835698247264
1303.87768,0.06227470219131778
1304.118734,0.06669668683052907
1304.359788,0.07010227723139331
1304.600842,0.07476540507385471
1304.841896,0.07954757568691967
1305.08295,0.0836009830491076
1305.324004,0.0890640059277198
1305.565058,0.0920429465986957
1305.806112,0.09691703264906296
1306.047166,0.10292033876879719
1306.28822,0.10798099927227546
1306.529274,0.11290596216103718
1306.770328,0.11711487362563583
1307.011382,0.1226770483223323
1307.252436,0.1296262460175444
1307.49349,0.13543005109976072
1307.734544,0.14135228915952897
1307.975598,0.14600710413480741
1308.216652,0.1527580472240893
1308.457706,0.16044565369721303
1308.69876,0.16562981681631492
1308.939814,0.17040113564939577
1309.180868,0.17803057033165562
1309.421922,0.18365431705921775
1309.662976,0.18852964812108242
1309.90403,0.19542081890256977
1310.145084,0.2024423751688179
1310.386138,0.20919258332022778
1310.627192,0.21333320347663243
1310.868246,0.2210425637179038
1311.1093,0.22503484997364245
1311.350354,0.23293402966303187
1311.591408,0.2392849925480349
1311.832462,0.24421653712592958
1312.073516,0.2513522342207568
1312.31457,0.25745765989249697
1312.555624,0.2609308106755455
1312.796678,0.269685180078381
1313.037732,0.2737335749046034
1313.278786,0.27739854950732223
1313.51984,0.28722195492640357
1313.760894,0.2935227881406758
1314.001948,0.2958508017129998
1314.243002,0.3061132951394408
1314.484056,0.3062970182279393
1314.72511,0.31186028373827757
1314.966164,0.31924386537312566
1315.207218,0.3235828800058491
1315.448272,0.33220600682924445
1315.689326,0.3364182841340319
1315.93038,0.34068397191222327
1316.171434,0.34562531338024355
1316.412488,0.35060326287233096
1316.653542,0.3548713320980274
1316.894596,0.36443757653179637
1317.13565,0.3714615201002441
1317.376704,0.3732749498204247
1317.617758,0.37780767845301205
1317.858812,0.38488911467864517
1318.099866,0.38929027710699576
1318.34092,0.39944467858415056
1318.581974,0.4040930927363977
1318.823028,0.4029068037430567
1319.064082,0.41144085477385545
1319.305136,0.4151854463036421
1319.54619,0.4213885286418568
1319.787244,0.42172577434506514
1320.028298,0.42908939577614846
1320.269352,0.43895867707813635
1320.510406,0.44051974964612084
1320.75146,0.4415782667577173
1320.992514,0.44599836182809305
1321.233568,0.45241743345234825
1321.474622,0.45568659382779614
1321.715676,0.4535907133465797
1321.95673,0.47069733140923625
1322.197784,0.47637496178906374
1322.438838,0.4800668086874406
1322.679892,0.48474126723924366
1322.920946,0.4850419000114611
1323.162,0.49058829793515557
1323.403054,0.4955832139292556
1323.644108,0.5035259645650917
1323.885162,0.499344020965202
1324.126216,0.5077429314185669
1324.36727,0.5092837256251652
1324.608324,0.5141912505245491
1324.849378,0.5141346925977343
1325.090432,0.5188761792013007
1325.331486,0.5269972229496052
1325.57254,0.5320169123575595
1325.813594,0.526665319259787
1326.054648,0.5320169123575595
1326.295702,0.5406841483110383
1326.536756,0.5495530321324797
1326.77781,0.5449888190684893
1327.018864,0.5536735643094245
1327.259918,0.5636904644720426
1327.500972,0.5629806617564256
1327.742026,0.5559872036580006
1327.98308,0.5604193142494337
1328.224134,0.5667539613665263
1328.465188,0.5684738301548528
1328.706242,0.5781684597032961
1328.947296,0.5773653638252488
1329.18835,0.5743134221864014
1329.429404,0.5791174339233732
1329.670458,0.5811653308766925
1329.911512,0.5816827982600011
1330.152566,0.598206061463468
1330.39362,0.5910763985290297
1330.634674,0.5963962403608528
1330.875728,0.5946691966875023
1331.116782,0.6010843529316989
1331.357836,0.603668543932164
1331.59889,0.6018421965576145
1331.839944,0.6018421965576145
1332.080998,0.6040550154579772
1332.322052,0.60803064215784
1332.563106,0.6151248645470262
1332.80416,0.6146145227306038
1333.045214,0.6185050019222498
1333.286268,0.623984344418726
1333.527322,0.6173000923371526
1333.768376,0.6209963963776726
1334.00943,0.6209963963776726
1334.250484,0.6247773079614064
1334.491538,0.630394162799435
1334.732592,0.6296885165727502
1334.973646,0.6263662594377302
1335.2147,0.6338265135020547
1335.455754,0.6220903123990199
1335.696808,0.6266732541124075
1335.937862,0.6369717327393603
1336.178916,0.6282733101147668
1336.41997,0.6418825088897929
1336.661024,0.6357562778587474
1336.902078,0.6387130413745425
1337.143132,0.6438368007353581
1337.384186,0.6394288007313012
1337.62524,0.6364687237851937
1337.866294,0.62999083961243
1338.107348,0.6384065326826538
1338.348402,0.6313025843003717
1338.589456,0.6392242162503299
1338.83051,0.642087944160528
1339.071564,0.6392242162503299
1339.312618,0.6349493798745406
1339.553672,0.6411704145903757
1339.794726,0.6346446773066674
1340.03578,0.6345367968816212
1340.276834,0.638515071018707
1340.517888,0.6379980832195069
1340.758942,0.6346446773066674
1340.999996,0.6392306085244537
1341.24105,0.6395311175245433
1341.482104,0.638521456201343
1341.723158,0.6384065326826538
1341.964212,0.6292919377427576
1342.205266,0.6300979471590477
1342.44632,0.6375898950803837
1342.687374,0.6316119983669343
1342.928428,0.6402413911939547
1343.169482,0.6228808689929465
1343.410536,0.6200159967910251
1343.65159,0.6306905176938955
1343.892644,0.6371755963102685
1344.133698,0.6215058222587687
1344.374752,0.6203012697573009
1344.615806,0.6251835452243889
1344.85686,0.6127244222495216
1345.097914,0.6123875164748653
1345.338968,0.6192166918177161
1345.580022,0.6169359927026278
1345.821076,0.6184184172830468
1346.06213,0.6071557081368164
1346.303184,0.6115368891499141
1346.544238,0.6084503280759196
1346.785292,0.5993737013622272
1347.026346,0.607665933196175
1347.2674,0.6006937750538552
1347.508454,0.5977037793598564
1347.749508,0.6003034509691404
1347.990562,0.5924966855481847
1348.231616,0.59534750613465
1348.47267,0.5940688840077828
1348.713724,0.5751755387454534
1348.954778,0.5997634209132453
1349.195832,0.5840317098147362
1349.436886,0.5750605151404482
1349.67794,0.5804857650630892
1349.918994,0.573194602217134
1350.160048,0.5719406795847224
1350.401102,0.5710777008714512
1350.642156,0.5613223160667823
1350.88321,0.5705696678259152
1351.124264,0.5522303605068098
1351.365318,0.5568051058582113
1351.606372,0.5586344250488535
1351.847426,0.5638877906646772
1352.08848,0.5566881890626743
1352.329534,0.5458232901692717
1352.570588,0.533353952090485
1352.811642,0.5453431769547205
1353.052696,0.5401383330043729
1353.29375,0.5365046766433403
1353.534804,0.537557257001346
1353.775858,0.5256182974067297
1354.016912,0.5253923301252921
1354.257966,0.5265336693868918
1354.49902,0.517208084977262
1354.740074,0.5070477998763542
1354.981128,0.5159682739416684
1355.222182,0.5001336081279251
1355.463236,0.5004638052623577
1355.70429,0.4867522559599717
1355.945344,0.4828496294461853
1356.186398,0.4972014515007416
1356.427452,0.47636067075457666
1356.668506,0.4735678888359392
1356.90956,0.47110230522803037
1357.150614,0.46184774430402226
1357.391668,0.46113243480842103
1357.632722,0.44594930470648314
1357.873776,0.4471102815145536
1358.11483,0.43921334695796754
1358.355884,0.4336966293577702
1358.596938,0.4202060889821501
1358.837992,0.4122233355192376
1359.079046,0.40748139654240856
1359.3201,0.3961548931050252
1359.561154,0.39357642949905053
1359.802208,0.3733533457911758
1360.043262,0.3738464976162191
1360.284316,0.3616421832681253
1360.52537,0.34822724828994833
1360.766424,0.3328045161383178
1361.007478,0.3292624914415682
1361.248532,0.32161503247474676
1361.489586,0.3117667396854656
1361.73064,0.30297651037279505
1361.971694,0.2914753031816046
1362.212748,0.2812531853046489
1362.453802,0.2695503711933716
1362.694856,0.25691756610368544
1362.93591,0.2451463254459712
1363.176964,0.2363361790680484
1363.418018,0.22752389798959005
1363.659072,0.21893070823157157
1363.900126,0.2130347459607743
1364.14118,0.20390522019263407
1364.382234,0.1965575529944283
1364.623288,0.18930420643790152
1364.864342,0.18248268265929454
1365.105396,0.17511716759131588
1365.34645,0.16968695171577897
1365.587504,0.16398177260289773
1365.828558,0.15717428402439843
1366.069612,0.15450945300772712
1366.310666,0.1517076447542326
1366.55172,0.14594871297216455
1366.792774,0.14091477555958973
1367.033828,0.1395963828229427
1367.274882,0.13775204297838997
1367.515936,0.13342710236255015
1367.75699,0.13711983876516615
1367.998044,0.13184872978732615
1368.239098,0.1300547192213492
1368.480152,0.12903133463107927
1368.721206,0.13112555233450002
1368.96226,0.1318355455735691
1369.203314,0.13494337945037577
1369.444368,0.13798642061599925
1369.685422,0.13880294688151168
1369.926476,0.14383334155006647
1370.16753,0.14762204818859978
1370.408584,0.15236139217631778
1370.649638,0.1570800077396975
1370.890692,0.1608311857194577
1371.131746,0.16712721334462624
1371.3728,0.1723548234579143
1371.613854,0.18019782568530138
1371.854908,0.1878521615952783
1372.095962,0.19363119227397305
1372.337016,0.20064863202698047
1372.57807,0.21061994040080087
1372.819124,0.21869001685704254
1373.060178,0.22709201300407145
1373.301232,0.23823445146607622
1373.542286,0.24431424328070817
1373.78334,0.2596294128280309
1374.024394,0.2723683230041053
1374.265448,0.2801304195918764
1374.506502,0.28661942170237426
1374.747556,0.2927898976651323
1374.98861,0.3070330139132308
1375.229664,0.32097244521125645
1375.470718,0.3200749794031406
1375.711772,0.3355447327042427
1375.952826,0.3359812245149626
1376.19388,0.3523606690408526
1376.434934,0.3670342907523005
1376.675988,0.37021550387222213
1376.917042,0.37414943595275135
1377.158096,0.37996733138378974
1377.39915,0.3841508365522625
1377.640204,0.39185633449581675
1377.881258,0.39944467858415056
1378.122312,0.40482111532708875
1378.363366,0.40606582580411926
1378.60442,0.40970413570856273
1378.845474,0.418490955916242
1379.086528,0.4222532611735811
1379.327582,0.4258790045218808
1379.568636,0.42603234856378014
1379.80969,0.4247051990660611
1380.050744,0.4316026092880521
1380.291798,0.4327781664182426
1380.532852,0.4332111610458918
1380.773906,0.44847156487269274
1381.01496,0.43964838347900226
1381.256014,0.43115397590418897
1381.497068,0.43964838347900226
1381.738122,0.4390596491852115
1381.979176,0.43844978022996195
1382.22023,0.4402687249376609
1382.461284,0.4310117185658924
1382.702338,0.4387524149753007
1382.943392,0.4371014324283818
1383.184446,0.4351563009073569
1383.4255,0.4350127230197119
1383.666554,0.42733373082600734
1383.907608,0.4390508680800392
1384.148662,0.42953158554243426
1384.389716,0.4268938036846276
1384.63077,0.4301204470926865
1384.871824,0.42732945751006574
1385.112878,0.4254320662507876
1385.353932,0.4333758125688973
1385.594986,0.4260153076106589
1385.83604,0.4174919568110647
1386.077094,0.4174919568110647
1386.318148,0.4174919568110647
1386.559202,0.41421504816790305
1386.800256,0.41577958620063626
1387.04131,0.4212284314213713
1387.282364,0.41350734569360087
1387.523418,0.4085708256117819
1387.764472,0.41393347767996463
1388.005526,0.41506505998107457
1388.24658,0.4152103581777691
1388.487634,0.41110361156155484
1388.728688,0.41011814592559365
1388.969742,0.41336264344697843
1389.210796,0.4099828292659151
1389.45185,0.4077381907038977
1389.692904,0.4073225097826891
1389.933958,0.41011814592559365
1390.175012,0.4057857370260554
1390.416066,0.4119513578802886
1390.65712,0.41138325708611934
1390.898174,0.4120708410983031
1391.139228,0.4120873242616081
1391.380282,0.4080196271398878
1391.621336,0.4152145103021115
1391.86239,0.41506090935122797
1392.103444,0.41878819000055617
1392.344498,0.41548033264278045
1392.585552,0.41890546711178567
1392.826606,0.41763392821015066
1393.06766,0.420512951418269
1393.308714,0.4195049304438844
1393.549768,0.42152339454841636
1393.790822,0.42472643485690476
1394.031876,0.4301204470926865
1394.27293,0.419374904070576
1394.513984,0.4399738436882023
1394.755038,0.43981108347853326
1394.996092,0.43648991858255476
1395.237146,0.44418683744820847
1395.4782,0.4408678977487352
1395.719254,0.43588361907150447
1395.960308,0.44421793161511297
1396.201362,0.44545457560370727
1396.442416,0.4475531398719695
1396.68347,0.44355653975630427
1396.924524,0.45140966665335736
1397.165578,0.44862407112934394
1397.406632,0.44907741033894777
1397.647686,0.45344105310647315
1397.88874,0.4530875069859619
1398.129794,0.45951210209651555
1398.370848,0.4537177365287324
1398.611902,0.45140966665335736
1398.852956,0.4548079668494757
1399.09401,0.44527642940508083
1399.335064,0.45046720566484844
1399.576118,0.45717455618452746
1399.817172,0.45932833401174417
1400.058226,0.4548079668494757
1400.29928,0.44956717158760734
1400.540334,0.44741441990131553
1400.781388,0.45281120788649337
1401.022442,0.4532642455754712
1401.263496,0.44494259728572016
1401.50455,0.44665892810206603
1401.745604,0.45122913889465477
1401.986658,0.44223670879268506
1402.227712,0.4425463828621192
1402.468766,0.447723242382551
1402.70982,0.4396307978953771
1402.950874,0.4353086322691077
1403.191928,0.43401334348379267
1403.432982,0.4381429727789368
1403.674036,0.4356134549872005
1403.91509,0.4317623318003313
1404.156144,0.4308522737291368
1404.397198,0.4276971189152684
1404.638252,0.43279980586754524
1404.879306,0.4207611272642812
1405.12036,0.4301204470926865
1405.361414,0.42806509664527975
1405.602468,0.4213548189079728
1405.843522,0.4258960400227695
1406.084576,0.42123685607424594
1406.32563,0.42356004168672784
1406.566684,0.42457780661616423
1406.807738,0.42367865510350355
1407.048792,0.43592285036260253
1407.289846,0.4213548189079728
1407.5309,0.4281806898257511
1407.771954,0.4281806898257511
1408.013008,0.4267358821945416
1408.254062,0.4301204470926865
1408.495116,0.43450405576215073
1408.73617,0.43962640160937966
1408.977224,0.4321899881637847
1409.218278,0.43802030992016033
1409.459332,0.44647583547809694
1409.700386,0.44647583547809694
1409.94144,0.4503365891155207
1410.182494,0.4533866434447454
1410.423548,0.45852979763867896
1410.664602,0.46216652921573875
1410.905656,0.46282327186415084
1411.14671,0.4731276754302838
1411.387764,0.4779448164081765
1411.628818,0.48058556091660404
1411.869872,0.48871782551392406
1412.110926,0.48837095900998934
1412.35198,0.49531567123676207
1412.593034,0.501475763883095
1412.834088,0.5099615236159974
1413.075142,0.5152464237711717
1413.316196,0.5237294734591006
1413.55725,0.5244789423486874
1413.798304,0.5353952606044337
1414.039358,0.5432965367042561
1414.280412,0.5452722869496666
1414.521466,0.5566881890626743
1414.76252,0.5612493489086616
1415.003574,0.5674685214361557
1415.244628,0.5774866232834497
1415.485682,0.5781915869042251
1415.726736,0.5874113135607789
1415.96779,0.5934929165796585
1416.208844,0.6003754917056144
1416.449898,0.6084868361908367
1416.690952,0.6156787261254432
1416.932006,0.6196131173431163
1417.17306,0.6278273943834022
1417.414114,0.6278462294877588
1417.655168,0.6392306085244537
1417.896222,0.6500473971880831
1418.137276,0.6552096619408748
1418.37833,0.6566264443848616
1418.619384,0.6691747782399567
1418.860438,0.6682185421788079
1419.101492,0.6682185421788079
1419.342546,0.6744956854628026
1419.5836,0.7021487519771937
1419.824654,0.7021487519771937
1420.065708,0.699968461467619
1420.306762,0.7036670324340504
1420.547816,0.7085816379677852
1420.78887,0.7275082062000787
1421.029924,0.7378387309566317
1421.270978,0.7366002025437932
1421.512032,0.7242055630727285
1421.753086,0.733777081627235
1421.99414,0.7381855966672382
1422.235194,0.7555041531984041
1422.476248,0.7602028297942637
1422.717302,0.763852936375208
1422.958356,0.7664237988717559
1423.19941,0.7774779464698779
1423.440464,0.7810313414891036
1423.681518,0.7795254046964898
1423.922572,0.7872101811155876
1424.163626,0.7968649997877897
1424.40468,0.8012678446349458
1424.645734,0.8012678446349458
1424.886788,0.8134181272350177
1425.127842,0.8025910279045938
1425.368896,0.811654923666685
1425.60995,0.8108842176325314
1425.851004,0.8161476473547861
1426.092058,0.8206324134982523
1426.333112,0.8194515532462489
1426.574166,0.8192794864877092
1426.81522,0.8356963078644517
1427.056274,0.8350948230832946
1427.297328,0.8293027429350013
1427.538382,0.8411039700129306
1427.779436,0.8479445792364003
1428.02049,0.8433105517742335
1428.261544,0.8417182000777367
1428.502598,0.8479445792364003
1428.743652,0.8540718117744176
1428.984706,0.8499820902617929
1429.22576,0.8520244971863755
1429.466814,0.8534485668638918
1429.707868,0.8518370724144754
1429.948922,0.860389573381976
1430.189976,0.8686630269309517
1430.43103,0.8575206659493242
1430.672084,0.851658205410961
1430.913138,0.8676559620302797
1431.154192,0.8630781808976541
1431.395246,0.8624483637368316
1431.6363,0.8542255585373305
1431.877354,0.8606477289753934
1432.118408,0.8711858059706116
1432.359462,0.8755351321177028
1432.600516,0.8684632574091332
1432.84157,0.8691061580635204
1433.082624,0.8614657328082199
1433.323678,0.8726419017681647
1433.564732,0.8665720696516104
1433.805786,0.8641577031846428
1434.04684,0.8751937399919686
1434.287894,0.881024362670338
1434.528948,0.8793695928395436
1434.770002,0.8673783565416772
1435.011056,0.8832915073154146
1435.25211,0.8651261020143242
1435.493164,0.8866987343219324
1435.734218,0.8826381133855717
1435.975272,0.8816677452611615
1436.216326,0.8686456538441445
1436.45738,0.8548408224078914
1436.698434,0.847020823183541
1436.939488,0.8734276330057761
1437.180542,0.898022639475961
1437.421596,0.88882936702084
1437.66265,0.8845820547865048
1437.903704,0.8875326229984709
1438.144758,0.8881718765907073
1438.385812,0.8847501413446316
1438.626866,0.8818352780478719
1438.86792,0.88588334662221
1439.108974,0.8839277062047981
1439.350028,0.8837774512667749
1439.591082,0.8901369069967877
1439.832136,0.8873551342233403
1440.07319,1.0
1440.314244,1.0
1440.555298,1.0
1440.796352,1.0
1441.037406,1.0
1441.27846,1.0
1441.519514,1.0
1441.760568,1.0
1442.001622,1.0
1442.242676,1.0
1442.48373,1.0
1442.724784,1.0
1442.965838,1.0
1443.206892,1.0
1443.447946,1.0
1443.689,1.0
1443.930054,1.0
1444.171108,1.0
1444.412162,1.0
1444.653216,1.0
1444.89427,1.0
1445.135324,1.0
1445.376378,1.0
1445.617432,1.0
1445.858486,1.0
1446.09954,1.0
1446.340594,1.0
1446.581648,1.0
1446.822702,1.0
1447.063756,1.0
1447.30481,1.0
1447.545864,1.0
1447.786918,1.0
1448.027972,1.0
1448.269026,1.0
1448.51008,1.0
1448.751134,1.0
1448.992188,1.0
1449.233242,1.0
1449.474296,1.0
1449.71535,1.0
1449.956404,1.0
1450.197458,1.0
1450.438512,1.0
1450.679566,1.0
1450.92062,1.0
1451.161674,1.0
1451.402728,1.0
1451.643782,1.0
1451.884836,1.0
1452.12589,1.0
1452.366944,1.0
1452.607998,1.0
1452.849052,1.0
1453.090106,1.0
1453.33116,1.0
1453.572214,1.0
1453.813268,1.0
1454.054322,1.0
1454.295376,1.0
1454.53643,1.0
1454.777484,1.0
1455.018538,1.0
1455.259592,1.0
1455.500646,1.0
1455.7417,1.0
1455.982754,1.0
1456.223808,1.0
1456.464862,1.0
1456.705916,1.0
1456.94697,1.0
1457.188024,1.0
1457.429078,1.0
1457.670132,1.0
1457.911186,1.0
1458.15224,1.0
1458.393294,1.0
1458.634348,1.0
1458.875402,1.0
1459.116456,1.0
1459.35751,1.0
1459.598564,1.0
1459.839618,1.0
1460.080672,1.0
1460.321726,1.0
1460.56278,1.0
1460.803834,1.0
1461.044888,1.0
1461.285942,1.0
1461.526996,1.0
1461.76805,1.0
1462.009104,1.0
1462.250158,1.0
1462.491212,1.0
1462.732266,1.0
1462.97332,1.0
1463.214374,1.0
1463.455428,1.0
1463.696482,1.0
1463.937536,1.0
1464.17859,1.0
1464.419644,1.0
1464.660698,1.0
1464.901752,1.0
1465.142806,1.0
1465.38386,1.0
1465.624914,1.0
1465.865968,1.0
1466.107022,1.0
1466.348076,1.0
1466.58913,1.0
1466.830184,1.0
1467.071238,1.0
1467.312292,1.0
1467.553346,1.0
1467.7944,1.0
1468.035454,1.0
1468.276508,1.0
1468.517562,1.0
1468.758616,1.0
1468.99967,1.0
1469.240724,1.0
1469.481778,1.0
1469.722832,1.0
1469.963886,1.0
1470.20494,1.0
1470.445994,1.0
1470.687048,1.0
1470.928102,1.0
1471.169156,1.0
1471.41021,1.0
1471.651264,1.0
1471.892318,1.0
1472.133372,1.0
1472.374426,1.0
1472.61548,1.0
1472.856534,1.0
1473.097588,1.0
1473.338642,1.0
1473.579696,1.0
1473.82075,1.0
1474.061804,1.0
1474.302858,1.0
1474.543912,1.0
1474.784966,1.0
1475.02602,1.0
1475.267074,1.0
1475.508128,1.0
1475.749182,1.0
1475.990236,1.0
1476.23129,1.0
1476.472344,1.0
1476.713398,1.0
1476.954452,1.0
1477.195506,1.0
1477.43656,1.0
1477.677614,1.0
1477.918668,1.0
1478.159722,1.0
1478.400776,1.0
1478.64183,1.0
1478.882884,1.0
1479.123938,1.0
1479.364992,1.0
1479.606046,1.0
1479.8471,1.0
1480.088154,1.0
1480.329208,1.0
1480.570262,1.0
1480.811316,1.0
1481.05237,1.0
1481.293424,1.0
1481.534478,1.0
1481.775532,1.0
1482.016586,1.0
1482.25764,1.0
1482.498694,1.0
1482.739748,1.0
1482.980802,1.0
1483.221856,1.0
1483.46291,1.0
1483.703964,1.0
1483.945018,1.0
1484.186072,1.0
1484.427126,1.0
1484.66818,1.0
1484.909234,1.0
1485.150288,1.0
1485.391342,1.0
1485.632396,1.0
1485.87345,1.0
1486.114504,1.0
1486.355558,1.0
1486.596612,1.0
1486.837666,1.0
1487.07872,1.0
1487.319774,1.0
1487.560828,1.0
1487.801882,1.0
1488.042936,1.0
1488.28399,1.0
1488.525044,1.0
1488.766098,1.0
1489.007152,1.0
1489.248206,1.0
1489.48926,1.0
1489.730314,1.0
1489.971368,1.0
1490.212422,1.0
1490.453476,1.0
1490.69453,1.0
1490.935584,1.0
1491.176638,1.0
1491.417692,1.0
1491.658746,1.0
1491.8998,1.0
1492.140854,1.0
1492.381908,1.0
1492.622962,1.0
1492.864016,1.0
1493.10507,1.0
1493.346124,1.0
1493.587178,1.0
1493.828232,1.0
1494.069286,1.0
1494.31034,1.0
1494.551394,1.0
1494.792448,1.0
1495.033502,1.0
1495.274556,1.0
1495.51561,1.0
1495.756664,1.0
1495.997718,1.0
1496.238772,1.0
1496.479826,1.0
1496.72088,1.0
1496.961934,1.0
1497.202988,1.0
1497.444042,1.0
1497.685096,1.0
1497.92615,1.0
1498.167204,1.0
1498.408258,1.0
1498.649312,1.0
1498.890366,1.0
1499.13142,1.0
1499.372474,1.0
1499.613528,1.0
1499.854582,1.0
1500.095636,1.0
1500.33669,1.0
1500.577744,1.0
1500.818798,1.0
1501.059852,1.0
1501.300906,1.0
1501.54196,1.0
1501.783014,1.0
1502.024068,1.0
1502.265122,1.0
1502.506176,1.0
1502.74723,1.0
1502.988284,1.0
1503.229338,1.0
1503.470392,1.0
1503.711446,1.0
1503.9525,1.0
1504.193554,1.0
1504.434608,1.0
1504.675662,1.0
1504.916716,1.0
1505.15777,1.0
1505.398824,1.0
1505.639878,1.0
1505.880932,1.0
1506.121986,1.0
1506.36304,1.0
1506.604094,1.0
1506.845148,1.0
1507.086202,1.0
1507.327256,1.0
1507.56831,1.0
1507.809364,1.0
1508.050418,1.0
1508.291472,1.0
1508.532526,1.0
1508.77358,1.0
1509.014634,1.0
1509.255688,1.0
1509.496742,1.0
1509.737796,1.0
1509.97885,1.0
1510.219904,1.0
1510.460958,1.0
1510.702012,1.0
1510.943066,1.0
1511.18412,1.0
1511.425174,1.0
1511.666228,1.0
1511.907282,1.0
1512.148336,1.0
1512.38939,1.0
1512.630444,1.0
1512.871498,1.0
1513.112552,1.0
1513.353606,1.0
1513.59466,1.0
1513.835714,1.0
1514.076768,1.0
1514.317822,1.0
1514.558876,1.0
1514.79993,1.0
1515.040984,1.0
1515.282038,1.0
1515.523092,1.0
1515.764146,1.0
1516.0052,1.0
1516.246254,1.0
1516.487308,1.0
1516.728362,1.0
1516.969416,1.0
1517.21047,1.0
1517.451524,1.0
1517.692578,1.0
1517.933632,1.0
1518.174686,1.0
1518.41574,1.0
1518.656794,1.0
1518.897848,1.0
1519.138902,1.0
1519.379956,1.0
1519.62101,1.0
1519.862064,1.0
1520.103118,1.0
1520.344172,1.0
1520.585226,1.0
1520.82628,1.0
1521.067334,1.0
1521.308388,1.0
1521.549442,1.0
1521.790496,1.0
1522.03155,1.0
1522.272604,1.0
1522.513658,1.0
1522.754712,1.0
1522.995766,1.0
1523.23682,1.0
1523.477874,1.0
1523.718928,1.0
1523.959982,1.0
1524.201036,1.0
1524.44209,1.0
1524.683144,1.0
1524.924198,1.0
1525.165252,1.0
1525.406306,1.0
1525.64736,1.0
1525.888414,1.0
1526.129468,1.0
1526.370522,1.0
1526.611576,1.0
1526.85263,1.0
1527.093684,1.0
1527.334738,1.0
1527.575792,1.0
1527.816846,1.0
1528.0579,1.0
1528.298954,1.0
1528.540008,1.0
1528.781062,1.0
1529.022116,1.0
1529.26317,1.0
1529.504224,1.0
1529.745278,1.0
1529.986332,1.0
1530.227386,1.0
1530.46844,1.0
1530.709494,1.0
1530.950548,1.0
1531.191602,1.0
1531.432656,1.0
1531.67371,1.0
1531.914764,1.0
1532.155818,1.0
1532.396872,1.0
1532.637926,1.0
1532.87898,1.0
1533.120034,1.0
1533.361088,1.0
1533.602142,1.0
1533.843196,1.0
1534.08425,1.0
1534.325304,1.0
1534.566358,1.0
1534.807412,1.0
1535.048466,1.0
1535.28952,1.0
1535.530574,1.0
1535.771628,1.0
1536.012682,1.0
1536.253736,1.0
1536.49479,1.0
1536.735844,1.0
1536.976898,1.0
1537.217952,1.0
1537.459006,1.0
1537.70006,1.0
1537.941114,1.0
1538.182168,1.0
1538.423222,1.0
1538.664276,1.0
1538.90533,1.0
1539.146384,1.0
1539.387438,1.0
1539.628492,1.0
1539.869546,1.0
1540.1106,1.0
1540.351654,1.0
1540.592708,1.0
1540.833762,1.0
1541.074816,1.0
1541.31587,1.0
1541.556924,1.0
1541.797978,1.0
1542.039032,1.0
1542.280086,1.0
1542.52114,1.0
1542.762194,1.0
1543.003248,1.0
1543.244302,1.0
1543.485356,1.0
1543.72641,1.0
1543.967464,1.0
1544.208518,1.0
1544.449572,1.0
1544.690626,1.0
1544.93168,1.0
1545.172734,1.0
1545.413788,1.0
1545.654842,1.0
1545.895896,1.0
1546.13695,1.0
1546.378004,1.0
1546.619058,1.0
1546.860112,1.0
1547.101166,1.0
1547.34222,1.0
1547.583274,1.0
1547.824328,1.0
1548.065382,1.0
1548.306436,1.0
1548.54749,1.0
1548.788544,1.0
1549.029598,1.0
1549.270652,1.0
1549.511706,1.0
1549.75276,1.0
1549.993814,1.0
1550.234868,1.0
1550.475922,1.0
1550.716976,1.0
1550.95803,1.0
1551.199084,1.0
1551.440138,1.0
1551.681192,1.0
1551.922246,1.0
1552.1633,1.0
1552.404354,1.0
1552.645408,1.0
1552.886462,1.0
1553.127516,1.0
1553.36857,1.0
1553.609624,1.0
1553.850678,1.0
1554.091732,1.0
1554.332786,1.0
1554.57384,1.0
1554.814894,1.0
1555.055948,1.0
1555.297002,1.0
1555.538056,1.0
1555.77911,1.0
1556.020164,1.0
1556.261218,1.0
1556.502272,1.0
1556.743326,1.0
1556.98438,1.0
1557.225434,1.0
1557.466488,1.0
1557.707542,1.0
1557.948596,1.0
1558.18965,1.0
1558.430704,1.0
1558.671758,1.0
1558.912812,1.0
1559.153866,1.0
1559.39492,1.0
1559.635974,1.0
1559.877028,1.0
1560.118082,1.0
1560.359136,1.0
1560.60019,1.0
1560.841244,1.0
1561.082298,1.0
1561.323352,1.0
1561.564406,1.0
1561.80546,1.0
1562.046514,1.0
1562.287568,1.0
1562.528622,1.0
1562.769676,1.0
1563.01073,1.0
1563.251784,1.0
1563.492838,1.0
1563.733892,1.0
1563.974946,1.0
1564.216,1.0
1564.457054,1.0
1564.698108,1.0
1564.939162,1.0
1565.180216,1.0
1565.42127,1.0
1565.662324,1.0
1565.903378,1.0
1566.144432,1.0
1566.385486,1.0
1566.62654,1.0
1566.867594,1.0
1567.108648,1.0
1567.349702,1.0
1567.590756,1.0
1567.83181,1.0
1568.072864,1.0
1568.313918,1.0
1568.554972,1.0
1568.796026,1.0
1569.03708,1.0
1569.278134,1.0
1569.519188,1.0
1569.760242,1.0
1570.001296,1.0
1570.24235,1.0
1570.483404,1.0
1570.724458,1.0
1570.965512,1.0
1571.206566,1.0
1571.44762,1.0
1571.688674,1.0
1571.929728,1.0
1572.170782,1.0
1572.411836,1.0
1572.65289,1.0
1572.893944,1.0
1573.134998,1.0
1573.376052,1.0
1573.617106,1.0
1573.85816,1.0
1574.099214,1.0
1574.340268,1.0
1574.581322,1.0
1574.822376,1.0
1575.06343,1.0
1575.304484,1.0
1575.545538,1.0
1575.786592,1.0
1576.027646,1.0
1576.2687,1.0
1576.509754,1.0
1576.750808,1.0
1576.991862,1.0
1577.232916,1.0
1577.47397,1.0
1577.715024,1.0
1577.956078,1.0
1578.197132,1.0
1578.438186,1.0
1578.67924,1.0
1578.920294,1.0
1579.161348,1.0
1579.402402,1.0
1579.643456,1.0
1579.88451,1.0
1580.125564,1.0
1580.366618,1.0
1580.607672,1.0
1580.848726,1.0
1581.08978,1.0
1581.330834,1.0
1581.571888,1.0
1581.812942,1.0
1582.053996,1.0
1582.29505,1.0
1582.536104,1.0
1582.777158,1.0
1583.018212,1.0
1583.259266,1.0
1583.50032,1.0
1583.741374,1.0
1583.982428,1.0
1584.223482,1.0
1584.464536,1.0
1584.70559,1.0
1584.946644,1.0
1585.187698,1.0
1585.428752,1.0
1585.669806,1.0
1585.91086,1.0
1586.151914,1.0
1586.392968,1.0
1586.634022,1.0
1586.875076,1.0
1587.11613,1.0
1587.357184,1.0
1587.598238,1.0
1587.839292,1.0
1588.080346,1.0
1588.3214,1.0
1588.562454,1.0
1588.803508,1.0
1589.044562,1.0
1589.285616,1.0
1589.52667,1.0
1589.767724,1.0
1590.008778,1.0
1590.249832,1.0
1590.490886,1.0
1590.73194,1.0
1590.972994,1.0
1591.214048,1.0
1591.455102,1.0
1591.696156,1.0
1591.93721,1.0
1592.178264,1.0
1592.419318,1.0
1592.660372,1.0
1592.901426,1.0
1593.14248,1.0
1593.383534,1.0
1593.624588,1.0
1593.865642,1.0
1594.106696,1.0
1594.34775,1.0
1594.588804,1.0
1594.829858,1.0
1595.070912,1.0
1595.311966,1.0
1595.55302,1.0
1595.794074,1.0
1596.035128,1.0
1596.276182,1.0
1596.517236,1.0
1596.75829,1.0
1596.999344,1.0
1597.240398,1.0
1597.481452,1.0
1597.722506,1.0
1597.96356,1.0
1598.204614,1.0
1598.445668,1.0
1598.686722,1.0
1598.927776,1.0
1599.16883,1.0
1599.409884,1.0
1599.650938,1.0
1599.891992,1.0
1600.133046,1.0
1600.3741,1.0
1600.615154,1.0
1600.856208,1.0
1601.097262,1.0
1601.338316,1.0
1601.57937,1.0
1601.820424,1.0
1602.061478,1.0
1602.302532,1.0
1602.543586,1.0
1602.78464,1.0
1603.025694,1.0
1603.266748,1.0
1603.507802,1.0
1603.748856,1.0
1603.98991,1.0
1604.230964,1.0
1604.472018,1.0
1604.713072,1.0
1604.954126,1.0
1605.19518,1.0
1605.436234,1.0
1605.677288,1.0
1605.918342,1.0
1606.159396,1.0
1606.40045,1.0
1606.641504,1.0
1606.882558,1.0
1607.123612,1.0
1607.364666,1.0
1607.60572,1.0
1607.846774,1.0
1608.087828,1.0
1608.328882,1.0
1608.569936,1.0
1608.81099,1.0
1609.052044,1.0
1609.293098,1.0
1609.534152,1.0
1609.775206,1.0
1610.01626,1.0
1610.257314,1.0
1610.498368,1.0
1610.739422,1.0
1610.980476,1.0
1611.22153,1.0
1611.462584,1.0
1611.703638,1.0
1611.944692,1.0
1612.185746,1.0
1612.4268,1.0
1612.667854,1.0
1612.908908,1.0
1613.149962,1.0
1613.391016,1.0
1613.63207,1.0
1613.873124,1.0
1614.114178,1.0
1614.355232,1.0
1614.596286,1.0
1614.83734,1.0
1615.078394,1.0
1615.319448,1.0
1615.560502,1.0
1615.801556,1.0
1616.04261,1.0
1616.283664,1.0
1616.524718,1.0
1616.765772,1.0
1617.006826,1.0
1617.24788,1.0
1617.488934,1.0
1617.729988,1.0
1617.971042,1.0
1618.212096,1.0
1618.45315,1.0
1618.694204,1.0
1618.935258,1.0
1619.176312,1.0
1619.417366,1.0
1619.65842,1.0
1619.899474,1.0
1620.140528,1.0
1620.381582,1.0
1620.622636,1.0
1620.86369,1.0
1621.104744,1.0
1621.345798,1.0
1621.586852,1.0
1621.827906,1.0
1622.06896,1.0
1622.310014,1.0
1622.551068,1.0
1622.792122,1.0
1623.033176,1.0
1623.27423,1.0
1623.515284,1.0
1623.756338,1.0
1623.997392,1.0
1624.238446,1.0
1624.4795,1.0
1624.720554,1.0
1624.961608,1.0
1625.202662,1.0
1625.443716,1.0
1625.68477,1.0
1625.925824,1.0
1626.166878,1.0
1626.407932,1.0
1626.648986,1.0
1626.89004,1.0
1627.131094,1.0
1627.372148,1.0
1627.613202,1.0
1627.854256,1.0
1628.09531,1.0
1628.336364,1.0
1628.577418,1.0
1628.818472,1.0
1629.059526,1.0
1629.30058,1.0
1629.541634,1.0
1629.782688,1.0
1630.023742,1.0
1630.264796,1.0
1630.50585,1.0
1630.746904,1.0
1630.987958,1.0
1631.229012,1.0
1631.470066,1.0
1631.71112,1.0
1631.952174,1.0
1632.193228,1.0
1632.434282,1.0
1632.675336,1.0
1632.91639,1.0
1633.157444,1.0
1633.398498,1.0
1633.639552,1.0
1633.880606,1.0
1634.12166,1.0
1634.362714,1.0
1634.603768,1.0
1634.844822,1.0
1635.085876,1.0
1635.32693,1.0
1635.567984,1.0
1635.809038,1.0
1636.050092,1.0
1636.291146,1.0
1636.5322,1.0
1636.773254,1.0
1637.014308,1.0
1637.255362,1.0
1637.496416,1.0
1637.73747,1.0
1637.978524,1.0
1638.219578,1.0
1638.460632,1.0
1638.701686,1.0
1638.94274,1.0
1639.183794,1.0
1639.424848,1.0
1639.665902,1.0
1639.906956,1.0
1640.14801,1.0
1640.389064,1.0
1640.630118,1.0
1640.871172,1.0
1641.112226,1.0
1641.35328,1.0
1641.594334,1.0
1641.835388,1.0
1642.076442,1.0
1642.317496,1.0
1642.55855,1.0
1642.799604,1.0
1643.040658,1.0
1643.281712,1.0
1643.522766,1.0
1643.76382,1.0
1644.004874,1.0
1644.245928,1.0
1644.486982,1.0
1644.728036,1.0
1644.96909,1.0
1645.210144,1.0
1645.451198,1.0
1645.692252,1.0
1645.933306,1.0
1646.17436,1.0
1646.415414,1.0
1646.656468,1.0
1646.897522,1.0
1647.138576,1.0
1647.37963,1.0
1647.620684,1.0
1647.861738,1.0
1648.102792,1.0
1648.343846,1.0
1648.5849,1.0
1648.825954,1.0
1649.067008,1.0
1649.308062,1.0
1649.549116,1.0
1649.79017,1.0
1650.031224,1.0
1650.272278,1.0
1650.513332,1.0
1650.754386,1.0
1650.99544,1.0
1651.236494,1.0
1651.477548,1.0
1651.718602,1.0
1651.959656,1.0
1652.20071,1.0
1652.441764,1.0
1652.682818,1.0
1652.923872,1.0
1653.164926,1.0
1653.40598,1.0
1653.647034,1.0
1653.888088,1.0
1654.129142,1.0
1654.370196,1.0
1654.61125,1.0
1654.852304,1.0
1655.093358,1.0
1655.334412,1.0
1655.575466,1.0
1655.81652,1.0
1656.057574,1.0
1656.298628,1.0
1656.539682,1.0
1656.780736,1.0
1657.02179,1.0
1657.262844,1.0
1657.503898,1.0
1657.744952,1.0
1657.986006,1.0
1658.22706,1.0
1658.468114,1.0
1658.709168,1.0
1658.950222,1.0
1659.191276,1.0
1659.43233,1.0
1659.673384,1.0
1659.914438,1.0
1660.155492,1.0
1660.396546,1.0
1660.6376,1.0
1660.878654,1.0
1661.119708,1.0
1661.360762,1.0
1661.601816,1.0
1661.84287,1.0
1662.083924,1.0
1662.324978,1.0
1662.566032,1.0
1662.807086,1.0
1663.04814,1.0
1663.289194,1.0
1663.530248,1.0
1663.771302,1.0
1664.012356,1.0
1664.25341,1.0
1664.494464,1.0
1664.735518,1.0
1664.976572,1.0
1665.217626,1.0
1665.45868,1.0
1665.699734,1.0
1665.940788,1.0
1666.181842,1.0
1666.422896,1.0
1666.66395,1.0
1666.905004,1.0
1667.146058,1.0
1667.387112,1.0
1667.628166,1.0
1667.86922,1.0
1668.110274,1.0
1668.351328,1.0
1668.592382,1.0
1668.833436,1.0
1669.07449,1.0
1669.315544,1.0
1669.556598,1.0
1669.797652,1.0
1670.038706,1.0
1670.27976,1.0
1670.520814,1.0
1670.761868,1.0
1671.002922,1.0
1671.243976,1.0
1671.48503,1.0
1671.726084,1.0
1671.967138,1.0
1672.208192,1.0
1672.449246,1.0
1672.6903,1.0
1672.931354,1.0
1673.172408,1.0
1673.413462,1.0
1673.654516,1.0
1673.89557,1.0
1674.136624,1.0
1674.377678,1.0
1674.618732,1.0
1674.859786,1.0
1675.10084,1.0
1675.341894,1.0
1675.582948,1.0
1675.824002,1.0
1676.065056,1.0
1676.30611,1.0
1676.547164,1.0
1676.788218,1.0
1677.029272,1.0
1677.270326,1.0
1677.51138,1.0
1677.752434,1.0
1677.993488,1.0
1678.234542,1.0
1678.475596,1.0
1678.71665,1.0
1678.957704,1.0
1679.198758,1.0
1679.439812,1.0
1679.680866,1.0
1679.92192,1.0
1680.162974,1.0
1680.404028,1.0
1680.645082,1.0
1680.886136,1.0
1681.12719,1.0
1681.368244,1.0
1681.609298,1.0
1681.850352,1.0
1682.091406,1.0
1682.33246,1.0
1682.573514,1.0
1682.814568,1.0
1683.055622,1.0
1683.296676,1.0
1683.53773,1.0
1683.778784,1.0
1684.019838,1.0
1684.260892,1.0
1684.501946,1.0
1684.743,1.0
1684.984054,1.0
1685.225108,1.0
1685.466162,1.0
1685.707216,1.0
1685.94827,1.0
1686.189324,1.0
1686.430378,1.0
1686.671432,1.0
1686.912486,1.0
1687.15354,1.0
1687.394594,1.0
1687.635648,1.0
1687.876702,1.0
1688.117756,1.0
1688.35881,1.0
1688.599864,1.0
1688.840918,1.0
1689.081972,1.0
1689.323026,1.0
1689.56408,1.0
1689.805134,1.0
1690.046188,1.0
1690.287242,1.0
1690.528296,1.0
1690.76935,1.0
1691.010404,1.0
1691.251458,1.0
1691.492512,1.0
1691.733566,1.0
1691.97462,1.0
1692.215674,1.0
1692.456728,1.0
1692.697782,1.0
1692.938836,1.0
1693.17989,1.0
1693.420944,1.0
1693.661998,1.0
1693.903052,1.0
1694.144106,1.0
1694.38516,1.0
1694.626214,1.0
1694.867268,1.0
1695.108322,1.0
1695.349376,1.0
1695.59043,1.0
1695.831484,1.0
1696.072538,1.0
1696.313592,1.0
1696.554646,1.0
1696.7957,1.0
1697.036754,1.0
1697.277808,1.0
1697.518862,1.0
1697.759916,1.0
1698.00097,1.0
1698.242024,1.0
1698.483078,1.0
1698.724132,1.0
1698.965186,1.0
1699.20624,1.0
1699.447294,1.0
1699.688348,1.0
1699.929402,1.0
1700.170456,1.0
1700.41151,1.0
1700.652564,1.0
1700.893618,1.0
1701.134672,1.0
1701.375726,1.0
1701.61678,1.0
1701.857834,1.0
1702.098888,1.0
1702.339942,1.0
1702.580996,1.0
1702.82205,1.0
1703.063104,1.0
1703.304158,1.0
1703.545212,1.0
1703.786266,1.0
1704.02732,1.0
1704.268374,1.0
1704.509428,1.0
1704.750482,1.0
1704.991536,1.0
1705.23259,1.0
1705.473644,1.0
1705.714698,1.0
1705.955752,1.0
1706.196806,1.0
1706.43786,1.0
1706.678914,1.0
1706.919968,1.0
1707.161022,1.0
1707.402076,1.0
1707.64313,1.0
1707.884184,1.0
1708.125238,1.0
1708.366292,1.0
1708.607346,1.0
1708.8484,1.0
1709.089454,1.0
1709.330508,1.0
1709.571562,1.0
1709.812616,1.0
1710.05367,1.0
1710.294724,1.0
1710.535778,1.0
1710.776832,1.0
1711.017886,1.0
1711.25894,1.0
1711.499994,1.0
1711.741048,1.0
1711.982102,1.0
1712.223156,1.0
1712.46421,1.0
1712.705264,1.0
1712.946318,1.0
1713.187372,1.0
1713.428426,1.0
1713.66948,1.0
1713.910534,1.0
1714.151588,1.0
1714.392642,1.0
1714.633696,1.0
1714.87475,1.0
1715.115804,1.0
1715.356858,1.0
1715.597912,1.0
1715.838966,1.0
1716.08002,1.0
1716.321074,1.0
1716.562128,1.0
1716.803182,1.0
1717.044236,1.0
1717.28529,1.0
1717.526344,1.0
1717.767398,1.0
1718.008452,1.0
1718.249506,1.0
1718.49056,1.0
1718.731614,1.0
1718.972668,1.0
1719.213722,1.0
1719.454776,1.0
1719.69583,1.0
1719.936884,1.0
1720.177938,1.0
1720.418992,1.0
1720.660046,1.0
1720.9011,1.0
1721.142154,1.0
1721.383208,1.0
1721.624262,1.0
1721.865316,1.0
1722.10637,1.0
1722.347424,1.0
1722.588478,1.0
1722.829532,1.0
1723.070586,1.0
1723.31164,1.0
1723.552694,1.0
1723.793748,1.0
1724.034802,1.0
1724.275856,1.0
1724.51691,1.0
1724.757964,1.0
1724.999018,1.0
1725.240072,1.0
1725.481126,1.0
1725.72218,1.0
1725.963234,1.0
1726.204288,1.0
1726.445342,1.0
1726.686396,1.0
1726.92745,1.0
1727.168504,1.0
1727.409558,1.0
1727.650612,1.0
1727.891666,1.0
1728.13272,1.0
1728.373774,1.0
1728.614828,1.0
1728.855882,1.0
1729.096936,1.0
1729.33799,1.0
1729.579044,1.0
1729.820098,1.0
1730.061152,1.0
1730.302206,1.0
1730.54326,1.0
1730.784314,1.0
1731.025368,1.0
1731.266422,1.0
1731.507476,1.0
1731.74853,1.0
1731.989584,1.0
1732.230638,1.0
1732.471692,1.0
1732.712746,1.0
1732.9538,1.0
1733.194854,1.0
1733.435908,1.0
1733.676962,1.0
1733.918016,1.0
1734.15907,1.0
1734.400124,1.0
1734.641178,1.0
1734.882232,1.0
1735.123286,1.0
1735.36434,1.0
1735.605394,1.0
1735.846448,1.0
1736.087502,1.0
1736.328556,1.0
1736.56961,1.0
1736.810664,1.0
1737.051718,1.0
1737.292772,1.0
1737.533826,1.0
1737.77488,1.0
1738.015934,1.0
1738.256988,1.0
1738.498042,1.0
1738.739096,1.0
1738.98015,1.0
1739.221204,1.0
1739.462258,1.0
1739.703312,1.0
1739.944366,1.0
1740.18542,1.0
1740.426474,1.0
1740.667528,1.0
1740.908582,1.0
1741.149636,1.0
1741.39069,1.0
1741.631744,1.0
1741.872798,1.0
1742.113852,1.0
1742.354906,1.0
1742.59596,1.0
1742.837014,1.0
1743.078068,1.0
1743.319122,1.0
1743.560176,1.0
1743.80123,1.0
1744.042284,1.0
1744.283338,1.0
1744.524392,1.0
1744.765446,1.0
1745.0065,1.0
1745.247554,1.0
1745.488608,1.0
1745.729662,1.0
1745.970716,1.0
1746.21177,1.0
1746.452824,1.0
1746.693878,1.0
1746.934932,1.0
1747.175986,1.0
1747.41704,1.0
1747.658094,1.0
1747.899148,1.0
1748.140202,1.0
1748.381256,1.0
1748.62231,1.0
1748.863364,1.0
1749.104418,1.0
1749.345472,1.0
1749.586526,1.0
1749.82758,1.0
1750.068634,1.0
1750.309688,1.0
1750.550742,1.0
1750.791796,1.0
1751.03285,1.0
1751.273904,1.0
1751.514958,1.0
1751.756012,1.0
1751.997066,1.0
1752.23812,1.0
1752.479174,1.0
1752.720228,1.0
1752.961282,1.0
1753.202336,1.0
1753.44339,1.0
1753.684444,1.0
1753.925498,1.0
1754.166552,1.0
1754.407606,1.0
1754.64866,1.0
1754.889714,1.0
1755.130768,1.0
1755.371822,1.0
1755.612876,1.0
1755.85393,1.0
1756.094984,1.0
1756.336038,1.0
1756.577092,1.0
1756.818146,1.0
1757.0592,1.0
1757.300254,1.0
1757.541308,1.0
1757.782362,1.0
1758.023416,1.0
1758.26447,1.0
1758.505524,1.0
1758.746578,1.0
1758.987632,1.0
1759.228686,1.0
1759.46974,1.0
1759.710794,1.0
1759.951848,1.0
1760.192902,1.0
1760.433956,1.0
1760.67501,1.0
1760.916064,1.0
1761.157118,1.0
1761.398172,1.0
1761.639226,1.0
1761.88028,1.0
1762.121334,1.0
1762.362388,1.0
1762.603442,1.0
1762.844496,1.0
1763.08555,1.0
1763.326604,1.0
1763.567658,1.0
1763.808712,1.0
1764.049766,1.0
1764.29082,1.0
1764.531874,1.0
1764.772928,1.0
1765.013982,1.0
1765.255036,1.0
1765.49609,1.0
1765.737144,1.0
1765.978198,1.0
1766.219252,1.0
1766.460306,1.0
1766.70136,1.0
1766.942414,1.0
1767.183468,1.0
1767.424522,1.0
1767.665576,1.0
1767.90663,1.0
1768.147684,1.0
1768.388738,1.0
1768.629792,1.0
1768.870846,1.0
1769.1119,1.0
1769.352954,1.0
1769.594008,1.0
1769.835062,1.0
1770.076116,1.0
1770.31717,1.0
1770.558224,1.0
1770.799278,1.0
1771.040332,1.0
1771.281386,1.0
1771.52244,1.0
1771.763494,1.0
1772.004548,1.0
1772.245602,1.0
1772.486656,1.0
1772.72771,1.0
1772.968764,1.0
1773.209818,1.0
1773.450872,1.0
1773.691926,1.0
1773.93298,1.0
1774.174034,1.0
1774.415088,1.0
1774.656142,1.0
1774.897196,1.0
1775.13825,1.0
1775.379304,1.0
1775.620358,1.0
1775.861412,1.0
1776.102466,1.0
1776.34352,1.0
1776.584574,1.0
1776.825628,1.0
1777.066682,1.0
1777.307736,1.0
1777.54879,1.0
1777.789844,1.0
1778.030898,1.0
1778.271952,1.0
1778.513006,1.0
1778.75406,1.0
1778.995114,1.0
1779.236168,1.0
1779.477222,1.0
1779.718276,1.0
1779.95933,1.0
1780.200384,1.0
1780.441438,1.0
1780.682492,1.0
1780.923546,1.0
1781.1646,1.0
1781.405654,1.0
1781.646708,1.0
1781.887762,1.0
1782.128816,1.0
1782.36987,1.0
1782.610924,1.0
1782.851978,1.0
1783.093032,1.0
1783.334086,1.0
1783.57514,1.0
1783.816194,1.0
1784.057248,1.0
1784.298302,1.0
1784.539356,1.0
1784.78041,1.0
1785.021464,1.0
1785.262518,1.0
1785.503572,1.0
1785.744626,1.0
1785.98568,1.0
1786.226734,1.0
1786.467788,1.0
1786.708842,1.0
1786.949896,1.0
1787.19095,1.0
1787.432004,1.0
1787.673058,1.0
1787.914112,1.0
1788.155166,1.0
1788.39622,1.0
1788.637274,1.0
1788.878328,1.0
1789.119382,1.0
1789.360436,1.0
1789.60149,1.0
1789.842544,1.0
1790.083598,1.0
1790.324652,1.0
1790.565706,1.0
1790.80676,1.0
1791.047814,1.0
1791.288868,1.0
1791.529922,1.0
1791.770976,1.0
1792.01203,1.0
1792.253084,1.0
1792.494138,1.0
1792.735192,1.0
1792.976246,1.0
1793.2173,1.0
1793.458354,1.0
1793.699408,1.0
1793.940462,1.0
1794.181516,1.0
1794.42257,1.0
1794.663624,1.0
1794.904678,1.0
1795.145732,1.0
1795.386786,1.0
1795.62784,1.0
1795.868894,1.0
1796.109948,1.0
1796.351002,1.0
1796.592056,1.0
1796.83311,1.0
1797.074164,1.0
1797.315218,1.0
1797.556272,1.0
1797.797326,1.0
1798.03838,1.0
1798.279434,1.0
1798.520488,1.0
1798.761542,1.0
1799.002596,1.0
1799.24365,1.0
1799.484704,1.0
1799.725758,1.0
1799.966812,1.0
1800.207866,1.0
1800.44892,1.0
1800.689974,1.0
1800.931028,1.0
1801.172082,1.0
1801.413136,1.0
1801.65419,1.0
1801.895244,1.0
1802.136298,1.0
1802.377352,1.0
1802.618406,1.0
1802.85946,1.0
1803.100514,1.0
1803.341568,1.0
1803.582622,1.0
1803.823676,1.0
1804.06473,1.0
1804.305784,1.0
1804.546838,1.0
1804.787892,1.0
1805.028946,1.0
1805.27,1.0
1805.511054,1.0
1805.752108,1.0
1805.993162,1.0
1806.234216,1.0
1806.47527,1.0
1806.716324,1.0
1806.957378,1.0
1807.198432,1.0
1807.439486,1.0
1807.68054,1.0
1807.921594,1.0
1808.162648,1.0
1808.403702,1.0
1808.644756,1.0
1808.88581,1.0
1809.126864,1.0
1809.367918,1.0
1809.608972,1.0
1809.850026,1.0
1810.09108,1.0
1810.332134,1.0
1810.573188,1.0
1810.814242,1.0
1811.055296,1.0
1811.29635,1.0
1811.537404,1.0
1811.778458,1.0
1812.019512,1.0
1812.260566,1.0
1812.50162,1.0
1812.742674,1.0
1812.983728,1.0
1813.224782,1.0
1813.465836,1.0
1813.70689,1.0
1813.947944,1.0
1814.188998,1.0
1814.430052,1.0
1814.671106,1.0
1814.91216,1.0
1815.153214,1.0
1815.394268,1.0
1815.635322,1.0
1815.876376,1.0
1816.11743,1.0
1816.358484,1.0
1816.599538,1.0
1816.840592,1.0
1817.081646,1.0
1817.3227,1.0
1817.563754,1.0
1817.804808,1.0
1818.045862,1.0
1818.286916,1.0
1818.52797,1.0
1818.769024,1.0
1819.010078,1.0
1819.251132,1.0
1819.492186,1.0
1819.73324,1.0
1819.974294,1.0
1820.215348,1.0
1820.456402,1.0
1820.697456,1.0
1820.93851,1.0
1821.179564,1.0
1821.420618,1.0
1821.661672,1.0
1821.902726,1.0
1822.14378,1.0
1822.384834,1.0
1822.625888,1.0
1822.866942,1.0
1823.107996,1.0
1823.34905,1.0
1823.590104,1.0
1823.831158,1.0
1824.072212,1.0
1824.313266,1.0
1824.55432,1.0
1824.795374,1.0
1825.036428,1.0
1825.277482,1.0
1825.518536,1.0
1825.75959,1.0
1826.000644,1.0
1826.241698,1.0
1826.482752,1.0
1826.723806,1.0
1826.96486,1.0
1827.205914,1.0
1827.446968,1.0
1827.688022,1.0
1827.929076,1.0
1828.17013,1.0
1828.411184,1.0
1828.652238,1.0
1828.893292,1.0
1829.134346,1.0
1829.3754,1.0
1829.616454,1.0
1829.857508,1.0
1830.098562,1.0
1830.339616,1.0
1830.58067,1.0
1830.821724,1.0
1831.062778,1.0
1831.303832,1.0
1831.544886,1.0
1831.78594,1.0
1832.026994,1.0
1832.268048,1.0
1832.509102,1.0
1832.750156,1.0
1832.99121,1.0
1833.232264,1.0
1833.473318,1.0
1833.714372,1.0
1833.955426,1.0
1834.19648,1.0
1834.437534,1.0
1834.678588,1.0
1834.919642,1.0
1835.160696,1.0
1835.40175,1.0
1835.642804,1.0
1835.883858,1.0
1836.124912,1.0
1836.365966,1.0
1836.60702,1.0
1836.848074,1.0
1837.089128,1.0
1837.330182,1.0
1837.571236,1.0
1837.81229,1.0
1838.053344,1.0
1838.294398,1.0
1838.535452,1.0
1838.776506,1.0
1839.01756,1.0
1839.258614,1.0
1839.499668,1.0
1839.740722,1.0
1839.981776,1.0
1840.22283,1.0
1840.463884,1.0
1840.704938,1.0
1840.945992,1.0
1841.187046,1.0
1841.4281,1.0
1841.669154,1.0
1841.910208,1.0
1842.151262,1.0
1842.392316,1.0
1842.63337,1.0
1842.874424,1.0
1843.115478,1.0
1843.356532,1.0
1843.597586,1.0
1843.83864,1.0
1844.079694,1.0
1844.320748,1.0
1844.561802,1.0
1844.802856,1.0
1845.04391,1.0
1845.284964,1.0
1845.526018,1.0
1845.767072,1.0
1846.008126,1.0
1846.24918,1.0
1846.490234,1.0
1846.731288,1.0
1846.972342,1.0
1847.213396,1.0
1847.45445,1.0
1847.695504,1.0
1847.936558,1.0
1848.177612,1.0
1848.418666,1.0
1848.65972,1.0
1848.900774,1.0
1849.141828,1.0
1849.382882,1.0
1849.623936,1.0
1849.86499,1.0
1850.106044,1.0
1850.347098,1.0
1850.588152,1.0
1850.829206,1.0
1851.07026,1.0
1851.311314,1.0
1851.552368,1.0
1851.793422,1.0
1852.034476,1.0
1852.27553,1.0
1852.516584,1.0
1852.757638,1.0
1852.998692,1.0
1853.239746,1.0
1853.4808,1.0
1853.721854,1.0
1853.962908,1.0
1854.203962,1.0
1854.445016,1.0
1854.68607,1.0
1854.927124,1.0
1855.168178,1.0
1855.409232,1.0
1855.650286,1.0
1855.89134,1.0
1856.132394,1.0
1856.373448,1.0
1856.614502,1.0
1856.855556,1.0
1857.09661,1.0
1857.337664,1.0
1857.578718,1.0
1857.819772,1.0
1858.060826,1.0
1858.30188,1.0
1858.542934,1.0
1858.783988,1.0
1859.025042,1.0
1859.266096,1.0
1859.50715,1.0
1859.748204,1.0
1859.989258,1.0
1860.230312,1.0
1860.471366,1.0
1860.71242,1.0
1860.953474,1.0
1861.194528,1.0
1861.435582,1.0
1861.676636,1.0
1861.91769,1.0
1862.158744,1.0
1862.399798,1.0
1862.640852,1.0
1862.881906,1.0
1863.12296,1.0
1863.364014,1.0
1863.605068,1.0
1863.846122,1.0
1864.087176,1.0
1864.32823,1.0
1864.569284,1.0
1864.810338,1.0
1865.051392,1.0
1865.292446,1.0
1865.5335,1.0
1865.774554,1.0
1866.015608,1.0
1866.256662,1.0
1866.497716,1.0
1866.73877,1.0
1866.979824,1.0
1867.220878,1.0
1867.461932,1.0
1867.702986,1.0
1867.94404,1.0
1868.185094,1.0
1868.426148,1.0
1868.667202,1.0
1868.908256,1.0
1869.14931,1.0
1869.390364,1.0
1869.631418,1.0
1869.872472,1.0
1870.113526,1.0
1870.35458,1.0
1870.595634,1.0
1870.836688,1.0
1871.077742,1.0
1871.318796,1.0
1871.55985,1.0
1871.800904,1.0
1872.041958,1.0
1872.283012,1.0
1872.524066,1.0
1872.76512,1.0
1873.006174,1.0
1873.247228,1.0
1873.488282,1.0
1873.729336,1.0
1873.97039,1.0
1874.211444,1.0
1874.452498,1.0
1874.693552,1.0
1874.934606,1.0
1875.17566,1.0
1875.416714,1.0
1875.657768,1.0
1875.898822,1.0
1876.139876,1.0
1876.38093,1.0
1876.621984,1.0
1876.863038,1.0
1877.104092,1.0
1877.345146,1.0
1877.5862,1.0
1877.827254,1.0
1878.068308,1.0
1878.309362,1.0
1878.550416,1.0
1878.79147,1.0
1879.032524,1.0
1879.273578,1.0
1879.514632,1.0
1879.755686,1.0
1879.99674,1.0
1880.237794,1.0
1880.478848,1.0
1880.719902,1.0
1880.960956,1.0
1881.20201,1.0
1881.443064,1.0
1881.684118,1.0
1881.925172,1.0
1882.166226,1.0
1882.40728,1.0
1882.648334,1.0
1882.889388,1.0
1883.130442,1.0
1883.371496,1.0
1883.61255,1.0
1883.853604,1.0
1884.094658,1.0
1884.335712,1.0
1884.576766,1.0
1884.81782,1.0
1885.058874,1.0
1885.299928,1.0
1885.540982,1.0
1885.782036,1.0
1886.02309,1.0
1886.264144,1.0
1886.505198,1.0
1886.746252,1.0
1886.987306,1.0
1887.22836,1.0
1887.469414,1.0
1887.710468,1.0
1887.951522,1.0
1888.192576,1.0
1888.43363,1.0
1888.674684,1.0
1888.915738,1.0
1889.156792,1.0
1889.397846,1.0
1889.6389,1.0
1889.879954,1.0
1890.121008,1.0
1890.362062,1.0
1890.603116,1.0
1890.84417,1.0
1891.085224,1.0
1891.326278,1.0
1891.567332,1.0
1891.808386,1.0
1892.04944,1.0
1892.290494,1.0
1892.531548,1.0
1892.772602,1.0
1893.013656,1.0
1893.25471,1.0
1893.495764,1.0
1893.736818,1.0
1893.977872,1.0
1894.218926,1.0
1894.45998,1.0
1894.701034,1.0
1894.942088,1.0
1895.183142,1.0
1895.424196,1.0
1895.66525,1.0
1895.906304,1.0
1896.147358,1.0
1896.388412,1.0
1896.629466,1.0
1896.87052,1.0
1897.111574,1.0
1897.352628,1.0
1897.593682,1.0
1897.834736,1.0
1898.07579,1.0
1898.316844,1.0
1898.557898,1.0
1898.798952,1.0
1899.040006,1.0
1899.28106,1.0
1899.522114,1.0
1899.763168,1.0
1900.004222,1.0
1900.245276,1.0
1900.48633,1.0
1900.727384,1.0
1900.968438,1.0
1901.209492,1.0
1901.450546,1.0
1901.6916,1.0
1901.932654,1.0
1902.173708,1.0
1902.414762,1.0
1902.655816,1.0
1902.89687,1.0
1903.137924,1.0
1903.378978,1.0
1903.620032,1.0
1903.861086,1.0
1904.10214,1.0
1904.343194,1.0
1904.584248,1.0
1904.825302,1.0
1905.066356,1.0
1905.30741,1.0
1905.548464,1.0
1905.789518,1.0
1906.030572,1.0
1906.271626,1.0
1906.51268,1.0
1906.753734,1.0
1906.994788,1.0
1907.235842,1.0
1907.476896,1.0
1907.71795,1.0
1907.959004,1.0
1908.200058,1.0
1908.441112,1.0
1908.682166,1.0
1908.92322,1.0
1909.164274,1.0
1909.405328,1.0
1909.646382,1.0
1909.887436,1.0
1910.12849,1.0
1910.369544,1.0
1910.610598,1.0
1910.851652,1.0
1911.092706,1.0
1911.33376,1.0
1911.574814,1.0
1911.815868,1.0
1912.056922,1.0
1912.297976,1.0
1912.53903,1.0
1912.780084,1.0
1913.021138,1.0
1913.262192,1.0
1913.503246,1.0
1913.7443,1.0
1913.985354,1.0
1914.226408,1.0
1914.467462,1.0
1914.708516,1.0
1914.94957,1.0
1915.190624,1.0
1915.431678,1.0
1915.672732,1.0
1915.913786,1.0
1916.15484,1.0
1916.395894,1.0
1916.636948,1.0
1916.878002,1.0
1917.119056,1.0
1917.36011,1.0
1917.601164,1.0
1917.842218,1.0
1918.083272,1.0
1918.324326,1.0
1918.56538,1.0
1918.806434,1.0
1919.047488,1.0
1919.288542,1.0
1919.529596,1.0
1919.77065,1.0
1920.011704,1.0
1920.252758,1.0
1920.493812,1.0
1920.734866,1.0
1920.97592,1.0
1921.216974,1.0
1921.458028,1.0
1921.699082,1.0
1921.940136,1.0
1922.18119,1.0
1922.422244,1.0
1922.663298,1.0
1922.904352,1.0
1923.145406,1.0
1923.38646,1.0
1923.627514,1.0
1923.868568,1.0
1924.109622,1.0
1924.350676,1.0
1924.59173,1.0
1924.832784,1.0
1925.073838,1.0
1925.314892,1.0
1925.555946,1.0
1925.797,1.0
1926.038054,1.0
1926.279108,1.0
1926.520162,1.0
1926.761216,1.0
1927.00227,1.0
1927.243324,1.0
1927.484378,1.0
1927.725432,1.0
1927.966486,1.0
1928.20754,1.0
1928.448594,1.0
1928.689648,1.0
1928.930702,1.0
1929.171756,1.0
1929.41281,1.0
1929.653864,1.0
1929.894918,1.0
1930.135972,1.0
1930.377026,1.0
1930.61808,1.0
1930.859134,1.0
1931.100188,1.0
1931.341242,1.0
1931.582296,1.0
1931.82335,1.0
1932.064404,1.0
1932.305458,1.0
1932.546512,1.0
1932.787566,1.0
1933.02862,1.0
1933.269674,1.0
1933.510728,1.0
1933.751782,1.0
1933.992836,1.0
1934.23389,1.0
1934.474944,1.0
1934.715998,1.0
1934.957052,1.0
1935.198106,1.0
1935.43916,1.0
1935.680214,1.0
1935.921268,1.0
1936.162322,1.0
1936.403376,1.0
1936.64443,1.0
1936.885484,1.0
1937.126538,1.0
1937.367592,1.0
1937.608646,1.0
1937.8497,1.0
1938.090754,1.0
1938.331808,1.0
1938.572862,1.0
1938.813916,1.0
1939.05497,1.0
1939.296024,1.0
1939.537078,1.0
1939.778132,1.0
1940.019186,1.0
1940.26024,1.0
1940.501294,1.0
1940.742348,1.0
1940.983402,1.0
1941.224456,1.0
1941.46551,1.0
1941.706564,1.0
1941.947618,1.0
1942.188672,1.0
1942.429726,1.0
1942.67078,1.0
1942.911834,1.0
1943.152888,1.0
1943.393942,1.0
1943.634996,1.0
1943.87605,1.0
1944.117104,1.0
1944.358158,1.0
1944.599212,1.0
1944.840266,1.0
1945.08132,1.0
1945.322374,1.0
1945.563428,1.0
1945.804482,1.0
1946.045536,1.0
1946.28659,1.0
1946.527644,1.0
1946.768698,1.0
1947.009752,1.0
1947.250806,1.0
1947.49186,1.0
1947.732914,1.0
1947.973968,1.0
1948.215022,1.0
1948.456076,1.0
1948.69713,1.0
1948.938184,1.0
1949.179238,1.0
1949.420292,1.0
1949.661346,1.0
1949.9024,1.0
1950.143454,1.0
1950.384508,1.0
1950.625562,1.0
1950.866616,1.0
1951.10767,1.0
1951.348724,1.0
1951.589778,1.0
1951.830832,1.0
1952.071886,1.0
1952.31294,1.0
1952.553994,1.0
1952.795048,1.0
1953.036102,1.0
1953.277156,1.0
1953.51821,1.0
1953.759264,1.0
1954.000318,1.0
1954.241372,1.0
1954.482426,1.0
1954.72348,1.0
1954.964534,1.0
1955.205588,1.0
1955.446642,1.0
1955.687696,1.0
1955.92875,1.0
1956.169804,1.0
1956.410858,1.0
1956.651912,1.0
1956.892966,1.0
1957.13402,1.0
1957.375074,1.0
1957.616128,1.0
1957.857182,1.0
1958.098236,1.0
1958.33929,1.0
1958.580344,1.0
1958.821398,1.0
1959.062452,1.0
1959.303506,1.0
1959.54456,1.0
1959.785614,1.0
1960.026668,1.0
1960.267722,1.0
1960.508776,1.0
1960.74983,1.0
1960.990884,1.0
1961.231938,1.0
1961.472992,1.0
1961.714046,1.0
1961.9551,1.0
1962.196154,1.0
1962.437208,1.0
1962.678262,1.0
1962.919316,1.0
1963.16037,1.0
1963.401424,1.0
1963.642478,1.0
1963.883532,1.0
1964.124586,1.0
1964.36564,1.0
1964.606694,1.0
1964.847748,1.0
1965.088802,1.0
1965.329856,1.0
1965.57091,1.0
1965.811964,1.0
1966.053018,1.0
1966.294072,1.0
1966.535126,1.0
1966.77618,1.0
1967.017234,1.0
1967.258288,1.0
1967.499342,1.0
1967.740396,1.0
1967.98145,1.0
1968.222504,1.0
1968.463558,1.0
1968.704612,1.0
1968.945666,1.0
1969.18672,1.0
1969.427774,1.0
1969.668828,1.0
1969.909882,1.0
1970.150936,1.0
1970.39199,1.0
1970.633044,1.0
1970.874098,1.0
1971.115152,1.0
1971.356206,1.0
1971.59726,1.0
1971.838314,1.0
1972.079368,1.0
1972.320422,1.0
1972.561476,1.0
1972.80253,1.0
1973.043584,1.0
1973.284638,1.0
1973.525692,1.0
1973.766746,1.0
1974.0078,1.0
1974.248854,1.0
1974.489908,1.0
1974.730962,1.0
1974.972016,1.0
1975.21307,1.0
1975.454124,1.0
1975.695178,1.0
1975.936232,1.0
1976.177286,1.0
1976.41834,1.0
1976.659394,1.0
1976.900448,1.0
1977.141502,1.0
1977.382556,1.0
1977.62361,1.0
1977.864664,1.0
1978.105718,1.0
1978.346772,1.0
1978.587826,1.0
1978.82888,1.0
1979.069934,1.0
1979.310988,1.0
1979.552042,1.0
1979.793096,1.0
1980.03415,1.0
1980.275204,1.0
1980.516258,1.0
1980.757312,1.0
1980.998366,1.0
1981.23942,1.0
1981.480474,1.0
1981.721528,1.0
1981.962582,1.0
1982.203636,1.0
1982.44469,1.0
1982.685744,1.0
1982.926798,1.0
1983.167852,1.0
1983.408906,1.0
1983.64996,1.0
1983.891014,1.0
1984.132068,1.0
1984.373122,1.0
1984.614176,1.0
1984.85523,1.0
1985.096284,1.0
1985.337338,1.0
1985.578392,1.0
1985.819446,1.0
1986.0605,1.0
1986.301554,1.0
1986.542608,1.0
1986.783662,1.0
1987.024716,1.0
1987.26577,1.0
1987.506824,1.0
1987.747878,1.0
1987.988932,1.0
1988.229986,1.0
1988.47104,1.0
1988.712094,1.0
1988.953148,1.0
1989.194202,1.0
1989.435256,1.0
1989.67631,1.0
1989.917364,1.0
1990.158418,1.0
1990.399472,1.0
1990.640526,1.0
1990.88158,1.0
1991.122634,1.0
1991.363688,1.0
1991.604742,1.0
1991.845796,1.0
1992.08685,1.0
1992.327904,1.0
1992.568958,1.0
1992.810012,1.0
1993.051066,1.0
1993.29212,1.0
1993.533174,1.0
1993.774228,1.0
1994.015282,1.0
1994.256336,1.0
1994.49739,1.0
1994.738444,1.0
1994.979498,1.0
1995.220552,1.0
1995.461606,1.0
1995.70266,1.0
1995.943714,1.0
1996.184768,1.0
1996.425822,1.0
1996.666876,1.0
1996.90793,1.0
1997.148984,1.0
1997.390038,1.0
1997.631092,1.0
1997.872146,1.0
1998.1132,1.0
1998.354254,1.0
1998.595308,1.0
1998.836362,1.0
1999.077416,1.0
1999.31847,1.0
1999.559524,1.0
1999.800578,1.0
