nu,[0]PFC-51-14-HITRAN(x-sec)-X=0.01-T=297.0K-P=0.0atm-L=15cm
700,0.9999580588795534
700.060265,0.9999605677774706
700.12053,0.9999617157328613
700.180795,0.9999617157328613
700.24106,0.999961507740846
700.301325,0.9999617157328613
700.36159,0.9999619597235496
700.421855,0.9999627626933257
700.48212,0.9999649566140338
700.542385,0.9999676395236116
700.60265,0.9999695544634748
700.662915,0.9999704944352977
700.72318,0.9999707384281281
700.783445,0.9999707384281281
700.84371,0.9999707384281281
700.903975,0.9999707384281281
700.96424,0.9999704944352977
701.024505,0.9999704944352977
701.08477,0.9999720283912128
701.145035,0.9999754713008334
701.2053,0.9999793102140365
701.265565,0.999982901146187
701.32583,0.9999858580999976
701.386095,0.9999880210717479
701.44636,0.9999887230635851
701.506625,0.9999878130742612
701.56689,0.9999860920967157
701.627155,0.9999839811283034
701.68742,0.9999809601812597
701.747685,0.9999764512772755
701.80795,0.9999715714041002
701.868215,0.9999664855616214
701.92848,0.9999623767077738
701.988745,0.9999599738010697
702.04901,0.9999595218192636
702.109275,0.9999597658094168
702.16954,0.9999595218192636
702.229805,0.9999592418306368
702.29007,0.9999595568178475
702.350335,0.9999610207597104
702.4106,0.9999624837037538
702.470865,0.9999631786779215
702.53113,0.9999631786779215
702.591395,0.9999631786779215
702.65166,0.9999634586676508
702.711925,0.9999636306613804
702.77219,0.9999631436792109
702.832455,0.9999624477051051
702.89272,0.9999624117064576
702.952985,0.9999619597235496
703.01325,0.999960668773493
703.073515,0.9999584748621924
703.13378,0.9999560359664464
703.194045,0.9999538770636953
703.25431,0.999952170143884
703.314575,0.9999509512029315
703.37484,0.9999502552373117
703.435105,0.9999502912355216
703.49537,0.9999515461739246
703.555635,0.9999539850587199
703.6159,0.9999566669389042
703.676165,0.9999593498262407
703.73643,0.9999618237287324
703.796695,0.9999649576139987
703.85696,0.9999678835157453
703.917225,0.9999703224403875
703.97749,0.9999725173776541
704.037755,0.9999749193145256
704.09802,0.9999761382846952
704.158285,0.9999756212971654
704.21855,0.9999738363422744
704.278815,0.9999716424020842
704.33908,0.9999694834656389
704.399345,0.9999674965282492
704.45961,0.999965581592327
704.519875,0.9999641186437512
704.58014,0.9999631436792109
704.640405,0.9999626916959721
704.70067,0.9999626916959721
704.760935,0.9999621677156589
704.8212,0.9999604247831195
704.881465,0.9999574629047279
704.94173,0.9999535610783201
705.001995,0.9999491722917717
705.06226,0.9999450275110426
705.122525,0.9999423806600579
705.18279,0.9999409537432988
705.243055,0.9999399788013442
705.30332,0.9999385158902253
705.363585,0.9999365290143682
705.42385,0.9999340901721482
705.484115,0.9999314083525146
705.54438,0.9999289335253415
705.604645,0.9999260437348995
705.66491,0.9999238848969014
705.725175,0.9999234699285753
705.78544,0.999925456778484
705.845705,0.9999286625446373
705.90597,0.999932284292812
705.966235,0.9999354900808544
706.0265,0.9999388678686449
706.086765,0.9999415497082849
706.14703,0.9999429406279479
706.207295,0.9999421366741468
706.26756,0.9999401857889413
706.327825,0.9999385148902868
706.38809,0.9999375399507101
706.448355,0.9999355530767922
706.50862,0.999932103305085
706.568885,0.9999279585951066
706.62915,0.9999245808441676
706.689415,0.9999218620529284
706.74968,0.9999189362858405
706.809945,0.9999157665478364
706.87021,0.9999126328167347
706.930475,0.9999093911052339
706.99074,0.999904478562463
707.051005,0.9998984151600893
707.11127,0.9998930857157395
707.171535,0.999890236024506
707.2318,0.999889786074001
707.292065,0.999889786074001
707.35233,0.9998892961281259
707.412595,0.9998885662092062
707.47286,0.9998880462672869
707.533125,0.9998865764329392
707.59339,0.9998838267486349
707.653655,0.9998791573020671
707.71392,0.9998732680311745
707.774185,0.9998666888867163
707.83445,0.999860629712941
707.894715,0.9998560703588648
707.95498,0.9998539106720853
708.015245,0.9998534607379267
708.07551,0.9998532107745928
708.135775,0.9998521609292726
708.19604,0.9998499712554378
708.256305,0.9998470117039031
708.31657,0.9998430723144376
708.376835,0.9998384430517295
708.4371,0.9998343337241733
708.497365,0.9998311642543589
708.55763,0.9998285147052843
708.617895,0.9998255852120279
708.67816,0.9998226257326758
708.738425,0.999819216343335
708.79869,0.9998150371077453
708.858955,0.9998091482145196
708.91922,0.9998025594939427
708.979485,0.9997964707148957
709.03975,0.9997913817638112
709.100015,0.9997867927319007
709.16028,0.9997831335189357
709.220545,0.999780244149855
709.28081,0.9997778446801484
709.341075,0.9997763750077969
709.40134,0.9997749153353549
709.461605,0.9997736956107023
709.52187,0.9997729957693603
709.582135,0.9997730357602809
709.6424,0.9997735256491884
709.702665,0.9997742554841286
709.76293,0.9997759650995671
709.823195,0.9997784345492507
709.88346,0.9997800741872279
709.943725,0.999778984427541
710.00399,0.9997755751870168
710.064255,0.9997724059034668
710.12452,0.9997697565101016
710.184785,0.9997665572519996
710.24505,0.9997618883530791
710.305315,0.9997563896778145
710.36558,0.9997513009307419
710.425845,0.9997464221562976
710.48611,0.9997460622476504
710.546375,0.9997439927754435
710.60664,0.9997415534030771
710.666905,0.9997366746762006
710.72717,0.9997338754174305
710.787435,0.9997269272911411
710.8477,0.9997220486356398
710.907965,0.9997196093168171
710.96823,0.9997196093168171
711.028495,0.9997196093168171
711.08876,0.9997192494178226
711.149025,0.9997147306970275
711.20929,0.9997123013931836
711.269555,0.999709862098144
711.32982,0.999709862098144
711.390085,0.999709862098144
711.45035,0.999709862098144
711.510615,0.9997074228090566
711.57088,0.9997049835259207
711.631145,0.999702544248737
711.69141,0.999702544248737
711.751675,0.999702544248737
711.81194,0.9997049835259207
711.872205,0.9997049835259207
711.93247,0.9997049835259207
711.992735,0.999702544248737
712.053,0.999702544248737
712.113265,0.999702544248737
712.17353,0.999702544248737
712.233795,0.9997001049775048
712.29406,0.9997001049775048
712.354325,0.9996976657122246
712.41459,0.9996952364498485
712.474855,0.9996927971964474
712.53512,0.9996924273101809
712.595385,0.9996903579489982
712.65565,0.9996899880636342
712.715915,0.9996879187075006
712.77618,0.9996903579489982
712.836445,0.9996903579489982
712.89671,0.9996903579489982
712.956975,0.9996903579489982
713.01724,0.9996899880636342
713.077505,0.9996879187075006
713.13777,0.9996879187075006
713.198035,0.9996854794719549
713.2583,0.9996854794719549
713.318565,0.9996854794719549
713.37883,0.9996854794719549
713.439095,0.9996879187075006
713.49936,0.9996854794719549
713.559625,0.9996854794719549
713.61989,0.9996854794719549
713.680155,0.9996854794719549
713.74042,0.9996858493556506
713.800685,0.9996879187075006
713.86095,0.9996879187075006
713.921215,0.9996879187075006
713.98148,0.9996903579489982
714.041745,0.9996903579489982
714.10201,0.9996927971964474
714.162275,0.9996952364498485
714.22254,0.9997001049775048
714.282805,0.999702544248737
714.34307,0.999702544248737
714.403335,0.999702544248737
714.4636,0.9997029141387467
714.523865,0.9997049835259207
714.58413,0.9997074228090566
714.644395,0.9997074228090566
714.70466,0.999709862098144
714.764925,0.999709862098144
714.82519,0.9997123013931836
714.885455,0.9997147306970275
714.94572,0.9997171700039464
715.005985,0.9997220486356398
715.06625,0.9997248578585435
715.126515,0.9997293666278196
715.18678,0.9997317959731322
715.247045,0.9997342353216905
715.30731,0.9997391140366628
715.367575,0.9997439927754435
715.42784,0.9997513009307419
715.488105,0.9997563296924329
715.54837,0.9997622182745567
715.608635,0.9997683068450056
715.6689,0.9997741655044496
715.729165,0.9997792443701107
715.78943,0.9997828235862123
715.849695,0.9997847431710765
715.90996,0.9997859229177694
715.970225,0.9997866927532264
716.03049,0.9997879424873735
716.090755,0.9997903819729294
716.15102,0.9997935913052064
716.211285,0.999797490507816
716.27155,0.9998011497733277
716.331815,0.9998040392028257
716.39208,0.9998065087218524
716.452345,0.9998099280659594
716.51261,0.9998135873769926
716.572875,0.9998172067087299
716.63314,0.999819636267494
716.693405,0.9998218358731135
716.75367,0.9998237455346437
716.813935,0.9998254952277293
716.8742,0.9998271949325159
716.934465,0.9998291146025732
716.99473,0.9998313442239847
717.054995,0.9998340237755778
717.11526,0.9998369932870381
717.175525,0.9998401227817248
717.23579,0.9998430823128683
717.296055,0.9998465017820571
717.35632,0.999850401191018
717.416585,0.9998543006151864
717.47685,0.9998574701583431
717.537115,0.9998603597506074
717.59738,0.9998630393799622
717.657645,0.9998659989789389
717.71791,0.9998694485225859
717.778175,0.9998738379590997
717.83844,0.9998787173553346
717.898705,0.9998837967521205
717.95897,0.9998882262471515
718.019235,0.9998922958005138
718.0795,0.9998954654641153
718.139765,0.9998978652161122
718.20003,0.9998998150188504
718.260295,0.9999015258488976
718.32056,0.9999029897058029
718.380825,0.9999039646116932
718.44109,0.9999046965416631
718.501355,0.9999056714492175
718.56162,0.9999073782896555
718.621885,0.9999093661074995
718.68215,0.9999110359575352
718.742415,0.9999117298960349
718.80268,0.9999119738745268
718.862945,0.9999124988284508
718.92321,0.999913998698324
718.983475,0.9999159495324385
719.04374,0.9999178633733974
719.104005,0.9999193262543017
719.16427,0.9999205081596438
719.224535,0.9999214830826145
719.2848,0.9999222520225307
719.345065,0.9999234709284988
719.40533,0.9999246898359528
719.465595,0.9999253847838537
719.52586,0.999925102804935
719.586125,0.999924371859952
719.64639,0.9999244088571544
719.706655,0.9999254587783349
719.76692,0.9999276536171258
719.827185,0.9999295664805568
719.88745,0.999930786395372
719.947715,0.9999317243308896
720.00798,0.9999320053117436
720.068245,0.9999322112977579
720.12851,0.9999316863334848
720.188775,0.9999306734031996
720.24904,0.9999290045202983
720.309305,0.9999272976429444
720.36957,0.9999263597115792
720.429835,0.9999263597115792
720.4901,0.9999270916579424
720.550365,0.9999278606021715
720.61063,0.99992831056981
720.670895,0.9999285545523475
720.73116,0.9999287985349447
720.791425,0.9999293234977017
720.85169,0.9999300544463043
720.911955,0.9999312743617149
720.97222,0.999932980245924
721.032485,0.9999344441488788
721.09275,0.9999359070540407
721.153015,0.9999376139460908
721.21328,0.999940126792472
721.273545,0.9999432966076981
721.33381,0.9999459044632163
721.394075,0.9999468414129677
721.45434,0.9999463164410138
721.514605,0.9999450975071971
721.57487,0.9999436345885895
721.635135,0.9999421336743204
721.6954,0.9999404267745551
721.755665,0.9999387578753755
721.81593,0.9999380259204727
721.876195,0.9999381009158274
721.93646,0.9999387948731102
721.996725,0.9999387948731102
722.05699,0.9999383079030357
722.117255,0.9999381009158274
722.17752,0.9999385888857397
722.237785,0.9999387948731102
722.29805,0.9999380259204727
722.358315,0.9999363190277192
722.41858,0.9999346121378795
722.478845,0.9999339181834994
722.53911,0.9999341621674053
722.599375,0.9999349311170715
722.65964,0.9999359070540407
722.719905,0.9999360750432871
722.78017,0.9999348561219545
722.840435,0.9999328682534365
722.9007,0.9999301854371501
722.960965,0.9999275416252349
723.02123,0.9999260777323855
723.081495,0.9999256277657518
723.14176,0.9999258717476347
723.202025,0.9999261537267703
723.26229,0.9999271286552455
723.322555,0.9999283485670866
723.38282,0.9999302984292674
723.443085,0.9999322492951827
723.50335,0.9999337121971335
723.563615,0.9999338811859452
723.62388,0.9999326612673543
723.684145,0.9999316863334848
723.74441,0.9999317623282958
723.804675,0.9999329432484044
723.86494,0.9999331872320724
723.925205,0.9999324172838147
723.98547,0.9999311983669409
724.045735,0.9999304674175021
724.106,0.9999297734659985
724.166265,0.999928760537651
724.22653,0.9999275406253073
724.286795,0.9999268476757618
724.34706,0.9999268856729827
724.407325,0.9999275786225545
724.46759,0.9999283485670866
724.527855,0.9999298114633306
724.58812,0.999931556342374
724.648385,0.999933469213271
724.70865,0.9999344061513705
724.768915,0.9999341621674053
724.82918,0.9999344441488788
724.889445,0.9999359070540407
724.94971,0.9999376139460908
725.009975,0.9999380639181183
725.07024,0.9999367689991641
725.130505,0.9999340481749173
725.19077,0.9999311603695561
725.251035,0.9999284785577803
725.3113,0.9999263217143782
725.371565,0.9999246148416039
725.43183,0.9999233959342413
725.492095,0.9999218950503505
725.55236,0.9999199442046363
725.612625,0.9999177873796427
725.67289,0.9999166064774332
725.733155,0.9999166064774332
725.79342,0.9999168884539559
725.853685,0.999917338416657
725.91395,0.9999168504571149
725.974215,0.9999160805214364
726.03448,0.9999148996212427
726.094745,0.9999144116628907
726.15501,0.999914167683804
726.215275,0.9999141296870664
726.27554,0.9999131547712652
726.335805,0.9999114099243325
726.39607,0.9999089711433778
726.456335,0.9999067773455017
726.5166,0.9999051085024829
726.576865,0.9999039276152472
726.63713,0.9999029137131786
726.697395,0.9999016948322696
726.75766,0.9998999450058348
726.817925,0.9998979952028432
726.87819,0.9998958054286314
726.938455,0.9998936056602793
726.99872,0.9998919458382715
727.058985,0.9998912059185053
727.11925,0.9998907559675639
727.179515,0.9998904759981915
727.23978,0.9998897460784104
727.300045,0.999888776185827
727.36031,0.9998880762639287
727.420575,0.9998875563222642
727.48084,0.9998863364601897
727.541105,0.9998843466883599
727.60137,0.9998819069735305
727.661635,0.999879997200912
727.7219,0.9998790573141564
727.782165,0.9998785673735383
727.84243,0.9998780474368185
727.902695,0.9998770675568122
727.96296,0.9998763376468193
728.023225,0.9998753977635035
728.08349,0.9998741379212961
728.143755,0.9998726381112141
728.20402,0.999871218293076
728.264285,0.9998702784145725
728.32455,0.9998699984509338
728.384815,0.9998692685461014
728.44508,0.999867558771114
728.505345,0.9998658489990504
728.56561,0.9998646291634586
728.625875,0.9998636592952388
728.68614,0.9998624394623186
728.746405,0.9998609396697842
728.80667,0.999858779972487
728.866935,0.9998570802140058
728.9272,0.9998563403200402
728.987465,0.9998564203085506
729.04773,0.9998574001683227
729.107995,0.9998586099965088
729.16826,0.9998595898584267
729.228525,0.999860529726883
729.28879,0.9998602797617818
729.349055,0.9998592699034092
729.40932,0.9998583300361372
729.469585,0.999858580000751
729.52985,0.999859349892154
729.590115,0.9998597998289627
729.65038,0.9998589899428528
729.710645,0.999857070215435
729.77091,0.999855090500396
729.831175,0.999853420743789
729.89144,0.9998522409174487
729.951705,0.9998512210686831
730.01197,0.9998500012509375
730.072235,0.99984878143468
730.1325,0.9998478515757456
730.192765,0.9998473616504184
730.25303,0.9998473616504184
730.313295,0.9998478915696606
730.37356,0.9998491013863413
730.433825,0.999850321202989
730.49409,0.9998512610627327
730.554355,0.9998515010270642
730.61462,0.9998512610627327
730.674885,0.9998507711357348
730.73515,0.999850251213469
730.795415,0.9998495513185381
730.85568,0.99984878143468
730.915945,0.9998475316244844
730.97621,0.9998460618496932
731.036475,0.9998446420692934
731.09674,0.9998436622220243
731.157005,0.9998426923741423
731.21727,0.9998419624892433
731.277535,0.9998412626001145
731.3378,0.9998407426827931
731.398065,0.9998397628393454
731.45833,0.9998385830291213
731.518595,0.9998380931083357
731.57886,0.9998383430678902
731.639125,0.9998393529051267
731.69939,0.9998405727098812
731.759655,0.9998422824387224
731.81992,0.9998437422095204
731.880185,0.99984496201963
731.94045,0.9998461418373813
732.000715,0.9998466317621109
732.06098,0.9998463818004841
732.121245,0.9998456119190665
732.18151,0.9998441121517735
732.241775,0.999842202451343
732.30204,0.9998407426827931
732.362305,0.9998398028329367
732.42257,0.9998393129115534
732.482835,0.9998390329565849
732.5431,0.9998390729501471
732.603365,0.9998395928666002
732.66363,0.9998405727098812
732.723895,0.9998412626001145
732.78416,0.9998415525541227
732.844425,0.9998417525224532
732.90469,0.9998415125604614
732.964955,0.9998412626001145
733.02522,0.999841062631882
733.085485,0.999842032478183
733.14575,0.9998440221658075
733.206015,0.9998464617881979
733.26628,0.9998481315331833
733.326545,0.9998485814649437
733.38681,0.9998483315028296
733.447075,0.9998480915392588
733.50734,0.9998478515757456
733.567605,0.9998478515757456
733.62787,0.9998480915392588
733.688135,0.9998488214286321
733.7484,0.9998501212329448
733.808665,0.9998520709425822
733.86893,0.9998542606210152
733.929195,0.9998567002683876
733.98946,0.999859349892154
734.049725,0.9998610096600524
734.10999,0.9998609796642226
734.170255,0.9998595098696628
734.23052,0.9998578101099408
734.290785,0.9998571102097187
734.35105,0.9998573601740275
734.411315,0.9998573601740275
734.47158,0.999856870244041
734.531845,0.9998561403487921
734.59211,0.9998558903847883
734.652375,0.9998563803142946
734.71264,0.999856630278421
734.772905,0.999856630278421
734.83317,0.9998561403487921
734.893435,0.999855860389112
734.9537,0.9998554104540761
735.013965,0.9998554504482933
735.07423,0.9998564203085506
735.134495,0.9998584100248068
735.19476,0.9998608496823037
735.255025,0.9998627994128615
735.31529,0.9998644691851308
735.375555,0.9998661689561732
735.43582,0.999867878728784
735.496085,0.9998690985683402
735.55635,0.9998695085147546
735.616615,0.9998687786102798
735.67688,0.9998673188029287
735.737145,0.9998660989655439
735.79741,0.9998651590918526
735.857675,0.9998649191242431
735.91794,0.9998654390541363
735.978205,0.9998663789280907
736.03847,0.9998668688627365
736.098735,0.9998668688627365
736.159,0.999866658890716
736.219265,0.999867148825499
736.27953,0.9998681286957849
736.339795,0.999869058573577
736.40006,0.9998693085408729
736.460325,0.9998700784405369
736.52059,0.9998715782467794
736.580855,0.9998740179364067
736.64112,0.9998761676678563
736.701385,0.9998778374624505
736.76165,0.9998785673735383
736.821915,0.9998785273783964
736.88218,0.9998775574966953
736.942445,0.9998763376468193
737.00271,0.9998753577684885
737.062975,0.9998743878898618
737.12324,0.9998736979767722
737.183505,0.999873448008379
737.24377,0.9998739379464885
737.304035,0.9998749478196758
737.3643,0.9998762076629037
737.424565,0.999877387517525
737.48483,0.9998780774331604
737.545095,0.9998780774331604
737.60536,0.9998778374624505
737.665625,0.9998780774331604
737.72589,0.9998786073686818
737.786155,0.9998792972851589
737.84642,0.999879827221327
737.906685,0.9998805571338673
737.96695,0.9998812870469403
738.027215,0.999881776988891
738.08748,0.9998824669075551
738.147745,0.999882996845403
738.20801,0.9998834867881915
738.268275,0.9998836867649089
738.32854,0.9998836467695622
738.388805,0.9998834867881915
738.44907,0.9998839767312201
738.509335,0.9998846666514021
738.5696,0.9998849066237508
738.629865,0.9998846666514021
738.69013,0.9998844166802666
738.750395,0.9998846666514021
738.81066,0.9998851965904159
738.870925,0.9998861664795269
738.93119,0.9998873863413942
738.991455,0.9998881162594526
739.05172,0.999888326235979
739.111985,0.9998880762639287
739.17225,0.9998875563222642
739.232515,0.9998871063729652
739.29278,0.9998871063729652
739.353045,0.9998875863188914
739.41331,0.9998878762863335
739.473575,0.9998883662315129
739.53384,0.9998890961502866
739.594105,0.999889786074001
739.65437,0.9998903160157281
739.714635,0.9998910459359253
739.7749,0.9998920158307102
739.835165,0.9998929557296468
739.89543,0.9998934456773151
739.955695,0.9998934056815781
740.01596,0.9998931957039849
740.076225,0.9998929557296468
740.13649,0.9998929157339294
740.196755,0.9998924257865207
740.25702,0.9998914558913381
740.317285,0.999890236024506
740.37755,0.9998890161591621
740.437815,0.9998877962953066
740.49808,0.999886616428403
740.558345,0.9998858865114395
740.61861,0.9998856365399991
740.678875,0.9998858865114395
740.73914,0.9998858865114395
740.799405,0.999886126484081
740.85967,0.9998863764556439
740.919935,0.9998868963966949
740.9802,0.9998878362908192
741.040465,0.9998886062047496
741.10073,0.9998896160927518
741.160995,0.999891285909805
741.22126,0.9998934856730538
741.281525,0.9998956754421852
741.34179,0.999897135290937
741.402055,0.9998975852447491
741.46232,0.9998970952950524
741.522585,0.9998963253745855
741.58285,0.9998953554756203
741.643115,0.9998948655270161
741.70338,0.9998946655480629
741.763645,0.9998944155744278
741.82391,0.9998939256262842
741.884175,0.999893155708258
741.94444,0.9998919758350303
742.004705,0.9998912459141543
742.06497,0.9998910059402841
742.125235,0.9998905159938113
742.1855,0.9998892561325549
742.245765,0.999887266354915
742.30603,0.9998851165996033
742.366295,0.9998839367358618
742.42656,0.9998839767312201
742.486825,0.9998846666514021
742.54709,0.9998851965904159
742.607355,0.9998856365399991
742.66762,0.9998851565950088
742.727885,0.9998843766848908
742.78815,0.9998836867649089
742.848415,0.9998837267602572
742.90868,0.9998847066467895
742.968945,0.9998864164510998
743.02921,0.9998881562549781
743.089475,0.9998903560113416
743.14974,0.999892545773619
743.210005,0.9998950255102074
743.27027,0.9998977052324666
743.330535,0.9999003489654942
743.3908,0.9999027877254194
743.451065,0.9999049825144473
743.51133,0.9999071763083854
743.571595,0.9999096150849626
743.63186,0.9999118088890647
743.692125,0.9999137197223573
743.75239,0.9999154265765337
743.812655,0.9999166464740982
743.87292,0.9999173774134339
743.933185,0.9999178253765193
743.99345,0.9999175423998148
744.053715,0.9999170544401732
744.11398,0.9999166064774332
744.174245,0.9999168904537897
744.23451,0.9999178653732331
744.294775,0.9999193282541403
744.35504,0.9999207911371877
744.415305,0.9999217270634861
744.47557,0.9999222540223752
744.535835,0.9999227019876453
744.5961,0.9999234339313311
744.656365,0.9999242048725958
744.71663,0.9999249368173817
744.776895,0.9999253847838537
744.83716,0.9999254237809445
744.897425,0.9999258717476347
744.95769,0.9999266036936407
745.017955,0.9999273346402552
745.07822,0.9999281065844555
745.138485,0.9999288375321685
745.19875,0.9999298134631902
745.259015,0.99993050441493
745.31928,0.9999309923811353
745.379545,0.9999314803475786
745.43981,0.9999322512950471
745.500075,0.9999334712131379
745.56034,0.9999349341168764
745.620605,0.9999359090539125
745.68087,0.999936884991836
745.741135,0.9999381439131666
745.8014,0.9999398108114419
745.861665,0.9999415177101558
745.92193,0.9999429806256663
745.982195,0.9999441995569026
746.04246,0.9999454184896248
746.102725,0.9999463544389746
746.16299,0.9999465984259148
746.223255,0.9999461104520938
746.28352,0.9999458264674388
746.343785,0.9999456624763368
746.40405,0.9999463944368295
746.464315,0.9999473693850394
746.52458,0.9999485883216256
746.584845,0.9999498082596475
746.64511,0.9999513111853389
746.705375,0.9999532220941204
746.76564,0.9999549290157274
746.825905,0.9999561479615288
746.88617,0.9999565959419834
746.946435,0.9999565959419834
747.0067,0.9999570829209642
747.066965,0.9999578548881302
747.12723,0.999959317827542
747.187495,0.9999605367786935
747.24776,0.9999614727421938
747.308025,0.9999614727421938
747.36829,0.9999614727421938
747.428555,0.9999609847611143
747.48882,0.9999604967802728
747.549085,0.9999600087996694
747.60935,0.9999597248110672
747.669615,0.9999594818208836
747.72988,0.9999592778291702
747.790145,0.9999595218192636
747.85041,0.9999605367786935
747.910675,0.9999625277021041
747.97094,0.9999647226222613
748.031205,0.9999666335566721
748.09147,0.9999675685259116
748.151735,0.9999675685259116
748.212,0.9999675685259116
748.272265,0.9999673245338546
748.33253,0.9999670405431749
748.392795,0.9999660655757856
748.45306,0.9999650896093819
748.513325,0.9999643986337436
748.57359,0.9999639106512362
748.633855,0.9999634226689669
748.69412,0.9999626916959721
748.754385,0.9999619597235496
748.81465,0.9999616757343934
748.874915,0.9999611877532147
748.93518,0.9999602527899413
748.995445,0.9999595218192636
749.05571,0.9999595218192636
749.115975,0.9999600497980305
749.17624,0.9999607407706638
749.236505,0.9999612287516243
749.29677,0.9999617567312924
749.357035,0.9999632196764127
749.4173,0.9999647226222613
749.477565,0.9999659015813643
749.53783,0.9999663495661886
749.598095,0.999966105574429
749.65836,0.999965861582729
749.718625,0.9999656175910886
749.77889,0.9999656175910886
749.839155,0.9999656575897141
749.89942,0.999965861582729
749.959685,0.9999656175910886
750.01995,0.9999651296079862
750.080215,0.9999646016265372
750.14048,0.9999643986337436
750.200745,0.9999651706065574
750.26101,0.9999666735553383
750.321275,0.9999683405011726
750.38154,0.9999690314795345
750.441805,0.9999687874871206
750.50207,0.9999687874871206
750.562335,0.9999693154707798
750.6226,0.999970291441308
750.682865,0.9999712664128174
750.74313,0.9999714694070051
750.803395,0.9999709414222087
750.86366,0.9999697624571637
750.923925,0.99996874748837
750.98419,0.9999680155115147
751.044455,0.9999673245338546
751.10472,0.9999668365499194
751.164985,0.999966592558041
751.22525,0.999966592558041
751.285515,0.999966592558041
751.34578,0.9999670805418572
751.406045,0.9999680965089272
751.46631,0.9999695594633226
751.526575,0.9999707384281281
751.58684,0.9999714694070051
751.647105,0.9999714694070051
751.70737,0.9999707384281281
751.767635,0.9999699664510161
751.8279,0.9999695194645409
751.888165,0.9999697624571637
751.94843,0.999970291441308
752.008695,0.9999707784269585
752.06896,0.9999709414222087
752.129225,0.9999702104437176
752.18949,0.9999692344732686
752.249755,0.9999680155115147
752.31002,0.9999672835351953
752.370285,0.9999670405431749
752.43055,0.9999668365499194
752.490815,0.9999668365499194
752.55108,0.9999668365499194
752.611345,0.9999673245338546
752.67161,0.9999683814998753
752.731875,0.9999700474485866
752.79214,0.9999712664128174
752.852405,0.9999719573932012
752.91267,0.9999722013863886
752.972935,0.9999721603875292
753.0332,0.9999717134000734
753.093465,0.9999712264139675
753.15373,0.9999709824210181
753.213995,0.9999704944352977
753.27426,0.9999702104437176
753.334525,0.9999697624571637
753.39479,0.9999695194645409
753.455055,0.9999692344732686
753.51532,0.9999685434947663
753.575585,0.9999677715193487
753.63585,0.9999670395432078
753.696115,0.9999671215405084
753.75638,0.9999686254921901
753.816645,0.9999705354340889
753.87691,0.9999717134000734
753.937175,0.9999717134000734
753.99744,0.9999717134000734
754.057705,0.9999717134000734
754.11797,0.9999717134000734
754.178235,0.9999714694070051
754.2385,0.9999709414222087
754.298765,0.9999699664510161
754.35903,0.9999687064896521
754.419295,0.9999672835351953
754.47956,0.999966592558041
754.539825,0.999966592558041
754.60009,0.999966592558041
754.660355,0.9999663085675691
754.72062,0.9999653735995077
754.780885,0.9999646426250867
754.84115,0.9999646426250867
754.901415,0.9999654145980889
754.96168,0.9999668775485605
755.021945,0.9999680565102042
755.08221,0.9999690724782656
755.142475,0.9999698034559248
755.20274,0.9999707384281281
755.263005,0.9999709824210181
755.32327,0.9999709824210181
755.383535,0.9999706974293288
755.4438,0.9999699654510461
755.504065,0.9999687054896834
755.56433,0.9999672425365375
755.624595,0.9999660645758195
755.68486,0.9999655765924991
755.745125,0.9999651296079862
755.80539,0.9999648456179298
755.865655,0.9999641136439307
755.92592,0.9999634226689669
755.986185,0.9999631386793951
756.04645,0.9999629356868986
756.106715,0.9999629356868986
756.16698,0.9999632196764127
756.227245,0.9999636666600717
756.28751,0.9999641956409914
756.347775,0.9999651706065574
756.40804,0.9999664315634326
756.468305,0.9999678535167092
756.52857,0.9999685844934774
756.588835,0.9999682585037719
756.6491,0.9999667955512799
756.709365,0.9999653326009281
756.76963,0.9999639106512362
756.829895,0.9999631786779215
756.89016,0.9999629356868986
756.950425,0.9999629356868986
757.01069,0.9999629356868986
757.070955,0.9999626506975026
757.13122,0.9999622037142976
757.191485,0.9999622447127487
757.25175,0.9999632206763759
757.312015,0.9999644396322849
757.37228,0.9999648856165244
757.432545,0.9999643576352042
757.49281,0.9999636256615623
757.553075,0.9999636666600717
757.61334,0.9999646836236379
757.673605,0.9999661465730402
757.73387,0.9999670805418572
757.794135,0.9999668365499194
757.8544,0.9999658205841295
757.914665,0.9999643576352042
757.97493,0.9999626506975026
758.035195,0.9999616747344318
758.09546,0.999961513740615
758.155725,0.9999622447127487
758.21599,0.9999631786779215
758.276255,0.9999634226689669
758.33652,0.9999634226689669
758.396785,0.9999634226689669
758.45705,0.9999639106512362
758.517315,0.9999646836236379
758.57758,0.9999656175910886
758.637845,0.9999663495661886
758.69811,0.999966592558041
758.758375,0.9999668365499194
758.81864,0.9999670805418572
758.878905,0.9999673245338546
758.93917,0.9999678125180281
758.999435,0.9999683415011409
759.0597,0.9999687874871206
759.119965,0.9999687874871206
759.18023,0.9999680565102042
759.240495,0.9999672835351953
759.30076,0.9999665515594116
759.361025,0.9999663495661886
759.42129,0.9999671215405084
759.481555,0.9999685844934774
759.54182,0.9999703334400611
759.602085,0.9999720403908772
759.66235,0.9999732183586345
759.722615,0.9999737053457105
759.78288,0.9999741523340566
759.843145,0.9999741933329978
759.90341,0.9999743543288558
759.963675,0.9999741103351432
760.02394,0.9999738673414639
760.084205,0.9999736643467894
760.14447,0.9999733793543357
760.204735,0.999972933366308
760.265,0.9999724453796355
760.325265,0.9999724033807937
760.38553,0.9999722013863886
760.445795,0.9999719573932012
760.50606,0.9999714694070051
760.566325,0.999970696429358
760.62659,0.9999697214584043
760.686855,0.9999690314795345
760.74712,0.9999693164707492
760.807385,0.9999708214257029
760.86765,0.9999730153640919
760.927915,0.9999754253019628
760.98818,0.9999770672629592
761.048445,0.9999777652471957
761.10871,0.9999775742514608
761.168975,0.9999769842648661
761.22924,0.9999764562771578
761.289505,0.9999760132876858
761.34977,0.9999755732983368
761.410035,0.9999746393215875
761.4703,0.99997362334787
761.530565,0.9999724033807937
761.59083,0.999971184415177
761.651095,0.999970696429358
761.71136,0.9999702504425269
761.771625,0.9999697214584043
761.83189,0.9999687464884012
761.892155,0.9999678125180281
761.95242,0.9999675685259116
762.012685,0.9999680565102042
762.07295,0.9999687874871206
762.133215,0.9999695194645409
762.19348,0.9999700484485566
762.253745,0.9999707384281281
762.31401,0.9999710234198292
762.374275,0.9999712264139675
762.43454,0.9999709824210181
762.494805,0.9999707384281281
762.55507,0.9999709824210181
762.615335,0.9999712264139675
762.6756,0.999971184415177
762.735865,0.9999712264139675
762.79613,0.9999717134000734
762.856395,0.9999724863785067
762.91666,0.9999731763597602
762.976925,0.9999734623521296
763.03719,0.9999739083403932
763.097455,0.9999746813205231
763.15772,0.9999758722910779
763.217985,0.999976810268886
763.27825,0.9999773592563055
763.338515,0.9999776762491787
763.39878,0.9999779932421522
763.459045,0.9999783062353131
763.51931,0.9999784192328681
763.579575,0.9999783422345327
763.63984,0.9999783012354216
763.700105,0.9999782932355952
763.76037,0.9999778292457748
763.820635,0.9999766092735674
763.8809,0.999975085310376
763.941165,0.9999741523340566
764.00143,0.9999741523340566
764.061695,0.9999746393215875
764.12196,0.9999753713032913
764.182225,0.9999762382823141
764.24249,0.9999774412544523
764.302755,0.9999787052267369
764.36302,0.9999797902042207
764.423285,0.9999804841904358
764.48355,0.9999806871864948
764.543815,0.9999806671868813
764.60408,0.999980952181412
764.664345,0.9999817491665485
764.72461,0.9999829281457258
764.784875,0.9999842971232915
764.84514,0.9999857361017304
764.905405,0.9999870360840323
764.96567,0.9999876370764216
765.025935,0.9999873030806066
765.0862,0.9999866850886442
765.146465,0.9999860020979715
765.20673,0.999985295108118
765.266995,0.9999847271166317
765.32726,0.9999848001155194
765.387525,0.9999856551028891
765.44779,0.9999871390827023
765.508055,0.9999889100614938
765.56832,0.9999903812462605
765.628585,0.9999911608390656
765.68885,0.9999911315393251
765.749115,0.9999905420447267
765.80938,0.9999898590514198
765.869645,0.9999891440589261
765.92991,0.99998826206889
765.990175,0.999987262081128
766.05044,0.9999862620943659
766.110705,0.9999851811098008
766.17097,0.9999839081294756
766.231235,0.9999825431523726
766.2915,0.999981467171735
766.351765,0.999980951181431
766.41203,0.9999808821827478
766.472295,0.9999808821827478
766.53256,0.9999810081803469
766.592825,0.9999811591774905
766.65309,0.9999817491665485
766.713355,0.9999829771448905
766.77362,0.999984444120994
766.833885,0.9999858830996444
766.89415,0.9999872600811535
766.954415,0.9999879580725046
767.01468,0.999987762074884
767.074945,0.9999868920859094
767.13521,0.9999858031007769
767.195475,0.9999851861097268
767.25574,0.9999851011109896
767.316005,0.9999850441118404
767.37627,0.9999845591192116
767.436535,0.99998378713143
767.4968,0.9999832061410184
767.557065,0.9999829831447883
767.61733,0.9999832071410016
767.677595,0.9999832721399122
767.73786,0.9999832721399122
767.798125,0.9999832721399122
767.85839,0.9999832721399122
767.918655,0.9999832071410016
767.97892,0.9999836631334481
768.039185,0.9999846311181024
768.09945,0.9999861110964517
768.159715,0.9999878380739569
768.21998,0.9999889420611394
768.280245,0.9999887530632473
768.34051,0.9999875130779623
768.400775,0.9999860580971892
768.46104,0.9999850221121697
768.521305,0.9999843771220385
768.58157,0.999983913129395
768.641835,0.9999833771381613
768.7021,0.9999829181458966
768.762365,0.9999825281526346
768.82263,0.9999821371595424
768.882895,0.9999817231670234
768.94316,0.9999814341723471
769.003425,0.9999813981730161
769.06369,0.9999816221688744
769.123955,0.9999817601663478
769.18422,0.9999816301687274
769.244485,0.9999815931694078
769.30475,0.9999818421648555
769.365015,0.9999820811605443
769.42528,0.9999818611645107
769.485545,0.9999810921787551
769.54581,0.9999800111997788
769.606075,0.9999787382260347
769.66634,0.9999773202571892
769.726605,0.9999759102901618
769.78687,0.999974841316485
769.847135,0.9999743963277796
769.9074,0.9999746823204979
769.967665,0.9999754133022578
770.02793,0.9999764292777938
770.088195,0.9999774332546328
770.14846,0.9999785882292352
770.208725,0.9999800101997988
770.26899,0.9999815581700526
770.329255,0.9999826191510487
770.38952,0.9999833951378623
770.449785,0.9999841021263726
770.51005,0.9999845971186256
770.570315,0.9999847061169527
770.63058,0.9999845361195671
770.690845,0.9999844671206364
770.75111,0.9999845441194434
770.811375,0.9999844541208385
770.87164,0.9999839051295238
770.931905,0.9999829781448735
770.99217,0.9999822021583835
771.052435,0.9999815721697946
771.1127,0.999981215176437
771.172965,0.9999811751771892
771.23323,0.9999811751771892
771.293495,0.9999816681680301
771.35376,0.999982875146632
771.414025,0.9999837771315921
771.47429,0.9999840031279513
771.534555,0.9999840851266429
771.59482,0.999984464120683
771.655085,0.9999850451118255
771.71535,0.9999853981066087
771.775615,0.9999853321075746
771.83588,0.9999848891141706
771.896145,0.9999841691253096
771.95641,0.999983209140968
772.016675,0.9999820871604368
772.07694,0.9999810431796828
772.137205,0.9999800481990399
772.19747,0.9999793292136436
772.257735,0.9999790042204144
772.318,0.9999790042204144
772.378265,0.9999790172201416
772.43853,0.9999795422092634
772.498795,0.9999804571909632
772.55906,0.9999816031692238
772.619325,0.9999826681501982
772.67959,0.9999833821380782
772.739855,0.9999837151325999
772.80012,0.999983861130233
772.860385,0.9999840321274879
772.92065,0.9999842801235586
772.980915,0.9999845001201244
773.04118,0.9999846421179335
773.101445,0.9999846581176879
773.16171,0.9999844011216638
773.221975,0.9999838071311059
773.28224,0.9999830271440405
773.342505,0.9999825401524249
773.40277,0.9999828301474036
773.463035,0.9999834151375303
773.5233,0.9999839431289129
773.583565,0.9999841831250881
773.64383,0.9999845371195516
773.704095,0.9999852241091646
773.76436,0.9999860080978876
773.824625,0.9999867560877014
773.88489,0.999987308080543
773.945155,0.9999875350776878
774.00542,0.9999871760822271
774.065685,0.9999863350933657
774.12595,0.9999853391074719
774.186215,0.9999846931171515
774.24648,0.9999843081231188
774.306745,0.9999837301323558
774.36701,0.9999825911515358
774.427275,0.999981283175162
774.48754,0.9999803201936499
774.547805,0.9999798212035946
774.60807,0.9999793732127351
774.668335,0.9999786092287858
774.7286,0.9999778412455088
774.788865,0.9999776192504527
774.84913,0.9999779532430333
774.909395,0.999978591229171
774.96966,0.9999795062100005
775.029925,0.9999809711810502
775.09019,0.999982901146187
775.150455,0.9999846071184716
775.21072,0.9999853201077507
775.270985,0.9999851081108853
775.33125,0.9999846001185794
775.391515,0.9999842391242039
775.45178,0.9999838641301846
775.512045,0.9999831691416405
775.57231,0.9999823731553547
775.632575,0.9999821061600966
775.69284,0.99998254215239
775.753105,0.9999831961411865
775.81337,0.9999834961361903
775.873635,0.9999834911362728
775.9339,0.9999835731349225
775.994165,0.9999836861330725
776.05443,0.9999834501369504
776.114695,0.999982860146889
776.17496,0.9999824381542111
776.235225,0.9999824761535444
776.29549,0.9999825321525646
776.355755,0.9999820231615852
776.41602,0.999980908182251
776.476285,0.9999797262055161
776.53655,0.9999790162201626
776.596815,0.9999788092245276
776.65708,0.9999786792272909
776.717345,0.9999784112330408
776.77761,0.9999782532364643
776.837875,0.9999785102309084
776.89814,0.9999789892207295
776.958405,0.9999792042162353
777.01867,0.9999793062141193
777.078935,0.9999796362073449
777.1392,0.9999803271935122
777.199465,0.9999813551738169
777.25973,0.9999823601555838
777.319995,0.9999834611367685
777.38026,0.99998473311654
777.440525,0.9999861770955373
777.50079,0.9999875330777127
777.561055,0.9999884390668281
777.62132,0.9999887100637318
777.681585,0.9999885300657801
777.74185,0.9999881070707215
777.802115,0.9999873540799603
777.86238,0.9999860730969802
777.922645,0.9999846391179795
777.98291,0.999983616134217
778.043175,0.9999831901412872
778.10344,0.9999830481436843
778.163705,0.999982791148074
778.22397,0.9999823811552137
778.284235,0.9999821991584369
778.3445,0.9999822811569805
778.404765,0.9999824761535444
778.46503,0.999982618151066
778.525295,0.9999827971479708
778.58556,0.9999831101426353
778.645825,0.9999832681399792
778.70609,0.9999828761466149
778.766355,0.9999818921639488
778.82662,0.999980881182767
778.886885,0.9999803411932369
778.94715,0.99998040319202
779.007415,0.9999806761867073
779.06768,0.9999808861826713
779.127945,0.9999810571794175
779.18821,0.9999814111727744
779.248475,0.9999819811623412
779.30874,0.9999828231475238
779.369005,0.9999839491288166
779.42927,0.9999851681099936
779.489535,0.9999862770941599
779.5498,0.9999868320866977
779.610065,0.9999866240894583
779.67033,0.9999862870940227
779.730595,0.9999863860926701
779.79086,0.9999869800847598
779.851125,0.9999877320752516
779.91139,0.9999882880685852
779.971655,0.9999885150659523
780.03192,0.9999883510678493
780.092185,0.9999878060743466
780.15245,0.9999871230829082
780.212715,0.9999865260907739
780.27298,0.9999862670942972
780.333245,0.9999860920967157
780.39351,0.9999858521000825
780.453775,0.9999857831010611
780.51404,0.9999857921009332
780.574305,0.9999863020938172
780.63457,0.99998717508224
780.694835,0.9999877190754112
780.7551,0.9999879340727938
780.815365,0.9999880030719637
780.87563,0.999987843073896
780.935895,0.9999873760796824
780.99616,0.9999869450852161
781.056425,0.9999868560863819
781.11669,0.9999869010857916
781.176955,0.9999865910899003
781.23722,0.9999857441016163
781.297485,0.9999845981186102
781.35775,0.9999834281373148
781.418015,0.9999822241579922
781.47828,0.9999809121821747
781.538545,0.9999799292014212
781.59881,0.9999794192117873
781.659075,0.9999799212015817
781.71934,0.9999810921787551
781.779605,0.9999820791605801
781.83987,0.999982626150927
781.900135,0.9999830451437351
781.9604,0.9999835821347747
782.020665,0.9999839591286561
782.08093,0.9999839751283996
782.141195,0.9999839301291218
782.20146,0.9999839791283356
782.261725,0.9999839221292504
782.32199,0.999983523135745
782.382255,0.9999829091460503
782.44252,0.9999823231562373
782.502785,0.9999817961656918
782.56305,0.9999814591718833
782.623315,0.9999812841751432
782.68358,0.9999811501776601
782.743845,0.9999812321761178
782.80411,0.9999816071691502
782.864375,0.9999821191598641
782.92464,0.999982529152617
782.984905,0.9999827441488839
783.04517,0.9999830941429056
783.105435,0.9999837131326325
783.1657,0.9999844681206209
783.225965,0.9999851471103053
783.28623,0.9999857081021302
783.346495,0.9999861910953438
783.40676,0.9999865480904777
783.467025,0.9999867630876087
783.52729,0.9999867460878339
783.587555,0.9999862160949989
783.64782,0.9999850971110491
783.708085,0.9999835361355309
783.76835,0.999982286156892
783.828615,0.9999815521701633
783.88888,0.9999813741734629
783.949145,0.9999815251706617
784.00941,0.9999817111672428
784.069675,0.999981605169187
784.12994,0.9999812591756114
784.190205,0.9999809221819839
784.25047,0.9999808091841461
784.310735,0.9999808581832069
784.371,0.9999808581832069
784.431265,0.99998065018721
784.49153,0.9999800711985812
784.551795,0.9999791932164641
784.61206,0.9999783202350095
784.672325,0.9999776902488662
784.73259,0.9999772072597585
784.792855,0.9999767482703257
784.85312,0.9999763332800612
784.913385,0.999976021287494
784.97365,0.9999759892882617
785.033915,0.9999765192756765
785.09418,0.9999772992576658
785.154445,0.9999780552407898
785.21471,0.9999787822251002
785.274975,0.9999793192138504
785.33524,0.9999800101997988
785.395505,0.9999810231800621
785.45577,0.9999821941585259
785.516035,0.9999832541402135
785.5763,0.9999838411305559
785.636565,0.9999838971296526
785.69683,0.9999836581335297
785.757095,0.9999834631367355
785.81736,0.9999832831397283
785.877625,0.9999827781482978
785.93789,0.9999817071673159
785.998155,0.9999800801984019
786.05842,0.9999780852401319
786.118685,0.9999763092806295
786.17895,0.9999748393165353
786.239215,0.9999736203479491
786.29948,0.999972933366308
786.359745,0.9999726453741447
786.42001,0.9999724013808489
786.480275,0.9999724893784241
786.54054,0.9999734643520766
786.600805,0.999974927314325
786.66107,0.9999767252708607
786.721335,0.999978292235617
786.7816,0.9999792412154666
786.841865,0.9999794102119726
786.90213,0.9999790072203515
786.962395,0.9999783482344029
787.02266,0.9999777922465958
787.082925,0.9999774842534832
787.14319,0.9999774152550391
787.203455,0.9999772602585518
787.26372,0.999976735270628
787.323985,0.9999760562866553
787.38425,0.9999756592962398
787.444515,0.9999756152973117
787.50478,0.9999753713032913
787.565045,0.9999748833154292
787.62531,0.9999743523289072
787.685575,0.9999738643415422
787.74584,0.9999734203532451
787.806105,0.9999734203532451
787.86637,0.9999737083456316
787.926635,0.9999744403266541
787.9869,0.9999751713082371
788.047165,0.9999756392967267
788.10743,0.999975327304376
788.167695,0.9999743963277796
788.22796,0.9999736203479491
788.288225,0.999972888367527
788.34849,0.9999724453796355
788.408755,0.9999724013808489
788.46902,0.9999721573876127
788.529285,0.9999717134000734
788.58955,0.9999717134000734
788.649815,0.9999717573988298
788.71008,0.9999722453851665
788.770345,0.9999724893784241
788.83061,0.9999724453796355
788.890875,0.9999721573876127
788.95114,0.9999719133944361
789.011405,0.9999717134000734
789.07167,0.9999717134000734
789.131935,0.9999717134000734
789.1922,0.9999717134000734
789.252465,0.9999714254082614
789.31273,0.9999706944294167
789.372995,0.9999692314733608
789.43326,0.9999675245273396
789.493525,0.9999660615759214
789.55379,0.9999648416180704
789.614055,0.999963578663273
789.67432,0.9999619157252244
789.734585,0.9999604527820118
789.79485,0.9999597658094168
789.855115,0.9999602527899413
789.91538,0.9999612727499193
789.975645,0.9999622037142976
790.03591,0.9999626916959721
790.096175,0.9999629356868986
790.15644,0.9999629356868986
790.216705,0.9999631786779215
790.27697,0.9999634226689669
790.337235,0.9999639106512362
790.3975,0.9999643986337436
790.457765,0.9999641546424601
790.51803,0.9999634226689669
790.578295,0.9999621597159616
790.63856,0.9999604527820118
790.698825,0.9999592338309629
790.75909,0.9999580138814418
790.819355,0.9999567949333658
790.87962,0.9999550880085737
790.939885,0.999953093100163
791.00015,0.9999514301795519
791.060415,0.9999502112395015
791.12068,0.9999492802862882
791.180945,0.9999485483236829
791.24121,0.9999480163511967
791.301475,0.9999475293766313
791.36174,0.9999467974153077
791.422005,0.9999455784809046
791.48227,0.9999443145504922
791.542535,0.9999431396166129
791.6028,0.999942452655912
791.663065,0.9999419646841141
791.72333,0.9999411887294506
791.783595,0.9999396818192147
791.84386,0.9999377309387985
791.904125,0.9999357800621885
791.96439,0.9999341181703031
792.024655,0.9999326552677583
792.08492,0.999931435350663
792.145185,0.9999302164349863
792.20545,0.9999292415035005
792.265715,0.999928265573037
792.32598,0.9999272906434534
792.386245,0.9999263157148203
792.44651,0.9999258277508973
792.506775,0.9999256277657518
792.56704,0.9999256277657518
792.627305,0.9999251408020896
792.68757,0.9999241208789661
792.747835,0.9999231449535004
792.8081,0.9999224140099486
792.868365,0.9999219260479296
792.92863,0.9999212391018024
792.988895,0.9999204631632219
793.04916,0.9999192442609203
793.109425,0.999917781380136
793.16969,0.9999166064774332
793.229955,0.99991607452194
793.29022,0.9999158745387451
793.350485,0.9999161185182482
793.41075,0.9999161185182482
793.471015,0.9999161185182482
793.53128,0.9999161185182482
793.591545,0.9999158745387451
793.65181,0.9999158745387451
793.712075,0.9999155865630147
793.77234,0.9999153425836413
793.832605,0.9999148996212427
793.89287,0.9999141236875816
793.953135,0.9999131477718731
794.0134,0.9999121728570294
794.073665,0.9999117298960349
794.13393,0.9999117298960349
794.194195,0.9999114409215867
794.25446,0.9999107099865906
794.314725,0.9999097340742139
794.37499,0.9999087591626984
794.435255,0.9999077842521334
794.49552,0.9999070973157217
794.555785,0.9999066093611773
794.61605,0.9999068533384197
794.676315,0.9999073412930832
794.73658,0.999907828248077
794.796845,0.999907828248077
794.85711,0.9999075842705967
794.917375,0.9999075842705967
794.97764,0.9999075842705967
795.037905,0.9999073412930832
795.09817,0.9999070973157217
795.158435,0.9999070973157217
795.2187,0.9999068533384197
795.278965,0.9999065643653808
795.33923,0.999906121406871
795.399495,0.9999058784297129
795.45976,0.999906121406871
795.520025,0.9999066093611773
795.58029,0.9999068983342291
795.640555,0.9999070973157217
795.70082,0.9999073412930832
795.761085,0.9999073412930832
795.82135,0.999907629266439
795.881615,0.9999081172214811
795.94188,0.9999088491544907
796.002145,0.9999095800881267
796.06241,0.9999103120222071
796.122675,0.9999105110043791
796.18294,0.9999102670262442
796.243205,0.9999097340742139
796.30347,0.9999092911142998
796.363735,0.9999090031404654
796.424,0.9999085601808752
796.484265,0.9999080722256168
796.54453,0.9999072962972538
796.604795,0.9999065643653808
796.66506,0.999906121406871
796.725325,0.9999061664026474
796.78559,0.9999066543569757
796.845855,0.9999073862889145
796.90612,0.9999083611990914
796.966385,0.9999092911142998
797.02665,0.9999100230481688
797.086915,0.9999105110043791
797.14718,0.9999107989786477
797.207445,0.9999114859176026
797.26771,0.9999122178530782
797.327975,0.9999129487891766
797.38824,0.9999134367468147
797.448505,0.999913680725723
797.50877,0.9999134367468147
797.569035,0.9999131927679659
797.6293,0.9999129487891766
797.689565,0.9999129487891766
797.74983,0.9999132377640605
797.810095,0.9999139697008185
797.87036,0.9999147006381974
797.930625,0.9999156765554216
797.99089,0.9999168504571149
798.051155,0.9999178703728225
798.11142,0.9999193332537369
798.171685,0.9999207961367916
798.23195,0.999922016040907
798.292215,0.9999227469841679
798.35248,0.9999234789278866
798.412745,0.9999244088571544
798.47301,0.9999254747771424
798.533275,0.9999271366546625
798.59354,0.9999285995491335
798.653805,0.9999300624457448
798.71407,0.9999310373780309
798.774335,0.9999317243308896
798.8346,0.9999322112977579
798.894865,0.9999324552812472
798.95513,0.9999326992647961
799.015395,0.9999331872320724
799.07566,0.9999339641804608
799.135925,0.999935183100706
799.19619,0.9999368899915204
799.256455,0.9999388408702958
799.31672,0.9999408367502141
799.376985,0.9999430306228166
799.43725,0.9999449815135725
799.497515,0.9999469324081345
799.55778,0.9999488833065027
799.618045,0.9999507882109399
799.67831,0.9999519621538543
799.738575,0.9999524501305309
799.79884,0.9999524951283921
799.859105,0.9999529381074456
799.91937,0.9999534710825037
799.979635,0.9999542020487582
800.0399,0.999954934015502
800.100165,0.999955619984822
800.16043,0.9999561079632836
800.220695,0.9999565959419834
800.28096,0.9999570829209642
800.341225,0.9999578598879195
800.40149,0.9999591248354123
800.461755,0.9999605417784961
800.52202,0.9999612737498805
800.582285,0.9999617157328613
800.64255,0.9999622037142976
800.702815,0.9999627366942943
800.76308,0.9999634226689669
800.823345,0.9999637126584016
800.88361,0.9999639106512362
800.943875,0.9999639106512362
801.00414,0.9999636666600717
801.064405,0.9999633776706138
801.12467,0.9999629356868986
801.184935,0.9999629356868986
801.2452,0.9999631786779215
801.305465,0.9999639106512362
801.36573,0.9999643986337436
801.425995,0.9999646426250867
801.48626,0.9999649316149102
801.546525,0.9999656175910886
801.60679,0.9999663495661886
801.667055,0.999967126540344
801.72732,0.9999681015087677
801.787585,0.9999693204706264
801.84785,0.9999702964411594
801.908115,0.9999712714126737
801.96838,0.9999719573932012
802.028645,0.9999722463851387
802.08891,0.999972734371714
802.149175,0.9999734203532451
802.20944,0.9999734203532451
802.269705,0.9999731763597602
802.32997,0.9999726433741993
802.390235,0.9999719573932012
802.4505,0.9999717134000734
802.510765,0.9999717134000734
802.57103,0.9999719573932012
802.631295,0.9999724453796355
802.69156,0.9999729783650909
802.751825,0.999973710345579
802.81209,0.9999744413266285
802.872355,0.9999751273093305
802.93262,0.9999756382967511
802.992885,0.9999762472821002
803.05315,0.9999767792696054
803.113415,0.9999771602608308
803.17368,0.9999773022575976
803.233945,0.9999773462566
803.29421,0.9999773172572572
803.354475,0.9999771372613564
803.41474,0.9999766612723523
803.475005,0.9999758512915847
803.53527,0.9999748383165604
803.595535,0.9999741063352467
803.6558,0.9999733753544422
803.716065,0.999972933366308
803.77633,0.999972933366308
803.836595,0.9999734203532451
803.89686,0.9999741973328945
803.957125,0.9999754173021594
804.01739,0.999976301280819
804.077655,0.9999769302661105
804.13792,0.99997743825452
804.198185,0.9999778432454645
804.25845,0.9999780092418002
804.318715,0.9999780052418883
804.37898,0.9999779512430774
804.439245,0.9999778782446896
804.49951,0.999977678249134
804.559775,0.9999774062552425
804.62004,0.9999771182617909
804.680305,0.9999769472657184
804.74057,0.9999767522702326
804.800835,0.9999763192803927
804.8611,0.9999755692984345
804.921365,0.9999745943227297
804.98163,0.9999739083403932
805.041895,0.9999734203532451
805.10216,0.999972933366308
805.162425,0.9999726893729419
805.22269,0.9999724453796355
805.282955,0.9999722013863886
805.34322,0.9999721553876684
805.403485,0.9999719113944923
805.46375,0.9999717134000734
805.524015,0.9999714694070051
805.58428,0.9999712264139675
805.644545,0.9999706924294752
805.70481,0.9999699614511662
805.765075,0.9999692294734224
805.82534,0.9999685434947663
805.885605,0.9999682995024713
805.94587,0.9999682995024713
806.006135,0.9999682995024713
806.0664,0.9999685434947663
806.126665,0.9999687874871206
806.18693,0.9999690314795345
806.247195,0.999969275472008
806.30746,0.9999695194645409
806.367725,0.9999698084557739
806.42799,0.9999700524484368
806.488255,0.9999702504425269
806.54852,0.9999704944352977
806.608785,0.9999707384281281
806.66905,0.9999709824210181
806.729315,0.9999712264139675
806.78958,0.9999709824210181
806.849845,0.9999704484366561
806.91011,0.9999697624571637
806.970375,0.9999692294734224
807.03064,0.9999685434947663
807.090905,0.9999682995024713
807.15117,0.9999682995024713
807.211435,0.9999682995024713
807.2717,0.9999683455010142
807.331965,0.9999685894933203
807.39223,0.9999690314795345
807.452495,0.9999695194645409
807.51276,0.9999700524484368
807.573025,0.9999704944352977
807.63329,0.9999707384281281
807.693555,0.9999707384281281
807.75382,0.9999704944352977
807.814085,0.9999704944352977
807.87435,0.9999702504425269
807.934615,0.9999700064498155
807.99488,0.9999694734659441
808.055145,0.9999687414885574
808.11541,0.9999677665195098
808.175675,0.999966790551446
808.23594,0.9999658155843004
808.296205,0.9999648396181408
808.35647,0.9999638646528974
808.416735,0.9999631786779215
808.477,0.9999631786779215
808.537265,0.9999631786779215
808.59753,0.9999634226689669
808.657795,0.9999631786779215
808.71806,0.9999629356868986
808.778325,0.9999629356868986
808.83859,0.9999628896886047
808.898855,0.9999626456976893
808.95912,0.9999621577160372
809.019385,0.9999617157328613
809.07965,0.9999614257440057
809.139915,0.9999609847611143
809.20018,0.9999602527899413
809.260445,0.9999595218192636
809.32071,0.9999590338391361
809.380975,0.9999587898491616
809.44124,0.9999583018693912
809.501505,0.9999577688917584
809.56177,0.9999573269105222
809.622035,0.9999573269105222
809.6823,0.9999578608878773
809.742565,0.9999585928572994
809.80283,0.9999595678174027
809.863095,0.9999605427784567
809.92336,0.9999615187404227
809.983625,0.9999624477051051
810.04389,0.9999629356868986
810.104155,0.999963225676192
810.16442,0.9999636666600717
810.224685,0.9999641546424601
810.28495,0.9999641546424601
810.345215,0.9999638646528974
810.40548,0.9999631326796163
810.465745,0.9999624477051051
810.52601,0.9999619137253005
810.586275,0.9999611817534476
810.64654,0.9999602067917707
810.706805,0.9999592318310444
810.76707,0.9999580588795534
810.827335,0.9999570829209642
810.8876,0.9999563049546563
810.947865,0.999955863974023
811.00813,0.999955619984822
811.068395,0.9999553759956805
811.12866,0.9999548890175309
811.188925,0.9999543550417628
811.24919,0.9999536230754428
811.309455,0.9999529381074456
811.36972,0.9999522061421628
811.429985,0.9999514281796491
811.49025,0.9999502092396011
811.550515,0.999948746313515
811.61078,0.9999474803792036
811.671045,0.9999458204677639
811.73131,0.9999443575480986
811.791575,0.9999428936306308
811.85184,0.9999416747009864
811.912105,0.9999404557728279
811.97237,0.9999394808313588
812.032635,0.9999385518880126
812.0929,0.9999377739361218
812.153165,0.9999367979973307
812.21343,0.9999358690564769
812.273695,0.9999358690564769
812.33396,0.999936159037921
812.394225,0.9999363570253
812.45449,0.999935823059428
812.514755,0.9999346031384679
812.57502,0.9999333842189296
812.635285,0.9999324092843553
812.69555,0.9999314803475786
812.755815,0.9999307024011895
812.81608,0.9999297264693002
812.876345,0.9999285075557066
812.93661,0.9999272886435988
812.996875,0.9999263127150414
813.05714,0.9999258717476347
813.117405,0.9999258717476347
813.17767,0.9999258717476347
813.237935,0.9999253847838537
813.2982,0.9999243628606327
813.358465,0.9999233869349308
813.41873,0.9999227019876453
813.478995,0.9999229459688144
813.53926,0.9999232359465108
813.599525,0.9999234339313311
813.65979,0.9999233869349308
813.720055,0.99992289997236
813.78032,0.999922168029065
813.840585,0.9999214360863059
813.90085,0.9999207051440033
813.961115,0.9999199732023151
814.02138,0.9999192422610818
814.081645,0.9999182663403776
814.14191,0.9999172914205432
814.202175,0.999916315501743
814.26244,0.9999155845631835
814.322705,0.9999148996212427
814.38297,0.999914655642037
814.443235,0.9999144116628907
814.5035,0.999914167683804
814.563765,0.999913680725723
814.62403,0.9999131457720468
814.684295,0.9999124608317767
814.74456,0.9999119738745268
814.804825,0.9999116829001847
814.86509,0.9999111959433137
814.925355,0.9999104640085862
814.98562,0.9999092451184735
815.045885,0.9999077822523179
815.10615,0.9999065163698669
815.166415,0.9999053434802111
815.22668,0.9999043685729765
815.286945,0.9999036366432466
815.34721,0.9999026617376761
815.407475,0.9999016858331545
815.46774,0.9999007579248206
815.528005,0.9999005139490654
815.58827,0.9999007579248206
815.648535,0.9999014888525418
815.7088,0.999902267776105
815.769065,0.9999029517094901
815.82933,0.9999034866577123
815.889595,0.9999039276152472
815.94986,0.9999041715918353
816.010125,0.9999044145685785
816.07039,0.9999046585452854
816.130655,0.9999044145685785
816.19092,0.9999038806197637
816.251185,0.9999029517094901
816.31145,0.9999026617376761
816.371715,0.9999024647568712
816.43198,0.9999024647568712
816.492245,0.9999021737852962
816.55251,0.9999016858331545
816.612775,0.9999011978812509
816.67304,0.9999007579248206
816.733305,0.9999004669537424
816.79357,0.9999002699733698
816.853835,0.9999005139490654
816.9141,0.9999005139490654
816.974365,0.9999002229780581
817.03463,0.9998995350469414
817.094895,0.9998990051003283
817.15516,0.9998985151499358
817.215425,0.999898075194686
817.27569,0.9998977852242862
817.335955,0.9998970952950524
817.39622,0.9998963653704392
817.456485,0.999895635446359
817.51675,0.9998949055228115
817.577015,0.999894375578652
817.63728,0.999893685651771
817.697545,0.9998934456773151
817.75781,0.9998931957039849
817.818075,0.9998929557296468
817.87834,0.9998930057242958
817.938605,0.9998934456773151
817.99887,0.9998939756209818
818.059135,0.9998949055228115
818.1194,0.9998959254161353
818.179665,0.999897195284767
818.23993,0.9998986151397924
818.300195,0.9998995850419194
818.36046,0.9999002699733698
818.420725,0.9999005139490654
818.48099,0.9999005139490654
818.541255,0.9999005139490654
818.60152,0.9999002699733698
818.661785,0.9998999750028337
818.72205,0.9998995350469414
818.782315,0.9998992950710818
818.84258,0.9998992950710818
818.902845,0.9998995850419194
818.96311,0.9999003169686835
819.023375,0.9999012448766083
819.08364,0.9999020237999814
819.143905,0.9999027077331996
819.20417,0.9999029517094901
819.264435,0.9999029987049299
819.3247,0.9999034396622496
819.384965,0.9999042185873325
819.44523,0.9999051934944209
819.505495,0.9999059254252903
819.56576,0.9999066093611773
819.626025,0.9999066093611773
819.68629,0.9999068533384197
819.746555,0.999906900334043
819.80682,0.9999073412930832
819.867085,0.999907828248077
819.92735,0.9999080722256168
819.987615,0.9999081192212973
820.04788,0.9999083162032162
820.108145,0.9999088041585936
820.16841,0.9999095820879458
820.228675,0.9999110459566456
820.28894,0.9999125088275759
820.349205,0.9999134837427472
820.40947,0.9999144116628907
820.469735,0.9999151905965208
820.53,0.9999159225347082
820.590265,0.9999171414329607
820.65053,0.9999186043128088
820.710795,0.9999200671947969
820.77106,0.9999215300789254
820.831325,0.9999227499839362
820.89159,0.9999234809277335
820.951855,0.9999239688905113
821.01212,0.9999244088571544
821.072385,0.999924896820385
821.13265,0.9999253847838537
821.192915,0.999925675762183
821.25318,0.9999264067081192
821.313445,0.9999273826367684
821.37371,0.9999288925282561
821.433975,0.99993079639468
821.49424,0.9999327942584071
821.554505,0.9999352320975312
821.61477,0.9999374269577744
821.675035,0.999939086855281
821.7353,0.9999403057817707
821.795565,0.9999409897411738
821.85583,0.9999414777124959
821.916095,0.9999422086699833
821.97636,0.9999429406279479
822.036625,0.9999436715865047
822.09689,0.9999442075564563
822.157155,0.9999449385159391
822.21742,0.9999458664652727
822.277685,0.999946645423406
822.33795,0.9999475733743236
822.398215,0.9999483523337866
822.45848,0.9999493272839054
822.518745,0.999950547222829
822.57901,0.9999515221750878
822.639275,0.9999526941189585
822.69954,0.9999537170710878
822.759805,0.9999549360154119
822.82007,0.9999559109719498
822.880335,0.9999566429399445
822.9406,0.9999576178981466
823.000865,0.9999588378471846
823.06113,0.9999603007880346
823.121395,0.9999615197403842
823.18166,0.9999622037142976
823.241925,0.9999624477051051
823.30219,0.9999624477051051
823.362455,0.9999624477051051
823.42272,0.9999624477051051
823.482985,0.9999622037142976
823.54325,0.9999619597235496
823.603515,0.9999622037142976
823.66378,0.9999622517124845
823.724045,0.9999624957033038
823.78431,0.9999629826851577
823.844575,0.9999637146583289
823.90484,0.9999649336148401
823.965105,0.9999656655894393
824.02537,0.999966105574429
824.085635,0.9999663495661886
824.1459,0.9999663495661886
824.206165,0.999966592558041
824.26643,0.9999668365499194
824.326695,0.9999668365499194
824.38696,0.999966592558041
824.447225,0.999966105574429
824.50749,0.9999658135843689
824.567755,0.9999653735995077
824.62802,0.9999653735995077
824.688285,0.9999659095810915
824.74855,0.9999668365499194
824.808815,0.9999678125180281
824.86908,0.9999685434947663
824.929345,0.999969275472008
824.98961,0.9999700544483769
825.049875,0.9999710294196553
825.11014,0.9999722013863886
825.170405,0.9999729803650369
825.23067,0.9999736643467894
825.290935,0.9999739083403932
825.3512,0.9999741523340566
825.411465,0.9999746393215875
825.47173,0.9999751273093305
825.531995,0.9999754193021103
825.59226,0.9999757462941259
825.652525,0.9999759122901135
825.71279,0.9999758492916331
825.773055,0.9999755672984834
825.83332,0.9999751273093305
825.893585,0.9999751273093305
825.95385,0.9999751753081377
826.014115,0.9999756832956559
826.07438,0.9999761172851965
826.134645,0.9999764002784778
826.19491,0.9999766242732165
826.255175,0.9999770292638314
826.31544,0.9999776922488216
826.375705,0.9999783992332999
826.43597,0.9999789992205195
826.496235,0.9999794042120962
826.5565,0.9999796192076912
826.616765,0.9999795802084868
826.67703,0.9999793312136023
826.737295,0.9999790732189682
826.79756,0.9999789802209187
826.857825,0.9999790042204144
826.91809,0.9999788972226668
826.978355,0.9999785462301354
827.03862,0.9999779812424164
827.098885,0.9999774782536184
827.15915,0.9999772972577111
827.219415,0.9999775122528531
827.27968,0.9999779992420202
827.339945,0.9999784342325445
827.40021,0.9999787512257584
827.460475,0.9999790432195964
827.52074,0.9999794092119931
827.581005,0.9999797992040388
827.64127,0.9999801411971886
827.701535,0.9999803211936302
827.7618,0.9999801611967917
827.822065,0.9999796922062061
827.88233,0.9999790782188636
827.942595,0.9999784982311664
828.00286,0.9999780932399566
828.063125,0.999977961242857
828.12339,0.9999781652383819
828.183655,0.9999786042288927
828.24392,0.9999789652212341
828.304185,0.9999791022183617
828.36445,0.9999791312177561
828.424715,0.999979336213499
828.48498,0.9999797802044228
828.545245,0.9999801891962365
828.60551,0.9999803941921963
828.665775,0.9999804191917065
828.72604,0.9999804721906701
828.786305,0.9999805451892473
828.84657,0.9999805361894224
828.906835,0.9999803851923729
828.9671,0.999980112197765
829.027365,0.9999797172056987
829.08763,0.9999791712169221
829.147895,0.9999785412302427
829.20816,0.999978039241141
829.268425,0.9999778052463072
829.32869,0.9999777852467513
829.388955,0.999977834245664
829.44922,0.9999778632450216
829.509485,0.9999779902422182
829.56975,0.9999783412345544
829.630015,0.9999788822229834
829.69028,0.9999794632108827
829.750545,0.9999798972020639
829.81081,0.9999803161937286
829.871075,0.9999808041842421
829.93134,0.9999813161745449
829.991605,0.9999817211670599
830.05187,0.9999818871640394
830.112135,0.9999817751660743
830.1724,0.9999812921749935
830.232665,0.9999804491911195
830.29293,0.9999794342114787
830.353195,0.9999785612298138
830.41346,0.9999778882444684
830.473725,0.9999773512564867
830.53399,0.9999768932669647
830.594255,0.9999765562748084
830.65452,0.9999763662792808
830.714785,0.9999764242779117
830.77505,0.9999767562701397
830.835315,0.9999773512564867
830.89558,0.9999780582407239
830.955845,0.9999787072266944
831.01611,0.9999791072182572
831.076375,0.9999790682190728
831.13664,0.9999786922270139
831.196905,0.9999782832358124
831.25717,0.9999780492409215
831.317435,0.9999779272436069
831.3777,0.9999777762469513
831.437965,0.9999775322524036
831.49823,0.9999772632584836
831.558495,0.9999770202640382
831.61876,0.9999768292684456
831.679025,0.9999767612700234
831.73929,0.99997681526877
831.799555,0.9999769612653957
831.85982,0.9999770242639463
831.920085,0.9999768782673114
831.98035,0.9999767122711634
832.040615,0.9999768782673114
832.10088,0.9999775562518647
832.161145,0.9999785802294066
832.22141,0.999979604207997
832.281675,0.9999804191917065
832.34194,0.9999808971824612
832.402205,0.9999810281799673
832.46247,0.9999808971824612
832.522735,0.9999805511891305
832.583,0.9999800341993192
832.643265,0.9999794192117873
832.70353,0.9999788392238924
832.763795,0.9999784052331704
832.82406,0.9999780922399785
832.884325,0.9999779272436069
832.94459,0.999977883244579
833.004855,0.9999779072440486
833.06512,0.9999779362434082
833.125385,0.9999779802424384
833.18565,0.9999780292413607
833.245915,0.9999780832401757
833.30618,0.9999782342368777
833.366445,0.9999785072309729
833.42671,0.9999788732231735
833.486975,0.9999792142160274
833.54724,0.9999795022100826
833.607505,0.9999796922062061
833.66777,0.999979658206897
833.728035,0.9999792732148027
833.7883,0.9999785802294066
833.848565,0.999977834245664
833.90883,0.9999773122573707
833.969095,0.9999771562609222
834.02936,0.9999773612562602
834.089625,0.9999778052463072
834.14989,0.9999782632362468
834.210155,0.9999786002289783
834.27042,0.9999788432238077
834.330685,0.9999791702169429
834.39095,0.9999796292074874
834.451215,0.9999800091998187
834.51148,0.9999800431991396
834.571745,0.9999797172056987
834.63201,0.9999792532152175
834.692275,0.9999789262220552
834.75254,0.9999788632233848
834.812805,0.9999789852208135
834.87307,0.9999790042204144
834.933335,0.9999788192243158
834.9936,0.9999784002332783
835.053865,0.9999779122439381
835.11413,0.9999774542541592
835.174395,0.9999771712605796
835.23466,0.9999772342591434
835.294925,0.9999775852512143
835.35519,0.9999781462387969
835.415455,0.999978741225971
835.47572,0.9999794242116844
835.535985,0.9999801801964149
835.59625,0.9999809111821938
835.656515,0.9999814331723657
835.71678,0.9999816381685805
835.777045,0.9999815841695735
835.83731,0.9999815651699235
835.897575,0.9999817211670599
835.95784,0.9999819311632434
836.018105,0.9999818721643112
836.07837,0.9999815751697393
836.138635,0.9999812381760053
836.1989,0.999981019180138
836.259165,0.9999806921863982
836.31943,0.9999800721985612
836.379695,0.9999792632150101
836.43996,0.9999785952290854
836.500225,0.9999782972355084
836.56049,0.9999785072309729
836.620755,0.9999791852166307
836.68102,0.9999802241955438
836.741285,0.9999814091728115
836.80155,0.9999822431576546
836.861815,0.9999824871533517
836.92208,0.9999823111564494
836.982345,0.999982126159739
837.04261,0.9999822041583478
837.102875,0.9999823991548967
837.16314,0.9999824381542111
837.223405,0.9999821791587931
837.28367,0.9999816921675904
837.343935,0.9999812041766437
837.4042,0.9999808431834941
837.464465,0.9999806331875392
837.52473,0.9999805651888584
837.584995,0.9999805411893251
837.64526,0.999980463190846
837.705525,0.9999803701926672
837.76579,0.9999805851884699
837.826055,0.9999812581756302
837.88632,0.9999821891586149
837.946585,0.9999830091443462
838.00685,0.9999835791348238
838.067115,0.9999839161293468
838.12738,0.9999841301259278
838.187645,0.9999842281243774
838.24791,0.999984267123763
838.308175,0.9999841941249141
838.36844,0.9999840131277914
838.428705,0.9999836721333011
838.48897,0.9999832571401632
838.549235,0.9999828721466834
838.6095,0.9999826571503889
838.669765,0.999982613151153
838.73003,0.9999826911497999
838.790295,0.999982760148608
838.85056,0.9999827891481085
838.910825,0.999982940145521
838.97109,0.9999832621400795
839.031355,0.9999835991344956
839.09162,0.9999838131310088
839.151885,0.9999839601286401
839.21215,0.999984267123763
839.272415,0.999984916113763
839.33268,0.9999858181005641
839.392945,0.9999865350906527
839.45321,0.9999867590876617
839.513475,0.9999864420919092
839.57374,0.9999858031007769
839.634005,0.9999851251106323
839.69427,0.9999845451194279
839.754535,0.999984086126627
839.8148,0.9999837791315597
839.875065,0.999983691132991
839.93533,0.9999838181309278
839.995595,0.999984086126627
840.05586,0.9999843061231501
840.116125,0.9999844671206364
840.17639,0.999984515119892
840.236655,0.9999844371211029
840.29692,0.999984213124614
840.357185,0.9999839741284157
840.41745,0.9999839641285759
840.477715,0.9999842381242197
840.53798,0.9999845451194279
840.598245,0.9999845061200314
840.65851,0.9999840761267862
840.718775,0.9999834421370829
840.77904,0.9999828861464437
840.839305,0.9999824521539653
840.89957,0.9999821161599177
840.959835,0.9999818481647466
841.0201,0.9999816041692053
841.080365,0.9999814381722728
841.14063,0.9999813701735374
841.200895,0.9999813941730905
841.26116,0.9999814481720873
841.321425,0.9999815211707357
841.38169,0.9999815701698314
841.441955,0.9999816431684887
841.50222,0.9999817941657282
841.562485,0.9999820671607953
841.62275,0.9999824041548087
841.683015,0.999982613151153
841.74328,0.9999825841516576
841.803545,0.9999823301561135
841.86381,0.999981833165019
841.924075,0.9999811161783017
841.98434,0.9999803451931583
842.044605,0.9999798482030502
842.10487,0.9999797602048274
842.165135,0.9999799412011804
842.2254,0.9999802091958405
842.285665,0.9999805021900847
842.34593,0.9999807701848953
842.406195,0.999981014180233
842.46646,0.999981307174713
842.526725,0.9999816581682135
842.58699,0.9999821451593995
842.647255,0.9999827111494539
842.70752,0.999983189141304
842.767785,0.9999833451386937
842.82805,0.9999831641417246
842.888315,0.9999828181476097
842.94858,0.9999824771535268
843.008845,0.9999820571609747
843.06911,0.999981486171383
843.129375,0.9999807791847223
843.18964,0.9999800481990399
843.249905,0.9999794772105953
843.31017,0.9999792242158196
843.370435,0.9999793312136023
843.4307,0.9999796532069988
843.490965,0.9999799652006993
843.55123,0.9999801021979638
843.611495,0.9999800481990399
843.67176,0.9999800291994191
843.732025,0.9999801851963158
843.79229,0.999980482190475
843.852555,0.9999808191839542
843.91282,0.9999810331798724
843.973085,0.9999810771790388
844.03335,0.9999810721791335
844.093615,0.9999810041804229
844.15388,0.9999808481833984
844.214145,0.9999805261896171
844.27441,0.9999800531989401
844.334675,0.9999794622109033
844.39494,0.9999787802251426
844.455205,0.9999781022397595
844.51547,0.9999775262525384
844.575735,0.999977219259485
844.636,0.999977127261585
844.696265,0.9999771562609222
844.75653,0.9999773122573707
844.816795,0.9999777072484871
844.87706,0.9999782982354867
844.937325,0.9999788542235751
844.99759,0.9999792582151138
845.057855,0.9999795262095909
845.11812,0.9999798002040187
845.178385,0.999980136197288
845.23865,0.9999804041920004
845.298915,0.999980463190846
845.35918,0.9999802821943985
845.419445,0.9999799652006993
845.47971,0.9999796532069988
845.539975,0.9999794092119931
845.60024,0.9999791902165266
845.660505,0.9999789702211289
845.72077,0.9999787512257584
845.781035,0.9999785852292995
845.8413,0.9999785412302427
845.901565,0.999978649227931
845.96183,0.9999789172222449
846.022095,0.9999792342156119
846.08236,0.9999795022100826
846.142625,0.9999796142077931
846.20289,0.9999795602088953
846.263155,0.9999793552131065
846.32342,0.9999790142202045
846.383685,0.9999785702296208
846.44395,0.9999780292413607
846.504215,0.9999774192549489
846.56448,0.9999768092689092
846.624745,0.9999762782813644
846.68501,0.9999758442917538
846.745275,0.9999755652985322
846.80554,0.9999751273093305
846.865805,0.9999746393215875
846.92607,0.9999743963277796
846.986335,0.9999741523340566
847.0466,0.9999739083403932
847.106865,0.9999739083403932
847.16713,0.9999741523340566
847.227395,0.9999741523340566
847.28766,0.9999743963277796
847.347925,0.9999741523340566
847.40819,0.9999741523340566
847.468455,0.9999739083403932
847.52872,0.9999736643467894
847.588985,0.9999736643467894
847.64925,0.9999733703545753
847.709515,0.9999728833676625
847.76978,0.9999723953810145
847.830045,0.9999719573932012
847.89031,0.9999719573932012
847.950575,0.9999719573932012
848.01084,0.9999719573932012
848.071105,0.9999717134000734
848.13137,0.9999714694070051
848.191635,0.9999714694070051
848.2519,0.9999717134000734
848.312165,0.9999722013863886
848.37243,0.9999727393715777
848.432695,0.9999734203532451
848.49296,0.9999734203532451
848.553225,0.9999734203532451
848.61349,0.9999731763597602
848.673755,0.999972933366308
848.73402,0.9999726893729419
848.794285,0.9999721513877798
848.85455,0.9999711764154074
848.914815,0.9999700064498155
848.97508,0.9999690314795345
849.035345,0.9999684934963403
849.09561,0.9999678125180281
849.155875,0.9999673245338546
849.21614,0.9999670805418572
849.276405,0.9999668365499194
849.33667,0.9999665425597126
849.396935,0.999965861582729
849.4572,0.9999653236012402
849.517465,0.9999651296079862
849.57773,0.9999651296079862
849.637995,0.9999654235977776
849.69826,0.9999656175910886
849.758525,0.9999656175910886
849.81879,0.9999656175910886
849.879055,0.9999653735995077
849.93932,0.9999645916268912
849.999585,0.999963372670797
850.05985,0.9999623977069839
850.120115,0.99996142174416
850.18038,0.999960690772628
850.240645,0.9999597658094168
850.30091,0.9999590338391361
850.361175,0.9999587898491616
850.42144,0.9999588398471023
850.481705,0.9999590338391361
850.54197,0.9999590338391361
850.602235,0.9999587898491616
850.6625,0.9999585458592466
850.722765,0.9999583018693912
850.78303,0.9999580078816936
850.843295,0.9999577648919273
850.90356,0.9999575709001397
850.963825,0.9999575709001397
851.02409,0.9999573269105222
851.084355,0.999956788933625
851.14462,0.9999558139762311
851.204885,0.9999545940308823
851.26515,0.9999531310983812
851.325415,0.9999519121562574
851.38568,0.9999504492276801
851.445945,0.9999492302888254
851.50621,0.9999482543388529
851.566475,0.9999470854000269
851.62674,0.9999460604547896
851.687005,0.9999450845079109
851.74727,0.9999441595591355
851.807535,0.9999436715865047
851.8678,0.999943428600222
851.928065,0.9999431336169541
851.98833,0.9999426966419002
852.048595,0.9999422086699833
852.10886,0.9999417216982462
852.169125,0.9999411837297446
852.22939,0.9999402077876256
852.289655,0.9999389888612552
852.34992,0.9999377699363707
852.410185,0.9999365500130356
852.47045,0.9999353310911241
852.530715,0.9999338681868047
852.59098,0.9999326492681624
852.651245,0.9999316733343729
852.71151,0.9999306984014668
852.771775,0.999929723469511
852.83204,0.9999287985349447
852.892305,0.9999278226049135
852.95257,0.9999268476757618
853.012835,0.9999260657332726
853.0731,0.9999251408020896
853.133365,0.99992465283874
853.19363,0.9999243588609352
853.253895,0.9999238708979672
853.31416,0.9999231389539616
853.374425,0.999922215025408
853.43469,0.9999211891057417
853.494955,0.9999202131831374
853.55522,0.9999189942811404
853.615485,0.9999177753806293
853.67575,0.9999163125019941
853.736015,0.9999148496254989
853.79628,0.9999136297301265
853.856545,0.9999126548148128
853.91681,0.9999117298960349
853.977075,0.999911191943669
854.03734,0.9999105110043791
854.097605,0.9999097290746652
854.15787,0.9999089971410114
854.218135,0.9999082652078933
854.2784,0.9999077782526868
854.338665,0.9999070973157217
854.39893,0.999906559365848
854.459195,0.9999058784297129
854.51946,0.9999053394805897
854.579725,0.9999046085500537
854.63999,0.9999041205967238
854.700255,0.9999036836387186
854.76052,0.9999031456906815
854.820785,0.9999024137618467
854.88105,0.9999014388574686
854.941315,0.9999004629541405
855.00158,0.9998997350268685
855.061845,0.9998992450761183
855.12211,0.9998988051205473
855.182375,0.9998985151499358
855.24264,0.999898075194686
855.302905,0.9998978352191767
855.36317,0.999898075194686
855.423435,0.999898125189591
855.4837,0.9998983151702528
855.543965,0.999898075194686
855.60423,0.9998975352498711
855.664495,0.9998966153445619
855.72476,0.9998955854515784
855.785025,0.9998948555280674
855.84529,0.9998941755997969
855.905555,0.9998939256262842
855.96582,0.9998934456773151
856.026085,0.9998929057350002
856.08635,0.9998921758134455
856.146615,0.9998914958869971
856.20688,0.9998912459141543
856.267145,0.9998912459141543
856.32741,0.9998912459141543
856.387675,0.9998912459141543
856.44794,0.9998910059402841
856.508205,0.9998910059402841
856.56847,0.9998912459141543
856.628735,0.9998914958869971
856.689,0.9998914958869971
856.749265,0.9998914958869971
856.80953,0.9998912459141543
856.869795,0.9998907559675639
856.93006,0.9998902760201163
856.990325,0.9998900260475785
857.05059,0.999889736079513
857.110855,0.9998894861071103
857.17112,0.9998890561547237
857.231385,0.9998888061824909
857.29165,0.9998888061824909
857.351915,0.9998885662092062
857.41218,0.9998888061824909
857.472445,0.9998888061824909
857.53271,0.9998891061491777
857.592975,0.9998895960949598
857.65324,0.9998902760201163
857.713505,0.9998910559348357
857.77377,0.9998917358609849
857.834035,0.999892275802668
857.8943,0.9998927157553662
857.954565,0.9998931957039849
858.01483,0.9998934956719887
858.075095,0.9998939256262842
858.13536,0.9998941755997969
858.195625,0.9998939256262842
858.25589,0.999893685651771
858.316155,0.9998931957039849
858.37642,0.9998929557296468
858.436685,0.9998929557296468
858.49695,0.999893245698646
858.557215,0.9998937356464564
858.61748,0.9998944155744278
858.677745,0.9998952054913282
858.73801,0.9998964153652588
858.798275,0.9998973952642259
858.85854,0.9998983151702528
858.918805,0.9998990550952798
858.97907,0.9998997850218564
859.039335,0.9999002699733698
859.0996,0.9999005649439929
859.159865,0.9999012448766083
859.22013,0.9999017838235245
859.280395,0.9999022717757141
859.34066,0.9999027077331996
859.400925,0.9999031956858401
859.46119,0.9999034906573263
859.521455,0.9999039786103487
859.58172,0.9999044655637049
859.641985,0.9999049025220519
859.70225,0.9999049025220519
859.762515,0.9999051974940416
859.82278,0.999905685447897
859.883045,0.9999066603564156
859.94331,0.9999076362657924
860.003575,0.999908611176213
860.06384,0.9999100740435812
860.124105,0.9999115369130896
860.18437,0.9999129997847382
860.244635,0.999914462658527
860.3049,0.9999156315592171
860.365165,0.9999166574731814
860.42543,0.9999175813965997
860.485695,0.9999183133365372
860.54596,0.9999190962728831
860.606225,0.9999200711944772
860.66649,0.9999215340786115
860.726755,0.999923240946127
860.78702,0.999924947816556
860.847285,0.9999264617040731
860.90755,0.9999281175836647
860.967815,0.9999298244624183
861.02808,0.9999310953740328
861.088345,0.9999325062778037
861.14861,0.9999337261962056
861.208875,0.9999349451161608
861.26914,0.9999366520065689
861.329405,0.9999381659118061
861.38967,0.9999398728077121
861.449935,0.9999415287095126
861.5102,0.999942747638979
861.570465,0.999943723583577
861.63073,0.9999442105562889
861.690995,0.9999446475320044
861.75126,0.9999448915185282
861.811525,0.9999451355051114
861.87179,0.9999453784918089
861.932055,0.9999456744756847
861.99232,0.9999464054362399
862.052585,0.9999473803844605
862.11285,0.9999486003210087
862.173115,0.9999498192590955
862.23338,0.9999510381986682
862.293645,0.9999520141513577
862.35391,0.9999532330936058
862.414175,0.9999544520373399
862.47444,0.999955619984822
862.534705,0.9999565959419834
862.59497,0.9999573779083472
862.655235,0.9999580588795534
862.7155,0.9999585978570924
862.775765,0.9999590848370481
862.83603,0.9999592778291702
862.896295,0.9999595218192636
862.95656,0.9999595218192636
863.016825,0.9999595218192636
863.07709,0.9999597658094168
863.137355,0.9999597658094168
863.19762,0.9999600087996694
863.257885,0.9999604967802728
863.31815,0.9999610357591258
863.378415,0.9999615237402303
863.43868,0.9999619597235496
863.498945,0.9999622557123335
863.55921,0.9999629356868986
863.619475,0.9999634746670663
863.67974,0.9999639106512362
863.740005,0.9999641546424601
863.80027,0.9999643986337436
863.860535,0.9999646936232848
863.9208,0.9999651296079862
863.981065,0.9999651296079862
864.04133,0.9999651296079862
864.101595,0.9999651296079862
864.16186,0.9999650786097659
864.222125,0.9999648856165244
864.28239,0.9999646426250867
864.342655,0.9999646426250867
864.40292,0.9999646936232848
864.463185,0.9999651296079862
864.52345,0.9999653735995077
864.583715,0.9999656175910886
864.64398,0.999965861582729
864.704245,0.999966592558041
864.76451,0.9999673245338546
864.824775,0.9999678635163879
864.88504,0.9999682995024713
864.945305,0.9999685434947663
865.00557,0.9999685434947663
865.065835,0.9999685434947663
865.1261,0.9999684924963718
865.186365,0.9999682995024713
865.24663,0.9999680045118665
865.306895,0.9999675685259116
865.36716,0.9999673245338546
865.427425,0.9999668365499194
865.48769,0.999966592558041
865.547955,0.9999668365499194
865.60822,0.9999673245338546
865.668485,0.9999678635163879
865.72875,0.9999685434947663
865.789015,0.9999690314795345
865.84928,0.9999693264704423
865.909545,0.9999698144555927
865.96981,0.9999702504425269
866.030075,0.9999705464337648
866.09034,0.9999707904266079
866.150605,0.9999710334195395
866.21087,0.9999712774125015
866.271135,0.9999715214055229
866.3314,0.9999717134000734
866.391665,0.9999717134000734
866.45193,0.9999717134000734
866.512195,0.9999714694070051
866.57246,0.9999712264139675
866.632725,0.9999712264139675
866.69299,0.9999712264139675
866.753255,0.9999712264139675
866.81352,0.9999715214055229
866.873785,0.9999720093917444
866.93405,0.999972497378204
866.994315,0.9999731763597602
867.05458,0.9999737163454213
867.114845,0.9999744473264751
867.17511,0.9999749353141245
867.235375,0.9999753713032913
867.29564,0.9999756252970678
867.355905,0.9999757372943442
867.41617,0.9999757322944656
867.476435,0.9999756152973117
867.5367,0.9999751273093305
867.596965,0.9999746393215875
867.65723,0.9999739083403932
867.717495,0.9999734203532451
867.77776,0.9999731763597602
867.838025,0.9999732283583668
867.89829,0.9999736643467894
867.958555,0.9999739083403932
868.01882,0.9999741523340566
868.079085,0.9999741523340566
868.13935,0.9999743963277796
868.199615,0.9999744483264495
868.25988,0.9999746913202701
868.320145,0.9999751273093305
868.38041,0.9999753713032913
868.440675,0.999975423302012
868.50094,0.9999757282945626
868.561205,0.9999759912882137
868.62147,0.9999760782861288
868.681735,0.9999759162900173
868.742,0.9999755632985811
868.802265,0.9999750753106252
868.86253,0.9999743963277796
868.922795,0.9999741523340566
868.98306,0.9999743963277796
869.043325,0.9999749353141245
869.10359,0.9999757192947811
869.163855,0.9999762652816729
869.22412,0.9999765222756061
869.284385,0.99997662027331
869.34465,0.9999767712697911
869.404915,0.999976991264705
869.46518,0.9999771812603514
869.525445,0.9999772732582564
869.58571,0.9999773222571439
869.645975,0.9999774542541592
869.70624,0.9999777032485763
869.766505,0.9999779662427468
869.82677,0.9999780782402853
869.887035,0.9999779162438497
869.9473,0.9999774182549714
870.007565,0.9999766512725857
870.06783,0.9999759062902581
870.128095,0.9999753713032913
870.18836,0.9999751273093305
870.248625,0.9999751793080385
870.30889,0.999975423302012
870.369155,0.9999758852907643
870.42942,0.9999765542748553
870.489685,0.9999773782558755
870.54995,0.9999781042397157
870.610215,0.9999786002289783
870.67048,0.9999787852250365
870.730745,0.9999787552256734
870.79101,0.9999786092287858
870.851275,0.999978409233084
870.91154,0.999978116239453
870.971805,0.999977740247752
871.03207,0.9999772522587338
871.092335,0.999976662272329
871.1526,0.9999760822860331
871.212865,0.9999756782957775
871.27313,0.9999756152973117
871.333395,0.9999753713032913
871.39366,0.9999751273093305
871.453925,0.9999748833154292
871.51419,0.9999748833154292
871.574455,0.9999751793080385
871.63472,0.9999757392942957
871.694985,0.9999762652816729
871.75525,0.9999766552724924
871.815515,0.9999769422658337
871.87578,0.9999772102596901
871.936045,0.9999774002553781
871.99631,0.9999774392544974
872.056575,0.9999772922578247
872.11684,0.9999770972622717
872.177105,0.9999769512656261
872.23737,0.9999768532678898
872.297635,0.999976785269466
872.3579,0.99997681526877
872.418165,0.9999769612653957
872.47843,0.9999770292638314
872.538695,0.9999769512656261
872.59896,0.9999768592677509
872.659225,0.9999769722651424
872.71949,0.9999773672561244
872.779755,0.9999778792446675
872.84002,0.9999783132351613
872.900285,0.9999786302283368
872.96055,0.9999789712211079
873.020815,0.999979391212364
873.08108,0.9999798792024259
873.141345,0.9999802831943788
873.20161,0.9999804431912369
873.261875,0.9999803351933548
873.32214,0.9999800621987606
873.382405,0.9999797252055365
873.44267,0.9999794632108827
873.502935,0.999979370212797
873.5632,0.9999794242116844
873.623465,0.9999795462091816
873.68373,0.999979644207182
873.743995,0.9999797412052122
873.80426,0.9999798882022449
873.864525,0.9999801421971688
873.92479,0.9999805371894029
873.985055,0.9999810741790957
874.04532,0.9999815861695367
874.105585,0.9999819951620891
874.16585,0.9999823851551431
874.226115,0.9999828301474036
874.28638,0.9999833711382611
874.346645,0.9999839021295721
874.40691,0.9999842581239047
874.467175,0.9999843451225389
874.52744,0.9999842121246298
874.587705,0.9999838901297654
874.64797,0.9999834761365205
874.708235,0.9999830911429564
874.7685,0.9999829841447713
874.828765,0.9999832741398788
874.88903,0.9999838831298782
874.949295,0.9999845711190264
875.00956,0.9999852791083534
875.069825,0.9999860590971753
875.13009,0.9999868150869218
875.190355,0.9999873840795814
875.25062,0.9999875880770286
875.310885,0.9999874560786757
875.37115,0.9999871630823939
875.431415,0.9999869540850986
875.49168,0.9999869890846427
875.551945,0.999987262081128
875.61221,0.9999876530762238
875.672475,0.9999880180717838
875.73274,0.9999882520690074
875.793005,0.9999882660688431
875.85327,0.9999880650712218
875.913535,0.9999878510737988
875.9738,0.9999877640748596
876.034065,0.9999878720735439
876.09433,0.9999881890697496
876.154595,0.9999885900650938
876.21486,0.999989229058007
876.275125,0.9999901715482995
876.33539,0.9999913769371788
876.395655,0.9999926640269083
876.45592,0.999993715919745
876.516185,0.9999943585159132
876.57645,0.999994640514362
876.636715,0.9999946788141576
876.69698,0.9999945272149757
876.757245,0.9999942590164795
876.81751,0.99999391231853
876.877775,0.99999359532051
876.93804,0.9999933323222291
876.998305,0.9999930885238844
877.05857,0.9999927418263407
877.118835,0.9999924301286516
877.1791,0.9999923675291275
877.239365,0.9999923675291275
877.29963,0.9999923675291275
877.359895,0.9999923675291275
877.42016,0.9999923727290878
877.480425,0.9999924162287569
877.54069,0.9999924459285321
877.600955,0.9999925975273984
877.66122,0.9999929738246837
877.721485,0.9999934859212167
877.78175,0.9999939143185178
877.842015,0.9999939716181707
877.90228,0.9999936631200781
877.962545,0.999993156323418
878.02281,0.9999928255257367
878.083075,0.9999927873260115
878.14334,0.9999929039251773
878.203605,0.9999929039251773
878.26387,0.9999929039251773
878.324135,0.9999929039251773
878.3844,0.9999929039251773
878.444665,0.9999929580247948
878.50493,0.9999932612227057
878.565195,0.9999937054198109
878.62546,0.99999419311686
878.685725,0.9999946268144356
878.74599,0.9999950763121214
878.806255,0.9999956615094113
878.86652,0.9999962956068613
878.926785,0.9999969592046233
878.98705,0.9999975063031092
879.047315,0.9999977376025593
879.10758,0.9999976035028716
879.167845,0.9999971554040459
879.22811,0.9999967356053282
879.288375,0.9999963507066587
879.34864,0.9999960093079628
879.408905,0.9999956976092553
879.46917,0.999995537509957
879.529435,0.999995537509957
879.5897,0.999995537509957
879.649965,0.999995537509957
879.71023,0.999995537509957
879.770495,0.999995537509957
879.83076,0.9999957379090827
879.891025,0.9999959383082487
879.95129,0.9999961037075906
880.011555,0.9999962500070313
880.07182,0.9999964016064742
880.132085,0.9999965373059951
880.19235,0.9999965320060135
880.252615,0.9999963804065507
880.31288,0.9999960581077693
880.373145,0.999995687009301
880.43341,0.999995272411175
880.493675,0.9999948144134452
880.55394,0.9999946109145211
880.614205,0.9999946109145211
880.67447,0.9999946109145211
880.734735,0.9999946109145211
880.795,0.9999946109145211
880.855265,0.9999947434138159
880.91553,0.9999950170124151
880.975795,0.9999953775106838
881.03606,0.999995664809397
881.096325,0.9999956298095493
881.15659,0.999995434710421
881.216855,0.9999952640112149
881.27712,0.9999951961115388
881.337385,0.9999952205114218
881.39765,0.9999952693111898
881.457915,0.9999952396113306
881.51818,0.9999951123119448
881.578445,0.9999947953135444
881.63871,0.9999945271149763
881.698975,0.9999942832163409
881.75924,0.9999941232172683
881.819505,0.9999941232172683
881.87977,0.9999941232172683
881.940035,0.9999941232172683
882.0003,0.9999941232172683
882.060565,0.9999942367166078
882.12083,0.9999946619142477
882.181095,0.9999953013110389
882.24136,0.9999958217087291
882.301625,0.9999961822072878
882.36189,0.9999964504062998
882.422155,0.9999966455056263
882.48242,0.9999967271053559
882.542685,0.999996575405864
882.60295,0.9999963072068184
882.663215,0.9999960931076319
882.72348,0.9999960252078995
882.783745,0.9999959033083915
882.84401,0.9999959033083915
882.904275,0.9999959033083915
882.96454,0.9999959033083915
883.024805,0.9999959033083915
883.08507,0.9999959033083915
883.145335,0.9999959033083915
883.2056,0.9999959574081713
883.265865,0.9999962119071748
883.32613,0.9999965587059213
883.386395,0.9999969732045808
883.44666,0.9999974663032098
883.506925,0.9999978350023436
883.56719,0.9999979914020173
883.627455,0.9999980026019948
883.68772,0.9999978516023078
883.747985,0.9999974914031465
883.80825,0.9999969495046528
883.868515,0.9999963696065899
883.92878,0.9999959902080392
883.989045,0.999995830108694
884.04931,0.999995830108694
884.109575,0.999995830108694
884.16984,0.999995830108694
884.230105,0.999995830108694
884.29037,0.999995830108694
884.350635,0.999995830108694
884.4109,0.999995830108694
884.471165,0.9999958652085483
884.53143,0.9999962417070624
884.591695,0.9999967591052518
884.65196,0.9999972308038342
884.712225,0.9999974449032643
884.77249,0.999997537103033
884.832755,0.9999975074031066
884.89302,0.9999973313035609
884.953285,0.9999970333044006
885.01355,0.9999966432056341
885.073815,0.9999963803065511
885.13408,0.9999963178067793
885.194345,0.9999963071068187
885.25461,0.9999962447070512
885.314875,0.9999962447070512
885.37514,0.9999962447070512
885.435405,0.9999962447070512
885.49567,0.9999962447070512
885.555935,0.9999962447070512
885.6162,0.9999962447070512
885.676465,0.9999964315063671
885.73673,0.9999968704048972
885.796995,0.9999971821039703
885.85726,0.9999973420035325
885.917525,0.9999972879036777
885.97779,0.9999970387043846
886.038055,0.9999966134057345
886.09832,0.999996095907621
886.158585,0.9999956190095965
886.21885,0.9999955131100661
886.279115,0.9999955131100661
886.33938,0.9999955131100661
886.399645,0.9999955131100661
886.45991,0.9999955131100661
886.520175,0.9999955131100661
886.58044,0.9999955131100661
886.640705,0.9999955131100661
886.70097,0.9999955131100661
886.761235,0.9999955970096932
886.8215,0.9999959789080846
886.881765,0.9999965939058008
886.94203,0.9999972470037894
887.002295,0.9999977564025169
887.06256,0.9999981179017712
887.122825,0.9999982240015771
887.18309,0.9999979757020488
887.243355,0.9999973585034888
887.30362,0.9999966567055888
887.363885,0.9999960471078126
887.42415,0.999995540409944
887.484415,0.9999952151114476
887.54468,0.9999951961115388
887.604945,0.9999951961115388
887.66521,0.9999951961115388
887.725475,0.9999951961115388
887.78574,0.9999951961115388
887.846005,0.9999951961115388
887.90627,0.9999951961115388
887.966535,0.9999953830106584
888.0268,0.9999957488090363
888.087065,0.9999961985072257
888.14733,0.9999967242053655
888.207595,0.9999970358043933
888.26786,0.99999714690407
888.328125,0.9999970386043849
888.38839,0.9999967948051367
888.448655,0.9999965022061172
888.50892,0.9999961012076003
888.569185,0.999995589109728
888.62945,0.9999951312118526
888.689715,0.999994854713237
888.74998,0.999994854713237
888.810245,0.999994854713237
888.87051,0.999994854713237
888.930775,0.999994854713237
888.99104,0.999994854713237
889.051305,0.999994854713237
889.11157,0.999994854713237
889.171835,0.9999949821125896
889.2321,0.9999951879115782
889.292365,0.9999955835097527
889.35263,0.9999961200075272
889.412895,0.9999964939061463
889.47316,0.9999965319060139
889.533425,0.99999635580664
889.59369,0.9999960876076535
889.653955,0.9999957896088637
889.71422,0.9999953452108336
889.774485,0.9999950146124271
889.83475,0.9999949767126167
889.895015,0.9999949767126167
889.95528,0.9999949767126167
890.015545,0.9999949767126167
890.07581,0.9999949767126167
890.136075,0.9999949767126167
890.19634,0.9999950606121988
890.256605,0.9999953533107959
890.31687,0.999995626909562
890.377135,0.9999959385082479
890.4374,0.9999961526074013
890.497665,0.9999963531066499
890.55793,0.9999966023057721
890.618195,0.9999969193047453
890.67846,0.999997236303819
890.738725,0.9999974639032159
890.79899,0.9999973800034322
890.859255,0.9999971307041164
890.91952,0.9999968977048121
890.979785,0.9999968787048713
891.04005,0.9999968787048713
891.100315,0.9999968787048713
891.16058,0.9999968787048713
891.220845,0.9999968787048713
891.28111,0.9999968787048713
891.341375,0.9999968787048713
891.40164,0.9999969627046126
891.461905,0.999997363703475
891.52217,0.9999978598022903
891.582435,0.9999983388013798
891.6427,0.9999987306008057
891.702965,0.9999988853006213
891.76323,0.9999988948006108
891.823495,0.9999988639006454
891.88376,0.9999987713007549
891.944025,0.9999984919011372
892.00429,0.9999980129019743
892.064555,0.9999975398030263
892.12482,0.9999971063041867
892.185085,0.9999968245050419
892.24535,0.9999968056051021
892.305615,0.9999968056051021
892.36588,0.9999968056051021
892.426145,0.9999968056051021
892.48641,0.9999968056051021
892.546675,0.9999968056051021
892.60694,0.9999968056051021
892.667205,0.9999968408049903
892.72747,0.9999970603043209
892.787735,0.9999973231035829
892.848,0.9999973664034679
892.908265,0.9999972092038942
892.96853,0.9999969112047703
893.028795,0.9999965156060705
893.08906,0.9999961065075796
893.149325,0.9999957407090708
893.20959,0.9999953695107208
893.269855,0.9999950146124271
893.33012,0.9999949035129871
893.390385,0.9999949035129871
893.45065,0.9999949035129871
893.510915,0.9999949035129871
893.57118,0.9999949035129871
893.631445,0.9999949035129871
893.69171,0.9999949035129871
893.751975,0.9999949035129871
893.81224,0.999994987612562
893.872505,0.9999953642107453
893.93277,0.9999959495082033
893.993035,0.9999964561062796
894.0533,0.9999968652049135
894.113565,0.9999971280041242
894.17383,0.9999971659040161
894.234095,0.9999969843045472
894.29436,0.9999966429056351
894.354625,0.9999961552073913
894.41489,0.9999958436086378
894.475155,0.9999956838093148
894.53542,0.9999956838093148
894.595685,0.9999956838093148
894.65595,0.9999956838093148
894.716215,0.9999956838093148
894.77648,0.9999956838093148
894.836745,0.9999956838093148
894.89701,0.9999956838093148
894.957275,0.9999957624089786
895.01754,0.9999958058087957
895.077805,0.9999957814088983
895.13807,0.9999958600085698
895.198335,0.9999961147075478
895.2586,0.9999964751062125
895.318865,0.999996689105481
895.37913,0.999996648305617
895.439395,0.9999964289063764
895.49966,0.9999961308074854
895.559925,0.9999958924084362
895.62019,0.999995702809233
895.680455,0.9999956595094199
895.74072,0.9999956595094199
895.800985,0.9999956595094199
895.86125,0.9999956595094199
895.921515,0.9999956595094199
895.98178,0.9999958465086257
896.042045,0.9999963153067885
896.10231,0.9999968573049383
896.162575,0.9999973340035537
896.22284,0.9999976575027436
896.283105,0.9999979710020585
896.34337,0.9999982240015771
896.403635,0.9999984543011946
896.4639,0.9999985160011011
896.524165,0.9999982745014887
896.58443,0.999997790502441
896.644695,0.9999972604037527
896.70496,0.9999966374056536
896.765225,0.9999961551073916
896.82549,0.9999958192087395
896.885755,0.9999957082092098
896.94602,0.9999957082092098
897.006285,0.9999957082092098
897.06655,0.9999957082092098
897.126815,0.9999957082092098
897.18708,0.9999957082092098
897.247345,0.9999957082092098
897.30761,0.9999957625089781
897.367875,0.9999959332082694
897.42814,0.9999959819080726
897.488405,0.9999961093075688
897.54867,0.999996431806366
897.608935,0.9999967677052238
897.6692,0.999996957304629
897.729465,0.999996970804588
897.78973,0.9999969519046454
897.849995,0.9999970847042495
897.91026,0.9999971226041398
897.970525,0.9999971226041398
898.03079,0.9999971226041398
898.091055,0.9999971226041398
898.15132,0.9999971226041398
898.211585,0.9999971226041398
898.27185,0.9999971226041398
898.332115,0.9999971226041398
898.39238,0.9999972445037963
898.452645,0.9999973475035179
898.51291,0.9999975530029939
898.573175,0.9999978822022425
898.63344,0.9999982901014619
898.693705,0.9999987693007573
898.75397,0.9999989964005036
898.814235,0.9999988431006692
898.8745,0.9999982667015022
898.934765,0.9999977181026035
898.99503,0.9999972713037228
899.055295,0.9999968378049997
899.11556,0.9999964233063964
899.175825,0.9999961715073287
899.23609,0.9999961715073287
899.296355,0.9999961715073287
899.35662,0.9999961715073287
899.416885,0.9999962313071016
899.47715,0.999996420906405
899.537415,0.9999964398063375
899.59768,0.9999964398063375
899.657945,0.9999963800065522
899.71821,0.9999962148071638
899.778475,0.9999961228075164
899.83874,0.9999961770073077
899.899005,0.9999963477066697
899.95927,0.9999965483059571
900.019535,0.9999968276050321
900.0798,0.9999972610037511
900.140065,0.9999976327028021
900.20033,0.9999977590025111
900.260595,0.9999977590025111
900.32086,0.9999977590025111
900.381125,0.9999977590025111
900.44139,0.9999977590025111
900.501655,0.9999977590025111
900.56192,0.9999977590025111
900.622185,0.9999977590025111
900.68245,0.999997914802174
900.742715,0.9999983115014255
900.80298,0.9999988136007038
900.863245,0.9999992933102497
900.92351,0.9999994844501329
900.983775,0.9999995130801186
901.04404,0.9999993205102309
901.104305,0.9999989674005332
901.16457,0.9999985124011065
901.224835,0.9999980144019713
901.2851,0.9999975151030873
901.345365,0.9999970517043463
901.40563,0.999996618305718
901.465895,0.9999963068068198
901.52616,0.9999961959072355
901.586425,0.9999961959072355
901.64669,0.9999961959072355
901.706955,0.9999961959072355
901.76722,0.9999961959072355
901.827485,0.9999961959072355
901.88775,0.9999962746069393
901.948015,0.9999964941061457
902.00828,0.9999967191053821
902.068545,0.999997011704465
902.12881,0.9999974074033607
902.189075,0.9999978841022386
902.24934,0.9999982025016155
902.309605,0.9999983126014237
902.36987,0.9999982390015506
902.430135,0.9999980278019448
902.4904,0.9999977319025721
902.550665,0.9999973310035618
902.61093,0.9999970683042975
902.671195,0.999997049404353
902.73146,0.999997049404353
902.791725,0.999997049404353
902.85199,0.999997049404353
902.912255,0.999997049404353
902.97252,0.999997049404353
903.032785,0.999997049404353
903.09305,0.999997049404353
903.153315,0.999997049404353
903.21358,0.9999970849042489
903.273845,0.9999971769039849
903.33411,0.9999972744037144
903.394375,0.9999973420035325
903.45464,0.9999973365035472
903.514905,0.9999972389038119
903.57517,0.9999970871042425
903.635435,0.9999968676049059
903.6957,0.9999966238056993
903.755965,0.9999965617059109
903.81623,0.9999965617059109
903.876495,0.9999965617059109
903.93676,0.9999965617059109
903.997025,0.9999965617059109
904.05729,0.9999965617059109
904.117555,0.9999965617059109
904.17782,0.9999965617059109
904.238085,0.9999965972057895
904.29835,0.9999968710048953
904.358615,0.9999972910036693
904.41888,0.999997832502349
904.479145,0.9999982606015128
904.53941,0.9999984864011455
904.599675,0.9999985347010736
904.65994,0.9999984340012261
904.720205,0.9999981975016246
904.78047,0.9999977458025407
904.840735,0.9999972954036574
904.901,0.9999968621049232
904.961265,0.9999965506059492
905.02153,0.9999964885061653
905.081795,0.9999964885061653
905.14206,0.9999964885061653
905.202325,0.9999964885061653
905.26259,0.9999964885061653
905.322855,0.9999964885061653
905.38312,0.9999964885061653
905.443385,0.9999965240060413
905.50365,0.9999967978051271
905.563915,0.9999971692040067
905.62418,0.9999975980028848
905.684445,0.9999977714024834
905.74471,0.9999976151028439
905.804975,0.9999973065036275
905.86524,0.9999970627043139
905.925505,0.99999681880506
905.98577,0.9999964851061772
906.046035,0.9999959542081842
906.1063,0.9999955264100066
906.166565,0.9999953668107332
906.22683,0.9999953668107332
906.287095,0.9999953668107332
906.34736,0.9999953668107332
906.407625,0.9999953668107332
906.46789,0.9999953668107332
906.528155,0.9999953668107332
906.58842,0.9999953668107332
906.648685,0.9999954023105694
906.70895,0.9999956462094778
906.769215,0.9999960231079078
906.82948,0.9999964321063649
906.889745,0.9999967191053821
906.95001,0.9999968843048538
907.010275,0.9999970062044814
907.07054,0.999997049404353
907.130805,0.9999969407046797
907.19107,0.9999965694058846
907.251335,0.9999962092071851
907.3116,0.9999959465082154
907.371865,0.9999959033083915
907.43213,0.9999959033083915
907.492395,0.9999959033083915
907.55266,0.9999959033083915
907.612925,0.9999959033083915
907.67319,0.999995933308269
907.733455,0.9999961827072859
907.79372,0.9999964697062315
907.853985,0.9999966460056247
907.91425,0.9999968655049125
907.974515,0.9999971581040382
908.03478,0.9999973720034532
908.095045,0.9999974639032159
908.15531,0.9999973608034827
908.215575,0.9999971358041018
908.27584,0.9999968863048475
908.336105,0.9999965881058205
908.39637,0.9999961604073713
908.456635,0.9999958733085148
908.5169,0.9999958058087957
908.577165,0.9999958058087957
908.63743,0.9999958058087957
908.697695,0.9999958058087957
908.75796,0.9999958058087957
908.818225,0.9999959145083457
908.87849,0.9999961096075676
908.938755,0.9999962803069181
908.99902,0.9999964510062977
909.059285,0.9999967248053635
909.11955,0.9999971393040918
909.179815,0.9999974751031876
909.24008,0.9999976956026552
909.300345,0.9999978111023956
909.36061,0.9999978522023065
909.420875,0.9999978125023926
909.48114,0.9999976447027737
909.541405,0.9999973009036426
909.60167,0.9999970382043861
909.661935,0.9999969275047201
909.7222,0.9999969275047201
909.782465,0.9999969275047201
909.84273,0.9999969275047201
909.902995,0.9999969275047201
909.96326,0.9999969275047201
910.023525,0.9999969275047201
910.08379,0.9999969275047201
910.144055,0.99999706060432
910.20432,0.9999973832034238
910.264585,0.9999977962024283
910.32485,0.9999979987020026
910.385115,0.9999978418023289
910.44538,0.9999975447030143
910.505645,0.9999972089038951
910.56591,0.9999968619049239
910.626175,0.9999964661062443
910.68644,0.9999958997084062
910.746705,0.9999953988105855
910.80697,0.9999950330123355
910.867235,0.9999947460138022
910.9275,0.9999946597142594
910.987765,0.9999946597142594
911.04803,0.9999946597142594
911.108295,0.9999946597142594
911.16856,0.9999946597142594
911.228825,0.9999946597142594
911.28909,0.9999946953140699
911.349355,0.9999950779121135
911.40962,0.999995706309218
911.469885,0.9999960852076628
911.53015,0.9999962691069598
911.590415,0.9999963178067793
911.65068,0.9999963666066007
911.710945,0.9999964210064046
911.77121,0.9999964398063375
911.831475,0.9999963310067308
911.89174,0.9999961115075602
911.952005,0.9999957401090733
912.01227,0.999995537509957
912.072535,0.999995537509957
912.1328,0.999995537509957
912.193065,0.999995537509957
912.25333,0.999995537509957
912.313595,0.999995537509957
912.37386,0.999995537509957
912.434125,0.9999956951092661
912.49439,0.9999960365078546
912.554655,0.999996274706939
912.61492,0.9999964454063176
912.675185,0.9999965973057892
912.73545,0.9999967380053203
912.795715,0.9999968056051021
912.85598,0.9999967755051987
912.916245,0.9999966048057637
912.97651,0.9999963254067513
913.036775,0.9999958808084839
913.09704,0.9999955206100325
913.157305,0.9999952880111015
913.21757,0.9999952449113054
913.277835,0.9999952449113054
913.3381,0.9999952449113054
913.398365,0.9999952449113054
913.45863,0.9999952449113054
913.518895,0.9999954025105685
913.57916,0.9999957983088271
913.639425,0.9999962128071714
913.69969,0.9999965542059368
913.759955,0.9999968956048186
913.82022,0.9999972314038326
913.880485,0.9999975285030541
913.94075,0.9999977962024283
914.001015,0.9999978757022563
914.06128,0.9999977065026301
914.121545,0.9999973439035275
914.18181,0.9999968805048657
914.242075,0.9999963741065736
914.30234,0.9999960627077512
914.362605,0.9999960252078995
914.42287,0.9999960252078995
914.483135,0.9999960252078995
914.5434,0.9999960252078995
914.603665,0.9999960252078995
914.66393,0.9999960252078995
914.724195,0.9999960252078995
914.78446,0.9999958620085615
914.844725,0.9999957270091292
914.90499,0.9999956294095511
914.965255,0.9999955806097656
915.02552,0.9999955676098231
915.085785,0.9999955863097404
915.14605,0.9999955619098484
915.206315,0.9999954287104483
915.26658,0.9999950760121229
915.326845,0.9999945339149391
915.38711,0.9999940331178019
915.447375,0.9999938306190307
915.50764,0.9999938306190307
915.567905,0.9999938306190307
915.62817,0.9999938306190307
915.688435,0.9999938306190307
915.7487,0.9999938663188112
915.808965,0.9999941101173454
915.86923,0.9999943540159386
915.929495,0.9999945247149894
915.98976,0.9999948286133716
916.050025,0.9999954138105166
916.11029,0.9999958715085222
916.170555,0.9999962617069874
916.23082,0.9999966274056872
916.291085,0.9999969575046284
916.35135,0.999996995004515
916.411615,0.9999966910054747
916.47188,0.9999961001076046
916.532145,0.9999955937097077
916.59241,0.9999953067110136
916.652675,0.9999952449113054
916.71294,0.9999952449113054
916.773205,0.9999952449113054
916.83347,0.9999952449113054
916.893735,0.9999954269104566
916.954,0.9999956651093956
917.014265,0.9999958058087957
917.07453,0.9999958846084682
917.134795,0.9999961154075451
917.19506,0.9999964568062771
917.255325,0.9999967437053018
917.31559,0.9999969632046111
917.375855,0.9999972127038845
917.43612,0.9999975280030554
917.496385,0.9999977502025308
917.55665,0.9999976728027079
917.616915,0.9999972405038074
917.67718,0.999996533306009
917.737445,0.9999958749085082
917.79771,0.9999953197109526
917.857975,0.9999948922130448
917.91824,0.9999947084140005
917.978505,0.9999947084140005
918.03877,0.9999947084140005
918.099035,0.9999947084140005
918.1593,0.9999947084140005
918.219565,0.9999947198139403
918.27983,0.9999948604132077
918.340095,0.9999949523127396
918.40036,0.9999949710126455
918.460625,0.9999948434132953
918.52089,0.9999946239144512
918.581155,0.9999944589153519
918.64142,0.9999943670158653
918.701685,0.9999942882163123
918.76195,0.999994136217192
918.822215,0.9999938924186513
918.88248,0.9999936184203624
918.942745,0.9999932039230934
919.00301,0.9999928438256055
919.063275,0.9999925999273807
919.12354,0.9999924894282045
919.183805,0.9999924894282045
919.24407,0.9999924894282045
919.304335,0.9999926715268533
919.3646,0.9999929698247118
919.424865,0.999993390021846
919.48513,0.9999938289190412
919.545395,0.9999943223161181
919.60566,0.9999948287133712
919.665925,0.9999952319113674
919.72619,0.9999954457103708
919.786455,0.9999955432099316
919.84672,0.9999955562098737
919.906985,0.9999954530103375
919.96725,0.9999952034115037
920.027515,0.9999948620131995
920.08778,0.9999945206150119
920.148045,0.999994136217192
920.20831,0.9999939167185032
920.268575,0.9999938793187314
920.32884,0.9999938192191011
920.389105,0.9999936485201707
920.44937,0.9999936656200623
920.509635,0.999993757419485
920.5699,0.9999937086197909
920.630165,0.9999936355202533
920.69043,0.9999936957198721
920.750695,0.9999939452183303
920.81096,0.9999943655158737
920.871225,0.9999947686136837
920.93149,0.999995031112345
920.991755,0.9999951230118925
921.05202,0.999995062812188
921.112285,0.9999947889135777
921.17255,0.9999943198161323
921.232815,0.999993723219699
921.29308,0.9999930705240089
921.353345,0.9999926430270627
921.41361,0.9999922471300536
921.473875,0.9999918081335535
921.53414,0.9999916115351833
921.594405,0.9999916717346802
921.65467,0.9999918611331208
921.714935,0.9999920017319863
921.7752,0.9999919773321818
921.835465,0.9999918798329688
921.89573,0.9999917822337661
921.955995,0.9999917091343694
922.01626,0.9999917091343694
922.076525,0.9999917937336716
922.13679,0.9999919644322853
922.197055,0.9999920806313584
922.25732,0.9999920204318369
922.317585,0.9999918196334594
922.37785,0.999991684734572
922.438115,0.999991684734572
922.49838,0.9999917091343694
922.558645,0.9999916546348228
922.61891,0.9999915326358483
922.679175,0.9999914652364214
922.73944,0.9999914709363726
922.799705,0.9999914896362133
922.85997,0.9999914652364214
922.920235,0.9999914652364214
922.9805,0.999991568535545
923.040765,0.9999916904345246
923.10103,0.9999917033344176
923.161295,0.9999915025361037
923.22156,0.9999911310393295
923.281825,0.9999906864433714
923.34209,0.9999901743482721
923.402355,0.9999896080539966
923.46262,0.9999889740607861
923.522885,0.9999883700676282
923.58315,0.9999878820734227
923.643415,0.9999874980781497
923.70368,0.9999871560824838
923.763945,0.9999868940858833
923.82421,0.9999867350879798
923.884475,0.9999867650875822
923.94474,0.9999869170855821
924.005005,0.9999871120830499
924.06527,0.9999873310802514
924.125535,0.9999875450775632
924.1858,0.9999877950744807
924.246065,0.9999880930708881
924.30633,0.9999884100671638
924.366595,0.9999886420645019
924.42686,0.9999887280635288
924.487125,0.9999886310646269
924.54739,0.9999884300669322
924.607655,0.9999881620700688
924.66792,0.9999879420726974
924.728185,0.9999878320740299
924.78845,0.9999878380739569
924.848715,0.9999878560737381
924.90898,0.9999877230753621
924.969245,0.9999874490787635
925.02951,0.999987113083037
925.089775,0.9999868750861325
925.15004,0.999986808087014
925.210305,0.9999868920859094
925.27057,0.9999871180829726
925.330835,0.9999874590786381
925.3911,0.9999878490738231
925.451365,0.9999882090695136
925.51163,0.9999884720664471
925.571895,0.9999885940650481
925.63216,0.9999886060649114
925.692425,0.9999884240670016
925.75269,0.999988023071724
925.812955,0.9999874920782247
925.87322,0.9999869800847598
925.933485,0.9999865160909087
925.99375,0.999986083096841
926.054015,0.9999856991022588
926.11428,0.9999854851053421
926.174545,0.9999855211048202
926.23481,0.9999857711012318
926.295075,0.9999860330975381
926.35534,0.9999861490959246
926.415605,0.9999861000966046
926.47587,0.9999860270976219
926.536135,0.9999860030979576
926.5964,0.9999859540986445
926.656665,0.9999859000994046
926.71693,0.9999858261004506
926.777195,0.9999857291018303
926.83746,0.9999855831039245
926.897725,0.9999854361060545
926.95799,0.999985345107384
927.018255,0.999985345107384
927.07852,0.9999853391074719
927.138785,0.999985217109268
927.19905,0.9999850161122595
927.259315,0.999984802115489
927.31958,0.9999847051169679
927.379845,0.999984741116418
927.44011,0.9999849171137478
927.500375,0.9999852461088398
927.56064,0.9999856851024591
927.620905,0.9999861670956754
927.68117,0.9999865270907604
927.741435,0.9999866920885511
927.8017,0.9999866560890308
927.861965,0.9999865090910032
927.92223,0.9999863930925748
927.982495,0.9999863440932427
928.04276,0.9999862900939817
928.103025,0.9999860890967575
928.16329,0.9999857601013883
928.223555,0.9999853521072815
928.28382,0.9999849611130852
928.344085,0.9999846501178107
928.40435,0.9999844121214922
928.464615,0.9999842171245509
928.52488,0.9999839671285279
928.585145,0.9999836991328606
928.64541,0.9999835641350703
928.705675,0.9999836981328769
928.76594,0.9999840751268021
928.826205,0.9999845631191498
928.88647,0.9999850211121847
928.946735,0.9999853321075746
929.007,0.9999854661056181
929.067265,0.999985545104473
929.12753,0.999985667102717
929.187795,0.9999858141006208
929.24806,0.9999858511000966
929.308325,0.9999856991022588
929.36859,0.999985455105778
929.428855,0.9999852901081915
929.48912,0.9999852711084712
929.549385,0.9999853501073107
929.60965,0.9999854661056181
929.669915,0.999985545104473
929.73018,0.9999856981022731
929.790445,0.9999859960980555
929.85071,0.9999864410919228
929.910975,0.9999868800860668
929.97124,0.9999872400814085
930.031505,0.9999874470787886
930.09177,0.9999875150779373
930.152035,0.9999874900782497
930.2123,0.9999874900782497
930.272565,0.9999875450775632
930.33283,0.9999876430763475
930.393095,0.9999877340752271
930.45336,0.9999876500762609
930.513625,0.999987406079304
930.57389,0.9999870830834241
930.634155,0.9999867720874897
930.69442,0.9999865580903433
930.754685,0.9999864170922486
930.81495,0.9999863140936529
930.875215,0.9999862470945721
930.93548,0.9999862770941599
930.995745,0.9999864780914218
931.05601,0.9999868250867899
931.116275,0.9999871660823554
931.17654,0.9999873990793923
931.236805,0.9999874170791656
931.29707,0.999987284080848
931.357335,0.9999870890833465
931.4176,0.9999869180855689
931.477865,0.9999867770874235
931.53813,0.9999866560890308
931.598395,0.9999865340906662
931.65866,0.9999864120923164
931.718925,0.9999862350947372
931.77919,0.9999860160977757
931.839455,0.9999857721012175
931.89972,0.9999855341046321
931.959985,0.9999854181063168
932.02025,0.9999854721055309
932.080515,0.999985679102545
932.14078,0.9999860510972869
932.201045,0.9999865140909356
932.26131,0.9999870320840841
932.321575,0.9999875620773516
932.38184,0.9999880440714727
932.442105,0.9999885140659639
932.50237,0.9999889710608192
932.562635,0.999989361056594
932.6229,0.9999895930541526
932.683165,0.9999896310537579
932.74343,0.9999895330547789
932.803695,0.9999894110560633
932.86396,0.9999893380568389
932.924225,0.9999892950572983
932.98449,0.9999892400578886
933.044755,0.9999890940594702
933.10502,0.999988978060742
933.165285,0.9999890380600825
933.22555,0.9999894400557566
933.285815,0.9999900312496883
933.34608,0.9999904771453426
933.406345,0.9999906059441244
933.46661,0.9999904352457426
933.526875,0.9999902343476843
933.58714,0.9999901484485268
933.647405,0.9999902518475136
933.70767,0.9999904225458641
933.767935,0.999990544444704
933.8282,0.9999905630445284
933.888465,0.9999905327448148
933.94873,0.9999904596455095
934.008995,0.9999904167459197
934.06926,0.9999903864462105
934.129525,0.9999903133469159
934.18979,0.9999901251487566
934.250055,0.9999897160528801
934.31032,0.9999893620565833
934.370585,0.9999893250569776
934.43085,0.9999896350537164
934.491115,0.9999902322477048
934.55138,0.9999910915396806
934.611645,0.9999919206326383
934.67191,0.9999927253264606
934.732175,0.999993415021681
934.79244,0.9999938423189586
934.852705,0.9999940559176661
934.91297,0.9999940686175908
934.973235,0.9999939223184692
935.0335,0.999993721319711
935.093765,0.999993507721075
935.15403,0.9999933312222364
935.214295,0.9999931419235167
935.27456,0.999992971224702
935.334825,0.99999287962535
935.39509,0.9999928249257409
935.455355,0.9999927274264453
935.51562,0.9999925938274258
935.575885,0.9999923070295911
935.63615,0.9999920875313038
935.696415,0.9999918437332626
935.75668,0.9999917335341674
935.816945,0.9999918125335174
935.87721,0.9999920378316982
935.937475,0.9999923362293668
935.99774,0.9999926474270303
936.058005,0.9999928610254826
936.11827,0.9999929283250044
936.178535,0.9999928493255662
936.2388,0.9999926728268439
936.299065,0.9999923987288898
936.35933,0.9999921119311109
936.419595,0.9999919773321818
936.47986,0.9999920680314582
936.540125,0.9999924036288526
936.60039,0.9999926474270303
936.660655,0.9999928913252667
936.72092,0.9999931410235229
936.781185,0.9999934580213988
936.84145,0.9999938296190369
936.901715,0.9999941349171997
936.96198,0.9999942997162466
937.022245,0.9999943729158322
937.08251,0.9999944704152882
937.142775,0.9999945924146211
937.20304,0.9999947084140005
937.263305,0.9999947875135851
937.32357,0.9999948606132067
937.383835,0.9999949523127396
937.4441,0.999994922012893
937.504365,0.9999946177144845
937.56463,0.99999414851712
937.624895,0.9999937096197845
937.68516,0.9999933496221138
937.745425,0.9999930931238525
937.80569,0.9999929166250873
937.865955,0.9999927576262261
937.92622,0.9999928367256564
937.986485,0.9999930073244488
938.04675,0.9999931839232296
938.107015,0.9999933790219188
938.16728,0.9999936531201415
938.227545,0.9999940189178868
938.28781,0.9999944091156291
938.348075,0.9999946899140986
938.40834,0.9999948060134888
938.468605,0.9999947757136466
938.52887,0.9999946479143225
938.589135,0.9999944284155213
938.6494,0.999994129917229
938.709665,0.9999937885192913
938.76993,0.9999934472214695
938.830195,0.999993111623725
938.89046,0.9999928678254341
938.950725,0.9999927517262689
939.01099,0.9999928182257891
939.071255,0.9999930864238988
939.13152,0.9999933546220806
939.191785,0.9999936044204518
939.25205,0.9999939155185106
939.312315,0.999994287216318
939.37258,0.9999945436148862
939.432845,0.9999945075150838
939.49311,0.9999943065162079
939.553375,0.9999941417171598
939.61364,0.9999941291172337
939.673905,0.9999942022168072
939.73417,0.9999941963168414
939.794435,0.9999941417171598
939.8547,0.9999940929174469
939.914965,0.9999940744175563
939.97523,0.9999940744175563
940.035495,0.9999940257178461
940.09576,0.9999940257178461
940.156025,0.9999940257178461
940.21629,0.9999940257178461
940.276555,0.9999940257178461
940.33682,0.9999940374177763
940.397085,0.9999942569164916
940.45735,0.9999945798146893
940.517615,0.9999949212128971
940.57788,0.9999951533117453
940.638145,0.9999952205114218
940.69841,0.9999952508112774
940.758675,0.9999953786106787
940.81894,0.9999955434099306
940.879205,0.9999956107096329
940.93947,0.9999955560098746
940.999735,0.9999954341104237
941.06,0.9999951599117133
941.120265,0.9999948614132026
941.18053,0.9999945503148496
941.240795,0.999994257716487
941.30106,0.9999939895180631
941.361325,0.9999938062191815
941.42159,0.9999939887180678
941.481855,0.9999943175161454
941.54212,0.9999948052134929
941.602385,0.9999953720107092
941.66265,0.9999959816080738
941.722915,0.9999965004061236
941.78318,0.999996768605221
941.843445,0.9999969090047771
941.90371,0.9999969460046635
941.963975,0.9999968484049663
942.02424,0.9999966718055384
942.084505,0.999996482606186
942.14477,0.999996311906801
942.205035,0.9999961353074679
942.2653,0.9999959765080942
942.325565,0.9999959277082918
942.38583,0.9999958789084917
942.446095,0.9999958789084917
942.50636,0.9999958789084917
942.566625,0.9999958789084917
942.62689,0.9999958789084917
942.687155,0.9999958789084917
942.74742,0.9999959765080942
942.807685,0.9999959462082166
942.86795,0.9999958974084157
942.928215,0.9999959092083673
942.98848,0.9999959824080705
943.048745,0.9999960496078029
943.10901,0.9999961043075882
943.169275,0.9999961715073287
943.22954,0.999996190007258
943.289805,0.9999960378078495
943.35007,0.9999957451090521
943.410335,0.9999953978105901
943.4706,0.9999952205114218
943.530865,0.9999952205114218
943.59113,0.9999952205114218
943.651395,0.9999951111119506
943.71166,0.9999949523127396
943.771925,0.9999950373123142
943.83219,0.999995311510991
943.892455,0.9999957016092381
943.95272,0.9999959336082678
944.012985,0.9999960555077795
944.07325,0.9999960984076113
944.133515,0.9999960984076113
944.19378,0.9999961287074934
944.254045,0.999996250607029
944.31431,0.9999963969064911
944.374575,0.9999965373059951
944.43484,0.9999965070061005
944.495105,0.9999962328070959
944.55537,0.999995940208241
944.615635,0.9999957326091053
944.6759,0.999995884908467
944.736165,0.9999959765080942
944.79643,0.9999959765080942
944.856695,0.9999959765080942
944.91696,0.9999960127079492
944.977225,0.9999962566070065
945.03749,0.9999965795058499
945.097755,0.9999969697045914
945.15802,0.9999973783034366
945.218285,0.9999975430030185
945.27855,0.9999975615029731
945.338815,0.9999975127030933
945.39908,0.9999974580032309
945.459345,0.9999973605034834
945.51961,0.999997208203897
945.579875,0.9999969584046257
945.64014,0.9999966111057423
945.700405,0.9999962025072104
945.76067,0.9999959217083163
945.820935,0.9999959033083915
945.8812,0.9999959033083915
945.941465,0.9999959033083915
946.00173,0.9999959033083915
946.061995,0.999995848608617
946.12226,0.9999955928097117
946.182525,0.9999953424108466
946.24279,0.9999953484108187
946.303055,0.9999954519103426
946.36332,0.9999955923097139
946.423585,0.9999956898092889
946.48385,0.9999958177087458
946.544115,0.9999960068079728
946.60438,0.9999961531073993
946.664645,0.9999961959072355
946.72491,0.9999961412074452
946.785175,0.9999959830080681
946.84544,0.9999957451090521
946.905705,0.9999957082092098
946.96597,0.9999957082092098
947.026235,0.9999957082092098
947.0865,0.9999958480086195
947.146765,0.9999961591073763
947.20703,0.9999964761062089
947.267295,0.9999967687052207
947.32756,0.999997061304318
947.387825,0.999997359903485
947.44809,0.999997681402688
947.508355,0.9999978824022421
947.56862,0.9999982226015796
947.628885,0.9999985641010309
947.68915,0.9999987757007495
947.749415,0.9999988472006645
947.80968,0.9999987365007982
947.869945,0.999998459901186
947.93021,0.9999981318017451
947.990475,0.9999980175019652
948.05074,0.9999980175019652
948.111005,0.9999980175019652
948.17127,0.9999980175019652
948.231535,0.9999980175019652
948.2918,0.9999980175019652
948.352065,0.9999980175019652
948.41233,0.9999980175019652
948.472595,0.9999980893018254
948.53286,0.9999981467017174
948.593125,0.9999981467017174
948.65339,0.9999982569015192
948.713655,0.9999985055011168
948.77392,0.9999986904008575
948.834185,0.9999988038007155
948.89445,0.9999988083007101
948.954715,0.9999986189009538
949.01498,0.999998149601712
949.075245,0.9999977015026416
949.13551,0.9999973788034353
949.195775,0.9999972201038639
949.25604,0.9999972201038639
949.316305,0.9999972201038639
949.37657,0.9999972201038639
949.436835,0.9999972201038639
949.4971,0.9999972201038639
949.557365,0.9999972201038639
949.61763,0.9999972201038639
949.677895,0.9999972201038639
949.73816,0.9999972565037634
949.798425,0.9999975063031092
949.85869,0.9999977576025142
949.918955,0.9999979813020375
949.97922,0.9999982459015384
950.039485,0.999998501301123
950.09975,0.9999986709008832
950.160015,0.9999987198008194
950.22028,0.999998585801
950.280545,0.9999984017012773
950.34081,0.9999982267015723
950.401075,0.999998202801615
950.46134,0.999998202801615
950.521605,0.999998202801615
950.58187,0.999998202801615
950.642135,0.999998202801615
950.7024,0.999998202801615
950.762665,0.999998202801615
950.82293,0.999998210601601
950.883195,0.9999983849013043
950.94346,0.9999985916009918
951.003725,0.9999987393007946
951.06399,0.999998755800774
951.124255,0.9999987345008008
951.18452,0.9999986960008502
951.244785,0.9999986521009084
951.30505,0.999998594300988
951.365315,0.9999984621011826
951.42558,0.9999981738016676
951.485845,0.999997889102228
951.54611,0.9999976294028099
951.606375,0.9999973848034196
951.66664,0.9999971897039489
951.726905,0.9999971713040008
951.78717,0.9999971713040008
951.847435,0.9999971713040008
951.9077,0.9999971713040008
951.967965,0.9999971713040008
952.02823,0.9999973297035653
952.088495,0.9999975515029976
952.14876,0.9999978174023819
952.209025,0.9999980235019533
952.26929,0.9999980632018756
952.329555,0.9999980163019675
952.38982,0.9999979030021987
952.450085,0.9999977262025851
952.51035,0.9999975067031083
952.570615,0.9999973360035485
952.63088,0.9999972689037294
952.691145,0.9999973420035325
952.75141,0.9999973420035325
952.811675,0.9999973420035325
952.87194,0.9999973420035325
952.932205,0.9999973420035325
952.99247,0.9999973420035325
953.052735,0.9999973420035325
953.113,0.9999973420035325
953.173265,0.9999973420035325
953.23353,0.9999974700032005
953.293795,0.9999976924026625
953.35406,0.9999980215019573
953.414325,0.9999983362013841
953.47459,0.999998605000973
953.534855,0.9999988014007183
953.59512,0.99999882530069
953.655385,0.9999986529009074
953.71565,0.9999983103014275
953.775915,0.9999980706018613
953.83618,0.9999980468019075
953.896445,0.9999980468019075
953.95671,0.9999980468019075
954.016975,0.9999980468019075
954.07724,0.9999980468019075
954.137505,0.9999980468019075
954.19777,0.9999980468019075
954.258035,0.9999980468019075
954.3183,0.9999980468019075
954.378565,0.9999980546018923
954.43883,0.9999982356015565
954.499095,0.999998480101155
954.55936,0.999998793400728
954.619625,0.99999916339035
954.67989,0.9999994086001749
954.740155,0.9999994574401472
954.80042,0.9999993222402297
954.860685,0.9999990399704608
954.92095,0.9999987516007792
954.981215,0.9999984712011686
955.04148,0.9999983101014279
955.101745,0.9999983101014279
955.16201,0.9999983101014279
955.222275,0.9999983101014279
955.28254,0.9999983101014279
955.342805,0.9999983101014279
955.40307,0.9999983101014279
955.463335,0.9999983101014279
955.5236,0.9999982706014954
955.583865,0.9999980828018378
955.64413,0.9999978682022723
955.704395,0.9999978346023445
955.76466,0.9999978462023195
955.824925,0.9999979041021964
955.88519,0.9999980149019703
955.945455,0.9999983070014331
956.00572,0.9999984558011923
956.065985,0.9999983267014
956.12625,0.9999981224017627
956.186515,0.9999979517020978
956.24678,0.9999979517020978
956.307045,0.9999979517020978
956.36731,0.9999979517020978
956.427575,0.9999979517020978
956.48784,0.9999979517020978
956.548105,0.9999980613018793
956.60837,0.9999982649015053
956.668635,0.999998502701121
956.7289,0.9999987618007665
956.789165,0.9999990190304812
956.84943,0.999999230590296
956.909695,0.9999992441202856
956.96996,0.9999990289004715
957.030225,0.9999989167005867
957.09049,0.9999988308006835
957.150755,0.9999987649007628
957.21102,0.9999986095009668
957.271285,0.9999983638013386
957.33155,0.999998152301707
957.391815,0.9999980931018181
957.45208,0.9999980931018181
957.512345,0.9999980931018181
957.57261,0.9999980931018181
957.632875,0.9999980931018181
957.69314,0.9999980931018181
957.753405,0.9999980931018181
957.81367,0.9999980931018181
957.873935,0.9999980931018181
957.9342,0.9999980736018556
957.994465,0.9999980340019325
958.05473,0.9999980388019232
958.114995,0.9999980705018615
958.17526,0.999998082701838
958.235525,0.999998048601904
958.29579,0.9999979681020643
958.356055,0.9999978347023443
958.41632,0.9999975853029154
958.476585,0.9999975127030933
958.53685,0.9999975127030933
958.597115,0.9999975127030933
958.65738,0.9999975127030933
958.717645,0.9999975127030933
958.77791,0.9999975127030933
958.838175,0.9999975127030933
958.89844,0.9999975694029539
958.958705,0.9999978102023976
959.01897,0.99999811320178
959.079235,0.999998385701303
959.1395,0.9999986246009459
959.199765,0.9999987594007695
959.26003,0.9999988289006857
959.320295,0.999998929500573
959.38056,0.9999989929005071
959.440825,0.9999989228005802
959.50109,0.99999865090091
959.561355,0.9999984333012273
959.62162,0.9999983418013748
959.681885,0.999998266201503
959.74215,0.9999980541018932
959.802415,0.999997795002431
959.86268,0.999997549303003
959.922945,0.9999974639032159
959.98321,0.9999974639032159
960.043475,0.9999974639032159
960.10374,0.9999974639032159
960.164005,0.9999974700032005
960.22427,0.9999976639027287
960.284535,0.9999978968022117
960.3448,0.9999981168017732
960.405065,0.9999983650013367
960.46533,0.9999985058011163
960.525595,0.9999984339012263
960.58586,0.9999982089016041
960.646125,0.9999978182023801
960.70639,0.9999976383027888
960.766655,0.9999976359027944
960.82692,0.999997837602338
960.887185,0.999998052201897
960.94745,0.9999980760018509
961.007715,0.9999980760018509
961.06798,0.9999980760018509
961.128245,0.9999980760018509
961.18851,0.9999980760018509
961.248775,0.9999980760018509
961.30904,0.9999980760018509
961.369305,0.9999980760018509
961.42957,0.9999980846018344
961.489835,0.9999981486017139
961.5501,0.9999981760016635
961.610365,0.9999981565016992
961.67063,0.9999980852018332
961.730895,0.9999979718020569
961.79116,0.9999978352023432
961.851425,0.9999976060028656
961.91169,0.9999975786029316
961.971955,0.9999975786029316
962.03222,0.9999975786029316
962.092485,0.9999975786029316
962.15275,0.9999975786029316
962.213015,0.9999975786029316
962.27328,0.999997531003048
962.333545,0.9999973298035649
962.39381,0.9999970860042456
962.454075,0.9999969031047954
962.51434,0.9999971409040872
962.574605,0.9999975347030389
962.63487,0.9999979535020941
962.695135,0.9999981577016971
962.7554,0.9999982425015445
962.815665,0.9999982741014893
962.87593,0.9999982247015758
962.936195,0.9999980229019545
962.99646,0.9999977663024947
963.056725,0.9999974456032624
963.11699,0.9999971042041929
963.177255,0.9999968421049862
963.23752,0.9999967812051803
963.297785,0.9999968909048332
963.35805,0.9999971348041047
963.418315,0.9999973787034356
963.47858,0.9999975127030933
963.538845,0.9999975127030933
963.59911,0.9999975066031085
963.659375,0.9999974152033406
963.71964,0.999997390803404
963.779905,0.9999974213033248
963.84017,0.9999975688029553
963.900435,0.9999977536025232
963.9607,0.9999978078024029
964.020965,0.9999977992024217
964.08123,0.9999977688024891
964.141495,0.9999976791026933
964.20176,0.9999974943031392
964.262025,0.9999971835039664
964.32229,0.999996915204758
964.382555,0.9999966409056418
964.44282,0.9999962751069374
964.503085,0.9999959093083669
964.56335,0.9999956533094468
964.623615,0.9999956961092618
964.68388,0.9999959705081184
964.744145,0.999996257007005
964.80441,0.9999964764062079
964.864675,0.9999965129060799
964.92494,0.9999964093064465
964.985205,0.9999963422066898
965.04547,0.999996287306892
965.105735,0.9999962691069598
965.166,0.9999962691069598
965.226265,0.999996293506869
965.28653,0.999996293506869
965.346795,0.9999963178067793
965.40706,0.999996482606186
965.467325,0.99999687270489
965.52759,0.9999972080038976
965.587855,0.9999972140038809
965.64812,0.999997012704462
965.708385,0.9999969031047954
965.76865,0.9999969031047954
965.828915,0.9999969031047954
965.88918,0.9999969154047573
965.949445,0.999997141004087
966.00971,0.999997348203516
966.069975,0.9999974152033406
966.13024,0.999997390803404
966.190505,0.9999973359035487
966.25077,0.9999972322038303
966.311035,0.9999970371043894
966.3713,0.9999967383053193
966.431565,0.9999962445070519
966.49183,0.9999957324091062
966.552095,0.9999953545107904
966.61236,0.999995190011568
966.672625,0.9999950437122824
966.73289,0.9999948242133945
966.793155,0.9999947572137434
966.85342,0.9999947572137434
966.913685,0.999994751013776
966.97395,0.9999945560148186
967.034215,0.9999945134150514
967.09448,0.9999945134150514
967.154745,0.9999945072150854
967.21501,0.9999944584153546
967.275275,0.9999944402154557
967.33554,0.9999945439148845
967.395805,0.999994696414064
967.45607,0.9999948609132051
967.516335,0.999994927912863
967.5766,0.999994873013143
967.636865,0.9999947267139038
967.69713,0.9999945316149517
967.757395,0.9999942998162461
967.81766,0.9999939889180667
967.877925,0.9999937756193715
967.93819,0.999993684319944
967.998455,0.9999936599200984
968.05872,0.9999936660200598
968.118985,0.9999937392195988
968.17925,0.9999938917186556
968.239515,0.9999940562176644
968.29978,0.9999940926174486
968.360045,0.9999939951180293
968.42031,0.9999938488189186
968.480575,0.9999937269196758
968.54084,0.9999936293202929
968.601105,0.9999935867205652
968.66137,0.9999935867205652
968.721635,0.9999935562207612
968.7819,0.9999934281215949
968.842165,0.9999931598233941
968.90243,0.999992806125876
968.962695,0.9999924221287122
969.02296,0.9999921418308756
969.083225,0.9999920017319863
969.14349,0.9999920017319863
969.203755,0.9999920934312571
969.26402,0.9999924348286161
969.324285,0.9999928555255219
969.38455,0.9999933126223606
969.444815,0.9999935929205255
969.50508,0.9999937086197909
969.565345,0.9999937330196376
969.62561,0.999993757419485
969.685875,0.999993757419485
969.74614,0.9999936781199832
969.806405,0.9999935074210768
969.86667,0.9999932817225677
969.926935,0.9999930928238546
969.9872,0.9999930197243623
970.047465,0.9999929709247041
970.10773,0.9999928122258321
970.167995,0.9999924952281609
970.22826,0.9999920989312137
970.288525,0.9999916661347269
970.34879,0.9999913309375765
970.409055,0.9999911726389614
970.46932,0.9999912581382103
970.529585,0.9999916301350276
970.58985,0.9999919409324745
970.650115,0.9999920505315972
970.71038,0.9999919467324277
970.770645,0.9999918004336166
970.83091,0.9999917091343694
970.891175,0.9999916785346236
970.95144,0.9999915809354405
971.011705,0.9999914102368922
971.07197,0.9999913189376807
971.132235,0.9999913495374154
971.1925,0.9999914470365768
971.252765,0.999991514036006
971.31303,0.999991514036006
971.373295,0.9999914590364742
971.43356,0.9999912821380008
971.493825,0.9999910321402115
971.55409,0.9999907275429895
971.614355,0.9999907093431584
971.67462,0.9999908924414741
971.734885,0.9999911912387973
971.79515,0.9999915082360552
971.855415,0.9999918252334136
971.91568,0.9999921360309212
971.975945,0.9999924043288473
972.03621,0.9999926419270707
972.096475,0.9999927820260497
972.15674,0.9999928002259185
972.217005,0.999992672126849
972.27727,0.9999924526284816
972.337535,0.9999922393301142
972.3978,0.9999921174310676
972.458065,0.9999919711322315
972.51833,0.9999917392341203
972.578595,0.9999914222367893
972.63886,0.9999911358392869
972.699125,0.9999909407410353
972.75939,0.9999908006423144
972.819655,0.9999907093431584
972.87992,0.999990654343671
972.940185,0.999990660543613
973.00045,0.9999907155431008
973.060715,0.999990764342649
973.12098,0.999990782442482
973.181245,0.999990782442482
973.24151,0.9999907274429904
973.301775,0.9999905505446464
973.36204,0.999990276147277
973.422305,0.9999899650503504
973.48257,0.9999897210528288
973.542835,0.999989557054528
973.6031,0.999989484055293
973.663365,0.9999895140549779
973.72363,0.9999896730533233
973.783895,0.9999899720502802
973.84416,0.9999903378466789
973.904425,0.9999906730434963
973.96469,0.9999909168412522
974.024955,0.9999911057395542
974.08522,0.9999912214385318
974.145485,0.9999913189376807
974.20575,0.999991447136576
974.266015,0.9999916178351306
974.32628,0.9999917947336634
974.386545,0.9999920141318872
974.44681,0.9999923068295926
974.507075,0.9999926300271584
974.56734,0.9999929164250886
974.627605,0.9999930321242757
974.68787,0.9999930259243189
974.748135,0.9999930015244894
974.8084,0.9999929952245336
974.868665,0.9999929465248759
974.92893,0.9999928733253949
974.989195,0.9999928308256987
975.04946,0.9999928614254797
975.109725,0.9999929346249599
975.16999,0.9999930015244894
975.230255,0.9999930746239806
975.29052,0.9999932090230588
975.350785,0.9999934041217529
975.41105,0.9999935930205248
975.471315,0.9999936599200984
975.53158,0.9999936292202936
975.591845,0.9999935317209194
975.65211,0.9999933792219174
975.712375,0.9999931291236046
975.77264,0.9999927939259639
975.832905,0.9999925075280687
975.89317,0.9999923368293623
975.953435,0.9999922149303038
976.0137,0.9999920380316967
976.073965,0.9999918491332185
976.13423,0.9999918066335658
976.194495,0.9999919410324737
976.25476,0.9999921786305871
976.315025,0.9999923800290321
976.37529,0.9999925688276113
976.435555,0.999992721426489
976.49582,0.9999929102251326
976.556085,0.9999930259243189
976.61635,0.9999930990238118
976.676615,0.9999931297236004
976.73688,0.9999931722233094
976.797145,0.9999931415235195
976.85741,0.999992989024577
976.917675,0.9999927451263168
976.97794,0.9999925319278862
977.038205,0.9999924162287569
977.09847,0.9999923675291275
977.158735,0.9999923368293623
977.219,0.9999923187295011
977.279265,0.9999923249294536
977.33953,0.9999923675291275
977.399795,0.9999924162287569
977.46006,0.9999924406285722
977.520325,0.999992465028388
977.58059,0.9999925688276113
977.640855,0.9999927701261356
977.70112,0.9999930321242757
977.761385,0.9999932028231009
977.82165,0.999993190323186
977.881915,0.9999930621240671
977.94218,0.9999928489255691
978.002445,0.9999926476270288
978.06271,0.9999924344286191
978.122975,0.999992233030163
978.18324,0.9999919954320368
978.243505,0.9999917941336683
978.30377,0.9999915746354936
978.364035,0.999991355137367
978.4243,0.9999911176394484
978.484565,0.9999909712407595
978.54483,0.9999908800415871
978.605095,0.9999908312420334
978.66536,0.999990782442482
978.725625,0.9999908131421994
978.78589,0.9999909963405332
978.846155,0.9999913133377293
978.90642,0.9999916791346186
978.966685,0.9999920386316918
979.02695,0.9999923006296403
979.087215,0.9999924162287569
979.14748,0.9999923124295496
979.207745,0.9999920560315535
979.26801,0.99999174533407
979.328275,0.9999915077360595
979.38854,0.9999914346366829
979.448805,0.9999914408366298
979.50907,0.9999914959361598
979.569335,0.9999915690355408
979.6296,0.9999916115351833
979.689865,0.9999916052352362
979.75013,0.9999915077360595
979.810395,0.9999913858371021
979.87066,0.9999912639381596
979.930925,0.9999911419392329
979.99119,0.99999102004032
980.051455,0.9999909287411441
980.11172,0.9999909044413648
980.171985,0.9999909531409231
980.23225,0.9999909775407027
980.292515,0.9999908981414222
980.35278,0.9999906660435617
980.413045,0.9999903246468065
980.47331,0.9999899650503504
980.533575,0.9999897210528288
980.59384,0.9999895810542776
980.654105,0.9999895140549779
980.71437,0.9999895140549779
980.774635,0.9999895940541422
980.8349,0.9999897400526336
980.895165,0.9999898560514502
980.95543,0.9999898740512677
981.015695,0.9999898310517041
981.07596,0.9999898310517041
981.136225,0.9999899110508937
981.19649,0.9999900328496724
981.256755,0.9999900265497352
981.31702,0.9999898680513285
981.377285,0.9999896240538305
981.43755,0.9999894040561375
981.497815,0.9999892090582226
981.55808,0.9999889900606098
981.618345,0.999988746063326
981.67861,0.9999884470667356
981.738875,0.9999880750711025
981.79914,0.9999876180766566
981.859405,0.999987234081485
981.91967,0.9999870210842269
981.979935,0.9999869540850986
982.0402,0.9999869050857392
982.100465,0.9999868010871065
982.16073,0.9999866610889641
982.220995,0.9999866920885511
982.28126,0.999986949085164
982.341525,0.9999873630798466
982.40179,0.9999877230753621
982.462055,0.9999878560737381
982.52232,0.9999877520750065
982.582585,0.9999875020780997
982.64285,0.999987234081485
982.703115,0.9999870450839157
982.76338,0.9999869780847859
982.823645,0.9999869540850986
982.88391,0.9999868750861325
982.944175,0.9999867280880727
983.00444,0.999986582090021
983.064705,0.9999864360919907
983.12497,0.9999862830940777
983.185235,0.9999860630971196
983.2455,0.9999858501001108
983.305765,0.9999857041021873
983.36603,0.9999856061035931
983.426295,0.9999854851053421
983.48656,0.9999853081079269
983.546825,0.9999850641115415
983.60709,0.999984765116052
983.667355,0.999984399121695
983.72762,0.9999840331274719
983.787885,0.999983643133775
983.84815,0.9999833261390104
983.908415,0.9999830151442443
983.96868,0.9999827161493675
984.028945,0.9999824061547735
984.08921,0.9999821621590962
984.149475,0.9999819421630447
984.20974,0.9999816431684887
984.270005,0.9999811981767565
984.33027,0.9999807101860508
984.390535,0.9999803021940044
984.4508,0.9999800471990598
984.511065,0.9999799252015015
984.57133,0.9999798582028487
984.631595,0.9999798342033324
984.69186,0.9999798342033324
984.752125,0.9999797542049489
984.81239,0.9999795462091816
984.872655,0.9999792052162145
984.93292,0.9999787842250577
984.993185,0.9999782962355301
985.05345,0.9999778092462184
985.113715,0.999977352256464
985.17398,0.9999770472634181
985.234245,0.9999770052643829
985.29451,0.9999770362636706
985.354775,0.9999770292638314
985.41504,0.999976999264521
985.475305,0.9999769802649582
985.53557,0.9999769802649582
985.595835,0.9999769502656493
985.6561,0.9999768522679129
985.716365,0.9999767552701629
985.77663,0.9999766822718624
985.836895,0.9999765902740119
985.89716,0.9999765172757235
985.957425,0.9999764382775818
986.01769,0.9999763402798956
986.077955,0.9999761872835272
986.13822,0.999975888290692
986.198485,0.9999753083048449
986.25875,0.9999745763231872
986.319015,0.9999738443420652
986.37928,0.9999733573549215
986.439545,0.999972933366308
986.49981,0.9999726253746919
986.560075,0.9999723813814011
986.62034,0.9999722013863886
986.680605,0.9999722013863886
986.74087,0.9999719573932012
986.801135,0.9999719573932012
986.8614,0.9999719573932012
986.921665,0.9999719573932012
986.98193,0.9999717134000734
987.042195,0.9999714694070051
987.10246,0.9999712264139675
987.162725,0.9999709824210181
987.22299,0.999970674430003
987.283255,0.9999702504425269
987.34352,0.9999699434517071
987.403785,0.9999694554664937
987.46405,0.9999689674815185
987.524315,0.9999682995024713
987.58458,0.9999677485200902
987.644845,0.999967260535948
987.70511,0.9999667735520107
987.765375,0.9999663495661886
987.82564,0.9999660415766003
987.885905,0.9999656175910886
987.94617,0.9999653735995077
988.006435,0.9999653735995077
988.0667,0.9999653735995077
988.126965,0.9999653735995077
988.18723,0.9999653735995077
988.247495,0.9999653735995077
988.30776,0.9999651296079862
988.368025,0.999965066610185
988.42829,0.9999646426250867
988.488555,0.9999643986337436
988.54882,0.9999640906447563
988.609085,0.9999636666600717
988.66935,0.9999634226689669
988.729615,0.9999631156802432
988.78988,0.9999626916959721
988.850145,0.9999624477051051
988.91041,0.9999622037142976
988.970675,0.9999621397167187
989.03094,0.9999619597235496
989.091205,0.9999617157328613
989.15147,0.9999614727421938
989.211735,0.9999612287516243
989.272,0.9999612287516243
989.332265,0.9999614727421938
989.39253,0.9999614727421938
989.452795,0.9999612287516243
989.51306,0.9999609847611143
989.573325,0.9999604967802728
989.63359,0.9999600087996694
989.693855,0.9999597018119938
989.75412,0.9999592778291702
989.814385,0.9999589698417599
989.87465,0.9999585458592466
989.934915,0.9999580588795534
989.99518,0.9999575709001397
990.055445,0.9999572629132553
990.11571,0.9999568389314657
990.175975,0.9999568389314657
990.23624,0.9999568389314657
990.296505,0.9999567759341869
990.35677,0.9999565319447633
990.417035,0.9999563519526038
990.4773,0.9999563519526038
990.537565,0.9999565959419834
990.59783,0.9999568389314657
990.658095,0.9999570829209642
990.71836,0.9999568389314657
990.778625,0.9999565959419834
990.83889,0.9999565959419834
990.899155,0.9999563519526038
990.95942,0.9999563519526038
991.019685,0.9999563519526038
991.07995,0.9999563519526038
991.140215,0.9999563519526038
991.20048,0.9999561079632836
991.260745,0.999955863974023
991.32101,0.999955863974023
991.381275,0.9999561079632836
991.44154,0.9999563519526038
991.501805,0.9999565959419834
991.56207,0.9999565959419834
991.622335,0.9999563519526038
991.6826,0.9999563519526038
991.742865,0.9999563519526038
991.80313,0.9999561079632836
991.863395,0.999955863974023
991.92366,0.999955619984822
991.983925,0.9999553759956805
992.04419,0.9999551320065986
992.104455,0.9999551320065986
992.16472,0.9999551320065986
992.224985,0.9999553759956805
992.28525,0.9999553759956805
992.345515,0.9999553759956805
992.40578,0.9999553759956805
992.466045,0.999955619984822
992.52631,0.999955863974023
992.586575,0.9999561079632836
992.64684,0.9999561079632836
992.707105,0.9999564159498123
992.76737,0.9999568389314657
992.827635,0.9999570829209642
992.8879,0.9999573269105222
992.948165,0.9999573269105222
993.00843,0.9999573269105222
993.068695,0.9999573269105222
993.12896,0.9999573269105222
993.189225,0.9999570829209642
993.24949,0.9999570829209642
993.309755,0.9999570829209642
993.37002,0.9999570829209642
993.430285,0.9999568389314657
993.49055,0.9999565959419834
993.550815,0.9999565959419834
993.61108,0.9999565959419834
993.671345,0.9999565959419834
993.73161,0.9999565959419834
993.791875,0.9999565959419834
993.85214,0.9999568389314657
993.912405,0.9999573269105222
993.97267,0.9999578148898168
994.032935,0.9999583018693912
994.0932,0.9999585458592466
994.153465,0.9999587898491616
994.21373,0.9999588538465262
994.273995,0.9999590338391361
994.33426,0.9999590338391361
994.394525,0.9999590338391361
994.45479,0.9999590338391361
994.515055,0.9999590338391361
994.57532,0.9999590978365163
994.635585,0.9999595218192636
994.69585,0.9999600087996694
994.756115,0.9999604967802728
994.81638,0.9999609847611143
994.876645,0.9999614727421938
994.93691,0.9999617807303749
994.997175,0.9999624477051051
995.05744,0.9999629356868986
995.117705,0.9999634226689669
995.17797,0.9999636666600717
995.238235,0.9999639106512362
995.2985,0.9999641546424601
995.358765,0.9999643986337436
995.41903,0.9999646426250867
995.479295,0.9999648856165244
995.53956,0.9999651296079862
995.599825,0.9999653735995077
995.66009,0.9999656175910886
995.720355,0.9999659255805462
995.78062,0.9999661695722618
995.840885,0.999966592558041
995.90115,0.9999670805418572
995.961415,0.9999673885317655
996.02168,0.9999678125180281
996.081945,0.9999682995024713
996.14221,0.9999687874871206
996.202475,0.9999693394700436
996.26274,0.9999700714478681
996.323005,0.9999707384281281
996.38327,0.9999712264139675
996.443535,0.9999715344051527
996.5038,0.9999719573932012
996.564065,0.9999722013863886
996.62433,0.9999724453796355
996.684595,0.9999727533711962
996.74486,0.9999731763597602
996.805125,0.9999736643467894
996.86539,0.9999739723387254
996.925655,0.9999743963277796
996.98592,0.9999748833154292
997.046185,0.9999751923077159
997.10645,0.9999756212971654
997.166715,0.9999759512891749
997.22698,0.9999763412798719
997.287245,0.9999767382705582
997.34751,0.9999771532609907
997.407775,0.9999776162505198
997.46804,0.9999781772381199
997.528305,0.9999787622255247
997.58857,0.9999792432154251
997.648835,0.9999795232096523
997.7091,0.9999795832084255
997.769365,0.999979430211561
997.82963,0.99997913821761
997.889895,0.9999787902249304
997.95016,0.999978479231575
998.010425,0.9999782912356386
998.07069,0.9999782972355084
998.130955,0.9999784322325876
998.19122,0.9999786762273549
998.251485,0.9999789992205195
998.31175,0.9999794692107595
998.372015,0.9999800611987806
998.43228,0.9999806951863404
998.492545,0.9999812561756677
998.55281,0.9999817611663295
998.613075,0.9999822251579744
998.67334,0.9999826821499557
998.733605,0.9999831761415227
998.79387,0.99998368813304
998.854135,0.9999841201260865
998.9144,0.9999844001216793
998.974665,0.9999845461194125
999.03493,0.9999846681175345
999.095195,0.9999848211152005
999.15546,0.99998503411199
999.215725,0.9999852291090907
999.27599,0.9999853751069447
999.336255,0.9999854491058653
999.39652,0.9999855951037515
999.456785,0.9999857661013029
999.51705,0.9999859360988976
999.577315,0.9999861380960771
999.63758,0.9999864430918957
999.697845,0.9999869070857129
999.75811,0.9999873390801501
999.818375,0.9999876740759648
999.87864,0.999988022071736
999.938905,0.9999884920662168
999.99917,0.9999889420611394
1000.059435,0.9999891730586118
1000.1197,0.9999890930594811
1000.179965,0.9999888610620384
1000.24023,0.9999886060649114
1000.300495,0.9999884590665971
1000.36076,0.9999884660665164
1000.421025,0.9999885760652536
1000.48129,0.999988820062496
1000.541555,0.9999891990583306
1000.60182,0.9999897840521832
1000.662085,0.999990167948335
1000.72235,0.9999904231458584
1000.782615,0.9999905938442382
1000.84288,0.9999907158430981
1000.903145,0.999990782442482
1000.96341,0.9999907759425419
1001.023675,0.9999907889424221
1001.08394,0.9999909173412476
1001.144205,0.9999910815397697
1001.20447,0.9999911726389614
1001.264735,0.999991117339451
1001.325,0.9999909954405413
1001.385265,0.9999908800415871
1001.44553,0.9999908068422574
1001.505795,0.9999907516427663
1001.56606,0.9999905435447125
1001.626325,0.9999901842481748
1001.68659,0.9999899710502903
1001.746855,0.9999899840501599
1001.80712,0.999990265447381
1001.867385,0.9999908572417953
1001.92765,0.9999913449374552
1001.987915,0.9999917529340072
1002.04818,0.9999920700314424
1002.108445,0.9999923317294014
1002.16871,0.9999925268279243
1002.228975,0.9999927641261791
1002.28924,0.9999929836246149
1002.349505,0.9999931234236438
1002.40977,0.9999930925238567
1002.470035,0.9999929397249239
1002.5303,0.9999927755260967
1002.590565,0.9999927397263559
1002.65083,0.999992837325652
1002.711095,0.9999929104251312
1002.77136,0.999992873025397
1002.831625,0.9999926406270803
1002.89189,0.9999923545292267
1002.952155,0.9999922699298771
1003.01242,0.9999924114287934
1003.072685,0.9999928812253386
1003.13295,0.9999934242216205
1003.193215,0.9999938989186117
1003.25348,0.9999942159167279
1003.313745,0.9999944841152125
1003.37401,0.9999948255133877
1003.434275,0.9999951604117109
1003.49454,0.9999953977105905
1003.554805,0.9999954400103968
1003.61507,0.999995311510991
1003.675335,0.9999951343118375
1003.7356,0.9999949702126494
1003.795865,0.9999949035129871
1003.85613,0.9999949588127068
1003.916395,0.99999510511198
1003.97666,0.9999952579112438
1004.036925,0.9999953668107332
1004.09719,0.9999953668107332
1004.157455,0.9999954043105602
1004.21772,0.9999956546094413
1004.277985,0.999995996008016
1004.33825,0.9999963553066419
1004.398515,0.9999966235057004
1004.45878,0.9999967080054186
1004.519045,0.9999967324053386
1004.57931,0.9999968365050038
1004.639575,0.9999969893045322
1004.69984,0.999997129104121
1004.760105,0.9999971713040008
1004.82037,0.9999970916042293
1004.880635,0.9999969210047401
1004.9409,0.9999968056051021
1005.001165,0.9999967080054186
1005.06143,0.9999967080054186
1005.121695,0.9999967080054186
1005.18196,0.9999967080054186
1005.242225,0.9999967080054186
1005.30249,0.9999967080054186
1005.362755,0.9999967080054186
1005.42302,0.9999967455052958
1005.483285,0.9999969828045517
1005.54355,0.9999970250044253
1005.603815,0.9999969388046854
1005.66408,0.9999967681052225
1005.724345,0.9999966039057667
1005.78461,0.9999965617059109
1005.844875,0.9999966170057223
1005.90514,0.9999967145053973
1005.965405,0.9999967502052806
1006.02567,0.9999965177060632
1006.085935,0.9999962007072173
1006.1462,0.9999959146083452
1006.206465,0.9999958058087957
1006.26673,0.9999958058087957
1006.326995,0.9999958058087957
1006.38726,0.9999958058087957
1006.447525,0.9999958058087957
1006.50779,0.9999958920084379
1006.568055,0.9999961977072287
1006.62832,0.9999966610055745
1006.688585,0.9999972040039088
1006.74885,0.9999977645024988
1006.809115,0.9999981320017447
1006.86938,0.9999981495017122
1006.929645,0.9999980101019799
1006.98991,0.9999978518023074
1007.050175,0.999997764402499
1007.11044,0.9999977388025565
1007.170705,0.9999977118026179
1007.23097,0.9999975240030653
1007.291235,0.9999973355035497
1007.3515,0.9999972201038639
1007.411765,0.9999972201038639
1007.47203,0.9999972201038639
1007.532295,0.9999972201038639
1007.59256,0.9999972201038639
1007.652825,0.9999972201038639
1007.71309,0.9999972201038639
1007.773355,0.9999972201038639
1007.83362,0.9999974283033068
1007.893885,0.9999977953024304
1007.95415,0.9999980945018154
1008.014415,0.99999822800157
1008.07468,0.9999982122015981
1008.134945,0.9999980458019094
1008.19521,0.9999977688024891
1008.255475,0.9999974752031873
1008.31574,0.9999972558037653
1008.376005,0.9999970428043725
1008.43627,0.9999970250044253
1008.496535,0.9999970250044253
1008.5568,0.9999970250044253
1008.617065,0.9999970250044253
1008.67733,0.9999970250044253
1008.737595,0.9999970250044253
1008.79786,0.9999970250044253
1008.858125,0.9999970250044253
1008.91839,0.9999970316044057
1008.978655,0.9999972398038094
1009.03892,0.9999975601029766
1009.099185,0.9999978400023328
1009.15945,0.9999981339017412
1009.219715,0.9999984336012268
1009.27998,0.999998656900902
1009.340245,0.9999987307008056
1009.40051,0.9999986133009615
1009.460775,0.9999983697013289
1009.52104,0.999998202801615
1009.581305,0.999998202801615
1009.64157,0.999998202801615
1009.701835,0.999998202801615
1009.7621,0.999998202801615
1009.822365,0.999998202801615
1009.88263,0.999998202801615
1009.942895,0.999998202801615
1010.00316,0.999998202801615
1010.063425,0.9999982437015423
1010.12369,0.999998446301207
1010.183955,0.99999866580089
1010.24422,0.9999988957006097
1010.304485,0.9999991439303664
1010.36475,0.9999994225701667
1010.425015,0.9999995758900899
1010.48528,0.9999995699700924
1010.545545,0.9999994321701612
1010.60581,0.9999992089503129
1010.666075,0.9999989669005337
1010.72634,0.9999987212008177
1010.786605,0.9999985186010972
1010.84687,0.999998495401132
1010.907135,0.999998495401132
1010.9674,0.999998495401132
1011.027665,0.999998495401132
1011.08793,0.999998495401132
1011.148195,0.999998495401132
1011.20846,0.999998495401132
1011.268725,0.999998495401132
1011.32899,0.999998495401132
1011.389255,0.9999983775013163
1011.44952,0.9999983626013406
1011.509785,0.9999984964011304
1011.57005,0.9999987109008309
1011.630315,0.9999987342008011
1011.69058,0.9999986540009058
1011.750845,0.999998486701145
1011.81111,0.9999982453015395
1011.871375,0.9999979402021214
1011.93164,0.9999977063026305
1011.991905,0.999997537103033
1012.05217,0.999997537103033
1012.112435,0.999997537103033
1012.1727,0.999997537103033
1012.232965,0.999997537103033
1012.29323,0.999997537103033
1012.353495,0.9999975450030135
1012.41376,0.9999977465025391
1012.474025,0.9999979407021203
1012.53429,0.9999979638020731
1012.594555,0.9999980420019169
1012.65482,0.9999982956014525
1012.715085,0.9999986635008932
1012.77535,0.9999990229704773
1012.835615,0.9999991245703832
1012.89588,0.9999990483704528
1012.956145,0.9999988830006239
1013.01641,0.9999986454009174
1013.076675,0.9999983829013075
1013.13694,0.9999981820016526
1013.197205,0.9999981589016949
1013.25747,0.9999981589016949
1013.317735,0.9999981589016949
1013.378,0.9999981589016949
1013.438265,0.9999981589016949
1013.49853,0.9999981589016949
1013.558795,0.9999981589016949
1013.61906,0.9999981589016949
1013.679325,0.9999981589016949
1013.73959,0.9999981589016949
1013.799855,0.9999982456015389
1013.86012,0.9999982337015599
1013.920385,0.9999981401017296
1013.98065,0.9999979998020004
1014.040915,0.9999978462023195
1014.10118,0.9999977300025764
1014.161445,0.9999976468027688
1014.22171,0.9999976468027688
1014.281975,0.9999976468027688
1014.34224,0.9999976468027688
1014.402505,0.9999976468027688
1014.46277,0.9999976468027688
1014.523035,0.9999976468027688
1014.5833,0.9999976468027688
1014.643565,0.9999976468027688
1014.70383,0.9999976468027688
1014.764095,0.9999976468027688
1014.82436,0.9999977871024485
1014.884625,0.9999981695016754
1014.94489,0.9999986647008915
1015.005155,0.9999991619403512
1015.06542,0.9999995816100875
1015.125685,0.9999997109300418
1015.18595,0.9999995132501185
1015.246215,0.9999991350703741
1015.30648,0.999998743800789
1015.366745,0.9999984334012271
1015.42701,0.9999983272013991
1015.487275,0.9999983272013991
1015.54754,0.9999983272013991
1015.607805,0.9999983272013991
1015.66807,0.9999983272013991
1015.728335,0.9999983272013991
1015.7886,0.9999983272013991
1015.848865,0.9999983272013991
1015.90913,0.9999983272013991
1015.969395,0.9999983272013991
1016.02966,0.9999983272013991
1016.089925,0.9999983713013263
1016.15019,0.9999986193009531
1016.210455,0.999998959800541
1016.27072,0.999999267980268
1016.330985,0.9999993382802189
1016.39125,0.9999991769203387
1016.451515,0.9999987533007771
1016.51178,0.9999983813013101
1016.572045,0.9999981239017599
1016.63231,0.9999980614018791
1016.692575,0.9999980614018791
1016.75284,0.9999980614018791
1016.813105,0.9999980614018791
1016.87337,0.9999980614018791
1016.933635,0.9999980614018791
1016.9939,0.9999980614018791
1017.054165,0.9999980614018791
1017.11443,0.9999980614018791
1017.174695,0.9999980614018791
1017.23496,0.999998052701896
1017.295225,0.9999980576018864
1017.35549,0.9999982024016156
1017.415755,0.9999983742013216
1017.47602,0.9999984374012209
1017.536285,0.9999983110014263
1017.59655,0.9999980700018625
1017.656815,0.9999977623025037
1017.71708,0.9999976956026552
1017.777345,0.9999976956026552
1017.83761,0.9999976956026552
1017.897875,0.9999976956026552
1017.95814,0.9999976956026552
1018.018405,0.9999976956026552
1018.07867,0.9999976956026552
1018.138935,0.9999976956026552
1018.1992,0.9999976956026552
1018.259465,0.9999977739024778
1018.31973,0.9999979654020698
1018.379995,0.9999980576018864
1018.44026,0.9999982939014553
1018.500525,0.9999985241010891
1018.56079,0.9999987524007783
1018.621055,0.9999988945006111
1018.68132,0.9999989049005996
1018.741585,0.9999987207008183
1018.80185,0.9999984930011355
1018.862115,0.9999982236015778
1018.92238,0.9999980248019507
1018.982645,0.9999980248019507
1019.04291,0.9999980248019507
1019.103175,0.9999980248019507
1019.16344,0.9999980248019507
1019.223705,0.9999980248019507
1019.28397,0.9999980248019507
1019.344235,0.999998067601867
1019.4045,0.9999982199015843
1019.464765,0.9999982933014564
1019.52503,0.9999984910011386
1019.585295,0.9999987484007833
1019.64556,0.999998921100582
1019.705825,0.9999989246005783
1019.76609,0.9999990634304385
1019.826355,0.9999992713502655
1019.88662,0.9999993059002409
1019.946885,0.999999071520431
1020.00715,0.999998677100875
1020.067415,0.9999983203014107
1020.12768,0.9999980678018667
1020.187945,0.9999980077019847
1020.24821,0.9999980077019847
1020.308475,0.9999980077019847
1020.36874,0.9999980077019847
1020.429005,0.9999980077019847
1020.48927,0.9999980077019847
1020.549535,0.9999980077019847
1020.6098,0.9999980077019847
1020.670065,0.9999981623016886
1020.73033,0.999998334501387
1020.790595,0.999998334501387
1020.85086,0.999998303501439
1020.911125,0.9999983205014104
1020.97139,0.9999983241014043
1021.031655,0.9999982793014804
1021.09192,0.9999981839016491
1021.152185,0.999998052201897
1021.21245,0.9999978517023076
1021.272715,0.9999978517023076
1021.33298,0.9999978517023076
1021.393245,0.9999978517023076
1021.45351,0.9999978517023076
1021.513775,0.9999978517023076
1021.57404,0.9999978517023076
1021.634305,0.9999978517023076
1021.69457,0.9999978517023076
1021.754835,0.9999978517023076
1021.8151,0.9999978945022165
1021.875365,0.9999980894018252
1021.93563,0.9999981926016334
1021.995895,0.9999981973016249
1022.05616,0.9999981611016908
1022.116425,0.9999981210017653
1022.17669,0.9999980789018453
1022.236955,0.9999979372021276
1022.29722,0.9999977184026029
1022.357485,0.999997523703066
1022.41775,0.9999974152033406
1022.478015,0.9999974152033406
1022.53828,0.9999974152033406
1022.598545,0.9999974152033406
1022.65881,0.9999974152033406
1022.719075,0.9999974152033406
1022.77934,0.9999974152033406
1022.839605,0.9999974152033406
1022.89987,0.9999974707031987
1022.960135,0.9999977616025052
1023.0204,0.9999982052016106
1023.080665,0.999998675600877
1023.14093,0.9999990622104398
1023.201195,0.9999993477002127
1023.26146,0.999999578010089
1023.321725,0.9999995909400836
1023.38199,0.9999993989101806
1023.442255,0.9999990326404679
1023.50252,0.9999987609007677
1023.562785,0.9999987003008446
1023.62305,0.9999987003008446
1023.683315,0.9999987003008446
1023.74358,0.9999987003008446
1023.803845,0.9999987003008446
1023.86411,0.9999987003008446
1023.924375,0.9999987003008446
1023.98464,0.9999987003008446
1024.044905,0.9999987003008446
1024.10517,0.9999987003008446
1024.165435,0.9999987003008446
1024.2257,0.9999987003008446
1024.285965,0.9999987483007834
1024.34623,0.9999990318104687
1024.406495,0.9999992086503131
1024.46676,0.9999992413802877
1024.527025,0.9999991279603803
1024.58729,0.9999988409006717
1024.647555,0.9999985622010337
1024.70782,0.9999982623015098
1024.768085,0.9999979828020346
1024.82835,0.9999978297023551
1024.888615,0.9999978297023551
1024.94888,0.9999978297023551
1025.009145,0.9999978297023551
1025.06941,0.9999978297023551
1025.129675,0.9999978297023551
1025.18994,0.9999978297023551
1025.250205,0.9999978297023551
1025.31047,0.9999978297023551
1025.370735,0.9999979125021788
1025.431,0.9999980954018137
1025.491265,0.9999981270017541
1025.55153,0.9999980203019596
1025.611795,0.999997811402395
1025.67206,0.999997563602968
1025.732325,0.9999973597034856
1025.79259,0.9999972378038149
1025.852855,0.9999970982042102
1025.91312,0.9999970982042102
1025.973385,0.9999970982042102
1026.03365,0.9999970982042102
1026.093915,0.9999970982042102
1026.15418,0.9999970982042102
1026.214445,0.9999970982042102
1026.27471,0.9999970982042102
1026.334975,0.9999970982042102
1026.39524,0.9999970982042102
1026.455505,0.9999972891036745
1026.51577,0.9999976405027836
1026.576035,0.9999980403019202
1026.6363,0.9999982905014612
1026.696565,0.9999984798011555
1026.75683,0.999998573101018
1026.817095,0.9999985277010839
1026.87736,0.9999982919014588
1026.937625,0.9999979554020902
1026.99789,0.9999976349027968
1027.058155,0.9999973529035036
1027.11842,0.9999972445037963
1027.178685,0.9999972445037963
1027.23895,0.9999972445037963
1027.299215,0.9999972445037963
1027.35948,0.9999972445037963
1027.419745,0.9999972445037963
1027.48001,0.9999972445037963
1027.540275,0.9999972445037963
1027.60054,0.9999973799034324
1027.660805,0.9999976957026548
1027.72107,0.9999980548018919
1027.781335,0.9999984126012599
1027.8416,0.999998758200771
1027.901865,0.9999989715005289
1027.96213,0.9999990239204763
1028.022395,0.9999989611005397
1028.08266,0.9999987621007662
1028.142925,0.9999983075014323
1028.20319,0.9999978347023443
1028.263455,0.9999974437032674
1028.32372,0.9999971957039321
1028.383985,0.9999971957039321
1028.44425,0.9999971957039321
1028.504515,0.9999971957039321
1028.56478,0.9999971957039321
1028.625045,0.9999971957039321
1028.68531,0.9999971957039321
1028.745575,0.9999971957039321
1028.80584,0.9999971957039321
1028.866105,0.9999972092038942
1028.92637,0.9999974287033058
1028.986635,0.999997736402562
1029.0469,0.9999978568022967
1029.107165,0.9999978503023106
1029.16743,0.9999978328023483
1029.227695,0.9999978610022877
1029.28796,0.9999978789022496
1029.348225,0.999997734602566
1029.40849,0.9999975615029731
1029.468755,0.9999975615029731
1029.52902,0.9999975615029731
1029.589285,0.9999975615029731
1029.64955,0.9999975615029731
1029.709815,0.9999975615029731
1029.77008,0.9999975615029731
1029.830345,0.9999975615029731
1029.89061,0.9999975615029731
1029.950875,0.9999975479030064
1030.01114,0.9999974152033406
1030.071405,0.9999974951031373
1030.13167,0.9999976052028675
1030.191935,0.999997635702795
1030.2522,0.9999975618029724
1030.312465,0.9999974016033758
1030.37273,0.9999971510040584
1030.432995,0.9999966985054499
1030.49326,0.9999962244071275
1030.553525,0.9999959521081927
1030.61379,0.9999959521081927
1030.674055,0.9999959521081927
1030.73432,0.9999959521081927
1030.794585,0.9999959521081927
1030.85485,0.9999959521081927
1030.915115,0.9999959521081927
1030.97538,0.9999960388078455
1031.035645,0.9999963070068191
1031.09591,0.9999966308056758
1031.156175,0.9999970454043648
1031.21644,0.9999974918031456
1031.276705,0.9999979548020914
1031.33697,0.9999983658013353
1031.397235,0.9999985621010338
1031.4575,0.9999986848008648
1031.517765,0.9999987091008332
1031.57803,0.9999985039011191
1031.638295,0.9999981803016557
1031.69856,0.999997870202268
1031.758825,0.9999976269028158
1031.81909,0.9999975664029612
1031.879355,0.9999975664029612
1031.93962,0.9999975664029612
1031.999885,0.9999975664029612
1032.06015,0.9999975664029612
1032.120415,0.9999975664029612
1032.18068,0.9999975664029612
1032.240945,0.9999975664029612
1032.30121,0.9999975664029612
1032.361475,0.9999977261025853
1032.42174,0.9999981016018019
1032.482005,0.9999984990011265
1032.54227,0.9999985878009972
1032.602535,0.9999984682011732
1032.6628,0.9999982860014689
1032.723065,0.9999980850018336
1032.78333,0.9999978081024022
1032.843595,0.9999973636034754
1032.90386,0.9999970114044658
1032.964125,0.9999968543049477
1033.02439,0.9999968543049477
1033.084655,0.9999968543049477
1033.14492,0.9999968543049477
1033.205185,0.9999968543049477
1033.26545,0.9999968543049477
1033.325715,0.9999968543049477
1033.38598,0.9999968543049477
1033.446245,0.9999968543049477
1033.50651,0.9999969411046784
1033.566775,0.9999972337038262
1033.62704,0.9999973976033862
1033.687305,0.9999974639032159
1033.74757,0.9999974328032952
1033.807835,0.9999973352035506
1033.8681,0.9999971577040393
1033.928365,0.9999968271050337
1033.98863,0.9999963394067
1034.048895,0.9999959316082759
1034.10916,0.9999956702093735
1034.169425,0.9999956351095262
1034.22969,0.9999956351095262
1034.289955,0.9999956351095262
1034.35022,0.9999956351095262
1034.410485,0.9999956351095262
1034.47075,0.9999956351095262
1034.531015,0.9999956351095262
1034.59128,0.9999958018088124
1034.651545,0.9999961744073176
1034.71181,0.9999966621055708
1034.772075,0.9999970387043846
1034.83234,0.9999973001036447
1034.892605,0.9999974708031985
1034.95287,0.9999975127030933
1035.013135,0.9999974327032956
1035.0734,0.9999972065039018
1035.133665,0.999996827005034
1035.19393,0.9999963705065866
1035.254195,0.9999960604077602
1035.31446,0.9999959521081927
1035.374725,0.9999959521081927
1035.43499,0.9999959521081927
1035.495255,0.9999959521081927
1035.55552,0.9999959521081927
1035.615785,0.9999959521081927
1035.67605,0.9999959521081927
1035.736315,0.9999959901080396
1035.79658,0.9999961784073023
1035.856845,0.9999963003068438
1035.91711,0.999996397806488
1035.977375,0.9999964885061653
1036.03764,0.9999964885061653
1036.097905,0.9999964398063375
1036.15817,0.9999963910065124
1036.218435,0.9999963110068043
1036.2787,0.9999961023075961
1036.338965,0.999995625309569
1036.39923,0.99999506441218
1036.459495,0.9999945348149342
1036.51976,0.9999941095173489
1036.580025,0.9999939281184339
1036.64029,0.9999939281184339
1036.700555,0.9999939281184339
1036.76082,0.9999939281184339
1036.821085,0.9999940637176198
1036.88135,0.9999943876157494
1036.941615,0.9999948089134737
1037.00188,0.9999953279109143
1037.062145,0.999995937508252
1037.12241,0.9999964603062648
1037.182675,0.9999967392053164
1037.24294,0.9999968299050248
1037.303205,0.9999968231050463
1037.36347,0.9999967812051803
1037.423735,0.9999967324053386
1037.484,0.9999966592055805
1037.544265,0.9999965305060187
1037.60453,0.9999962310071027
1037.664795,0.9999959071083759
1037.72506,0.9999956458094795
1037.785325,0.9999955863097404
1037.84559,0.9999955863097404
1037.905855,0.9999955863097404
1037.96612,0.9999955863097404
1038.026385,0.9999955863097404
1038.08665,0.9999955863097404
1038.146915,0.999995746309047
1038.20718,0.9999959345082642
1038.267445,0.9999960008079968
1038.32771,0.9999959696081221
1038.387975,0.9999958408086494
1038.44824,0.9999956145096163
1038.508505,0.9999953219109423
1038.56877,0.9999950049124755
1038.629035,0.9999947260139075
1038.6893,0.9999945309149555
1038.749565,0.9999943533159426
1038.80983,0.9999940919174528
1038.870095,0.999993890018666
1038.93036,0.9999936949198771
1038.990625,0.9999935867205652
1039.05089,0.9999935867205652
1039.111155,0.9999935867205652
1039.17142,0.9999936004204774
1039.231685,0.9999938512189038
1039.29195,0.9999942726164015
1039.352215,0.9999947115139841
1039.41248,0.9999951748116412
1039.472745,0.9999955756097877
1039.53301,0.9999958126087671
1039.593275,0.9999958233087224
1039.65354,0.9999956145096163
1039.713805,0.9999952487112874
1039.77407,0.9999948585132175
1039.834335,0.9999945171150311
1039.8946,0.9999942558164979
1039.954865,0.999993987518075
1040.01513,0.9999935905205408
1040.075395,0.9999932560227407
1040.13566,0.9999930121244153
1040.195925,0.9999927995259236
1040.25619,0.9999926044273474
1040.316455,0.999992465028388
1040.37672,0.9999924963281527
1040.436985,0.9999926182272454
1040.49725,0.9999927958259501
1040.557515,0.9999930152243937
1040.61778,0.9999933078223927
1040.678045,0.9999936005204768
1040.73831,0.9999937887192901
1040.798575,0.9999937437195706
1040.85884,0.9999934373215345
1040.919105,0.9999929183250752
1040.97937,0.9999923331293906
1041.039635,0.9999917303341939
1041.0999,0.9999911938387744
1041.160165,0.9999907374428978
1041.22043,0.999990402946052
1041.280695,0.9999902147478759
1041.34096,0.9999901728482867
1041.401225,0.9999901728482867
1041.46149,0.9999901415485949
1041.521755,0.9999900684493181
1041.58202,0.9999900265497352
1041.642285,0.9999900821491822
1041.70255,0.9999902041479797
1041.762815,0.9999902703473333
1041.82308,0.9999902460475701
1041.883345,0.9999901972480473
1041.94361,0.9999901972480473
1042.003875,0.9999901728482867
1042.06414,0.9999900371496295
1042.124405,0.9999897380526541
1042.18467,0.9999893410568069
1042.244935,0.9999888280624065
1042.3052,0.9999882360691956
1042.365465,0.9999876020768549
1042.42573,0.9999871280828438
1042.485995,0.9999869610850074
1042.54626,0.9999870900833336
1042.606525,0.9999873340802135
1042.66679,0.9999875220778499
1042.727055,0.9999876190766442
1042.78732,0.9999877170754358
1042.847585,0.9999878940732774
1042.90785,0.9999881140706383
1042.968115,0.999988246069078
1043.02838,0.9999882150694428
1043.088645,0.9999880690711741
1043.14891,0.9999878910733137
1043.209175,0.9999877270753129
1043.26944,0.9999876610761251
1043.329705,0.9999876370764216
1043.38997,0.9999876050768177
1043.450235,0.9999874280790273
1043.5105,0.9999870170842787
1043.570765,0.9999864000924796
1043.63103,0.999985749101545
1043.691295,0.999985226109135
1043.75156,0.9999848921141252
1043.811825,0.9999847111168761
1043.87209,0.9999846621176265
1043.932355,0.9999847491162959
1043.99262,0.9999850241121397
1044.052885,0.9999853901067255
1044.11315,0.9999857731012033
1044.173415,0.9999860100978596
1044.23368,0.9999860450973705
1044.293945,0.9999858121006492
1044.35421,0.9999853591071789
1044.414475,0.9999848051154434
1044.47474,0.9999842371242355
1044.535005,0.9999836761332358
1044.59527,0.999983147142011
1044.655535,0.9999827151493847
1044.7158,0.9999823241562196
1044.776065,0.9999819591627379
1044.83633,0.9999816241688376
1044.896595,0.9999814051728859
1044.95686,0.9999812971749
1045.017125,0.9999813041747692
1045.07739,0.9999814011729603
1045.137655,0.9999815231706987
1045.19792,0.9999815721697946
1045.258185,0.999981645168452
1045.31845,0.9999817981656554
1045.378715,0.9999819931621251
1045.43898,0.9999820461611721
1045.499245,0.99998192416337
1045.55951,0.9999817461666033
1045.619775,0.9999815581700526
1045.68004,0.9999814121727558
1045.740305,0.9999813451740034
1045.80057,0.9999813451740034
1045.860835,0.9999813631736678
1045.9211,0.9999812581756302
1045.981365,0.9999810081803469
1046.04163,0.9999806661869006
1046.101895,0.9999803071939058
1046.16216,0.9999800391992194
1046.222425,0.9999798202036149
1046.28269,0.9999796002080786
1046.342955,0.9999794122119314
1046.40322,0.9999793772126526
1046.463485,0.9999794992101441
1046.52375,0.999979670206653
1046.584015,0.9999797052059421
1046.64428,0.9999795202097138
1046.704545,0.9999792032162561
1046.76481,0.9999787892249516
1046.825075,0.9999784232327817
1046.88534,0.9999780642405923
1046.945605,0.999977796246507
1047.00587,0.9999776012508558
1047.066135,0.9999774932532807
1047.1264,0.9999774992531456
1047.186665,0.9999776772491563
1047.24693,0.9999780012419762
1047.307195,0.9999783912334728
1047.36746,0.9999787262262899
1047.427725,0.9999788892228356
1047.48799,0.9999789562214234
1047.548255,0.9999790672190937
1047.60852,0.9999793182138711
1047.668785,0.999979604207997
1047.72905,0.9999797362053134
1047.789315,0.9999796182077115
1047.84958,0.9999792522152383
1047.909845,0.9999788062245912
1047.97011,0.9999783742338403
1048.030375,0.999978040241119
1048.09064,0.999977740247752
1048.150905,0.9999773992554006
1048.21117,0.9999770572631886
1048.271435,0.9999767472703489
1048.3317,0.9999765832741758
1048.391965,0.9999765172757235
1048.45223,0.99997657327441
1048.512495,0.9999766882717226
1048.57276,0.9999767372705815
1048.633025,0.9999767922693036
1048.69329,0.9999769532655801
1048.753555,0.9999772942577793
1048.81382,0.9999776602495359
1048.874085,0.9999779702426587
1048.93435,0.9999781652383819
1048.994615,0.9999782972355084
1049.05488,0.9999783152351179
1049.115145,0.9999781372389936
1049.17541,0.9999778372455975
1049.235675,0.9999775202526733
1049.29594,0.9999772662584154
1049.356205,0.9999770712628675
1049.41647,0.999976900266803
1049.476735,0.9999767612700234
1049.537,0.9999767682698608
1049.597265,0.9999769142664796
1049.65753,0.9999771162618367
1049.717795,0.9999773362568265
1049.77806,0.9999776672493796
1049.838325,0.9999781372389936
1049.89859,0.9999786672275468
1049.958855,0.9999790672190937
1050.01912,0.9999792002163185
1050.079385,0.9999790642191565
1050.13965,0.9999788202242946
1050.199915,0.9999786072288286
1050.26018,0.9999784302326308
1050.320445,0.9999782172372478
1050.38071,0.9999780152416683
1050.440975,0.999977883244579
1050.50124,0.999977834245664
1050.561505,0.999977834245664
1050.62177,0.9999777782469068
1050.682035,0.9999776562496253
1050.7423,0.9999775902511022
1050.802565,0.9999776462498488
1050.86283,0.9999778482453537
1050.923095,0.9999780922399785
1050.98336,0.9999783362346627
1051.043625,0.9999786042288927
1051.10389,0.9999789592213603
1051.164155,0.9999793352135197
1051.22442,0.9999795412092839
1051.284685,0.999979503210062
1051.34495,0.999979259215093
1051.405215,0.9999790152201836
1051.46548,0.9999788272241463
1051.525745,0.9999786732274188
1051.58601,0.9999785102309084
1051.646275,0.9999783632340782
1051.70654,0.9999782422367036
1051.766805,0.9999781202393655
1051.82707,0.9999779492431216
1051.887335,0.9999777712470624
1051.9476,0.9999776882489109
1052.007865,0.9999777922465958
1052.06813,0.9999780992398252
1052.128395,0.9999785452301568
1052.18866,0.9999790572193031
1052.248925,0.9999796252075689
1052.30919,0.9999802101958207
1052.369455,0.9999807391854919
1052.42972,0.999981091178774
1052.489985,0.9999812231762868
1052.55025,0.999981168177321
1052.610515,0.999981014180233
1052.67078,0.999980746185357
1052.731045,0.9999804541910218
1052.79131,0.9999801611967917
1052.851575,0.9999799172016621
1052.91184,0.9999796802064498
1052.972105,0.9999794782105748
1053.03237,0.9999792832145956
1053.092635,0.9999791192180065
1053.1529,0.9999789972205615
1053.213165,0.9999789312219498
1053.27343,0.9999789072224557
1053.333695,0.9999790112202676
1053.39396,0.9999792382155288
1053.454225,0.9999795312094886
1053.51449,0.9999797742045442
1053.574755,0.9999799312013811
1053.63502,0.9999799802003989
1053.695285,0.99997994820104
1053.75555,0.9999798272034736
1053.815815,0.9999796242075892
1053.87608,0.9999793812125701
1053.936345,0.9999791372176309
1053.99661,0.9999789802209187
1054.056875,0.9999790112202676
1054.11714,0.9999791892165474
1054.177405,0.9999795382093453
1054.23767,0.999979976200479
1054.297935,0.9999804151917848
1054.3582,0.9999807251857616
1054.418465,0.999980920182022
1054.47873,0.9999811401778487
1054.538995,0.999981488171346
1054.59926,0.9999818301650735
1054.659525,0.9999821151599356
1054.71979,0.999982303156591
1054.780055,0.9999825061530191
1054.84032,0.9999827491487976
1054.900585,0.9999829621451459
1054.96085,0.9999829971445502
1055.021115,0.9999827391489702
1055.08138,0.999982293156768
1055.141645,0.9999818851640756
1055.20191,0.9999816241688376
1055.262175,0.9999815161708281
1055.32244,0.9999815721697946
1055.382705,0.9999817251669868
1055.44297,0.9999818891640032
1055.503235,0.9999820601609208
1055.5635,0.9999823171563433
1055.623765,0.9999827881481256
1055.68403,0.9999834041377128
1055.744295,0.9999839581286722
1055.80456,0.9999843101230874
1055.864825,0.9999845301196598
1055.92509,0.9999847001170444
1055.985355,0.999984944113341
1056.04562,0.9999852191092384
1056.105885,0.9999854001065794
1056.16615,0.9999853551072375
1056.226415,0.9999850061124095
1056.28668,0.9999845921187026
1056.346945,0.9999843131230404
1056.40721,0.9999842231244562
1056.467475,0.9999842231244562
1056.52774,0.9999842231244562
1056.588005,0.9999841671253413
1056.64827,0.9999840941264998
1056.708535,0.9999841321258961
1056.7688,0.9999843341227111
1056.829065,0.9999846581176879
1056.88933,0.9999849931126045
1056.949595,0.9999852851082651
1057.00986,0.9999855471044441
1057.070125,0.9999857421016448
1057.13039,0.9999858880995738
1057.190655,0.9999859790982938
1057.25092,0.9999859230990805
1057.311185,0.999985658102846
1057.37145,0.9999851701099639
1057.431715,0.9999846891172127
1057.49198,0.9999844111215078
1057.552245,0.999984376122054
1057.61251,0.9999844741205277
1057.672775,0.999984596118641
1057.73304,0.9999846931171515
1057.793305,0.9999848711144428
1057.85357,0.9999851781098453
1057.913835,0.9999855851038956
1057.9741,0.9999859750983499
1058.034365,0.9999862850940502
1058.09463,0.9999864980911516
1058.154895,0.9999865950898467
1058.21516,0.9999866610889641
1058.275425,0.9999867100883116
1058.33569,0.9999867830873441
1058.395955,0.9999867200881788
1058.45622,0.9999863650929562
1058.516485,0.9999857731012033
1058.57675,0.9999852191092384
1058.637015,0.9999848111153523
1058.69728,0.9999844701205898
1058.757545,0.9999841361258326
1058.81781,0.9999838741300232
1058.878075,0.9999837841314786
1058.93834,0.9999838961296688
1058.998605,0.9999841951248983
1059.05887,0.9999845851188105
1059.119135,0.999985031112035
1059.1794,0.999985495105197
1059.239665,0.999985878099715
1059.29993,0.9999861880953852
1059.360195,0.9999864560917195
1059.42046,0.9999868360866451
1059.480725,0.9999872920807463
1059.54099,0.9999876020768549
1059.601255,0.9999877100755218
1059.66152,0.9999877100755218
1059.721785,0.9999877170754358
1059.78205,0.9999877030756078
1059.842315,0.9999875180778999
1059.90258,0.9999871770822143
1059.962845,0.9999868110869745
1060.02311,0.9999865250907874
1060.083375,0.9999863300934341
1060.14364,0.9999862220949162
1060.203905,0.9999863100937076
1060.26417,0.9999866340893245
1060.324435,0.9999871290828309
1060.3847,0.9999876410763722
1060.444965,0.9999880730711264
1060.50523,0.9999883820674887
1060.565495,0.9999885700653222
1060.62576,0.9999885810651965
1060.686025,0.9999884520666779
1060.74629,0.999988225069325
1060.806555,0.9999879080731079
1060.86682,0.9999875740772024
1060.927085,0.9999872500812809
1060.98735,0.9999869400852814
1061.047615,0.9999867760874367
1061.10788,0.999986766087569
1061.168145,0.9999868880859619
1061.22841,0.9999869850846947
1061.288675,0.999987027084149
1061.34894,0.9999870030844606
1061.409205,0.9999869540850986
1061.46947,0.9999869850846947
1061.529735,0.9999871320827923
1061.59,0.9999873580799098
1061.650265,0.9999875780771528
1061.71053,0.9999877730747495
1061.770795,0.9999879680723842
1061.83106,0.999988163070057
1061.891325,0.9999883020684214
1061.95159,0.9999882640688665
1062.011855,0.9999880300716402
1062.07212,0.999987633076471
1062.132385,0.9999871770822143
1062.19265,0.9999867380879399
1062.252915,0.9999864100923437
1062.31318,0.9999862640943384
1062.373445,0.9999862470945721
1062.43371,0.9999862710942423
1062.493975,0.9999862960938993
1062.55424,0.9999864070923844
1062.614505,0.9999866580890041
1062.67477,0.9999869930845906
1062.735035,0.9999872610811407
1062.7953,0.9999875050780622
1062.855565,0.9999876930757308
1062.91583,0.9999878070743343
1062.976095,0.9999878070743343
1063.03636,0.9999877590749208
1063.096625,0.9999877340752271
1063.15689,0.9999876780759155
1063.217155,0.9999874520787259
1063.27742,0.9999870480838768
1063.337685,0.9999865350906527
1063.39795,0.9999860790968966
1063.458215,0.9999858011008054
1063.51848,0.9999856861024448
1063.578745,0.9999856131034924
1063.63901,0.9999855331046466
1063.699275,0.9999854421059672
1063.75954,0.9999853371075013
1063.819805,0.9999851911096527
1063.88007,0.9999850941110938
1063.940335,0.9999851251106323
1064.0006,0.9999851981095491
1064.060865,0.9999851421103796
1064.12113,0.9999849401134012
1064.181395,0.9999847031169985
1064.24166,0.9999845891187489
1064.301925,0.9999845641191344
1064.36219,0.9999845331196134
1064.422455,0.9999843551223824
1064.48272,0.9999840551271209
1064.542985,0.9999837211325022
1064.60325,0.9999834531369008
1064.663515,0.9999832651400293
1064.72378,0.9999831181425002
1064.784045,0.9999830281440236
1064.84431,0.9999830281440236
1064.904575,0.9999831011427873
1064.96484,0.9999832621400795
1065.025105,0.999983481136438
1065.08537,0.999983725132437
1065.145635,0.999983913129395
1065.2059,0.9999839471288487
1065.266165,0.9999838181309278
1065.32643,0.9999835501353005
1065.386695,0.9999832021410856
1065.44696,0.9999827801482634
1065.507225,0.9999822921567857
1065.56749,0.9999817491665485
1065.627755,0.9999811631774151
1065.68802,0.9999806031881205
1065.748285,0.9999801541969305
1065.80855,0.9999798442031308
1065.868815,0.9999796242075892
1065.92908,0.9999794292115816
1065.989345,0.9999792102161106
1066.04961,0.9999789662212131
1066.109875,0.999978778225185
1066.17014,0.999978761225546
1066.230405,0.9999788582234905
1066.29067,0.9999789072224557
1066.350935,0.9999787952248245
1066.4112,0.9999785762294923
1066.471465,0.9999782762359644
1066.53173,0.9999778792446675
1066.591995,0.9999773592563055
1066.65226,0.9999767502702791
1066.712525,0.9999761892834796
1066.77279,0.999975667296045
1066.833055,0.9999751273093305
1066.89332,0.9999746393215875
1066.953585,0.9999741523340566
1067.01385,0.9999739083403932
1067.074115,0.9999739083403932
1067.13438,0.9999739083403932
1067.194645,0.9999736643467894
1067.25491,0.9999734203532451
1067.315175,0.9999731763597602
1067.37544,0.9999731053616673
1067.435705,0.999972933366308
1067.49597,0.9999726893729419
1067.556235,0.9999726893729419
1067.6165,0.9999726893729419
1067.676765,0.9999726893729419
1067.73703,0.9999724453796355
1067.797295,0.9999719573932012
1067.85756,0.9999713984090333
1067.917825,0.9999706664302376
1067.97809,0.9999700064498155
1068.038355,0.9999695194645409
1068.09862,0.9999689594817669
1068.158885,0.9999682995024713
1068.21915,0.9999677405203482
1068.279415,0.9999673245338546
1068.33968,0.9999673245338546
1068.399945,0.9999673245338546
1068.46021,0.9999675685259116
1068.520475,0.9999675685259116
1068.58074,0.9999674965282492
1068.641005,0.9999670805418572
1068.70127,0.9999668365499194
1068.761535,0.9999665215604154
1068.8218,0.999966105574429
1068.882065,0.9999656175910886
1068.94233,0.9999650586104646
1069.002595,0.999964570627635
1069.06286,0.9999639106512362
1069.123125,0.9999631786779215
1069.18339,0.9999623757078114
1069.243655,0.9999612287516243
1069.30392,0.99996042578308
1069.364185,0.9999595218192636
1069.42445,0.9999589618420882
1069.484715,0.9999585458592466
1069.54498,0.9999584748621924
1069.605245,0.9999583018693912
1069.66551,0.9999583018693912
1069.725775,0.9999580588795534
1069.78604,0.9999578148898168
1069.846305,0.9999574989031972
1069.90657,0.9999570829209642
1069.966835,0.999956523945111
1070.0271,0.999955619984822
1070.087365,0.9999548890175309
1070.14763,0.9999544010396642
1070.207895,0.9999541570508201
1070.26816,0.9999539130620355
1070.328425,0.999953425084645
1070.38869,0.9999528661108367
1070.448955,0.9999521351455587
1070.50922,0.9999514031808636
1070.569485,0.9999506712167044
1070.62975,0.9999502552373117
1070.690015,0.9999500122494293
1070.75028,0.9999500122494293
1070.810545,0.9999502552373117
1070.87081,0.9999502552373117
1070.931075,0.9999502552373117
1070.99134,0.9999502552373117
1071.051605,0.9999500122494293
1071.11187,0.9999500122494293
1071.172135,0.9999496962652753
1071.2324,0.9999492082899426
1071.292665,0.9999487213147967
1071.35293,0.9999480613488585
1071.413195,0.9999475733743236
1071.47346,0.9999473293871455
1071.533725,0.9999470144037863
1071.59399,0.9999463544389746
1071.654255,0.9999457944691729
1071.71452,0.9999450635090643
1071.774785,0.9999444035455402
1071.83505,0.9999439155727903
1071.895315,0.9999436715865047
1071.95558,0.999943428600222
1072.015845,0.999943428600222
1072.07611,0.9999431846140552
1072.136375,0.9999431846140552
1072.19664,0.9999429406279479
1072.256905,0.9999426246460286
1072.31717,0.9999422086699833
1072.377435,0.9999416497024448
1072.4377,0.999940673759871
1072.497965,0.9999397708138502
1072.55823,0.9999392108477354
1072.618495,0.9999387948731102
1072.67876,0.9999385518880126
1072.739025,0.9999385518880126
1072.79929,0.9999385518880126
1072.859555,0.9999385518880126
1072.91982,0.9999385518880126
1072.980085,0.9999383079030357
1073.04035,0.9999380639181183
1073.100615,0.9999380639181183
1073.16088,0.9999378919287861
1073.221145,0.9999380639181183
1073.28141,0.9999380639181183
1073.341675,0.9999383079030357
1073.40194,0.9999385518880126
1073.462205,0.9999387948731102
1073.52247,0.9999387948731102
1073.582735,0.9999385518880126
1073.643,0.9999379919225803
1073.703265,0.9999372599682381
1073.76353,0.9999365290143682
1073.823795,0.9999358690564769
1073.88406,0.9999351381036238
1073.944325,0.9999346501353954
1074.00459,0.9999344061513705
1074.064855,0.9999344061513705
1074.12512,0.9999341621674053
1074.185385,0.9999341621674053
1074.24565,0.9999341621674053
1074.305915,0.9999344061513705
1074.36618,0.9999348941194798
1074.426445,0.9999352100989563
1074.48671,0.9999356250721546
1074.546975,0.9999358690564769
1074.60724,0.9999361850362615
1074.667505,0.9999363570253
1074.72777,0.999936601009801
1074.788035,0.9999363570253
1074.8483,0.9999360410454612
1074.908565,0.9999356250721546
1074.96883,0.9999351381036238
1075.029095,0.9999348941194798
1075.08936,0.9999348941194798
1075.149625,0.9999351381036238
1075.20989,0.9999353810878918
1075.270155,0.9999356970675222
1075.33042,0.9999361130408587
1075.390685,0.999936601009801
1075.45095,0.999936601009801
1075.511215,0.999936601009801
1075.57148,0.999936601009801
1075.631745,0.999936601009801
1075.69201,0.9999368449943613
1075.752275,0.9999370879790442
1075.81254,0.9999373319637235
1075.872805,0.9999378199332605
1075.93307,0.9999381359136615
1075.993335,0.9999383079030357
1076.0536,0.9999383079030357
1076.113865,0.9999383079030357
1076.17413,0.9999382349075419
1076.234395,0.9999380639181183
1076.29466,0.99993774793774
1076.354925,0.9999373319637235
1076.41519,0.9999370879790442
1076.475455,0.9999370879790442
1076.53572,0.9999373319637235
1076.595985,0.9999376479439702
1076.65625,0.9999381359136615
1076.716515,0.9999385518880126
1076.77678,0.9999388678686449
1076.837045,0.9999392828433612
1076.89731,0.9999395268285759
1076.957575,0.9999397708138502
1077.01784,0.9999400147991842
1077.078105,0.9999400147991842
1077.13837,0.9999400147991842
1077.198635,0.9999400147991842
1077.2589,0.9999402587845775
1077.319165,0.9999403307802787
1077.37943,0.9999405747657492
1077.439695,0.9999409897411738
1077.49996,0.9999414777124959
1077.560225,0.9999419646841141
1077.62049,0.999942452655912
1077.680755,0.9999429406279479
1077.74102,0.9999435005961514
1077.801285,0.9999442325550618
1077.86155,0.999944963514563
1077.921815,0.9999458664652727
1077.98208,0.9999468414129677
1078.042345,0.9999478173615612
1078.10261,0.9999486213199296
1078.162875,0.9999492802862882
1078.22314,0.999949768261656
1078.283405,0.9999502552373117
1078.34367,0.9999504992252037
1078.403935,0.9999507432131554
1078.4642,0.9999509872011665
1078.524465,0.9999512311892371
1078.58473,0.9999515471738761
1078.644995,0.9999520351503501
1078.70526,0.9999524501305309
1078.765525,0.9999529381074456
1078.82579,0.9999531820959923
1078.886055,0.9999534980812478
1078.94632,0.9999539130620355
1079.006585,0.9999541570508201
1079.06685,0.9999542300474762
1079.127115,0.9999546450285678
1079.18738,0.9999549610142856
1079.247645,0.9999554489924256
1079.30791,0.9999561079632836
1079.368175,0.9999565959419834
1079.42844,0.9999568389314657
1079.488705,0.9999570829209642
1079.54897,0.9999570829209642
1079.609235,0.9999570829209642
1079.6695,0.9999573269105222
1079.729765,0.9999578148898168
1079.79003,0.9999583018693912
1079.850295,0.9999588628461559
1079.91056,0.9999592778291702
1079.970825,0.9999597658094168
1080.03109,0.9999603257870424
1080.091355,0.9999608137678004
1080.15162,0.9999613007488354
1080.211885,0.9999617887300691
1080.27215,0.9999622037142976
1080.332415,0.9999624477051051
1080.39268,0.9999624477051051
1080.452945,0.9999626916959721
1080.51321,0.9999630076842326
1080.573475,0.9999634226689669
1080.63374,0.9999634226689669
1080.694005,0.999963350671603
1080.75427,0.9999629356868986
1080.814535,0.9999626916959721
1080.8748,0.9999624477051051
1080.935065,0.9999624477051051
1080.99533,0.9999624477051051
1081.055595,0.9999626916959721
1081.11586,0.9999631786779215
1081.176125,0.9999634956662994
1081.23639,0.9999639106512362
1081.296655,0.9999642276398462
1081.35692,0.9999647146225435
1081.417185,0.9999654465969826
1081.47745,0.999966105574429
1081.537715,0.999966592558041
1081.59798,0.9999669095475011
1081.658245,0.9999673245338546
1081.71851,0.9999676415235468
1081.778775,0.9999678845157132
1081.83904,0.9999681285079068
1081.899305,0.9999685434947663
1081.95957,0.9999687874871206
1082.019835,0.9999690314795345
1082.0801,0.9999690314795345
1082.140365,0.9999690314795345
1082.20063,0.9999690314795345
1082.260895,0.999969275472008
1082.32116,0.9999695194645409
1082.381425,0.9999700064498155
1082.44169,0.9999702504425269
1082.501955,0.9999705674331465
1082.56222,0.9999709824210181
1082.622485,0.9999712264139675
1082.68275,0.999971542404925
1082.743015,0.9999719573932012
1082.80328,0.9999724453796355
1082.863545,0.9999726893729419
1082.92381,0.9999726893729419
1082.984075,0.9999722013863886
1083.04434,0.999971884395251
1083.104605,0.9999714694070051
1083.16487,0.9999712264139675
1083.225135,0.9999709824210181
1083.2854,0.999970909423139
1083.345665,0.9999707384281281
1083.40593,0.9999707384281281
1083.466195,0.9999707384281281
1083.52646,0.9999707384281281
1083.586725,0.9999707384281281
1083.64699,0.9999709824210181
1083.707255,0.9999712994118698
1083.76752,0.9999717134000734
1083.827785,0.9999717134000734
1083.88805,0.9999717863980112
1083.948315,0.9999719573932012
1084.00858,0.9999719573932012
1084.068845,0.9999722013863886
1084.12911,0.9999722013863886
1084.189375,0.9999724453796355
1084.24964,0.9999724453796355
1084.309905,0.9999725183776267
1084.37017,0.9999726893729419
1084.430435,0.9999726893729419
1084.4907,0.999972933366308
1084.550965,0.9999731763597602
1084.61123,0.9999734203532451
1084.671495,0.9999736643467894
1084.73176,0.9999739083403932
1084.792025,0.9999739083403932
1084.85229,0.9999741523340566
1084.912555,0.9999743963277796
1084.97282,0.9999746393215875
1085.033085,0.9999749563135983
1085.09335,0.9999752003075174
1085.153615,0.9999756152973117
1085.21388,0.9999757512940046
1085.274145,0.9999758902906437
1085.33441,0.9999759392894635
1085.394675,0.9999759812884539
1085.45494,0.9999760052878777
1085.515205,0.9999760292873021
1085.57547,0.9999760782861288
1085.635735,0.9999761102853638
1085.696,0.9999760952857223
1085.756265,0.9999759662888142
1085.81653,0.9999758272921646
1085.876795,0.9999758172924064
1085.93706,0.9999759952881178
1085.997325,0.9999762152828608
1086.05759,0.9999763542795644
1086.117855,0.9999763462797536
1086.17812,0.999976242282219
1086.238385,0.999976120285125
1086.29865,0.9999760472868708
1086.358915,0.999975949289223
1086.41918,0.9999757712935199
1086.479445,0.9999755422990945
1086.53971,0.9999751273093305
1086.599975,0.9999748833154292
1086.66024,0.9999743963277796
1086.720505,0.9999741523340566
1086.78077,0.9999739083403932
1086.841035,0.9999739813384912
1086.9013,0.9999743963277796
1086.961565,0.9999748833154292
1087.02183,0.9999752003075174
1087.082095,0.9999756862955829
1087.14236,0.9999761252850056
1087.202625,0.9999765642746209
1087.26289,0.9999768982668491
1087.323155,0.9999770292638314
1087.38342,0.9999770222639922
1087.443685,0.9999769322660642
1087.50395,0.999976851267936
1087.564215,0.999976785269466
1087.62448,0.9999767542701862
1087.684745,0.9999767122711634
1087.74501,0.9999767052713264
1087.805275,0.9999766242732165
1087.86554,0.9999764222779589
1087.925805,0.9999761372847191
1087.98607,0.999975932289632
1088.046335,0.9999759882882857
1088.1066,0.9999761832836225
1088.166865,0.9999763542795644
1088.22713,0.9999764512772755
1088.287395,0.9999765242755592
1088.34766,0.9999766462727026
1088.407925,0.9999768242685614
1088.46819,0.9999770202640382
1088.528455,0.999977232259189
1088.58872,0.9999773542564188
1088.648985,0.9999774272547682
1088.70925,0.9999774682538436
1088.769515,0.9999775002531232
1088.82978,0.9999775172527408
1088.890045,0.9999774932532807
1088.95031,0.9999773242570985
1089.010575,0.9999769512656261
1089.07084,0.999976463276993
1089.131105,0.9999760562866553
1089.19137,0.9999758272921646
1089.251635,0.9999757612937622
1089.3119,0.9999757542939319
1089.372165,0.9999757122949511
1089.43243,0.9999757122949511
1089.492695,0.9999757612937622
1089.55296,0.9999758422918021
1089.613225,0.999975932289632
1089.67349,0.9999759812884539
1089.733755,0.999975949289223
1089.79402,0.9999757952929387
1089.854285,0.9999756152973117
1089.91455,0.9999752973051166
1089.974815,0.9999751273093305
1090.03508,0.9999751273093305
1090.095345,0.9999748833154292
1090.15561,0.9999748833154292
1090.215875,0.9999745663234414
1090.27614,0.9999743963277796
1090.336405,0.9999743963277796
1090.39667,0.9999743963277796
1090.456935,0.9999743963277796
1090.5172,0.9999743963277796
1090.577465,0.9999743963277796
1090.63773,0.9999746393215875
1090.697995,0.9999748833154292
1090.75826,0.9999749573135733
1090.818525,0.9999751273093305
1090.87879,0.9999751273093305
1090.939055,0.9999751273093305
1090.99932,0.9999748103172654
1091.059585,0.9999743963277796
1091.11985,0.9999741523340566
1091.180115,0.9999741523340566
1091.24038,0.9999739083403932
1091.300645,0.9999736643467894
1091.36091,0.9999733473551881
1091.421175,0.999972933366308
1091.48144,0.999972933366308
1091.541705,0.9999726893729419
1091.60197,0.9999724453796355
1091.662235,0.9999722013863886
1091.7225,0.9999718833952791
1091.782765,0.9999717134000734
1091.84303,0.9999717134000734
1091.903295,0.9999719573932012
1091.96356,0.9999722013863886
1092.023825,0.9999722013863886
1092.08409,0.9999722013863886
1092.144355,0.9999721273884484
1092.20462,0.9999717134000734
1092.264885,0.9999714694070051
1092.32515,0.9999712264139675
1092.385415,0.9999709084231682
1092.44568,0.9999704944352977
1092.505945,0.9999700064498155
1092.56621,0.9999697624571637
1092.626475,0.999969275472008
1092.68674,0.9999690314795345
1092.747005,0.9999685434947663
1092.80727,0.9999682265047882
1092.867535,0.9999678125180281
1092.9278,0.9999673245338546
1092.988065,0.9999668365499194
1093.04833,0.9999665195604824
1093.108595,0.999966105574429
1093.16886,0.999965861582729
1093.229125,0.9999653735995077
1093.28939,0.9999648856165244
1093.349655,0.9999645686277059
1093.40992,0.9999641546424601
1093.470185,0.9999638366539095
1093.53045,0.9999631786779215
1093.590715,0.9999626176987356
1093.65098,0.9999622037142976
1093.711245,0.9999618857263673
1093.77151,0.999961641735697
1093.831775,0.9999612287516243
1093.89204,0.9999609847611143
1093.952305,0.9999604967802728
1094.01257,0.9999601787928853
1094.072835,0.9999597658094168
1094.1331,0.9999595218192636
1094.193365,0.9999595218192636
1094.25363,0.9999592778291702
1094.313895,0.9999592038321863
1094.37416,0.9999587898491616
1094.434425,0.9999583018693912
1094.49469,0.9999578148898168
1094.554955,0.9999573269105222
1094.61522,0.9999567649346623
1094.675485,0.999955863974023
1094.73575,0.9999550580099215
1094.796015,0.9999540830542152
1094.85628,0.999952864110931
1094.916545,0.9999519621538543
1094.97681,0.9999511571928488
1095.037075,0.9999504992252037
1095.09734,0.999949768261656
1095.157605,0.9999490362986936
1095.21787,0.9999482313400433
1095.278135,0.9999474993782059
1095.3384,0.9999470114039453
1095.398665,0.9999465984259148
1095.45893,0.9999461104520938
1095.519195,0.9999457924692813
1095.57946,0.9999453784918089
1095.639725,0.9999448175226089
1095.69999,0.9999441595591355
1095.760255,0.9999433536044676
1095.82052,0.9999426226461433
1095.880785,0.9999416467026199
1095.94105,0.9999406717599897
1096.001315,0.9999394528330537
1096.06158,0.999938476892624
1096.121845,0.9999375019530843
1096.18211,0.9999365270144952
1096.242375,0.9999356250721546
1096.30264,0.9999348201243005
1096.362905,0.9999338441883923
1096.42317,0.9999328692533694
1096.483435,0.999932137302777
1096.5437,0.9999314063526518
1096.603965,0.9999304304200755
1096.66423,0.9999294554883811
1096.724495,0.9999282365751178
1096.78476,0.9999270916579424
1096.845025,0.9999260417350473
1096.90529,0.9999250658077069
1096.965555,0.999924090881243
1097.02582,0.9999231899500429
1097.086085,0.999922215025408
1097.14635,0.9999211651076334
1097.206615,0.9999199462044761
1097.26688,0.9999187263028859
1097.327145,0.9999175074027015
1097.38741,0.9999160445244583
1097.447675,0.9999145816483551
1097.50794,0.9999131187743923
1097.568205,0.9999115809091983
1097.62847,0.9999101930328871
1097.688735,0.9999089731431957
1097.749,0.9999079982324223
1097.809265,0.9999067793453152
1097.86953,0.9999052414898713
1097.929795,0.9999035346530808
1097.99006,0.9999016588358093
1098.050325,0.9998997050298768
1098.11059,0.9998977552273531
1098.170855,0.9998958054286314
1098.23112,0.9998940256156819
1098.291385,0.9998923157983599
1098.35165,0.9998906159828679
1098.411915,0.9998889061713765
1098.47218,0.9998870263819999
1098.532445,0.9998853265754999
1098.59271,0.9998837867532826
1098.652975,0.9998821569440385
1098.71324,0.9998806871183481
1098.773505,0.9998789873226248
1098.83377,0.9998774475101699
1098.894035,0.9998760576814839
1098.9543,0.9998748378334376
1099.014565,0.9998736179868796
1099.07483,0.9998723981418097
1099.135095,0.9998709383291741
1099.19536,0.9998693985291147
1099.255625,0.9998675187764124
1099.31589,0.9998655690366518
1099.376155,0.9998635493102423
1099.43642,0.9998614296017646
1099.496685,0.9998593998851227
1099.55695,0.9998572101954347
1099.617215,0.9998550105119919
1099.67748,0.9998530607966224
1099.737745,0.9998511910731469
1099.79801,0.9998492413652252
1099.858275,0.999847451636685
1099.91854,0.9998455819236987
1099.978805,0.9998438721892153
1100.03907,0.9998423324308379
1100.099335,0.9998404627274243
1100.1596,0.9998386830129846
1100.219865,0.9998369732902985
1100.28013,0.999835263570536
1100.340395,0.9998336338403846
1100.40066,0.9998320940977741
1100.460925,0.9998304643727889
1100.52119,0.9998289246350593
1100.581455,0.99982753487382
1100.64172,0.9998260751266848
1100.701985,0.9998246153816807
1100.76225,0.9998231456405763
1100.822515,0.9998219258570827
1100.88278,0.9998207060750772
1100.943045,0.9998197362494627
1101.00331,0.9998187564266013
1101.063575,0.9998177866028779
1101.12384,0.9998165668259223
1101.184105,0.9998155870061669
1101.24437,0.9998146171855179
1101.304635,0.9998136373676731
1101.3649,0.9998129075039843
1101.425165,0.9998121776408282
1101.48543,0.9998112778102732
1101.545695,0.9998102979957011
1101.60596,0.9998093281801824
1101.666225,0.9998085983196393
1101.72649,0.9998080284289006
1101.786755,0.9998073785538933
1101.84702,0.9998068186619181
1101.907285,0.9998058388517159
1101.96755,0.999804859042474
1102.027815,0.9998039592185057
1102.08808,0.9998034793127205
1102.148345,0.9998031593756583
1102.20861,0.9998029094248998
1102.268875,0.9998024995057909
1102.32914,0.9998022595532199
1102.389405,0.9998020096026862
1102.44967,0.9998020096026862
1102.509935,0.9998020096026862
1102.5702,0.9998017696502327
1102.630465,0.9998015296978368
1102.69073,0.9998010397952072
1102.750995,0.9998007198589257
1102.81126,0.9998002299566929
1102.871525,0.9997998200386827
1102.93179,0.999799570088759
1102.992055,0.9997993301368909
1103.05232,0.9997993301368909
1103.112585,0.9997993301368909
1103.17285,0.9997990901850805
1103.233115,0.9997990901850805
1103.29338,0.9997990901850805
1103.353645,0.9997990901850805
1103.41391,0.9997990901850805
1103.474175,0.9997993301368909
1103.53444,0.999799570088759
1103.594705,0.9998000599906683
1103.65497,0.9998003799267388
1103.715235,0.9998007898449786
1103.7755,0.9998010397952072
1103.835765,0.9998012797474856
1103.89603,0.9998015296978368
1103.956295,0.9998017696502327
1104.01656,0.9998017696502327
1104.076825,0.9998017696502327
1104.13709,0.999801839636359
1104.197355,0.9998022595532199
1104.25762,0.9998027394584196
1104.317885,0.9998032293618819
1104.37815,0.9998037192655844
1104.438415,0.9998042791558239
1104.49868,0.999804939026866
1104.558945,0.9998054989177886
1104.61921,0.9998062287760692
1104.679475,0.999806888648398
1104.73974,0.9998076984923057
1104.800005,0.9998086683062436
1104.86027,0.9998096481192187
1104.920535,0.9998106179350477
1104.9808,0.9998118377047456
1105.041065,0.9998128175208267
1105.10133,0.99981378733973
1105.161595,0.9998147671577218
1105.22186,0.9998154970227682
1105.282125,0.9998164768424354
1105.34239,0.9998176866211043
1105.402655,0.999818906399426
1105.46292,0.9998203761342986
1105.523185,0.9998220758303829
1105.58345,0.9998236155575652
1105.643715,0.9998253252574096
1105.70398,0.9998270349601776
1105.764245,0.9998289846247966
1105.82451,0.9998309342932177
1105.884775,0.9998328839654405
1105.94504,0.9998348336414651
1106.005305,0.9998369532935593
1106.06557,0.9998389029775191
1106.125835,0.9998409326525523
1106.1861,0.9998431223065924
1106.246365,0.9998450720025819
1106.30663,0.9998470217023733
1106.366895,0.999848901416541
1106.42716,0.9998508511237997
1106.487425,0.9998528008348604
1106.54769,0.9998548305381062
1106.607955,0.9998567802569267
1106.66822,0.9998587299795493
1106.728485,0.9998608496823037
1106.78875,0.9998627994128615
1106.849015,0.9998648191377563
1106.90928,0.9998670188427781
1106.969545,0.9998694585212804
1107.02981,0.99987213817502
1107.090075,0.9998745778660135
1107.15034,0.99987701756296
1107.210605,0.9998794472670648
1107.27087,0.9998818869758925
1107.331135,0.9998840867184636
1107.3914,0.9998864464476928
1107.451665,0.9998886462002946
1107.51193,0.9998908359588277
1107.572195,0.9998930257221561
1107.63246,0.9998950555070586
1107.692725,0.9998970053043179
1107.75299,0.9998991250882161
1107.813255,0.9999010768932133
1107.87352,0.9999028587185199
1107.933785,0.9999047345380423
1107.99405,0.999906441376881
1108.054315,0.9999082232117471
1108.11458,0.9999101740345936
1108.174845,0.9999121238613341
1108.23511,0.9999140746917907
1108.295375,0.9999161945118761
1108.35564,0.9999182203441384
1108.415905,0.9999200951925592
1108.47617,0.9999218020576185
1108.536435,0.9999230209630381
1108.5967,0.9999242408698679
1108.656965,0.9999257037601024
1108.71723,0.999927166652477
1108.777495,0.9999288735296074
1108.83776,0.9999303364266194
1108.898025,0.9999315553424425
1108.95829,0.9999325312761167
1109.018555,0.9999337501946153
1109.07882,0.9999349691145997
1109.139085,0.99993618803607
1109.19935,0.9999374079589636
1109.259615,0.9999388708684616
1109.31988,0.9999400897946881
1109.380145,0.9999413087224004
1109.44041,0.9999425286515412
1109.500675,0.9999437475822266
1109.56094,0.9999447225278558
1109.621205,0.9999458664652727
1109.68147,0.9999466734219126
1109.741735,0.9999474053831453
1109.802,0.9999480613488585
1109.862265,0.9999486243197755
1109.92253,0.9999495242739423
1109.982795,0.999950331233534
1110.04306,0.9999513061855823
1110.103325,0.9999520381502063
1110.16359,0.9999527691154133
1110.223855,0.9999535010811083
1110.28412,0.9999539890585358
1110.344385,0.9999544760362471
1110.40465,0.9999548890175309
1110.464915,0.999955451992292
1110.52518,0.9999561079632836
1110.585445,0.9999566709387309
1110.64571,0.999957402907282
1110.705975,0.9999583018693912
1110.76624,0.9999590338391361
1110.826505,0.9999597658094168
1110.88677,0.9999603287869234
1110.947035,0.9999609847611143
1111.0073,0.9999615477393071
1111.067565,0.9999622037142976
1111.12783,0.9999626916959721
1111.188095,0.9999631786779215
1111.24836,0.9999634986661899
1111.308625,0.9999641546424601
1111.36889,0.9999647176224378
1111.429155,0.9999654495968789
1111.48942,0.999966105574429
1111.549685,0.9999668365499194
1111.60995,0.9999674005313742
1111.670215,0.9999680565102042
1111.73048,0.9999685434947663
1111.790745,0.9999690314795345
1111.85101,0.9999695944622577
1111.911275,0.9999702504425269
1111.97154,0.9999707384281281
1112.031805,0.9999712264139675
1112.09207,0.9999712264139675
1112.152335,0.9999714694070051
1112.2126,0.9999714694070051
1112.272865,0.9999715454048397
1112.33313,0.9999717134000734
1112.393395,0.9999717134000734
1112.45366,0.9999717893979265
1112.513925,0.9999719573932012
1112.57419,0.9999722013863886
1112.634455,0.9999726893729419
1112.69472,0.9999732523577246
1112.754985,0.9999739843384132
1112.81525,0.9999747153196629
1112.875515,0.9999751273093305
1112.93578,0.9999753713032913
1112.996045,0.999975622297141
1113.05631,0.9999758422918021
1113.116575,0.9999760932857701
1113.17684,0.9999763622793754
1113.237105,0.9999766052736608
1113.29737,0.9999768492679824
1113.357635,0.9999771012621801
1113.4179,0.9999774502542493
1113.478165,0.9999778892444463
1113.53843,0.9999783202350095
1113.598695,0.9999786292283582
1113.65896,0.9999787932248668
1113.719225,0.9999788342239982
1113.77949,0.9999788902228145
1113.839755,0.9999790762189054
1113.90002,0.9999794172118285
1113.960285,0.999979808203857
1114.02055,0.9999801731965536
1114.080815,0.999980522189695
1114.14108,0.9999809291818503
1114.201345,0.9999813511738915
1114.26161,0.9999817341668223
1114.321875,0.9999820191616572
1114.38214,0.9999821581591676
1114.442405,0.9999821501593104
1114.50267,0.999982126159739
1114.562935,0.9999821501593104
1114.6232,0.9999821741588822
1114.683465,0.999982126159739
1114.74373,0.999982077160616
1114.803995,0.9999821331596139
1114.86426,0.9999822231580099
1114.924525,0.9999822481575659
1114.98479,0.9999822481575659
1115.045055,0.9999823851551431
1115.10532,0.9999827091494885
1115.165585,0.9999831241423989
1115.22585,0.9999835141358934
1115.286115,0.9999838551303298
1115.34638,0.9999841731252463
1115.406645,0.9999845381195361
1115.46691,0.9999848481147909
1115.527175,0.999985035111975
1115.58744,0.9999851011109896
1115.647705,0.9999851331105133
1115.70797,0.9999852061094306
1115.768235,0.9999852791083534
1115.8285,0.9999853201077507
1115.888765,0.9999854331060982
1115.94903,0.9999857091021158
1116.009295,0.9999860500973008
1116.06956,0.9999863030938034
1116.129825,0.9999863930925748
1116.19009,0.9999863930925748
1116.250355,0.9999864170922486
1116.31062,0.9999864250921399
1116.370885,0.9999864980911516
1116.43115,0.9999866280894047
1116.491415,0.9999868230868163
1116.55168,0.9999870670836308
1116.611945,0.9999873350802008
1116.67221,0.9999876520762362
1116.732475,0.9999879450726612
1116.79274,0.9999881000708047
1116.853005,0.999988068071186
1116.91327,0.9999879460726492
1116.973535,0.9999878730735318
1117.0338,0.9999878880733499
1117.094065,0.9999880100718798
1117.15433,0.9999881640700452
1117.214595,0.9999883520678376
1117.27486,0.9999884900662398
1117.335125,0.999988539065677
1117.39539,0.999988539065677
1117.455655,0.999988539065677
1117.51592,0.9999885470655854
1117.576185,0.999988620064752
1117.63645,0.9999886930639239
1117.696715,0.9999887100637318
1117.75698,0.9999887100637318
1117.817245,0.9999887660631012
1117.87751,0.9999888560620941
1117.937775,0.9999888560620941
1117.99804,0.9999886700641842
1118.058305,0.9999883700676282
1118.11857,0.9999880850709834
1118.178835,0.9999878730735318
1118.2391,0.999987775074725
1118.299365,0.9999878150742368
1118.35963,0.9999879930720837
1118.419895,0.9999882370691838
1118.48016,0.9999884490667126
1118.540425,0.9999885710653108
1118.60069,0.999988612064843
1118.660955,0.9999886370645586
1118.72122,0.9999886610642862
1118.781485,0.9999886780640936
1118.84175,0.9999886050649228
1118.902015,0.9999884340668859
1118.96228,0.9999882390691602
1119.022545,0.9999881000708047
1119.08281,0.9999880830710072
1119.143075,0.9999881240705194
1119.20334,0.9999881240705194
1119.263605,0.9999880920709
1119.32387,0.9999879950720597
1119.384135,0.9999878650736288
1119.4444,0.9999876380764092
1119.504665,0.9999873460800616
1119.56493,0.9999870530838121
1119.625195,0.9999867760874367
1119.68546,0.9999865810900344
1119.745725,0.9999865230908144
1119.80599,0.9999866450891776
1119.866255,0.9999869280854382
1119.92652,0.9999873430800995
1119.986785,0.9999877080755464
1120.04705,0.9999879610724685
1120.107315,0.9999880590712935
1120.16758,0.9999880760710906
1120.227845,0.9999880760710906
1120.28811,0.9999879950720597
1120.348375,0.9999878810734348
1120.40864,0.9999878070743343
1120.468905,0.9999878560737381
1120.52917,0.9999879370727577
1120.589435,0.9999879780722639
1120.6497,0.9999880350715803
1120.709965,0.9999881240705194
1120.77023,0.9999882300692662
1120.830495,0.9999882950685033
1120.89076,0.9999882950685033
1120.951025,0.9999883270681292
1121.01129,0.9999884570666202
1121.071555,0.9999885710653108
1121.13182,0.9999885560654823
1121.192085,0.9999884090671753
1121.25235,0.9999882950685033
1121.312615,0.9999882710687844
1121.37288,0.9999882390691602
1121.433145,0.9999880850709834
1121.49341,0.9999878410739204
1121.553675,0.9999876780759155
1121.61394,0.999987686075817
1121.674205,0.9999877590749208
1121.73447,0.9999877510750187
1121.794735,0.9999876530762238
1121.855,0.9999875640773267
1121.915265,0.9999875070780372
1121.97553,0.9999874340789519
1122.035795,0.9999873610798719
1122.09606,0.9999873200803908
1122.156325,0.9999873120804923
1122.21659,0.9999871660823554
1122.276855,0.9999868650862638
1122.33712,0.9999865160909087
1122.397385,0.9999862240948887
1122.45765,0.9999859630985182
1122.517915,0.9999856391031187
1122.57818,0.9999852411089135
1122.638445,0.9999847851157475
1122.69871,0.9999843951217574
1122.758975,0.9999840611270252
1122.81924,0.9999838251308146
1122.879505,0.9999836471337096
1122.93977,0.9999834761365205
1123.000035,0.9999833301389437
1123.0603,0.9999832151408673
1123.120565,0.999983199141136
1123.18083,0.9999833361388437
1123.241095,0.9999836121342826
1123.30136,0.9999838971296526
1123.361625,0.9999841411257533
1123.42189,0.9999843681221791
1123.482155,0.999984685117274
1123.54242,0.9999850431118553
1123.602685,0.9999853031080004
1123.66295,0.9999854181063168
1123.723215,0.9999853611071496
1123.78348,0.9999852321090463
1123.843745,0.9999850121123195
1123.90401,0.9999847681160063
1123.964275,0.9999845001201244
1124.02454,0.9999842241244404
1124.084805,0.9999838751300071
1124.14507,0.9999834361371823
1124.205335,0.9999830291440066
1124.2656,0.9999827521487459
1124.325865,0.9999826871498692
1124.38613,0.9999827351490392
1124.446395,0.999982760148608
1124.50666,0.9999827031495923
1124.566925,0.9999825811517099
1124.62719,0.9999824591538424
1124.687455,0.9999823371559898
1124.74772,0.9999821831587218
1124.807985,0.9999819721625034
1124.86825,0.9999817201670782
1124.928515,0.9999814281724585
1124.98878,0.9999811841770199
1125.049045,0.9999810211801001
1125.10931,0.9999809551813549
1125.169575,0.9999808741829008
1125.22984,0.999980720185858
1125.290105,0.9999804771905725
1125.35037,0.9999802571948917
1125.410635,0.9999801181976457
1125.4709,0.9999800451990997
1125.531165,0.9999799802003989
1125.59143,0.9999798502030098
1125.651695,0.9999797282054756
1125.71196,0.9999796552069581
1125.772225,0.9999796382073041
1125.83249,0.9999796312074467
1125.892755,0.9999795252096114
1125.95302,0.999979362212962
1126.013285,0.9999791602171513
1126.07355,0.9999789482215918
1126.133815,0.9999787532257159
1126.19408,0.9999786552278029
1126.254345,0.9999786142286788
1126.31461,0.9999785262305647
1126.374875,0.999978218237226
1126.43514,0.9999776982486878
1126.495405,0.9999771202617452
1126.55567,0.9999768022690715
1126.615935,0.9999768172687237
1126.6762,0.999976988264774
1126.736465,0.9999770292638314
1126.79673,0.9999769802649582
1126.856995,0.9999769322660642
1126.91726,0.9999769072666412
1126.977525,0.9999768022690715
1127.03779,0.9999766242732165
1127.098055,0.9999764292777938
1127.15832,0.999976314280511
1127.218585,0.9999762252826231
1127.27885,0.9999760952857223
1127.339115,0.9999759242898245
1127.39938,0.9999758592913915
1127.459645,0.9999759402894395
1127.51991,0.9999759972880697
1127.580175,0.999975843291778
1127.64044,0.9999755382991923
1127.700705,0.9999751273093305
1127.76097,0.9999750503112487
1127.821235,0.9999748833154292
1127.8815,0.9999746393215875
1127.941765,0.9999743963277796
1128.00203,0.9999741523340566
1128.062295,0.9999741523340566
1128.12256,0.9999741523340566
1128.182825,0.9999739083403932
1128.24309,0.9999736643467894
1128.303355,0.9999733433552946
1128.36362,0.999972933366308
1128.423885,0.9999726113750752
1128.48415,0.9999722013863886
1128.544415,0.9999719573932012
1128.60468,0.9999716364022544
1128.664945,0.9999712264139675
1128.72521,0.9999706614303843
1128.785475,0.9999702504425269
1128.84574,0.9999700064498155
1128.906005,0.9999697624571637
1128.96627,0.9999697624571637
1129.026535,0.9999696854594949
1129.0868,0.999969275472008
1129.147065,0.9999687874871206
1129.20733,0.9999685434947663
1129.267595,0.9999682225049152
1129.32786,0.9999678125180281
1129.388125,0.9999675685259116
1129.44839,0.9999673245338546
1129.508655,0.9999670805418572
1129.56892,0.999966592558041
1129.629185,0.999966105574429
1129.68945,0.9999656175910886
1129.749715,0.9999653735995077
1129.80998,0.9999648856165244
1129.870245,0.9999643986337436
1129.93051,0.9999638336540181
1129.990775,0.9999634226689669
1130.05104,0.9999631786779215
1130.111305,0.9999629356868986
1130.17157,0.9999629356868986
1130.231835,0.9999626916959721
1130.2921,0.9999623697080372
1130.352365,0.9999621267172109
1130.41263,0.9999619597235496
1130.472895,0.9999616387358121
1130.53316,0.9999612287516243
1130.593425,0.9999607407706638
1130.65369,0.9999602527899413
1130.713955,0.9999600087996694
1130.77422,0.9999596878125581
1130.834485,0.9999592778291702
1130.89475,0.9999590338391361
1130.955015,0.9999587128523377
1131.01528,0.9999582248726049
1131.075545,0.9999575709001397
1131.13581,0.9999570829209642
1131.196075,0.9999568389314657
1131.25634,0.9999565959419834
1131.316605,0.9999563519526038
1131.37687,0.9999561079632836
1131.437135,0.9999557859774687
1131.4974,0.9999553759956805
1131.557665,0.9999551320065986
1131.61793,0.9999548890175309
1131.678195,0.9999546450285678
1131.73846,0.999954323043224
1131.798725,0.9999539130620355
1131.85899,0.999953592076881
1131.919255,0.9999533480882343
1131.97952,0.9999531040996471
1132.039785,0.9999529381074456
1132.10005,0.9999526941189585
1132.160315,0.9999524501305309
1132.22058,0.9999521291458459
1132.280845,0.9999514751773673
1132.34111,0.9999509872011665
1132.401375,0.9999504992252037
1132.46164,0.9999502552373117
1132.521905,0.9999500122494293
1132.58217,0.9999496902655771
1132.642435,0.9999492802862882
1132.7027,0.9999487923111584
1132.762965,0.9999484713276476
1132.82323,0.9999479833529127
1132.883495,0.9999473293871455
1132.94376,0.9999468414129677
1133.004025,0.9999463544389746
1133.06429,0.9999458664652727
1133.124555,0.9999453014960177
1133.18482,0.9999445695363249
1133.245085,0.999944081563494
1133.30535,0.9999436715865047
1133.365615,0.9999431846140552
1133.42588,0.9999426186463729
1133.486145,0.9999418876885858
1133.54641,0.9999409897411738
1133.606675,0.9999404247746743
1133.66694,0.9999397708138502
1133.727205,0.9999392828433612
1133.78747,0.999938960862964
1133.847735,0.9999385518880126
1133.908,0.9999382299078508
1133.968265,0.9999377419381136
1134.02853,0.9999370109838914
1134.088795,0.9999360350458449
1134.14906,0.9999353040928705
1134.209325,0.9999345721404957
1134.26959,0.9999336751995869
1134.329855,0.9999329432484044
1134.39012,0.9999323772865187
1134.450385,0.9999318903195696
1134.51065,0.9999314023529262
1134.570915,0.9999309143865209
1134.63118,0.999930261431847
1134.691445,0.9999297734659985
1134.75171,0.9999292855003881
1134.811975,0.9999287205405014
1134.87224,0.9999277446105465
1134.932505,0.9999268476757618
1134.99277,0.9999260377353432
1135.053035,0.9999253067896767
1135.1133,0.9999248188262461
1135.173565,0.9999241648756284
1135.23383,0.9999235999186349
1135.294095,0.9999226239936776
1135.35436,0.9999216490695945
1135.414625,0.9999206731465412
1135.47489,0.9999196982243602
1135.535155,0.9999185573166354
1135.59542,0.9999178253765193
1135.655685,0.9999170944368562
1135.71595,0.9999162845043377
1135.776215,0.9999153095864356
1135.83648,0.999914089690502
1135.896745,0.9999131147747399
1135.95701,0.9999121398599282
1136.017275,0.9999109199678617
1136.07754,0.99990994505519
1136.137805,0.9999087261657099
1136.19807,0.9999077502552695
1136.258335,0.9999067753456882
1136.3186,0.9999058784297129
1136.378865,0.9999050685062795
1136.43913,0.9999041715918353
1136.499395,0.9999031176933938
1136.55966,0.9999018988122362
1136.619925,0.9999006799325645
1136.68019,0.9998994650539764
1136.740455,0.9998982451773731
1136.80072,0.9998970952950524
1136.860985,0.9998961253953403
1136.92125,0.9998953154798068
1136.981515,0.9998945855564929
1137.04178,0.9998938556337119
1137.102045,0.9998929557296468
1137.16231,0.9998921458166806
1137.222575,0.9998910059402841
1137.28284,0.9998899560552791
1137.343105,0.9998889761636023
1137.40337,0.9998879962728858
1137.463635,0.9998870263819999
1137.5239,0.9998860464931941
1137.584165,0.9998850766041995
1137.64443,0.9998839367358618
1137.704695,0.9998828768594507
1137.76496,0.9998819069735305
1137.825225,0.9998809270897417
1137.88549,0.9998799572057129
1137.945755,0.9998787373529092
1138.00602,0.9998777574722267
1138.066285,0.999876617612233
1138.12655,0.9998758077125007
1138.186815,0.9998748378334376
1138.24708,0.9998739379464885
1138.307345,0.9998731280489268
1138.36761,0.9998722281635165
1138.427875,0.9998714982570563
1138.48814,0.9998709283304648
1138.548405,0.9998702784145725
1138.60867,0.999869468519975
1138.668935,0.999868498647061
1138.7292,0.9998675187764124
1138.789465,0.9998662989387836
1138.84973,0.9998653290689441
1138.909995,0.9998643492014017
1138.97026,0.9998634493238924
1139.030525,0.9998626394348265
1139.09079,0.9998617495574733
1139.151055,0.9998607696934388
1139.21132,0.9998597198401818
1139.271585,0.9998587399781366
1139.33185,0.9998575201512179
1139.392115,0.9998563003257874
1139.45238,0.9998550105119919
1139.512645,0.999853860679391
1139.57291,0.9998527208466396
1139.633175,0.9998519109662636
1139.69344,0.999851181074635
1139.753705,0.9998505311715785
1139.81397,0.9998499612569383
1139.874235,0.9998489914029461
1139.9345,0.9998480115514147
1139.994765,0.9998470416993139
1140.05503,0.9998458218866672
1140.115295,0.9998446020755085
1140.17556,0.9998436222282786
1140.235825,0.9998427323678508
1140.29609,0.9998419224955656
1140.356355,0.9998409426509617
1140.41662,0.9998399728057177
1140.476885,0.9998392329244116
1140.53715,0.9998385030420379
1140.597415,0.9998375331991604
1140.65768,0.9998365533588579
1140.717945,0.9998353335590069
1140.77821,0.9998343637192038
1140.838475,0.9998336338403846
1140.89874,0.9998328939637693
1140.959005,0.9998322440725994
1141.01927,0.9998315141953277
1141.079535,0.9998307043321292
1141.1398,0.9998299744559814
1141.200065,0.9998292445803665
1141.26033,0.9998282647481869
1141.320595,0.9998272849169676
1141.38086,0.9998263150849716
1141.441125,0.9998250952976112
1141.50139,0.999824115469498
1141.561655,0.9998229056830502
1141.62192,0.9998219258570827
1141.682185,0.9998207060750772
1141.74245,0.9998194862945599
1141.802715,0.9998182665155306
1141.86298,0.9998170467379895
1141.923245,0.9998155870061669
1141.98351,0.9998143672318949
1142.043775,0.9998132274441659
1142.10404,0.9998121776408282
1142.164305,0.9998111978253742
1142.22457,0.9998100580412584
1142.284835,0.9998092481954394
1142.3451,0.9998082683828563
1142.405365,0.9998072985693063
1142.46563,0.999806078805146
1142.525895,0.999804859042474
1142.58616,0.99980363928129
1142.646425,0.9998026694722303
1142.70669,0.9998016896660943
1142.766955,0.9998007098609185
1142.82722,0.9997997400547003
1142.887485,0.9997987602514352
1142.94775,0.999797790447108
1143.008015,0.9997968106457535
1143.06828,0.9997958408433176
1143.128545,0.9997948610438736
1143.18881,0.9997938912433288
1143.249075,0.9997926714955255
1143.30934,0.9997914517492104
1143.369605,0.9997902320043832
1143.42987,0.999789252210436
1143.490135,0.9997885223645483
1143.5504,0.9997876325531593
1143.610665,0.9997868227255049
1143.67093,0.9997858429348988
1143.731195,0.9997848631452528
1143.79146,0.9997836534063003
1143.851725,0.9997824336709872
1143.91199,0.9997812139371621
1143.972255,0.9997799942048251
1144.03252,0.9997790144209109
1144.092785,0.9997781246179841
1144.15305,0.9997773147980311
1144.213315,0.9997764149988527
1144.27358,0.9997756051802845
1144.333845,0.9997746254006715
1144.39411,0.9997736556197553
1144.454375,0.9997726758420529
1144.51464,0.999771536101852
1144.574905,0.9997704863422903
1144.63517,0.9997695065676937
1144.695435,0.9997685367917427
1144.7557,0.9997677969632992
1144.815965,0.9997670671330738
1144.87623,0.9997663373033812
1144.936495,0.9997654475117369
1144.99676,0.9997646277044061
1145.057025,0.9997634179899384
1145.11729,0.9997621982793126
1145.177555,0.9997609785701747
1145.23782,0.9997595089226163
1145.298085,0.9997582892167595
1145.35835,0.9997570795099614
1145.418615,0.9997561797289948
1145.47888,0.9997553899219247
1145.539145,0.9997537403268922
1145.59941,0.9997537403268922
1145.659675,0.9997513009307419
1145.71994,0.9997513009307419
1145.780205,0.9997488615405438
1145.84047,0.9997488615405438
1145.900735,0.9997464221562976
1145.961,0.9997464221562976
1146.021265,0.9997439927754435
1146.08153,0.9997439927754435
1146.141795,0.9997415534030771
1146.20206,0.9997415534030771
1146.262325,0.9997391140366628
1146.32259,0.9997391140366628
1146.382855,0.9997391140366628
1146.44312,0.9997366746762006
1146.503385,0.9997366746762006
1146.56365,0.9997342353216905
1146.623915,0.9997342353216905
1146.68418,0.9997317959731322
1146.744445,0.9997317959731322
1146.80471,0.9997293666278196
1146.864975,0.9997293666278196
1146.92524,0.9997269272911411
1146.985505,0.9997269272911411
1147.04577,0.9997244879604145
1147.106035,0.9997244879604145
1147.1663,0.9997220486356398
1147.226565,0.9997196093168171
1147.28683,0.9997196093168171
1147.347095,0.9997171700039464
1147.40736,0.9997171700039464
1147.467625,0.9997147306970275
1147.52789,0.9997147306970275
1147.588155,0.9997123013931836
1147.64842,0.9997115016236623
1147.708685,0.999709862098144
1147.76895,0.9997074228090566
1147.829215,0.9997074228090566
1147.88948,0.9997049835259207
1147.949745,0.9997049835259207
1148.01001,0.999702544248737
1148.070275,0.9997017544840389
1148.13054,0.9997001049775048
1148.190805,0.9996976657122246
1148.25107,0.9996968759513807
1148.311335,0.9996952364498485
1148.3716,0.9996927971964474
1148.431865,0.9996903579489982
1148.49213,0.9996879187075006
1148.552395,0.9996871289543569
1148.61266,0.9996854794719549
1148.672925,0.9996830402423608
1148.73319,0.9996806110155245
1148.793455,0.9996798112713556
1148.85372,0.9996781717978095
1148.913985,0.9996757325860461
1148.97425,0.9996732933802345
1149.034515,0.9996708541803745
1149.09478,0.9996684149864661
1149.155045,0.9996684149864661
1149.21531,0.9996659757985094
1149.275575,0.9996635466131396
1149.33584,0.9996635466131396
1149.396105,0.9996611074370616
1149.45637,0.9996586682669353
1149.516635,0.9996578685403206
1149.5769,0.9996562291027605
1149.637165,0.9996537899445372
1149.69743,0.9996513507922655
1149.757695,0.9996505610680104
1149.81796,0.9996489116459454
1149.878225,0.9996464825020415
1149.93849,0.9996440433675999
1149.998755,0.9996440433675999
1150.05902,0.9996416042391099
1150.119285,0.9996408045261463
1150.17955,0.9996391651165712
1150.239815,0.9996367259999841
1150.30008,0.9996342868893484
1150.360345,0.9996318477846641
1150.42061,0.9996318477846641
1150.480875,0.9996294186822253
1150.54114,0.9996269795894194
1150.601405,0.9996245405025649
1150.66167,0.9996245405025649
1150.721935,0.9996221014216617
1150.7822,0.99961966234671
1150.842465,0.9996188726474886
1150.90273,0.9996172232777095
1150.962995,0.9996147942108082
1151.02326,0.9996139945192928
1151.083525,0.9996123551536861
1151.14379,0.999609916102515
1151.204055,0.9996091164149021
1151.26432,0.9996074770572955
1151.324585,0.999605038018027
1151.38485,0.999604248330359
1151.445115,0.9996025989847099
1151.50538,0.999600159957344
1151.565645,0.999600159957344
1151.62591,0.9995977309319065
1151.686175,0.9995977309319065
1151.74644,0.9995952919164187
1151.806705,0.999592852906882
1151.86697,0.999592852906882
1151.927235,0.9995904139032965
1151.9875,0.9995904139032965
1152.047765,0.9995896142312852
1152.10803,0.9995879749056622
1152.168295,0.9995879749056622
1152.22856,0.9995855359139789
1152.288825,0.9995855359139789
1152.34909,0.9995830969282469
1152.409355,0.9995830969282469
1152.46962,0.9995830969282469
1152.529885,0.9995806679442726
1152.59015,0.9995806679442726
1152.650415,0.9995806679442726
1152.71068,0.9995782289704184
1152.770945,0.9995782289704184
1152.83121,0.9995782289704184
1152.891475,0.9995757900025152
1152.95174,0.9995757900025152
1153.012005,0.9995757900025152
1153.07227,0.9995757900025152
1153.132535,0.9995757900025152
1153.1928,0.9995757900025152
1153.253065,0.9995733510405631
1153.31333,0.9995733510405631
1153.373595,0.9995733510405631
1153.43386,0.9995733510405631
1153.494125,0.9995733510405631
1153.55439,0.9995733510405631
1153.614655,0.9995733510405631
1153.67492,0.9995733510405631
1153.735185,0.9995733510405631
1153.79545,0.9995757900025152
1153.855715,0.9995757900025152
1153.91598,0.9995757900025152
1153.976245,0.9995757900025152
1154.03651,0.9995757900025152
1154.096775,0.9995757900025152
1154.15704,0.9995757900025152
1154.217305,0.9995782289704184
1154.27757,0.9995782289704184
1154.337835,0.9995782289704184
1154.3981,0.9995790286333214
1154.458365,0.9995806679442726
1154.51863,0.9995806679442726
1154.578895,0.9995814676091268
1154.63916,0.9995830969282469
1154.699425,0.9995830969282469
1154.75969,0.9995855359139789
1154.819955,0.9995855359139789
1154.88022,0.9995879749056622
1154.940485,0.9995879749056622
1155.00075,0.9995904139032965
1155.061015,0.9995904139032965
1155.12128,0.999592852906882
1155.181545,0.999592852906882
1155.24181,0.9995952919164187
1155.302075,0.9995952919164187
1155.36234,0.9995977309319065
1155.422605,0.9995977309319065
1155.48287,0.999600159957344
1155.543135,0.9996009596377918
1155.6034,0.9996025989847099
1155.663665,0.999605038018027
1155.72393,0.9996074770572955
1155.784195,0.9996074770572955
1155.84446,0.999609916102515
1155.904725,0.9996107157907679
1155.96499,0.9996123551536861
1156.025255,0.9996147942108082
1156.08552,0.9996155939029635
1156.145785,0.9996172232777095
1156.20605,0.99961966234671
1156.266315,0.9996204620427597
1156.32658,0.9996221014216617
1156.386845,0.9996245405025649
1156.44711,0.9996269795894194
1156.507375,0.999627779291323
1156.56764,0.9996294186822253
1156.627905,0.9996318477846641
1156.68817,0.9996342868893484
1156.748435,0.9996367259999841
1156.8087,0.9996375257096848
1156.868965,0.9996399648282233
1156.92923,0.9996416042391099
1156.989495,0.9996440433675999
1157.04976,0.9996464825020415
1157.110025,0.9996489116459454
1157.17029,0.9996521505136661
1157.230555,0.9996545896678891
1157.29082,0.9996586682669353
1157.351085,0.9996611074370616
1157.41135,0.9996635466131396
1157.471615,0.9996667855282776
1157.53188,0.9996708541803745
1157.592145,0.9996732933802345
1157.65241,0.9996765323269521
1157.712675,0.9996806110155245
1157.77294,0.9996830402423608
1157.833205,0.9996854794719549
1157.89347,0.9996887184581555
1157.953735,0.9996927971964474
1158.014,0.9996960362063575
1158.074265,0.9997001049775048
1158.13453,0.9997033440110922
1158.194795,0.9997074228090566
1158.25506,0.999709862098144
1158.315325,0.9997147306970275
1158.37559,0.9997171700039464
1158.435855,0.9997220486356398
1158.49612,0.9997244879604145
1158.556385,0.9997293666278196
1158.61665,0.9997317959731322
1158.676915,0.999735045106749
1158.73718,0.9997391140366628
1158.797445,0.9997439927754435
1158.85771,0.9997464221562976
1158.917975,0.9997513009307419
1158.97824,0.9997537403268922
1159.038505,0.999757879315945
1159.09877,0.999761298493739
1159.159035,0.9997648676479455
1159.2193,0.9997683668311058
1159.279565,0.9997716960653106
1159.33983,0.9997749453286029
1159.400095,0.9997780346379569
1159.46036,0.9997810439743702
1159.520625,0.9997839733371205
1159.58089,0.9997870526765006
1159.641155,0.9997900620400583
1159.70142,0.9997929914292316
1159.761685,0.9997960807943482
1159.82195,0.9997990801870896
1159.882215,0.9998021695710205
1159.94248,0.9998050989956689
1160.002745,0.9998080284289006
1160.06301,0.9998110278574851
1160.123275,0.9998141172783344
1160.18354,0.9998171267233565
1160.243805,0.9998202161630513
1160.30407,0.9998231456405763
1160.364335,0.9998259051562665
1160.4246,0.9998287446658691
1160.484865,0.9998314342088097
1160.54513,0.999834113760644
1160.605395,0.9998370332805187
1160.66566,0.999839962807318
1160.725925,0.9998426423820089
1160.78619,0.9998453319623344
1160.846455,0.9998477615894431
1160.90672,0.9998499612569383
1160.966985,0.9998523209056311
1161.02725,0.9998545105846116
1161.087515,0.9998565402913283
1161.14778,0.9998588999555478
1161.208045,0.9998610996475473
1161.26831,0.9998632893457533
1161.328575,0.9998654790487547
1161.38884,0.9998676787552283
1161.449105,0.9998697084886763
1161.50937,0.999871818215987
1161.569635,0.9998737779666712
1161.6299,0.9998755577435801
1161.690165,0.9998774275126212
1161.75043,0.9998792172948183
1161.810695,0.9998810870707029
1161.87096,0.9998828768594507
1161.931225,0.9998847466421786
1161.99149,0.9998866964193356
1162.051755,0.9998884862181241
1162.11202,0.9998901060387838
1162.172285,0.99989157587832
1162.23255,0.9998930357210865
1162.292815,0.9998944955659843
1162.35308,0.9998960454036535
1162.413345,0.9998976652365592
1162.47361,0.9998993750630286
1162.533875,0.9999010818927186
1162.59414,0.9999026257411809
1162.654405,0.9999042515841722
1162.71467,0.9999054704681978
1162.774935,0.9999069343308781
1162.8352,0.999908153218174
1162.895465,0.9999091281290986
1162.95573,0.9999102670262442
1163.015995,0.9999112419392298
1163.07626,0.9999122978460587
1163.136525,0.9999135177398063
1163.19679,0.9999149806143528
1163.257055,0.9999162805046725
1163.31732,0.9999176623899271
1163.377585,0.9999188812903005
1163.43785,0.9999198572116048
1163.498115,0.9999208321339409
1163.55838,0.9999218080571494
1163.618645,0.9999227829813875
1163.67891,0.9999237579065762
1163.739175,0.9999249778143049
1163.79944,0.9999259527416335
1163.859705,0.9999271716521129
1163.91997,0.9999283915640065
1163.980235,0.9999296104774587
1164.0405,0.9999308293923967
1164.100765,0.9999318053253625
1164.16103,0.9999327802593481
1164.221295,0.999933512210411
1164.28156,0.9999341621674053
1164.341825,0.9999346501353954
1164.40209,0.999935218098438
1164.462355,0.9999357060669435
1164.52262,0.9999361940356871
1164.582885,0.9999366820046689
1164.64315,0.9999373319637235
1164.703415,0.9999379009282272
1164.76368,0.9999383079030357
1164.823945,0.9999387948731102
1164.88421,0.9999390388582059
1164.944475,0.9999395268285759
1165.00474,0.9999400147991842
1165.065005,0.9999405017700899
1165.12527,0.9999409897411738
1165.185535,0.9999414777124959
1165.2458,0.999941802693529
1165.306065,0.9999422086699833
1165.36633,0.999942452655912
1165.426595,0.9999426966419002
1165.48686,0.9999431846140552
1165.547125,0.9999435095956429
1165.60739,0.9999439155727903
1165.667655,0.9999441595591355
1165.72792,0.9999446475320044
1165.788185,0.9999451355051114
1165.84845,0.9999457034741097
1165.908715,0.9999463544389746
1165.96898,0.9999468414129677
1166.029245,0.9999470854000269
1166.08951,0.9999473293871455
1166.149775,0.9999475733743236
1166.21004,0.9999478983573378
1166.270305,0.9999483053362151
1166.33057,0.9999486293195186
1166.390835,0.9999488733070139
1166.4511,0.9999490362986936
1166.511365,0.9999492802862882
1166.57163,0.9999495242739423
1166.631895,0.9999498492575906
1166.69216,0.9999502552373117
1166.752425,0.9999504992252037
1166.81269,0.9999507432131554
1166.872955,0.9999507432131554
1166.93322,0.9999507432131554
1166.993485,0.9999504992252037
1167.05375,0.9999504992252037
1167.114015,0.9999504992252037
1167.17428,0.9999502552373117
1167.234545,0.9999502552373117
1167.29481,0.9999502552373117
1167.355075,0.9999504992252037
1167.41534,0.9999507432131554
1167.475605,0.9999509872011665
1167.53587,0.9999512311892371
1167.596135,0.9999512311892371
1167.6564,0.9999514751773673
1167.716665,0.9999512311892371
1167.77693,0.9999512311892371
1167.837195,0.9999513121852901
1167.89746,0.9999514751773673
1167.957725,0.9999514751773673
1168.01799,0.999951719165557
1168.078255,0.9999519621538543
1168.13852,0.9999519621538543
1168.198785,0.9999519621538543
1168.25905,0.9999522061421628
1168.319315,0.9999522061421628
1168.37958,0.9999522061421628
1168.439845,0.9999524501305309
1168.50011,0.9999525311266826
1168.560375,0.9999526941189585
1168.62064,0.9999529381074456
1168.680905,0.9999529381074456
1168.74117,0.9999529381074456
1168.801435,0.9999526941189585
1168.8617,0.9999526941189585
1168.921965,0.9999524501305309
1168.98223,0.9999524501305309
1169.042495,0.9999524501305309
1169.10276,0.9999524501305309
1169.163025,0.9999524501305309
1169.22329,0.9999526941189585
1169.283555,0.9999526941189585
1169.34382,0.9999529381074456
1169.404085,0.9999529381074456
1169.46435,0.9999529381074456
1169.524615,0.9999529381074456
1169.58488,0.9999529381074456
1169.645145,0.9999529381074456
1169.70541,0.9999526941189585
1169.765675,0.9999526941189585
1169.82594,0.9999526941189585
1169.886205,0.9999524501305309
1169.94647,0.9999524501305309
1170.006735,0.9999524501305309
1170.067,0.9999524501305309
1170.127265,0.9999524501305309
1170.18753,0.9999522061421628
1170.247795,0.9999522061421628
1170.30806,0.9999521251460374
1170.368325,0.9999519621538543
1170.42859,0.9999519621538543
1170.488855,0.999951719165557
1170.54912,0.999951719165557
1170.609385,0.999951719165557
1170.66965,0.999951719165557
1170.729915,0.999951719165557
1170.79018,0.999951719165557
1170.850445,0.9999519621538543
1170.91071,0.9999522061421628
1170.970975,0.9999524501305309
1171.03124,0.9999526941189585
1171.091505,0.9999526941189585
1171.15177,0.9999529381074456
1171.212035,0.9999531820959923
1171.2723,0.9999531820959923
1171.332565,0.9999531820959923
1171.39283,0.9999531820959923
1171.453095,0.9999531820959923
1171.51336,0.9999531820959923
1171.573625,0.9999531820959923
1171.63389,0.9999531820959923
1171.694155,0.9999531820959923
1171.75442,0.999953425084645
1171.814685,0.999953425084645
1171.87495,0.999953425084645
1171.935215,0.999953425084645
1171.99548,0.999953425084645
1172.055745,0.999953425084645
1172.11601,0.9999531820959923
1172.176275,0.9999531820959923
1172.23654,0.9999529381074456
1172.296805,0.9999526941189585
1172.35707,0.9999524501305309
1172.417335,0.9999522061421628
1172.4776,0.9999519621538543
1172.537865,0.999951719165557
1172.59813,0.9999514751773673
1172.658395,0.9999512311892371
1172.71866,0.9999509872011665
1172.778925,0.9999507432131554
1172.83919,0.9999504992252037
1172.899455,0.9999500122494293
1172.95972,0.999949768261656
1173.019985,0.9999494422780847
1173.08025,0.9999491982904506
1173.140515,0.9999490362986936
1173.20078,0.9999492802862882
1173.261045,0.9999495242739423
1173.32131,0.9999495242739423
1173.381575,0.9999495242739423
1173.44184,0.9999495242739423
1173.502105,0.9999491982904506
1173.56237,0.9999489543028759
1173.622635,0.9999487923111584
1173.6829,0.9999487923111584
1173.743165,0.9999485483236829
1173.80343,0.9999487923111584
1173.863695,0.9999487923111584
1173.92396,0.9999487923111584
1173.984225,0.9999487113153096
1174.04449,0.9999483053362151
1174.104755,0.9999479793531207
1174.16502,0.9999474913786259
1174.225285,0.9999470044043162
1174.28555,0.9999463544389746
1174.345815,0.9999460284565161
1174.40608,0.9999457844697149
1174.466345,0.999945622478511
1174.52661,0.999945622478511
1174.586875,0.999945622478511
1174.64714,0.9999453784918089
1174.707405,0.9999451355051114
1174.76767,0.9999448095230504
1174.827935,0.9999443215501024
1174.8882,0.9999438335773926
1174.948465,0.999943428600222
1175.00873,0.9999431846140552
1175.068995,0.9999431846140552
1175.12926,0.9999431846140552
1175.189525,0.9999431846140552
1175.24979,0.9999431846140552
1175.310055,0.9999431846140552
1175.37032,0.9999429406279479
1175.430585,0.9999426966419002
1175.49085,0.999942452655912
1175.551115,0.9999419646841141
1175.61138,0.9999417216982462
1175.671645,0.9999414777124959
1175.73191,0.9999413957172981
1175.792175,0.9999412337268051
1175.85244,0.9999412337268051
1175.912705,0.9999409897411738
1175.97297,0.9999407457556021
1176.033235,0.9999405017700899
1176.0935,0.9999404197749721
1176.153765,0.9999401767894797
1176.21403,0.9999397708138502
1176.274295,0.9999394448335381
1176.33456,0.9999390388582059
1176.394825,0.9999390388582059
1176.45509,0.9999390388582059
1176.515355,0.9999387948731102
1176.57562,0.9999384698930547
1176.635885,0.9999379819232005
1176.69615,0.9999374939535843
1176.756415,0.9999370879790442
1176.81668,0.9999368449943613
1176.876945,0.999936601009801
1176.93721,0.9999363570253
1176.997475,0.9999361130408587
1177.05774,0.9999356250721546
1177.118005,0.9999350561089458
1177.17827,0.9999343241567527
1177.238535,0.9999336751995869
1177.2988,0.9999331872320724
1177.359065,0.9999328612539065
1177.41933,0.9999324552812472
1177.479595,0.99993212930332
1177.53986,0.9999317243308896
1177.600125,0.9999317243308896
1177.66039,0.9999317243308896
1177.720655,0.9999316423364916
1177.78092,0.9999314803475786
1177.841185,0.9999309923811353
1177.90145,0.99993050441493
1177.961715,0.999930017448893
1178.02198,0.9999297734659985
1178.082245,0.9999294474889455
1178.14251,0.9999290415176723
1178.202775,0.9999287985349447
1178.26304,0.9999285545523475
1178.323305,0.99992831056981
1178.38357,0.999927984593234
1178.443835,0.9999275786225545
1178.5041,0.9999270916579424
1178.564365,0.9999270086639972
1178.62463,0.9999268476757618
1178.684895,0.9999266036936407
1178.74516,0.9999263597115792
1178.805425,0.9999261157295771
1178.86569,0.9999261157295771
1178.925955,0.9999258717476347
1178.98622,0.9999257897537166
1179.046485,0.9999256277657518
1179.10675,0.9999253847838537
1179.167015,0.9999253847838537
1179.22728,0.9999251408020896
1179.287545,0.9999248148265468
1179.34781,0.9999243268633563
1179.408075,0.9999239208941619
1179.46834,0.9999236779126787
1179.528605,0.9999233509376895
1179.58887,0.9999229459688144
1179.649135,0.9999226199939871
1179.7094,0.9999221320318676
1179.769665,0.9999217270634861
1179.82993,0.9999214010890562
1179.890195,0.9999211571082641
1179.95046,0.9999207511403568
1180.010725,0.999920181185691
1180.07099,0.999919532237704
1180.131255,0.9999190442770914
1180.19152,0.9999188012967931
1180.251785,0.9999185573166354
1180.31205,0.9999183133365372
1180.372315,0.9999180693564985
1180.43258,0.9999175813965997
1180.492845,0.9999170944368562
1180.55311,0.9999165244842748
1180.613375,0.9999158745387451
1180.67364,0.9999153875798328
1180.733905,0.9999148996212427
1180.79417,0.9999144116628907
1180.854435,0.9999138417118385
1180.9147,0.9999131927679659
1180.974965,0.9999129487891766
1181.03523,0.9999129487891766
1181.095495,0.9999127048104468
1181.15576,0.9999124608317767
1181.216025,0.9999119738745268
1181.27629,0.9999114039248641
1181.336555,0.9999109979609165
1181.39682,0.9999107549825735
1181.457085,0.9999105110043791
1181.51735,0.9999100230481688
1181.577615,0.9999096970775544
1181.63788,0.9999092091217413
1181.698145,0.9999087211661662
1181.75841,0.9999083162032162
1181.818675,0.999907828248077
1181.87894,0.9999073412930832
1181.939205,0.9999067703461543
1181.99947,0.9999062833916758
1182.059735,0.9999056344527084
1182.12,0.9999051464988779
1182.180265,0.9999048205298532
1182.24053,0.9999044145685785
1182.300795,0.9999040885997925
1182.36106,0.9999036836387186
1182.421325,0.9999034396622496
1182.48159,0.9999031956858401
1182.541855,0.9999028697174513
1182.60212,0.9999024647568712
1182.662385,0.9999019768045874
1182.72265,0.9999016498366945
1182.782915,0.9999012448766083
1182.84318,0.9999011628847095
1182.903445,0.9999010009007343
1182.96371,0.9999005139490654
1183.023975,0.9999001869816508
1183.08424,0.9998996950308798
1183.144505,0.9998992950710818
1183.20477,0.9998989651043689
1183.265035,0.9998985651448629
1183.3253,0.999898075194686
1183.385565,0.9998975052529455
1183.44583,0.9998968553197783
1183.506095,0.9998965253538705
1183.56636,0.9998961253953403
1183.626625,0.9998961253953403
1183.68689,0.9998958854202991
1183.747155,0.9998953954714352
1183.80742,0.9998948255312222
1183.867685,0.999894095608266
1183.92795,0.9998934456773151
1183.988215,0.9998929557296468
1184.04848,0.9998926257650258
1184.108745,0.9998921458166806
1184.16901,0.9998914958869971
1184.229275,0.9998910059402841
1184.28954,0.9998906759763067
1184.349805,0.9998902760201163
1184.41007,0.9998899460563796
1184.470335,0.9998894561104261
1184.5306,0.9998888061824909
1184.590865,0.999888326235979
1184.65113,0.9998878362908192
1184.711395,0.9998873463458995
1184.77166,0.9998871063729652
1184.831925,0.9998871063729652
1184.89219,0.9998868564012198
1184.952455,0.999886616428403
1185.01272,0.9998863764556439
1185.072985,0.9998858865114395
1185.13325,0.9998855565491513
1185.193515,0.9998851565950088
1185.25378,0.9998849066237508
1185.314045,0.9998846666514021
1185.37431,0.9998841767080354
1185.434575,0.9998836867649089
1185.49484,0.9998832068208544
1185.555105,0.9998827168782032
1185.61537,0.999882386916961
1185.675635,0.9998818969747114
1185.7359,0.9998812470516897
1185.796165,0.9998806771195412
1185.85643,0.9998800371961126
1185.916695,0.9998797072357548
1185.97696,0.9998794572658593
1186.037225,0.9998792972851589
1186.09749,0.9998792172948183
1186.157755,0.9998788173432114
1186.21802,0.999878327402711
1186.278285,0.9998777574722267
1186.33855,0.9998772675322456
1186.398815,0.9998768675814186
1186.45908,0.9998765376221067
1186.519345,0.9998761276728103
1186.57961,0.9998756477323842
1186.639875,0.9998753177734749
1186.70014,0.9998749078246787
1186.760405,0.9998745878647594
1186.82067,0.9998741779162624
1186.880935,0.9998738579565767
1186.9412,0.9998733680185063
1187.001465,0.9998727181010283
1187.06173,0.9998721481737415
1187.121995,0.9998716582365088
1187.18226,0.9998712582879256
1187.242525,0.9998709283304648
1187.30279,0.9998705283821734
1187.363055,0.9998701984249535
1187.42332,0.9998697884782561
1187.483585,0.9998693085408729
1187.54385,0.999869058573577
1187.604115,0.9998685686378583
1187.66438,0.9998683286694307
1187.724645,0.9998678387340697
1187.78491,0.9998675187764124
1187.845175,0.9998671088308138
1187.90544,0.9998667788747223
1187.965705,0.9998665389067242
1188.02597,0.9998662989387836
1188.086235,0.9998661389601886
1188.1465,0.9998658889936851
1188.206765,0.9998658889936851
1188.26703,0.9998656490259006
1188.327295,0.9998653990595195
1188.38756,0.9998651590918526
1188.447825,0.999865079102643
1188.50809,0.9998649191242431
1188.568355,0.9998646691580446
1188.62862,0.9998646691580446
1188.688885,0.9998647591458689
1188.74915,0.9998649191242431
1188.809415,0.9998651590918526
1188.86968,0.9998652390810685
1188.929945,0.9998653990595195
1188.99021,0.9998651590918526
1189.050475,0.9998649191242431
1189.11074,0.9998645891688743
1189.171005,0.9998641792244768
1189.23127,0.9998641792244768
1189.291535,0.9998639392571026
1189.3518,0.9998641792244768
1189.412065,0.9998641792244768
1189.47233,0.9998645091797104
1189.532595,0.9998646691580446
1189.59286,0.9998649191242431
1189.653125,0.9998646691580446
1189.71339,0.9998645891688743
1189.773655,0.9998641792244768
1189.83392,0.9998639392571026
1189.894185,0.9998636093020571
1189.95445,0.9998632093566934
1190.014715,0.9998628794018887
1190.07498,0.9998626394348265
1190.135245,0.9998624794568169
1190.19551,0.9998624794568169
1190.255775,0.9998624794568169
1190.31604,0.9998624794568169
1190.376305,0.9998624794568169
1190.43657,0.9998622294912283
1190.496835,0.999861989524322
1190.5571,0.9998617495574733
1190.617365,0.9998614995920672
1190.67763,0.9998614995920672
1190.737895,0.9998612596253361
1190.79816,0.9998610096600524
1190.858425,0.9998610096600524
1190.91869,0.9998610096600524
1190.978955,0.9998610096600524
1191.03922,0.9998607696934388
1191.099485,0.9998607696934388
1191.15975,0.9998607696934388
1191.220015,0.9998607696934388
1191.28028,0.9998607696934388
1191.340545,0.999860529726883
1191.40081,0.999860529726883
1191.461075,0.999860529726883
1191.52134,0.999860529726883
1191.581605,0.9998602797617818
1191.64187,0.9998602797617818
1191.702135,0.9998600397953434
1191.7624,0.9998600397953434
1191.822665,0.9998600397953434
1191.88293,0.9998602797617818
1191.943195,0.999860529726883
1192.00346,0.9998607696934388
1192.063725,0.9998610096600524
1192.12399,0.9998610096600524
1192.184255,0.9998612596253361
1192.24452,0.9998612596253361
1192.304785,0.9998612596253361
1192.36505,0.9998612596253361
1192.425315,0.9998612596253361
1192.48558,0.9998610096600524
1192.545845,0.9998610096600524
1192.60611,0.9998610096600524
1192.666375,0.9998612596253361
1192.72664,0.9998614995920672
1192.786905,0.9998614995920672
1192.84717,0.9998614995920672
1192.907435,0.9998612596253361
1192.9677,0.9998612596253361
1193.027965,0.9998612596253361
1193.08823,0.9998610096600524
1193.148495,0.9998610096600524
1193.20876,0.9998610096600524
1193.269025,0.9998607696934388
1193.32929,0.9998607696934388
1193.389555,0.999860529726883
1193.44982,0.999860529726883
1193.510085,0.999860529726883
1193.57035,0.9998604397394394
1193.630615,0.9998601997729626
1193.69088,0.9998599598065434
1193.751145,0.9998597998289627
1193.81141,0.9998597998289627
1193.871675,0.9998597998289627
1193.93194,0.9998600397953434
1193.992205,0.9998600397953434
1194.05247,0.9998600397953434
1194.112735,0.9998601197841498
1194.173,0.9998602797617818
1194.233265,0.9998602797617818
1194.29353,0.9998602797617818
1194.353795,0.9998602797617818
1194.41406,0.9998600397953434
1194.474325,0.9998597998289627
1194.53459,0.9998594698752832
1194.594855,0.9998590599329845
1194.65512,0.999858819966839
1194.715385,0.9998584900134828
1194.77565,0.9998580900701668
1194.835915,0.9998578401056756
1194.89618,0.9998576001398227
1194.956445,0.9998573601740275
1195.01671,0.9998571102097187
1195.076975,0.999856630278421
1195.13724,0.9998561403487921
1195.197505,0.9998558103963203
1195.25777,0.9998553204670932
1195.318035,0.999854920525045
1195.3783,0.999854430596254
1195.438565,0.9998541006443463
1195.49883,0.9998537007027861
1195.559095,0.9998534607379267
1195.61936,0.9998532107745928
1195.679625,0.9998529708098509
1195.73989,0.9998527208466396
1195.800155,0.9998522409174487
1195.86042,0.9998519109662636
1195.920685,0.9998514210389473
1195.98095,0.999850931111871
1196.041215,0.9998504511835392
1196.10148,0.9998500412449383
1196.161745,0.9998497112944792
1196.22201,0.9998493113546746
1196.282275,0.9998490713908686
1196.34254,0.9998488214286321
1196.402805,0.9998485814649437
1196.46307,0.9998483315028296
1196.523335,0.9998480115514147
1196.5836,0.999847601613814
1196.643865,0.9998472816626327
1196.70413,0.9998468717253313
1196.764395,0.999846541775918
1196.82466,0.9998460618496932
1196.884925,0.9998454119499641
1196.94519,0.9998449220258323
1197.005455,0.9998443521143893
1197.06572,0.9998438621907767
1197.125985,0.9998433722674043
1197.18625,0.9998428923427007
1197.246515,0.999842242445032
1197.30678,0.9998416725351161
1197.367045,0.9998410226382403
1197.42731,0.9998405327162592
1197.487575,0.9998400427945182
1197.54784,0.9998394728858562
1197.608105,0.99983882299041
1197.66837,0.9998382530824433
1197.728635,0.9998376131861662
1197.7889,0.9998370332805187
1197.849165,0.9998363933850222
1197.90943,0.9998358134800822
1197.969695,0.9998353335590069
1198.02996,0.9998346836662513
1198.090225,0.999834113760644
1198.15049,0.9998332239086788
1198.210755,0.9998321640860232
1198.27102,0.9998311842509824
1198.331285,0.999830214415204
1198.39155,0.999829564525776
1198.451815,0.9998288346504602
1198.51208,0.9998282547499043
1198.572345,0.9998275248755447
1198.63261,0.9998268849861336
1198.692875,0.9998263050867084
1198.75314,0.9998255752137721
1198.813405,0.9998248453413686
1198.87367,0.999824115469498
1198.933935,0.9998231356423449
1198.9942,0.9998221658143737
1199.054465,0.9998211859891313
1199.11473,0.9998202161630513
1199.174995,0.9998193263234548
1199.23526,0.9998185864574272
1199.295525,0.9998178565901255
1199.35579,0.9998168867672749
1199.416055,0.9998158269619366
1199.47632,0.9998148471429064
1199.536585,0.999813877322975
1199.59685,0.9998128975058553
1199.657115,0.999811927687815
1199.71738,0.999810947872606
1199.777645,0.9998098180868733
1199.83791,0.9998088382737317
1199.898175,0.9998080184308205
1199.95844,0.9998070486175129
1200.018705,0.9998061587896356
1200.07897,0.99980517898008
1200.139235,0.9998043691382131
1200.1995,0.9998033893304115
1200.259765,0.9998024195215942
1200.32003,0.9998011997633864
1200.380295,0.9997999800066667
1200.44056,0.9997987602514352
1200.500825,0.9997975404976918
1200.56109,0.9997963207454363
1200.621355,0.9997951009946691
1200.68162,0.9997938812453899
1200.741885,0.9997926614975988
1200.80215,0.9997914417512959
1200.862415,0.9997902220064809
1200.92268,0.9997887623138224
1200.982945,0.9997875425722764
1201.04321,0.9997860828835299
1201.103475,0.9997846231969144
1201.16374,0.9997834034604182
1201.224005,0.99978218372541
1201.28427,0.9997809639918899
1201.344535,0.9997797442598578
1201.4048,0.9997787644761885
1201.465065,0.9997775447468399
1201.52533,0.9997763250189794
1201.585595,0.9997751052926069
1201.64586,0.9997738955654614
1201.706125,0.9997724258989151
1201.76639,0.9997708762528559
1201.826655,0.9997694165884422
1201.88692,0.9997680369075993
1201.947185,0.9997665772473309
1202.00745,0.9997653575328507
1202.067715,0.9997643877609242
1202.12798,0.9997631680491151
1202.188245,0.9997616983983384
1202.24851,0.9997602387473242
1202.308775,0.9997587790984412
1202.36904,0.9997573094541161
1202.429305,0.9997561797289948
1202.48957,0.9997537403268922
1202.549835,0.9997513009307419
1202.6101,0.9997513009307419
1202.670365,0.9997488615405438
1202.73063,0.9997464221562976
1202.790895,0.9997455823696557
1202.85116,0.9997439927754435
1202.911425,0.9997415534030771
1202.97169,0.9997407036231178
1203.031955,0.9997391140366628
1203.09222,0.9997366746762006
1203.152485,0.9997342353216905
1203.21275,0.9997342353216905
1203.273015,0.9997317959731322
1203.33328,0.9997317959731322
1203.393545,0.9997293666278196
1203.45381,0.9997269272911411
1203.514075,0.9997269272911411
1203.57434,0.9997244879604145
1203.634605,0.9997220486356398
1203.69487,0.9997220486356398
1203.755135,0.9997196093168171
1203.8154,0.9997171700039464
1203.875665,0.9997171700039464
1203.93593,0.9997147306970275
1203.996195,0.9997123013931836
1204.05646,0.9997123013931836
1204.116725,0.999709862098144
1204.17699,0.9997074228090566
1204.237255,0.9997049835259207
1204.29752,0.999702544248737
1204.357785,0.9997016945019355
1204.41805,0.9997001049775048
1204.478315,0.9996976657122246
1204.53858,0.9996952364498485
1204.598845,0.9996927971964474
1204.65911,0.9996927971964474
1204.719375,0.9996903579489982
1204.77964,0.999689508212555
1204.839905,0.9996879187075006
1204.90017,0.9996854794719549
1204.960435,0.9996830402423608
1205.0207,0.9996806110155245
1205.080965,0.9996781717978095
1205.14123,0.9996773220717246
1205.201495,0.9996757325860461
1205.26176,0.9996732933802345
1205.322025,0.9996708541803745
1205.38229,0.9996684149864661
1205.442555,0.9996684149864661
1205.50282,0.9996659757985094
1205.563085,0.9996635466131396
1205.62335,0.9996626968994861
1205.683615,0.9996611074370616
1205.74388,0.9996586682669353
1205.804145,0.9996562291027605
1205.86441,0.9996553793953269
1205.924675,0.9996537899445372
1205.98494,0.9996513507922655
1206.045205,0.9996505010889785
1206.10547,0.9996489116459454
1206.165735,0.9996464825020415
1206.226,0.9996440433675999
1206.286265,0.9996416042391099
1206.34653,0.9996391651165712
1206.406795,0.999638315423642
1206.46706,0.9996367259999841
1206.527325,0.9996342868893484
1206.58759,0.9996318477846641
1206.647855,0.9996294186822253
1206.70812,0.9996294186822253
1206.768385,0.9996269795894194
1206.82865,0.9996245405025649
1206.888915,0.9996221014216617
1206.94918,0.99961966234671
1207.009445,0.9996172232777095
1207.06971,0.9996147942108082
1207.129975,0.9996123551536861
1207.19024,0.9996115054835453
1207.250505,0.999609916102515
1207.31077,0.9996074770572955
1207.371035,0.999605038018027
1207.4313,0.9996025989847099
1207.491565,0.999600159957344
1207.55183,0.9995977309319065
1207.612095,0.9995952919164187
1207.67236,0.9995944422607816
1207.732625,0.9995920032533181
1207.79289,0.9995904139032965
1207.853155,0.9995879749056622
1207.91342,0.9995855359139789
1207.973685,0.9995846862666345
1208.03395,0.9995830969282469
1208.094215,0.9995806679442726
1208.15448,0.9995798183010659
1208.214745,0.9995782289704184
1208.27501,0.9995757900025152
1208.335275,0.9995733510405631
1208.39554,0.9995709120845621
1208.455805,0.9995684731345121
1208.51607,0.999567623501671
1208.576335,0.9995651845596453
1208.6366,0.9995636052479013
1208.696865,0.99956116631568
1208.75713,0.9995587273894097
1208.817395,0.9995562884690903
1208.87766,0.9995538495547219
1208.937925,0.9995514106463045
1208.99819,0.9995489817393277
1209.058455,0.9995465428427878
1209.11872,0.9995441039521986
1209.178985,0.9995432543400714
1209.23925,0.9995416650675605
1209.299515,0.9995392261888731
1209.35978,0.9995367873161367
1209.420045,0.9995343484493511
1209.48031,0.9995319195838354
1209.540575,0.999529480728927
1209.60084,0.9995286211339431
1209.661105,0.9995270418799694
1209.72137,0.9995246030369626
1209.781635,0.9995221641999066
1209.8419,0.9995197253688013
1209.902165,0.9995172965388197
1209.96243,0.9995148577195915
1210.022695,0.999512418906314
1210.08296,0.9995115593260033
1210.143225,0.9995091305158652
1210.20349,0.9995075412976111
1210.263755,0.9995051025021857
1210.32402,0.9995026637127109
1210.384285,0.999500234924189
1210.44455,0.9994993753543566
1210.504815,0.9994977961465912
1210.56508,0.9994953573749439
1210.625345,0.9994929186092472
1210.68561,0.9994920690406274
1210.745875,0.999490479849501
1210.80614,0.9994880410957055
1210.866405,0.9994856023478605
1210.92667,0.9994831736007977
1210.986935,0.9994807348648294
1211.0472,0.9994782961348115
1211.107465,0.9994758574107443
1211.16773,0.9994750078566265
1211.227995,0.9994734186926274
1211.28826,0.999470979980461
1211.348525,0.9994685412742451
1211.40879,0.9994661125686407
1211.469055,0.9994636738743012
1211.52932,0.9994612351859121
1211.589585,0.9994603756496195
1211.64985,0.9994587965034735
1211.710115,0.9994563578269853
1211.77038,0.9994539191564473
1211.830645,0.9994514904863746
1211.89091,0.9994506309584623
1211.951175,0.999448192301898
1212.01144,0.9994466131750017
1212.071705,0.9994441745282406
1212.13197,0.99944173588743
1212.192235,0.9994392972525695
1212.2525,0.9994368586236594
1212.312765,0.9994344299950437
1212.37303,0.9994335704818035
1212.433295,0.9994319913780096
1212.49356,0.9994295527669258
1212.553825,0.9994271141617921
1212.61409,0.9994246755626086
1212.674355,0.9994246755626086
1212.73462,0.9994222369693754
1212.794885,0.9994197983820923
1212.85515,0.9994197983820923
1212.915415,0.9994173697949329
1212.97568,0.9994149312195256
1213.035945,0.9994140717230544
1213.09621,0.9994124926500686
1213.156475,0.9994100540865616
1213.21674,0.9994076155290046
1213.277005,0.9994051769773977
1213.33727,0.9994027484257684
1213.397535,0.9994018889397743
1213.4578,0.9993994504021403
1213.518065,0.9993970118704564
1213.57833,0.999395432824425
1213.638595,0.9993929943025439
1213.69886,0.9993905557866128
1213.759125,0.9993881172766317
1213.81939,0.9993856887664574
1213.879655,0.9993832502683517
1213.93992,0.999382390799126
1214.000185,0.9993808117761961
1214.06045,0.9993783732899902
1214.120715,0.9993783732899902
1214.18098,0.9993759348097344
1214.241245,0.9993734963354284
1214.30151,0.9993734963354284
1214.361775,0.9993710578670723
1214.42204,0.9993686293983522
1214.482305,0.9993686293983522
1214.54257,0.9993661909418714
1214.602835,0.9993637524913405
1214.6631,0.9993628930388828
1214.723365,0.9993613140467592
1214.78363,0.9993588756081279
1214.843895,0.9993580161598644
1214.90416,0.9993564371754463
1214.964425,0.9993539987487144
1215.02469,0.9993539987487144
1215.084955,0.9993515703214481
1215.14522,0.9993515703214481
1215.205485,0.9993491319065914
1215.26575,0.9993482724667074
1215.326015,0.9993466934976843
1215.38628,0.999344255094727
1215.446545,0.9993433956590372
1215.50681,0.9993418166977195
1215.567075,0.9993393783066615
1215.62734,0.9993393783066615
1215.687605,0.9993369499149227
1215.74787,0.9993369499149227
1215.808135,0.9993345115357398
1215.8684,0.9993345115357398
1215.928665,0.9993320731625065
1215.98893,0.9993320731625065
1216.049195,0.9993296347952227
1216.10946,0.9993296347952227
1216.169725,0.9993271964338887
1216.22999,0.9993271964338887
1216.290255,0.9993271964338887
1216.35052,0.9993271964338887
1216.410785,0.9993247580785042
1216.47105,0.9993247580785042
1216.531315,0.9993247580785042
1216.59158,0.9993238986595818
1216.651845,0.9993223197290693
1216.71211,0.9993223197290693
1216.772375,0.9993223197290693
1216.83264,0.9993223197290693
1216.892905,0.9993198913787827
1216.95317,0.9993198913787827
1217.013435,0.9993198913787827
1217.0737,0.9993174530412225
1217.133965,0.9993174530412225
1217.19423,0.9993174530412225
1217.254495,0.9993174530412225
1217.31476,0.9993150147096119
1217.375025,0.9993150147096119
1217.43529,0.9993150147096119
1217.495555,0.9993150147096119
1217.55582,0.9993150147096119
1217.616085,0.9993125763839508
1217.67635,0.9993125763839508
1217.736615,0.9993125763839508
1217.79688,0.9993125763839508
1217.857145,0.9993117169755046
1217.91741,0.9993101380642392
1217.977675,0.9993101380642392
1218.03794,0.9993101380642392
1218.098205,0.9993101380642392
1218.15847,0.9993101380642392
1218.218735,0.9993101380642392
1218.279,0.9993101380642392
1218.339265,0.9993101380642392
1218.39953,0.9993101380642392
1218.459795,0.9993101380642392
1218.52006,0.9993101380642392
1218.580325,0.9993101380642392
1218.64059,0.9993101380642392
1218.700855,0.9993101380642392
1218.76112,0.9993101380642392
1218.821385,0.9993125763839508
1218.88165,0.9993125763839508
1218.941915,0.9993125763839508
1219.00218,0.9993125763839508
1219.062445,0.9993150147096119
1219.12271,0.9993150147096119
1219.182975,0.9993150147096119
1219.24324,0.9993150147096119
1219.303505,0.9993150147096119
1219.36377,0.9993150147096119
1219.424035,0.9993174530412225
1219.4843,0.9993174530412225
1219.544565,0.9993198913787827
1219.60483,0.9993198913787827
1219.665095,0.9993223197290693
1219.72536,0.9993223197290693
1219.785625,0.9993223197290693
1219.84589,0.9993247580785042
1219.906155,0.9993256274914218
1219.96642,0.9993271964338887
1220.026685,0.9993296347952227
1220.08695,0.9993296347952227
1220.147215,0.9993320731625065
1220.20748,0.9993329325884589
1220.267745,0.9993345115357398
1220.32801,0.9993369499149227
1220.388275,0.9993393783066615
1220.44854,0.9993393783066615
1220.508805,0.9993418166977195
1220.56907,0.999344255094727
1220.629335,0.999344255094727
1220.6896,0.9993466934976843
1220.749865,0.9993491319065914
1220.81013,0.9993499913472144
1220.870395,0.9993515703214481
1220.93066,0.9993539987487144
1220.990925,0.9993564371754463
1221.05119,0.9993588756081279
1221.111455,0.9993613140467592
1221.17172,0.9993637524913405
1221.231985,0.9993646119445372
1221.29225,0.9993661909418714
1221.352515,0.9993686293983522
1221.41278,0.9993710578670723
1221.473045,0.9993734963354284
1221.53331,0.9993759348097344
1221.593575,0.9993768042671759
1221.65384,0.9993792327557609
1221.714105,0.9993816712440637
1221.77437,0.9993841097383165
1221.834635,0.9993881172766317
1221.8949,0.9993905557866128
1221.955165,0.9993929943025439
1222.01543,0.999395432824425
1222.075695,0.9993978713522561
1222.13596,0.9994003098860372
1222.196225,0.9994027484257684
1222.25649,0.9994051769773977
1222.316755,0.9994076155290046
1222.37702,0.9994100540865616
1222.437285,0.9994124926500686
1222.49755,0.9994157907167361
1222.557815,0.9994182292942405
1222.61808,0.9994222369693754
1222.678345,0.9994246755626086
1222.73861,0.9994271141617921
1222.798875,0.9994295527669258
1222.85914,0.9994319913780096
1222.919405,0.9994344299950437
1222.97967,0.9994368586236594
1223.039935,0.9994392972525695
1223.1002,0.9994426054021184
1223.160465,0.9994466131750017
1223.22073,0.9994490518277129
1223.280995,0.999452350015026
1223.34126,0.9994563578269853
1223.401525,0.9994587965034735
1223.46179,0.9994612351859121
1223.522055,0.9994636738743012
1223.58232,0.9994669721098671
1223.642585,0.999470979980461
1223.70285,0.9994734186926274
1223.763115,0.9994758574107443
1223.82338,0.9994791656813075
1223.883645,0.9994831736007977
1223.94391,0.9994856023478605
1224.004175,0.9994889106506795
1224.06444,0.9994929186092472
1224.124705,0.9994953573749439
1224.18497,0.9994977961465912
1224.245235,0.9995010944947608
1224.3055,0.9995051025021857
1224.365765,0.9995075412976111
1224.42603,0.999512418906314
1224.486295,0.9995148577195915
1224.54656,0.9995181561240644
1224.606825,0.9995221641999066
1224.66709,0.9995246030369626
1224.727355,0.9995270418799694
1224.78762,0.9995303503199535
1224.847885,0.9995343484493511
1224.90815,0.9995367873161367
1224.968415,0.9995392261888731
1225.02868,0.9995416650675605
1225.088945,0.9995449735559474
1225.14921,0.9995489817393277
1225.209475,0.9995514106463045
1225.26974,0.9995538495547219
1225.330005,0.9995562884690903
1225.39027,0.9995595970058808
1225.450535,0.999562035934273
1225.5108,0.9995660441860736
1225.571065,0.9995684731345121
1225.63133,0.9995709120845621
1225.691595,0.9995733510405631
1225.75186,0.9995757900025152
1225.812125,0.9995782289704184
1225.87239,0.9995815275840166
1225.932655,0.9995855359139789
1225.99292,0.9995879749056622
1226.053185,0.9995904139032965
1226.11345,0.999592852906882
1226.173715,0.9995952919164187
1226.23398,0.9995977309319065
1226.294245,0.999600159957344
1226.35451,0.9996025989847099
1226.414775,0.999605038018027
1226.47504,0.9996083467161788
1226.535305,0.9996107857635204
1226.59557,0.9996147942108082
1226.655835,0.9996172232777095
1226.7161,0.99961966234671
1226.776365,0.9996221014216617
1226.83663,0.9996245405025649
1226.896895,0.9996269795894194
1226.95716,0.9996294186822253
1227.017425,0.9996318477846641
1227.07769,0.9996342868893484
1227.137955,0.9996367259999841
1227.19822,0.9996391651165712
1227.258485,0.9996400348030232
1227.31875,0.9996424739276839
1227.379015,0.9996440433675999
1227.43928,0.9996464825020415
1227.499545,0.9996489116459454
1227.55981,0.9996497813408768
1227.620075,0.9996513507922655
1227.68034,0.9996537899445372
1227.740605,0.9996562291027605
1227.80087,0.9996586682669353
1227.861135,0.9996611074370616
1227.9214,0.9996635466131396
1227.981665,0.9996644163208035
1228.04193,0.9996659757985094
1228.102195,0.9996684149864661
1228.16246,0.9996708541803745
1228.222725,0.9996708541803745
1228.28299,0.9996732933802345
1228.343255,0.9996757325860461
1228.40352,0.9996757325860461
1228.463785,0.9996781717978095
1228.52405,0.9996806110155245
1228.584315,0.9996806110155245
1228.64458,0.9996830402423608
1228.704845,0.9996830402423608
1228.76511,0.9996854794719549
1228.825375,0.9996854794719549
1228.88564,0.9996879187075006
1228.945905,0.9996879187075006
1229.00617,0.9996903579489982
1229.066435,0.9996912276799879
1229.1267,0.9996927971964474
1229.186965,0.9996952364498485
1229.24723,0.9996952364498485
1229.307495,0.9996976657122246
1229.36776,0.9996976657122246
1229.428025,0.9997001049775048
1229.48829,0.9997001049775048
1229.548555,0.9997009847139843
1229.60882,0.999702544248737
1229.669085,0.9997034139903287
1229.72935,0.9997049835259207
1229.789615,0.9997049835259207
1229.84988,0.9997074228090566
1229.910145,0.9997074228090566
1229.97041,0.9997074228090566
1230.030675,0.999709862098144
1230.09094,0.999709862098144
1230.151205,0.9997107318461025
1230.21147,0.9997123013931836
1230.271735,0.9997123013931836
1230.332,0.9997147306970275
1230.392265,0.9997147306970275
1230.45253,0.9997147306970275
1230.512795,0.9997171700039464
1230.57306,0.9997171700039464
1230.633325,0.9997171700039464
1230.69359,0.9997171700039464
1230.753855,0.9997171700039464
1230.81412,0.9997171700039464
1230.874385,0.9997171700039464
1230.93465,0.9997171700039464
1230.994915,0.9997196093168171
1231.05518,0.9997196093168171
1231.115445,0.9997196093168171
1231.17571,0.9997196093168171
1231.235975,0.9997196093168171
1231.29624,0.9997220486356398
1231.356505,0.9997220486356398
1231.41677,0.9997220486356398
1231.477035,0.9997220486356398
1231.5373,0.9997220486356398
1231.597565,0.9997220486356398
1231.65783,0.9997220486356398
1231.718095,0.9997220486356398
1231.77836,0.9997244879604145
1231.838625,0.9997244879604145
1231.89889,0.9997244879604145
1231.959155,0.9997244879604145
1232.01942,0.9997244879604145
1232.079685,0.9997220486356398
1232.13995,0.9997220486356398
1232.200215,0.9997220486356398
1232.26048,0.9997220486356398
1232.320745,0.9997220486356398
1232.38101,0.9997220486356398
1232.441275,0.9997244879604145
1232.50154,0.9997244879604145
1232.561805,0.9997244879604145
1232.62207,0.9997244879604145
1232.682335,0.9997244879604145
1232.7426,0.9997220486356398
1232.802865,0.9997220486356398
1232.86313,0.9997220486356398
1232.923395,0.9997220486356398
1232.98366,0.9997220486356398
1233.043925,0.9997220486356398
1233.10419,0.9997220486356398
1233.164455,0.9997220486356398
1233.22472,0.9997220486356398
1233.284985,0.9997220486356398
1233.34525,0.9997196093168171
1233.405515,0.9997196093168171
1233.46578,0.9997196093168171
1233.526045,0.9997196093168171
1233.58631,0.9997196093168171
1233.646575,0.9997196093168171
1233.70684,0.9997196093168171
1233.767105,0.9997171700039464
1233.82737,0.9997171700039464
1233.887635,0.9997171700039464
1233.9479,0.9997147306970275
1234.008165,0.9997147306970275
1234.06843,0.9997147306970275
1234.128695,0.9997147306970275
1234.18896,0.9997123013931836
1234.249225,0.9997123013931836
1234.30949,0.9997123013931836
1234.369755,0.999709862098144
1234.43002,0.999709862098144
1234.490285,0.999709862098144
1234.55055,0.9997074228090566
1234.610815,0.9997074228090566
1234.67108,0.9997074228090566
1234.731345,0.9997049835259207
1234.79161,0.9997049835259207
1234.851875,0.9997049835259207
1234.91214,0.999702544248737
1234.972405,0.999702544248737
1235.03267,0.999702544248737
1235.092935,0.9997001049775048
1235.1532,0.9997001049775048
1235.213465,0.9996976657122246
1235.27373,0.9996976657122246
1235.333995,0.9996952364498485
1235.39426,0.9996952364498485
1235.454525,0.9996927971964474
1235.51479,0.9996927971964474
1235.575055,0.9996903579489982
1235.63532,0.9996903579489982
1235.695585,0.9996879187075006
1235.75585,0.9996879187075006
1235.816115,0.9996854794719549
1235.87638,0.9996845997491199
1235.936645,0.9996830402423608
1235.99691,0.9996821705184942
1236.057175,0.9996806110155245
1236.11744,0.9996806110155245
1236.177705,0.9996781717978095
1236.23797,0.9996781717978095
1236.298235,0.9996757325860461
1236.3585,0.9996732933802345
1236.418765,0.9996732933802345
1236.47903,0.9996708541803745
1236.539295,0.9996684149864661
1236.59956,0.9996659757985094
1236.659825,0.9996659757985094
1236.72009,0.9996635466131396
1236.780355,0.9996611074370616
1236.84062,0.9996611074370616
1236.900885,0.9996586682669353
1236.96115,0.9996562291027605
1237.021415,0.9996537899445372
1237.08168,0.9996537899445372
1237.141945,0.9996513507922655
1237.20221,0.9996489116459454
1237.262475,0.9996464825020415
1237.32274,0.999645602813524
1237.383005,0.9996440433675999
1237.44327,0.9996416042391099
1237.503535,0.9996391651165712
1237.5638,0.9996367259999841
1237.624065,0.9996342868893484
1237.68433,0.9996318477846641
1237.744595,0.9996294186822253
1237.80486,0.999628539008724
1237.865125,0.9996260999180644
1237.92539,0.9996236608333563
1237.985655,0.9996212217545996
1238.04592,0.99961966234671
1238.106185,0.9996172232777095
1238.16645,0.9996147942108082
1238.226715,0.9996123551536861
1238.28698,0.999609916102515
1238.347245,0.9996074770572955
1238.40751,0.999605038018027
1238.467775,0.9996025989847099
1238.52804,0.999600159957344
1238.588305,0.9995977309319065
1238.64857,0.9995952919164187
1238.708835,0.999592852906882
1238.7691,0.9995904139032965
1238.829365,0.9995870952686313
1238.88963,0.9995846562790944
1238.949895,0.9995806679442726
1239.01016,0.9995782289704184
1239.070425,0.9995757900025152
1239.13069,0.9995724714164013
1239.190955,0.9995684731345121
1239.25122,0.9995660441860736
1239.311485,0.9995636052479013
1239.37175,0.99956116631568
1239.432015,0.9995587273894097
1239.49228,0.9995562884690903
1239.552545,0.9995529699477214
1239.61281,0.9995489817393277
1239.673075,0.9995465428427878
1239.73334,0.9995441039521986
1239.793605,0.9995416650675605
1239.85387,0.9995383465947411
1239.914135,0.9995343484493511
1239.9744,0.9995319195838354
1240.034665,0.999529480728927
1240.09493,0.9995261622965596
1240.155195,0.9995221641999066
1240.21546,0.9995197253688013
1240.275725,0.9995148577195915
1240.33599,0.999512418906314
1240.396255,0.9995091005305917
1240.45652,0.9995051025021857
1240.516785,0.9995017841507539
1240.57705,0.9994977961465912
1240.637315,0.9994953573749439
1240.69758,0.9994929186092472
1240.757845,0.9994896002982658
1240.81811,0.9994856023478605
1240.878375,0.999482284061169
1240.93864,0.9994782961348115
1240.998905,0.9994749778723767
1241.05917,0.999470979980461
1241.119435,0.9994685412742451
1241.1797,0.9994636738743012
1241.239965,0.9994612351859121
1241.30023,0.9994579169801195
1241.360495,0.9994539191564473
1241.42076,0.9994506009749439
1241.481025,0.9994466131750017
1241.54129,0.9994432950177541
1241.601555,0.9994392972525695
1241.66182,0.9994344299950437
1241.722085,0.9994311018839331
1241.78235,0.9994271141617921
1241.842615,0.9994222369693754
1241.90288,0.9994197983820923
1241.963145,0.9994164803138696
1242.02341,0.9994124926500686
1242.083675,0.9994091746061009
1242.14394,0.9994051769773977
1242.204205,0.9994003098860372
1242.26447,0.9993969818885464
1242.324735,0.9993929943025439
1242.385,0.9993881172766317
1242.445265,0.9993832502683517
1242.50553,0.9993799223276694
1242.565795,0.9993759348097344
1242.62606,0.9993726168871385
1242.686325,0.9993686293983522
1242.74659,0.9993637524913405
1242.806855,0.9993604346091899
1242.86712,0.9993564371754463
1242.927385,0.9993515703214481
1242.98765,0.9993482424862598
1243.047915,0.999344255094727
1243.10818,0.9993393783066615
1243.168445,0.9993345115357398
1243.22871,0.9993296347952227
1243.288975,0.9993263170263428
1243.34924,0.9993223197290693
1243.409505,0.9993174530412225
1243.46977,0.9993125763839508
1243.530035,0.9993076997504771
1243.5903,0.9993028331338294
1243.650565,0.9992979565479027
1243.71083,0.9992930799857735
1243.771095,0.999288213440324
1243.83136,0.9992833369257411
1243.891625,0.9992800093177696
1243.95189,0.9992751428359742
1244.012155,0.9992702663851757
1244.07242,0.9992653899581742
1244.132685,0.9992605235475748
1244.19295,0.9992556471681183
1244.253215,0.9992507708124584
1244.31348,0.9992458944805951
1244.373745,0.9992394693501504
1244.43401,0.999234603065784
1244.494275,0.9992297268128192
1244.55454,0.9992248505836504
1244.614805,0.9992199843704772
1244.67507,0.9992151081888514
1244.735335,0.999209352726404
1244.7956,0.999202927830922
1244.855865,0.9991971624466616
1244.91613,0.9991907376295629
1244.976395,0.9991849823074894
1245.03666,0.9991785575687088
1245.096925,0.9991728023167924
1245.15719,0.9991679263654144
1245.217455,0.999161501736303
1245.27772,0.999156635831638
1245.337985,0.9991517599591524
1245.39825,0.9991459948701297
1245.458515,0.999141129040983
1245.51878,0.9991347045841779
1245.579045,0.9991289395935644
1245.63931,0.9991216359877108
1245.699575,0.9991152116562456
1245.75984,0.9991103359859094
1245.820105,0.9991045811269481
1245.88037,0.9990981569051454
1245.940635,0.9990924021163353
1246.0009,0.9990859779728434
1246.061165,0.9990802132633817
1246.12143,0.9990737991890017
1246.181695,0.9990680345498114
1246.24196,0.999060731389172
1246.302225,0.9990543074493221
1246.36249,0.9990469943985574
1246.422755,0.9990412399044426
1246.48302,0.9990339269493319
1246.543285,0.9990275031818341
1246.60355,0.9990202003174778
1246.663815,0.9990144359875521
1246.72408,0.9990071332187167
1246.784345,0.9989998005332699
1246.84461,0.9989925078613443
1246.904875,0.9989852152426549
1246.96514,0.9989779226772015
1247.025405,0.9989690318132541
1247.08567,0.9989608403007786
1247.145935,0.9989535479132616
1247.2062,0.9989462555789789
1247.266465,0.9989373649968674
1247.32673,0.9989291737440585
1247.386995,0.9989218815877067
1247.44726,0.9989129912225228
1247.507525,0.998904800169578
1247.56779,0.998896009846014
1247.628055,0.9988877190435392
1247.68832,0.9988789288702884
1247.748585,0.9988707380966539
1247.80885,0.9988634463668806
1247.869115,0.9988536575530715
1247.92938,0.9988463659479858
1247.989645,0.9988365773015639
1248.04991,0.9988277875783586
1248.110175,0.9988195972240809
1248.17044,0.9988098088399913
1248.230705,0.9988001204318343
1248.29097,0.9987903322386164
1248.351235,0.9987814430442163
1248.4115,0.9987717549112064
1248.471765,0.9987635650163947
1248.53203,0.998753777181418
1248.592295,0.9987440893167656
1248.65256,0.9987343016726498
1248.712825,0.9987230160388049
1248.77309,0.9987124296309429
1248.833355,0.9987026422970905
1248.89362,0.9986929549284441
1248.953885,0.9986816697618147
1249.01415,0.9986709839251176
1249.074415,0.9986612968635559
1249.13468,0.9986515100308021
1249.194945,0.9986393265566991
1249.25521,0.9986296398022123
1249.315475,0.9986174565949244
1249.37574,0.9986052735362708
1249.436005,0.998595487252543
1249.49627,0.9985833044619137
1249.556535,0.9985711218199136
1249.6168,0.9985614357270095
1249.677065,0.9985492533518063
1249.73733,0.9985370711252272
1249.797595,0.9985272855098797
1249.85786,0.998515203402822
1249.918125,0.9985030215916496
1249.97839,0.998493236309986
1250.038655,0.9984810547668106
1250.09892,0.9984688733722491
1250.159185,0.9984566921262996
1250.21945,0.9984470071433583
1250.279715,0.9984348261641752
1250.33998,0.9984226453335993
1250.400245,0.9984104646516285
1250.46051,0.9984006802770184
1250.520775,0.9983885997018747
1250.58104,0.9983764194352581
1250.641305,0.9983642393172398
1250.70157,0.9983520593478182
1250.761835,0.9983398795269912
1250.8221,0.9983276998547571
1250.882365,0.9983155203311141
1250.94263,0.9983033409560604
1251.002895,0.9982911617295942
1251.06316,0.9982814783522899
1251.123425,0.9982692993925458
1251.18369,0.998257120581384
1251.243955,0.998244941918803
1251.30422,0.998233661814692
1251.364485,0.9982229807716543
1251.42475,0.9982108025255764
1251.485015,0.9981986244280721
1251.54528,0.9981865462977894
1251.605545,0.9981743684962092
1251.66581,0.9981621908431973
1251.726075,0.9981500133387521
1251.78634,0.9981378359828713
1251.846605,0.9981256587755535
1251.90687,0.9981134817167966
1251.967135,0.998101304806599
1252.0274,0.9980916232708978
1252.087665,0.9980794466273717
1252.14793,0.9980672701323996
1252.208195,0.9980550937859798
1252.26846,0.9980429175881106
1252.328725,0.9980316397668616
1252.38899,0.9980209608854482
1252.449255,0.9980087851039978
1252.50952,0.9979991044657335
1252.569785,0.9979893241224336
1252.63005,0.9979771487269493
1252.690315,0.9979658716488843
1252.75058,0.9979552932667103
1252.810845,0.9979431182864
1252.87111,0.9979333384917619
1252.931375,0.9979212635714195
1252.99164,0.9979114839909565
1253.051905,0.9978993095451162
1253.11217,0.9978896299687596
1253.172435,0.9978774557895366
1253.2327,0.9978676766383878
1253.292965,0.9978579973688689
1253.35323,0.9978467216372067
1253.413495,0.9978369427872511
1253.47376,0.9978263657717158
1253.534025,0.9978165871212467
1253.59429,0.9978068085666079
1253.654555,0.9977971298875065
1253.71482,0.9977882495325682
1253.775085,0.9977800677024675
1253.83535,0.9977703892827512
1253.895615,0.997760611180849
1253.95588,0.9977533275549727
1254.016145,0.9977435496202746
1254.07641,0.9977362661189472
1254.136675,0.9977265881241042
1254.19694,0.9977193047465952
1254.257205,0.9977104250842975
1254.31747,0.9977022438923547
1254.377735,0.997694960692558
1254.438,0.9976876775459286
1254.498265,0.9976787981651116
1254.55853,0.9976715151364681
1254.618795,0.9976642321609905
1254.67906,0.9976584457252247
1254.739325,0.9976520607316041
1254.79959,0.9976462743664323
1254.859855,0.9976398894507081
1254.92012,0.9976341031561295
1254.980385,0.9976277183183009
1255.04065,0.9976219320943147
1255.100915,0.9976155473343805
1255.16118,0.997610659030175
1255.221445,0.9976048729051323
1255.28171,0.9976000844132348
1255.341975,0.9975936997931254
1255.40224,0.9975888115959725
1255.462505,0.997586317627061
1255.52277,0.9975815292242285
1255.583035,0.9975766410867113
1255.6433,0.9975732493318975
1255.703565,0.9975693588038117
1255.76383,0.9975668648835321
1255.824095,0.9975644707259294
1255.88436,0.9975644707259294
1255.944625,0.9975644707259294
1256.00489,0.9975644707259294
1256.065155,0.9975644707259294
1256.12542,0.9975644707259294
1256.185685,0.9975644707259294
1256.24595,0.9975644707259294
1256.306215,0.9975644707259294
1256.36648,0.9975644707259294
1256.426745,0.9975644707259294
1256.48701,0.9975644707259294
1256.547275,0.9975644707259294
1256.60754,0.9975644707259294
1256.667805,0.9975644707259294
1256.72807,0.9975644707259294
1256.788335,0.9975644707259294
1256.8486,0.9975668648835321
1256.908865,0.9975693588038117
1256.96913,0.9975717529731458
1257.029395,0.9975750449653624
1257.08966,0.9975790352735229
1257.149925,0.9975824270480088
1257.21019,0.997586317627061
1257.270455,0.9975912058119933
1257.33072,0.9975945976278592
1257.390985,0.9975984882543767
1257.45125,0.9976018800950028
1257.511515,0.997605770749922
1257.57178,0.997610659030175
1257.632045,0.9976155473343805
1257.69231,0.997621333521335
1257.752575,0.9976277183183009
1257.81284,0.9976335045758472
1257.873105,0.9976407873270127
1257.93337,0.9976480701313424
1257.993635,0.9976553529888367
1258.0539,0.9976642321609905
1258.114165,0.9976724130412358
1258.17443,0.9976811925971005
1258.234695,0.9976894733853644
1258.29496,0.9976991510201927
1258.355225,0.9977089285197823
1258.41549,0.9977186063433263
1258.475755,0.9977283840335791
1258.53602,0.9977405563941155
1258.596285,0.9977502345244514
1258.65655,0.9977624071515655
1258.716815,0.9977721852710683
1258.77708,0.9977843581659831
1258.837345,0.99779643142976
1258.89761,0.9978062098827024
1258.957875,0.99781838319272
1259.01814,0.9978305566512529
1259.078405,0.9978427302583028
1259.13867,0.9978549040138718
1259.198935,0.9978694728018223
1259.2592,0.9978816468836522
1259.319465,0.9978962160620515
1259.37973,0.9979083904701511
1259.439995,0.9979230598313106
1259.50026,0.9979360329154133
1259.560525,0.9979498045276914
1259.62079,0.9979643747011995
1259.681055,0.9979789450874337
1259.74132,0.9979936154857537
1259.801585,0.9980090845066784
1259.86185,0.9980252523848068
1259.922115,0.9980398236598617
1259.98238,0.9980543951476587
1260.042645,0.9980699649176669
1260.10291,0.9980860339734576
1260.163175,0.9981007059459958
1260.22344,0.9981161766268354
1260.283705,0.9981323462398702
1260.34397,0.9981478174111382
1260.404235,0.9981648858847509
1260.4645,0.9981809564687816
1260.524765,0.9981980255090771
1260.58503,0.9982150948412557
1260.645295,0.9982320646421109
1260.70556,0.9982476371837847
1260.765825,0.9982637091001221
1260.82609,0.9982807795554997
1260.886355,0.9982962530275018
1260.94662,0.998312425557798
1261.006885,0.9983294968462342
1261.06715,0.9983440725632906
1261.127415,0.9983611443928951
1261.18768,0.9983757205720091
1261.247945,0.9983927929427993
1261.30821,0.9984073695839855
1261.368475,0.9984244424959783
1261.42874,0.9984390195992513
1261.489005,0.9984545953694478
1261.54927,0.9984706706178387
1261.609535,0.998485348244577
1261.6698,0.9985023226397791
1261.730065,0.9985170007318056
1261.79033,0.9985339756651046
1261.850595,0.998548654222434
1261.91086,0.9985656296938469
1261.971125,0.998580308716494
1262.03139,0.9985957868312342
1262.091655,0.9986119642140172
1262.15192,0.9986265440551273
1262.212185,0.9986420228865208
1262.27245,0.9986582010183341
1262.332715,0.9986727815345064
1262.39298,0.9986873622635559
1262.453245,0.9987029419079282
1262.51351,0.9987190211547304
1262.573775,0.9987337024322486
1262.63404,0.9987491829246098
1262.694305,0.9987637647691276
1262.75457,0.9987775478041843
1262.814835,0.9987921300628324
1262.8751,0.9988067125343831
1262.935365,0.998821395100974
1262.99563,0.9988359779997973
1263.055895,0.9988505611115326
1263.11616,0.9988636461395899
1263.176425,0.9988774305530188
1263.23669,0.9988920142699658
1263.296955,0.9989042008268777
1263.35722,0.9989187849346736
1263.417485,0.9989309718181896
1263.47775,0.998944057899634
1263.538015,0.9989577435269736
1263.59828,0.9989699308857873
1263.658545,0.9989821183932879
1263.71881,0.9989952051447568
1263.779075,0.9990089214430856
1263.83934,0.9990210994360628
1263.899605,0.9990332875678233
1263.95987,0.9990454658578253
1264.020135,0.9990576442962815
1264.0804,0.9990698328738921
1264.140665,0.9990795738522498
1264.20093,0.9990917527064851
1264.261195,0.9991039317091814
1264.32146,0.9991136830111411
1264.381725,0.9991258622811696
1264.44199,0.9991380416996641
1264.502255,0.9991477933345391
1264.56252,0.9991590637852131
1264.622785,0.9991697148776033
1264.68305,0.9991794668216099
1264.743315,0.9991892088689038
1264.80358,0.9991989610031727
1264.863845,0.9992087032405358
1264.92411,0.9992199843704772
1264.984375,0.9992306361122844
1265.04464,0.9992403786584813
1265.104905,0.9992501312921698
1265.16517,0.9992598740284456
1265.225435,0.9992696168597136
1265.2857,0.9992784604349556
1265.345965,0.9992866745376603
1265.40623,0.9992964276231987
1265.466495,0.999303732506784
1265.52676,0.9993134857588091
1265.587025,0.9993207907670897
1265.64729,0.9993296347952227
1265.707555,0.9993378493185824
1265.76782,0.9993451644984129
1265.828085,0.9993539987487144
1265.88835,0.9993613140467592
1265.948615,0.9993686293983522
1266.00888,0.9993768442422488
1266.069145,0.9993841497136817
1266.12941,0.9993914652324324
1266.189675,0.9993987808047329
1266.24994,0.9994060864365226
1266.310205,0.9994134021158506
1266.37047,0.9994207078545225
1266.430735,0.9994271141617921
1266.491,0.9994329008615356
1266.551265,0.9994402067427438
1266.61153,0.9994466131750017
1266.671795,0.9994523899931208
1266.73206,0.9994587965034735
1266.792325,0.9994645833866582
1266.85259,0.9994694507910314
1266.912855,0.9994758574107443
1266.97312,0.9994816443927119
1267.033385,0.9994880410957055
1267.09365,0.9994929186092472
1267.153915,0.9994987056899995
1267.21418,0.9995051025021857
1267.274445,0.9995099800989872
1267.33471,0.9995157672785259
1267.394975,0.9995206349321653
1267.45524,0.9995270418799694
1267.515505,0.9995319195838354
1267.57577,0.9995367873161367
1267.636035,0.9995416650675605
1267.6963,0.9995465428427878
1267.756565,0.9995514106463045
1267.81683,0.9995562884690903
1267.877095,0.99956116631568
1267.93736,0.9995645148511959
1267.997625,0.9995684731345121
1268.05789,0.9995733510405631
1268.118155,0.9995782289704184
1268.17842,0.9995815775630943
1268.238685,0.9995855359139789
1268.29895,0.9995904139032965
1268.359215,0.999593762536792
1268.41948,0.9995977309319065
1268.479745,0.9996025989847099
1268.54001,0.9996059476590256
1268.600275,0.999609916102515
1268.66054,0.999613264801343
1268.720805,0.9996172232777095
1268.78107,0.9996205720010166
1268.841335,0.9996245405025649
1268.9016,0.9996278892503847
1268.961865,0.9996318477846641
1269.02213,0.9996351965569633
1269.082395,0.9996391651165712
1269.14266,0.9996416042391099
1269.202925,0.9996440433675999
1269.26319,0.9996473921807545
1269.323455,0.9996498313233672
1269.38372,0.9996537899445372
1269.443985,0.9996562291027605
1269.50425,0.9996595779567373
1269.564515,0.9996635466131396
1269.62478,0.9996659757985094
1269.685045,0.9996684149864661
1269.74531,0.9996717638812657
1269.805575,0.9996757325860461
1269.86584,0.9996781717978095
1269.926105,0.9996806110155245
1269.98637,0.9996830402423608
1270.046635,0.9996854794719549
1270.1069,0.9996879187075006
1270.167165,0.9996903579489982
1270.22743,0.9996927971964474
1270.287695,0.9996952364498485
1270.34796,0.9996976657122246
1270.408225,0.9997001049775048
1270.46849,0.999702544248737
1270.528755,0.9997049835259207
1270.58902,0.9997074228090566
1270.649285,0.999709862098144
1270.70955,0.9997123013931836
1270.769815,0.9997147306970275
1270.83008,0.9997171700039464
1270.890345,0.9997196093168171
1270.95061,0.9997220486356398
1271.010875,0.9997244879604145
1271.07114,0.9997253977101125
1271.131405,0.9997269272911411
1271.19167,0.9997293666278196
1271.251935,0.9997302763819572
1271.3122,0.9997317959731322
1271.372465,0.9997342353216905
1271.43273,0.9997342353216905
1271.492995,0.9997366746762006
1271.55326,0.9997391140366628
1271.613525,0.9997415534030771
1271.67379,0.9997424631683046
1271.734055,0.9997439927754435
1271.79432,0.9997464221562976
1271.854585,0.9997473419234291
1271.91485,0.9997488615405438
1271.975115,0.9997513009307419
1272.03538,0.9997537403268922
1272.095645,0.9997537403268922
1272.15591,0.9997561797289948
1272.216175,0.9997577293522742
1272.27644,0.9997594389394532
1272.336705,0.9997611485295554
1272.39697,0.9997624582175179
1272.457235,0.9997638278930239
1272.5175,0.9997650476056379
1272.577765,0.99976626731974
1272.63803,0.9997672370934897
1272.698295,0.9997683668311058
1272.75856,0.9997694365838307
1272.818825,0.9997708962482736
1272.87909,0.9997721159695111
1272.939355,0.999773575637866
1272.99962,0.9997747953623722
1273.059885,0.9997760150883667
1273.12015,0.999777484760189
1273.180415,0.9997786944916776
1273.24068,0.9997799142224288
1273.300945,0.9997808940072248
1273.36121,0.9997818637951624
1273.421475,0.9997829935493068
1273.48174,0.9997838233695358
1273.542005,0.9997847931603149
1273.60227,0.9997857729498922
1273.662535,0.9997867427425623
1273.7228,0.9997877225340503
1273.783065,0.9997886923286116
1273.84333,0.9997893321935793
1273.903595,0.9997899120715602
1273.96386,0.9997905519373087
1274.024125,0.9997913817638112
1274.08439,0.9997923515619218
1274.144655,0.9997935713093348
1274.20492,0.9997945511075148
1274.265185,0.9997957608596535
1274.32545,0.9997972305605022
1274.385715,0.9997982003642862
1274.44598,0.9997991801670026
1274.506245,0.9997999100206706
1274.56651,0.9998005498928177
1274.626775,0.9998010397952072
1274.68704,0.9998015296978368
1274.747305,0.9998020096026862
1274.80757,0.9998024995057909
1274.867835,0.9998030793914088
1274.9281,0.9998035692950378
1274.988365,0.9998042091695268
1275.04863,0.999804939026866
1275.108895,0.9998055189138987
1275.16916,0.9998062487721939
1275.229425,0.9998067386773759
1275.28969,0.9998073785538933
1275.349955,0.999807958442341
1275.41022,0.9998085983196393
1275.470485,0.999809418163026
1275.53075,0.999810397976736
1275.591015,0.9998115177650088
1275.65128,0.9998123476089129
1275.711545,0.999812827518955
1275.77181,0.9998132274441659
1275.832075,0.9998137173527674
1275.89234,0.9998142072616089
1275.952605,0.9998145372003517
1276.01287,0.9998149371262466
1276.073135,0.999815027109595
1276.1334,0.9998154170375316
1276.193665,0.999815906947206
1276.25393,0.9998164868406002
1276.314195,0.9998171267233565
1276.37446,0.9998177066174582
1276.434725,0.9998184364846504
1276.49499,0.9998190763686545
1276.555255,0.999819566280122
1276.61552,0.9998200561918295
1276.675785,0.9998207860607369
1276.73605,0.9998215159301771
1276.796315,0.9998220958268246
1276.85658,0.9998227357131706
1276.916845,0.9998230756529586
1276.97711,0.9998234655840341
1277.037375,0.9998239554976522
1277.09764,0.9998241954554304
1277.157905,0.9998244454115105
1277.21817,0.9998247753536319
1277.278435,0.9998252652678918
1277.3387,0.9998259951406019
1277.398965,0.9998266350294436
1277.45923,0.9998273649031536
1277.519495,0.9998279448031934
1277.57976,0.9998288346504602
1277.640025,0.9998296545104408
1277.70029,0.9998305343609238
1277.760555,0.9998313642206118
1277.82082,0.9998320940977741
1277.881085,0.9998328239754691
1277.94135,0.9998338038121168
1278.001615,0.99983453369106
1278.06188,0.9998351735853663
1278.122145,0.999835503531028
1278.18241,0.9998359934505449
1278.242675,0.9998364833703016
1278.30294,0.9998368733066062
1278.363205,0.9998372132512009
1278.42347,0.9998376131861662
1278.483735,0.9998378531472222
1278.544,0.9998380931083357
1278.604265,0.9998385830291213
1278.66453,0.9998391629356677
1278.724795,0.9998400427945182
1278.78506,0.9998408726620981
1278.845325,0.9998417525224532
1278.90559,0.999842482407199
1278.965855,0.9998432122924775
1279.02612,0.9998439521767284
1279.086385,0.9998447720491053
1279.14665,0.9998455019360553
1279.206915,0.9998462318235382
1279.26718,0.9998466317621109
1279.327445,0.9998468717253313
1279.38771,0.9998471216870805
1279.447975,0.9998473616504184
1279.50824,0.9998478515757456
1279.568505,0.9998481815255912
1279.62877,0.9998485814649437
1279.689035,0.9998489114150301
1279.7493,0.9998493113546746
1279.809565,0.9998496513034982
1279.86983,0.9998502912074798
1279.930095,0.9998510210984588
1279.99036,0.9998520809411029
1280.050625,0.9998530607966224
1280.11089,0.9998542806181007
1280.171155,0.9998552504772232
1280.23142,0.9998561403487921
1280.291685,0.999856870244041
1280.35195,0.9998576001398227
1280.412215,0.999858180057399
1280.47248,0.999858580000751
1280.532745,0.999858819966839
1280.59301,0.9998590599329845
1280.653275,0.9998593098977808
1280.71354,0.9998598898163487
1280.773805,0.999860529726883
1280.83407,0.9998611096461584
1280.894335,0.9998617495574733
1280.9546,0.9998622294912283
1281.014865,0.9998625694444441
1281.07513,0.9998629693895519
1281.135395,0.9998635493102423
1281.19566,0.9998642792108997
1281.255925,0.99986500911209
1281.31619,0.9998656490259006
1281.376455,0.9998664689160689
1281.43672,0.9998671988188577
1281.496985,0.9998680887010606
1281.55725,0.9998689085932295
1281.617515,0.9998697884782561
1281.67778,0.9998705283821734
1281.738045,0.999870768351129
1281.79831,0.9998710083201422
1281.858575,0.9998713482763428
1281.91884,0.9998718382134235
1281.979105,0.9998724781316047
1282.03937,0.9998732080387802
1282.099635,0.9998739379464885
1282.1599,0.9998746678547297
1282.220165,0.9998753977635035
1282.28043,0.9998761276728103
1282.340695,0.9998767076011326
1282.40096,0.9998771975408394
1282.461225,0.9998775974917984
1282.52149,0.9998781774209731
1282.581755,0.9998788173432114
1282.64202,0.9998793972730936
1282.702285,0.9998800371961126
1282.76255,0.9998805171386457
1282.822815,0.9998810070802191
1282.88308,0.9998814970220327
1282.943345,0.9998817369936207
1283.00361,0.9998817369936207
1283.063875,0.9998819869640863
1283.12414,0.9998822269357919
1283.184405,0.9998824669075551
1283.24467,0.9998827168782032
1283.304935,0.9998834467928529
1283.3652,0.9998845166687134
1283.425465,0.9998859765011734
1283.48573,0.9998871963628088
1283.545995,0.9998884162259325
1283.60626,0.9998893861181666
1283.666525,0.9998900260475785
1283.72679,0.9998905159938113
1283.787055,0.9998910059402841
1283.84732,0.9998914958869971
1283.907585,0.9998919758350303
1283.96785,0.9998924657822186
1284.028115,0.9998929557296468
1284.08838,0.9998931957039849
1284.148645,0.999893685651771
1284.20891,0.9998940256156819
1284.269175,0.9998944155744278
1284.32944,0.9998946655480629
1284.389705,0.999894755538587
1284.44997,0.999894995513357
1284.510235,0.9998954854620249
1284.5705,0.9998961253953403
1284.630765,0.9998969453104993
1284.69103,0.999898075194686
1284.751295,0.9998991450861988
1284.81156,0.9998998750128412
1284.871825,0.9999005139490654
1284.93209,0.9999010938915317
1284.992355,0.9999014888525418
1285.05262,0.9999019768045874
1285.112885,0.999902312771708
1285.17315,0.9999027077331996
1285.233415,0.9999030447004689
1285.29368,0.9999036836387186
1285.353945,0.9999041715918353
1285.41421,0.9999046585452854
1285.474475,0.9999051464988779
1285.53474,0.9999056344527084
1285.595005,0.9999062143981445
1285.65527,0.9999068533384197
1285.715535,0.9999074332845628
1285.7758,0.9999081652170718
1285.836065,0.9999088961502078
1285.89633,0.9999096280837877
1285.956595,0.9999106029961503
1286.01686,0.9999114859176026
1286.077125,0.9999123098450065
1286.13739,0.9999129487891766
1286.197655,0.9999134367468147
1286.25792,0.999913680725723
1286.318185,0.9999140166967762
1286.37845,0.999914260675826
1286.438715,0.9999145046549354
1286.49898,0.9999147486341042
1286.559245,0.9999148996212427
1286.61951,0.9999148996212427
1286.679775,0.9999151436005079
1286.74004,0.9999156315592171
1286.800305,0.9999162115104516
1286.86057,0.9999169434493863
1286.920835,0.9999175813965997
1286.9811,0.9999180693564985
1287.041365,0.9999184063289447
1287.10163,0.9999190442770914
1287.161895,0.9999197762180997
1287.22216,0.9999203571716585
1287.282425,0.9999209951210498
1287.34269,0.9999214830826145
1287.402955,0.9999219710444174
1287.46322,0.999922215025408
1287.523485,0.999922215025408
1287.58375,0.999922215025408
1287.644015,0.9999224580065358
1287.70428,0.9999227019876453
1287.764545,0.9999229459688144
1287.82481,0.9999231899500429
1287.885075,0.9999236779126787
1287.94534,0.9999242578685801
1288.005605,0.999925233795132
1288.06587,0.9999262087227102
1288.126135,0.9999269406689629
1288.1864,0.9999275786225545
1288.246665,0.999928066587332
1288.30693,0.9999285545523475
1288.367195,0.9999290415176723
1288.42746,0.9999295294831635
1288.487725,0.9999297734659985
1288.54799,0.999930017448893
1288.608255,0.999930261431847
1288.66852,0.999930168438337
1288.728785,0.999930017448893
1288.78905,0.999930017448893
1288.849315,0.999930017448893
1288.90958,0.999930261431847
1288.969845,0.999930261431847
1289.03011,0.999930017448893
1289.090375,0.999930017448893
1289.15064,0.999930261431847
1289.210905,0.9999308413915668
1289.27117,0.9999314803475786
1289.331435,0.9999322112977579
1289.3917,0.9999329432484044
1289.451965,0.9999334312157998
1289.51223,0.9999336751995869
1289.572495,0.9999339181834994
1289.63276,0.9999341621674053
1289.693025,0.9999344061513705
1289.75329,0.9999346501353954
1289.813555,0.9999346501353954
1289.87382,0.9999346501353954
1289.934085,0.9999346501353954
1289.99435,0.9999347431293222
1290.054615,0.9999349871134293
1290.11488,0.999935231097596
1290.175145,0.9999356250721546
1290.23541,0.9999358690564769
1290.295675,0.9999361130408587
1290.35594,0.9999364500193856
1290.416205,0.9999369379884923
1290.47647,0.9999375759484622
1290.536735,0.9999384008973027
1290.597,0.9999391318525409
1290.657265,0.9999397708138502
1290.71753,0.9999401077936098
1290.777795,0.9999403517790258
1290.83806,0.9999405017700899
1290.898325,0.9999407457556021
1290.95859,0.9999406527611171
1291.018855,0.9999405017700899
1291.07912,0.9999404087756275
1291.139385,0.9999402587845775
1291.19965,0.9999402587845775
1291.259915,0.9999405017700899
1291.32018,0.9999405017700899
1291.380445,0.9999407457556021
1291.44071,0.9999409897411738
1291.500975,0.9999412337268051
1291.56124,0.9999414777124959
1291.621505,0.9999415707070576
1291.68177,0.9999419646841141
1291.742035,0.9999425456505644
1291.8023,0.9999431846140552
1291.862565,0.9999439155727903
1291.92283,0.9999444035455402
1291.983095,0.9999448915185282
1292.04336,0.9999451355051114
1292.103625,0.9999451355051114
1292.16389,0.9999448915185282
1292.224155,0.9999445535372119
1292.28442,0.9999441595591355
1292.344685,0.9999439155727903
1292.40495,0.9999436715865047
1292.465215,0.999943428600222
1292.52548,0.9999437655812142
1292.585745,0.9999444035455402
1292.64601,0.9999449845134074
1292.706275,0.999945622478511
1292.76654,0.9999461104520938
1292.826805,0.9999463544389746
1292.88707,0.9999465984259148
1292.947335,0.9999465984259148
1293.0076,0.9999468414129677
1293.067865,0.9999468414129677
1293.12813,0.9999470854000269
1293.188395,0.9999469924049522
1293.24866,0.9999468414129677
1293.308925,0.9999465984259148
1293.36919,0.999946504430939
1293.429455,0.9999463544389746
1293.48972,0.9999461104520938
1293.549985,0.9999461104520938
1293.61025,0.9999461104520938
1293.670515,0.9999461104520938
1293.73078,0.9999461104520938
1293.791045,0.9999463544389746
1293.85131,0.9999465984259148
1293.911575,0.9999468414129677
1293.97184,0.9999473293871455
1294.032105,0.9999478173615612
1294.09237,0.9999483053362151
1294.152635,0.9999486423188508
1294.2129,0.9999490362986936
1294.273165,0.9999492802862882
1294.33343,0.9999492802862882
1294.393695,0.9999492802862882
1294.45396,0.9999490362986936
1294.514225,0.9999487923111584
1294.57449,0.9999484553284722
1294.634755,0.9999479673537451
1294.69502,0.9999475733743236
1294.755285,0.9999475733743236
1294.81555,0.9999475733743236
1294.875815,0.9999475733743236
1294.93608,0.9999475733743236
1294.996345,0.9999478173615612
1295.05661,0.9999483053362151
1295.116875,0.9999487923111584
1295.17714,0.9999491302939074
1295.237405,0.9999496172692525
1295.29767,0.9999500122494293
1295.357935,0.9999500122494293
1295.4182,0.9999500122494293
1295.478465,0.9999500122494293
1295.53873,0.999949768261656
1295.598995,0.9999496742663823
1295.65926,0.9999492802862882
1295.719525,0.9999486993159251
1295.77979,0.9999480613488585
1295.840055,0.9999475733743236
1295.90032,0.9999473293871455
1295.960585,0.9999473293871455
1296.02085,0.9999473293871455
1296.081115,0.9999473293871455
1296.14138,0.9999475733743236
1296.201645,0.9999480613488585
1296.26191,0.9999485483236829
1296.322175,0.9999488863063494
1296.38244,0.9999492802862882
1296.442705,0.9999495242739423
1296.50297,0.999949768261656
1296.563235,0.999949768261656
1296.6235,0.9999495242739423
1296.683765,0.9999494302786914
1296.74403,0.9999491862910602
1296.804295,0.9999487923111584
1296.86456,0.9999485483236829
1296.924825,0.9999480613488585
1296.98509,0.9999477233664709
1297.045355,0.9999474793792561
1297.10562,0.9999472353921008
1297.165885,0.9999470854000269
1297.22615,0.9999468414129677
1297.286415,0.9999470854000269
1297.34668,0.9999473293871455
1297.406945,0.9999478173615612
1297.46721,0.9999483983314119
1297.527475,0.9999487923111584
1297.58774,0.9999490362986936
1297.648005,0.9999492802862882
1297.70827,0.9999495242739423
1297.768535,0.9999495242739423
1297.8288,0.9999495242739423
1297.889065,0.9999494302786914
1297.94933,0.9999492802862882
1298.009595,0.9999487923111584
1298.06986,0.9999484553284722
1298.130125,0.9999479673537451
1298.19039,0.9999475733743236
1298.250655,0.9999474793792561
1298.31092,0.9999473293871455
1298.371185,0.9999473293871455
1298.43145,0.9999474233821988
1298.491715,0.9999476673693999
1298.55198,0.9999481553439806
1298.612245,0.9999487923111584
1298.67251,0.999949374281525
1298.732775,0.9999500122494293
1298.79304,0.9999504992252037
1298.853305,0.9999507432131554
1298.91357,0.9999507432131554
1298.973835,0.9999507432131554
1299.0341,0.9999507432131554
1299.094365,0.9999504992252037
1299.15463,0.9999500122494293
1299.214895,0.9999494302786914
1299.27516,0.9999489423034885
1299.335425,0.9999485483236829
1299.39569,0.9999483053362151
1299.455955,0.9999480613488585
1299.51622,0.9999478173615612
1299.576485,0.9999475733743236
1299.63675,0.9999475733743236
1299.697015,0.9999478173615612
1299.75728,0.9999480613488585
1299.817545,0.9999485483236829
1299.87781,0.9999487923111584
1299.938075,0.9999490362986936
1299.99834,0.9999490362986936
1300.058605,0.9999492802862882
1300.11887,0.9999490362986936
1300.179135,0.9999487923111584
1300.2394,0.9999485483236829
1300.299665,0.9999480613488585
1300.35993,0.9999475733743236
1300.420195,0.9999470854000269
1300.48046,0.9999468414129677
1300.540725,0.9999466924208995
1300.60099,0.9999468414129677
1300.661255,0.9999468414129677
1300.72152,0.9999468414129677
1300.781785,0.9999465984259148
1300.84205,0.9999465984259148
1300.902315,0.9999466924208995
1300.96258,0.9999468414129677
1301.022845,0.9999468414129677
1301.08311,0.9999470854000269
1301.143375,0.9999473293871455
1301.20364,0.9999476673693999
1301.263905,0.9999478173615612
1301.32417,0.9999478173615612
1301.384435,0.9999475733743236
1301.4447,0.9999473293871455
1301.504965,0.9999469914050052
1301.56523,0.9999463544389746
1301.625495,0.9999458664652727
1301.68576,0.999945622478511
1301.746025,0.999945622478511
1301.80629,0.9999458664652727
1301.866555,0.9999462044470326
1301.92682,0.9999466924208995
1301.987085,0.9999473293871455
1302.04735,0.9999479113566605
1302.107615,0.9999485483236829
1302.16788,0.9999490362986936
1302.228145,0.9999492802862882
1302.28841,0.9999495242739423
1302.348675,0.9999492802862882
1302.40894,0.9999490362986936
1302.469205,0.9999485483236829
1302.52947,0.9999480613488585
1302.589735,0.9999477233664709
1302.65,0.9999473293871455
1302.710265,0.9999469914050052
1302.77053,0.9999465984259148
1302.830795,0.9999462594440754
1302.89106,0.9999461104520938
1302.951325,0.9999463544389746
1303.01159,0.9999465984259148
1303.071855,0.9999468414129677
1303.13212,0.9999471803950044
1303.192385,0.9999478173615612
1303.25265,0.9999485483236829
1303.312915,0.9999492802862882
1303.37318,0.9999500122494293
1303.433445,0.9999505942205057
1303.49371,0.9999510811965637
1303.553975,0.9999514751773673
1303.61424,0.9999514751773673
1303.674505,0.9999514751773673
1303.73477,0.9999509872011665
1303.795035,0.9999506492177899
1303.8553,0.9999501612419922
1303.915565,0.9999496732664326
1303.97583,0.9999491862910602
1304.036095,0.9999487923111584
1304.09636,0.9999485483236829
1304.156625,0.9999485483236829
1304.21689,0.9999487923111584
1304.277155,0.9999492802862882
1304.33742,0.9999500122494293
1304.397685,0.9999508382084805
1304.45795,0.9999515691728104
1304.518215,0.9999522061421628
1304.57848,0.9999524501305309
1304.638745,0.9999526941189585
1304.69901,0.9999529381074456
1304.759275,0.9999529381074456
1304.81954,0.9999529381074456
1304.879805,0.9999524501305309
1304.94007,0.9999519621538543
1305.000335,0.9999513801819817
1305.0606,0.9999509872011665
1305.120865,0.9999506492177899
1305.18113,0.9999504992252037
1305.241395,0.9999502552373117
1305.30166,0.9999502552373117
1305.361925,0.9999502552373117
1305.42219,0.9999504992252037
1305.482455,0.9999509872011665
1305.54272,0.9999515691728104
1305.602985,0.9999522061421628
1305.66325,0.9999526941189585
1305.723515,0.9999529381074456
1305.78378,0.9999531820959923
1305.844045,0.9999531820959923
1305.90431,0.9999531820959923
1305.964575,0.9999529381074456
1306.02484,0.9999526941189585
1306.085105,0.9999523551350527
1306.14537,0.999951719165557
1306.205635,0.9999512311892371
1306.2659,0.9999506482178393
1306.326165,0.9999502552373117
1306.38643,0.9999502552373117
1306.446695,0.9999504992252037
1306.50696,0.9999505942205057
1306.567225,0.9999509872011665
1306.62749,0.9999514751773673
1306.687755,0.9999522061421628
1306.74802,0.9999530331029792
1306.808285,0.9999537640689136
1306.86855,0.9999544960353368
1306.928815,0.9999551320065986
1306.98908,0.9999554709914458
1307.049345,0.999955619984822
1307.10961,0.999955863974023
1307.169875,0.999955619984822
1307.23014,0.999955619984822
1307.290405,0.9999552809999243
1307.35067,0.9999548890175309
1307.410935,0.9999544010396642
1307.4712,0.9999539130620355
1307.531465,0.999953425084645
1307.59173,0.999953425084645
1307.651995,0.999953425084645
1307.71226,0.9999539130620355
1307.772525,0.9999544010396642
1307.83279,0.9999551320065986
1307.893055,0.999955863974023
1307.95332,0.9999565959419834
1308.013585,0.9999571779168915
1308.07385,0.9999578148898168
1308.134115,0.9999583018693912
1308.19438,0.9999585458592466
1308.254645,0.9999584508631892
1308.31491,0.9999583018693912
1308.375175,0.9999578148898168
1308.43544,0.9999574759041749
1308.495705,0.9999569879250458
1308.55597,0.9999565959419834
1308.616235,0.9999562569567548
1308.6765,0.999955863974023
1308.736765,0.9999557689782205
1308.79703,0.999955619984822
1308.857295,0.999955863974023
1308.91756,0.9999563519526038
1308.977825,0.99995693392737
1309.03809,0.9999576658961135
1309.098355,0.9999581538755735
1309.15862,0.9999585458592466
1309.218885,0.9999590338391361
1309.27915,0.9999595218192636
1309.339415,0.9999597658094168
1309.39968,0.9999596708132436
1309.459945,0.9999592778291702
1309.52021,0.9999589388430323
1309.580475,0.9999585458592466
1309.64074,0.9999580588795534
1309.701005,0.9999577198938289
1309.76127,0.9999575709001397
1309.821535,0.9999573269105222
1309.8818,0.9999573269105222
1309.942065,0.9999573269105222
1310.00233,0.9999575709001397
1310.062595,0.9999579098858137
1310.12286,0.999958640855313
1310.183125,0.9999596168154228
1310.24339,0.9999602527899413
1310.303655,0.9999608357669386
1310.36392,0.9999613237479456
1310.424185,0.9999619597235496
1310.48445,0.9999624477051051
1310.544715,0.9999626916959721
1310.60498,0.9999625966995209
1310.665245,0.9999622037142976
1310.72551,0.9999614727421938
1310.785775,0.9999606457743978
1310.84604,0.999959913803473
1310.906305,0.9999591828330432
1310.96657,0.9999585458592466
1311.026835,0.9999583018693912
1311.0871,0.9999580588795534
1311.147365,0.9999578148898168
1311.20763,0.9999578148898168
1311.267895,0.9999580588795534
1311.32816,0.9999585458592466
1311.388425,0.9999590338391361
1311.44869,0.9999596168154228
1311.508955,0.9999602527899413
1311.56922,0.9999607407706638
1311.629485,0.9999610797574123
1311.68975,0.9999609847611143
1311.750015,0.9999607407706638
1311.81028,0.9999601577937218
1311.870545,0.9999595218192636
1311.93081,0.9999590338391361
1311.991075,0.9999584508631892
1312.05134,0.9999579628835843
1312.111605,0.9999574759041749
1312.17187,0.9999573269105222
1312.232135,0.9999573269105222
1312.2924,0.9999574219064727
1312.352665,0.9999576658961135
1312.41293,0.9999580588795534
1312.473195,0.9999585458592466
1312.53346,0.9999590338391361
1312.593725,0.9999597658094168
1312.65399,0.9999604967802728
1312.714255,0.9999610797574123
1312.77452,0.9999617157328613
1312.834785,0.9999619597235496
1312.89505,0.9999622037142976
1312.955315,0.9999622037142976
1313.01558,0.9999619597235496
1313.075845,0.9999613767458971
1313.13611,0.9999606457743978
1313.196375,0.999959913803473
1313.25664,0.9999591818330841
1313.316905,0.9999585458592466
1313.37717,0.9999583018693912
1313.437435,0.9999583018693912
1313.4977,0.9999583018693912
1313.557965,0.9999585458592466
1313.61823,0.99995888584521
1313.678495,0.9999596168154228
1313.73876,0.9999605927764851
1313.799025,0.9999615677385383
1313.85929,0.9999624477051051
1313.919555,0.9999626916959721
1313.97982,0.9999626916959721
1314.040085,0.9999624477051051
1314.10035,0.999961864727168
1314.160615,0.9999612287516243
1314.22088,0.9999604967802728
1314.281145,0.9999597658094168
1314.34141,0.9999590338391361
1314.401675,0.9999584508631892
1314.46194,0.9999580588795534
1314.522205,0.9999578148898168
1314.58247,0.9999575709001397
1314.642735,0.9999575709001397
1314.703,0.9999575709001397
1314.763265,0.9999578148898168
1314.82353,0.9999580588795534
1314.883795,0.9999587898491616
1314.94406,0.9999595218192636
1315.004325,0.9999602527899413
1315.06459,0.9999608367668994
1315.124855,0.9999612287516243
1315.18512,0.9999612287516243
1315.245385,0.9999609847611143
1315.30565,0.9999604967802728
1315.365915,0.999959913803473
1315.42618,0.9999592778291702
1315.486445,0.9999585458592466
1315.54671,0.9999579628835843
1315.606975,0.9999573269105222
1315.66724,0.9999568389314657
1315.727505,0.9999568389314657
1315.78777,0.9999569349273268
1315.848035,0.9999571789168488
1315.9083,0.9999575709001397
1315.968565,0.9999580588795534
1316.02883,0.9999587898491616
1316.089095,0.9999595218192636
1316.14936,0.9999602527899413
1316.209625,0.9999608367668994
1316.26989,0.9999612287516243
1316.330155,0.9999614727421938
1316.39042,0.9999614727421938
1316.450685,0.9999611327553509
1316.51095,0.9999604007840697
1316.571215,0.9999596698132839
1316.63148,0.9999589378430734
1316.691745,0.999958206873357
1316.75201,0.9999573269105222
1316.812275,0.9999564999461548
1316.87254,0.9999557679782647
1316.932805,0.9999553759956805
1316.99307,0.9999553759956805
1317.053335,0.999955619984822
1317.1136,0.9999559599697906
1317.173865,0.9999564469484616
1317.23413,0.9999570829209642
1317.294395,0.9999576668960711
1317.35466,0.9999581538755735
1317.414925,0.9999586418552716
1317.47519,0.9999590338391361
1317.535455,0.9999589378430734
1317.59572,0.9999585458592466
1317.655985,0.9999579628835843
1317.71625,0.9999572309146234
1317.776515,0.9999564999461548
1317.83678,0.999955523989087
1317.897045,0.9999547930218662
1317.95731,0.9999540610552257
1318.017575,0.9999536690733105
1318.07784,0.999953425084645
1318.138105,0.9999535210801784
1318.19837,0.9999536690733105
1318.258635,0.9999539130620355
1318.3189,0.9999541570508201
1318.379165,0.9999546450285678
1318.43943,0.9999552280022959
1318.499695,0.9999559599697906
1318.55996,0.9999568389314657
1318.620225,0.9999573269105222
1318.68049,0.9999573269105222
1318.740755,0.9999570829209642
1318.80102,0.9999564999461548
1318.861285,0.999955619984822
1318.92155,0.9999546450285678
1318.981815,0.9999536690733105
1319.04208,0.9999526941189585
1319.102345,0.9999518661584705
1319.16261,0.9999513791820303
1319.222875,0.9999510831964659
1319.28314,0.9999512311892371
1319.343405,0.999951719165557
1319.40367,0.9999520581492473
1319.463935,0.9999525461259707
1319.5242,0.9999531820959923
1319.584465,0.9999537650688674
1319.64473,0.9999542530464238
1319.704995,0.9999546450285678
1319.76526,0.9999549850132049
1319.825525,0.9999551320065986
1319.88579,0.9999551320065986
1319.946055,0.9999547930218662
1320.00632,0.9999541570508201
1320.066585,0.9999533290891208
1320.12685,0.9999522061421628
1320.187115,0.9999513791820303
1320.24738,0.9999506472178886
1320.307645,0.9999500122494293
1320.36791,0.9999494282787926
1320.428175,0.9999490362986936
1320.48844,0.9999490362986936
1320.548705,0.9999490362986936
1320.60897,0.9999492802862882
1320.669235,0.999949768261656
1320.7295,0.9999504992252037
1320.789765,0.9999513271845599
1320.85003,0.9999522061421628
1320.910295,0.9999526941189585
1320.97056,0.9999529381074456
1321.030825,0.9999529381074456
1321.09109,0.9999526941189585
1321.151355,0.9999521101467557
1321.21162,0.9999511351939235
1321.271885,0.9999500122494293
1321.33215,0.9999489403035907
1321.392415,0.9999482083412343
1321.45268,0.9999475733743236
1321.512945,0.9999470854000269
1321.57321,0.9999468414129677
1321.633475,0.9999468414129677
1321.69374,0.9999468414129677
1321.754005,0.9999473293871455
1321.81427,0.9999478173615612
1321.874535,0.9999483053362151
1321.9348,0.9999487923111584
1321.995065,0.9999492802862882
1322.05533,0.9999496202691013
1322.115595,0.999949768261656
1322.17586,0.999949768261656
1322.236125,0.9999495242739423
1322.29639,0.9999489403035907
1322.356655,0.9999482083412343
1322.41692,0.9999469894051113
1322.477185,0.9999457704704741
1322.53745,0.999944307550882
1322.597715,0.9999433316057141
1322.65798,0.9999426006474059
1322.718245,0.9999422086699833
1322.77851,0.9999422086699833
1322.838775,0.9999422086699833
1322.89904,0.999942548650392
1322.959305,0.9999429406279479
1323.01957,0.999943428600222
1323.079835,0.9999440125673548
1323.1401,0.9999447435266952
1323.200365,0.9999454754865154
1323.26063,0.9999461104520938
1323.320895,0.9999463544389746
1323.38116,0.9999461104520938
1323.441425,0.999945622478511
1323.50169,0.999945038510438
1323.561955,0.999944307550882
1323.62222,0.9999433316057141
1323.682485,0.9999426006474059
1323.74275,0.9999417216982462
1323.803015,0.9999411367325102
1323.86328,0.9999407457556021
1323.923545,0.9999405017700899
1323.98381,0.9999405017700899
1324.044075,0.9999405987643233
1324.10434,0.9999410867354546
1324.164605,0.9999417216982462
1324.22487,0.9999422086699833
1324.285135,0.9999423056643822
1324.3454,0.999942452655912
1324.405665,0.999942452655912
1324.46593,0.999942452655912
1324.526195,0.999942356661441
1324.58646,0.9999417216982462
1324.646725,0.9999408937468434
1324.70699,0.9999399178050074
1324.767255,0.9999389428640628
1324.82752,0.9999377229392966
1324.887785,0.999936748000492
1324.94805,0.9999358690564769
1325.008315,0.9999353810878918
1325.06858,0.9999348941194798
1325.128845,0.9999346501353954
1325.18911,0.9999346501353954
1325.249375,0.9999347461291265
1325.30964,0.9999353810878918
1325.369905,0.9999362100346664
1325.43017,0.9999370879790442
1325.490435,0.9999379169272338
1325.5507,0.9999386478821182
1325.610965,0.9999390388582059
1325.67123,0.9999387948731102
1325.731495,0.9999383079030357
1325.79176,0.9999374799544595
1325.852025,0.9999362600314781
1325.91229,0.9999349441162257
1325.972555,0.999933578206025
1326.03282,0.9999321153042703
1326.093085,0.9999308963877647
1326.15335,0.999929920455686
1326.213615,0.9999291895071813
1326.27388,0.9999287985349447
1326.334145,0.9999285545523475
1326.39441,0.9999285545523475
1326.454675,0.9999285545523475
1326.51494,0.9999286505454934
1326.575205,0.9999291385107939
1326.63547,0.9999297734659985
1326.695735,0.999930261431847
1326.756,0.99993050441493
1326.816265,0.9999304084216062
1326.87653,0.999930261431847
1326.936795,0.9999297734659985
1326.99706,0.9999290415176723
1327.057325,0.999928066587332
1327.11759,0.9999269946650192
1327.177855,0.9999257757547556
1327.23812,0.9999247998276747
1327.298385,0.9999238249014701
1327.35865,0.9999231899500429
1327.418915,0.9999227019876453
1327.47918,0.9999227019876453
1327.539445,0.9999224580065358
1327.59971,0.9999224580065358
1327.659975,0.9999224580065358
1327.72024,0.9999227019876453
1327.780505,0.9999229459688144
1327.84077,0.9999231899500429
1327.901035,0.9999229459688144
1327.9613,0.9999224580065358
1328.021565,0.9999216300710834
1328.08183,0.9999206551479692
1328.142095,0.9999191912652017
1328.20236,0.9999173884125251
1328.262625,0.9999154375756034
1328.32289,0.9999137307214082
1328.383155,0.9999121208615978
1328.44342,0.9999109019694653
1328.503685,0.9999096820789091
1328.56395,0.9999087071674443
1328.624215,0.999907828248077
1328.68448,0.9999072443020758
1328.744745,0.9999068533384197
1328.80501,0.9999063653839944
1328.865275,0.999906121406871
1328.92554,0.9999058784297129
1328.985805,0.9999058784297129
1329.04607,0.999906121406871
1329.106335,0.9999060244159819
1329.1666,0.9999056344527084
1329.226865,0.9999050495080833
1329.28713,0.9999038306245709
1329.347395,0.9999023677663368
1329.40766,0.9999004169587202
1329.467925,0.9998984651550114
1329.52819,0.9998967553300978
1329.588455,0.9998951954923762
1329.64872,0.999893835635835
1329.708985,0.9998926157660997
1329.76925,0.9998913958978525
1329.829515,0.9998906659774
1329.88978,0.9998901760310936
1329.950045,0.999889786074001
1330.01031,0.9998894461115315
1330.070575,0.9998891961392012
1330.13084,0.999888956165823
1330.191105,0.9998885662092062
1330.25137,0.9998879862740059
1330.311635,0.9998870063842595
1330.3719,0.9998856865342822
1330.432165,0.99988398673006
1330.49243,0.9998821269475742
1330.552695,0.9998803271613655
1330.61296,0.9998784773844713
1330.673225,0.9998767675937369
1330.73349,0.9998753077747218
1330.793755,0.9998738379590997
1330.85402,0.9998728680819473
1330.914285,0.9998719881942105
1330.97455,0.9998711583008048
1331.034815,0.9998705283821734
1331.09508,0.9998700384457345
1331.155345,0.9998700384457345
1331.21561,0.9998700384457345
1331.275875,0.9998702784145725
1331.33614,0.9998705283821734
1331.396405,0.9998702784145725
1331.45667,0.9998694485225859
1331.516935,0.9998679887142568
1331.5772,0.9998659389869808
1331.637465,0.9998639892503007
1331.69773,0.9998617995505621
1331.757995,0.9998595998570227
1331.81826,0.9998572601882965
1331.878525,0.9998552104830141
1331.93879,0.9998533607525856
1331.999055,0.9998518009825594
1332.05932,0.9998504311865304
1332.119585,0.9998492113697485
1332.17985,0.9998479915544547
1332.240115,0.9998470217023733
1332.30038,0.9998461418373813
1332.360645,0.9998454119499641
1332.42091,0.9998449220258323
1332.481175,0.9998446820630799
1332.54144,0.9998440921548915
1332.601705,0.9998431223065924
1332.66197,0.9998416525382829
1332.722235,0.9998399528089184
1332.7825,0.9998381431002415
1332.842765,0.9998359534571059
1332.90303,0.9998335138603558
1332.963295,0.9998310742695582
1333.02356,0.9998288846419032
1333.083825,0.9998267850034501
1333.14409,0.999824975318607
1333.204355,0.9998233656016926
1333.26462,0.9998219058606443
1333.324885,0.9998206860786633
1333.38515,0.9998197162530682
1333.445415,0.9998189863849417
1333.50568,0.9998183465009952
1333.565945,0.9998180065628152
1333.62621,0.9998177666065224
1333.686475,0.9998172766959368
1333.74674,0.9998162968754857
1333.807005,0.9998148371447579
1333.86727,0.9998130374796708
1333.927535,0.9998110778480377
1333.9878,0.9998089882450687
1334.048065,0.999806788667714
1334.10833,0.9998044991127896
1334.168595,0.9998020595927879
1334.22886,0.9997996200787387
1334.289125,0.9997974305199683
1334.34939,0.9997954809168796
1334.409655,0.9997936212990146
1334.46992,0.9997921616013931
1334.530185,0.9997909418556999
1334.59045,0.9997900620400583
1334.650715,0.9997894821619905
1334.71098,0.9997889922652642
1334.771245,0.9997886023476332
1334.83151,0.9997881124513381
1334.891775,0.9997872826275491
1334.95204,0.9997860728856691
1335.012305,0.9997846032012222
1335.07257,0.9997825536448864
1335.132835,0.9997803641234915
1335.1931,0.9997778246845916
1335.253365,0.9997752452611315
1335.31363,0.9997730457580113
1335.373895,0.9997711961795875
1335.43416,0.9997694865723038
1335.494425,0.9997677869656213
1335.55469,0.9997663173080547
1335.614955,0.9997650975938915
1335.67522,0.9997639778576093
1335.735485,0.999763148053852
1335.79575,0.9997625182032671
1335.856015,0.9997620283197532
1335.91628,0.9997617883768952
1335.976545,0.999761448457945
1336.03681,0.9997608086108227
1336.097075,0.9997599788096959
1336.15734,0.9997587591032658
1336.217605,0.9997575393983237
1336.27787,0.9997561797289948
1336.338135,0.9997537403268922
1336.3984,0.9997527605687069
1336.458665,0.9997513009307419
1336.51893,0.9997488615405438
1336.579195,0.9997464221562976
1336.63946,0.9997464221562976
1336.699725,0.9997439927754435
1336.75999,0.9997439927754435
1336.820255,0.9997415534030771
1336.88052,0.9997415534030771
1336.940785,0.9997415534030771
1337.00105,0.9997415534030771
1337.061315,0.9997415534030771
1337.12158,0.9997415534030771
1337.181845,0.9997415534030771
1337.24211,0.9997405736568349
1337.302375,0.9997391140366628
1337.36264,0.9997391140366628
1337.422905,0.9997366746762006
1337.48317,0.9997342353216905
1337.543435,0.9997342353216905
1337.6037,0.9997317959731322
1337.663965,0.9997317959731322
1337.72423,0.9997293666278196
1337.784495,0.9997293666278196
1337.84476,0.9997269272911411
1337.905025,0.9997269272911411
1337.96529,0.9997269272911411
1338.025555,0.9997269272911411
1338.08582,0.9997269272911411
1338.146085,0.9997269272911411
1338.20635,0.9997269272911411
1338.266615,0.9997293666278196
1338.32688,0.9997293666278196
1338.387145,0.9997293666278196
1338.44741,0.9997293666278196
1338.507675,0.9997293666278196
1338.56794,0.9997293666278196
1338.628205,0.9997269272911411
1338.68847,0.9997269272911411
1338.748735,0.9997244879604145
1338.809,0.9997244879604145
1338.869265,0.9997220486356398
1338.92953,0.9997220486356398
1338.989795,0.9997220486356398
1339.05006,0.9997220486356398
1339.110325,0.9997220486356398
1339.17059,0.9997220486356398
1339.230855,0.9997244879604145
1339.29112,0.9997244879604145
1339.351385,0.9997244879604145
1339.41165,0.9997269272911411
1339.471915,0.9997293666278196
1339.53218,0.9997293666278196
1339.592445,0.9997293666278196
1339.65271,0.9997293666278196
1339.712975,0.9997293666278196
1339.77324,0.9997293666278196
1339.833505,0.9997293666278196
1339.89377,0.9997293666278196
1339.954035,0.9997293666278196
1340.0143,0.9997293666278196
1340.074565,0.9997293666278196
1340.13483,0.9997293666278196
1340.195095,0.9997293666278196
1340.25536,0.999730346363079
1340.315625,0.9997317959731322
1340.37589,0.9997317959731322
1340.436155,0.9997342353216905
1340.49642,0.9997342353216905
1340.556685,0.9997366746762006
1340.61695,0.9997366746762006
1340.677215,0.9997391140366628
1340.73748,0.9997415534030771
1340.797745,0.9997415534030771
1340.85801,0.9997439927754435
1340.918275,0.9997439927754435
1340.97854,0.9997439927754435
1341.038805,0.9997439927754435
1341.09907,0.9997439927754435
1341.159335,0.9997439927754435
1341.2196,0.9997439927754435
1341.279865,0.9997439927754435
1341.34013,0.9997464221562976
1341.400395,0.9997464221562976
1341.46066,0.9997488615405438
1341.520925,0.9997488615405438
1341.58119,0.9997513009307419
1341.641455,0.9997513009307419
1341.70172,0.9997537403268922
1341.761985,0.9997561797289948
1341.82225,0.9997577393498516
1341.882515,0.9997595489129975
1341.94278,0.9997611485295554
1342.003045,0.9997625182032671
1342.06331,0.9997633480065017
1342.123575,0.9997638378906621
1342.18384,0.9997642277986349
1342.244105,0.9997644677420785
1342.30437,0.9997648076620552
1342.364635,0.9997655374906312
1342.4249,0.999766517261338
1342.485165,0.9997677369772332
1342.54543,0.9997691966391947
1342.605695,0.9997709062459826
1342.66596,0.9997728558011507
1342.726225,0.9997749053376058
1342.78649,0.999777094847046
1342.846755,0.9997795343061336
1342.90702,0.9997819737711735
1342.967285,0.9997841632960935
1343.02755,0.9997863628236723
1343.087815,0.9997883124089806
1343.14808,0.9997901620190695
1343.208345,0.9997916317116878
1343.26861,0.9997928414602941
1343.328875,0.9997934813279175
1343.38914,0.9997938212577588
1343.449405,0.9997942111774252
1343.50967,0.9997945511075148
1343.569935,0.999795530906655
1343.6302,0.9997965007087903
1343.690465,0.9997980603925479
1343.75073,0.999799770048693
1343.810995,0.9998017196601454
1343.87126,0.9998039192263483
1343.931525,0.9998063587508873
1343.99179,0.9998090382355193
1344.052055,0.9998117177273323
1344.11232,0.9998143972263264
1344.172585,0.9998164968387651
1344.23285,0.9998182065264365
1344.293115,0.9998196662620836
1344.35338,0.9998208860428205
1344.413645,0.9998218558695503
1344.47391,0.9998227357131706
1344.534175,0.9998233256087588
1344.59444,0.9998240554800528
1344.654705,0.9998247853518797
1344.71497,0.9998255152242395
1344.775235,0.9998262450971319
1344.8355,0.9998272249273322
1344.895765,0.9998284447172907
1344.95603,0.9998299044678857
1345.016295,0.9998313642206118
1345.07656,0.9998330739337065
1345.136825,0.999834883633208
1345.19709,0.9998370732740008
1345.257355,0.9998390229581947
1345.31762,0.9998409726461904
1345.377885,0.9998428223537007
1345.43815,0.9998443921081641
1345.498415,0.9998456519128919
1345.55868,0.9998463818004841
1345.618945,0.9998466317621109
1345.67921,0.9998471216870805
1345.739475,0.999847601613814
1345.79974,0.999848191524073
1345.860005,0.9998488214286321
1345.92027,0.9998494113396107
1345.980535,0.9998501412299474
1346.0408,0.999851121083566
1346.101065,0.9998523309041544
1346.16133,0.9998538006881611
1346.221595,0.9998555004410671
1346.28186,0.999857550146944
1346.342125,0.9998597498359739
1346.40239,0.9998616995643871
1346.462655,0.9998635493102423
1346.52292,0.9998650191107401
1346.583185,0.9998664789147337
1346.64345,0.9998674487856886
1346.703715,0.9998680887010606
1346.76398,0.9998683286694307
1346.824245,0.9998683286694307
1346.88451,0.9998683286694307
1346.944775,0.9998684286562686
1347.00504,0.9998686686247202
1347.065305,0.999869058573577
1347.12557,0.9998695485095358
1347.185835,0.9998701384327434
1347.2461,0.9998708683382108
1347.306365,0.9998718382134235
1347.36663,0.9998731580451211
1347.426895,0.9998747678422014
1347.48716,0.9998763276480559
1347.547425,0.9998779374502393
1347.60769,0.9998794972610384
1347.667955,0.999880867096888
1347.72822,0.9998819869640863
1347.788485,0.9998827168782032
1347.84875,0.9998832068208544
1347.909015,0.9998834467928529
1347.96928,0.9998832068208544
1348.029545,0.999882956850084
1348.08981,0.9998827168782032
1348.150075,0.9998827168782032
1348.21034,0.999882956850084
1348.270605,0.9998835467812025
1348.33087,0.9998845166687134
1348.391135,0.9998854965560198
1348.4514,0.9998867164170697
1348.511665,0.9998879362796078
1348.57193,0.9998893961170605
1348.632195,0.9998908559566445
1348.69246,0.9998923257972832
1348.752725,0.9998937856411445
1348.81299,0.9998952454871372
1348.873255,0.9998964653600808
1348.93352,0.999897445259097
1348.993785,0.9998981751844984
1349.05405,0.9998985651448629
1349.114315,0.9998990550952798
1349.17458,0.9998990550952798
1349.234845,0.9998990550952798
1349.29511,0.9998988051205473
1349.355375,0.9998985651448629
1349.41564,0.9998983151702528
1349.475905,0.9998986651347244
1349.53617,0.9998992950710818
1349.596435,0.9999001249878411
1349.6567,0.9999010998909382
1349.716965,0.999902075794888
1349.77723,0.9999032946762613
1349.837495,0.9999045135591205
1349.89776,0.9999057334433711
1349.958025,0.9999068533384197
1350.01829,0.9999076832614524
1350.078555,0.9999080722256168
1350.13882,0.9999080722256168
1350.199085,0.999907828248077
1350.25935,0.9999075842705967
1350.319615,0.9999073412930832
1350.37988,0.9999070973157217
1350.440145,0.9999068533384197
1350.50041,0.9999068533384197
1350.560675,0.9999068533384197
1350.62094,0.9999069523292031
1350.681205,0.9999074402839149
1350.74147,0.9999081712165209
1350.801735,0.9999091471273722
1350.862,0.9999103660173655
1350.922265,0.9999115849088446
1350.98253,0.9999130477805633
1351.042795,0.9999145106544224
1351.10306,0.9999159735304216
1351.163325,0.9999171934286534
1351.22359,0.9999180693564985
1351.283855,0.9999186563085775
1351.34412,0.9999190442770914
1351.404385,0.9999190442770914
1351.46465,0.9999188012967931
1351.524915,0.9999183133365372
1351.58518,0.9999179703646145
1351.645445,0.9999175813965997
1351.70571,0.999917338416657
1351.765975,0.999917338416657
1351.82624,0.9999176813883629
1351.886505,0.9999184123284551
1351.94677,0.9999191442690009
1352.007035,0.9999201191906417
1352.0673,0.9999210941132333
1352.127565,0.9999223140177123
1352.18783,0.9999237769051277
1352.248095,0.9999249958129547
1352.30836,0.9999258717476347
1352.368625,0.9999263597115792
1352.42889,0.9999266036936407
1352.489155,0.9999268476757618
1352.54942,0.9999268476757618
1352.609685,0.9999266036936407
1352.66995,0.9999261157295771
1352.730215,0.9999258717476347
1352.79048,0.9999256277657518
1352.850745,0.9999256277657518
1352.91101,0.9999253847838537
1352.971275,0.9999254837764717
1353.03154,0.9999258717476347
1353.091805,0.9999263597115792
1353.15207,0.9999270916579424
1353.212335,0.9999278226049135
1353.2726,0.9999288975279006
1353.332865,0.999929872459051
1353.39313,0.9999310913743085
1353.453395,0.9999319683142601
1353.51366,0.9999325552744978
1353.573925,0.9999330422417707
1353.63419,0.9999334312157998
1353.694455,0.9999334312157998
1353.75472,0.9999331872320724
1353.814985,0.9999326992647961
1353.87525,0.9999322112977579
1353.935515,0.9999319683142601
1353.99578,0.9999317243308896
1354.056045,0.9999317243308896
1354.11631,0.9999317243308896
1354.176575,0.9999319683142601
1354.23684,0.9999324552812472
1354.297105,0.9999330422417707
1354.35737,0.9999340181768962
1354.417635,0.9999349931130392
1354.4779,0.9999362120345388
1354.538165,0.999937187972758
1354.59843,0.9999380639181183
1354.658695,0.9999386508819341
1354.71896,0.9999392828433612
1354.779225,0.9999397708138502
1354.83949,0.9999399148051876
1354.899755,0.9999396708198782
1354.96002,0.9999392828433612
1355.020285,0.9999387948731102
1355.08055,0.9999385518880126
1355.140815,0.9999385518880126
1355.20108,0.9999385518880126
1355.261345,0.9999387948731102
1355.32161,0.9999388948669947
1355.381875,0.9999393828372944
1355.44214,0.9999400147991842
1355.502405,0.9999408457496817
1355.56267,0.9999417216982462
1355.622935,0.9999427966361748
1355.6832,0.9999437715808768
1355.743465,0.9999447465265294
1355.80373,0.9999454784863517
1355.863995,0.9999461104520938
1355.92426,0.9999463544389746
1355.984525,0.9999462544443442
1356.04479,0.9999458664652727
1356.105055,0.999945622478511
1356.16532,0.9999453784918089
1356.225585,0.9999451355051114
1356.28585,0.9999450355106029
1356.346115,0.9999448915185282
1356.40638,0.9999449905130773
1356.466645,0.9999452344996848
1356.52691,0.999945622478511
1356.587175,0.99994621044671
1356.64744,0.9999469414076569
1356.707705,0.999947673369086
1356.76797,0.9999486483185427
1356.828235,0.999949867256688
1356.8885,0.9999508432082347
1356.948765,0.999951818160782
1357.00903,0.9999524501305309
1357.069295,0.9999526941189585
1357.12956,0.9999526941189585
1357.189825,0.9999522061421628
1357.25009,0.999951719165557
1357.310355,0.9999512311892371
1357.37062,0.9999509872011665
1357.430885,0.9999507432131554
1357.49115,0.9999504992252037
1357.551415,0.9999504992252037
1357.61168,0.9999508432082347
1357.671945,0.9999512311892371
1357.73221,0.9999514751773673
1357.792475,0.9999520621490555
1357.85274,0.9999527941142329
1357.913005,0.9999537690686825
1357.97327,0.9999549880130699
1358.033535,0.9999562079588994
1358.0938,0.9999570829209642
1358.154065,0.9999575709001397
1358.21433,0.9999580588795534
1358.274595,0.9999583018693912
1358.33486,0.9999580588795534
1358.395125,0.9999578148898168
1358.45539,0.9999575709001397
1358.515655,0.9999573269105222
1358.57592,0.9999573269105222
1358.636185,0.9999570829209642
1358.69645,0.9999570829209642
1358.756715,0.9999573269105222
1358.81698,0.9999575709001397
1358.877245,0.9999579148856033
1358.93751,0.9999584018652264
1358.997775,0.9999587898491616
1359.05804,0.9999593778251029
1359.118305,0.9999602527899413
1359.17857,0.9999610847572177
1359.238835,0.9999618157290379
1359.2991,0.9999622037142976
1359.359365,0.9999624477051051
1359.41963,0.9999624477051051
1359.479895,0.9999622037142976
1359.54016,0.9999619597235496
1359.600425,0.9999614727421938
1359.66069,0.9999609847611143
1359.720955,0.9999607407706638
1359.78122,0.9999602527899413
1359.841485,0.9999600087996694
1359.90175,0.9999597658094168
1359.962015,0.9999597658094168
1360.02228,0.9999602527899413
1360.082545,0.9999612287516243
1360.14281,0.999962303710523
1360.203075,0.9999632786742444
1360.26334,0.9999641546424601
1360.323605,0.9999649856130179
1360.38387,0.999965861582729
1360.444135,0.9999663495661886
1360.5044,0.999966592558041
1360.564665,0.9999666925547053
1360.62493,0.9999668365499194
1360.685195,0.999966592558041
1360.74546,0.9999663495661886
1360.805725,0.999966105574429
1360.86599,0.999965861582729
1360.926255,0.9999656175910886
1360.98652,0.9999656175910886
1361.046785,0.9999651296079862
1361.10705,0.9999648856165244
1361.167315,0.9999648856165244
1361.22758,0.9999653735995077
1361.287845,0.9999662055710445
1361.34811,0.9999671805385703
1361.408375,0.9999681565070148
1361.46864,0.9999688874840044
1361.528905,0.9999695194645409
1361.58917,0.9999700064498155
1361.649435,0.9999702504425269
1361.7097,0.9999704944352977
1361.769965,0.9999704944352977
1361.83023,0.9999702504425269
1361.890495,0.9999700064498155
1361.95076,0.9999695194645409
1362.011025,0.9999691754750855
1362.07129,0.9999687874871206
1362.131555,0.9999685434947663
1362.19182,0.9999686434916256
1362.252085,0.9999688874840044
1362.31235,0.999969275472008
1362.372615,0.9999696194614979
1362.43288,0.9999700064498155
1362.493145,0.9999704944352977
1362.55341,0.9999707384281281
1362.613675,0.9999709824210181
1362.67394,0.9999712264139675
1362.734205,0.9999714694070051
1362.79447,0.9999714694070051
1362.854735,0.9999714694070051
1362.915,0.9999714694070051
1362.975265,0.9999712264139675
1363.03553,0.9999711254168788
1363.095795,0.9999707384281281
1363.15606,0.9999702504425269
1363.216325,0.9999696624601925
1363.27659,0.9999687874871206
1363.336855,0.9999680565102042
1363.39712,0.9999678125180281
1363.457385,0.9999678125180281
1363.51765,0.9999681565070148
1363.577915,0.9999687874871206
1363.63818,0.999969275472008
1363.698445,0.9999697624571637
1363.75871,0.9999701074467913
1363.818975,0.9999704944352977
1363.87924,0.9999707384281281
1363.939505,0.9999712264139675
1363.99977,0.9999717134000734
1364.060035,0.9999719573932012
1364.1203,0.9999717134000734
1364.180565,0.9999713694098632
1364.24083,0.9999709824210181
1364.301095,0.9999706374310887
1364.36136,0.9999703944382533
1364.421625,0.9999700064498155
1364.48189,0.9999697624571637
1364.542155,0.9999695194645409
1364.60242,0.9999695194645409
1364.662685,0.9999696194614979
1364.72295,0.9999701074467913
1364.783215,0.999970838425207
1364.84348,0.9999714694070051
1364.903745,0.9999717134000734
1364.96401,0.9999717134000734
1365.024275,0.9999717134000734
1365.08454,0.9999719573932012
1365.144805,0.9999720583903741
1365.20507,0.9999722013863886
1365.265335,0.9999722013863886
1365.3256,0.9999722013863886
1365.385865,0.9999721003892014
1365.44613,0.9999719573932012
1365.506395,0.9999717134000734
1365.56666,0.9999717134000734
1365.626925,0.9999714694070051
1365.68719,0.9999713694098632
1365.747455,0.9999712264139675
1365.80772,0.9999712264139675
1365.867985,0.9999713264110952
1365.92825,0.9999717134000734
1365.988515,0.9999720583903741
1366.04878,0.9999722013863886
1366.109045,0.9999724453796355
1366.16931,0.9999722013863886
1366.229575,0.9999722013863886
1366.28984,0.9999722013863886
1366.350105,0.9999722013863886
1366.41037,0.9999722013863886
1366.470635,0.9999721003892014
1366.5309,0.9999719573932012
1366.591165,0.9999722013863886
1366.65143,0.9999722013863886
1366.711695,0.9999724453796355
1366.77196,0.9999725453768851
1366.832225,0.9999727893702159
1366.89249,0.999972933366308
1366.952755,0.9999731763597602
1367.01302,0.9999734203532451
1367.073285,0.9999737653441346
1367.13355,0.9999743963277796
1367.193815,0.9999749843128976
1367.25408,0.9999756352968242
1367.314345,0.9999760012879737
1367.37461,0.9999762592818153
1367.434875,0.9999764302777703
1367.49514,0.9999764932762873
1367.555405,0.9999764932762873
1367.61567,0.9999764932762873
1367.675935,0.9999764932762873
1367.7362,0.9999765422751368
1367.796465,0.9999765422751368
1367.85673,0.9999764832765224
1367.916995,0.9999763712791626
1367.97726,0.9999763572794935
1368.037525,0.99997647827664
1368.09779,0.999976566274574
1368.158055,0.9999765072759583
1368.21832,0.999976420278006
1368.278585,0.9999765132758174
1368.33885,0.9999767912693267
1368.399115,0.9999771812603514
1368.45938,0.9999774782536184
1368.519645,0.9999775662516402
1368.57991,0.9999774822535282
1368.640175,0.9999773952554911
1368.70044,0.9999773812558077
1368.760705,0.9999773952554911
1368.82097,0.9999773362568265
1368.881235,0.9999772632584836
1368.9415,0.9999772972577111
1369.001765,0.9999774642539337
1369.06203,0.9999777572473737
1369.122295,0.9999781432388625
1369.18256,0.9999785712295994
1369.242825,0.9999789032225401
1369.30309,0.9999790882186543
1369.363355,0.9999791852166307
1369.42362,0.9999793662128795
1369.483885,0.999979644207182
1369.54415,0.9999800001999987
1369.604415,0.9999802091958405
1369.66468,0.9999802141957416
1369.724945,0.9999800431991396
1369.78521,0.9999798722025668
1369.845475,0.9999798442031308
1369.90574,0.9999800001999987
1369.966005,0.9999802191956427
1370.02627,0.9999804531910413
1370.086535,0.9999806341875198
1370.1468,0.9999808391835708
1370.207065,0.9999811661773587
1370.26733,0.999981605169187
1370.327595,0.9999821171598999
1370.38786,0.9999826191510487
1370.448125,0.9999830831430916
1370.50839,0.9999835321355968
1370.568655,0.9999839711284637
1370.62892,0.999984351122445
1370.689185,0.9999846431179181
1370.74945,0.9999849011139893
1370.809715,0.9999851211106918
1370.86998,0.9999852571086775
1370.930245,0.999985345107384
1370.99051,0.9999853931066817
1371.050775,0.9999854521058217
1371.11104,0.9999855741040542
1371.171305,0.9999858141006208
1371.23157,0.9999861310961742
1371.291835,0.999986423092167
1371.3521,0.9999866570890175
1371.412365,0.9999868770861062
1371.47263,0.9999870960832562
1371.532895,0.9999873640798339
1371.59316,0.9999876670760511
1371.653425,0.9999880080719038
1371.71369,0.9999883400679775
1371.773955,0.9999886670642182
1371.83422,0.9999889490610621
1371.894485,0.9999891000594048
1371.95475,0.9999890410600496
1372.015015,0.9999888850617714
1372.07528,0.9999887480633035
1372.135545,0.9999886850640144
1372.19581,0.9999886610642862
1372.256075,0.9999886950639013
1372.31634,0.9999888760618715
1372.376605,0.9999893110571272
1372.43687,0.9999897540524901
1372.497135,0.999990046749534
1372.5574,0.9999902662473733
1372.617665,0.9999905202449332
1372.67793,0.9999909448409982
1372.738195,0.9999915646355779
1372.79846,0.9999921885305096
1372.858725,0.9999925584276886
1372.91899,0.9999925768275518
1372.979255,0.99999233712936
1373.03952,0.9999919957320343
1373.099785,0.9999916888345379
1373.16005,0.9999914206368029
1373.220315,0.9999912112386213
1373.28058,0.9999910405401362
1373.340845,0.9999910019404827
1373.40111,0.9999910019404827
1373.461375,0.9999911685389976
1373.52164,0.9999914468365785
1373.581905,0.999991822733434
1373.64217,0.9999922069303662
1373.702435,0.9999922354301445
1373.7627,0.9999920302317588
1373.822965,0.9999918798329688
1373.88323,0.9999920220318241
1373.943495,0.9999924324286342
1374.00376,0.9999929790246471
1374.064025,0.9999935541207747
1374.12429,0.9999939240184589
1374.184555,0.9999940155179071
1374.24482,0.9999937514195225
1374.305085,0.9999933023224296
1374.36535,0.9999928146258149
1374.425615,0.9999926113272963
1374.48588,0.9999926113272963
1374.546145,0.9999926113272963
1374.60641,0.9999926113272963
1374.666675,0.9999927047266106
1374.72694,0.9999930563241074
1374.787205,0.9999935054210899
1374.84747,0.9999940174178957
1374.907735,0.9999945295149631
1374.968,0.9999950660121721
1375.028265,0.9999955090100845
1375.08853,0.9999956838093148
1375.148795,0.9999955416099386
1375.20906,0.999995249011286
1375.269325,0.9999949808125962
1375.32959,0.9999947024140322
1375.389855,0.999994302116233
1375.45012,0.9999936234203305
1375.510385,0.9999929507248463
1375.57065,0.9999924000288799
1375.630915,0.9999920302317588
1375.69118,0.9999919773321818
1375.751445,0.9999919773321818
1375.81171,0.9999919773321818
1375.871975,0.9999919875321
1375.93224,0.9999921581307476
1375.992505,0.9999923288294236
1376.05277,0.9999925483277639
1376.113035,0.9999927779260793
1376.1733,0.9999930949238401
1376.233565,0.9999933876218619
1376.29383,0.9999935481208134
1376.354095,0.9999934689213276
1376.41436,0.9999932149230187
1376.474625,0.9999928491255676
1376.53489,0.9999924833282503
1376.595155,0.9999921663306833
1376.65542,0.9999919082327385
1376.715685,0.9999917822337661
1376.77595,0.9999917822337661
1376.836215,0.9999917822337661
1376.89648,0.9999917822337661
1376.956745,0.9999917822337661
1377.01701,0.9999917822337661
1377.077275,0.9999919245326068
1377.13754,0.9999923207294857
1377.197805,0.9999929548248173
1377.25807,0.9999935644207084
1377.318335,0.9999941395171726
1377.3786,0.9999945581148071
1377.438865,0.9999947186139466
1377.49913,0.9999947328138716
1377.559395,0.9999946251144447
1377.61966,0.9999943508159567
1377.679925,0.9999937939192578
1377.74019,0.9999930238243336
1377.800455,0.9999924345286183
1377.86072,0.9999921033311788
1377.920985,0.9999920748314043
1377.98125,0.9999920748314043
1378.041515,0.9999920748314043
1378.10178,0.9999920748314043
1378.162045,0.9999920748314043
1378.22231,0.9999921683306677
1378.282575,0.9999924468285254
1378.34284,0.9999929304249896
1378.403105,0.9999936925198922
1378.46337,0.9999945744147185
1378.523635,0.9999951535117443
1378.5839,0.9999952246114022
1378.644165,0.9999948872130704
1378.70443,0.9999943893157399
1378.764695,0.9999938874186819
1378.82496,0.999993340722173
1378.885225,0.9999926478270273
1378.94549,0.9999919610323127
1379.005755,0.9999915668355593
1379.06602,0.9999915384357992
1379.126285,0.9999915384357992
1379.18655,0.9999915384357992
1379.246815,0.9999915384357992
1379.30708,0.9999915384357992
1379.367345,0.9999915384357992
1379.42761,0.9999915384357992
1379.487875,0.9999917986336314
1379.54814,0.999992404228848
1379.608405,0.999993160123392
1379.66867,0.9999938815187179
1379.728935,0.9999943386160257
1379.7892,0.9999944056156487
1379.849465,0.9999941414171616
1379.90973,0.9999936333202674
1379.969995,0.9999930237243343
1380.03026,0.9999923063295965
1380.090525,0.9999917273342187
1380.15079,0.9999915384357992
1380.211055,0.9999915384357992
1380.27132,0.9999915384357992
1380.331585,0.9999915384357992
1380.39185,0.9999915384357992
1380.452115,0.9999915384357992
1380.51238,0.9999915384357992
1380.572645,0.9999916909345204
1380.63291,0.9999921502308096
1380.693175,0.9999926765268168
1380.75344,0.9999929975245174
1380.813705,0.9999931336235737
1380.87397,0.9999930298242918
1380.934235,0.999992702626626
1380.9945,0.9999922189302727
1381.054765,0.9999916093352018
1381.11503,0.9999908329420177
1381.175295,0.9999899310506922
1381.23556,0.9999893370568496
1381.295825,0.9999891970583522
1381.35609,0.9999891970583522
1381.416355,0.9999891970583522
1381.47662,0.9999891970583522
1381.536885,0.9999891970583522
1381.59715,0.9999891970583522
1381.657415,0.9999892180581256
1381.71768,0.999989639053675
1381.777945,0.9999903560465032
1381.83821,0.9999912299384572
1381.898475,0.9999922643299205
1381.95874,0.9999932680226599
1382.019005,0.9999939690181865
1382.07927,0.9999941720169827
1382.139535,0.9999938770187455
1382.1998,0.9999931392235353
1382.260065,0.9999921292309747
1382.32033,0.9999911011395951
1382.380595,0.9999904490456106
1382.44086,0.9999901484485268
1382.501125,0.9999901484485268
1382.56139,0.9999901484485268
1382.621655,0.9999901484485268
1382.68192,0.9999901484485268
1382.742185,0.9999901484485268
1382.80245,0.9999903010470351
1382.862715,0.999990677043459
1382.92298,0.9999912237385116
1382.983245,0.999991808933547
1383.04351,0.9999923006296403
1383.103775,0.9999927497262834
1383.16404,0.9999931541234331
1383.224305,0.9999933429221585
1383.28457,0.999993190323186
1383.344835,0.9999926231272093
1383.4051,0.9999918082335527
1383.465365,0.9999908572417953
1383.52563,0.9999901319486896
1383.585895,0.999989880051207
1383.64616,0.999989880051207
1383.706425,0.999989880051207
1383.76669,0.999989880051207
1383.826955,0.999989880051207
1383.88722,0.999989880051207
1383.947485,0.999989880051207
1384.00775,0.9999901406486037
1384.068015,0.9999907219430414
1384.12828,0.9999915368358128
1384.188545,0.9999922479300475
1384.24881,0.9999928819253336
1384.309075,0.9999932556227434
1384.36934,0.9999931069237573
1384.429605,0.999992310029568
1384.48987,0.9999910844397438
1384.550135,0.9999896940531067
1384.6104,0.9999882660688431
1384.670665,0.999987234081485
1384.73093,0.9999866790887241
1384.791195,0.9999866130896055
1384.85146,0.9999866130896055
1384.911725,0.9999866130896055
1384.97199,0.9999866130896055
1385.032255,0.9999866130896055
1385.09252,0.9999866130896055
1385.152785,0.999986897085844
1385.21305,0.999987528077775
1385.273315,0.9999884120671406
1385.33358,0.9999895580545175
1385.393845,0.9999907873424367
1385.45411,0.9999919720322243
1385.514375,0.9999926806267867
1385.57464,0.999992560127676
1385.634905,0.9999916798346128
1385.69517,0.9999904259458315
1385.755435,0.9999891330590456
1385.8157,0.999988112070662
1385.875965,0.9999876750759525
1385.93623,0.9999876610761251
1385.996495,0.9999876610761251
1386.05676,0.9999876610761251
1386.117025,0.9999876610761251
1386.17729,0.9999876610761251
1386.237555,0.9999876610761251
1386.29782,0.9999876610761251
1386.358085,0.9999879460726492
1386.41835,0.9999886350645814
1386.478615,0.9999897740522854
1386.53888,0.9999913996369834
1386.599145,0.9999933645220149
1386.65941,0.9999945890146394
1386.719675,0.9999946186144797
1386.77994,0.9999936792199762
1386.840205,0.9999922585299653
1386.90047,0.9999907325429431
1386.960735,0.9999894810553245
1387.021,0.9999887420633711
1387.081265,0.9999885880651166
1387.14153,0.9999885880651166
1387.201795,0.9999885880651166
1387.26206,0.9999885880651166
1387.322325,0.9999885880651166
1387.38259,0.9999885880651166
1387.442855,0.9999885880651166
1387.50312,0.9999885880651166
1387.563385,0.9999885880651166
1387.62365,0.9999889280612944
1387.683915,0.9999901253487546
1387.74418,0.9999915294358754
1387.804445,0.9999925163280028
1387.86471,0.9999927230264773
1387.924975,0.9999922083303552
1387.98524,0.999991226538487
1388.045505,0.9999899030509746
1388.10577,0.9999883770675468
1388.166035,0.9999872720810007
1388.2263,0.9999867380879399
1388.286565,0.9999867100883116
1388.34683,0.9999867100883116
1388.407095,0.9999867100883116
1388.46736,0.9999867100883116
1388.527625,0.9999867100883116
1388.58789,0.9999867100883116
1388.648155,0.9999867200881788
1388.70842,0.9999871380827152
1388.768685,0.9999878200741759
1388.82895,0.9999884680664932
1388.889215,0.9999890090604008
1388.94948,0.9999893050571913
1389.009745,0.9999892850574054
1389.07001,0.9999888780618492
1389.130275,0.9999880560713292
1389.19054,0.9999868060870404
1389.250805,0.9999852601086333
1389.31107,0.9999839801283195
1389.371335,0.9999833491386271
1389.4316,0.9999832721399122
1389.491865,0.9999832721399122
1389.55213,0.9999832721399122
1389.612395,0.9999832721399122
1389.67266,0.9999832721399122
1389.732925,0.9999833271389937
1389.79319,0.9999839051295238
1389.853455,0.9999850191122146
1389.91372,0.9999866000897796
1389.973985,0.9999879830722038
1390.03425,0.9999890260602141
1390.094515,0.9999897610524184
1390.15478,0.9999901831481856
1390.215045,0.9999900932490722
1390.27531,0.9999893970562116
1390.335575,0.9999881230705313
1390.39584,0.9999864930912191
1390.456105,0.9999850571116461
1390.51637,0.9999843631222572
1390.576635,0.9999843201229306
1390.6369,0.9999843201229306
1390.697165,0.9999843201229306
1390.75743,0.9999843201229306
1390.817695,0.9999843201229306
1390.87796,0.9999843201229306
1390.938225,0.9999844591207607
1390.99849,0.9999851831097712
1391.058755,0.999986370092888
1391.11902,0.9999875140779497
1391.179285,0.9999882630688783
1391.23955,0.999988706063777
1391.299815,0.9999887970627533
1391.36008,0.9999883310680825
1391.420345,0.9999872450813446
1391.48061,0.9999856391031187
1391.540875,0.9999838241308308
1391.60114,0.9999823401559369
1391.661405,0.9999814161726814
1391.72167,0.9999809591812787
1391.781935,0.9999809311818122
1391.8422,0.9999809311818122
1391.902465,0.9999809311818122
1391.96273,0.9999809311818122
1392.022995,0.9999809311818122
1392.08326,0.9999809861807649
1392.143525,0.9999817661662384
1392.20379,0.9999832211407667
1392.264055,0.9999851891096824
1392.32432,0.9999873730797202
1392.384585,0.999989220058104
1392.44485,0.9999906070441141
1392.505115,0.9999912073386557
1392.56538,0.9999907487427931
1392.625645,0.9999893700564982
1392.68591,0.9999875800771278
1392.746175,0.9999858441001956
1392.80644,0.9999847081169221
1392.866705,0.9999844911202639
1392.92697,0.9999844911202639
1392.987235,0.9999844911202639
1393.0475,0.9999844911202639
1393.107765,0.9999844911202639
1393.16803,0.9999844911202639
1393.228295,0.9999844911202639
1393.28856,0.9999845011201088
1393.348825,0.9999850271120948
1393.40909,0.9999862240948887
1393.469355,0.999987879073459
1393.52962,0.9999894330558305
1393.589885,0.9999905761444048
1393.65015,0.9999910610399527
1393.710415,0.9999907205430544
1393.77068,0.9999894920552088
1393.830945,0.9999875480775259
1393.89121,0.9999854091064482
1393.951475,0.9999839841282554
1394.01174,0.9999832901396113
1394.072005,0.9999832231407331
1394.13227,0.9999832231407331
1394.192535,0.9999832231407331
1394.2528,0.9999832231407331
1394.313065,0.9999832231407331
1394.37333,0.9999832231407331
1394.433595,0.9999832231407331
1394.49386,0.9999834351371989
1394.554125,0.9999842631238259
1394.61439,0.9999854721055309
1394.674655,0.9999866320893513
1394.73492,0.9999876360764339
1394.795185,0.9999882770687141
1394.85545,0.9999882640688665
1394.915715,0.9999874010793671
1394.97598,0.9999858481001391
1395.036245,0.9999840681269136
1395.09651,0.999982618151066
1395.156775,0.9999818751642569
1395.21704,0.9999817111672428
1395.277305,0.9999817111672428
1395.33757,0.9999817111672428
1395.397835,0.9999817111672428
1395.4581,0.9999817111672428
1395.518365,0.9999817111672428
1395.57863,0.9999818151653461
1395.638895,0.9999825951514661
1395.69916,0.9999841101262453
1395.759425,0.999986095096674
1395.81969,0.9999877610748963
1395.879955,0.9999887960627646
1395.94022,0.9999889960605438
1396.000485,0.9999881330704126
1396.06075,0.999986423092167
1396.121015,0.999984399121695
1396.18128,0.9999825071530016
1396.241545,0.9999808551832643
1396.30181,0.9999797712046048
1396.362075,0.9999792762147406
1396.42234,0.9999792482153212
1396.482605,0.9999792482153212
1396.54287,0.9999792482153212
1396.603135,0.9999792482153212
1396.6634,0.9999792482153212
1396.723665,0.9999792482153212
1396.78393,0.999979446211232
1396.844195,0.999980480190514
1396.90446,0.9999824101547031
1396.964725,0.9999845001201244
1397.02499,0.9999861070965073
1397.085255,0.9999868530864214
1397.14552,0.9999866480891375
1397.205785,0.9999855861038812
1397.26605,0.9999840391273761
1397.326315,0.9999823571556368
1397.38658,0.9999807471853378
1397.446845,0.9999795562089772
1397.50711,0.9999788652233426
1397.567375,0.9999785902291924
1397.62764,0.9999785902291924
1397.687905,0.9999785902291924
1397.74817,0.9999785902291924
1397.808435,0.9999785902291924
1397.8687,0.9999785902291924
1397.928965,0.9999788722231946
1397.98923,0.9999801841963356
1398.049495,0.9999822881568565
1398.10976,0.9999844231213209
1398.170025,0.9999862600943934
1398.23029,0.9999874900782497
1398.290555,0.9999876090767681
1398.35082,0.9999862760941737
1398.411085,0.9999840401273601
1398.47135,0.9999817301668954
1398.531615,0.999979918201642
1398.59188,0.9999786532278456
1398.652145,0.9999780672405265
1398.71241,0.9999780532408337
1398.772675,0.9999780532408337
1398.83294,0.9999780532408337
1398.893205,0.9999780532408337
1398.95347,0.9999780532408337
1399.013735,0.9999778132461297
1399.074,0.999977002264452
1399.134265,0.9999765942739183
1399.19453,0.9999767052713264
1399.254795,0.9999777252480859
1399.31506,0.9999802111958009
1399.375325,0.9999842521239991
1399.43559,0.9999889580609627
1399.495855,0.9999932502227799
1399.55612,0.9999965115060848
1399.616385,0.9999985919009914
1399.67665,0.9999991379003716
1399.736915,0.9999989547005463
1399.79718,0.999998672600881
1399.857445,0.9999981837016495
1399.91771,0.9999971235041372
1399.977975,0.9999945594148001
