nu,[0]Dinitrogenpentoxide-HITRAN(x-sec)-X=0.01-T=205.44K-P=0.0atm-L=15cm
540,0.9999431736146802
540.119602,0.9999929199250639
540.239204,0.999907629266439
540.358806,0.9998656490259006
540.478408,0.9999899430505714
540.59801,0.9998656390272441
540.717612,0.9998772875297912
540.837214,0.9999586978529572
540.956816,0.9999561829599946
541.076418,0.9998998450158454
541.19602,0.9999026467391363
541.315622,0.9999728153695088
541.435224,0.9999524241317675
541.554826,0.9999933809219061
541.674428,0.99999133283756
541.79403,0.9997675570190567
541.913632,0.9999744543262963
542.033234,0.9998828668606219
542.152836,0.9999932774225966
542.272438,0.9998512610627327
542.39204,0.9999689294826986
542.511642,0.9999837851314624
542.631244,0.9998719481993318
542.750846,1.0
542.870448,0.9999253657852716
542.99005,0.9999278636019551
543.109652,0.9998583400347205
543.229254,0.999794631091082
543.348856,0.999997128404123
543.468458,0.9999304344197972
543.58806,1.0
543.707662,0.9999501162442359
543.827264,0.9998291545957385
543.946866,0.9999400327981045
544.066468,0.99999720000392
544.18607,0.999908153218174
544.305672,0.9998167367947531
544.425274,0.9999297824653665
544.544876,0.9999322172973512
544.664478,0.9999569269276715
544.78408,0.9999827091494885
544.903682,0.9998702484184647
545.023284,0.9999753183045981
545.142886,0.9998574901554927
545.262488,0.9999903181468695
545.38209,0.9999109349665256
545.501692,0.9999497742613547
545.621294,0.9999477513650075
545.740896,0.999909416102969
545.860498,0.9999227369849405
545.9801,0.9998858865114395
546.099702,0.9999969511046479
546.219304,0.9999020777946922
546.338906,0.9999339851790742
546.458508,0.9998279148083555
546.57811,0.9999185823145996
546.697712,0.9999513361841219
546.817314,0.9999823171563433
546.936916,0.9999235759204688
547.056518,0.9999512211897249
547.17612,0.9998540006589413
547.295722,0.9999213100962129
547.415324,0.9999591638338189
547.534926,0.9999938867186862
547.654528,0.9998089282565311
547.77413,0.9999394808313588
547.893732,1.0
548.013334,0.9999714494075759
548.132936,0.9998686786234069
548.252538,0.9998126275564094
548.37214,0.9999598178073259
548.491742,0.9999663655656502
548.611344,0.9999300234484731
548.730946,0.9999770192640611
548.850548,0.9998854365628919
548.97015,0.9998182265228008
549.089752,0.9998747678422014
549.209354,0.9999727693707603
549.328956,0.9999693454698597
549.448558,0.9999419346858556
549.56816,0.9999327342624412
549.687762,0.9999467594173301
549.807364,0.999918885289976
549.926966,0.9999156695560119
550.046568,0.9998517809855236
550.16617,0.9999778312457305
550.285772,0.9999393748377794
550.405374,0.9999095490909302
550.524976,0.9999940984174144
550.644578,0.9999323782864511
550.76418,0.9999092021223768
550.883782,0.9999201411888846
551.003384,0.999815617000635
551.122986,0.9999636136619988
551.242588,0.9998867164170697
551.36219,0.9999407737539434
551.481792,0.9999753363041539
551.601394,0.9998706383679375
551.720996,0.9999667495528084
551.840598,0.9999096330833358
551.9602,0.9998545405802474
552.079802,0.9998646491607515
552.199404,0.9998977852242862
552.319006,0.9999409947408788
552.438608,0.9999085271838932
552.55821,0.9999764432774639
552.677812,0.9999078792433775
552.797414,1.0
552.917016,0.9999668295501516
553.036618,0.9998874663323882
553.15622,0.9999451845024243
553.275822,0.9998053289508682
553.395424,0.999933510210544
553.515026,0.999922215025408
553.634628,0.9998894361126371
553.75423,0.9998827168782032
553.873832,0.99993694198824
553.993434,0.9998997050298768
554.113036,0.9999550990080797
554.232638,0.9999314243514172
554.35224,0.9998319541212907
554.471842,0.9998890261580524
554.591444,0.9998879062829702
554.711046,0.9999570729213934
554.830648,0.999959506819871
554.95025,0.9999304724171544
555.069852,0.9999575499010309
555.189454,0.9999185253192421
555.309056,0.9998903660102452
555.428658,0.9999663445663568
555.54826,0.9998814270303303
555.667862,0.9999858231004932
555.787464,0.9998523808967722
555.907066,0.9998971852857951
556.026668,0.999998548101054
556.14627,0.9999757012952183
556.265872,0.9998019696106066
556.385474,0.9999694164676858
556.505076,0.9999007619244236
556.624678,0.9999371649742029
556.74428,0.9998508111297665
556.863882,0.9999545950308368
556.983484,0.9998654490527907
557.103086,0.9998886462002946
557.222688,0.9999619397243107
557.34229,0.9999273436396012
557.461892,0.9999912303384537
557.581494,0.9999209171272152
557.701096,0.9998379331342536
557.820698,0.9999555429882422
557.9403,0.9999354060862767
558.059902,0.9999557249801676
558.179504,0.9999484453289877
558.299106,0.9999400147991842
558.418708,1.0
558.53831,0.9999482803375078
558.657912,0.9998893561214854
558.777514,0.9999283855644361
558.897116,0.9998650990999448
559.016718,0.9999196032319934
559.13632,0.9999507542126136
559.255922,0.9999163524986473
559.375524,0.999852540873166
559.495126,0.9999410837356313
559.614728,0.9998095081458777
559.73433,0.9999463014418192
559.853932,0.9998991750831736
559.973534,0.9999386468821795
560.093136,0.9999065093705213
560.212738,0.9998043391440825
560.33234,0.9999154185772102
560.451942,0.9999336512011789
560.571544,0.9999449045178118
560.691146,0.9999441835577956
560.810748,0.9999842121246298
560.93035,0.9999052554885447
561.049952,0.9999048995223372
561.169554,0.9999087911597792
561.289156,0.9999570739213505
561.408758,0.9999258847466711
561.52836,0.9998173366849752
561.647962,0.9998835867765452
561.767564,0.9998879062829702
561.887166,0.9998977752253084
562.006768,0.999789792096778
562.12637,0.9999100490458297
562.245972,0.9998457119036327
562.365574,0.9998438321954612
562.485176,0.9999319293169141
562.604778,0.9999614147444301
562.72438,0.9999978937022183
562.843982,0.9999189252867322
562.963584,0.9999556619829589
563.083186,0.9999806621869779
563.202788,0.9999112419392298
563.32239,0.9997690666692076
563.441992,0.999876177666618
563.561594,0.9999284145623597
563.681196,0.9998284647138599
563.800798,0.9999026987340752
563.9204,0.9999130677788245
564.040002,0.9997943411506811
564.159604,0.9998660489722402
564.279206,0.9998522409174487
564.398808,0.9998994250579987
564.51841,0.999906557366035
564.638012,0.999845961865092
564.757614,0.9999755632985811
564.877216,0.999891315906544
564.996818,0.9999182013456924
565.11642,0.9998730280616189
565.236022,0.9999354310846621
565.355624,0.9999134477458624
565.475226,0.9999005849420044
565.594828,0.9998141572708998
565.71443,0.9999950251123748
565.834032,0.9999095290927393
565.953634,0.9998525008790651
566.073236,0.9999300314479134
566.192838,0.9998591899146708
566.31244,0.999825985142342
566.432042,0.9997933513547733
566.551644,0.9998586899852008
566.671246,0.9999052504890185
566.790848,0.9997946010972436
566.91045,0.9998817569912557
567.030052,0.9998543206122726
567.149654,0.9998547105555338
567.269256,0.9999265406982667
567.388858,0.9998955354568004
567.50846,0.9998631093703774
567.628062,0.999879537256219
567.747664,0.999923337938686
567.867266,0.9998460718481538
567.986868,0.9998838967405052
568.10647,0.9998548005424618
568.226072,0.9998708383420852
568.345674,0.9998986651347244
568.465276,0.9998243654255581
568.584878,0.9998472116733255
568.70448,0.9998836067742172
568.824082,0.9998141772671831
568.943684,0.9998570602168644
569.063286,0.99985531046854
569.182888,0.9998996750328861
569.30249,0.9998346136778259
569.422092,0.9998836667672354
569.541694,0.9998664489187398
569.661296,0.9998584700163132
569.780898,0.9998790473153658
569.9005,0.9999295064847846
570.020102,0.9998379831261515
570.139704,0.9998924857800681
570.259306,0.9998067486754433
570.378908,0.9998465217789874
570.49851,0.9998593798879349
570.618112,0.9999001419861434
570.737714,0.9997922615806143
570.857316,0.9998009898051565
570.976918,0.9998371932544569
571.09652,0.9998648091391081
571.216122,0.9997796442818884
571.335724,0.9998815670137399
571.455326,0.9998633093430193
571.574928,0.9997856429777502
571.69453,0.9998480015529346
571.814132,0.9997816638388096
571.933734,0.9998732580324419
572.053336,0.99980277945053
572.172938,0.9997784645426042
572.29254,0.9998428023568445
572.412142,0.9998291146025732
572.531744,0.9998288246521719
572.651346,0.9996729634881021
572.770948,0.999813877322975
572.89055,0.9998825568969812
573.010152,0.9998060988012679
573.129754,0.9997875225765258
573.249356,0.9998506711506627
573.368958,0.9998179265773779
573.48856,0.9998403427465761
573.608162,0.9998098680773654
573.727764,0.9998168467746003
573.847366,0.999829484539414
573.966968,0.9997536903392065
574.08657,0.9997664172846914
574.206172,0.9997743654593028
574.325774,0.9998260651284241
574.445376,0.9998029094248998
574.564978,0.9997716460767271
574.68458,0.9998367233310864
574.804182,0.9998168167800953
574.923784,0.9997569795342585
575.043386,0.9997790644098629
575.162988,0.9997698964778773
575.28259,0.9997661873384418
575.402192,0.9998272649204221
575.521794,0.9998284247207221
575.641396,0.9998243054360979
575.760998,0.9997701464203826
575.8806,0.999821455940888
576.000202,0.9998591099259388
576.119804,0.9998060288148434
576.239406,0.9997928214644375
576.359008,0.9997749053376058
576.47861,0.9998104579653616
576.598212,0.9998040891930289
576.717814,0.9997400237996705
576.837416,0.999730236392747
576.957018,0.9997205390564862
577.07662,0.9997934613320479
577.196222,0.9998147071688375
577.315824,0.9997296965385651
577.435426,0.9997313460939253
577.555028,0.999839962807318
577.67463,0.9997510509929479
577.794232,0.9998192063451429
577.913834,0.9997387141410973
578.033436,0.9997264674168603
578.153038,0.999795780855569
578.27264,0.9997701864111893
578.392242,0.9998594798738779
578.511844,0.999772585862516
578.631446,0.9998039292243874
578.751048,0.999746192214647
578.87065,0.999776305023453
578.990252,0.9998261151197285
579.109854,0.9997535003860234
579.229456,0.9998120576633741
579.349058,0.9998167667892557
579.46866,0.9997934913258523
579.588262,0.9998228956848212
579.707864,0.99982646505893
579.827466,0.9998177666065224
579.947068,0.9998139173155308
580.06667,0.9998015296978368
580.186272,0.9997863428279452
580.305874,0.9998026394781506
580.425476,0.9997722059490056
580.545078,0.9998056888808514
580.66468,0.9998167467929205
580.784282,0.9997357449215255
580.903884,0.9997897321093923
581.023486,0.9998431323050238
581.143088,0.9997123813701708
581.26269,0.9998709183317556
581.382292,0.999833783815441
581.501894,0.9998167967837591
581.621496,0.9998196262692978
581.741098,0.9997507310726628
581.8607,0.9997497113274372
581.980302,0.9997677569725881
582.099904,0.9997600587904975
582.219506,0.9997895821409437
582.339108,0.9997739055632003
582.45871,0.9997695065676937
582.578312,0.9998006898649046
582.697914,0.9997258475866426
582.817516,0.9998149871169947
582.937118,0.9997033939962606
583.05672,0.9997769748738018
583.176322,0.9998023595334508
583.295924,0.9997873326169145
583.415526,0.9997503811599682
583.535128,0.9996986554134035
583.65473,0.9998201161810346
583.774332,0.9998058388517159
583.893934,0.9998317941481909
584.013536,0.9997589290622693
584.133138,0.9997562597094923
584.25274,0.9997715960881459
584.372342,0.9997966606762432
584.491944,0.9998502412149666
584.611546,0.9997643677656367
584.731148,0.9998008598310363
584.85075,0.9997467120828021
584.970352,0.9998124975807763
585.089954,0.9997831335189357
585.209556,0.9997956008923445
585.329158,0.9997621282959611
585.44876,0.9997531504723595
585.568362,0.9998172467014189
585.687964,0.9997763650100332
585.807566,0.9997983003441112
585.927168,0.9998552404786708
586.04677,0.9998446520677399
586.166372,0.9998809370885511
586.285974,0.9998006398748713
586.405576,0.9997935813072706
586.525178,0.9997831635124301
586.64478,0.9997832234994217
586.764382,0.9998022495551973
586.883984,0.9997708962482736
587.003586,0.9998164968387651
587.123188,0.9997902819938961
587.24279,0.9997877725234376
587.362392,0.9997472519461723
587.481994,0.9998061087993289
587.601596,0.9998208060571528
587.721198,0.9997857529541769
587.8408,0.9998414825652164
587.960402,0.9998218358731135
588.080004,0.9998222358019278
588.199606,0.999843382265838
588.319208,0.999843382265838
588.43881,0.9998211559944962
588.558412,0.9998527508422216
588.678014,0.9998068286599864
588.797616,0.9998302244135063
588.917218,0.9998184864755735
589.03682,0.9998445120894983
589.156422,0.9998635293129715
589.276024,0.9998722281635165
589.395626,0.9998762576567154
589.515228,0.9997908618724278
589.63483,0.9998402627593518
589.754432,0.9998924057886723
589.874034,0.9997906219226498
589.993636,0.9998633293402857
590.113238,0.9998434422564427
590.23284,0.9998292645769515
590.352442,0.9998448920304851
590.472044,0.9998460518512325
590.591646,0.9998129175021134
590.711248,0.9998526208613724
590.83085,0.9999083941960679
590.950452,0.9998829768477433
591.070054,0.9999474953784159
591.189656,0.9998994850519659
591.309258,0.9997789944253308
591.42886,0.9998930257221561
591.548462,0.999848341501313
591.668064,0.9998646691580446
591.787666,0.9998386630162112
591.907268,0.9998831368290324
592.02687,0.9998724281379822
592.146472,0.9999170754384316
592.266074,0.9999232859426738
592.385676,0.999889806071797
592.505278,0.9998730880540024
592.62488,0.9998707283562991
592.744482,0.9997976804693572
592.864084,0.9999516931668126
592.983686,0.9998605597226993
593.103288,0.9998851965904159
593.22289,0.9999175793967645
593.342492,0.9999104900062585
593.462094,0.9998808570980794
593.581696,0.9999408057520487
593.701298,0.9998659689829594
593.8209,0.9998655190433746
593.940502,0.9998895261026904
594.060104,0.999875197788444
594.179706,0.9999340341758407
594.299308,0.9999594578218564
594.41891,0.9998540906458053
594.538512,0.9999278366039032
594.658114,0.9998556104251782
594.777716,0.99989693531153
594.897318,0.999925540772226
595.01692,0.9999273006427264
595.136522,0.9999686244922216
595.256124,0.9998947155427975
595.375726,0.9999592658296589
595.495328,0.9998843266906732
595.61493,0.9998356835014349
595.734532,0.9999263927091496
595.854134,0.9999357380648867
595.973736,0.9999233489378427
596.093338,0.9999149526167338
596.21294,0.9999739103403411
596.332542,0.9999280005920818
596.452144,0.9999179543659271
596.571746,0.9998798972129173
596.691348,0.9999119368777845
596.81095,0.9998745978635053
596.930552,0.9999104290117206
597.050154,0.9998954854620249
597.169756,0.9999120508677517
597.289358,0.9999672375367012
597.40896,0.9999160615230311
597.528562,0.9999333792192627
597.648164,0.999922332016314
597.767766,0.9999408157514568
597.887368,0.999943577591804
598.00697,0.9999289235260522
598.126572,0.999916556481604
598.246174,0.9999382359074801
598.365776,0.999936853993793
598.485378,0.9999291015134165
598.60498,0.9998923157983599
598.724582,0.9999172104272458
598.844184,0.999901845817437
598.963786,0.9999182743397237
599.083388,0.9998833268068464
599.20299,0.9999203161749246
599.322592,0.999996405306461
599.442194,0.9999362620313507
599.561796,0.999890785964287
599.681398,0.9998988351175119
599.801,0.9999174604065797
599.920602,0.9999544520373399
600.040204,0.999878057435599
600.159806,0.9998929357317878
600.279408,0.9999107089866799
600.39901,0.9999339651803947
600.518612,0.9998556104251782
600.638214,0.9999027267313513
600.757816,0.9999187762988234
600.877418,0.9998879262807285
600.99702,0.9998892761303402
601.116622,0.9999803661927457
601.236224,0.9998944855670394
601.355826,0.9999943213161238
601.475428,0.9999508322087755
601.59503,0.9999545900310639
601.714632,0.9999603907844657
601.834234,0.9999643746345984
601.953836,0.9999630726818302
602.073438,0.9999725303772969
602.19304,0.9998689085932295
602.312642,0.9999971646040198
602.432244,0.9999350191113494
602.551846,0.9998141472727583
602.671448,0.9999418876885858
602.79105,0.9998504511835392
602.910652,0.9999420906768096
603.030254,0.9998867164170697
603.149856,0.9999240678829892
603.269458,0.9998709483278835
603.38906,0.999934834123388
603.508662,0.9999525791244053
603.628264,0.9998904060058605
603.747866,0.9999821581591676
603.867468,1.0
603.98707,0.9999253797842268
604.106672,0.9999250368098803
604.226274,0.9999678645163557
604.345876,0.9999911096395195
604.465478,0.9998888361791555
604.58508,0.999969835454959
604.704682,0.9999148996212427
604.824284,0.9999148406262653
604.943886,0.9998834867881915
605.063488,0.9999239268937055
605.18309,0.9999515641730525
605.302692,0.9998786773601868
605.422294,0.9999300364475635
605.541896,0.999943798579359
605.661498,0.9999717793982087
605.7811,0.9998612396281111
605.900702,0.9998866364261356
606.020304,0.9998903660102452
606.139906,0.9999749503137486
606.259508,0.999936961986979
606.37911,0.9998958754213403
606.498712,0.9999358110601981
606.618314,0.9999777452476407
606.737916,0.9999571489181338
606.857518,0.9999097480729502
606.97712,0.9999493842810188
607.096722,0.9998960354046932
607.216324,0.999912610818657
607.335926,0.9998645091797104
607.455528,0.9999331092372868
607.57513,0.9999298534603835
607.694732,0.9999107939790938
607.814334,0.9998960754005354
607.933936,0.9999080282296626
608.053538,0.9999312613626085
608.17314,0.9998753277722282
608.292742,0.9999384858920704
608.412344,0.999971744399197
608.531946,0.9999570199236699
608.651548,0.9999295354827408
608.77115,0.9998973652673045
608.890752,0.9999456294781304
609.010354,0.9999408967466661
609.129956,0.999968181506219
609.249558,0.9999340401754448
609.36916,0.9999879030731684
609.488762,0.9999868770861062
609.608364,0.9998952454871372
609.727966,0.9999674615293875
609.847568,0.9999009049102427
609.96717,0.9999359690500688
610.086772,0.9999248728221878
610.206374,0.9999592378307998
610.325976,0.9999951161119263
610.445578,0.9998869363921715
610.56518,0.9999029887059
610.684782,0.9999447995236024
610.804384,0.9999360470450774
610.923986,0.9999245398472606
611.043588,0.9998834767893567
611.16319,0.9998893861181666
611.282792,0.9998456819082618
611.402394,0.9999387278772132
611.521996,0.9999187193034548
611.641598,0.9999531520973972
611.7612,0.9999853341075452
611.880802,0.9999036866384297
612.000404,0.9999969739045786
612.120006,0.9999522671392492
612.239608,0.9999113539292951
612.35921,0.9999885130659754
612.478812,0.9999148566249029
612.598414,0.9999141576846624
612.718016,0.9999878540737623
612.837618,0.9999077492553616
612.95722,0.9999474673798864
613.076822,0.9999579668834162
613.196424,0.9999315473429901
613.316026,0.9999132967589432
613.435628,0.9999589738415958
613.55523,0.999922514002195
613.674832,0.9999056384523309
613.794434,0.999924649838966
613.914036,0.9999602087916911
614.033638,0.9999192192629395
614.15324,0.9999360170469964
614.272842,0.9999091611261004
614.392444,0.9999508472080381
614.512046,0.9999313673553277
614.631648,0.9999180083614981
614.75125,0.9999980258019487
614.870852,0.999926512700324
614.990454,0.9999581998736496
615.110056,0.9999402887827857
615.229658,0.9999994548201486
615.34926,0.9999116279050436
615.468862,0.9999979186021661
615.588464,0.9999400937944484
615.708066,0.9999170144434918
615.827668,0.9999864640916112
615.94727,0.9998714982570563
616.066872,0.9998857865228559
616.186474,0.999943453598808
616.306076,0.9999398868068704
616.425678,0.9999992699302666
616.54528,0.9999851741099046
616.664882,0.9999866820886841
616.784484,0.9999288535310301
616.904086,0.9999918004336166
617.023688,0.9999507002152743
617.14329,0.9999171844293987
617.262892,0.999953518080318
617.382494,0.9998851565950088
617.502096,0.9998670188427781
617.621698,0.9998887061936153
617.7413,0.9999704474366856
617.860902,0.9999145016551918
617.980504,0.9999226469918983
618.100106,0.9999414637133153
618.219708,0.9999111229497991
618.33931,0.9999454054903345
618.458912,0.9999606577739256
618.578514,0.9998793872742997
618.698116,0.9999402867829051
618.817718,0.9999522491401086
618.93732,0.999993613620393
619.056922,0.9999325272763866
619.176524,0.9998965153549053
619.296126,0.9999312523632271
619.415728,0.999934884120131
619.53533,0.9999220570377105
619.654932,0.9999410877353956
619.774534,0.9999473343868821
619.894136,0.9999215490774346
620.013738,0.99992771661257
620.13334,0.9999158445412692
620.252942,0.9998962953776961
620.372544,0.9999579788829118
620.492146,0.9999003629640992
620.611748,0.9998998450158454
620.73135,0.9998906359806804
620.850952,0.9999159035363059
620.970554,0.9999572599133836
621.090156,0.9999288695298919
621.209758,0.9999020867938109
621.32936,0.9999429166293176
621.448962,0.9999289955209374
621.568564,0.9999302404333117
621.688166,0.9999312653623335
621.807768,0.9999464014364543
621.92737,0.9999332742262634
622.046972,0.9999286705440666
622.166574,0.9999595938163518
622.286176,0.9998893261248052
622.405778,0.9999062993901764
622.52538,0.9999171594314694
622.644982,0.9999889050615492
622.764584,0.9999067823450356
622.884186,0.9999950154124231
623.003788,0.9999292845004588
623.12339,0.9999287675371523
623.242992,0.9999428206348022
623.362594,0.99993496111512
623.482196,0.9999999124260038
623.601798,0.9999232879425204
623.7214,0.9998918958436754
623.841002,0.9999325582742954
623.960604,0.9999870780834886
624.080206,0.9999504982252533
624.199808,0.9999998510300111
624.31941,0.9999113819268134
624.439012,0.9998815170196628
624.558614,0.9999216800671661
624.678216,0.9999010818927186
624.797818,0.9999355790751169
624.91742,0.999959777808934
625.037022,0.9999061204069648
625.156624,0.9999412687247489
625.276226,0.9999661195739546
625.395828,0.9999673575327769
625.51543,0.9999681465073332
625.635032,0.9999179633651888
625.754634,0.9999591798331657
625.874236,0.9999642386394527
625.993838,0.9999560959638104
626.11344,0.9999451035068676
626.233042,0.9999577908908295
626.352644,0.9999067493481123
626.472246,0.9999186393099605
626.591848,0.9999571349187338
626.71145,0.9999243568610865
626.831052,0.9998870263819999
626.950654,0.9999085061858143
627.070256,0.9998793672767122
627.189858,0.9999927086265822
627.30946,0.9999011498859945
627.429062,0.9999090911324615
627.548664,0.9999721183886994
627.668266,0.9998984251590736
627.787868,0.9999651656067315
627.90747,0.9999150096118877
628.027072,0.9999213280947966
628.146674,0.9999133317559092
628.266276,0.9999478393604134
628.385878,0.9999479453548901
628.50548,0.9999219070494132
628.625082,0.9999214000891349
628.744684,0.9999704754358585
628.864286,0.999956479947025
628.983888,0.9999047005412819
629.10349,1.0
629.223092,0.9999376449441573
629.342694,0.999994385215763
629.462296,0.9999094201026066
629.581898,0.9999425176521735
629.7015,0.9999163394997348
629.821102,0.9999639776488205
629.940704,0.9999175993951164
630.060306,0.9998911759217696
630.179908,0.9999804651908069
630.29951,0.9999563449529093
630.419112,0.999926364711211
630.538714,0.9999302024359633
630.658316,0.9999731893594116
630.777918,0.9999508132097098
630.89752,0.9999228629752133
631.017122,0.9999651396076376
631.136724,0.9999042865808216
631.256326,0.9999029437102664
631.375928,0.9999676765224148
631.49553,0.9999363110282287
631.615132,0.999954909016629
631.734734,0.9999447175281322
631.854336,0.9999203701706232
631.973938,0.9999247628304578
632.09354,0.9999728943673643
632.213142,0.9999481743429958
632.332744,0.9999519821528937
632.452346,0.9999124148358045
632.571948,0.9999571079198916
632.69155,0.9999129647877839
632.811152,0.999934860121694
632.930754,0.9999855201048347
633.050356,0.9999167104687656
633.169958,0.9999863690929016
633.28956,0.9999448265221124
633.409162,0.9999191042722358
633.528764,0.9999287205405014
633.648366,0.9999828451471462
633.767968,0.9999270166634133
633.88757,0.9999883630677097
634.007172,0.999968631492002
634.126774,0.9999066633561356
634.246376,0.9999490672971142
634.365978,0.9999993004902447
634.48558,0.9999396688199989
634.605182,0.9999700224493357
634.724784,0.9999389098660783
634.844386,0.9999518531590964
634.963988,0.9999259177442258
635.08359,0.9999309473842416
635.203192,0.9999527011186273
635.322794,0.9999273086421447
635.442396,0.9999543600415346
635.561998,0.9999786172286147
635.6816,0.9999341681670102
635.801202,0.9999464194354897
635.920804,0.9999088961502078
636.040406,0.9999749863128475
636.160008,0.9999083931961595
636.27961,0.999966656555905
636.399212,0.9998596398514075
636.518814,0.9999732393580724
636.638416,0.9999152835886379
636.758018,0.999921048116864
636.87762,0.9999791242179021
636.997222,0.9999491502928902
637.116824,0.9998961253953403
637.236426,0.9999453414938306
637.356028,0.9999825521522154
637.47563,0.9999517321649294
637.595232,0.9999323352893598
637.714834,0.9999408707482031
637.834436,0.9999965960057936
637.954038,0.9999660065777894
638.07364,0.9999386038848186
638.193242,0.9999242808668383
638.312844,0.9999558769734493
638.432446,0.9999343781532076
638.552048,0.999993858518859
638.67165,0.9999022507777666
638.791252,0.9999370759797992
638.910854,0.9999365470132259
639.030456,0.9999664105641377
639.150058,0.9999974955031362
639.26966,1.0
639.389262,0.9999594938203974
639.508864,0.999955536988509
639.628466,0.9999300864440666
639.748068,0.9999464114359184
639.86767,0.9999972888036753
639.987272,0.9999654465969826
640.106874,0.9999942632164555
640.226476,0.9999595688173623
640.346078,0.9999448925184731
640.46568,0.9999196562277337
640.585282,0.9999412627251013
640.704884,0.9999487753120291
640.824486,0.9999774652539112
640.944088,0.9999630916811287
641.06369,0.9999861660956894
641.183292,0.9999656535898515
641.302894,0.9999269826658953
641.422496,0.9999760422869906
641.542098,0.9999238369005561
641.6617,0.9999773492565319
641.781302,0.9999752973051166
641.900904,0.9999524271316248
642.020506,0.9999870610837085
642.140108,0.9999992183003056
642.25971,0.9999942199167048
642.379312,0.9998962653808078
642.498914,1.0
642.618516,0.9999708764240995
642.738118,0.999951664168214
642.85772,0.9999654005985731
642.977322,0.9999869920846036
643.096924,0.9999332712264637
643.216526,0.9999536720731715
643.336128,0.9998826168899364
643.45573,0.9999771962600092
643.575332,0.9999759382894876
643.694934,1.0
643.814536,0.9999675095278269
643.934138,0.9999613337475588
644.05374,0.9999972927036648
644.173342,0.9999621637158103
644.292944,0.9999240048877749
644.412546,0.9999434415994867
644.532148,0.9999456824752502
644.65175,0.9999680335109391
644.771352,0.9999801781964546
644.890954,0.9999776892488885
645.010556,0.9999723113833369
645.130158,0.9999474343816205
645.24976,0.9999637956553931
645.369362,0.9999715604044129
645.488964,0.9999969028047964
645.608566,0.9999998619900096
645.728168,0.9999975691029547
645.84777,0.9999754973001961
645.967372,0.9999712514132485
646.086974,0.9999999766800003
646.206576,0.9999703414398238
646.326178,0.9999277906072237
646.44578,0.9999679685130191
646.565382,0.9999330612404987
646.684984,0.9999927403263515
646.804586,1.0
646.924188,0.9999532710918294
647.04379,0.9999599178033127
647.163392,0.9999738483419606
647.282994,0.999999921884003
647.402596,0.9999905258448801
647.522198,0.9999627886923579
647.6418,0.9999362460323705
647.761402,0.9999815771697024
647.881004,0.9999664455629628
648.000606,0.9999337921918336
648.120208,0.9999826981496788
648.23981,0.9999739533392201
648.359412,0.9999795162097957
648.479014,1.0
648.598616,0.9999882680688197
648.718218,1.0
648.83782,0.9999453094955801
648.957422,0.9999901669483447
649.077024,0.9999628506900528
649.196626,1.0
649.316228,0.9999320303100441
649.43583,0.9999507522127121
649.555432,0.999999954880001
649.675034,0.9999836611334807
649.794636,0.9999377169396704
649.914238,0.9999783532342946
650.03384,1.0
650.153442,0.9999769662652805
650.273044,0.9999623297095432
650.392646,0.999980388192314
650.512248,0.9999596318148171
650.63185,1.0
650.751452,0.9999671775386688
650.871054,0.9999523541351003
650.990656,0.999990779942505
651.110258,0.9999487353140789
651.22986,0.9999944603153441
651.349462,0.9999911009395969
651.469064,0.9999918114335264
651.588666,0.9999856861024448
651.708268,0.9999906861433743
651.82787,0.9999722453851665
651.947472,0.9999824971531767
652.067074,0.9999530711011952
652.186676,0.9999666515560717
652.306278,0.9999970773042711
652.42588,0.9999778092462184
652.545482,0.9999439845689229
652.665084,0.9999733873541228
652.784686,0.999998879300628
652.904288,0.9999494412781352
653.02389,0.9999644416322138
653.143492,0.9999895970541111
653.263094,0.9999792942143677
653.382696,0.9999889130614605
653.502298,0.9999782412367253
653.6219,0.9999583038693078
653.741502,0.9999999025280047
653.861104,0.9999976990026473
653.980706,0.9999673595327117
654.100308,1.0
654.21991,0.9999782292369865
654.339512,0.9999947299138869
654.459114,1.0
654.578716,0.9999871120830499
654.698318,0.9999776342501171
654.81792,0.9999656925885128
654.937522,0.9999871190829597
655.057124,0.9999835071360088
655.176726,0.9999834251373646
655.296328,0.9999942334166269
655.41593,0.9999813961730534
655.535532,0.9999626136988852
655.655134,1.0
655.774736,0.999936483017289
655.894338,0.9999804621908654
656.01394,1.0
656.133542,0.9999733023563885
656.253144,0.9999977018026409
656.372746,0.9999564769471555
656.492348,0.9999791672170054
656.61195,0.9999975928028974
656.731552,0.9999924235287017
656.851154,0.9999722443851942
656.970756,0.999998892700613
657.090358,0.9999996060400776
657.20996,0.9999841271259754
657.329562,0.9999975222030697
657.449164,0.9999794042120962
657.568766,0.99998829106855
657.688368,0.999964183641421
657.80797,0.9999825501522503
657.927572,0.999976112285316
658.047174,0.999996498006132
658.166776,0.9999926159272624
658.286378,0.9999960973076155
658.40598,0.9999859370988835
658.525582,0.9999893650565514
658.645184,0.9999799592008195
658.764786,0.9999986076009694
658.884388,0.9999656945884441
659.00399,0.9999834761365205
659.123592,0.9999723233830047
659.243194,0.9999824261544218
659.362796,0.9999917368341401
659.482398,0.9999570469225099
659.602,0.9999744013276516
659.721602,0.9999948063134873
659.841204,1.0
659.960806,0.9999845291196753
660.080408,0.9999589748415548
660.20001,0.9999612017526714
660.319612,0.9999360610441822
660.439214,0.9999556139850883
660.558816,0.9999741253347549
660.678418,0.9999828721466834
660.79802,0.9999862850940502
660.917622,0.9999880790710548
661.037224,0.9999753723032667
661.156826,0.9999768592677509
661.276428,0.9999995513901007
661.39603,0.9999743613286763
661.515632,0.9999639096512724
661.635234,0.9999870730835533
661.754836,0.9999646486248746
661.874438,0.9999789822208767
661.99404,1.0
662.113642,0.9999998502700113
662.233244,0.9999734813516256
662.352846,0.9999833471386604
662.472448,0.9999890860595575
662.59205,0.9999873930794679
662.711652,0.9999774222548812
662.831254,0.9999930801239425
662.950856,0.9999855831039245
663.070458,1.0
663.19006,0.999967601524842
663.309662,0.999985870099828
663.429264,0.9999856451030326
663.548866,0.9999787002268434
663.668468,0.9999767682698608
663.78807,0.9999949633126841
663.907672,0.9999769422658337
664.027274,0.999996974104578
664.146876,0.9999746273218918
664.266478,0.9999900734492685
664.38608,0.9999771062620656
664.505682,0.9999524941284397
664.625284,0.99997346535205
664.744886,1.0
664.864488,0.9999822451576191
664.98409,0.9999929011251971
665.103692,0.999974586322933
665.223294,0.9999998912600059
665.342896,0.9999811641773964
665.462498,0.999960353785932
665.5821,1.0
665.701702,0.9999901174488327
665.821304,0.9999855341046321
665.940906,0.9999954755102355
666.060508,0.9999629326870099
666.18011,0.9999921260309999
666.299712,0.9999886730641502
666.419314,0.9999704504365969
666.538916,0.9999559259712886
666.658518,0.9999928140258192
666.77812,0.999961315748255
666.897722,0.9999725663763087
667.017324,0.9999967981051261
667.136926,0.9999929795246436
667.256528,0.9999881550701517
667.37613,0.9999871490825738
667.495732,0.9999161155184999
667.615334,0.9999813001748439
667.734936,0.9999551920039083
667.854538,0.9999941208172825
667.97414,0.9999618677270536
668.093742,0.9999803771925299
668.213344,0.9999843091231031
668.332946,0.9999825281526346
668.452548,0.9999795332094477
668.57215,0.9999938405189697
668.691752,0.9999799962000787
668.811354,0.9999825591520933
668.930956,0.9999638356539458
669.050558,0.9999860130978176
669.17016,0.9999744013276516
669.289762,0.9999687534881824
669.409364,0.9999741673336691
669.528966,0.9999896010540694
669.648568,0.9999897150528905
669.76817,0.9999598508060005
669.887772,0.9999511771918721
670.007374,0.9999752153071456
670.126976,0.9999856941023303
670.246578,0.999978802224676
670.36618,0.9999963325067253
670.485782,0.9999571759169772
670.605384,0.9999487933111072
670.724986,0.9999745843229838
670.844588,0.9999900531494702
670.96419,1.0
671.083792,0.9999863240935161
671.203394,0.9999763182804163
671.322996,0.9999773112573934
671.442598,0.9999479433549942
671.5622,0.9999875270777875
671.681802,0.9999999742680004
671.801404,0.9999417246980714
671.921006,0.9999504472277791
672.040608,0.9999938073191748
672.16021,0.9999645176295142
672.279812,0.9999854021065503
672.399414,0.9999699994500255
672.519016,0.9999764012784542
672.638618,0.9999847631160825
672.75822,0.9999934307215778
672.877822,0.9999845441194434
672.997424,0.9999966569055881
673.117026,0.9999974430032691
673.236628,0.9999708024262575
673.35623,0.9999986138009608
673.475832,0.99999316482336
673.595434,1.0
673.715036,0.9999967525052731
673.834638,0.9999710984176587
673.95424,0.9999981066017924
674.073842,0.9999635246652412
674.193444,0.999973358354895
674.313046,0.999988448066724
674.432648,0.9999997881800224
674.55225,0.9999618857263673
674.671852,0.9999861620957446
674.791454,0.9999868780860931
674.911056,0.9999569029287054
675.030658,0.9999846621176265
675.15026,0.9999850021124694
675.269862,0.9999593668255498
675.389464,0.9999837391322094
675.509066,0.9999870720835662
675.628668,0.9999682815030422
675.74827,0.999990065049352
675.867872,0.999966776551911
675.987474,0.9999744163272677
676.107076,0.9999901545484667
676.226678,0.9999726123750479
676.34628,0.9999787942248456
676.465882,0.9999871590824453
676.585484,0.9999834801364544
676.705086,0.9999685914932575
676.824688,0.9999929378249373
676.94429,1.0
677.063892,0.9999965533059398
677.183494,0.9999988647006445
677.303096,0.9999817121672244
677.422698,0.9999787712253336
677.5423,0.9999807601850876
677.661902,0.999999348840212
677.781504,0.9999752973051166
677.901106,0.9999877270753129
678.020708,1.0
678.14031,0.9999949995125025
678.259912,1.0
678.379514,0.9999691994743459
678.499116,0.9999693274704117
678.618718,0.9999945269149774
678.73832,0.9999853741069594
678.857922,0.999988398067303
678.977524,0.9999926064273326
679.097126,0.9999643406358102
679.216728,0.9999789082224346
679.33633,0.9999963601066244
679.455932,0.9999897840521832
679.575534,0.9999728383688837
679.695136,1.0
679.814738,0.9999768742674039
679.93434,0.9999962228071336
680.053942,0.9999783842336241
680.173544,0.999979259215093
680.293146,0.9999950346123275
680.412748,0.999959258829944
680.53235,0.999995894408428
680.651952,0.9999726803731878
680.771554,0.9999884750664125
680.891156,0.999946050455329
681.010758,0.9999776862489554
681.13036,0.999985946098757
681.249962,0.9999828431471804
681.369564,0.9999731003618018
681.489166,0.9999604427824074
681.608768,0.9999773782558755
681.72837,0.9999893220570096
681.847972,0.9999939303184205
681.967574,0.9999889560609847
682.087176,0.9999701684449697
682.206778,0.999970104446881
682.32638,0.9999948556132324
682.445982,0.9999751953076415
682.565584,0.9999993168002334
682.685186,0.9999804541910218
682.804788,0.9999906468437411
682.92439,0.9999926542269804
683.043992,0.9999741803333333
683.163594,0.9999885850651509
683.283196,0.9999807471853378
683.402798,0.9999827801482634
683.5224,0.9999837161325836
683.642002,0.9999998015200197
683.761604,0.9999875580774014
683.881206,0.9999967555052633
684.000808,0.9999819421630447
684.12041,0.9999998769100076
684.240012,0.9999716104029922
684.359614,0.9999982346015583
684.479216,0.9999975211030725
684.598818,0.9999730093642538
684.71842,0.9999730773624207
684.838022,0.9999921867305237
684.957624,0.9999904971451524
685.077226,0.9999694254674105
685.196828,0.9999798162036956
685.31643,0.9999933795219155
685.436032,0.9999945639147756
685.555634,0.9999805511891305
685.675236,0.9999812121764934
685.794838,0.9999656955884098
685.91444,0.9999676005248743
686.034042,0.9999687564880887
686.153644,0.9999880360715684
686.273246,0.9999752353066501
686.392848,0.9999862630943521
686.51245,0.999976992264682
686.632052,0.9999953721107087
686.751654,0.9999799602007995
686.871256,0.999972457379305
686.990858,0.9999823971549319
687.11046,0.9999524901286296
687.230062,0.9999927261264547
687.349664,0.9999853561072228
687.469266,0.9999796392072837
687.588868,0.9999979563020883
687.70847,0.9999994070301758
687.828072,0.9999649846130529
687.947674,0.9999755872979949
688.067276,0.999998706200837
688.186878,0.9999997503900312
688.30648,0.9999760962856983
688.426082,0.9999602907884316
688.545684,0.9999940986174132
688.665286,0.9999887690630674
688.784888,0.9999941691169997
688.90449,0.9999860970966462
689.024092,0.9999959297082837
689.143694,0.9999837191325348
689.263296,0.9999940758175481
689.382898,0.9999954322104324
689.5025,0.9999820551610106
689.622102,0.9999742663311165
689.741704,0.9999841141261818
689.861306,0.9999684794967815
689.980908,0.9999653296010321
690.10051,0.9999702824415754
690.220112,0.9999877660748351
690.339714,0.9999556689826485
690.459316,0.9999845431194588
690.578918,0.9999814591718833
690.69852,0.9999593108278269
690.818122,0.9999922501300303
690.937724,0.9999713834094625
691.057326,0.9999785162307795
691.176928,0.9999831351422133
691.29653,0.9999942078167747
691.416132,0.9999916702346927
691.535734,0.9999771992599408
691.655336,0.999997406903362
691.774938,0.9999937838193206
691.89454,0.999982875146632
692.014142,0.9999924542284695
692.133744,0.9999873030806066
692.253346,0.9999882080695254
692.372948,0.9999890310601592
692.49255,0.9999704124377206
692.612152,0.9999875430775881
692.731754,0.9999798822023656
692.851356,0.9999775982509229
692.970958,0.9999812251762492
693.09056,0.9999730063643347
693.210162,0.9999950979120152
693.329764,0.9999768302684223
693.449366,0.9999862320947784
693.568968,0.9999981065017927
693.68857,0.9999779192437834
693.808172,0.9999987669007603
693.927774,0.9999740823358685
694.047376,0.9999859610985463
694.166978,0.9999927870260136
694.28658,0.999984056127105
694.406182,0.9999754733007844
694.525784,0.9999747913177441
694.645386,0.9999835921346105
694.764988,0.9999845951186564
694.88459,0.9999886650642409
695.004192,0.9999918926328649
695.123794,0.9999708064261407
695.243396,0.9999785732295565
695.362998,0.9999752943051907
695.4826,0.9999877500750309
695.602202,0.9999704334370995
695.721804,0.9999986882008605
695.841406,0.9999659515796606
695.961008,0.9999734483525012
696.08061,0.9999818971638583
696.200212,0.999995936508256
696.319814,0.9999876260765577
696.439416,0.9999887960627646
696.559018,0.9999859790982938
696.67862,0.9999630896812026
696.798222,1.0
696.917824,0.9999800281994391
697.037426,0.9999654995951527
697.157028,0.9999783002354433
697.27663,0.9999778442454423
697.396232,0.9999715924035034
697.515834,0.9999826201510313
697.635436,0.9999764132781711
697.755038,0.9999867320880195
697.87464,0.9999889310612612
697.994242,0.9999992364102915
698.113844,0.9999785852292995
698.233446,0.9999930641240533
698.353048,0.99999597260811
698.47265,0.9999730613628516
698.592252,0.9999462734433231
698.711854,0.9999814051728859
698.831456,0.9999903828462451
698.951058,0.9999802441951485
699.07066,0.9999952454113031
699.190262,0.9999791602171513
699.309864,0.9999899290507124
699.429466,0.9999802521949904
699.549068,0.9999862690942698
699.66867,0.9999933041224175
699.788272,0.9999967223053716
699.907874,0.999992706726596
700.027476,0.9999800011999787
700.147078,0.9999752533062045
700.26668,0.9999751713082371
700.386282,0.9999797242055567
700.505884,0.9999856281032767
700.625486,0.9999627496938099
700.745088,0.9999895360547475
700.86469,0.9999798162036956
700.984292,0.9999785702296208
701.103894,0.9999990625004395
701.223496,0.9999816611681585
701.343098,0.9999866980884712
701.4627,0.9999809371816978
701.582302,0.9999806251876941
701.701904,0.9999725363771322
701.821506,0.9999588468468142
701.941108,0.9999805761886447
702.06071,0.9999714394078615
702.180312,0.9999849141137931
702.299914,0.9999832831397283
702.419516,0.99998366913335
702.539118,0.9999805131898704
702.65872,0.9999770702628904
702.778322,0.9999850741113921
702.897924,0.9999703764387864
703.017526,0.9999952983110529
703.137128,0.9999617607311395
703.25673,0.9999863610930108
703.376332,0.9999894290558728
703.495934,0.9999754013025529
703.615536,0.9999652076052694
703.735138,0.9999780202415585
703.85474,0.9999773972554459
703.974342,0.9999815661699052
704.093944,0.9999982549015227
704.213546,0.9999805891883923
704.333148,0.9999964722062227
704.45275,0.9999877220753743
704.572352,0.999985658102846
704.691954,0.9999844951202019
704.811556,0.9999735553496659
704.931158,0.9999874730784626
705.05076,0.9999901488485229
705.170362,0.9999924072288252
705.289964,0.9999831301422977
705.409566,0.9999684754969076
705.529168,0.9999695994621057
705.64877,0.999983357138494
705.768372,0.999975396302676
705.887974,0.9999748533161832
706.007576,0.9999995849200861
706.127178,0.9999823971549319
706.24678,0.9999970784042679
706.366382,0.9999717243997623
706.485984,0.9999913919370496
706.605586,0.9999833771381613
706.725188,0.9999857041021873
706.84479,0.9999936026204633
706.964392,0.999961248750849
707.083994,0.9999863770927926
707.203596,0.9999730903620708
707.323198,0.9999639136511279
707.4428,0.9999721573876127
707.562402,0.9999731353608609
707.682004,0.9999873050805812
707.801606,0.9999760872859135
707.921208,0.999988794062787
708.04081,0.9999803671927261
708.160412,0.9999742163324045
708.280014,0.9999699144525792
708.399616,0.9999905342448006
708.519218,0.9999802781944773
708.63882,0.9999705114347963
708.758422,0.9999869450852161
708.878024,0.9999895240548731
708.997626,0.9999579128856875
709.117228,0.9999781212393436
709.23683,0.9999671435397853
709.356432,0.9999788802230256
709.476034,0.9999953579107745
709.595636,0.9999872430813702
709.715238,0.9999612297515855
709.83484,0.9999860240976638
709.954442,0.9999843591223198
710.074044,0.9999855691041264
710.193646,0.9999843211229149
710.313248,0.9999697194584648
710.43285,0.9999954509103471
710.552452,0.9999700194494257
710.672054,0.9999807431854149
710.791656,0.9999669885448901
710.911258,0.9999808751828817
711.03086,0.9999927234264744
711.150462,0.9999877600749085
711.270064,0.9999771922601004
711.389666,0.9999864610916519
711.509268,0.9999738193427193
711.62887,0.9999699944501755
711.748472,0.9999998696700085
711.868074,0.9999619677232454
711.987676,0.9999989810005192
712.107278,0.9999691374762575
712.22688,0.9999725423769674
712.346482,0.9999877050755832
712.466084,0.9999738653415161
712.585686,0.9999880390715324
712.705288,0.9999727443714413
712.82489,0.9999759982880457
712.944492,0.9999865240908009
713.064094,0.9999764972761933
713.183696,0.9999801821963753
713.303298,0.9999791012183826
713.4229,0.9999793932123228
713.542502,0.9999732233585007
713.662104,0.9999697894563476
713.781706,0.9999642706383088
713.901308,0.9999942437165674
714.02091,0.9999654045984347
714.140512,0.9999774272547682
714.260114,0.999981910163623
714.379716,0.9999755152997551
714.499318,0.9999978792022489
714.61892,0.9999772162595534
714.738522,0.9999977655024965
714.858124,0.9999864810913812
714.977726,0.9999743453290867
715.097328,0.9999844391210717
715.21693,0.9999732613574839
715.336532,0.9999868420865661
715.456134,0.999989713052911
715.575736,0.9999753103047956
715.695338,0.9999720623902623
715.81494,0.9999748553161328
715.934542,0.9999706104318818
716.054144,0.9999853631071204
716.173746,0.9999711744154651
716.293348,0.9999797472050906
716.41295,0.9999865930898735
716.532552,0.999966938546542
716.652154,0.9999792612150515
716.771756,0.9999778742447781
716.891358,0.9999539620597785
717.01096,0.9999653106016911
717.130562,0.9999908423419316
717.250164,0.9999876350764463
717.369766,0.9999964242063931
717.489368,0.9999743863280357
717.60897,0.9999861750955649
717.728572,0.999976724270884
717.848174,0.9999797592048476
717.967776,0.9999843691221635
718.087378,0.9999709954206409
718.20698,0.9999524691296277
718.326582,0.9999777492475517
718.446184,0.9999747873178451
718.565786,0.9999726903729147
718.685388,0.9999726353744182
718.80499,0.9999692034742227
718.924592,0.9999812701754054
719.044194,0.999974346329061
719.163796,0.9999680405107153
719.283398,0.9999712394135936
719.403,0.9999691154769367
719.522602,0.99998296014518
719.642204,0.9999723463823683
719.761806,0.9999675315271123
719.881408,0.9999783982333216
720.00101,0.9999768922669878
720.120612,0.9999659425799671
720.240214,0.9999721873867778
720.359816,0.9999721893867223
720.479418,0.9999575818996731
720.59902,0.9999834571368347
720.718622,0.9999565019460678
720.838224,0.9999630796815717
720.957826,0.9999592268312483
721.077428,0.999965021611758
721.19703,0.9999528381121568
721.316632,0.9999954713102546
721.436234,0.9999801901962168
721.555836,0.9999742163324045
721.675438,0.9999629436866021
721.79504,0.9999768302684223
721.914642,0.999970053448407
722.034244,0.9999658395834803
722.153846,0.9999640036478842
722.273448,0.9999686224922842
722.39305,0.9999747773180971
722.512652,0.9999583418677241
722.632254,0.9999645796273162
722.751856,0.9999780032419322
722.871458,0.9999798032039581
722.99106,0.9999715714041002
723.110662,0.9999771742605111
723.230264,0.9999796852063482
723.349866,0.9999757182948054
723.469468,0.9999580888782956
723.58907,0.9999589628420472
723.708672,0.9999887090637432
723.828274,0.9999574309060896
723.947876,0.9999692004743151
724.067478,0.9999647266221202
724.18708,0.999977791246618
724.306682,0.9999595988161498
724.426284,0.9999571949161637
724.545886,0.999971007420293
724.665488,0.9999621877149025
724.78509,0.9999621287171352
724.904692,0.9999598918043552
725.024294,0.9999683964994012
725.143896,0.9999594308229514
725.263498,0.9999612667501517
725.3831,0.9999551550055669
725.502702,0.9999557169805219
725.622304,0.9999621537161887
725.741906,0.9999697004590403
725.861508,0.9999558959726113
725.98111,0.9999690864778328
726.100712,0.999952327136387
726.220314,0.999951673167779
726.339916,0.9999521251460374
726.459518,0.9999518681583742
726.57912,0.9999563939507714
726.698722,0.9999369609870421
726.818324,0.999957698894717
726.937926,0.9999416857003449
727.057528,0.9999525841241682
727.17713,0.9999220350394256
727.296732,0.9999392848432397
727.416334,0.9999396168231374
727.535936,0.9999362320332632
727.655538,0.9999336622004491
727.77514,0.9999410117398758
727.894742,0.9999272496464353
728.014344,0.9999363480258728
728.133946,0.999924322863659
728.253548,0.9999193902491406
728.37315,0.9999335732063571
728.492752,0.9999128517976252
728.612354,0.99991604152471
728.731956,0.9999116569024813
728.851558,0.9999326562676909
728.97116,0.9999131187743923
729.090762,0.9999070753177658
729.210364,0.9999045255579747
729.329966,0.9999029077137611
729.449568,0.9998900060497782
729.56917,0.9998908859533706
729.688772,0.9998947055438504
729.808374,0.9998844366779552
729.927976,0.9998722881558519
730.047578,0.9998846266560162
730.16718,0.9998898760640859
730.286782,0.9998596998429877
730.406384,0.9998698984639389
730.525986,0.999875347769735
730.645588,0.999846731746779
730.76519,0.9998468717253313
730.884792,0.9998458018897509
731.004394,0.9998417025303669
731.123996,0.9998318141448269
731.243598,0.9998302844033216
731.3632,0.9998160069288017
731.482802,0.9998047190698035
731.602404,0.9998182965100791
731.722006,0.9997859129199103
731.841608,0.9997989802071866
731.96121,0.9997884823730082
732.080812,0.9997965806925135
732.200414,0.999757239471107
732.320016,0.9997691766438109
732.439618,0.9997467720676066
732.55922,0.9997400038048703
732.678822,0.9997315760321613
732.798424,0.9997147806827653
732.918026,0.9997350950935026
733.037628,0.9997143308112152
733.15723,0.9996942067642852
733.276832,0.9996862892175211
733.396434,0.9996845797554282
733.516036,0.9996735133083832
733.635638,0.9996700644407116
733.75524,0.999635426473085
733.874842,0.9996319477478538
733.994444,0.9996348666774029
734.114046,0.9996189326246228
734.233648,0.9996047881167988
734.35325,0.9996054978364503
734.472852,0.9995640150690634
734.592454,0.999573281070431
734.712056,0.9995444937744752
734.831658,0.9995400358159743
734.95126,0.99953446839348
735.070862,0.9995163969736576
735.190464,0.9994936982140278
735.310066,0.9994838432547484
735.429668,0.9994713098059388
735.54927,0.9994536293148528
735.668872,0.9994627643627718
735.788474,0.9994368186461858
735.908076,0.9994151710791379
736.027678,0.9994031981571063
736.14728,0.9994084350435853
736.266882,0.9993931741932991
736.386484,0.9993762346225598
736.506086,0.9993760547348538
736.625688,0.9993260871813162
736.74529,0.9993467234780856
736.864892,0.9993321531090755
736.984494,0.9993290451909121
737.104096,0.9993268066963581
737.223698,0.9992969572504458
737.3433,0.9993223696951865
737.462902,0.9992960478906284
737.582504,0.9992814382892047
737.702106,0.9993055212620661
737.821708,0.9992925303747306
737.94131,0.9992850556945588
738.060912,0.9992741535540725
738.180514,0.9992663092827558
738.300116,0.9992688774004708
738.419718,0.9992617626313922
738.53932,0.9992615527864441
738.658922,0.9992551075702145
738.778524,0.9992678081833439
738.898126,0.9992691671884872
739.017728,0.9992470136366236
739.13733,0.9992723148913215
739.256932,0.9992640609360893
739.376534,0.9992952984188735
739.496136,0.9992988159445148
739.615738,0.99931166700992
739.73534,0.9992967673840419
739.854942,0.9993259172958959
739.974544,0.999305351380142
740.094146,0.9993234989301022
740.213748,0.9993281457951763
740.33335,0.9993172431845795
740.452952,0.999322949302329
740.572554,0.9993401777784839
740.692156,0.999331633456491
740.811758,0.9993588955953056
740.93136,0.9993379192722344
741.050962,0.9993618537020146
741.170564,0.9993578262818594
741.290166,0.9993537089360969
741.409768,0.9993731965234245
741.52937,0.999354238593703
741.648972,0.9993576463974668
741.768574,0.9993586957235464
741.888176,0.999352569673518
742.007778,0.9993594752236331
742.12738,0.9993354509106221
742.246982,0.999322599539358
742.366584,0.999301703922266
742.486186,0.9992954782920435
742.605788,0.9992860549801141
742.72539,0.9992654099434822
742.844992,0.9992541183081477
742.964594,0.9992421473155167
743.084196,0.9992067348013294
743.203798,0.9992016788280429
743.3234,0.999175530062266
743.443002,0.9991599530371756
743.562604,0.999164329367354
743.682206,0.9991286998026477
743.801808,0.9991037218973777
743.92141,0.9991370625448631
744.041012,0.9991270812154651
744.160614,0.9991611420382271
744.280216,0.999189808382609
744.399818,0.9992132296662138
744.51942,0.9992546778906106
744.639022,0.9992830071622943
744.758624,0.9993242184432805
744.878226,0.999320091242781
744.997828,0.9993737861537844
745.11743,0.9993596151339694
745.237032,0.9993961224075116
745.356634,0.9993645519826623
745.476236,0.9993799223276694
745.595838,0.9993735662915756
745.71544,0.9993737161976217
745.835042,0.9993764744728849
745.954644,0.9993738760974291
746.074246,0.9993841796952067
746.193848,0.9993721371883976
746.31345,0.9993792627371383
746.433052,0.9993736962101476
746.552654,0.9993523498159769
746.672256,0.9993371497823328
746.791858,0.9993340418486297
746.91146,0.9993422564082155
747.031062,0.9993189420253369
747.150664,0.9993289552513022
747.270266,0.9993105178021637
747.389868,0.9993208607195475
747.50947,0.9993156442782695
747.629072,0.9993131459922816
747.748674,0.9992991856851451
747.868276,0.9993085891347255
747.987878,0.999291631011858
748.10748,0.999317443048048
748.227082,0.9992941991946498
748.346684,0.9993022335523094
748.466286,0.9993102080159513
748.585888,0.9993018138454595
748.70549,0.9993006746420411
748.825092,0.9993107076711801
748.944694,0.9993148348329255
749.064296,0.9993099581884305
749.183898,0.9993030130083556
749.3035,0.9993231091940137
749.423102,0.9993249379569769
749.542704,0.9993354309239133
749.662306,0.9993372397226803
749.781908,0.9993430358954796
749.90151,0.9993416168293762
750.021112,0.9993446848128491
750.140714,0.9993776837191506
750.260316,0.999378053488962
750.379918,0.9993734963354284
750.49952,0.9994014292150112
750.619122,0.9993841697013649
750.738724,0.999400139987999
750.858326,0.999419138765243
750.977928,0.9994421456586257
751.09753,0.9994438946839109
751.217132,0.9994607254608122
751.336734,0.9994493116845002
751.456336,0.9994836233683271
751.575938,0.9994675418062036
751.69554,0.999503203444295
751.815142,0.999490719727245
751.934744,0.9994995852492475
752.054346,0.9995324493358931
752.173948,0.999545643251304
752.29355,0.9995630354968087
752.413152,0.9995709820545284
752.532754,0.999569432720707
752.652356,0.9995895142723288
752.771958,0.9995995502014324
752.89156,0.9995978808715774
753.011162,0.99961284496386
753.130764,0.9996322676301282
753.250366,0.99964357353501
753.369968,0.999646862367777
753.48957,0.9996583683693798
753.609172,0.9996878787199847
753.728774,0.9996667955249455
753.848376,0.9996967060029261
753.967978,0.9996807009867835
754.08758,0.9997232583000506
754.207182,0.9996989153350877
754.326784,0.9997240580789771
754.446386,0.9997266673621739
754.565988,0.9997564296680709
754.68559,0.9997524806379731
754.805192,0.9997696165423454
754.924794,0.9997537203318176
755.044396,0.9997830835297803
755.163998,0.9997700364456726
755.2836,0.9997941911815411
755.403202,0.9997971605746985
755.522804,0.9998122576258056
755.642406,0.9998100980336615
755.762008,0.9998020695908085
755.88161,0.9998235555681501
756.001212,0.9998121576445849
756.120814,0.9998238055240702
756.240416,0.9998346736679045
756.360018,0.9998360834357882
756.47962,0.999857750118474
756.599222,0.9998462318235382
756.718824,0.9998735080007877
756.838426,0.9998504211880261
756.958028,0.9998487414407295
757.07763,0.9998946555491164
757.197232,0.9998805771314786
757.316834,0.9998778274636723
757.436436,0.9998751677921885
757.556038,0.9998708883356284
757.67564,0.9998720781826935
757.795242,0.9998994750529712
757.914844,0.9998821069499318
758.034446,0.9999125068277509
758.154048,0.9998978752150909
758.27365,0.999922784981233
758.393252,0.999900940906676
758.512854,0.9999045245580701
758.632456,0.9999119068804267
758.752058,0.9999048085309954
758.87166,0.9998945355617649
758.991262,0.9999234239320968
759.110864,0.9999075752714284
759.230466,0.9999288295327379
759.350068,0.9999164644892851
759.46967,0.9999360100474444
759.589272,0.999918818295413
759.708874,0.9999359070540407
759.828476,0.9999194662430171
759.948078,0.9999365120154474
760.06768,0.9999155045699399
760.187282,0.9999411107340409
760.306884,0.9999260277360829
760.426486,0.9999408937468434
760.546088,0.9999348261239094
760.66569,0.9999346411359836
760.785292,0.9999459044632163
760.904894,0.9999392288466413
761.024496,0.9999619177251482
761.144098,0.9999452974962365
761.2637,0.9999395518270644
761.383302,0.9999387878735386
761.502904,0.9999500242488295
761.622506,0.9999390448578401
761.742108,0.9999482393396292
761.86171,0.9999427636380631
761.981312,0.9999371679740144
762.100914,0.9999555269889536
762.220516,0.9999333172233952
762.340118,0.9999375889476507
762.45972,0.999935893054938
762.579322,0.9999350331104397
762.698924,0.9999466704220725
762.818526,0.9999502662367646
762.938128,0.999950384230903
763.05773,0.9999641496426395
763.177332,0.9999397248166219
763.296934,0.9999304014220934
763.416536,0.9999717313995644
763.536138,0.9999540040578457
763.65574,0.9999529051089991
763.775342,0.9999285505526333
763.894944,0.999942181671544
764.014546,0.9999608467665079
764.134148,0.9999581098774157
764.25375,0.9999339361823101
764.373352,0.9999397938124652
764.492954,0.9999658735823195
764.612556,0.9999542440468355
764.732158,0.9999843601223042
764.85176,0.9999577428928567
764.971362,0.9999727873702703
765.090964,0.9999608087679964
765.210566,0.9999455384830822
765.330168,0.9999499682516296
765.44977,0.9999586188562232
765.569372,0.999966639556472
765.688974,0.9999615007411154
765.808576,0.9999649586139637
765.928178,0.9999455344833001
766.04778,0.9999587648501922
766.167382,0.9999533050902413
766.286984,0.9999707344282452
766.406586,0.9999667795518113
766.526188,0.9999616677347001
766.64579,0.9999479333555148
766.765392,0.9999662285702676
766.884994,0.9999660215772797
767.004596,0.9999548360199233
767.124198,0.9999564569480263
767.2438,0.9999650616103598
767.363402,0.9999717233997906
767.483004,0.9999465514284258
767.602606,0.9999538200663259
767.722208,0.9999604427824074
767.84181,0.9999545070348363
767.961412,0.9999662115708419
768.081014,0.9999669405464757
768.200616,0.99997808624011
768.320218,0.9999660145775175
768.43982,0.9999488723070651
768.559422,0.9999763792789736
768.679024,0.9999466494231927
768.798626,0.9999354700821447
768.918228,0.9999570999202347
769.03783,0.9999780232414925
769.157432,0.9999576788955632
769.277034,0.9999829371455722
769.396636,0.9999788452237655
769.516238,0.9999736983458946
769.63584,0.9999686074927551
769.755442,0.999967916514686
769.875044,0.999980246195109
769.994646,0.9999618457278927
770.114248,0.9999545540326993
770.23385,0.9999894230559363
770.353452,0.9999934938211653
770.473054,0.9999466694221258
770.592656,0.9999540520556391
770.712258,0.9999998568100102
770.83186,0.9999629966846396
770.951462,0.9999640226472005
771.071064,0.9999845021200934
771.190666,0.9999751543086594
771.310268,0.9999829161459307
771.42987,0.9999516741677307
771.549472,0.9999628266909446
771.669074,0.9999746133222471
771.788676,0.9999756572962885
771.908278,0.9999554359930048
772.02788,0.9999783272348578
772.147482,0.9999636816595269
772.267084,0.9999692774719465
772.386686,0.999981065179266
772.506288,0.9999801821963753
772.62589,0.9999781412389062
772.745492,0.9999738703413855
772.865094,0.9999841361258326
772.984696,0.999968054510268
773.104298,0.9999678135179959
773.2239,0.9999752443064273
773.343502,0.9999715354051243
773.463104,0.9999602587897028
773.582706,0.9999811361779242
773.702308,0.9999807361855496
773.82191,0.9999676165243561
773.941512,0.9999807831846453
774.061114,0.9999866680888707
774.180716,0.9999884960661708
774.300318,0.9999856101035356
774.41992,0.9999895790542984
774.539522,0.9999638406537649
774.659124,0.9999988068007118
774.778726,0.9999786712274615
774.898328,0.9999679935122185
775.01793,0.9999659625792862
775.137532,0.9999597568097789
775.257134,0.9999860690970359
775.376736,0.9999638316540904
775.496338,0.9999909924405683
775.61594,0.9999825871516054
775.735542,0.999998892700613
775.855144,0.9999682485040894
775.974746,0.9999849551131754
776.094348,0.9999852721084564
776.21395,0.9999406377620074
776.333552,0.9999514151802806
776.453154,0.9999957360090909
776.572756,0.9999686014929434
776.692358,0.9999711944148888
776.81196,0.9999620297208893
776.931562,0.9999639486498656
777.051164,0.9999834101376133
777.170766,0.9999898020519994
777.290368,0.999981759166366
777.40997,0.9999909697407731
777.529572,0.9999766422727959
777.649174,0.9999935759206345
777.768776,0.9999793022142022
777.888378,0.9999915618356016
778.00798,0.999950477226293
778.127582,0.9999540780544448
778.247184,0.999973805343086
778.366786,0.9999475683745858
778.486388,0.9999701524454471
778.60599,0.9999680125116106
778.725592,0.9999705174346194
778.845194,0.9999797592048476
778.964796,0.9999820731606877
779.084398,0.9999907198430609
779.204,0.9999951709116601
779.323602,1.0
779.443204,0.9999844791204501
779.562806,0.9999964266063845
779.682408,0.9999690354794106
779.80201,0.9999704494366265
779.921612,0.9999702784416943
780.041214,0.9999692954713937
780.160816,0.9999751863078647
780.280418,0.9999825361524948
780.40002,0.9999724673790296
780.519622,0.9999878080743221
780.639224,0.9999998235900156
780.758826,0.9999807661849722
780.878428,0.9999725263774069
780.99803,0.9999870970832433
781.117632,0.9999942806163558
781.237234,0.9999744403266541
781.356836,0.9999777812468401
781.476438,0.9999963796065536
781.59604,0.9999858790997008
781.715642,0.9999926853267523
781.835244,0.9999880460714488
781.954846,0.9999963192067741
782.074448,0.9999735973485562
782.19405,0.9999790172201416
782.313652,0.9999877830746272
782.433254,0.9999743253296
782.552856,0.9999834671366693
782.672458,0.9999819491629183
782.79206,0.9999920112319104
782.911662,0.9999501972401986
783.031264,0.9999984107012629
783.150866,0.9999333592205953
783.270468,0.9999569669259493
783.39007,0.9999866040897261
783.509672,0.9999798252035139
783.629274,0.9999999389000018
783.748876,0.999956682938211
783.868478,0.9999995215301145
783.98808,0.9999905853443182
784.107682,0.9999861820954681
784.227284,0.9999917493340369
784.346886,0.9999784222328034
784.466488,0.9999541640504992
784.58609,0.9999304194208408
784.705692,0.9999726393743087
784.825294,0.9999520961474262
784.944896,0.9999647196223672
785.064498,0.9999642536389164
785.1841,0.9999835551352183
785.303702,1.0
785.423304,0.9999617497315602
785.542906,0.9999728893674998
785.662508,0.9999642686383803
785.78211,0.9999973476035177
785.901712,0.9999998248200154
786.021314,0.9999890590598525
786.140916,0.9999677965185433
786.260518,0.999974141334341
786.38012,0.999958103877667
786.499722,0.9999325142772638
786.619324,1.0
786.738926,0.9999467824161059
786.858528,0.9999424446563724
786.97813,1.0
787.097732,0.9999975934028958
787.217334,0.9999700824475389
787.336936,0.9999647636208158
787.456538,0.9999711944148888
787.57614,1.0
787.695742,0.9999592648296995
787.815344,0.9999598508060005
787.934946,0.9999893210570203
788.054548,0.9999705144347079
788.17415,0.9999791192180065
788.293752,0.999996829505026
788.413354,0.9999839001296043
788.532956,1.0
788.652558,0.9999990453704557
788.77216,0.9999920453316385
788.891762,0.9999904012460683
789.011364,0.9999380699177467
789.130966,0.9999996073600771
789.250568,0.9999921733306285
789.37017,0.9999679425138522
789.489772,0.9999919517323875
789.609374,0.9999804671907678
789.728976,0.9999936011204729
789.848578,0.9999992246503006
789.96818,0.9999968178050632
790.087782,0.9999924753283105
790.207384,0.999995583909751
790.326986,0.999981642168507
790.446588,0.9999999212450031
790.56619,0.9999781492387314
790.685792,0.9999400977942088
790.805394,0.9999905434447135
790.924996,0.9999765762743398
791.044598,0.9999844241213053
791.1642,0.9999962347070888
791.283802,1.0
791.403404,0.9999906661435607
791.523006,0.9999937671194244
791.642608,0.9999564619478085
791.76221,0.9999849911126345
791.881812,0.999962253712409
792.001414,0.9999514591781438
792.121016,0.9999847791158388
792.240618,0.9999913029378197
792.36022,0.999977387255672
792.479822,1.0
792.599424,0.999995690009288
792.719026,0.9999932400228487
792.838628,0.9999764552771814
792.95823,0.9999991651503485
793.077832,0.9999492032901965
793.197434,0.9999945138150491
793.317036,0.9999987639007639
793.436638,0.9999954600103058
793.55624,0.9999919516323883
793.675842,0.9999619297246913
793.795444,0.9999844631206986
793.915046,0.9999907248430145
794.034648,0.9999508642072026
794.15425,0.9999599748010296
794.273852,0.9999978636022822
794.393454,0.9999840661269455
794.513056,0.9999774932532807
794.632658,1.0
794.75226,0.9999728103696447
794.871862,0.9999612167520896
794.991464,1.0
795.111066,0.9999934478214656
795.230668,0.9999793432133544
795.35027,0.9999725663763087
795.469872,0.9999736983458946
795.589474,1.0
795.709076,0.9999846841172894
795.828678,0.9999663285668954
795.94828,0.9999821981584547
796.067882,0.9999847601161282
796.187484,0.9999532570924837
796.307086,0.9999918815329549
796.426688,0.9999709504219472
796.54629,0.9999761412846236
796.665892,1.0
796.785494,0.9999833551385272
796.905096,0.9999797132057798
797.024698,0.9999994749401379
797.1443,0.9999774292547231
797.263902,0.9999891590587634
797.383504,0.9999972681037317
797.503106,0.9999662905681757
797.622708,0.9999864500918009
797.74231,0.9999869350853468
797.861912,0.9999693124708718
797.981514,0.9999646196259002
798.101116,0.9999822301578856
798.220718,0.99998429212337
798.34032,0.9999756862955829
798.459922,0.9999907355429154
798.579524,0.9999751263093554
798.699126,0.999990601844163
798.818728,1.0
798.93833,0.9999868400865924
799.057932,0.9999953282109129
799.177534,0.9999761732838607
799.297136,0.9999737343449484
799.416738,1.0
799.53634,0.9999672525362099
799.655942,0.9999695374639924
799.775544,0.9999961437074355
799.895146,0.9999897820522036
800.014748,0.9999952279113864
800.13435,1.0
800.253952,0.9999969967045099
800.373554,0.999981015180214
800.493156,0.9999676125244856
800.612758,0.9999872900807717
800.73236,0.9999921387309
800.851962,1.0
800.971564,0.999989522054894
801.091166,0.9999975142030896
801.210768,0.9999995532400998
801.33037,0.9999956098096369
801.449972,0.9999790242199947
801.569574,0.9999924398285782
801.689176,0.9999652396041565
801.808778,1.0
801.92838,0.9999928022259041
802.047982,0.999966706554239
802.167584,0.9999927426263349
802.287186,0.9999920773313845
802.406788,0.9999861780955234
802.52639,0.9999992046703162
802.645992,0.9999894430557249
802.765594,0.9999956726093632
802.885196,0.9999966586055825
803.004798,0.9999895120549989
803.1244,0.9999910024404782
803.244002,0.9999697774567102
803.363604,0.999993626320312
803.483206,0.9999743083300366
803.602808,0.9999725723761441
803.72241,0.9999867350879798
803.842012,0.9999623137101461
803.961614,0.999980754185203
804.081216,0.9999886880639804
804.200818,0.9999981737016677
804.32042,0.9999802091958405
804.440022,0.9999957534090168
804.559624,0.9999951024119932
804.679226,0.9999583878658089
804.798828,0.9999410157396399
804.91843,1.0
805.038032,0.9999869030857653
805.157634,0.999969340470013
805.277236,0.9999654795958428
805.396838,0.9999866150895788
805.51644,0.999965748586593
805.636042,0.9999801201976058
805.755644,0.9999988125007051
805.875246,0.9999839721284477
805.994848,0.9999940364177822
806.11445,0.9999882200693839
806.234052,0.9999855751040398
806.353654,0.999974462326092
806.473256,0.9999601227951169
806.592858,0.9999660455764645
806.71246,0.9999848631145638
806.832062,0.9999838251308146
806.951664,0.9999948750131328
807.071266,1.0
807.190868,0.9999819341631891
807.31047,1.0
807.430072,0.9999558629740672
807.549674,0.9999656545898171
807.669276,0.9999693884685424
807.788878,0.9999745153247398
807.90848,0.9999839061295077
808.028082,0.9999310253788586
808.147684,0.9999848001155194
808.267286,0.9999800041999187
808.386888,0.9999813421740594
808.50649,0.9999303284271768
808.626092,0.9999618127291524
808.745694,0.9999994834301335
808.865296,0.9999864470918415
808.984898,0.9999671615391941
809.1045,0.999991828733385
809.224102,1.0
809.343704,0.9999609427627537
809.463306,0.9999865200908548
809.582908,1.0
809.70251,0.9999501452427897
809.822112,0.9999885940650481
809.941714,0.9999898880511261
810.061316,1.0
810.180918,0.9999418456910274
810.30052,0.9999626866961586
810.420122,1.0
810.539724,0.9999854981051535
810.659326,1.0
810.778928,0.9999551590053875
810.89853,1.0
811.018132,0.9999990003604996
811.137734,0.999929474487041
811.257336,0.9999370269828837
811.376938,1.0
811.49654,0.9999715484047543
811.616142,0.9999422606669794
811.735744,1.0
811.855346,1.0
811.974948,0.999947289389253
812.09455,0.9999978060024068
812.214152,0.9999905094450356
812.333754,1.0
812.453356,0.9999901021489841
812.572958,0.9999706614303843
812.69256,0.9999992867402544
812.812162,0.9999833661383443
812.931764,0.9999412527256887
813.051366,0.9999899660503404
813.170968,0.9999838911297493
813.29057,0.9999952272113898
813.410172,0.9999671465396868
813.529774,1.0
813.649376,0.9999708414251195
813.768978,0.9999722123860829
813.88858,0.9999417596960324
814.008182,1.0
814.127784,0.9999813531738542
814.247386,0.9999492202893332
814.366988,0.9999521491448887
814.48659,1.0
814.606192,0.9999965464059637
814.725794,0.9999331252362167
814.845396,0.9999772172595306
814.964998,0.9999711524160996
815.0846,1.0
815.204202,0.9999944941151574
815.323804,0.9999743393292406
815.443406,1.0
815.563008,0.999958669854114
815.68261,0.9999899060509443
815.802212,0.9999914618364504
815.921814,0.999940655760939
816.041416,0.9999397388157781
816.161018,0.9999998050100191
816.28062,0.9999869130856344
816.400222,0.9999855801039677
816.519824,0.9999927345263937
816.639426,0.9999607177715669
816.759028,0.9999628856887531
816.87863,0.9999906738434888
816.998232,0.9999995567100982
817.117834,1.0
817.237436,0.9999983222014075
817.357038,0.9999763332800612
817.47664,0.9999996203000721
817.596242,0.9999853651070911
817.715844,0.9999249168188832
817.835446,0.9999798032039581
817.955048,0.999977678249134
818.07465,1.0
818.194252,0.9999665575592109
818.313854,1.0
818.433456,0.9999976484027651
818.553058,0.9999786022289355
818.67266,0.9999810221800811
818.792262,0.9999326572676236
818.911864,0.9999783032353782
819.031466,0.9999763052807243
819.151068,1.0
819.27067,1.0
819.390272,1.0
819.509874,0.9999954419103881
819.629476,0.9999986758008768
819.749078,0.9999997893600222
819.86868,0.9999256657629263
819.988282,0.9999885030660902
820.107884,0.9999668835483618
820.227486,0.9999798272034736
820.347088,0.9999676845221563
820.46669,0.9999420366799382
820.586292,0.9999897590524388
820.705894,0.9999930357242507
820.825496,1.0
820.945098,0.9999830381438539
821.0647,0.99995693392737
821.184302,0.9999927571262297
821.303904,0.9999953302109035
821.423506,0.9999965081060966
821.543108,0.9999698764537231
821.66271,0.9999994625601444
821.782312,0.9999884640665394
821.901914,0.9999961762073107
822.021516,0.9999607227713705
822.141118,0.9999953637107476
822.26072,0.9999637606566608
822.380322,0.999969708458798
822.499924,0.9999856801025307
822.619526,0.9999883200682109
822.739128,0.9999943112161812
822.85873,0.9999814081728302
822.978332,1.0
823.097934,0.9999954635102899
823.217536,0.9999610157599053
823.337138,0.9999969705045889
823.45674,0.9999515791723261
823.576342,0.9999908795415916
823.695944,0.9999566769384709
823.815546,0.9999881380703532
823.935148,0.9999327792594153
824.05475,0.9999763772790209
824.174352,0.9999991440003664
824.293954,0.9999736473472373
824.413556,0.9999426136466598
824.533158,1.0
824.65276,0.9999837301323558
824.772362,0.9999975344030396
824.891964,0.9999527151179652
825.011566,0.9999652336043652
825.131168,0.9999591878328391
825.25077,0.9999693274704117
825.370372,0.9999559049722143
825.489974,1.0
825.609576,0.9999967343053324
825.729178,0.9999643906340285
825.84878,1.0
825.968382,1.0
826.087984,0.9999708414251195
826.207586,1.0
826.327188,0.9999920915312721
826.44679,0.9999941994168234
826.566392,0.999974178333385
826.685994,0.9999657865852922
826.805596,0.9999803321934139
826.925198,0.9999843251228522
827.0448,0.9999738143428503
827.164402,0.9999989214005817
827.284004,1.0
827.403606,0.9999975578029822
827.523208,0.9999936994198487
827.64281,0.9999984234012428
827.762412,0.9999973494035128
827.882014,0.9999698614541751
828.001616,0.9999755232995593
828.121218,0.9999694834656389
828.24082,0.9999809981805369
828.360422,1.0
828.480024,0.9999792192159235
828.599626,0.9999989929005071
828.719228,0.9999628416903871
828.83883,0.9999971984039244
828.958432,0.9999976825026854
829.078034,0.9999582178728974
829.197636,0.9999958582085773
829.317238,1.0
829.43684,0.9999971804039751
829.556442,0.9999826621503023
829.676044,0.9999678455169665
829.795646,0.9999674165308527
829.915248,0.999956110963152
830.03485,0.9999889560609847
830.154452,0.9999783042353565
830.274054,0.9999929806246359
830.393656,0.9999743883279845
830.513258,0.9999917040344117
830.63286,0.9999990217904784
830.752462,0.9999995884400847
830.872064,0.9999930872238934
830.991666,0.9999931114237264
831.111268,0.9999755622986055
831.23087,0.9999811781771327
831.350472,0.9999760792861049
831.470074,0.9999954284104497
831.589676,0.9999761462845044
831.709278,0.9999915377358052
831.82888,0.9999767262708374
831.948482,0.999974322329677
832.068084,0.9999809481814882
832.187686,0.9999969549046364
832.307288,0.9999881910697259
832.42689,0.9999934273216001
832.546492,0.9999944651153175
832.666094,0.9999978414023297
832.785696,0.9999828001479192
832.905298,0.9999999587840008
833.0249,0.9999861500959109
833.144502,0.9999798572028689
833.264104,0.9999817741660926
833.383706,0.9999541830496286
833.503308,0.999960739770703
833.62291,0.9999978213023734
833.742512,0.9999811131783582
833.862114,0.9999786532278456
833.981716,0.9999989835005166
834.101318,0.999974240331786
834.22092,0.9999880120718558
834.340522,1.0
834.460124,0.9999755922978728
834.579726,0.9999812481758177
834.699328,0.9999957551090096
834.81893,0.9999875740772024
834.938532,0.999970935422383
835.058134,0.9999855481044296
835.177736,0.999976615273427
835.297338,0.9999933116223673
835.41694,0.9999838051311383
835.536542,0.9999767492703024
835.656144,0.9999658515830705
835.775746,0.9999777242481083
835.895348,0.9999851501102607
836.01495,0.9999781232392998
836.134552,0.9999757742934472
836.254154,0.9999979411021195
836.373756,0.9999916234350836
836.493358,0.9999863540931062
836.61296,0.9999999714730005
836.732562,0.9999891580587743
836.852164,0.9999932032230981
836.971766,0.9999781742381854
837.091368,0.9999868010871065
837.21097,0.9999694894654558
837.330572,0.9999862610943796
837.450174,0.9999907949423668
837.569776,0.9999798772024662
837.689378,0.9999747573186019
837.80898,0.9999782642362252
837.928582,0.9999845491193661
838.048184,0.999979182216693
838.167786,0.9999790392196802
838.287388,0.9999962916068761
838.40699,0.9999826231509792
838.526592,0.9999875870770409
838.646194,0.9999855441044875
838.765796,0.9999841571254997
838.885398,0.9999784572320488
839.005,0.999987197081958
839.124602,0.999974407327498
839.244204,0.9999856401031043
839.363806,0.9999831341422302
839.483408,0.9999908222421159
839.60301,0.999981185177001
839.722612,0.9999879780722639
839.842214,0.999989408056095
839.961816,0.9999876180766566
840.081418,0.999984159125468
840.20102,0.9999824301543515
840.320622,0.9999657505865246
840.440224,0.9999861290962019
840.559826,0.999996148507417
840.679428,0.999995007012465
840.79903,0.9999738353423007
840.918632,0.9999813391741154
841.038234,0.9999767282707909
841.157836,0.9999841101262453
841.277438,0.9999797412052122
841.39704,0.9999743583287533
841.516642,0.9999811541775847
841.636244,0.999966057576057
841.755846,0.9999956302095475
841.875448,0.9999673045345083
841.99505,0.9999742813307306
842.114652,0.9999946608142535
842.234254,0.9999900683493191
842.353856,0.999988186069785
842.473458,0.9999814821714571
842.59306,0.9999721413880583
842.712662,0.9999853301076039
842.832264,0.9999875690772646
842.951866,0.9999774462543396
843.071468,0.9999846301181179
843.19107,0.9999830591434979
843.310672,0.999968597493069
843.430274,0.9999899860501399
843.549876,0.999976157284242
843.669478,0.9999804001920788
843.78908,0.9999769622653727
843.908682,0.9999718373965736
844.028284,0.9999746973201182
844.147886,0.9999769042667106
844.267488,0.9999689634816427
844.38709,0.9999923862289849
844.506692,0.9999829201458623
844.626294,0.9999912541382453
844.745896,0.9999785292305002
844.865498,0.9999767422704652
844.9851,0.9999704504365969
845.104702,0.9999723953810145
845.224304,0.9999895450546533
845.343906,0.999975793292987
845.463508,0.999968393499496
845.58311,0.9999832021410856
845.702712,0.9999870780834886
845.822314,0.9999905636445227
845.941916,0.9999838881297975
846.061518,0.999979308214078
846.18112,0.9999710824181214
846.300722,0.9999638246543436
846.420324,0.9999686324919705
846.539926,0.9999720333910729
846.659528,0.9999831451420447
846.77913,0.9999903179468714
846.898732,0.9999824781535094
847.018334,0.9999887830629103
847.137936,0.9999774532541817
847.257538,0.9999816861677002
847.37714,0.9999771372613564
847.496742,0.9999710274197133
847.616344,0.9999792572151346
847.735946,0.999963506665898
847.855548,0.9999659525796266
847.97515,0.9999817261669686
848.094752,0.9999708694243035
848.214354,0.9999700164495157
848.333956,0.9999760742862245
848.453558,0.9999773422566905
848.57316,0.999967765519542
848.692762,0.9999721563876406
848.812364,0.9999835011361078
848.931966,0.9999788332240194
849.051568,0.9999707634273969
849.17117,0.9999830901429733
849.290772,0.9999647046228964
849.410374,0.9999730883621246
849.529976,0.9999793922123433
849.649578,0.9999754213020612
849.76918,0.999963121680022
849.888782,0.9999819951620891
850.008384,0.9999848251151398
850.127986,0.99998473311654
850.247588,0.9999874470787886
850.36719,0.9999763372799666
850.486792,0.9999701964441348
850.606394,0.9999764692768518
850.725996,0.9999819041637317
850.845598,0.9999645446285566
850.9652,0.9999788882228567
851.084802,0.9999695984621361
851.204404,0.9999795662087727
851.324006,0.9999776792491116
851.443608,0.9999766512725857
851.56321,0.9999677195210259
851.682812,0.9999829521453163
851.802414,0.9999709684214244
851.922016,0.9999783102352263
852.041618,0.9999852661085449
852.16122,0.9999809351817359
852.280822,0.9999791462174431
852.400424,0.9999656835888215
852.520026,0.9999616087369634
852.639628,0.9999761872835272
852.75923,0.999979123217923
852.878832,0.999972594375541
852.998434,0.999977110261974
853.118036,0.999968954481922
853.237638,0.9999708694243035
853.35724,0.9999765842741524
853.476842,0.9999757122949511
853.596444,0.9999790372197221
853.716046,0.9999781732382073
853.835648,0.9999788722231946
853.95525,0.9999742223322498
854.074852,0.9999731403607266
854.194454,0.9999770752627758
854.314056,0.9999705054349732
854.433658,0.999959225831289
854.55326,0.9999691834748389
854.672862,0.9999677955185754
854.792464,0.9999653486003737
854.912066,0.9999744833255558
855.031668,0.9999715494047259
855.15127,0.9999688094864342
855.270872,0.9999594048240065
855.390474,0.9999665755586091
855.510076,0.9999628566898299
855.629678,0.9999755232995593
855.74928,0.9999670285435704
855.868882,0.9999732623574571
855.988484,0.9999739193401064
856.108086,0.9999724873784791
856.227688,0.999981583169592
856.34729,0.9999772372590752
856.466892,0.9999633976698816
856.586494,0.9999835541352348
856.706096,0.9999867050883782
856.825698,0.9999628196912048
856.9453,0.99997009444718
857.064902,0.9999526031232675
857.184504,0.9999885040660788
857.304106,0.9999642546388806
857.423708,0.9999765702744803
857.54331,0.9999658595827973
857.662912,0.9999629476864539
857.782514,0.9999704534365083
857.902116,0.9999728823676897
858.021718,0.9999724613791948
858.14132,0.9999553209981363
858.260922,0.9999728663681237
858.380524,0.9999730693626361
858.500126,0.9999678445169986
858.619728,0.9999611587543407
858.73933,0.9999702284431816
858.858932,0.9999608167676829
858.978534,0.9999671015411662
859.098136,0.999969969450926
859.217738,0.9999634146692595
859.33734,0.9999584128647688
859.456942,0.9999626496975399
859.576544,0.9999711964148312
859.696146,0.9999631696782529
859.815748,0.999970592432411
859.93535,0.9999597878085319
860.054952,0.9999693554695532
860.174554,0.999983479136471
860.294156,0.9999557179804776
860.413758,0.9999636336612713
860.53336,0.9999750843104009
860.652962,0.9999739823384652
860.772564,0.999968030511035
860.892166,0.9999800481990399
861.011768,0.9999697764567405
861.13137,0.9999668755486267
861.250972,0.9999669625457487
861.370574,0.9999601747930447
861.490176,0.9999658465832412
861.609778,0.9999649516142091
861.72938,0.9999497732614049
861.848982,0.9999737323450009
861.968584,0.9999750623109493
862.088186,0.9999676125244856
862.207788,0.9999755092999021
862.32739,0.999960911763965
862.446992,0.9999681985056782
862.566594,0.9999725083779015
862.686196,0.9999616677347001
862.805798,0.9999934430214971
862.9254,0.9999729283664432
863.045002,0.9999669365466081
863.164604,0.9999670565426476
863.284206,0.9999757682935926
863.403808,0.999975391302799
863.52341,0.9999783292348144
863.643012,0.9999558349753034
863.762614,0.9999622037142976
863.882216,0.999969309470964
864.001818,0.9999786902270564
864.12142,0.9999664105641377
864.241022,0.9999599978001094
864.360624,0.9999727493713051
864.480226,0.999961723732555
864.599828,0.9999828371472834
864.71943,0.9999713984090333
864.839032,0.9999671595392597
864.958634,0.999965964579218
865.078236,0.9999677485200902
865.197838,0.999961543739461
865.31744,0.9999666995544721
865.437042,0.9999662655690187
865.556644,0.999965748586593
865.676246,0.999980909182232
865.795848,0.9999691664753629
865.91545,0.9999646546246626
866.035052,0.9999733973538567
866.154654,0.9999677285207353
866.274256,0.9999685934931947
866.393858,0.9999610907569842
866.51346,0.9999709144229936
866.633062,0.9999740373370357
866.752664,0.9999661315735481
866.872266,0.999976991264705
866.991868,0.9999713624100636
867.11147,0.9999764552771814
867.231072,0.9999576388972569
867.350674,0.9999650946092074
867.470276,0.9999680715097251
867.589878,0.9999585928572994
867.70948,0.999973180359653
867.829082,0.999971736399423
867.948684,0.9999779162438497
868.068286,0.9999647366217675
868.187888,0.9999626566972785
868.30749,0.9999745943227297
868.427092,0.9999726173749109
868.546694,0.9999609017643559
868.666296,0.9999705784328228
868.785898,0.999971387409348
868.9055,0.9999651696065922
869.025102,0.9999741863331785
869.144704,0.9999696734598588
869.264306,0.9999818021655826
869.383908,0.9999670485429112
869.50351,0.9999816631681218
869.623112,0.9999704214374543
869.742714,0.9999748913152283
869.862316,0.9999642076405618
869.981918,0.9999733933539631
870.10152,0.9999716534017724
870.221122,0.9999796122078338
870.340724,0.9999651026089281
870.460326,0.9999753773031436
870.579928,0.9999710954177455
870.69953,0.999967011544131
870.819132,0.9999701574452979
870.938734,0.9999693384700743
871.058336,0.999962210714033
871.177938,0.9999817271669502
871.29754,0.9999645686277059
871.417142,0.9999729453659832
871.536744,0.99997382734251
871.656346,0.9999744963252243
871.775948,0.9999714164085186
871.89555,0.9999661235738191
872.015152,0.9999647126226141
872.134754,0.9999767412704884
872.254356,0.999964794619724
872.373958,0.9999798772024662
872.49356,0.9999663545660203
872.613162,0.9999777392477742
872.732764,0.9999637316577122
872.852366,0.9999655695927401
872.971968,0.9999823731553547
873.09157,0.9999773112573934
873.211172,0.9999752353066501
873.330774,0.9999761392846714
873.450376,0.9999729463659561
873.569978,0.9999670805418572
873.68958,0.9999828571469404
873.809182,0.9999746823204979
873.928784,0.9999722883839739
874.048386,0.9999711144171964
874.167988,0.9999771282615622
874.28759,0.9999677165211227
874.407192,0.9999799452011001
874.526794,0.9999839111294273
874.646396,0.9999713484104646
874.765998,0.9999662195705715
874.8856,0.9999707394280989
875.005202,0.9999731453605922
875.124804,0.9999789772209817
875.244406,0.9999755152997551
875.364008,0.9999676945218332
875.48361,0.9999728323690468
875.603212,0.9999734383527668
875.722814,0.999967126540344
875.842416,0.9999780852401319
875.962018,0.9999710154200611
876.08162,0.9999706524306483
876.201222,0.9999740713361536
876.320824,0.9999844471209473
876.440426,0.9999805091899483
876.560028,0.9999842071247088
876.67963,0.9999770852625466
876.799232,0.9999749363140994
876.918834,0.9999774882533932
877.038436,0.9999735073509364
877.158038,0.9999781382389717
877.27764,0.9999701034469108
877.397242,0.9999718523961513
877.516844,0.9999812421759302
877.636446,0.9999855411045309
877.756048,0.9999717473991122
877.87565,0.9999785012311019
877.995252,0.9999768372682603
878.114854,0.9999750403114982
878.234456,0.9999786432280591
878.354058,0.9999855871038668
878.47366,0.9999770512633263
878.593262,0.999983098142838
878.712864,0.999970985420931
878.832466,0.9999692444729609
878.952068,0.9999705424338826
879.07167,0.9999732903567089
879.191272,0.9999791692169637
879.310874,0.9999724713789194
879.430476,0.9999978366023401
879.550078,0.9999752073073439
879.66968,0.9999758672911985
879.789282,0.9999734083535641
879.908884,0.9999762512820053
880.028486,0.9999794872103901
880.148088,0.9999887820629215
880.26769,0.9999760622865116
880.387292,0.9999721053890619
880.506894,0.9999897320527157
880.626496,0.9999793562130859
880.746098,0.9999832191408002
880.8657,0.9999865530904105
880.985302,0.9999785932291282
881.104904,0.9999693164707492
881.224506,0.9999720633902344
881.344108,0.9999892640576307
881.46371,0.9999861630957309
881.583312,0.999982629150875
881.702914,0.9999819731624854
881.822516,0.9999833541385439
881.942118,0.9999862440946133
882.06172,0.9999789542214655
882.181322,0.9999921990304277
882.300924,0.9999909828406548
882.420526,0.9999698214553815
882.540128,0.999982001161981
882.65973,0.9999783532342946
882.779332,0.9999709194228482
882.898934,0.9999879510725889
883.018536,0.9999662685689175
883.138138,0.9999891810585252
883.25774,0.9999794312115404
883.377342,0.999982764148539
883.496944,0.9999803921922356
883.616546,0.9999981625016882
883.736148,0.9999896590534679
883.85575,0.9999798382032518
883.975352,0.9999724423797182
884.094954,0.9999874360789267
884.214556,0.9999853031080004
884.334158,0.9999831561418594
884.45376,0.9999816601681768
884.573362,0.9999868120869613
884.692964,0.9999758782909332
884.812566,0.9999862310947922
884.932168,0.9999774802535732
885.05177,0.9999858411002381
885.171372,0.9999814391722543
885.290974,0.9999839721284477
885.410576,0.9999743413291893
885.530178,0.9999814331723657
885.64978,0.9999979680020645
885.769382,0.9999842591238889
885.888984,0.9999994793601356
886.008586,0.9999897520525106
886.128188,0.9999794492111703
886.24779,0.9999730413633906
886.367392,0.9999883400679775
886.486994,0.9999841491256264
886.606596,0.9999971394040915
886.726198,0.9999803361933352
886.8458,1.0
886.965402,0.9999853171077947
887.085004,0.9999739623389858
887.204606,0.999994989412553
887.324208,0.9999887080637544
887.44381,0.9999851351104836
887.563412,0.9999848931141101
887.683014,0.9999965061061037
887.802616,0.9999773982554233
887.922218,0.9999845541192889
888.04182,0.9999712934120419
888.161422,0.999979770204625
888.281024,0.9999850641115415
888.400626,0.9999895120549989
888.520228,0.9999904753453598
888.63983,0.9999798492030301
888.759432,0.9999984796011558
888.879034,0.9999729043670933
888.998636,0.9999872820808734
889.118238,0.99999975495003
889.23784,0.999989537054737
889.357442,0.9999855511043862
889.477044,0.9999948345133411
889.596646,0.999989347056743
889.716248,0.9999802891942605
889.83585,0.9999838171309441
889.955452,0.9999842761236214
890.075054,0.9999792052162145
890.194656,0.9999909424410199
890.314258,0.9999838321307014
890.43386,0.9999952233114084
890.553462,0.999991667434716
890.673064,0.9999817971656736
890.792666,0.9999863480931881
890.912268,0.9999792912144299
891.03187,0.9999822381577433
891.151472,0.9999788132244429
891.271074,0.9999903201468501
891.390676,0.9999923040296141
891.510278,0.9999828301474036
891.62988,0.9999942449165605
891.749482,0.9999932199229848
891.869084,0.9999996365700661
891.988686,0.9999942487165387
892.108288,0.9999746103223234
892.22789,0.9999952829111255
892.347492,0.9999819641626476
892.467094,0.9999778042463294
892.586696,0.9999893730564664
892.706298,0.999987699075657
892.8259,0.9999989655005351
892.945502,0.9999823381559722
893.065104,0.999992041131672
893.184706,0.9999911820388785
893.304308,0.9999945603147952
893.42391,0.9999928166258005
893.543512,0.9999877880745661
893.663114,0.9999881910697259
893.782716,0.9999875540774511
893.902318,0.9999912336384248
894.02192,0.9999932040230928
894.141522,0.9999767602700467
894.261124,0.999994045517728
894.380726,0.9999933206223072
894.500328,0.9999853151078241
894.61993,0.9999842211244878
894.739532,0.9999977442025443
894.859134,0.9999773072574841
894.978736,0.9999859140992072
895.098338,0.9999824281543866
895.21794,0.9999842601238732
895.337542,0.999993776019369
895.457144,0.9999834911362728
895.576746,0.9999861230962851
895.696348,0.9999962233071317
895.81595,0.9999960375078507
895.935552,0.9999884850662973
896.055154,0.9999854251062148
896.174756,0.9999807231858002
896.294358,0.9999867170882186
896.41396,0.9999907859424497
896.533562,0.999990514144991
896.653164,0.999986554090397
896.772766,0.9999974958031355
896.892368,0.9999900509494921
897.01197,0.9999937471195494
897.131572,0.9999956060096536
897.251174,0.9999941770169536
897.370776,0.9999990504504508
897.490378,0.9999961451074301
897.60998,0.9999993410602172
897.729582,0.9999993672302002
897.849184,0.9999998643300092
897.968786,0.9999929715246999
898.088388,0.999991449236558
898.20799,0.9999872430813702
898.327592,0.999982940145521
898.447194,0.9999905797443709
898.566796,0.9999772242593711
898.686398,0.9999871090830886
898.806,0.9999992843002561
898.925602,0.999989150058861
899.045204,0.9999906245439498
899.164806,0.9999942711164101
899.284408,0.9999996104200759
899.40401,0.9999946868141151
899.523612,0.9999800991980236
899.643214,0.999982161159114
899.762816,0.9999906528436849
899.882418,0.9999943634158855
900.00202,0.9999928413256234
900.121622,0.9999905328448138
900.241224,0.9999838001312192
900.360826,0.9999926414270744
900.480428,0.9999903331467244
900.60003,0.9999845351195825
900.719632,0.999987647076298
900.839234,0.9999902061479601
900.958836,0.9999896550535093
901.078438,0.9999873420801122
901.19804,0.9999954243104685
901.317642,0.9999897890521321
901.437244,0.9999987024008419
901.556846,0.999999498100126
901.676448,0.999998845900666
901.79605,0.9999998185700164
901.915652,0.9999921620307171
902.035254,0.9999991173503895
902.154856,0.9999937234196978
902.274458,0.9999988692006394
902.39406,0.9999844561208073
902.513662,0.9999964312063682
902.633264,0.9999878290740664
902.752866,0.9999985429010616
902.872468,0.9999898930510756
902.99207,1.0
903.111672,0.9999968222050492
903.231274,0.9999876610761251
903.350876,0.9999946910140927
903.470478,0.9999881780698796
903.59008,0.999990645343755
903.709682,0.9999957552090092
903.829284,0.9999878000744197
903.948886,0.9999915024361045
904.068488,1.0
904.18809,0.9999943061162102
904.307692,1.0
904.427294,0.9999831301422977
904.546896,1.0
904.666498,0.9999985656010287
904.7861,0.9999994258901648
904.905702,0.9999944431154395
905.025304,0.9999968392049953
905.144906,0.9999950221123898
905.264508,0.999999181490335
905.38411,0.9999986327009348
905.503712,0.9999940292178252
905.623314,0.9999870140843178
905.742916,0.9999837271324046
905.862518,0.9999884670665048
905.98212,0.9999871580824581
906.101722,0.9999899220507829
906.221324,0.999992391728943
906.340926,0.9999963991064832
906.460528,0.9999896370536957
906.58013,1.0
906.699732,1.0
906.819334,0.9999936661200591
906.938936,0.999997544003016
907.058538,0.999997851502308
907.17814,0.9999948453132854
907.297742,0.9999967372053229
907.417344,0.9999850671114967
907.536946,0.9999956937092721
907.656548,0.9999912476383022
907.77615,0.9999906073441113
907.895752,0.999998744600788
908.015354,0.9999915994352849
908.134956,0.9999906509437027
908.254558,1.0
908.37416,0.9999910898396958
908.493762,0.9999946408143605
908.613364,0.999996864404916
908.732966,1.0
908.852568,0.9999976432027773
908.97217,0.9999896010540694
909.091772,0.9999975508029992
909.211374,0.9999914098368957
909.330976,0.9999891750585901
909.450578,0.9999885810651965
909.57018,0.9999972763037093
909.689782,0.9999963382067044
909.809384,0.9999985374010696
909.928986,0.9999903586464781
910.048588,0.9999861560958277
910.16819,0.9999998186900164
910.287792,0.9999884670665048
910.407394,0.9999995109501196
910.526996,0.9999969944045168
910.646598,0.9999848081153978
910.7662,0.9999884440667703
910.885802,0.9999872530812427
911.005404,0.9999862780941462
911.125006,0.9999999266360027
911.244608,0.9999927128265516
911.36421,0.9999952115114649
911.483812,0.9999952676111978
911.603414,0.999990623243962
911.723016,0.9999923473292819
911.842618,0.9999988800006272
911.96222,0.9999931211236596
912.081822,0.9999926927266982
912.201424,1.0
912.321026,0.9999928492255669
912.440628,0.9999969002048044
912.56023,0.9999944172155838
912.679832,0.9999935104210574
912.799434,0.9999975167030833
912.919036,0.9999932205229808
913.038638,0.9999906282439152
913.15824,0.9999957013092394
913.277842,0.9999981122017819
913.397444,0.9999920084319327
913.517046,0.9999996016400794
913.636648,0.9999978687022713
913.75625,0.9999853681070472
913.875852,0.999993832019022
913.995454,0.9999972537037711
914.115056,0.9999918626331086
914.234658,0.9999917543339957
914.35426,0.999999130460378
914.473862,0.9999973083036227
914.593464,0.9999921099311267
914.713066,0.9999986705008838
914.832668,1.0
914.95227,0.9999997292000367
915.071872,1.0
915.191474,0.9999920071319431
915.311076,0.999997856202298
915.430678,0.9999971535040513
915.55028,0.9999969461046632
915.669882,0.9999788552235539
915.789484,0.9999971430040813
915.909086,0.9999909418410253
916.028688,0.9999934881212024
916.14829,0.9999937551194994
916.267892,0.9999989206005826
916.387494,0.9999988259006892
916.507096,0.9999980955018135
916.626698,0.9999959548081818
916.7463,0.999990245447576
916.865902,0.9999996486800617
916.985504,0.9999937906192783
917.105106,0.9999991462403645
917.224708,0.9999962497070324
917.34431,0.9999976428027781
917.463912,0.9999993063702406
917.583514,0.9999951123119448
917.703116,0.9999989747005256
917.822718,0.9999919206326383
917.94232,0.9999972325038295
918.061922,0.9999941561170755
918.181524,0.9999945997145816
918.301126,0.9999914708363735
918.420728,1.0
918.54033,0.9999952547112589
918.659932,1.0
918.779534,0.9999974067033626
918.899136,0.9999923033296195
919.018738,1.0
919.13834,0.9999931178236823
919.257942,0.9999876290765205
919.377544,0.9999997481700317
919.497146,1.0
919.616748,0.9999901781482347
919.73635,1.0
919.855952,0.9999927613261993
919.975554,0.9999999954243
920.095156,0.9999983431013727
920.214758,0.9999932158230126
920.33436,0.9999983604013442
920.453962,0.9999907019432271
920.573564,0.9999988917006142
920.693166,0.9999974078033598
920.812768,1.0
920.93237,0.9999879910721078
921.051972,0.9999952667112021
921.171574,1.0
921.291176,0.9999994870501315
921.410778,1.0
921.53038,0.9999889760607641
921.649982,1.0
921.769584,0.99999853710107
921.889186,0.9999911098395177
922.008788,1.0
922.12839,0.9999843191229463
922.247992,0.9999974363032863
922.367594,1.0
922.487196,0.9999979422021172
922.606798,0.9999935353208961
922.7264,0.999999865870009
922.846002,0.9999999651430006
922.965604,0.9999999739160004
923.085206,0.9999908169421645
923.204808,0.9999999485050013
923.32441,0.9999949146129307
923.444012,0.9999966339056653
923.563614,0.9999987888007335
923.683216,0.9999994627401443
923.802818,0.9999976555027483
923.92242,0.9999929562248075
924.042022,0.9999954867101849
924.161624,0.9999891330590456
924.281226,0.9999971819039708
924.400828,1.0
924.52043,0.9999998784200074
924.640032,0.99999447551526
924.759634,0.9999973680034637
924.879236,0.9999928009259135
924.998838,1.0
925.11844,0.9999839581286722
925.238042,0.999992739026361
925.357644,0.9999786242284651
925.477246,0.9999902062479591
925.596848,0.9999975662029617
925.71645,0.999986770087516
925.836052,0.9999957823088945
925.955654,1.0
926.075256,0.9999895690544027
926.194858,1.0
926.31446,0.9999901677483369
926.434062,0.9999998745200078
926.553664,1.0
926.673266,0.9999947163139588
926.792868,1.0
926.91247,1.0
927.032072,0.9999879590724926
927.151674,0.999986288094009
927.271276,0.999997912902178
927.390878,0.9999964303063714
927.51048,0.9999951987115262
927.630082,0.9999949415127942
927.749684,0.9999934828212369
927.869286,0.9999869900846297
927.988888,0.9999952839111208
928.10849,0.9999985445010593
928.228092,0.9999996330900673
928.347694,0.9999897960520606
928.467296,1.0
928.586898,0.9999918406332878
928.7065,0.9999999260470027
928.826102,0.9999973318035597
928.945704,0.9999982534015253
929.065306,0.9999889360612059
929.184908,0.9999959673081313
929.30451,0.9999920004319968
929.424112,1.0
929.543714,0.9999998797000073
929.663316,0.9999933000224449
929.782918,0.9999973406035362
929.90252,0.9999967389053174
930.022122,0.9999943587159121
930.141724,0.9999888970616381
930.261326,0.9999983982012829
930.380928,0.9999967736052048
930.50053,0.9999866370892845
930.620132,0.9999879470726372
930.739734,1.0
930.859336,0.9999978588022924
930.978938,0.9999903164468859
931.09854,0.9999940125179251
931.218142,0.9999952405113264
931.337744,0.9999977849024533
931.457346,0.9999968598049305
931.576948,0.9999969587046248
931.69655,0.9999978569022965
931.816152,0.9999935542207741
931.935754,0.9999845271197062
932.055356,0.9999977556025187
932.174958,0.999999988811
932.29456,0.9999900103498969
932.414162,0.9999993886601869
932.533764,0.9999939205184801
932.653366,0.9999999351600021
932.772968,0.9999923843289994
932.89257,0.9999973204035901
933.012172,1.0
933.131774,0.9999953175109629
933.251376,0.9999919848321216
933.370978,0.9999992799302593
933.49058,0.9999881920697141
933.610182,0.999999988644
933.729784,0.9999990508204505
933.849386,0.9999961289074927
933.968988,0.9999968521049546
934.08859,0.9999923603291825
934.208192,0.9999981310017466
934.327794,0.9999854171063314
934.447396,0.9999918726330272
934.566998,1.0
934.6866,0.9999863850926837
934.806202,0.9999903085469625
934.925804,1.0
935.045406,1.0
935.165008,0.9999999029000047
935.28461,1.0
935.404212,1.0
935.523814,0.9999881380703532
935.643416,0.9999840511271846
935.763018,0.9999863850926837
935.88262,0.9999835901346433
936.002222,1.0
936.121824,0.9999994809001347
936.241426,0.9999882710687844
936.361028,1.0
936.48063,0.9999915600356167
936.600232,0.9999903323467321
936.719834,0.9999985241010891
936.839436,0.999998454001195
936.959038,0.9999951699116649
937.07864,0.9999972440037977
937.198242,0.9999741773334108
937.317844,1.0
937.437446,0.9999876890757801
937.557048,0.9999944648153192
937.67665,0.9999912945378927
937.796252,0.9999991202203871
937.915854,0.9999966163057247
938.035456,0.9999987191008204
938.155058,0.9999997942200212
938.27466,0.9999942904162997
938.394262,0.9999887730630225
938.513864,0.9999917973336421
938.633466,0.9999950346123275
938.753068,0.9999974281033074
938.87267,1.0
938.992272,0.9999900768492348
939.111874,1.0
939.231476,1.0
939.351078,0.999996195807236
939.47068,0.9999976886026712
939.590282,0.999981265175499
939.709884,0.9999889410611505
939.829486,0.9999921584307453
939.949088,0.9999961577073816
940.06869,0.9999894350558094
940.188292,0.9999963540066467
940.307894,0.9999987817007421
940.427496,0.999979589208303
940.547098,0.9999917608339421
940.6667,1.0
940.786302,0.9999937560194937
940.905904,1.0
941.025506,0.9999969428046732
941.145108,0.9999938317190239
941.26471,0.9999989464005551
941.384312,0.9999938417189623
941.503914,0.9999925203279729
941.623516,0.9999995819700874
941.743118,0.9999951753116388
941.86272,1.0
941.982322,0.9999924020288647
942.101924,0.9999993973901816
942.221526,0.9999990525604489
942.341128,0.9999924177287456
942.46073,0.9999991583103542
942.580332,1.0
942.699934,0.999991263438164
942.819536,1.0
942.939138,0.9999972177038706
943.05874,0.9999997725500258
943.178342,0.999995571009808
943.297944,0.9999946200144721
943.417546,0.9999990147204854
943.537148,0.9999996239600707
943.65675,0.9999949487127578
943.776352,0.9999965098060908
943.895954,1.0
944.015556,0.9999950675121647
944.135158,0.9999983257014017
944.25476,0.999992527527919
944.374362,0.9999983990012816
944.493964,0.9999996905100479
944.613566,0.9999952907110887
944.733168,0.9999899130508736
944.85277,0.9999856181034205
944.972372,0.9999976634027299
945.091974,0.9999920391316879
945.211576,0.9999990952804093
945.331178,0.9999992379102904
945.45078,0.9999919521323842
945.570382,0.9999887340634611
945.689984,0.9999971602040322
945.809586,0.9999970239044286
945.929188,0.9999910035404684
946.04879,0.9999889030615715
946.168392,0.9999901813482033
946.287994,0.9999968173050647
946.407596,0.9999922326301661
946.527198,0.9999991422003679
946.6468,1.0
946.766402,0.9999962929068713
946.886004,0.9999936171203707
947.005606,1.0
947.125208,0.9999993192102318
947.24481,0.9999851241106471
947.364412,0.9999990305304699
947.484014,0.999997700002645
947.603616,0.9999980014019972
947.723218,0.9999993791801927
947.84282,0.9999980082019836
947.962422,0.9999913306375792
948.082024,0.9999996290100688
948.201626,0.9999974808031732
948.321228,0.9999923300294143
948.44083,0.9999948218134068
948.560432,1.0
948.680034,0.9999963984064858
948.799636,0.9999954947101488
948.919238,0.9999985645010303
949.03884,0.9999872540812299
949.158442,1.0
949.278044,1.0
949.397646,0.9999965448059692
949.517248,1.0
949.63685,1.0
949.756452,0.9999957539090146
949.876054,0.9999896340537268
949.995656,0.9999936755199996
950.115258,0.9999875350776878
950.23486,0.9999949315128448
950.354462,1.0
950.474064,1.0
950.593666,0.9999991032304021
950.713268,0.9999957493090342
950.83287,0.9999972324038298
950.952472,0.9999955473099132
951.072074,0.9999999293460025
951.191676,0.999994493115163
951.311278,0.9999925709275957
951.43088,0.9999964942061453
951.550482,0.9999963032068332
951.670084,0.9999968740048859
951.789686,0.9999954821102057
951.909288,0.9999987016008429
952.02889,0.9999862350947372
952.148492,0.9999995984900806
952.268094,0.9999888460622056
952.387696,0.9999966419056384
952.507298,0.999992174930616
952.6269,0.9999960615077559
952.746502,0.9999921595307366
952.866104,1.0
952.985706,0.9999959838080649
953.105308,0.999996355006643
953.22491,0.9999930706240082
953.344512,0.9999946214144646
953.464114,0.9999987657007617
953.583716,0.9999998395400129
953.703318,0.9999965250060378
953.82292,0.9999998893900062
953.942522,0.9999932108230466
954.062124,0.9999995052101224
954.181726,0.999992940124921
954.301328,0.9999998229200157
954.42093,0.9999988778006297
954.540532,0.9999982709014948
954.660134,0.9999947488137876
954.779736,0.9999946483143203
954.899338,0.9999930842239141
955.01894,0.9999922506300265
955.138542,0.9999864240921534
955.258144,0.9999968219050501
955.377746,0.9999899450505514
955.497348,0.9999957910088578
955.61695,0.9999999114300039
955.736552,0.999998865100644
955.856154,0.9999980871018296
955.975756,0.9999943033162262
956.095358,0.9999994877101313
956.21496,0.9999961732073221
956.334562,0.9999953453108331
956.454164,1.0
956.573766,0.9999969927045219
956.693368,0.9999975335030418
956.81297,0.9999992199403043
956.932572,0.9999952655112078
957.052174,0.9999944849152081
957.171776,0.9999937051198129
957.291378,0.999999937256002
957.41098,0.999995993008028
957.530582,0.9999999172910035
957.650184,0.999990685843377
957.769786,0.9999924627284054
957.889388,0.9999974507032494
958.00899,0.9999992143003087
958.128592,0.9999997488900315
958.248194,0.999998577401012
958.367796,0.9999893060571806
958.487398,0.9999917230342543
958.607,0.999994889613058
958.726602,0.9999988378006753
958.846204,1.0
958.965806,0.9999982031016145
959.085408,0.9999979638020731
959.20501,0.9999958213087308
959.324612,0.999998918400585
959.444214,0.9999996390200652
959.563816,0.9999946655142284
959.683418,1.0
959.80302,0.999993002724481
959.922622,1.0
960.042224,0.9999929962245265
960.161826,0.9999951601117123
960.281428,0.999994402315667
960.40103,1.0
960.520632,1.0
960.640234,0.9999995140101181
960.759836,0.9999891900584278
960.879438,0.9999994878301312
960.99904,1.0
961.118642,0.9999987617007667
961.238244,0.9999890020604778
961.357846,1.0
961.477448,0.9999973804034311
961.59705,1.0
961.716652,0.9999934323215673
961.836254,0.999988784062899
961.955856,0.999994211216755
962.075458,0.9999914977361445
962.19506,0.9999949274128657
962.314662,1.0
962.434264,0.9999938721187756
962.553866,1.0
962.673468,0.9999957818088966
962.79307,0.9999878580737138
962.912672,0.9999951655116862
963.032274,0.999999956016001
963.151876,0.9999923077295857
963.271478,0.9999949849125755
963.39108,1.0
963.510682,0.9999976806026898
963.630284,0.9999943394160211
963.749886,0.999998539201067
963.869488,1.0
963.98909,0.9999903079469683
964.108692,1.0
964.228294,0.9999968576049373
964.347896,0.9999931999231206
964.467498,0.9999853011080297
964.5871,0.9999990348504657
964.706702,0.9999993280302257
964.826304,0.9999916096351993
964.945906,0.999997355003498
965.065508,0.9999925659276329
965.18511,0.9999906527436859
965.304712,1.0
965.424314,0.999993597520496
965.543916,0.9999980636018748
965.663518,0.9999962419070616
965.78312,0.9999930745239812
965.902722,0.9999996108300757
966.022324,0.9999999153690036
966.141926,1.0
966.261528,0.9999986881008606
966.38113,0.9999961543073947
966.500732,1.0
966.620334,0.9999991804103359
966.739936,0.9999889260613165
966.859538,0.9999961385074556
966.97914,0.9999914923361903
967.098742,0.9999851861097268
967.218344,0.9999898160518568
967.337946,0.9999962099071824
967.457548,0.999990801542306
967.57715,0.9999963675065975
967.696752,0.9999927267264503
967.816354,0.999991909032732
967.935956,0.9999920405316768
968.055558,0.9999927437263268
968.17516,0.9999980413019183
968.294762,1.0
968.414364,0.9999951565117298
968.533966,0.9999985896009946
968.653568,0.9999973572034921
968.77317,0.9999987523007784
968.892772,0.9999890140603459
969.012374,0.9999999024450048
969.131976,0.9999978608022881
969.251578,0.9999941320172167
969.37118,0.9999968176050639
969.490782,0.9999970029044913
969.610384,0.9999974307033006
969.729986,0.9999999411190017
969.849588,0.9999930339242632
969.96919,0.9999948669131743
970.088792,0.9999916171351364
970.208394,0.9999977099026223
970.327996,1.0
970.447598,1.0
970.5672,0.9999985559010427
970.686802,1.0
970.806404,1.0
970.926006,0.9999915149359984
971.045608,1.0
971.16521,0.9999947334138685
971.284812,0.9999938855186935
971.404414,0.9999975344030396
971.524016,0.9999937416195838
971.643618,0.9999942593164778
971.76322,0.9999951312118526
971.882822,0.9999989772005231
972.002424,0.9999997796400243
972.122026,0.999996035907857
972.241628,0.9999967042054312
972.36123,0.9999958232087228
972.480832,0.9999919952320383
972.600434,1.0
972.720036,0.9999999511860012
972.839638,0.9999976199028324
972.95924,0.9999999430070017
973.078842,0.9999962762069333
973.198444,0.9999976242028222
973.318046,0.9999937483195418
973.437648,0.9999895430546742
973.55725,0.9999934210216416
973.676852,0.9999881450702702
973.796454,0.9999988361006773
973.916056,0.9999960957076218
974.035658,0.9999988931006126
974.15526,0.9999987178008221
974.274862,0.9999972585037579
974.394464,1.0
974.514066,0.9999865340906662
974.633668,0.9999974662032101
974.75327,1.0
974.872872,0.9999975434030174
974.992474,0.9999935708206673
975.112076,0.999997304103634
975.231678,0.9999916235350828
975.35128,0.9999945763147082
975.470882,0.9999909699407712
975.590484,0.999995062612189
975.710086,0.9999953875106375
975.829688,0.9999922278302035
975.94929,0.9999967373053226
976.068892,0.9999945118150602
976.188494,0.9999968380049992
976.308096,0.9999987908007311
976.427698,0.9999905507446445
976.5473,0.9999994731401388
976.666902,0.999999097830407
976.786504,0.9999924630284032
976.906106,0.9999954514103448
977.025708,0.9999892570577058
977.14531,0.999998921100582
977.264912,0.9999934840212291
977.384514,0.9999913017378301
977.504116,0.9999980228019547
977.623718,0.9999986060009716
977.74332,0.9999904857452608
977.862922,1.0
977.982524,0.9999991505503608
978.102126,0.9999977350025651
978.221728,0.9999955308099868
978.34133,0.9999988968006085
978.460932,0.9999986159009578
978.580534,0.999997492003145
978.700136,0.9999933810219055
978.819738,0.999998006501987
978.93934,1.0
979.058942,0.9999947968135366
979.178544,0.9999957927088506
979.298146,0.9999868220868294
979.417748,0.9999901058489474
979.53735,0.9999953264109213
979.656952,0.9999971337041078
979.776554,0.9999889980605218
979.896156,0.9999967794051862
980.015758,0.9999883820674887
980.13536,0.9999999315930024
980.254962,0.9999988269006881
980.374564,0.9999928117258358
980.494166,0.999996968504595
980.613768,0.9999905557445973
980.73337,0.9999920966312318
980.852972,0.9999970586043259
980.972574,0.9999951955115416
981.092176,0.9999976391027869
981.211778,0.9999964587062704
981.33138,0.9999940454177286
981.450982,0.9999997616100285
981.570584,0.9999939241184582
981.690186,0.999999266660269
981.809788,0.999997238503813
981.92939,0.9999996517900607
982.048992,0.9999926084273179
982.168594,0.9999914637364341
982.288196,0.9999946922140863
982.407798,0.999997400803378
982.5274,0.9999935156210237
982.647002,0.9999993186802321
982.766604,0.9999937249196884
982.886206,0.9999965156060705
983.005808,0.9999895560545384
983.12541,0.9999968271050337
983.245012,0.9999990132104869
983.364614,0.9999980950018145
983.484216,0.9999984197012487
983.603818,0.9999942000168199
983.72342,0.9999937686194151
983.843022,0.9999906917433221
983.962624,0.999999631300068
984.082226,0.9999923275294336
984.201828,0.999999129370379
984.32143,0.9999913153377119
984.441032,0.9999986255009446
984.560634,0.9999920731314178
984.680236,0.9999908595417742
984.799838,0.9999983413013757
984.91944,0.999992743026332
985.039042,0.9999904713453979
985.158644,0.9999999125980038
985.278246,0.9999954332104278
985.397848,0.9999999113380039
985.51745,0.9999990209804792
985.637052,0.9999966469056216
985.756654,0.9999979817020368
985.876256,0.9999996430900637
985.995858,0.9999996980100456
986.11546,0.999995161611705
986.235062,0.9999960929076327
986.354664,0.9999945078150821
986.474266,0.9999952630112195
986.593868,0.9999941594170563
986.71347,0.9999993875501876
986.833072,0.9999965153060716
986.952674,0.999992216830289
987.072276,0.9999901952480669
987.191878,0.9999966443056304
987.31148,0.9999974379032822
987.431082,0.999996311906801
987.550684,0.9999965766058598
987.670286,0.999995189411571
987.789888,1.0
987.90949,0.9999986084009683
988.029092,0.9999961545073939
988.148694,0.9999953231109366
988.268296,0.9999975968028877
988.387898,1.0
988.5075,0.9999989797005205
988.627102,0.9999998922600059
988.746704,1.0
988.866306,0.9999994283901633
988.985908,1.0
989.10551,0.9999948777131189
989.225112,0.9999940139179166
989.344714,0.9999970052044844
989.464316,0.9999980766018497
989.583918,0.9999878880733499
989.70352,0.9999962180071518
989.823122,0.9999917239342468
989.942724,0.9999925982273933
990.062326,0.9999871720822784
990.181928,0.9999983687013305
990.30153,0.9999988693006392
990.421132,0.9999991985403212
990.540734,0.9999920887312943
990.660336,0.9999953831106578
990.779938,0.9999963537066477
990.89954,1.0
991.019142,0.9999997310300361
991.138744,0.9999982253015748
991.258346,0.9999997784400245
991.377948,0.999992351229252
991.49755,0.9999989816005186
991.617152,0.9999999943134
991.736754,0.9999968787048713
991.856356,0.9999892850574054
991.975958,0.9999952060114912
992.09556,0.9999970265044208
992.215162,0.9999978308023527
992.334764,0.9999907671426231
992.454366,0.9999983521013578
992.573968,0.9999976269028158
992.69357,0.9999957314091105
992.813172,0.999996308406814
992.932774,0.999996010507958
993.052376,0.999998501301123
993.171978,0.9999948967130218
993.29158,0.9999975117030958
993.411182,0.9999981279017524
993.530784,0.9999946542142888
993.650386,0.9999898350516634
993.769988,0.9999940073179562
993.88959,0.9999980248019507
994.009192,0.9999906239439554
994.128794,0.9999996771900521
994.248396,0.9999918939328544
994.367998,0.9999978228023702
994.4876,0.9999979684020637
994.607202,0.9999999864
994.726804,0.9999987115008301
994.846406,0.9999930759239716
994.966008,0.9999972673037338
995.08561,0.999996470706228
995.205212,0.9999948992130091
995.324814,1.0
995.444416,1.0
995.564018,0.9999949961125195
995.68362,1.0
995.803222,0.9999950676121643
995.922824,0.9999900919490851
996.042426,0.9999939586182492
996.162028,0.9999981718016712
996.28163,0.9999973803034314
996.401232,0.9999975553029883
996.520834,0.999996697605453
996.640436,0.9999988038007155
996.760038,0.9999988029007165
996.87964,0.9999980106019789
996.999242,0.9999992246903006
997.118844,0.9999997472700319
997.238446,0.9999993374702195
997.358048,0.9999957098092029
997.47765,0.9999957302091156
997.597252,0.9999939679181931
997.716854,0.9999960379078491
997.836456,0.9999999929581
997.956058,0.9999960957076218
998.07566,0.9999995885700846
998.195262,0.9999954368104114
998.314864,0.9999980069019863
998.434466,0.9999997539500303
998.554068,0.9999942353166158
998.67367,0.9999933720219651
998.793272,0.9999993069802401
998.912874,0.9999971078041824
999.032476,0.9999939758181454
999.152078,0.9999959704081188
999.27168,0.9999933802219109
999.391282,0.9999998762000076
999.510884,0.9999910676398938
999.630486,0.9999973319035593
999.750088,0.9999939082185549
999.86969,0.9999989998005002
999.989292,0.9999965198060559
1000.108894,0.9999997996100201
1000.228496,0.9999991637203497
1000.348098,1.0
1000.4677,0.9999943121161761
1000.587302,0.9999903959461193
1000.706904,0.999992300529641
1000.826506,0.9999999532430011
1000.946108,0.9999963992064829
1001.06571,0.9999997618900284
1001.185312,0.9999906457437513
1001.304914,0.9999988245006909
1001.424516,0.9999969104047728
1001.544118,0.9999999087660042
1001.66372,0.9999988491006623
1001.783322,0.9999993152302344
1001.902924,0.9999924281286667
1002.022526,0.9999957053092222
1002.142128,0.9999911517391461
1002.26173,0.9999946136145066
1002.381332,0.9999951403118084
1002.500934,0.99999668640549
1002.620536,0.9999995740500908
1002.740138,0.9999983960012864
1002.85974,1.0
1002.979342,0.9999951920115584
1003.098944,0.9999930268243127
1003.218546,0.9999985928009901
1003.338148,0.9999937295196596
1003.45775,0.9999958395086549
1003.577352,0.9999981097017866
1003.696954,0.9999970654043059
1003.816556,0.9999989944005057
1003.936158,0.9999950854120766
1004.05576,0.9999972412038055
1004.175362,0.9999966073057552
1004.294964,0.9999972689037294
1004.414566,0.9999962969068564
1004.534168,0.9999995117301193
1004.65377,0.9999987913007304
1004.773372,0.9999988657006433
1004.892974,0.9999951372118234
1005.012576,0.9999958835084728
1005.132178,0.9999966590055811
1005.25178,0.9999949227128895
1005.371382,0.9999976957026548
1005.490984,0.9999948083134769
1005.610586,1.0
1005.730188,0.9999944093156279
1005.84979,0.9999989397005621
1005.969392,0.9999939357183878
1006.088994,0.9999911583390877
1006.208596,0.9999921522307939
1006.328198,0.9999993603702045
1006.4478,0.9999918815329549
1006.567402,0.9999952047114974
1006.687004,0.999996925904725
1006.806606,0.9999981200017672
1006.926208,0.9999971756039886
1007.04581,0.9999997820100237
1007.165412,0.9999988947006109
1007.285014,0.9999919076327434
1007.404616,0.9999937811193373
1007.524218,0.9999995399701058
1007.64382,0.9999996298100685
1007.763422,0.9999990508204505
1007.883024,0.9999964072064541
1008.002626,0.9999926630269157
1008.122228,0.9999952858111119
1008.24183,0.9999969275047201
1008.361432,0.9999977563025171
1008.481034,0.9999963965064926
1008.600636,0.9999931110237291
1008.720238,0.9999979027021993
1008.83984,0.9999996959500462
1008.959442,0.999996240207068
1009.079044,1.0
1009.198646,0.999995243111314
1009.318248,0.9999967902051514
1009.43785,0.9999986156009583
1009.557452,0.9999922373301297
1009.677054,0.9999913532373834
1009.796656,0.9999991148903917
1009.916258,0.9999980495019022
1010.03586,1.0
1010.155462,0.999991849933212
1010.275064,0.9999998379600131
1010.394666,0.9999971714040005
1010.514268,0.9999951040119854
1010.63387,0.9999908982414213
1010.753472,0.9999964245063921
1010.873074,0.9999988289006857
1010.992676,0.9999967064054239
1011.112278,0.999997413103346
1011.23188,0.999995868908533
1011.351482,0.9999976010028776
1011.471084,0.9999939408183569
1011.590686,0.9999940536176798
1011.710288,1.0
1011.82989,0.9999958726085177
1011.949492,1.0
1012.069094,0.9999956444094856
1012.188696,0.999991821633443
1012.308298,0.9999982168015898
1012.4279,0.9999978356023423
1012.547502,0.9999945326149462
1012.667104,0.9999997504600311
1012.786706,0.9999973714034548
1012.906308,1.0
1013.02591,0.9999970451043657
1013.145512,0.9999982819014759
1013.265114,1.0
1013.384716,0.9999965394059879
1013.504318,0.9999945183150245
1013.62392,0.9999904978451457
1013.743522,0.9999939714181719
1013.863124,0.9999949941125295
1013.982726,0.999996372606579
1014.102328,1.0
1014.22193,0.9999985237010898
1014.341532,0.9999983734013229
1014.461134,0.9999987182008215
1014.580736,0.9999935415208561
1014.700338,0.9999938883186764
1014.81994,0.9999919454324382
1014.939542,0.9999941406171663
1015.059144,0.9999980348019311
1015.178746,0.9999955879097333
1015.298348,0.9999973667034672
1015.41795,0.9999979023022002
1015.537552,1.0
1015.657154,0.9999948907130525
1015.776756,0.9999946942140757
1015.896358,0.999997242503802
1016.01596,0.9999970145044565
1016.135562,0.9999991345903745
1016.255164,1.0
1016.374766,0.9999982198015845
1016.494368,0.9999969565046315
1016.61397,0.999988317068246
1016.733572,0.9999991249103829
1016.853174,0.9999958465086257
1016.972776,0.9999935479208147
1017.092378,1.0
1017.21198,0.9999944615153374
1017.331582,0.9999971629040245
1017.451184,0.9999922491300381
1017.570786,0.999996439406339
1017.690388,1.0
1017.80999,0.9999888520621387
1017.929592,0.9999921267309944
1018.049194,0.9999993671002003
1018.168796,0.9999912287384677
1018.288398,0.9999953823106615
1018.408,0.9999980154019693
1018.527602,0.9999973136036083
1018.647204,0.9999921560307641
1018.766806,0.999995486910184
1018.886408,0.9999979280021466
1019.00601,0.999996001507994
1019.125612,0.9999983696013292
1019.245214,0.9999976899026682
1019.364816,0.9999994606501454
1019.484418,1.0
1019.60402,0.9999992612402728
1019.723622,0.9999967830051746
1019.843224,0.9999985562010423
1019.962826,0.9999995147901177
1020.082428,0.9999948607132062
1020.20203,0.9999997237200382
1020.321632,0.9999985588010385
1020.441234,0.9999972117038873
1020.560836,0.9999988942006114
1020.680438,0.999998772800753
1020.80004,0.9999994143501715
1020.919642,0.9999916897345305
1021.039244,0.9999979893020214
1021.158846,1.0
1021.278448,0.9999915920353472
1021.39805,0.9999980805018422
1021.517652,0.9999923110295603
1021.637254,0.999993331722233
1021.756856,0.9999986440009193
1021.876458,0.9999970252044247
1021.99606,0.9999985862009995
1022.115662,0.9999978818022434
1022.235264,0.9999999695600005
1022.354866,0.9999970967042145
1022.474468,0.9999933654220089
1022.59407,0.9999947512137749
1022.713672,0.9999952227114113
1022.833274,0.9999993589002055
1022.952876,0.9999929935245455
1023.072478,0.9999987736007521
1023.19208,0.9999951234118906
1023.311682,0.9999956760093485
1023.431284,0.9999946687142114
1023.550886,0.999996610305745
1023.670488,0.9999995985400806
1023.79009,1.0
1023.909692,0.9999991346203745
1024.029294,0.999994261016468
1024.148896,0.9999966692055471
1024.268498,0.9999914246367686
1024.3881,0.9999989667005339
1024.507702,0.9999986167009568
1024.627304,0.9999990740904287
1024.746906,0.9999967539052685
1024.866508,0.9999972011039169
1024.98611,0.9999924835282488
1025.105712,0.9999932653226781
1025.225314,0.9999928045258876
1025.344916,0.999999522370114
1025.464518,1.0
1025.58412,0.9999931854232194
1025.703722,0.9999997133500411
1025.823324,0.9999901232487755
1025.942926,0.9999998848100067
1026.062528,0.9999974336032932
1026.18213,1.0
1026.301732,0.9999997625900282
1026.421334,0.9999970532043418
1026.540936,0.9999998769300076
1026.660538,0.9999943312160676
1026.78014,0.9999917110343537
1026.899742,0.9999947264139054
1027.019344,0.999995958708166
1027.138946,0.9999970741042804
1027.258548,0.9999993273502262
1027.37815,0.99999935207021
1027.497752,0.9999929508248455
1027.617354,0.9999952136114548
1027.736956,0.999991135039294
1027.856558,0.9999954861101876
1027.97616,0.9999950401123003
1028.095762,0.999999234450293
1028.215364,0.9999948625131969
1028.334966,0.9999922214302532
1028.454568,0.9999948776131194
1028.57417,0.9999955242100164
1028.693772,0.9999936641200717
1028.813374,1.0
1028.932976,0.9999999449470015
1029.052578,0.9999995927900829
1029.17218,0.9999973827034251
1029.291782,0.9999988667006422
1029.411384,0.9999898780512273
1029.530986,0.9999987665007608
1029.650588,0.9999967939051395
1029.77019,0.999999008020492
1029.889792,1.0
1030.009394,0.9999956397095061
1030.128996,1.0
1030.248598,0.9999925101280492
1030.3682,0.9999938718187774
1030.487802,0.9999960473078119
1030.607404,0.9999985815010061
1030.727006,0.9999971271041268
1030.846608,0.9999948682131676
1030.96621,0.9999937707194021
1031.085812,0.9999970019044943
1031.205414,0.9999994368701586
1031.325016,0.9999930620240679
1031.444618,0.9999971676040113
1031.56422,0.9999974913031467
1031.683822,0.9999975410030233
1031.803424,0.9999960860076597
1031.923026,0.9999942015168113
1032.042628,0.9999944902151789
1032.16223,0.9999991439403664
1032.281832,1.0
1032.401434,0.999999422130167
1032.521036,0.9999957480090398
1032.640638,1.0
1032.76024,0.9999952028115066
1032.879842,0.9999986167009568
1032.999444,0.999995440410395
1033.119046,1.0
1033.238648,0.9999975984028838
1033.35825,0.9999964739062167
1033.477852,0.9999978669022751
1033.597454,0.9999991225403849
1033.717056,0.9999928727253992
1033.836658,0.9999986253009449
1033.95626,1.0
1034.075862,0.9999926822267751
1034.195464,0.9999945013151178
1034.315066,0.9999979634020739
1034.434668,0.9999973320035591
1034.55427,0.9999943501159606
1034.673872,0.9999999697640004
1034.793474,0.9999981160017747
1034.913076,0.9999996012200795
1035.032678,0.999996114907547
1035.15228,0.9999999523890011
1035.271882,0.999999157420355
1035.391484,0.999999283140257
1035.511086,0.9999960153079389
1035.630688,0.9999996343200669
1035.75029,0.9999962329070955
1035.869892,0.999998874800633
1035.989494,0.999996884904852
1036.109096,1.0
1036.228698,0.999998019101962
1036.3483,0.9999950071124645
1036.467902,0.9999996051800779
1036.587504,0.9999963307067319
1036.707106,0.999992486428227
1036.826708,0.9999992135603093
1036.94631,0.9999953489108163
1037.065912,0.9999948492132653
1037.185514,0.9999991991903207
1037.305116,1.0
1037.424718,0.9999976558027477
1037.54432,1.0
1037.663922,1.0
1037.783524,1.0
1037.903126,0.9999935189210023
1038.022728,0.9999971391040924
1038.14233,0.9999919218326285
1038.261932,0.9999967583052543
1038.381534,0.9999951711116591
1038.501136,1.0
1038.620738,0.9999974724031944
1038.74034,0.9999939955180269
1038.859942,0.999999668300055
1038.979544,0.9999931808232507
1039.099146,0.9999889470610842
1039.218748,1.0
1039.33835,0.9999988166007002
1039.457952,0.9999991044304011
1039.577554,0.9999948895130586
1039.697156,0.9999994139101718
1039.816758,0.9999925826275089
1039.93636,0.9999984432012118
1040.055962,1.0
1040.175564,1.0
1040.295166,0.9999923084295803
1040.414768,0.9999933545220813
1040.53437,1.0
1040.653972,0.9999976583027418
1040.773574,0.9999979526020959
1040.893176,1.0
1041.012778,0.9999990683004341
1041.13238,1.0
1041.251982,0.999999213820309
1041.371584,0.9999984314012302
1041.491186,0.9999981176017717
1041.610788,0.9999979729020546
1041.73039,1.0
1041.849992,1.0
1041.969594,0.9999967809051813
1042.089196,0.9999997071200429
1042.208798,0.9999971130041674
1042.3284,0.9999997200700392
1042.448002,0.9999960779076914
1042.567604,1.0
1042.687206,0.9999933040224182
1042.806808,0.9999965749058657
1042.92641,0.9999952005115176
1043.046012,1.0
1043.165614,0.9999957265091314
1043.285216,0.9999993665902006
1043.404818,0.9999996171600732
1043.52442,0.9999954891101741
1043.644022,0.999995000612497
1043.763624,0.9999973159036022
1043.883226,0.9999960687077275
1044.002828,0.9999913854371055
1044.12243,0.9999959467082146
1044.242032,0.9999971133041665
1044.361634,1.0
1044.481236,0.999997966802067
1044.600838,1.0
1044.72044,0.9999971933039388
1044.840042,1.0
1044.959644,0.9999995425701046
1045.079246,0.9999995076701212
1045.198848,0.999997493203142
1045.31845,0.9999963075068172
1045.438052,1.0
1045.557654,0.9999991245403832
1045.677256,0.9999985992009811
1045.796858,0.9999939605182377
1045.91646,0.9999962247071265
1046.036062,0.9999913696372418
1046.155664,0.9999995787600887
1046.275266,0.9999992492002818
1046.394868,0.9999961973072302
1046.51447,0.9999985484010536
1046.634072,0.9999916747346552
1046.753674,0.9999980203019596
1046.873276,0.9999960947076256
1046.992878,0.9999944251155397
1047.11248,0.9999990206304796
1047.232082,1.0
1047.351684,0.9999998615300096
1047.471286,0.9999963135067952
1047.590888,0.9999969247047288
1047.71049,0.9999969364046928
1047.830092,0.9999997612400285
1047.949694,1.0
1048.069296,1.0
1048.188898,0.9999993306402241
1048.3085,0.9999986102009658
1048.428102,0.9999948056134909
1048.547704,0.9999991013004038
1048.667306,0.9999995333701088
1048.786908,0.9999997909800219
1048.90651,0.9999941768169548
1049.026112,1.0
1049.145714,0.9999919255325986
1049.265316,0.9999998375700132
1049.384918,1.0
1049.50452,0.9999995621500959
1049.624122,0.9999999658220006
1049.743724,0.999998552901047
1049.863326,0.9999997188300396
1049.982928,0.9999949373128154
1050.10253,1.0
1050.222132,0.9999984916011376
1050.341734,0.9999940072179568
1050.461336,0.9999993766201943
1050.580938,1.0
1050.70054,0.9999966868054886
1050.820142,0.9999991109303952
1050.939744,1.0
1051.059346,0.9999908763416209
1051.178948,0.9999997498200313
1051.29855,0.9999973053036307
1051.418152,0.9999988658006432
1051.537754,1.0
1051.657356,1.0
1051.776958,0.9999949601127003
1051.89656,0.99999620000722
1052.016162,1.0
1052.135764,1.0
1052.255366,0.9999994190601688
1052.374968,0.9999995056401222
1052.49457,0.9999971214041432
1052.614172,1.0
1052.733774,0.9999980957018132
1052.853376,0.9999947769136404
1052.972978,0.9999976541027517
1053.09258,1.0
1053.212182,1.0
1053.331784,0.999999233310294
1053.451386,0.9999965780058551
1053.570988,0.9999988303006841
1053.69059,0.9999984365012222
1053.810192,1.0
1053.929794,0.9999959665081346
1054.049396,0.9999967979051267
1054.168998,0.9999966908054754
1054.2886,0.9999929599247814
1054.408202,1.0
1054.527804,1.0
1054.647406,0.9999959921080316
1054.767008,0.999994720613936
1054.88661,0.9999983319013913
1055.006212,0.9999919667322669
1055.125814,0.9999958439086366
1055.245416,1.0
1055.365018,0.9999981739016673
1055.48462,1.0
1055.604222,0.9999992707602658
1055.723824,0.9999991003804046
1055.843426,0.9999994794901355
1055.963028,0.9999916800346111
1056.08263,1.0
1056.202232,1.0
1056.321834,1.0
1056.441436,0.9999970497043521
1056.561038,1.0
1056.68064,0.9999994864801318
1056.800242,0.9999999751470003
1056.919844,0.999992618427244
1057.039446,0.9999970701042922
1057.159048,0.9999975304030495
1057.27865,0.9999993145102349
1057.398252,0.9999977424025484
1057.517854,0.9999988073007112
1057.637456,1.0
1057.757058,0.9999991203403868
1057.87666,0.9999968019051139
1057.996262,0.9999988921006138
1058.115864,0.9999992165303069
1058.235466,1.0
1058.355068,0.9999987861007368
1058.47467,0.9999982524015271
1058.594272,1.0
1058.713874,1.0
1058.833476,0.9999965226060461
1058.953078,0.9999906591436261
1059.07268,1.0
1059.192282,0.9999974417032724
1059.311884,1.0
1059.431486,1.0
1059.551088,1.0
1059.67069,0.9999965932058031
1059.790292,0.9999998680900087
1059.909894,0.999992098631216
1060.029496,0.9999989409005609
1060.149098,0.9999975655029634
1060.2687,0.9999970987042087
1060.388302,0.9999964267063842
1060.507904,0.9999970255044238
1060.627506,1.0
1060.747108,0.9999980920018202
1060.86671,0.9999980109019783
1060.986312,1.0
1061.105914,0.9999966267056896
1061.225516,0.9999991232603843
1061.345118,0.9999998150500171
1061.46472,0.9999963390067015
1061.584322,0.9999958111087734
1061.703924,0.999997958402084
1061.823526,1.0
1061.943128,1.0
1062.06273,0.9999994687301411
1062.182332,1.0
1062.301934,0.9999999715200004
1062.421536,0.9999971521040553
1062.541138,0.999999988015
1062.66074,1.0
1062.780342,0.9999995326801092
1062.899944,0.9999972232038553
1063.019546,0.9999970293044125
1063.139148,0.9999988070007116
1063.25875,1.0
1063.378352,0.9999962114071768
1063.497954,1.0
1063.617556,0.9999930965238291
1063.737158,0.9999908842415488
1063.85676,0.9999979297021431
1063.976362,0.9999993138302354
1064.095964,0.9999942327166308
1064.215566,1.0
1064.335168,1.0
1064.45477,0.9999993243702282
1064.574372,1.0
1064.693974,0.9999918005336158
1064.813576,0.9999998871600063
1064.933178,0.999999585210086
1065.05278,1.0
1065.172382,0.999997056204333
1065.291984,0.9999948324133521
1065.411586,0.9999992010203191
1065.531188,0.9999999283040025
1065.65079,0.9999987010008436
1065.770392,0.9999884210670363
1065.889994,0.9999995646500948
1066.009596,1.0
1066.129198,0.99999664740562
1066.2488,1.0
1066.368402,0.9999988610006486
1066.488004,0.9999998427200124
1066.607606,0.999995894408428
1066.727208,0.999999650550061
1066.84681,1.0
1066.966412,0.9999959504081997
1067.086014,0.9999995486901019
1067.205616,0.9999965229060451
1067.325218,0.9999992419402873
1067.44482,0.9999996290600688
1067.564422,0.9999939305184193
1067.684024,1.0
1067.803626,1.0
1067.923228,1.0
1068.04283,0.999995356310782
1068.162432,0.999998881900625
1068.282034,1.0
1068.401636,0.999998280701478
1068.521238,0.9999954805102129
1068.64084,0.999997411203351
1068.760442,0.999998336901383
1068.880044,0.9999991107803954
1068.999646,0.9999995617500961
1069.119248,1.0
1069.23885,0.9999978637022819
1069.358452,0.9999941208172825
1069.478054,0.9999996107200758
1069.597656,0.9999924787282849
1069.717258,0.9999933383221891
1069.83686,0.9999994732001387
1069.956462,0.9999994408401564
1070.076064,0.9999952157114448
1070.195666,0.9999984927011359
1070.315268,0.9999968423049855
1070.43487,0.9999996931600471
1070.554472,0.999999345770214
1070.674074,0.9999989476005537
1070.793676,1.0
1070.913278,1.0
1071.03288,1.0
1071.152482,0.9999947451138069
1071.272084,1.0
1071.391686,1.0
1071.511288,0.999995752409021
1071.63089,0.9999985750010153
1071.750492,0.9999948427132989
1071.870094,0.99999270482661
1071.989696,1.0
1072.109298,0.9999964263063856
1072.2289,0.9999956007096769
1072.348502,0.9999962074071919
1072.468104,0.9999927079265873
1072.587706,0.9999924247286925
1072.707308,0.999988273068761
1072.82691,1.0
1072.946512,0.9999884880662628
1073.066114,1.0
1073.185716,0.9999983691013299
1073.305318,0.9999999491280013
1073.42492,0.9999996916200475
1073.544522,0.9999974441032663
1073.664124,0.9999927567262327
1073.783726,1.0
1073.903328,0.9999966193057146
1074.02293,0.9999987511007798
1074.142532,1.0
1074.262134,0.9999995366301073
1074.381736,1.0
1074.501338,0.9999976129028492
1074.62094,0.9999960557077787
1074.740542,0.9999994896801302
1074.860144,0.9999892640576307
1074.979746,0.9999946686142119
1075.099348,0.9999977701024862
1075.21895,0.9999980570018876
1075.338552,0.9999962545070143
1075.458154,0.9999999978939
1075.577756,0.9999886970638787
1075.697358,1.0
1075.81696,1.0
1075.936562,0.9999997946400211
1076.056164,0.999998733500802
1076.175766,0.9999975616029729
1076.295368,1.0
1076.41497,0.9999951704116625
1076.534572,0.9999961135075525
1076.654174,1.0
1076.773776,0.999996823205046
1076.893378,1.0
1077.01298,0.9999956314095423
1077.132582,1.0
1077.252184,1.0
1077.371786,1.0
1077.491388,0.9999941487171188
1077.61099,0.9999955782097761
1077.730592,0.9999951248118838
1077.850194,0.9999886850640144
1077.969796,1.0
1078.089398,0.9999998943000056
1078.209,0.999999430840162
1078.328602,0.9999998672200088
1078.448204,0.9999997403200337
1078.567806,0.9999957946088427
1078.687408,1.0
1078.80701,0.9999993462602137
1078.926612,0.9999957025092342
1079.046214,0.9999960112079552
1079.165816,0.9999996289900688
1079.285418,1.0
1079.40502,0.9999918408332862
1079.524622,0.9999966865054897
1079.644224,0.9999995709500921
1079.763826,1.0
1079.883428,0.999999272040265
1080.00303,0.9999979837020327
1080.122632,0.9999982418015456
1080.242234,1.0
1080.361836,0.9999929340249641
1080.481438,0.9999974556032369
1080.60104,0.9999995072301214
1080.720642,0.999999659360058
1080.840244,1.0
1080.959846,1.0
1081.079448,0.99999179393367
1081.19905,1.0
1081.318652,0.9999967920051456
1081.438254,0.9999997824700236
1081.557856,0.9999965069061009
1081.677458,0.9999976998026454
1081.79706,0.9999971685040087
1081.916662,1.0
1082.036264,0.9999998800100072
1082.155866,0.9999995953000819
1082.275468,0.9999997527300306
1082.39507,0.9999997224500385
1082.514672,1.0
1082.634274,0.9999955050101025
1082.753876,0.9999993331702224
1082.873478,1.0
1082.99308,0.999999014110486
1083.112682,0.9999968101050877
1083.232284,1.0
1083.351886,0.9999962468070432
1083.471488,1.0
1083.59109,0.999996897104814
1083.710692,0.9999995940200824
1083.830294,0.9999973541035004
1083.949896,1.0
1084.069498,1.0
1084.1891,1.0
1084.308702,0.9999969420046757
1084.428304,1.0
1084.547906,0.9999999090080042
1084.667508,0.9999987880007345
1084.78711,0.9999982238015774
1084.906712,1.0
1085.026314,0.9999973393035396
1085.145916,0.9999999954104
1085.265518,0.9999910308402231
1085.38512,0.9999979562020885
1085.504722,1.0
1085.624324,0.9999944266155314
1085.743926,0.9999977937024339
1085.863528,0.9999981015018021
1085.98313,0.9999982675015008
1086.102732,1.0
1086.222334,0.9999993260402271
1086.341936,0.9999977412025511
1086.461538,1.0
1086.58114,0.999991336537528
1086.700742,0.9999992598402739
1086.820344,0.999998720100819
1086.939946,1.0
1087.059548,0.9999980763018503
1087.17915,0.999994956412719
1087.298752,0.9999935960205055
1087.418354,1.0
1087.537956,1.0
1087.657558,0.9999984734011652
1087.77716,0.9999973106036164
1087.896762,1.0
1088.016364,0.9999996597000579
1088.135966,1.0
1088.255568,0.999997544003016
1088.37517,1.0
1088.494772,0.9999999575670009
1088.614374,0.9999984318012296
1088.733976,1.0
1088.853578,0.9999973112036148
1088.97318,1.0
1089.092782,1.0
1089.212384,1.0
1089.331986,1.0
1089.451588,0.9999976964026532
1089.57119,1.0
1089.690792,0.9999934072217325
1089.810394,1.0
1089.929996,0.9999998424500124
1090.049598,0.9999954503103499
1090.1692,0.9999991935503252
1090.288802,1.0
1090.408404,0.9999991878803298
1090.528006,0.9999956313095427
1090.647608,0.9999998983200051
1090.76721,0.9999976469027685
1090.886812,0.9999997723800259
1091.006414,0.9999986452009177
1091.126016,0.9999967521052744
1091.245618,1.0
1091.36522,0.9999995969700812
1091.484822,0.9999983181014144
1091.604424,1.0
1091.724026,0.9999990833404201
1091.843628,0.9999955482099092
1091.96323,1.0
1092.082832,0.9999997825000236
1092.202434,1.0
1092.322036,1.0
1092.441638,0.9999990254604748
1092.56124,0.9999988921006138
1092.680842,0.9999976066028642
1092.800444,1.0
1092.920046,0.999992006531948
1093.039648,0.9999919660322725
1093.15925,0.999992951324842
1093.278852,1.0
1093.398454,0.999999805160019
1093.518056,0.999999573260091
1093.637658,0.9999950856120756
1093.75726,0.9999972974036521
1093.876862,0.9999999443380015
1093.996464,0.9999983272013991
1094.116066,0.9999969811045569
1094.235668,0.9999962943068661
1094.35527,1.0
1094.474872,0.9999982579015174
1094.594474,0.9999996265900697
1094.714076,0.9999920903312816
1094.833678,1.0
1094.95328,1.0
1095.072882,0.9999972727037191
1095.192484,1.0
1095.312086,1.0
1095.431688,0.9999997137300409
1095.55129,1.0
1095.670892,1.0
1095.790494,0.9999994816401343
1095.910096,0.9999974430032691
1096.029698,1.0
1096.1493,0.9999985964009851
1096.268902,0.9999999534380011
1096.388504,1.0
1096.508106,0.9999990280004724
1096.627708,0.9999988477006639
1096.74731,0.9999935930205248
1096.866912,0.9999994878701312
1096.986514,0.9999988710006373
1097.106116,0.999995361910756
1097.225718,0.9999955684098195
1097.34532,0.9999899420505816
1097.464922,0.9999894390557672
1097.584524,1.0
1097.704126,0.9999996437600635
1097.823728,0.9999995037601231
1097.94333,0.9999984353012241
1098.062932,1.0
1098.182534,0.9999997501400312
1098.302136,1.0
1098.421738,1.0
1098.54134,0.9999993953801828
1098.660942,1.0
1098.780544,0.9999998530300108
1098.900146,0.99999917543034
1099.019748,0.9999902507475242
1099.13935,0.9999990401704606
1099.258952,1.0
1099.378554,0.999999537360107
1099.498156,1.0
1099.617758,0.9999994835601334
1099.73736,0.999997230903834
1099.856962,0.999995275411161
1099.976564,0.9999995075001212
1100.096166,1.0
1100.215768,1.0
1100.33537,1.0
1100.454972,0.9999955545098812
1100.574574,0.9999998642900092
1100.694176,1.0
1100.813778,0.9999983854013035
1100.93338,0.9999974994031265
1101.052982,1.0
1101.172584,0.9999993958801825
1101.292186,0.9999937217197085
1101.411788,0.9999976457027714
1101.53139,0.9999998310400142
1101.650992,0.9999990043704956
1101.770594,1.0
1101.890196,0.9999944196155705
1102.009798,0.9999993116902369
1102.1294,0.999997801802416
1102.249002,1.0
1102.368604,1.0
1102.488206,0.9999974413032735
1102.607808,1.0
1102.72741,0.9999977794024655
1102.847012,0.9999944721152788
1102.966614,0.9999934895211933
1103.086216,0.9999993844401894
1103.205818,0.9999995755900901
1103.32542,0.9999999683930005
1103.445022,0.9999991302203782
1103.564624,1.0
1103.684226,0.99999880000072
1103.803828,0.9999999721910003
1103.92343,0.9999964214064032
1104.043032,0.9999942219166932
1104.162634,0.9999988835006233
1104.282236,1.0
1104.401838,0.9999955089100849
1104.52144,1.0
1104.641042,1.0
1104.760644,1.0
1104.880246,1.0
1104.999848,0.9999932126230343
1105.11945,0.9999980544018927
1105.239052,0.9999936519201491
1105.358654,0.9999939180184954
1105.478256,0.9999964820061882
1105.597858,0.9999993251302277
1105.71746,0.9999976712027117
1105.837062,0.9999990904704136
1105.956664,0.9999989367005653
1106.076266,1.0
1106.195868,0.9999993155702342
1106.31547,1.0
1106.435072,0.9999989154005882
1106.554674,0.9999979742020519
1106.674276,1.0
1106.793878,0.9999999576980009
1106.91348,0.999998125401757
1107.033082,1.0
1107.152684,1.0
1107.272286,1.0
1107.391888,0.9999978261023629
1107.51149,0.9999974625032194
1107.631092,0.9999984310012309
1107.750694,0.9999894600555456
1107.870296,1.0
1107.989898,0.9999971615040285
1108.1095,1.0
1108.229102,1.0
1108.348704,0.9999969271047213
1108.468306,0.9999953197109526
1108.587908,0.9999977762024727
1108.70751,0.9999995892300844
1108.827112,0.9999987152008254
1108.946714,0.9999922812297899
1109.066316,0.9999988990006061
1109.185918,0.9999952586112404
1109.30552,0.9999998645900091
1109.425122,0.9999962139071673
1109.544724,0.9999997055700434
1109.664326,0.9999965398059865
1109.783928,1.0
1109.90353,0.9999999352750021
1110.023132,1.0
1110.142734,1.0
1110.262336,0.999999724230038
1110.381938,0.999997689602669
1110.50154,0.9999968812048634
1110.621142,1.0
1110.740744,0.9999986378009278
1110.860346,0.9999967575052569
1110.979948,0.999998994100506
1111.09955,0.9999983179014147
1111.219152,0.9999985076011136
1111.338754,0.9999996219300714
1111.458356,1.0
1111.577958,1.0
1111.69756,1.0
1111.817162,0.9999901474485368
1111.936764,0.9999998392700129
1112.056366,1.0
1112.175968,0.9999917896337053
1112.29557,0.9999965055061057
1112.415172,0.9999963911065121
1112.534774,1.0
1112.654376,1.0
1112.773978,1.0
1112.89358,0.9999954720102514
1113.013182,0.9999989987005014
1113.132784,1.0
1113.252386,1.0
1113.371988,0.9999958035088053
1113.49159,0.9999963608066219
1113.611192,0.9999989810005192
1113.730794,1.0
1113.850396,0.9999954531103371
1113.969998,1.0
1114.0896,1.0
1114.209202,0.9999994598801458
1114.328804,0.9999987167008234
1114.448406,0.9999979981020038
1114.568008,0.9999943153161579
1114.68761,1.0
1114.807212,1.0
1114.926814,1.0
1115.046416,1.0
1115.166018,1.0
1115.28562,0.9999995722200915
1115.405222,1.0
1115.524824,0.9999995343801084
1115.644426,0.9999998885700062
1115.764028,1.0
1115.88363,0.9999979795020412
1116.003232,0.9999961030075933
1116.122834,1.0
1116.242436,0.9999911321393197
1116.362038,1.0
1116.48164,1.0
1116.601242,0.9999997782800246
1116.720844,0.9999962004072185
1116.840446,0.9999977097026227
1116.960048,0.9999957905088599
1117.07965,1.0
1117.199252,0.9999902570474629
1117.318854,1.0
1117.438456,0.9999967525052731
1117.558058,0.999987754074982
1117.67766,0.9999992008903192
1117.797262,0.9999997060400432
1117.916864,1.0
1118.036466,1.0
1118.156068,0.9999982006016189
1118.27567,0.9999965048061082
1118.395272,0.9999994893101304
1118.514874,1.0
1118.634476,0.9999950421122904
1118.754078,0.9999929451248858
1118.87368,0.9999976456027716
1118.993282,0.9999990218904784
1119.112884,1.0
1119.232486,0.9999945609147919
1119.352088,0.9999980268019467
1119.47169,0.9999985066011151
1119.591292,1.0
1119.710894,0.9999971105041746
1119.830496,0.9999977564025169
1119.950098,0.9999998857600065
1120.0697,0.9999946425143513
1120.189302,0.9999953227109386
1120.308904,1.0
1120.428506,1.0
1120.548108,0.9999930501241505
1120.66771,0.9999952600112337
1120.787312,0.9999997546700301
1120.906914,1.0
1121.026516,0.9999969682045959
1121.146118,0.9999907950423659
1121.26572,1.0
1121.385322,0.9999996297300685
1121.504924,1.0
1121.624526,1.0
1121.744128,0.9999995203601151
1121.86373,0.9999966546055958
1121.983332,1.0
1122.102934,0.9999992207603036
1122.222536,0.9999952329113626
1122.342138,0.9999947651137021
1122.46174,0.9999999308000024
1122.581342,0.9999954374104086
1122.700944,1.0
1122.820546,0.9999974088033572
1122.940148,0.999994553714831
1123.05975,0.999998648700913
1123.179352,0.9999956688093796
1123.298954,0.9999998339400138
1123.418556,0.999998259301515
1123.538158,0.9999950102124491
1123.65776,0.9999999094220041
1123.777362,1.0
1123.896964,0.9999939510182951
1124.016566,0.9999995952800819
1124.136168,1.0
1124.25577,1.0
1124.375372,1.0
1124.494974,0.9999991825403342
1124.614576,0.9999982049016112
1124.734178,0.9999931792232616
1124.85378,1.0
1124.973382,0.9999994271401641
1125.092984,0.9999976920026634
1125.212586,1.0
1125.332188,0.9999938597188516
1125.45179,0.9999997056000434
1125.571392,0.9999899600504006
1125.690994,0.9999977099026223
1125.810596,1.0
1125.930198,1.0
1126.0498,0.9999995598600968
1126.169402,0.9999991904103277
1126.289004,1.0
1126.408606,0.9999999776910002
1126.528208,0.9999941049173761
1126.64781,1.0
1126.767412,0.9999986603008973
1126.887014,0.9999989338005684
1127.006616,1.0
1127.126218,0.999999546050103
1127.24582,0.9999978022024152
1127.365422,0.9999995959700816
1127.485024,0.9999963840065377
1127.604626,0.9999958187087417
1127.724228,0.9999995969900812
1127.84383,1.0
1127.963432,0.9999933055224081
1128.083034,0.9999988945006111
1128.202636,0.9999973150036046
1128.322238,0.9999979609020789
1128.44184,0.9999999544720011
1128.561442,0.9999955373099578
1128.681044,1.0
1128.800646,1.0
1128.920248,0.9999932056230819
1129.03985,1.0
1129.159452,0.9999993471302131
1129.279054,0.9999955767097828
1129.398656,1.0
1129.518258,0.9999936264203113
1129.63786,0.9999976327028021
1129.757462,1.0
1129.877064,0.9999982524015271
1129.996666,0.9999971115041717
1130.116268,0.9999993979201812
1130.23587,0.9999966853054936
1130.355472,1.0
1130.475074,0.9999994334401605
1130.594676,1.0
1130.714278,0.9999914371366615
1130.83388,0.99999905135045
1130.953482,1.0
1131.073084,0.9999971259041303
1131.192686,1.0
1131.312288,0.9999903011470341
1131.43189,0.9999999701050004
1131.551492,1.0
1131.671094,0.9999999901743
1131.790696,0.9999971876039548
1131.910298,1.0
1132.0299,0.999994805413492
1132.149502,0.9999965143060751
1132.269104,1.0
1132.388706,1.0
1132.508308,0.999997108304181
1132.62791,0.9999995406701055
1132.747512,0.999992965524742
1132.867114,0.9999989729005274
1132.986716,1.0
1133.106318,1.0
1133.22592,0.9999978507023097
1133.345522,0.9999955696098142
1133.465124,0.9999994971901264
1133.584726,1.0
1133.704328,1.0
1133.82393,0.9999989179005855
1133.943532,0.999998136701736
1134.063134,0.9999963786065572
1134.182736,0.9999974592032278
1134.302338,0.9999999489120013
1134.42194,0.9999986495009119
1134.541542,0.9999954200104881
1134.661144,0.9999951656116857
1134.780746,0.9999963477066697
1134.900348,1.0
1135.01995,0.9999981004018043
1135.139552,0.9999988201006961
1135.259154,1.0
1135.378756,1.0
1135.498358,0.9999966014057753
1135.61796,0.9999966656055591
1135.737562,1.0
1135.857164,0.9999992979602464
1135.976766,0.9999998484000114
1136.096368,0.9999993586102057
1136.21597,0.999996363506612
1136.335572,0.9999994274801639
1136.455174,0.9999988149007022
1136.574776,1.0
1136.694378,1.0
1136.81398,0.9999986372009286
1136.933582,0.9999993820701909
1137.053184,1.0
1137.172786,0.9999999481040014
1137.292388,1.0
1137.41199,0.9999994936801282
1137.531592,0.9999964632062545
1137.651194,0.9999999122210038
1137.770796,0.9999994196101685
1137.890398,1.0
1138.01,0.9999980878018283
1138.129602,1.0
1138.249204,0.9999952091114763
1138.368806,0.9999946382143744
1138.488408,0.9999935681206846
1138.60801,0.9999953332108895
1138.727612,1.0
1138.847214,0.999999988378
1138.966816,1.0
1139.086418,1.0
1139.20602,1.0
1139.325622,1.0
1139.445224,1.0
1139.564826,0.9999950875120663
1139.684428,0.9999988437006685
1139.80403,0.9999985023011215
1139.923632,0.9999989727005276
1140.043234,0.9999954917101623
1140.162836,0.9999997969500206
1140.282438,0.9999993202302311
1140.40204,0.999987592076979
1140.521642,0.9999962071071931
1140.641244,1.0
1140.760846,0.9999960766076965
1140.880448,0.9999950261123698
1141.00005,0.999996494006146
1141.119652,0.9999998705700084
1141.239254,0.9999983856013032
1141.358856,0.9999970581043274
1141.478458,0.9999971360041012
1141.59806,0.9999966642055638
1141.717662,0.9999947827136101
1141.837264,0.9999891040593611
1141.956866,0.9999986163009573
1142.076468,1.0
1142.19607,0.9999893910562753
1142.315672,1.0
1142.435274,0.9999976398027852
1142.554876,0.9999981842016485
1142.674478,0.9999968822048604
1142.79408,0.9999992994902454
1142.913682,0.9999937735193846
1143.033284,0.9999982864014683
1143.152886,0.9999965840058346
1143.272488,0.9999990972704075
1143.39209,1.0
1143.511692,0.999997416603337
1143.631294,0.9999912623381736
1143.750896,0.9999962602069931
1143.870498,1.0
1143.9901,0.9999891700586442
1144.109702,0.9999940523176876
1144.229304,0.9999939210184771
1144.348906,0.9999976731027073
1144.468508,0.99999672280537
1144.58811,0.9999964988061292
1144.707712,0.9999958624085599
1144.827314,0.9999990164904836
1144.946916,0.9999999023220048
1145.066518,0.9999985171010995
1145.18612,0.9999963388067021
1145.305722,0.9999962425070594
1145.425324,0.9999986859008634
1145.544926,0.9999980862018313
1145.664528,0.9999936754200003
1145.78413,1.0
1145.903732,0.9999952229114103
1146.023334,0.999993540120865
1146.142936,0.999996496306138
1146.262538,0.9999965138060768
1146.38214,0.999997420503327
1146.501742,0.9999976677027198
1146.621344,0.9999924122287873
1146.740946,0.9999948360133334
1146.860548,0.9999991404203694
1146.98015,0.9999962247071265
1147.099752,1.0
1147.219354,0.999995670109374
1147.338956,0.9999935756206364
1147.458558,0.999997330903562
1147.57816,0.9999926248271968
1147.697762,1.0
1147.817364,1.0
1147.936966,0.9999971576040396
1148.056568,0.999998343501372
1148.17617,0.9999977969024268
1148.295772,0.9999952583112418
1148.415374,0.9999953096109999
1148.534976,0.9999979292021441
1148.654578,1.0
1148.77418,0.9999992332202939
1148.893782,1.0
1149.013384,1.0
1149.132986,0.9999958284087012
1149.252588,0.9999973966033888
1149.37219,0.9999900948490563
1149.491792,1.0
1149.611394,0.9999994047401771
1149.730996,0.9999976371027917
1149.850598,0.9999995602400967
1149.9702,0.9999957043092265
1150.089802,0.9999870240841879
1150.209404,1.0
1150.329006,0.9999916794346161
1150.448608,1.0
1150.56821,0.9999989922005078
1150.687812,0.9999968640049173
1150.807414,0.9999979390021239
1150.927016,0.9999978420023284
1151.046618,1.0
1151.16622,1.0
1151.285822,1.0
1151.405424,1.0
1151.525026,0.9999951526117486
1151.644628,0.9999989318005705
1151.76423,0.9999964335063599
1151.883832,0.999994787313586
1152.003434,1.0
1152.123036,0.9999948482132704
1152.242638,0.9999950184124081
1152.36224,1.0
1152.481842,0.9999942970162621
1152.601444,0.9999995561100985
1152.721046,1.0
1152.840648,0.9999993905301857
1152.96025,0.9999978411023305
1153.079852,0.9999974590032283
1153.199454,0.99999959988008
1153.319056,0.9999986109009648
1153.438658,1.0
1153.55826,0.9999998747500078
1153.677862,0.9999961297074896
1153.797464,0.9999996500800612
1153.917066,0.9999980550018915
1154.036668,1.0
1154.15627,1.0
1154.275872,0.9999954720102514
1154.395474,0.9999985260010863
1154.515076,0.9999968361050051
1154.634678,0.9999987402007936
1154.75428,0.999998624500946
1154.873882,0.999998422001245
1154.993484,0.9999975585029804
1155.113086,0.9999995181401161
1155.232688,1.0
1155.35229,0.9999906848433864
1155.471892,1.0
1155.591494,1.0
1155.711096,0.9999978309023525
1155.830698,0.9999907756425447
1155.9503,0.9999977881024462
1156.069902,0.9999978072024042
1156.189504,0.9999965699058828
1156.309106,1.0
1156.428708,1.0
1156.54831,0.9999918546331736
1156.667912,1.0
1156.787514,0.9999954840101971
1156.907116,0.9999970988042085
1157.026718,0.9999941238172648
1157.14632,0.9999967639052362
1157.265922,0.9999924493285065
1157.385524,1.0
1157.505126,1.0
1157.624728,1.0
1157.74433,0.9999978843022381
1157.863932,0.9999926493270164
1157.983534,0.9999986871008618
1158.103136,0.9999974729031931
1158.222738,0.9999964704062291
1158.34234,1.0
1158.461942,0.999999989727
1158.581544,0.9999931570234133
1158.701146,0.9999992172103064
1158.820748,0.9999994826301338
1158.94035,0.9999988738006341
1159.059952,0.9999996272200695
1159.179554,0.9999935777206229
1159.299156,0.9999998329800139
1159.418758,1.0
1159.53836,0.9999931689233319
1159.657962,0.9999991749403404
1159.777564,1.0
1159.897166,0.9999968614049254
1160.016768,0.9999940631176234
1160.13637,1.0
1160.255972,1.0
1160.375574,0.99999965347006
1160.495176,0.9999970634043118
1160.614778,0.9999977697024871
1160.73438,0.9999905418447287
1160.853982,0.9999982475015357
1160.973584,0.999994178316946
1161.093186,1.0
1161.212788,0.9999987418007915
1161.33239,0.9999968870048453
1161.451992,0.9999960685077284
1161.571594,1.0
1161.691196,0.9999991120403943
1161.810798,1.0
1161.9304,1.0
1162.050002,0.9999980588018841
1162.169604,0.9999947246139149
1162.289206,0.9999951936115508
1162.408808,0.9999983602013445
1162.52841,0.9999971573040405
1162.648012,0.9999997154800405
1162.767614,0.9999999700750004
1162.887216,0.9999941896168804
1163.006818,0.9999954873101822
1163.12642,0.9999967683052219
1163.246022,0.9999980444019122
1163.365624,0.9999981235017606
1163.485226,0.9999999739430003
1163.604828,0.9999976177028377
1163.72443,0.9999988979006074
1163.844032,0.9999979297021431
1163.963634,1.0
1164.083236,0.9999974510032487
1164.202838,0.9999980488019036
1164.32244,0.9999961337074741
1164.442042,0.99999925161028
1164.561644,0.9999964342063574
1164.681246,1.0
1164.800848,1.0
1164.92045,0.9999981382017331
1165.040052,0.9999963982064864
1165.159654,0.9999945005151222
1165.279256,0.9999974223033222
1165.398858,1.0
1165.51846,1.0
1165.638062,0.9999983426013734
1165.757664,0.9999972554037664
1165.877266,0.9999982995014458
1165.996868,1.0
1166.11647,0.9999984058012708
1166.236072,0.9999964933061485
1166.355674,0.9999973549034983
1166.475276,0.999995927908291
1166.594878,0.9999997219800386
1166.71448,0.999996577705856
1166.834082,0.9999988481006634
1166.953684,0.9999973426035309
1167.073286,0.9999976164028408
1167.192888,0.9999984536011957
1167.31249,0.9999976643027277
1167.432092,0.9999963117068018
1167.551694,1.0
1167.671296,0.9999949141129332
1167.790898,1.0
1167.9105,0.9999939490183073
1168.030102,0.999999622920071
1168.149704,0.999999315850234
1168.269306,1.0
1168.388908,0.9999997566400296
1168.50851,0.9999998422700125
1168.628112,0.9999998458700119
1168.747714,0.9999921866305246
1168.867316,1.0
1168.986918,0.9999999636400007
1169.10652,0.9999971398040903
1169.226122,1.0
1169.345724,1.0
1169.465326,1.0
1169.584928,0.9999973630034769
1169.70453,0.999999989539
1169.824132,1.0
1169.943734,0.9999937383196044
1170.063336,0.9999992896802523
1170.182938,0.9999980682018659
1170.30254,0.9999993936201839
1170.422142,0.9999961204075256
1170.541744,0.9999964124064354
1170.661346,0.9999942502165301
1170.780948,0.9999947846136001
1170.90055,0.9999960250079003
1171.020152,0.9999957956088384
1171.139754,0.9999977596025097
1171.259356,0.9999993236902287
1171.378958,0.9999956056096554
1171.49856,0.9999996268000696
1171.618162,0.9999990782004249
1171.737764,1.0
1171.857366,1.0
1171.976968,1.0
1172.09657,0.9999984805011545
1172.216172,0.9999968557049433
1172.335774,0.9999996253500701
1172.455376,0.9999968829048581
1172.574978,0.9999985099011102
1172.69458,1.0
1172.814182,0.9999931154236988
1172.933784,0.9999991572103551
1173.053386,0.9999990819904214
1173.172988,0.999998846800665
1173.29259,1.0
1173.412192,0.999998995000505
1173.531794,1.0
1173.651396,0.9999982517015282
1173.770998,0.9999937763193671
1173.8906,0.9999979444021128
1174.010202,0.9999965765058602
1174.129804,1.0
1174.249406,0.9999995005801247
1174.369008,0.9999987169008232
1174.48861,1.0
1174.608212,0.9999957479090401
1174.727814,0.999995874008512
1174.847416,0.9999989963005037
1174.967018,1.0
1175.08662,1.0
1175.206222,1.0
1175.325824,1.0
1175.445426,0.9999997911500218
1175.565028,1.0
1175.68463,0.9999994621201447
1175.804232,0.9999930178243756
1175.923834,0.9999910231402922
1176.043436,1.0
1176.163038,0.9999987098008323
1176.28264,1.0
1176.402242,0.9999935072210782
1176.521844,0.9999945397149074
1176.641446,0.9999945949146075
1176.761048,0.9999961101075656
1176.88065,0.9999995795800883
1177.000252,0.9999957097092034
1177.119854,0.9999984724011668
1177.239456,0.9999999352270021
1177.359058,1.0
1177.47866,0.9999965213060507
1177.598262,1.0
1177.717864,0.9999947631137125
1177.837466,0.9999989509005504
1177.957068,0.9999998266200151
1178.07667,0.9999972338038259
1178.196272,0.9999999690860005
1178.315874,1.0
1178.435476,0.9999955327099783
1178.555078,0.9999999933413
1178.67468,1.0
1178.794282,1.0
1178.913884,0.9999997169000401
1179.033486,0.9999997294200366
1179.153088,0.999998836400677
1179.27269,0.9999980038019924
1179.392292,1.0
1179.511894,0.999998872200636
1179.631496,1.0
1179.751098,0.9999993826401906
1179.8707,0.9999968164050677
1179.990302,1.0
1180.109904,0.9999971825039692
1180.229506,0.9999972758037107
1180.349108,0.9999990145404856
1180.46871,0.9999966546055958
1180.588312,0.9999970937042233
1180.707914,0.9999993646702018
1180.827516,0.9999974150033412
1180.947118,0.9999988087007096
1181.06672,0.9999982976014491
1181.186322,0.9999973856034176
1181.305924,1.0
1181.425526,0.9999998752200078
1181.545128,1.0
1181.66473,0.9999996038200785
1181.784332,0.9999980245019513
1181.903934,0.9999999617740007
1182.023536,0.9999992857402551
1182.143138,0.9999980231019541
1182.26274,0.999995774608927
1182.382342,0.9999994331201607
1182.501944,0.9999960258078971
1182.621546,0.9999989071005972
1182.741148,0.9999976639027287
1182.86075,1.0
1182.980352,0.9999994494201516
1183.099954,0.9999947468137981
1183.219556,0.9999993183102324
1183.339158,0.999999936243002
1183.45876,0.9999985837010029
1183.578362,1.0
1183.697964,0.9999996238600707
1183.817566,0.9999992109403113
1183.937168,0.9999995615600961
1184.05677,0.9999981820016526
1184.176372,0.9999950198124011
1184.295974,0.9999999767190003
1184.415576,0.9999871330827795
1184.535178,0.9999981813016539
1184.65478,1.0
1184.774382,0.9999962232071321
1184.893984,1.0
1185.013586,1.0
1185.133188,1.0
1185.25279,1.0
1185.372392,0.9999991893103286
1185.491994,1.0
1185.611596,0.999997488003155
1185.731198,1.0
1185.8508,0.9999974926031435
1185.970402,0.9999991147103918
1186.090004,0.9999977786024673
1186.209606,1.0
1186.329208,0.9999963491066646
1186.44881,1.0
1186.568412,0.9999929801246394
1186.688014,0.999998536501071
1186.807616,0.99999849670113
1186.927218,0.9999982757014866
1187.04682,0.9999971759039877
1187.166422,1.0
1187.286024,0.99999912832038
1187.405626,0.9999999819310001
1187.525228,0.999998442401213
1187.64483,1.0
1187.764432,0.9999973740034479
1187.884034,0.9999974041033693
1188.003636,0.9999983176014152
1188.123238,0.9999920476316202
1188.24284,0.9999982962014514
1188.362442,1.0
1188.482044,1.0
1188.601646,0.9999999516330011
1188.721248,0.9999972680037319
1188.84085,0.9999993599902048
1188.960452,0.9999986879008608
1189.080054,0.9999990043004957
1189.199656,0.9999991601503527
1189.319258,1.0
1189.43886,0.999999381870191
1189.558462,0.9999985990009814
1189.678064,0.9999984099012642
1189.797666,1.0
1189.917268,1.0
1190.03687,0.9999931309235922
1190.156472,1.0
1190.276074,0.9999961421074417
1190.395676,0.9999940675175972
1190.515278,0.9999931363235551
1190.63488,0.9999964623062576
1190.754482,1.0
1190.874084,0.9999997799100242
1190.993686,1.0
1191.113288,1.0
1191.23289,0.9999925134280245
1191.352492,0.9999987943007268
1191.472094,0.999999353450209
1191.591696,0.999990917841243
1191.711298,0.9999997892300222
1191.8309,1.0
1191.950502,0.9999979407021203
1192.070104,0.9999980534018946
1192.189706,0.999998274901488
1192.309308,0.9999972547037683
1192.42891,0.9999991721803426
1192.548512,0.9999975351030379
1192.668114,0.9999991378603716
1192.787716,1.0
1192.907318,1.0
1193.02692,0.9999990634604385
1193.146522,0.9999939595182438
1193.266124,1.0
1193.385726,0.999994967712662
1193.505328,0.9999985596010373
1193.62493,0.9999988674006414
1193.744532,1.0
1193.864134,0.9999998643500092
1193.983736,0.9999972848036861
1194.103338,0.9999936727200173
1194.22294,1.0
1194.342542,0.99999998655
1194.462144,0.9999985252010876
1194.581746,0.999998707700835
1194.701348,1.0
1194.82095,0.9999983183014141
1194.940552,1.0
1195.060154,0.9999926681268783
1195.179756,0.99999985813001
1195.299358,0.9999967891051549
1195.41896,0.9999965877058219
1195.538562,0.9999948473132751
1195.658164,0.9999975075031062
1195.777766,0.9999990403504605
1195.897368,0.9999970543043386
1196.01697,1.0
1196.136572,0.9999956350095266
1196.256174,0.999992964824747
1196.375776,0.9999998891100061
1196.495378,0.9999985981009827
1196.61498,0.9999992827302573
1196.734582,0.9999999705470004
1196.854184,0.9999997397400339
1196.973786,0.9999964310063689
1197.093388,0.9999983113014258
1197.21299,1.0
1197.332592,0.9999994438501546
1197.452194,1.0
1197.571796,0.9999905240448972
1197.691398,0.9999989536005475
1197.811,0.9999950765121204
1197.930602,0.9999962710069528
1198.050204,0.9999919955320359
1198.169806,0.9999994594301461
1198.289408,0.9999957825088936
1198.40901,0.9999990435604574
1198.528612,0.9999999145400037
1198.648214,0.9999961773073065
1198.767816,0.999996161507367
1198.887418,0.9999918257334095
1199.00702,0.9999930676240291
1199.126622,1.0
1199.246224,0.9999931747232923
1199.365826,0.9999994061501764
1199.485428,0.999999815370017
1199.60503,0.999992421228719
1199.724632,0.9999999483700013
1199.844234,0.9999999794690002
1199.963836,0.999996164407356
1200.083438,0.9999998465400117
1200.20304,0.9999978241023673
1200.322642,0.9999959089083685
1200.442244,1.0
1200.561846,1.0
1200.681448,0.9999943659158715
1200.80105,0.9999967481052874
1200.920652,0.9999990838504197
1201.040254,0.9999984329012279
1201.159856,0.999998148501714
1201.279458,0.9999992394202892
1201.39906,0.9999973108036159
1201.518662,0.9999976380027895
1201.638264,0.9999992529002791
1201.757866,0.9999999577670009
1201.877468,0.999999021240479
1201.99707,0.9999963103068069
1202.116672,0.999996431806366
1202.236274,0.999996557905924
1202.355876,0.9999953468108261
1202.475478,0.9999985989009815
1202.59508,0.9999974816031711
1202.714682,0.9999948403133112
1202.834284,1.0
1202.953886,0.9999932992224503
1203.073488,0.9999922796298022
1203.19309,0.999999036710464
1203.312692,0.9999999777280002
1203.432294,0.9999980139019723
1203.551896,0.9999938120191456
1203.671498,0.9999981893016393
1203.7911,1.0
1203.910702,0.9999994918001291
1204.030304,0.9999984981011278
1204.149906,0.9999962390070726
1204.269508,0.9999973976033862
1204.38911,0.9999949327128388
1204.508712,1.0
1204.628314,0.9999992234303016
1204.747916,1.0
1204.867518,0.9999938055191859
1204.98712,0.9999938040191951
1205.106722,0.9999987812007427
1205.226324,0.9999989502005511
1205.345926,0.9999968037051081
1205.465528,0.9999955139100626
1205.58513,0.9999948747131343
1205.704732,0.9999984544011944
1205.824334,0.9999849271135971
1205.943936,0.9999937653194357
1206.063538,0.9999992786402602
1206.18314,0.9999973053036307
1206.302742,0.9999988770006306
1206.422344,0.9999964609062626
1206.541946,0.9999908953414477
1206.661548,0.9999968004051187
1206.78115,0.9999971302041178
1206.900752,0.9999952346113545
1207.020354,0.9999908584417843
1207.139956,0.9999962655069732
1207.259558,0.9999928331256822
1207.37916,0.9999986207009512
1207.498762,0.999993168023338
1207.618364,0.9999992940902491
1207.737966,0.9999930779239576
1207.857568,0.9999985884009963
1207.97717,0.9999923737290801
1208.096772,0.999999628700069
1208.216374,0.9999889490610621
1208.335976,0.9999984096012647
1208.455578,0.9999893070571699
1208.57518,0.9999996275600693
1208.694782,0.9999969695045919
1208.814384,0.9999983170014163
1208.933986,0.9999958259087115
1209.053588,0.9999936738200104
1209.17319,0.9999981587016952
1209.292792,0.9999936200203522
1209.412394,0.999996457706274
1209.531996,0.999992023431813
1209.651598,0.9999977781024684
1209.7712,0.9999965952057963
1209.890802,0.9999883100683278
1210.010404,0.9999884110671522
1210.130006,0.9999950455122735
1210.249608,0.9999970612043183
1210.36921,1.0
1210.488812,0.9999962636069804
1210.608414,0.9999933313222358
1210.728016,1.0
1210.847618,0.9999942196167064
1210.96722,0.9999932863225368
1211.086822,0.9999945056150942
1211.206424,0.999991856433159
1211.326026,0.9999941091173513
1211.445628,0.9999966674055532
1211.56523,0.9999886730641502
1211.684832,0.9999911820388785
1211.804434,0.9999917526340097
1211.924036,0.999989767052357
1212.043638,0.9999998860700064
1212.16324,0.9999926717268519
1212.282842,0.9999943486159691
1212.402444,0.9999887200636189
1212.522046,0.9999997792000244
1212.641648,0.9999987345008008
1212.76125,0.9999927825260461
1212.880852,0.9999895020551038
1213.000454,0.9999944644153214
1213.120056,0.9999950669121677
1213.239658,0.9999885720652993
1213.35926,0.9999946436143455
1213.478862,0.9999916811346019
1213.598464,0.9999879730723241
1213.718066,0.9999901599484137
1213.837668,0.9999881650700333
1213.95727,0.9999885350657228
1214.076872,0.9999944861152015
1214.196474,0.9999931576234091
1214.316076,0.9999903658464088
1214.435678,0.9999929583247927
1214.55528,0.9999900842491614
1214.674882,0.999992454028471
1214.794484,0.9999924562284543
1214.914086,0.9999881840698086
1215.033688,0.9999889450611062
1215.15329,0.9999887720630337
1215.272892,0.9999906846433883
1215.392494,0.9999875120779748
1215.512096,0.9999884210670363
1215.631698,0.9999790342197851
1215.7513,0.9999942091167672
1215.870902,0.9999899540504609
1215.990504,0.9999944425154429
1216.110106,0.9999894420557355
1216.229708,0.9999906541436728
1216.34931,0.9999850951110789
1216.468912,0.9999885900650938
1216.588514,0.9999879560725287
1216.708116,0.9999865710901686
1216.827718,0.9999871220829211
1216.94732,0.9999879230729267
1217.066922,0.9999804331914325
1217.186524,0.9999808161840118
1217.306126,0.9999858650998986
1217.425728,0.9999817291669137
1217.54533,0.9999855431045019
1217.664932,0.9999869120856475
1217.784534,0.9999835481353334
1217.904136,0.9999880860709714
1218.023738,0.9999865270907604
1218.14334,0.9999828471471118
1218.262942,0.9999825361524948
1218.382544,0.9999813831732953
1218.502146,0.9999837431321443
1218.621748,0.9999860050979296
1218.74135,0.9999813371741527
1218.860952,0.9999844571207918
1218.980554,0.9999909448409982
1219.100156,0.9999841341258643
1219.219758,0.9999805241896561
1219.33936,0.9999848481147909
1219.458962,0.999979330213623
1219.578564,0.9999793902123846
1219.698166,0.999982697149696
1219.817768,0.9999803341933745
1219.93737,0.9999731343608877
1220.056972,0.9999776072507214
1220.176574,0.9999825751518144
1220.296176,0.9999841361258326
1220.415778,0.9999847301165858
1220.53538,0.9999798072038772
1220.654982,0.9999802771944971
1220.774584,0.9999780682405045
1220.894186,0.9999767722697679
1221.013788,0.9999842801235586
1221.13339,0.9999721373881698
1221.252992,0.9999747993175425
1221.372594,0.9999750393115232
1221.492196,0.9999792022162769
1221.611798,0.9999675635260737
1221.7314,0.9999809321817932
1221.851002,0.9999706864296511
1221.970604,0.9999832221407499
1222.090206,0.9999751953076415
1222.209808,0.9999714844065772
1222.32941,0.9999725693762265
1222.449012,0.9999691714752087
1222.568614,0.9999730043643887
1222.688216,0.9999768412681675
1222.807818,0.9999673585327443
1222.92742,0.9999704444367743
1223.047022,0.9999663975645745
1223.166624,0.9999666975545387
1223.286226,0.9999730093642538
1223.405828,0.999966713554006
1223.52543,0.999971640402141
1223.645032,0.9999670245437023
1223.764634,0.9999624117064576
1223.884236,0.9999668845483287
1224.003838,0.999963791655538
1224.12344,0.9999659165808529
1224.243042,0.9999645866270683
1224.362644,0.9999634106694059
1224.482246,0.9999646126261479
1224.601848,0.9999669935447251
1224.72145,0.9999631166802063
1224.841052,0.9999629616859352
1224.960654,0.9999570179237559
1225.080256,0.999962458704692
1225.199858,0.9999629186875288
1225.31946,0.9999595378186161
1225.439062,0.9999548850177115
1225.558664,0.9999577068943786
1225.678266,0.9999586188562232
1225.797868,0.9999590978365163
1225.91747,0.9999529011091876
1226.037072,0.9999538630643412
1226.156674,0.9999636986589097
1226.276276,0.999952819113053
1226.395878,0.9999501452427897
1226.51548,0.9999477223665231
1226.635082,0.9999513941813011
1226.754684,0.9999515881718903
1226.874286,0.9999498392580921
1226.993888,0.9999532330936058
1227.11349,0.9999504032299604
1227.233092,0.9999490852961975
1227.352694,0.9999500692465816
1227.472296,0.9999454344887516
1227.591898,0.9999412367266288
1227.7115,0.999941265724925
1227.831102,0.9999420686780839
1227.950704,0.999941417716009
1228.070306,0.9999396218228355
1228.189908,0.9999440355660674
1228.30951,0.9999339891788102
1228.429112,0.9999414077165949
1228.548714,0.9999343501550454
1228.668316,0.9999295094845732
1228.787918,0.9999317433295926
1228.90752,0.9999304194208408
1229.027122,0.9999242188715348
1229.146724,0.9999229769664262
1229.266326,0.9999292635019441
1229.385928,0.9999250578083063
1229.50553,0.9999283215690214
1229.625132,0.9999159065360536
1229.744734,0.9999183693319643
1229.864336,0.9999236059181765
1229.983938,0.999913177769268
1230.10354,0.9999100430463694
1230.223142,0.999905917426043
1230.342744,0.9999136637271905
1230.462346,0.9999083282021161
1230.581948,0.9999062003994577
1230.70155,0.9998956154484464
1230.821152,0.9998966553404273
1230.940754,0.9998937256475191
1231.060356,0.9998916858663994
1231.179958,0.9998958754213403
1231.29956,0.9998852265869722
1231.419162,0.9998883462337458
1231.538764,0.9998759276976048
1231.658366,0.9998858565148634
1231.777968,0.9998783174039277
1231.89757,0.9998751477946853
1232.017172,0.9998708483407936
1232.136774,0.9998589399499046
1232.256376,0.999859079930166
1232.375978,0.999860569721305
1232.49558,0.999858280043222
1232.615182,0.9998495113245569
1232.734784,0.9998466817544437
1232.854386,0.9998462118266137
1232.973988,0.9998324540373927
1233.09359,0.999834403712579
1233.213192,0.9998237655311187
1233.332794,0.999821365956961
1233.452396,0.9998176166338687
1233.571998,0.9998117077292151
1233.6916,0.9998070986078665
1233.811202,0.9998053089547618
1233.930804,0.9997976804693572
1234.050406,0.9997910918243526
1234.170008,0.9997819037864377
1234.28961,0.9997764649876747
1234.409212,0.9997622982555373
1234.528814,0.999766087361828
1234.648416,0.9997597288697325
1234.768018,0.9997551999684187
1234.88762,0.9997398638412796
1235.007222,0.999741223488419
1235.126824,0.9997247478888152
1235.246426,0.9997228784052846
1235.366028,0.9997101720082494
1235.48563,0.9997055133697025
1235.605232,0.9996953164254706
1235.724834,0.9996886984643814
1235.844436,0.9996816506839006
1235.964038,0.9996713240257863
1236.08364,0.9996623170277334
1236.203242,0.9996486417407757
1236.322844,0.9996472722230746
1236.442446,0.9996423839598653
1236.562048,0.9996307481902362
1236.68165,0.9996170233542848
1236.801252,0.9996061375841736
1236.920854,0.9996010296098614
1237.040456,0.9995896242271815
1237.160058,0.9995861756489267
1237.27966,0.9995708920931441
1237.399262,0.9995652745205159
1237.518864,0.9995608264649413
1237.638466,0.9995413951913473
1237.758068,0.999537706890404
1237.87767,0.9995361376174361
1237.997272,0.9995218643433023
1238.116874,0.999507291420757
1238.236476,0.9995009345745984
1238.356078,0.9994936882190908
1238.47568,0.9994883809216972
1238.595282,0.999470480245096
1238.714884,0.9994617049328031
1238.834486,0.9994576071482133
1238.954088,0.9994506409529688
1239.07369,0.9994445743059904
1239.193292,0.9994401767595381
1239.312894,0.9994330607708125
1239.432496,0.9994292629323975
1239.552098,0.9994191987303931
1239.6717,0.9994035079721458
1239.791302,0.9994056466979413
1239.910904,0.9994015391491744
1240.030506,0.9993867880913196
1240.150108,0.9993865582323848
1240.26971,0.9993865782201161
1240.389312,0.9993747755343224
1240.508914,0.9993721172009551
1240.628516,0.9993749754092974
1240.748118,0.999366850523775
1240.86772,0.9993711178293375
1240.987322,0.9993604146219813
1241.106924,0.9993562672848664
1241.226526,0.999353748910246
1241.346128,0.9993588256401853
1241.46573,0.999353778890859
1241.585332,0.9993564771497045
1241.704934,0.9993531992658352
1241.824536,0.9993505409898608
1241.944138,0.9993504510483161
1242.06374,0.9993517002371606
1242.183342,0.9993519101010397
1242.302944,0.9993578462690161
1242.422546,0.9993589455632517
1242.542148,0.9993570467830589
1242.66175,0.9993505409898608
1242.781352,0.9993571367251971
1242.900954,0.9993535390459808
1243.020556,0.9993600148778955
1243.140158,0.9993642621669842
1243.25976,0.9993589955312001
1243.379362,0.9993558375617638
1243.498964,0.9993589455632517
1243.618566,0.9993583259608975
1243.738168,0.9993492518284943
1243.85777,0.9993584458839038
1243.977372,0.9993491518935742
1244.096974,0.999341856671393
1244.216576,0.9993345515091211
1244.336178,0.9993322730289411
1244.45578,0.9993223197290693
1244.575382,0.9993188021206948
1244.694984,0.9993116969892705
1244.814586,0.9993003948378913
1244.934188,0.9992875139388194
1245.05379,0.9992854853872252
1245.173392,0.9992776310341777
1245.292994,0.9992702064289615
1245.412596,0.9992663692387362
1245.532198,0.9992476431624405
1245.6518,0.9992401788104255
1245.771402,0.9992476231774879
1245.891004,0.9992401788104255
1246.010606,0.9992525994430422
1246.130208,0.9992442057564604
1246.24981,0.9992537885543431
1246.369412,0.999264320744779
1246.489014,0.9992755925098896
1246.608616,0.9992820778295298
1246.728218,0.9992904618413337
1246.84782,0.9992934097525443
1246.967422,0.9993120067759446
1247.087024,0.9993244382946327
1247.206626,0.999340267719104
1247.326228,0.9993497814837382
1247.44583,0.9993545084193838
1247.565432,0.9993572666416334
1247.685034,0.9993672602642678
1247.804636,0.9993748654780562
1247.924238,0.9993806218938599
1248.04384,0.9993752052655682
1248.163442,0.999382180928846
1248.283044,0.99938197105861
1248.402646,0.9993940436657389
1248.522248,0.9993871378767567
1248.64185,0.9993832102930226
1248.761452,0.999386608201714
1248.881054,0.9993830403978912
1249.000656,0.9993848892582261
1249.120258,0.9993875376316917
1249.23986,0.999384739350504
1249.359462,0.9993791328178426
1249.479064,0.9993802621169007
1249.598666,0.9993691290827919
1249.718268,0.9993691390764832
1249.83787,0.9993662908784955
1249.957472,0.9993612740723075
1250.077074,0.9993620635680258
1250.196676,0.9993547282773998
1250.316278,0.9993532292464317
1250.43588,0.9993458340598975
1250.555482,0.9993442351078421
1250.675084,0.9993489420302742
1250.794686,0.9993507808340193
1250.914288,0.9993543984903939
1251.03389,0.9993340918153331
1251.153492,0.9993422264279483
1251.273094,0.9993463237394762
1251.392696,0.9993403076927155
1251.512298,0.9993415868491281
1251.6319,0.9993463037525498
1251.751502,0.9993492118545251
1251.871104,0.999356027439391
1251.990706,0.9993475829166374
1252.110308,0.9993627331408328
1252.22991,0.9993659311066956
1252.349512,0.9993704882257316
1252.469114,0.9993690691206459
1252.588716,0.9993779135760443
1252.708318,0.9993818411389623
1252.82792,0.9993909955185541
1252.947522,0.999396322286756
1253.067124,0.9993997502220204
1253.186726,0.9994079053572551
1253.306328,0.9994150511493246
1253.42593,0.999426584465562
1253.545532,0.9994292029666435
1253.665134,0.99943987692753
1253.784736,0.9994569674955495
1253.904338,0.9994645334134303
1254.02394,0.9994702803510199
1254.143542,0.9994780362704884
1254.263144,0.9994899701094863
1254.382746,0.9995015642603855
1254.502348,0.9995071115094608
1254.62195,0.9995208948075641
1254.741552,0.9995310999679974
1254.861154,0.9995314697945727
1254.980756,0.9995472025437238
1255.100358,0.9995601367682089
1255.21996,0.9995719616345708
1255.339562,0.9995759899176931
1255.459164,0.9995891544201685
1255.578766,0.9995919532737192
1255.698368,0.9996078769003662
1255.81797,0.9996211717735397
1255.937572,0.9996266597088371
1256.057174,0.9996429737490458
1256.176776,0.9996461526187567
1256.296378,0.9996572587492067
1256.41598,0.9996747029205718
1256.535582,0.9996842598564138
1256.655184,0.9996855194593748
1256.774786,0.9996966960059591
1256.894388,0.9997006048276823
1257.01399,0.9997153205288927
1257.133592,0.9997177498400731
1257.253194,0.9997337554493726
1257.372796,0.9997391740210115
1257.492398,0.9997507610651852
1257.612,0.9997543801694908
1257.731602,0.9997590590309385
1257.851204,0.9997637779048337
1257.970806,0.999778644502744
1258.090408,0.9997863528258087
1258.21001,0.9997906919079957
1258.329612,0.9998035093068254
1258.449214,0.99980846834453
1258.568816,0.9998141072801932
1258.688418,0.9998131474591109
1258.80802,0.9998196862584772
1258.927622,0.999830204416902
1259.047224,0.9998320641028117
1259.166826,0.9998392529211964
1259.286428,0.9998364333784787
1259.40603,0.999853600717421
1259.525632,0.9998527108481123
1259.645234,0.9998599398093444
1259.764836,0.9998681086984226
1259.884438,0.999872808089577
1260.00404,0.9998738879527929
1260.123642,0.9998749978134245
1260.243244,0.9998812870469403
1260.362846,0.9998877862964287
1260.482448,0.9998916958653163
1260.60205,0.99988984606739
1260.721652,0.9998890061602721
1260.841254,0.9998937556443314
1260.960856,0.9998991750831736
1261.080458,0.9998991350872074
1261.20006,0.999912768804862
1261.319662,0.9999042495843636
1261.439264,0.9999097060767417
1261.558866,0.999917093436939
1261.678468,0.9999157795467415
1261.79807,0.9999184783230725
1261.917672,0.9999249468166311
1262.037274,0.9999234369311014
1262.156876,0.999934581139907
1262.276478,0.9999296414752771
1262.39608,0.9999349161180477
1262.515682,0.9999349661147948
1262.635284,0.9999347011320638
1262.754886,0.9999377189395457
1262.874488,0.9999365230147491
1262.99409,0.9999401627903173
1263.113692,0.9999466554228725
1263.233294,0.9999388968668725
1263.352896,0.999953952060239
1263.472498,0.9999486153202379
1263.5921,0.9999486253197241
1263.711702,0.9999514771772703
1263.831304,0.9999557769778666
1263.950906,0.9999512381888958
1264.070508,0.9999552240024749
1264.19011,0.9999560999636348
1264.309712,0.9999557399795036
1264.429314,0.999955652983358
1264.548916,0.9999601747930447
1264.668518,0.9999635546641474
1264.78812,0.9999580578795954
1264.907722,0.9999600617975513
1265.027324,0.9999590678377438
1265.146926,0.9999622477126355
1265.266528,0.9999625397016545
1265.38613,0.9999652246046781
1265.505732,0.9999644936303661
1265.625334,0.9999686574911867
1265.744936,0.9999622637120317
1265.864538,0.999972305383503
1265.98414,0.9999630606822734
1266.103742,0.99997060743197
1266.223344,0.9999613747459744
1266.342946,0.9999758312920679
1266.462548,0.9999633956699548
1266.58215,0.9999753253044253
1266.701752,0.999971817397137
1266.821354,0.9999696574603442
1266.940956,0.9999745873229076
1267.060558,0.9999653386007202
1267.18016,0.9999771782604199
1267.299762,0.999973595348609
1267.419364,0.9999796022080378
1267.538966,0.9999816391685621
1267.658568,0.9999735273504068
1267.77817,0.9999704824356519
1267.897772,0.9999705534335587
1268.017374,0.9999672875350644
1268.136976,0.9999757182948054
1268.256578,0.9999749293142749
1268.37618,0.99997532430445
1268.495782,0.9999766282731231
1268.615384,0.9999704994351503
1268.734986,0.9999763262802269
1268.854588,0.9999803511930403
1268.97419,0.9999776972487101
1269.093792,0.9999809751809742
1269.213394,0.9999816501683603
1269.332996,0.999977205259804
1269.452598,0.9999869110856606
1269.5722,0.9999768862671264
1269.691802,0.9999737193453424
1269.811404,0.9999730713625823
1269.931006,0.9999734943512809
1270.050608,0.9999809541813739
1270.17021,0.999978741225971
1270.289812,0.9999827241492292
1270.409414,0.9999891600587526
1270.529016,0.9999839681285119
1270.648618,0.9999788322240405
1270.76822,0.9999753473038827
1270.887822,0.9999830451437351
1271.007424,0.9999829531452993
1271.127026,0.9999840191276955
1271.246628,0.9999832151408673
1271.36623,0.999981790165801
1271.485832,0.9999838991296204
1271.605434,0.999984885114231
1271.725036,0.9999839591286561
1271.844638,0.9999864190922214
1271.96424,0.9999801051979041
1272.083842,0.9999780142416903
1272.203444,0.9999756262970435
1272.323046,0.9999823721553723
1272.442648,0.999984517119861
1272.56225,0.9999811761771704
1272.681852,0.999977531252426
1272.801454,0.9999825461523202
1272.921056,0.9999906233439612
1273.040658,0.9999854531058071
1273.16026,0.9999863800927518
1273.279862,0.99998998305017
1273.399464,0.9999849511132356
1273.519066,0.9999864140922893
1273.638668,0.9999923926289362
1273.75827,0.999985123110662
1273.877872,0.9999837191325348
1273.997474,0.9999801591968314
1274.117076,0.9999814621718277
1274.236678,0.9999845831188413
1274.35628,0.9999801961960979
1274.475882,0.9999858021007911
1274.595484,0.9999934138216889
1274.715086,0.9999900318496824
1274.834688,0.9999930975238221
1274.95429,0.9999832191408002
1275.073892,0.9999843721221165
1275.193494,0.9999910295402348
1275.313096,0.999976724270884
1275.432698,0.9999855511043862
1275.5523,0.999987758074933
1275.671902,0.9999861850954267
1275.791504,0.999983244140381
1275.911106,0.9999966008057772
1276.030708,0.9999901548484639
1276.15031,0.9999887190636303
1276.269912,0.9999868740861456
1276.389514,0.9999839361290254
1276.509116,0.9999950451122755
1276.628718,0.9999882970684798
1276.74832,0.999983729132372
1276.867922,0.9999878530737745
1276.987524,0.9999799412011804
1277.107126,0.9999850971110491
1277.226728,0.9999796932061857
1277.34633,0.9999827751483494
1277.465932,0.9999907690426055
1277.585534,0.9999906903433351
1277.705136,0.9999826671502156
1277.824738,0.9999900540494613
1277.94434,0.9999877030756078
1278.063942,0.9999866180895386
1278.183544,0.999992214530307
1278.303146,0.9999897620524082
1278.422748,0.9999857361017304
1278.54235,0.9999830291440066
1278.661952,0.999987472078475
1278.781554,0.9999889700608302
1278.901156,0.9999781322391029
1279.020758,0.9999898230517855
1279.14036,0.9999840951264839
1279.259962,0.9999882400691485
1279.379564,0.9999837551319493
1279.499166,0.9999848501147607
1279.618768,0.9999865750901149
1279.73837,0.9999872470813191
1279.857972,0.9999885950650368
1279.977574,0.9999846241182101
1280.097176,0.9999897450525823
1280.216778,0.9999887340634611
1280.33638,0.9999919528323786
1280.455982,0.9999848541147001
1280.575584,0.999990506445064
1280.695186,0.9999865390905989
1280.814788,0.9999890140603459
1280.93439,0.9999830251440744
1281.053992,0.9999885250658376
1281.173594,0.9999803371933155
1281.293196,0.9999874820783499
1281.412798,0.999988656064343
1281.5324,0.9999904690454199
1281.652002,0.9999933593220494
1281.771604,0.9999961456074282
1281.891206,0.9999874100792537
1282.010808,0.9999892280580178
1282.13041,0.9999827511487631
1282.250012,0.9999870990832176
1282.369614,0.9999966399056451
1282.489216,0.9999866630889374
1282.608818,0.9999874990781372
1282.72842,0.9999848051154434
1282.848022,0.999987432078977
1282.967624,0.9999875550774386
1283.087226,0.9999839871282074
1283.206828,0.9999831211424495
1283.32643,0.9999923252294513
1283.446032,0.9999870970832433
1283.565634,0.9999930809239369
1283.685236,0.9999802941941619
1283.804838,0.9999840331274719
1283.92444,0.9999896940531067
1284.044042,0.9999914380366538
1284.163644,0.9999927780260786
1284.283246,0.9999876200766319
1284.402848,0.9999887170636528
1284.52245,0.9999926389270928
1284.642052,0.9999891660586876
1284.761654,0.9999834411370995
1284.881256,0.9999867140882585
1285.000858,0.9999884260669785
1285.12046,0.9999868370866319
1285.240062,0.9999921470308347
1285.359664,0.9999919773321818
1285.479266,0.9999961901072577
1285.598868,0.9999876970756816
1285.71847,0.9999887770629776
1285.838072,0.9999867150882452
1285.957674,0.9999972224038576
1286.077276,0.999983125142382
1286.196878,0.9999850231121548
1286.31648,0.9999919879320968
1286.436082,0.9999852901081915
1286.555684,0.9999934339215568
1286.675286,0.9999748823154543
1286.794888,0.9999842121246298
1286.91449,0.9999949702126494
1287.034092,0.9999892720575447
1287.153694,0.9999899640503604
1287.273296,0.9999899530504709
1287.392898,0.9999871800821758
1287.5125,0.9999963044068287
1287.632102,0.999980425191589
1287.751704,0.9999834431370663
1287.871306,0.9999932217229727
1287.990908,0.9999892400578886
1288.11051,0.9999880060719277
1288.230112,0.9999842801235586
1288.349714,0.999997501603121
1288.469316,0.999986130096188
1288.588918,0.9999916022352614
1288.70852,0.9999827191493156
1288.828122,0.9999880180717838
1288.947724,0.999974346329061
1289.067326,0.9999905733444312
1289.186928,0.9999858910995315
1289.30653,0.9999892760575019
1289.426132,0.9999919379324986
1289.545734,0.9999838991296204
1289.665336,0.9999835431354157
1289.784938,0.9999876010768672
1289.90454,0.9999849391134162
1290.024142,0.9999897750522752
1290.143744,0.9999836721333011
1290.263346,0.999986788087278
1290.382948,0.9999920875313038
1290.50255,0.9999822361577789
1290.622152,0.9999884810663434
1290.741754,0.9999878860733742
1290.861356,0.9999826491505277
1290.980958,0.9999830451437351
1291.10056,0.9999871280828438
1291.220162,0.9999834241373812
1291.339764,0.999988163070057
1291.459366,0.9999867940871988
1291.578968,0.9999832691399624
1291.69857,0.9999870970832433
1291.818172,0.9999904904452162
1291.937774,0.9999877360752025
1292.057376,0.999984059127057
1292.176978,0.999992514828014
1292.29658,0.9999867410879002
1292.416182,0.999979033219806
1292.535784,0.9999822921567857
1292.655386,0.9999836551335788
1292.774988,0.9999902516475155
1292.89459,0.9999838281307661
1293.014192,0.9999879570725166
1293.133794,0.9999857091021158
1293.253396,0.9999761512843851
1293.372998,0.99999075124277
1293.4926,0.999988463066551
1293.612202,0.9999889270613055
1293.731804,0.9999946424143519
1293.851406,0.9999772702583245
1293.971008,0.9999853081079269
1294.09061,0.9999874500787509
1294.210212,0.9999831521419268
1294.329814,0.9999906562436531
1294.449416,0.9999818341650007
1294.569018,0.9999862650943246
1294.68862,0.9999775662516402
1294.808222,0.9999882150694428
1294.927824,0.9999921180310629
1295.047426,0.9999880150718198
1295.167028,0.9999920297317627
1295.28663,0.9999857661013029
1295.406232,0.9999887400633936
1295.525834,0.9999873820796066
1295.645436,0.9999839451288808
1295.765038,0.9999814641717906
1295.88464,0.9999778652449773
1296.004242,0.999981852164674
1296.123844,0.9999837791315597
1296.243446,0.9999836871330563
1296.363048,0.9999794222117256
1296.48265,0.9999872850808352
1296.602252,0.999994049717703
1296.721854,0.999986702088418
1296.841456,0.9999830711432948
1296.961058,0.9999880030719637
1297.08066,0.9999784122330192
1297.200262,0.9999922233302384
1297.319864,0.9999786022289355
1297.439466,0.9999858600999694
1297.559068,0.999981410172793
1297.67867,0.9999894690554508
1297.798272,0.9999864650915977
1297.917874,0.9999775992509006
1298.037476,0.9999899020509846
1298.157078,0.9999787032267795
1298.27668,0.9999860610971474
1298.396282,0.9999900436495648
1298.515884,0.9999822251579744
1298.635486,0.9999882930685267
1298.755088,0.9999858600999694
1298.87469,0.999989872051288
1298.994292,0.9999857831010611
1299.113894,0.9999836011344628
1299.233496,0.999981469171698
1299.353098,0.999978558229878
1299.4727,0.999979105218299
1299.592302,0.999981595169371
1299.711904,0.9999844741205277
1299.831506,0.9999724813786443
1299.951108,0.9999888160625406
1300.07071,0.9999789612213182
1300.190312,0.9999804941902408
1300.309914,0.9999901701483133
1300.429516,0.9999775542519096
1300.549118,0.9999784322325876
1300.66872,0.9999894600555456
1300.788322,0.9999891120592741
1300.907924,0.9999720733899551
1301.027526,0.9999936910199017
1301.147128,0.9999788322240405
1301.26673,0.9999920296317636
1301.386332,0.9999760952857223
1301.505934,0.9999719493934256
1301.625536,0.9999837451321117
1301.745138,0.9999831281423314
1301.86474,0.9999791192180065
1301.984342,0.9999838021311869
1302.103944,0.9999860730969802
1302.223546,0.9999790042204144
1302.343148,0.9999858481001391
1302.46275,0.9999897360526747
1302.582352,0.9999880660712099
1302.701954,0.9999759882882857
1302.821556,0.999979896202084
1302.941158,0.9999787432259284
1303.06076,0.9999767612700234
1303.180362,0.9999795662087727
1303.299964,0.999981827165128
1303.419566,0.9999839441288969
1303.539168,0.9999802811944182
1303.65877,0.9999942662164382
1303.778372,0.9999768632676583
1303.897974,0.9999882790686907
1304.017576,0.9999825601520759
1304.137178,0.9999733433552946
1304.25678,0.9999869820847338
1304.376382,0.9999908844415469
1304.495984,0.9999803391932762
1304.615586,0.9999852051094454
1304.735188,0.9999828031478676
1304.85479,0.9999827151493847
1304.974392,0.9999768322683761
1305.093994,0.9999799192016219
1305.213596,0.9999884510666894
1305.333198,0.999976287281151
1305.4528,0.9999761622841229
1305.572402,0.9999780292413607
1305.692004,0.9999805791885864
1305.811606,0.9999774802535732
1305.931208,0.9999840181277114
1306.05081,0.9999828211475582
1306.170412,0.9999702274432114
1306.290014,0.9999796102078746
1306.409616,0.9999712504132773
1306.529218,0.9999824901532992
1306.64882,0.9999875930769665
1306.768422,0.9999714924063492
1306.888024,0.9999894920552088
1307.007626,0.9999812161764182
1307.127228,0.9999740353370877
1307.24683,0.9999814071728488
1307.366432,0.999968994480681
1307.486034,0.9999774512542268
1307.605636,0.999977540252224
1307.725238,0.999984515119892
1307.84484,0.9999789462216339
1307.964442,0.9999792932143885
1308.084044,0.9999871500825609
1308.203646,0.9999696434607691
1308.323248,0.9999816991674623
1308.44285,0.9999757432941987
1308.562452,0.9999884520666779
1308.682054,0.9999802821943985
1308.801656,0.999970990420786
1308.921258,0.9999746063224249
1309.04086,0.9999733543550015
1309.160462,0.9999770532632803
1309.280064,0.9999605887766426
1309.399666,0.9999698534544162
1309.519268,0.9999715664042423
1309.63887,0.9999723743815945
1309.758472,0.9999805381893835
1309.878074,0.9999661915715178
1309.997676,0.9999689364824811
1310.117278,0.9999736093482394
1310.23688,0.9999818261651462
1310.356482,0.9999832921395778
1310.476084,0.9999749883127975
1310.595686,0.9999696444607387
1310.715288,0.9999857961008763
1310.83489,0.999988522065872
1310.954492,0.9999756642961181
1311.074094,0.9999780272414046
1311.193696,0.9999811051785094
1311.313298,0.9999732053589828
1311.4329,0.9999580478800147
1311.552502,0.9999803751925691
1311.672104,0.9999791842166514
1311.791706,0.9999622567122958
1311.911308,0.9999794762106159
1312.03091,0.9999708024262575
1312.150512,0.999981564169942
1312.270114,0.999992661626926
1312.389716,0.9999758782909332
1312.509318,0.9999905415447314
1312.62892,0.9999833671383276
1312.748522,0.9999832161408505
1312.868124,0.9999729613655505
1312.987726,0.9999768072689555
1313.107328,0.9999876650760758
1313.22693,0.999977714248331
1313.346532,0.9999581238768294
1313.466134,0.9999877460750799
1313.585736,0.999966832550052
1313.705338,0.999966247569626
1313.82494,0.9999816701679934
1313.944542,0.9999780542408117
1314.064144,0.9999778162460631
1314.183746,0.9999598418063619
1314.303348,0.9999811041785283
1314.42295,0.9999671735388
1314.542552,0.99997662027331
1314.662154,0.9999718853952229
1314.781756,0.9999701634451189
1314.901358,0.9999684474977907
1315.02096,0.9999598238070848
1315.140562,0.9999718623958698
1315.260164,0.9999713844094338
1315.379766,0.99997418433323
1315.499368,0.9999792412154666
1315.61897,0.9999632886738772
1315.738572,0.9999722863840294
1315.858174,0.9999803951921767
1315.977776,0.9999653126016217
1316.097378,0.9999520051517896
1316.21698,0.9999767652699305
1316.336582,0.9999626136988852
1316.456184,0.999958621856099
1316.575786,0.9999828501470605
1316.695388,0.9999669535460461
1316.81499,0.9999797212056175
1316.934592,0.9999662365699974
1317.054194,0.9999798992020238
1317.173796,0.9999817081672976
1317.293398,0.9999655465935322
1317.413,0.9999676845221563
1317.532602,0.9999603167873995
1317.652204,0.9999765882740588
1317.771806,0.9999578418886782
1317.891408,0.9999814111727744
1318.01101,0.9999868050870536
1318.130612,0.9999584088649353
1318.250214,0.9999481013467817
1318.369816,0.9999655715926712
1318.489418,0.9999757352943928
1318.60902,0.9999657305872097
1318.728622,0.999967916514686
1318.848224,0.9999564849468074
1318.967826,0.9999564579479827
1319.087428,0.9999769802649582
1319.20703,0.9999804791905335
1319.326632,0.9999588268476375
1319.446234,0.9999581638751551
1319.565836,0.999973937339637
1319.685438,0.9999791672170054
1319.80504,0.9999839591286561
1319.924642,0.9999778152460853
1320.044244,0.999955120007137
1320.163846,0.9999696924592828
1320.283448,0.9999597928083308
1320.40305,0.9999577038945054
1320.522652,0.9999829321456575
1320.642254,0.9999668395498199
1320.761856,0.999972716372205
1320.881458,0.9999661985712812
1321.00106,0.9999675645260414
1321.120662,0.9999501212439865
1321.240264,0.9999475083777334
1321.359866,0.9999825791517447
1321.479468,0.9999473853841975
1321.59907,0.9999728353689653
1321.718672,0.9999492502878102
1321.838274,0.9999662595692211
1321.957876,0.9999525251269674
1322.077478,0.9999620327207754
1322.19708,0.999959403824047
1322.316682,0.9999573849080489
1322.436284,0.9999814631718091
1322.555886,0.9999464584334008
1322.675488,0.9999686174924411
1322.79509,0.9999547530236753
1322.914692,0.9999716704012906
1323.034294,0.9999553019989854
1323.153896,0.9999639816486764
1323.273498,0.9999650286115133
1323.3931,0.9999607067719991
1323.512702,0.9999670685422524
1323.632304,0.9999607557700749
1323.751906,0.9999467234192474
1323.871508,0.9999646226257941
1323.99111,0.9999655575931533
1324.110712,0.99995473502449
1324.230314,0.9999626666969051
1324.349916,0.9999627686931023
1324.469518,0.9999742983302936
1324.58912,0.9999542160481171
1324.708722,0.9999643586351685
1324.828324,0.9999820531610465
1324.947926,0.9999589888409806
1325.067528,0.9999412457261
1325.18713,0.9999494042800067
1325.306732,0.9999452544985896
1325.426334,0.9999554449926038
1325.545936,0.9999577718916317
1325.665538,0.9999661675723295
1325.78514,0.9999554379929158
1325.904742,0.9999475263767887
1326.024344,0.9999390758559511
1326.143946,0.9999805931883146
1326.263548,0.9999576368973416
1326.38315,0.9999498412579918
1326.502752,0.9999721023891456
1326.622354,0.9999521681439797
1326.741956,0.9999534120852506
1326.861558,0.9999552450015349
1326.98116,0.9999539280613443
1327.100762,0.999941018739463
1327.220364,0.9999368299953088
1327.339966,0.9999649406145946
1327.459568,0.9999488423085994
1327.57917,0.9999587268517598
1327.698772,0.9999480493494818
1327.818374,0.9999607317710171
1327.937976,0.9999840631269933
1328.057578,0.999962823691056
1328.17718,0.9999572469139393
1328.296782,0.9999566289405516
1328.416384,0.9999653306009975
1328.535986,0.9999556839819838
1328.655588,0.9999666865549052
1328.77519,0.9999550510102361
1328.894792,0.9999578898866557
1329.014394,0.9999442725528319
1329.133996,0.999937645944095
1329.253598,0.9999686574911867
1329.3732,0.9999753343042033
1329.492802,0.9999731113615059
1329.612404,0.9999507272139436
1329.732006,0.999942839633716
1329.851608,0.9999572929119737
1329.97121,0.9999578888866978
1330.090812,0.9999452464990276
1330.210414,0.9999445655365466
1330.330016,0.9999526921190531
1330.449618,0.999934062173994
1330.56922,0.9999548780180273
1330.688822,0.9999477843632838
1330.808424,0.9999140606929938
1330.928026,0.9999650336113384
1331.047628,0.9999520241508778
1331.16723,0.9999498972551845
1331.286832,0.9999219790437931
1331.406434,0.9999667805517781
1331.526036,0.9999519821528937
1331.645638,0.9999597208112283
1331.76524,0.9999397908126458
1331.884842,0.9999557349797249
1332.004444,0.9999469774057475
1332.124046,0.9999465164302971
1332.243648,0.9999547330245805
1332.36325,0.9999442055565678
1332.482852,0.9999551880040874
1332.602454,0.9999496892656274
1332.722056,0.9999744133273445
1332.841658,0.9999540090576158
1332.96126,0.9999449905130773
1333.080862,0.9999687774874327
1333.200464,0.9999585908573823
1333.320066,0.999924741832038
1333.439668,0.9999588538465262
1333.55927,0.9999253357875111
1333.678872,0.9999355910743439
1333.798474,0.9999467754164784
1333.918076,0.9999734113534843
1334.037678,0.9999279635947464
1334.15728,0.9999656325905729
1334.276882,0.9999394128354764
1334.396484,0.9999179033701128
1334.516086,0.9999440345661234
1334.635688,0.9999451045068127
1334.75529,0.9999637386574584
1334.874892,0.9999278716013781
1334.994494,0.999942145673626
1335.114096,0.9999522051422106
1335.233698,0.9999411647308624
1335.3533,0.9999496372682449
1335.472902,0.999934811124887
1335.592504,0.9999583398678074
1335.712106,0.9999438975738
1335.831708,0.9999424946534958
1335.95131,0.9999554069942976
1336.070912,0.9999608737654511
1336.190514,0.9999245858437904
1336.310116,0.999935606073378
1336.429718,0.99994597745927
1336.54932,0.9999328712532352
1336.668922,0.999951222189676
1336.788524,0.9999336282027051
1336.908126,0.9999388988667502
1337.027728,0.9999229639674275
1337.14733,0.9999237369081775
1337.266932,0.9999511241944611
1337.386534,0.999898125189591
1337.506136,0.9999339661803287
1337.625738,0.9999320243104519
1337.74534,0.9999387358767231
1337.864942,0.9999352850940999
1337.984544,0.9999519961522215
1338.104146,0.9999468434128614
1338.223748,0.9999227319853268
1338.34335,0.9999316123385428
1338.462952,0.9999678405171273
1338.582554,0.9999464254351682
1338.702156,0.9999273036425083
1338.821758,0.9999481303452771
1338.94136,0.999981101178585
1339.060962,0.9999405817653332
1339.180564,0.9999512911863128
1339.300166,0.9999282805719611
1339.419768,0.9999521911428798
1339.53937,0.9999313973532692
1339.658972,0.9999448395213951
1339.778574,0.9999385778864153
1339.898176,0.999932575273149
1340.017778,0.9999287395391473
1340.13738,0.9999251238033624
1340.256982,0.9999507392133524
1340.376584,0.9999307134004273
1340.496186,0.9999050625068491
1340.615788,0.999957431906047
1340.73539,0.9999722203858606
1340.854992,0.9999795442092225
1340.974594,0.9999378869290967
1341.094196,0.99994196768394
1341.213798,0.9999403967763427
1341.3334,0.9999397078176467
1341.453002,0.9999397908126458
1341.572604,0.9999380429194192
1341.692206,0.9999321363028448
1341.811808,0.9999567739342733
1341.93141,0.9999051504984984
1342.051012,0.9999344481486165
1342.170614,0.9999482423394739
1342.290216,0.9999361510384317
1342.409818,0.9999363240274008
1342.52942,0.9999171114354469
1342.649022,0.999927444632268
1342.768624,0.9999351111053754
1342.888226,0.9999406167632542
1343.007828,0.9999278066060685
1343.12743,0.9998916158739838
1343.247032,0.9999456834751959
1343.366634,0.9999549480148712
1343.486236,0.9999211901056629
1343.605838,0.9999423166637477
1343.72544,0.99994968126603
1343.845042,0.999937892928724
1343.964644,0.9999608447665862
1344.084246,0.9999660775753785
1344.203848,0.9999153395838953
1344.32345,0.9999392278467021
1344.443052,0.9999370399820652
1344.562654,0.9999329112505508
1344.682256,0.9999492962854768
1344.801858,0.999938342900877
1344.92146,0.9999425396509091
1345.041062,0.9999581988736914
1345.160664,0.999968597493069
1345.280266,0.9999565119456328
1345.399868,0.9999737413447646
1345.51947,0.9999636286614532
1345.639072,0.9999270406616619
1345.758674,0.999965200605513
1345.878276,0.9998944755680946
1345.997878,0.9999635946626904
1346.11748,0.9999811301780374
1346.237082,0.9999392018482826
1346.356684,0.9999360660438625
1346.476286,0.9999570709214792
1346.595888,0.9999373459628462
1346.71549,0.9998854465617463
1346.835092,0.9999520801481928
1346.954694,0.9999933683219897
1347.074296,0.9998955054599348
1347.193898,0.9999362550317968
1347.3135,0.9999741163349878
1347.433102,0.9999041335954775
1347.552704,0.9998951454976176
1347.672306,0.9999804311914716
1347.791908,0.9999529831053289
1347.91151,0.999955719980389
1348.031112,0.9999649936127378
1348.150714,0.9999197592194636
1348.270316,0.9999831161425339
1348.389918,0.9999320803066468
1348.50952,0.9999735413500362
1348.629122,0.99996586858249
1348.748724,0.999975888290692
1348.868326,0.9999240888813948
1348.987928,0.9999770392636017
1349.10753,0.999960739770703
1349.227132,0.9999327822592136
1349.346734,0.9999008649142074
1349.466336,0.999959443822424
1349.585938,0.9999895440546638
1349.70554,0.9999678325173845
1349.825142,0.9999467054202066
1349.944744,0.999938662881198
1350.064346,0.9999756472965319
1350.183948,0.9999524611300079
1350.30355,0.9999363050286109
1350.423152,0.9999506422181353
1350.542754,0.9999533420885142
1350.662356,0.9999613257478682
1350.781958,0.9999799342013208
1350.90156,0.9999563429529966
1351.021162,0.9998836167730533
1351.140764,0.9999624527049173
1351.260366,0.9999468604119579
1351.379968,0.9999839951280793
1351.49957,0.9999852771083828
1351.619172,0.9999175194017116
1351.738774,0.9999572749127426
1351.858376,0.9999403747776542
1351.977978,0.9999519251556324
1352.09758,0.9999637346576035
1352.217182,0.9999968325050165
1352.336784,0.999955143006105
1352.456386,0.9998969853063779
1352.575988,0.9999968477049684
1352.69559,0.9999719483934537
1352.815192,0.9999506852160139
1352.934794,0.9999292805007417
1353.054396,0.9999002239779584
1353.173998,0.9999445405379328
1353.2936,0.9999214740833212
1353.413202,0.9999964334063604
1353.532804,0.9999682745032642
1353.652406,0.999921297097236
1353.772008,0.9999570519222951
1353.89161,0.999941632703437
1354.011212,0.9999844251212897
1354.130814,0.9998937456453938
1354.250416,0.9999720333910729
1354.370018,0.9999508732067605
1354.48962,0.9999915196359584
1354.609222,0.9999525191272524
1354.728824,0.9999920845313275
1354.848426,0.9999722163859718
1354.968028,0.9999364360202754
1355.08763,0.9999766442727492
1355.207232,0.9999485443238887
1355.326834,0.9999772552586655
1355.446436,0.9998997850218564
1355.566038,0.9999988051007139
1355.68564,0.9999896030540486
1355.805242,0.999904900522242
1355.924844,0.9999220500382562
1356.044446,0.9999406057639075
1356.164048,0.9999772302592345
1356.28365,0.9999532520927175
1356.403252,0.9999668685488586
1356.522854,0.9999960717077158
1356.642456,0.9999214580845778
1356.762058,0.999948157343877
1356.88166,0.9999981358017376
1357.001262,0.9999931936231635
1357.120864,0.9999625007031162
1357.240466,0.9999972088038954
1357.360068,0.9998507411402121
1357.47967,0.9999714054088331
1357.599272,0.9999918492332177
1357.718874,0.9999264227069418
1357.838476,1.0
1357.958078,0.9999774762536634
1358.07768,0.9999428786314875
1358.197282,0.9999153845800866
1358.316884,0.9999905019451069
1358.436486,0.999940489770804
1358.556088,0.9998995750429236
1358.67569,0.9999996245500705
1358.795292,0.9999984282012353
1358.914894,0.9999084881874614
1359.034496,1.0
1359.154098,0.9999735973485562
1359.2737,0.999958438863688
1359.393302,0.999965049610779
1359.512904,0.9999309523838964
1359.632506,0.9999792652149686
1359.752108,1.0
1359.87171,0.9999406727599303
1359.991312,0.9999236409155033
1360.110914,0.999979779204443
1360.230516,0.999988857062083
1360.350118,0.9999494822760632
1360.46972,0.9999909946405485
1360.589322,0.9999312773615087
1360.708924,0.9999019108110591
1360.828526,1.0
1360.948128,0.9999937209197135
1361.06773,0.9999164594897028
1361.187332,0.9999557979769382
1361.306934,0.999892695757512
1361.426536,0.9999624647044668
1361.546138,0.9999996982100455
1361.66574,0.99994690140978
1361.785342,0.9999140406947128
1361.904944,1.0
1362.024546,0.9999987089008334
1362.144148,0.9999736763464735
1362.26375,0.999990340946649
1362.383352,0.9999441195613699
1362.502954,1.0
1362.622556,0.9999382779048869
1362.742158,0.9999997669700271
1362.86176,0.9999565289448937
1362.981362,1.0
1363.100964,0.9999528921096115
1363.220566,0.9999695894624098
1363.340168,0.99998378713143
1363.45977,0.9999986401009247
1363.579372,0.9999090271382818
1363.698974,0.9999304274202842
1363.818576,1.0
1363.938178,0.9999402317861908
1364.05778,1.0
1364.177382,0.9999662195705715
1364.296984,1.0
1364.416586,0.9999667915514128
1364.536188,0.9998763376468193
1364.65579,0.9999743873280101
1364.775392,0.9999680485104597
1364.894994,0.9999666865549052
1365.014596,0.9999951754116384
1365.134198,0.9998978752150909
1365.2538,0.9999507962105462
1365.373402,0.9999233759357736
1365.493004,0.9999236539145108
1365.612606,0.999943664586899
1365.732208,0.9999363930230095
1365.85181,0.999959157834064
1365.971412,0.9999778382455753
1366.091014,0.9999702144435985
1366.210616,1.0
1366.330218,0.9999566309404648
1366.44982,0.9999884100671638
1366.569422,0.9999639676491807
1366.689024,0.999949912254433
1366.808626,1.0
1366.928228,0.9999965167060667
1367.04783,1.0
1367.167432,1.0
1367.287034,0.9999978606022886
1367.406636,0.9999736453472899
1367.526238,0.9999971360041012
1367.64584,0.9999781742381854
1367.765442,0.9999472613907293
1367.885044,1.0
1368.004646,0.9999452065012185
1368.124248,1.0
1368.24385,0.9999513681825651
1368.363452,1.0
1368.483054,0.9999679515135638
1368.602656,0.999991463636435
1368.722258,1.0
1368.84186,0.9999137287215808
1368.961462,0.9999184973215238
1369.081064,1.0
1369.200666,0.9999078682443909
1369.320268,1.0
1369.43987,0.9999703774387567
1369.559472,0.9999217910584788
1369.679074,0.9999803791924906
1369.798676,0.9999875030780871
1369.918278,1.0
1370.03788,1.0
1370.157482,0.9999602797888685
1370.277084,0.999878217416101
1370.396686,0.9999761352847668
1370.516288,0.99999384371895
1370.63589,1.0
1370.755492,1.0
1370.875094,0.9999345981387949
1370.994696,1.0
1371.114298,0.9999192462607588
1371.2339,0.9999354180855017
1371.353502,0.9999606957724314
1371.473104,0.9999097960686193
1371.592706,1.0
1371.712308,0.999951673167779
1371.83191,0.9999241888738086
1371.951512,1.0
1372.071114,0.9999257447570571
1372.190716,0.9999570409227676
1372.310318,0.9999711174171099
1372.42992,0.9999803591928832
1372.549522,0.9999516741677307
1372.669124,0.9999917972336428
1372.788726,0.9999795952081806
1372.908328,0.9999901140488663
1373.02793,0.999972171387223
1373.147532,0.99992526579274
1373.267134,0.9999922328301646
1373.386736,0.9999382719052572
1373.506338,0.9998259451493035
1373.62594,0.9999943584159138
1373.745542,0.9999455444827555
1373.865144,0.9999343241567527
1373.984746,0.9999984251012402
1374.104348,1.0
1374.22395,0.9999974059033647
1374.343552,1.0
1374.463154,0.9999965644059017
1374.582756,0.9999884310669206
1374.702358,0.9999962484070373
1374.82196,0.9999395788254327
1374.941562,0.9998508611223083
1375.061164,0.9999965519059447
1375.180766,0.9999802901942407
1375.300368,0.9999319633146002
1375.41997,1.0
1375.539572,0.9998729780679688
1375.659174,0.9999816171689663
1375.778776,0.9999790782188636
1375.898378,0.999867878728784
1376.01798,0.9999969896045312
1376.137582,0.9998995450459368
1376.257184,0.9998410726302926
1376.376786,0.9999140426945409
1376.496388,1.0
1376.61599,0.9999986943008524
1376.735592,1.0
1376.855194,0.9999547170253048
1376.974796,1.0
1377.094398,1.0
1377.214,1.0
1377.333602,0.9998264250658723
1377.453204,1.0
1377.572806,0.9999539910584438
1377.692408,1.0
1377.81201,0.9999502662367646
1377.931612,0.9999990562104454
1378.051214,0.9999524641298653
1378.170816,0.9999750233119227
1378.290418,1.0
1378.41002,0.9998491013863413
1378.529622,0.9999699494515267
1378.649224,0.999966234570065
1378.768826,0.9999103940148562
1378.888428,1.0
1379.00803,0.9999360110473804
1379.127632,1.0
1379.247234,0.9999918633331029
1379.366836,0.9999259977383025
1379.486438,0.9998874463346391
1379.60604,0.9998723581469146
1379.725642,0.9999933040224182
1379.845244,1.0
1379.964846,0.9999211391096835
