nu,[0]HFC-1243zf-HITRAN(x-sec)-X=0.01-T=298.0K-P=0.9211atm-L=15cm
650,1.0
650.119002,1.0
650.238004,1.0
650.357006,1.0
650.476008,1.0
650.59501,1.0
650.714012,1.0
650.833014,1.0
650.952016,1.0
651.071018,1.0
651.19002,1.0
651.309022,1.0
651.428024,1.0
651.547026,1.0
651.666028,1.0
651.78503,1.0
651.904032,1.0
652.023034,1.0
652.142036,1.0
652.261038,1.0
652.38004,1.0
652.499042,1.0
652.618044,1.0
652.737046,1.0
652.856048,1.0
652.97505,1.0
653.094052,1.0
653.213054,1.0
653.332056,1.0
653.451058,1.0
653.57006,1.0
653.689062,1.0
653.808064,1.0
653.927066,1.0
654.046068,1.0
654.16507,1.0
654.284072,1.0
654.403074,1.0
654.522076,1.0
654.641078,1.0
654.76008,1.0
654.879082,1.0
654.998084,1.0
655.117086,1.0
655.236088,1.0
655.35509,1.0
655.474092,1.0
655.593094,1.0
655.712096,1.0
655.831098,1.0
655.9501,1.0
656.069102,1.0
656.188104,1.0
656.307106,1.0
656.426108,1.0
656.54511,1.0
656.664112,1.0
656.783114,1.0
656.902116,1.0
657.021118,1.0
657.14012,1.0
657.259122,1.0
657.378124,1.0
657.497126,1.0
657.616128,1.0
657.73513,1.0
657.854132,1.0
657.973134,1.0
658.092136,1.0
658.211138,1.0
658.33014,1.0
658.449142,1.0
658.568144,1.0
658.687146,1.0
658.806148,1.0
658.92515,1.0
659.044152,1.0
659.163154,1.0
659.282156,1.0
659.401158,1.0
659.52016,1.0
659.639162,1.0
659.758164,1.0
659.877166,1.0
659.996168,1.0
660.11517,1.0
660.234172,1.0
660.353174,1.0
660.472176,1.0
660.591178,1.0
660.71018,1.0
660.829182,1.0
660.948184,1.0
661.067186,1.0
661.186188,1.0
661.30519,1.0
661.424192,1.0
661.543194,1.0
661.662196,1.0
661.781198,1.0
661.9002,1.0
662.019202,1.0
662.138204,1.0
662.257206,1.0
662.376208,1.0
662.49521,1.0
662.614212,1.0
662.733214,1.0
662.852216,1.0
662.971218,1.0
663.09022,1.0
663.209222,1.0
663.328224,1.0
663.447226,1.0
663.566228,1.0
663.68523,1.0
663.804232,1.0
663.923234,1.0
664.042236,1.0
664.161238,1.0
664.28024,1.0
664.399242,1.0
664.518244,1.0
664.637246,1.0
664.756248,1.0
664.87525,1.0
664.994252,1.0
665.113254,1.0
665.232256,1.0
665.351258,1.0
665.47026,1.0
665.589262,1.0
665.708264,1.0
665.827266,1.0
665.946268,1.0
666.06527,1.0
666.184272,1.0
666.303274,1.0
666.422276,1.0
666.541278,1.0
666.66028,1.0
666.779282,1.0
666.898284,1.0
667.017286,1.0
667.136288,1.0
667.25529,1.0
667.374292,1.0
667.493294,1.0
667.612296,1.0
667.731298,1.0
667.8503,1.0
667.969302,1.0
668.088304,1.0
668.207306,1.0
668.326308,1.0
668.44531,1.0
668.564312,1.0
668.683314,1.0
668.802316,1.0
668.921318,1.0
669.04032,1.0
669.159322,1.0
669.278324,1.0
669.397326,1.0
669.516328,1.0
669.63533,1.0
669.754332,1.0
669.873334,1.0
669.992336,1.0
670.111338,1.0
670.23034,1.0
670.349342,1.0
670.468344,1.0
670.587346,1.0
670.706348,1.0
670.82535,1.0
670.944352,1.0
671.063354,1.0
671.182356,1.0
671.301358,1.0
671.42036,1.0
671.539362,1.0
671.658364,1.0
671.777366,1.0
671.896368,1.0
672.01537,1.0
672.134372,1.0
672.253374,1.0
672.372376,1.0
672.491378,1.0
672.61038,1.0
672.729382,1.0
672.848384,1.0
672.967386,1.0
673.086388,1.0
673.20539,1.0
673.324392,1.0
673.443394,1.0
673.562396,1.0
673.681398,1.0
673.8004,1.0
673.919402,1.0
674.038404,1.0
674.157406,1.0
674.276408,1.0
674.39541,1.0
674.514412,1.0
674.633414,1.0
674.752416,1.0
674.871418,1.0
674.99042,1.0
675.109422,1.0
675.228424,1.0
675.347426,1.0
675.466428,1.0
675.58543,1.0
675.704432,1.0
675.823434,1.0
675.942436,1.0
676.061438,1.0
676.18044,1.0
676.299442,1.0
676.418444,1.0
676.537446,1.0
676.656448,1.0
676.77545,1.0
676.894452,1.0
677.013454,1.0
677.132456,1.0
677.251458,1.0
677.37046,1.0
677.489462,1.0
677.608464,1.0
677.727466,1.0
677.846468,1.0
677.96547,1.0
678.084472,1.0
678.203474,1.0
678.322476,1.0
678.441478,1.0
678.56048,1.0
678.679482,1.0
678.798484,1.0
678.917486,1.0
679.036488,1.0
679.15549,1.0
679.274492,1.0
679.393494,1.0
679.512496,1.0
679.631498,1.0
679.7505,1.0
679.869502,1.0
679.988504,1.0
680.107506,1.0
680.226508,1.0
680.34551,1.0
680.464512,1.0
680.583514,1.0
680.702516,1.0
680.821518,1.0
680.94052,1.0
681.059522,1.0
681.178524,1.0
681.297526,1.0
681.416528,1.0
681.53553,1.0
681.654532,1.0
681.773534,1.0
681.892536,1.0
682.011538,1.0
682.13054,1.0
682.249542,1.0
682.368544,1.0
682.487546,1.0
682.606548,1.0
682.72555,1.0
682.844552,1.0
682.963554,1.0
683.082556,1.0
683.201558,1.0
683.32056,1.0
683.439562,1.0
683.558564,1.0
683.677566,1.0
683.796568,1.0
683.91557,1.0
684.034572,1.0
684.153574,1.0
684.272576,1.0
684.391578,1.0
684.51058,1.0
684.629582,1.0
684.748584,1.0
684.867586,1.0
684.986588,1.0
685.10559,1.0
685.224592,1.0
685.343594,1.0
685.462596,1.0
685.581598,1.0
685.7006,1.0
685.819602,1.0
685.938604,1.0
686.057606,1.0
686.176608,1.0
686.29561,1.0
686.414612,1.0
686.533614,1.0
686.652616,1.0
686.771618,1.0
686.89062,1.0
687.009622,1.0
687.128624,1.0
687.247626,1.0
687.366628,1.0
687.48563,1.0
687.604632,1.0
687.723634,1.0
687.842636,1.0
687.961638,1.0
688.08064,1.0
688.199642,1.0
688.318644,1.0
688.437646,1.0
688.556648,1.0
688.67565,1.0
688.794652,1.0
688.913654,1.0
689.032656,1.0
689.151658,1.0
689.27066,1.0
689.389662,1.0
689.508664,1.0
689.627666,1.0
689.746668,1.0
689.86567,1.0
689.984672,1.0
690.103674,1.0
690.222676,1.0
690.341678,1.0
690.46068,1.0
690.579682,1.0
690.698684,1.0
690.817686,1.0
690.936688,1.0
691.05569,1.0
691.174692,1.0
691.293694,1.0
691.412696,1.0
691.531698,1.0
691.6507,1.0
691.769702,1.0
691.888704,1.0
692.007706,1.0
692.126708,1.0
692.24571,1.0
692.364712,1.0
692.483714,1.0
692.602716,1.0
692.721718,1.0
692.84072,1.0
692.959722,1.0
693.078724,1.0
693.197726,1.0
693.316728,1.0
693.43573,1.0
693.554732,1.0
693.673734,1.0
693.792736,1.0
693.911738,1.0
694.03074,1.0
694.149742,1.0
694.268744,1.0
694.387746,1.0
694.506748,1.0
694.62575,1.0
694.744752,1.0
694.863754,1.0
694.982756,1.0
695.101758,1.0
695.22076,1.0
695.339762,1.0
695.458764,1.0
695.577766,1.0
695.696768,1.0
695.81577,1.0
695.934772,1.0
696.053774,1.0
696.172776,1.0
696.291778,1.0
696.41078,1.0
696.529782,1.0
696.648784,1.0
696.767786,1.0
696.886788,1.0
697.00579,1.0
697.124792,1.0
697.243794,1.0
697.362796,1.0
697.481798,1.0
697.6008,1.0
697.719802,1.0
697.838804,1.0
697.957806,1.0
698.076808,1.0
698.19581,1.0
698.314812,1.0
698.433814,1.0
698.552816,1.0
698.671818,1.0
698.79082,1.0
698.909822,1.0
699.028824,1.0
699.147826,1.0
699.266828,1.0
699.38583,1.0
699.504832,1.0
699.623834,1.0
699.742836,1.0
699.861838,1.0
699.98084,1.0
700.099842,1.0
700.218844,1.0
700.337846,1.0
700.456848,1.0
700.57585,1.0
700.694852,1.0
700.813854,1.0
700.932856,1.0
701.051858,1.0
701.17086,1.0
701.289862,1.0
701.408864,1.0
701.527866,1.0
701.646868,1.0
701.76587,1.0
701.884872,1.0
702.003874,1.0
702.122876,1.0
702.241878,1.0
702.36088,1.0
702.479882,1.0
702.598884,1.0
702.717886,1.0
702.836888,1.0
702.95589,1.0
703.074892,1.0
703.193894,1.0
703.312896,1.0
703.431898,1.0
703.5509,1.0
703.669902,1.0
703.788904,1.0
703.907906,1.0
704.026908,1.0
704.14591,1.0
704.264912,1.0
704.383914,1.0
704.502916,1.0
704.621918,1.0
704.74092,1.0
704.859922,1.0
704.978924,1.0
705.097926,1.0
705.216928,1.0
705.33593,1.0
705.454932,1.0
705.573934,1.0
705.692936,1.0
705.811938,1.0
705.93094,1.0
706.049942,1.0
706.168944,1.0
706.287946,1.0
706.406948,1.0
706.52595,1.0
706.644952,1.0
706.763954,1.0
706.882956,1.0
707.001958,1.0
707.12096,1.0
707.239962,1.0
707.358964,1.0
707.477966,1.0
707.596968,1.0
707.71597,1.0
707.834972,1.0
707.953974,1.0
708.072976,1.0
708.191978,1.0
708.31098,1.0
708.429982,1.0
708.548984,1.0
708.667986,1.0
708.786988,1.0
708.90599,1.0
709.024992,1.0
709.143994,1.0
709.262996,1.0
709.381998,1.0
709.501,1.0
709.620002,1.0
709.739004,1.0
709.858006,1.0
709.977008,1.0
710.09601,1.0
710.215012,1.0
710.334014,1.0
710.453016,1.0
710.572018,1.0
710.69102,1.0
710.810022,1.0
710.929024,1.0
711.048026,1.0
711.167028,1.0
711.28603,1.0
711.405032,1.0
711.524034,1.0
711.643036,1.0
711.762038,1.0
711.88104,1.0
712.000042,1.0
712.119044,1.0
712.238046,1.0
712.357048,1.0
712.47605,1.0
712.595052,1.0
712.714054,1.0
712.833056,1.0
712.952058,1.0
713.07106,1.0
713.190062,1.0
713.309064,1.0
713.428066,1.0
713.547068,1.0
713.66607,1.0
713.785072,1.0
713.904074,1.0
714.023076,1.0
714.142078,1.0
714.26108,1.0
714.380082,1.0
714.499084,1.0
714.618086,1.0
714.737088,1.0
714.85609,1.0
714.975092,1.0
715.094094,1.0
715.213096,1.0
715.332098,1.0
715.4511,1.0
715.570102,1.0
715.689104,1.0
715.808106,1.0
715.927108,1.0
716.04611,1.0
716.165112,1.0
716.284114,1.0
716.403116,1.0
716.522118,1.0
716.64112,1.0
716.760122,1.0
716.879124,1.0
716.998126,1.0
717.117128,1.0
717.23613,1.0
717.355132,1.0
717.474134,1.0
717.593136,1.0
717.712138,1.0
717.83114,1.0
717.950142,1.0
718.069144,1.0
718.188146,1.0
718.307148,1.0
718.42615,1.0
718.545152,1.0
718.664154,1.0
718.783156,1.0
718.902158,1.0
719.02116,1.0
719.140162,1.0
719.259164,1.0
719.378166,1.0
719.497168,1.0
719.61617,1.0
719.735172,1.0
719.854174,1.0
719.973176,1.0
720.092178,1.0
720.21118,1.0
720.330182,1.0
720.449184,1.0
720.568186,1.0
720.687188,1.0
720.80619,1.0
720.925192,1.0
721.044194,1.0
721.163196,1.0
721.282198,1.0
721.4012,1.0
721.520202,1.0
721.639204,1.0
721.758206,1.0
721.877208,1.0
721.99621,1.0
722.115212,1.0
722.234214,1.0
722.353216,1.0
722.472218,1.0
722.59122,1.0
722.710222,1.0
722.829224,1.0
722.948226,1.0
723.067228,1.0
723.18623,1.0
723.305232,1.0
723.424234,1.0
723.543236,1.0
723.662238,1.0
723.78124,1.0
723.900242,1.0
724.019244,1.0
724.138246,1.0
724.257248,1.0
724.37625,1.0
724.495252,1.0
724.614254,1.0
724.733256,1.0
724.852258,1.0
724.97126,1.0
725.090262,1.0
725.209264,1.0
725.328266,1.0
725.447268,1.0
725.56627,1.0
725.685272,1.0
725.804274,1.0
725.923276,1.0
726.042278,1.0
726.16128,1.0
726.280282,1.0
726.399284,1.0
726.518286,1.0
726.637288,1.0
726.75629,1.0
726.875292,1.0
726.994294,1.0
727.113296,1.0
727.232298,1.0
727.3513,1.0
727.470302,1.0
727.589304,1.0
727.708306,1.0
727.827308,1.0
727.94631,1.0
728.065312,1.0
728.184314,1.0
728.303316,1.0
728.422318,1.0
728.54132,1.0
728.660322,1.0
728.779324,1.0
728.898326,1.0
729.017328,1.0
729.13633,1.0
729.255332,1.0
729.374334,1.0
729.493336,1.0
729.612338,1.0
729.73134,1.0
729.850342,1.0
729.969344,1.0
730.088346,1.0
730.207348,1.0
730.32635,1.0
730.445352,1.0
730.564354,1.0
730.683356,1.0
730.802358,1.0
730.92136,1.0
731.040362,1.0
731.159364,1.0
731.278366,1.0
731.397368,1.0
731.51637,1.0
731.635372,1.0
731.754374,1.0
731.873376,1.0
731.992378,1.0
732.11138,1.0
732.230382,1.0
732.349384,1.0
732.468386,1.0
732.587388,1.0
732.70639,1.0
732.825392,1.0
732.944394,1.0
733.063396,1.0
733.182398,1.0
733.3014,1.0
733.420402,1.0
733.539404,1.0
733.658406,1.0
733.777408,1.0
733.89641,1.0
734.015412,1.0
734.134414,1.0
734.253416,1.0
734.372418,1.0
734.49142,1.0
734.610422,1.0
734.729424,1.0
734.848426,1.0
734.967428,1.0
735.08643,1.0
735.205432,1.0
735.324434,1.0
735.443436,1.0
735.562438,1.0
735.68144,1.0
735.800442,1.0
735.919444,1.0
736.038446,1.0
736.157448,1.0
736.27645,1.0
736.395452,1.0
736.514454,1.0
736.633456,1.0
736.752458,1.0
736.87146,1.0
736.990462,1.0
737.109464,1.0
737.228466,1.0
737.347468,1.0
737.46647,1.0
737.585472,1.0
737.704474,1.0
737.823476,1.0
737.942478,1.0
738.06148,1.0
738.180482,1.0
738.299484,1.0
738.418486,1.0
738.537488,1.0
738.65649,1.0
738.775492,1.0
738.894494,1.0
739.013496,1.0
739.132498,1.0
739.2515,1.0
739.370502,1.0
739.489504,1.0
739.608506,1.0
739.727508,1.0
739.84651,1.0
739.965512,1.0
740.084514,1.0
740.203516,1.0
740.322518,1.0
740.44152,1.0
740.560522,1.0
740.679524,1.0
740.798526,1.0
740.917528,1.0
741.03653,1.0
741.155532,1.0
741.274534,1.0
741.393536,1.0
741.512538,1.0
741.63154,1.0
741.750542,1.0
741.869544,1.0
741.988546,1.0
742.107548,1.0
742.22655,1.0
742.345552,1.0
742.464554,1.0
742.583556,1.0
742.702558,1.0
742.82156,1.0
742.940562,1.0
743.059564,1.0
743.178566,1.0
743.297568,1.0
743.41657,1.0
743.535572,1.0
743.654574,1.0
743.773576,1.0
743.892578,1.0
744.01158,1.0
744.130582,1.0
744.249584,1.0
744.368586,1.0
744.487588,1.0
744.60659,1.0
744.725592,1.0
744.844594,1.0
744.963596,1.0
745.082598,1.0
745.2016,1.0
745.320602,1.0
745.439604,1.0
745.558606,1.0
745.677608,1.0
745.79661,1.0
745.915612,1.0
746.034614,1.0
746.153616,1.0
746.272618,1.0
746.39162,1.0
746.510622,1.0
746.629624,1.0
746.748626,1.0
746.867628,1.0
746.98663,1.0
747.105632,1.0
747.224634,1.0
747.343636,1.0
747.462638,1.0
747.58164,1.0
747.700642,1.0
747.819644,1.0
747.938646,1.0
748.057648,1.0
748.17665,1.0
748.295652,1.0
748.414654,1.0
748.533656,1.0
748.652658,1.0
748.77166,1.0
748.890662,1.0
749.009664,1.0
749.128666,1.0
749.247668,1.0
749.36667,1.0
749.485672,1.0
749.604674,1.0
749.723676,1.0
749.842678,1.0
749.96168,1.0
750.080682,1.0
750.199684,1.0
750.318686,1.0
750.437688,1.0
750.55669,1.0
750.675692,1.0
750.794694,1.0
750.913696,1.0
751.032698,1.0
751.1517,1.0
751.270702,1.0
751.389704,1.0
751.508706,1.0
751.627708,1.0
751.74671,1.0
751.865712,1.0
751.984714,1.0
752.103716,1.0
752.222718,1.0
752.34172,1.0
752.460722,1.0
752.579724,1.0
752.698726,1.0
752.817728,1.0
752.93673,1.0
753.055732,1.0
753.174734,1.0
753.293736,1.0
753.412738,1.0
753.53174,1.0
753.650742,1.0
753.769744,1.0
753.888746,1.0
754.007748,1.0
754.12675,1.0
754.245752,1.0
754.364754,1.0
754.483756,1.0
754.602758,1.0
754.72176,1.0
754.840762,1.0
754.959764,1.0
755.078766,1.0
755.197768,1.0
755.31677,1.0
755.435772,1.0
755.554774,1.0
755.673776,1.0
755.792778,1.0
755.91178,1.0
756.030782,1.0
756.149784,1.0
756.268786,1.0
756.387788,1.0
756.50679,1.0
756.625792,1.0
756.744794,1.0
756.863796,1.0
756.982798,1.0
757.1018,1.0
757.220802,1.0
757.339804,1.0
757.458806,1.0
757.577808,1.0
757.69681,1.0
757.815812,1.0
757.934814,1.0
758.053816,1.0
758.172818,1.0
758.29182,1.0
758.410822,1.0
758.529824,1.0
758.648826,1.0
758.767828,1.0
758.88683,1.0
759.005832,1.0
759.124834,1.0
759.243836,1.0
759.362838,1.0
759.48184,1.0
759.600842,1.0
759.719844,1.0
759.838846,1.0
759.957848,1.0
760.07685,1.0
760.195852,1.0
760.314854,1.0
760.433856,1.0
760.552858,1.0
760.67186,1.0
760.790862,1.0
760.909864,1.0
761.028866,1.0
761.147868,1.0
761.26687,1.0
761.385872,1.0
761.504874,1.0
761.623876,1.0
761.742878,1.0
761.86188,1.0
761.980882,1.0
762.099884,1.0
762.218886,1.0
762.337888,1.0
762.45689,1.0
762.575892,1.0
762.694894,1.0
762.813896,1.0
762.932898,1.0
763.0519,1.0
763.170902,1.0
763.289904,1.0
763.408906,1.0
763.527908,1.0
763.64691,1.0
763.765912,1.0
763.884914,1.0
764.003916,1.0
764.122918,1.0
764.24192,1.0
764.360922,1.0
764.479924,1.0
764.598926,1.0
764.717928,1.0
764.83693,1.0
764.955932,1.0
765.074934,1.0
765.193936,1.0
765.312938,1.0
765.43194,1.0
765.550942,1.0
765.669944,1.0
765.788946,1.0
765.907948,1.0
766.02695,1.0
766.145952,1.0
766.264954,1.0
766.383956,1.0
766.502958,1.0
766.62196,1.0
766.740962,1.0
766.859964,1.0
766.978966,1.0
767.097968,1.0
767.21697,1.0
767.335972,1.0
767.454974,1.0
767.573976,1.0
767.692978,1.0
767.81198,1.0
767.930982,1.0
768.049984,1.0
768.168986,1.0
768.287988,1.0
768.40699,1.0
768.525992,1.0
768.644994,1.0
768.763996,1.0
768.882998,1.0
769.002,1.0
769.121002,1.0
769.240004,1.0
769.359006,1.0
769.478008,1.0
769.59701,1.0
769.716012,1.0
769.835014,1.0
769.954016,1.0
770.073018,1.0
770.19202,1.0
770.311022,1.0
770.430024,1.0
770.549026,1.0
770.668028,1.0
770.78703,1.0
770.906032,1.0
771.025034,1.0
771.144036,1.0
771.263038,1.0
771.38204,1.0
771.501042,1.0
771.620044,1.0
771.739046,1.0
771.858048,1.0
771.97705,1.0
772.096052,1.0
772.215054,1.0
772.334056,1.0
772.453058,1.0
772.57206,1.0
772.691062,1.0
772.810064,1.0
772.929066,1.0
773.048068,1.0
773.16707,1.0
773.286072,1.0
773.405074,1.0
773.524076,1.0
773.643078,1.0
773.76208,1.0
773.881082,1.0
774.000084,1.0
774.119086,1.0
774.238088,1.0
774.35709,1.0
774.476092,1.0
774.595094,1.0
774.714096,1.0
774.833098,1.0
774.9521,1.0
775.071102,1.0
775.190104,1.0
775.309106,1.0
775.428108,1.0
775.54711,1.0
775.666112,1.0
775.785114,1.0
775.904116,1.0
776.023118,1.0
776.14212,1.0
776.261122,1.0
776.380124,1.0
776.499126,1.0
776.618128,1.0
776.73713,1.0
776.856132,1.0
776.975134,1.0
777.094136,1.0
777.213138,1.0
777.33214,1.0
777.451142,1.0
777.570144,1.0
777.689146,1.0
777.808148,1.0
777.92715,1.0
778.046152,1.0
778.165154,1.0
778.284156,1.0
778.403158,1.0
778.52216,1.0
778.641162,1.0
778.760164,1.0
778.879166,1.0
778.998168,1.0
779.11717,1.0
779.236172,1.0
779.355174,1.0
779.474176,1.0
779.593178,1.0
779.71218,1.0
779.831182,1.0
779.950184,1.0
780.069186,1.0
780.188188,1.0
780.30719,1.0
780.426192,1.0
780.545194,1.0
780.664196,1.0
780.783198,1.0
780.9022,1.0
781.021202,1.0
781.140204,1.0
781.259206,1.0
781.378208,1.0
781.49721,1.0
781.616212,1.0
781.735214,1.0
781.854216,1.0
781.973218,1.0
782.09222,1.0
782.211222,1.0
782.330224,1.0
782.449226,1.0
782.568228,1.0
782.68723,1.0
782.806232,1.0
782.925234,1.0
783.044236,1.0
783.163238,1.0
783.28224,1.0
783.401242,1.0
783.520244,1.0
783.639246,1.0
783.758248,1.0
783.87725,1.0
783.996252,1.0
784.115254,1.0
784.234256,1.0
784.353258,1.0
784.47226,1.0
784.591262,1.0
784.710264,1.0
784.829266,1.0
784.948268,1.0
785.06727,1.0
785.186272,1.0
785.305274,1.0
785.424276,1.0
785.543278,1.0
785.66228,1.0
785.781282,1.0
785.900284,1.0
786.019286,1.0
786.138288,1.0
786.25729,1.0
786.376292,1.0
786.495294,1.0
786.614296,1.0
786.733298,1.0
786.8523,1.0
786.971302,1.0
787.090304,1.0
787.209306,1.0
787.328308,1.0
787.44731,1.0
787.566312,1.0
787.685314,1.0
787.804316,1.0
787.923318,1.0
788.04232,1.0
788.161322,1.0
788.280324,1.0
788.399326,1.0
788.518328,1.0
788.63733,1.0
788.756332,1.0
788.875334,1.0
788.994336,1.0
789.113338,1.0
789.23234,1.0
789.351342,1.0
789.470344,1.0
789.589346,1.0
789.708348,1.0
789.82735,1.0
789.946352,1.0
790.065354,1.0
790.184356,1.0
790.303358,1.0
790.42236,1.0
790.541362,1.0
790.660364,1.0
790.779366,1.0
790.898368,1.0
791.01737,1.0
791.136372,1.0
791.255374,1.0
791.374376,1.0
791.493378,1.0
791.61238,1.0
791.731382,1.0
791.850384,1.0
791.969386,1.0
792.088388,1.0
792.20739,1.0
792.326392,1.0
792.445394,1.0
792.564396,1.0
792.683398,1.0
792.8024,1.0
792.921402,1.0
793.040404,1.0
793.159406,1.0
793.278408,1.0
793.39741,1.0
793.516412,1.0
793.635414,1.0
793.754416,1.0
793.873418,1.0
793.99242,1.0
794.111422,1.0
794.230424,1.0
794.349426,1.0
794.468428,1.0
794.58743,1.0
794.706432,1.0
794.825434,1.0
794.944436,1.0
795.063438,1.0
795.18244,1.0
795.301442,1.0
795.420444,1.0
795.539446,1.0
795.658448,1.0
795.77745,1.0
795.896452,1.0
796.015454,1.0
796.134456,1.0
796.253458,1.0
796.37246,1.0
796.491462,1.0
796.610464,1.0
796.729466,1.0
796.848468,1.0
796.96747,1.0
797.086472,1.0
797.205474,1.0
797.324476,1.0
797.443478,1.0
797.56248,1.0
797.681482,1.0
797.800484,1.0
797.919486,1.0
798.038488,1.0
798.15749,1.0
798.276492,1.0
798.395494,1.0
798.514496,1.0
798.633498,1.0
798.7525,1.0
798.871502,1.0
798.990504,1.0
799.109506,1.0
799.228508,1.0
799.34751,1.0
799.466512,1.0
799.585514,1.0
799.704516,1.0
799.823518,1.0
799.94252,1.0
800.061522,1.0
800.180524,1.0
800.299526,1.0
800.418528,1.0
800.53753,1.0
800.656532,1.0
800.775534,1.0
800.894536,1.0
801.013538,1.0
801.13254,1.0
801.251542,1.0
801.370544,1.0
801.489546,1.0
801.608548,1.0
801.72755,1.0
801.846552,1.0
801.965554,1.0
802.084556,1.0
802.203558,1.0
802.32256,1.0
802.441562,1.0
802.560564,1.0
802.679566,1.0
802.798568,1.0
802.91757,1.0
803.036572,1.0
803.155574,1.0
803.274576,1.0
803.393578,1.0
803.51258,1.0
803.631582,1.0
803.750584,1.0
803.869586,1.0
803.988588,1.0
804.10759,1.0
804.226592,1.0
804.345594,1.0
804.464596,1.0
804.583598,1.0
804.7026,1.0
804.821602,1.0
804.940604,1.0
805.059606,1.0
805.178608,1.0
805.29761,1.0
805.416612,1.0
805.535614,1.0
805.654616,1.0
805.773618,1.0
805.89262,1.0
806.011622,1.0
806.130624,1.0
806.249626,1.0
806.368628,1.0
806.48763,1.0
806.606632,1.0
806.725634,1.0
806.844636,1.0
806.963638,1.0
807.08264,1.0
807.201642,1.0
807.320644,1.0
807.439646,1.0
807.558648,1.0
807.67765,1.0
807.796652,1.0
807.915654,1.0
808.034656,1.0
808.153658,1.0
808.27266,1.0
808.391662,1.0
808.510664,1.0
808.629666,1.0
808.748668,1.0
808.86767,1.0
808.986672,1.0
809.105674,1.0
809.224676,1.0
809.343678,1.0
809.46268,1.0
809.581682,1.0
809.700684,1.0
809.819686,1.0
809.938688,1.0
810.05769,1.0
810.176692,1.0
810.295694,1.0
810.414696,1.0
810.533698,1.0
810.6527,1.0
810.771702,1.0
810.890704,1.0
811.009706,1.0
811.128708,1.0
811.24771,1.0
811.366712,1.0
811.485714,1.0
811.604716,1.0
811.723718,1.0
811.84272,1.0
811.961722,1.0
812.080724,1.0
812.199726,1.0
812.318728,1.0
812.43773,1.0
812.556732,1.0
812.675734,1.0
812.794736,1.0
812.913738,1.0
813.03274,1.0
813.151742,1.0
813.270744,1.0
813.389746,1.0
813.508748,1.0
813.62775,1.0
813.746752,1.0
813.865754,1.0
813.984756,1.0
814.103758,1.0
814.22276,1.0
814.341762,1.0
814.460764,1.0
814.579766,1.0
814.698768,1.0
814.81777,1.0
814.936772,1.0
815.055774,1.0
815.174776,1.0
815.293778,1.0
815.41278,1.0
815.531782,1.0
815.650784,1.0
815.769786,1.0
815.888788,1.0
816.00779,1.0
816.126792,1.0
816.245794,1.0
816.364796,1.0
816.483798,1.0
816.6028,1.0
816.721802,1.0
816.840804,1.0
816.959806,1.0
817.078808,1.0
817.19781,1.0
817.316812,1.0
817.435814,1.0
817.554816,1.0
817.673818,1.0
817.79282,1.0
817.911822,1.0
818.030824,1.0
818.149826,1.0
818.268828,1.0
818.38783,1.0
818.506832,1.0
818.625834,1.0
818.744836,1.0
818.863838,1.0
818.98284,1.0
819.101842,1.0
819.220844,1.0
819.339846,1.0
819.458848,1.0
819.57785,1.0
819.696852,1.0
819.815854,1.0
819.934856,1.0
820.053858,1.0
820.17286,1.0
820.291862,1.0
820.410864,1.0
820.529866,1.0
820.648868,1.0
820.76787,1.0
820.886872,1.0
821.005874,1.0
821.124876,1.0
821.243878,1.0
821.36288,1.0
821.481882,1.0
821.600884,1.0
821.719886,1.0
821.838888,1.0
821.95789,1.0
822.076892,1.0
822.195894,1.0
822.314896,1.0
822.433898,1.0
822.5529,1.0
822.671902,1.0
822.790904,1.0
822.909906,1.0
823.028908,1.0
823.14791,1.0
823.266912,1.0
823.385914,1.0
823.504916,1.0
823.623918,1.0
823.74292,1.0
823.861922,1.0
823.980924,1.0
824.099926,1.0
824.218928,1.0
824.33793,1.0
824.456932,1.0
824.575934,1.0
824.694936,1.0
824.813938,1.0
824.93294,1.0
825.051942,1.0
825.170944,1.0
825.289946,1.0
825.408948,1.0
825.52795,1.0
825.646952,1.0
825.765954,1.0
825.884956,1.0
826.003958,1.0
826.12296,1.0
826.241962,1.0
826.360964,1.0
826.479966,1.0
826.598968,1.0
826.71797,1.0
826.836972,1.0
826.955974,1.0
827.074976,1.0
827.193978,1.0
827.31298,1.0
827.431982,1.0
827.550984,1.0
827.669986,1.0
827.788988,1.0
827.90799,1.0
828.026992,1.0
828.145994,1.0
828.264996,1.0
828.383998,1.0
828.503,1.0
828.622002,1.0
828.741004,1.0
828.860006,1.0
828.979008,1.0
829.09801,1.0
829.217012,1.0
829.336014,1.0
829.455016,1.0
829.574018,1.0
829.69302,1.0
829.812022,1.0
829.931024,1.0
830.050026,1.0
830.169028,1.0
830.28803,1.0
830.407032,1.0
830.526034,1.0
830.645036,1.0
830.764038,1.0
830.88304,1.0
831.002042,1.0
831.121044,1.0
831.240046,1.0
831.359048,1.0
831.47805,1.0
831.597052,1.0
831.716054,1.0
831.835056,1.0
831.954058,1.0
832.07306,1.0
832.192062,1.0
832.311064,1.0
832.430066,1.0
832.549068,1.0
832.66807,1.0
832.787072,1.0
832.906074,1.0
833.025076,1.0
833.144078,1.0
833.26308,1.0
833.382082,1.0
833.501084,1.0
833.620086,1.0
833.739088,1.0
833.85809,1.0
833.977092,1.0
834.096094,1.0
834.215096,1.0
834.334098,1.0
834.4531,1.0
834.572102,1.0
834.691104,1.0
834.810106,1.0
834.929108,1.0
835.04811,1.0
835.167112,1.0
835.286114,1.0
835.405116,1.0
835.524118,1.0
835.64312,1.0
835.762122,1.0
835.881124,1.0
836.000126,1.0
836.119128,1.0
836.23813,1.0
836.357132,1.0
836.476134,1.0
836.595136,1.0
836.714138,1.0
836.83314,1.0
836.952142,1.0
837.071144,1.0
837.190146,1.0
837.309148,1.0
837.42815,1.0
837.547152,1.0
837.666154,1.0
837.785156,1.0
837.904158,1.0
838.02316,1.0
838.142162,1.0
838.261164,1.0
838.380166,1.0
838.499168,1.0
838.61817,1.0
838.737172,1.0
838.856174,1.0
838.975176,1.0
839.094178,1.0
839.21318,1.0
839.332182,1.0
839.451184,1.0
839.570186,1.0
839.689188,1.0
839.80819,1.0
839.927192,1.0
840.046194,1.0
840.165196,1.0
840.284198,1.0
840.4032,1.0
840.522202,1.0
840.641204,1.0
840.760206,1.0
840.879208,1.0
840.99821,1.0
841.117212,1.0
841.236214,1.0
841.355216,1.0
841.474218,1.0
841.59322,1.0
841.712222,1.0
841.831224,1.0
841.950226,1.0
842.069228,1.0
842.18823,1.0
842.307232,1.0
842.426234,1.0
842.545236,1.0
842.664238,1.0
842.78324,1.0
842.902242,1.0
843.021244,1.0
843.140246,1.0
843.259248,1.0
843.37825,1.0
843.497252,1.0
843.616254,1.0
843.735256,1.0
843.854258,1.0
843.97326,1.0
844.092262,1.0
844.211264,1.0
844.330266,1.0
844.449268,1.0
844.56827,1.0
844.687272,1.0
844.806274,1.0
844.925276,1.0
845.044278,1.0
845.16328,1.0
845.282282,1.0
845.401284,1.0
845.520286,1.0
845.639288,1.0
845.75829,1.0
845.877292,1.0
845.996294,1.0
846.115296,1.0
846.234298,1.0
846.3533,1.0
846.472302,1.0
846.591304,1.0
846.710306,1.0
846.829308,1.0
846.94831,1.0
847.067312,1.0
847.186314,1.0
847.305316,1.0
847.424318,1.0
847.54332,1.0
847.662322,1.0
847.781324,1.0
847.900326,1.0
848.019328,1.0
848.13833,1.0
848.257332,1.0
848.376334,1.0
848.495336,1.0
848.614338,1.0
848.73334,1.0
848.852342,1.0
848.971344,1.0
849.090346,1.0
849.209348,1.0
849.32835,1.0
849.447352,1.0
849.566354,1.0
849.685356,1.0
849.804358,1.0
849.92336,1.0
850.042362,1.0
850.161364,1.0
850.280366,1.0
850.399368,1.0
850.51837,1.0
850.637372,1.0
850.756374,1.0
850.875376,1.0
850.994378,1.0
851.11338,1.0
851.232382,1.0
851.351384,1.0
851.470386,1.0
851.589388,1.0
851.70839,1.0
851.827392,1.0
851.946394,1.0
852.065396,1.0
852.184398,1.0
852.3034,1.0
852.422402,1.0
852.541404,1.0
852.660406,1.0
852.779408,1.0
852.89841,1.0
853.017412,1.0
853.136414,1.0
853.255416,1.0
853.374418,1.0
853.49342,1.0
853.612422,1.0
853.731424,1.0
853.850426,1.0
853.969428,1.0
854.08843,1.0
854.207432,1.0
854.326434,1.0
854.445436,1.0
854.564438,1.0
854.68344,1.0
854.802442,1.0
854.921444,1.0
855.040446,1.0
855.159448,1.0
855.27845,1.0
855.397452,1.0
855.516454,1.0
855.635456,1.0
855.754458,1.0
855.87346,1.0
855.992462,1.0
856.111464,1.0
856.230466,1.0
856.349468,1.0
856.46847,1.0
856.587472,1.0
856.706474,1.0
856.825476,1.0
856.944478,1.0
857.06348,1.0
857.182482,1.0
857.301484,1.0
857.420486,1.0
857.539488,1.0
857.65849,1.0
857.777492,1.0
857.896494,1.0
858.015496,1.0
858.134498,1.0
858.2535,1.0
858.372502,1.0
858.491504,1.0
858.610506,1.0
858.729508,1.0
858.84851,1.0
858.967512,1.0
859.086514,1.0
859.205516,1.0
859.324518,1.0
859.44352,1.0
859.562522,1.0
859.681524,1.0
859.800526,1.0
859.919528,1.0
860.03853,1.0
860.157532,1.0
860.276534,1.0
860.395536,1.0
860.514538,1.0
860.63354,1.0
860.752542,1.0
860.871544,1.0
860.990546,1.0
861.109548,1.0
861.22855,1.0
861.347552,1.0
861.466554,1.0
861.585556,1.0
861.704558,1.0
861.82356,1.0
861.942562,1.0
862.061564,1.0
862.180566,1.0
862.299568,1.0
862.41857,1.0
862.537572,1.0
862.656574,1.0
862.775576,1.0
862.894578,1.0
863.01358,1.0
863.132582,1.0
863.251584,1.0
863.370586,1.0
863.489588,1.0
863.60859,1.0
863.727592,1.0
863.846594,1.0
863.965596,1.0
864.084598,1.0
864.2036,1.0
864.322602,1.0
864.441604,1.0
864.560606,1.0
864.679608,1.0
864.79861,1.0
864.917612,1.0
865.036614,1.0
865.155616,1.0
865.274618,1.0
865.39362,1.0
865.512622,1.0
865.631624,1.0
865.750626,1.0
865.869628,1.0
865.98863,1.0
866.107632,1.0
866.226634,1.0
866.345636,1.0
866.464638,1.0
866.58364,1.0
866.702642,1.0
866.821644,1.0
866.940646,1.0
867.059648,1.0
867.17865,1.0
867.297652,1.0
867.416654,1.0
867.535656,1.0
867.654658,1.0
867.77366,1.0
867.892662,1.0
868.011664,1.0
868.130666,1.0
868.249668,1.0
868.36867,1.0
868.487672,1.0
868.606674,1.0
868.725676,1.0
868.844678,1.0
868.96368,1.0
869.082682,1.0
869.201684,1.0
869.320686,1.0
869.439688,1.0
869.55869,1.0
869.677692,1.0
869.796694,1.0
869.915696,1.0
870.034698,1.0
870.1537,1.0
870.272702,1.0
870.391704,1.0
870.510706,1.0
870.629708,1.0
870.74871,1.0
870.867712,1.0
870.986714,1.0
871.105716,1.0
871.224718,1.0
871.34372,1.0
871.462722,1.0
871.581724,1.0
871.700726,1.0
871.819728,1.0
871.93873,1.0
872.057732,1.0
872.176734,1.0
872.295736,1.0
872.414738,1.0
872.53374,1.0
872.652742,1.0
872.771744,1.0
872.890746,1.0
873.009748,1.0
873.12875,1.0
873.247752,1.0
873.366754,1.0
873.485756,1.0
873.604758,1.0
873.72376,1.0
873.842762,1.0
873.961764,1.0
874.080766,1.0
874.199768,1.0
874.31877,1.0
874.437772,1.0
874.556774,1.0
874.675776,1.0
874.794778,1.0
874.91378,1.0
875.032782,1.0
875.151784,1.0
875.270786,1.0
875.389788,1.0
875.50879,1.0
875.627792,1.0
875.746794,1.0
875.865796,1.0
875.984798,1.0
876.1038,1.0
876.222802,1.0
876.341804,1.0
876.460806,1.0
876.579808,1.0
876.69881,1.0
876.817812,1.0
876.936814,1.0
877.055816,1.0
877.174818,1.0
877.29382,1.0
877.412822,1.0
877.531824,1.0
877.650826,1.0
877.769828,1.0
877.88883,1.0
878.007832,1.0
878.126834,1.0
878.245836,1.0
878.364838,1.0
878.48384,1.0
878.602842,1.0
878.721844,1.0
878.840846,1.0
878.959848,1.0
879.07885,1.0
879.197852,1.0
879.316854,1.0
879.435856,1.0
879.554858,1.0
879.67386,1.0
879.792862,1.0
879.911864,1.0
880.030866,1.0
880.149868,1.0
880.26887,1.0
880.387872,1.0
880.506874,1.0
880.625876,1.0
880.744878,1.0
880.86388,1.0
880.982882,1.0
881.101884,1.0
881.220886,1.0
881.339888,1.0
881.45889,1.0
881.577892,1.0
881.696894,1.0
881.815896,1.0
881.934898,1.0
882.0539,1.0
882.172902,1.0
882.291904,1.0
882.410906,1.0
882.529908,1.0
882.64891,1.0
882.767912,1.0
882.886914,1.0
883.005916,1.0
883.124918,1.0
883.24392,1.0
883.362922,1.0
883.481924,1.0
883.600926,1.0
883.719928,1.0
883.83893,1.0
883.957932,1.0
884.076934,1.0
884.195936,1.0
884.314938,1.0
884.43394,1.0
884.552942,1.0
884.671944,1.0
884.790946,1.0
884.909948,1.0
885.02895,1.0
885.147952,1.0
885.266954,1.0
885.385956,1.0
885.504958,1.0
885.62396,1.0
885.742962,1.0
885.861964,1.0
885.980966,1.0
886.099968,1.0
886.21897,1.0
886.337972,1.0
886.456974,1.0
886.575976,1.0
886.694978,1.0
886.81398,1.0
886.932982,1.0
887.051984,1.0
887.170986,1.0
887.289988,1.0
887.40899,1.0
887.527992,1.0
887.646994,1.0
887.765996,1.0
887.884998,1.0
888.004,1.0
888.123002,1.0
888.242004,1.0
888.361006,1.0
888.480008,1.0
888.59901,1.0
888.718012,1.0
888.837014,1.0
888.956016,1.0
889.075018,1.0
889.19402,1.0
889.313022,1.0
889.432024,1.0
889.551026,1.0
889.670028,1.0
889.78903,1.0
889.908032,1.0
890.027034,1.0
890.146036,1.0
890.265038,1.0
890.38404,1.0
890.503042,1.0
890.622044,1.0
890.741046,1.0
890.860048,1.0
890.97905,1.0
891.098052,1.0
891.217054,1.0
891.336056,1.0
891.455058,1.0
891.57406,1.0
891.693062,1.0
891.812064,1.0
891.931066,1.0
892.050068,1.0
892.16907,1.0
892.288072,1.0
892.407074,1.0
892.526076,1.0
892.645078,1.0
892.76408,1.0
892.883082,1.0
893.002084,1.0
893.121086,1.0
893.240088,1.0
893.35909,1.0
893.478092,1.0
893.597094,1.0
893.716096,1.0
893.835098,1.0
893.9541,1.0
894.073102,1.0
894.192104,1.0
894.311106,1.0
894.430108,1.0
894.54911,1.0
894.668112,1.0
894.787114,1.0
894.906116,1.0
895.025118,1.0
895.14412,1.0
895.263122,1.0
895.382124,1.0
895.501126,1.0
895.620128,1.0
895.73913,1.0
895.858132,1.0
895.977134,1.0
896.096136,1.0
896.215138,1.0
896.33414,1.0
896.453142,1.0
896.572144,1.0
896.691146,1.0
896.810148,1.0
896.92915,1.0
897.048152,1.0
897.167154,1.0
897.286156,1.0
897.405158,1.0
897.52416,1.0
897.643162,1.0
897.762164,1.0
897.881166,1.0
898.000168,1.0
898.11917,1.0
898.238172,1.0
898.357174,1.0
898.476176,1.0
898.595178,1.0
898.71418,1.0
898.833182,1.0
898.952184,1.0
899.071186,1.0
899.190188,1.0
899.30919,1.0
899.428192,1.0
899.547194,1.0
899.666196,1.0
899.785198,1.0
899.9042,1.0
900.023202,1.0
900.142204,1.0
900.261206,1.0
900.380208,1.0
900.49921,1.0
900.618212,1.0
900.737214,1.0
900.856216,1.0
900.975218,1.0
901.09422,1.0
901.213222,1.0
901.332224,1.0
901.451226,1.0
901.570228,1.0
901.68923,1.0
901.808232,1.0
901.927234,1.0
902.046236,1.0
902.165238,1.0
902.28424,1.0
902.403242,1.0
902.522244,1.0
902.641246,1.0
902.760248,1.0
902.87925,1.0
902.998252,1.0
903.117254,1.0
903.236256,1.0
903.355258,1.0
903.47426,1.0
903.593262,1.0
903.712264,1.0
903.831266,1.0
903.950268,1.0
904.06927,1.0
904.188272,1.0
904.307274,1.0
904.426276,1.0
904.545278,1.0
904.66428,1.0
904.783282,1.0
904.902284,1.0
905.021286,1.0
905.140288,1.0
905.25929,1.0
905.378292,1.0
905.497294,1.0
905.616296,1.0
905.735298,1.0
905.8543,1.0
905.973302,1.0
906.092304,1.0
906.211306,1.0
906.330308,1.0
906.44931,1.0
906.568312,1.0
906.687314,1.0
906.806316,1.0
906.925318,1.0
907.04432,1.0
907.163322,1.0
907.282324,1.0
907.401326,1.0
907.520328,1.0
907.63933,1.0
907.758332,1.0
907.877334,1.0
907.996336,1.0
908.115338,1.0
908.23434,1.0
908.353342,1.0
908.472344,1.0
908.591346,1.0
908.710348,1.0
908.82935,1.0
908.948352,1.0
909.067354,1.0
909.186356,1.0
909.305358,1.0
909.42436,1.0
909.543362,1.0
909.662364,1.0
909.781366,1.0
909.900368,1.0
910.01937,1.0
910.138372,1.0
910.257374,1.0
910.376376,1.0
910.495378,1.0
910.61438,1.0
910.733382,1.0
910.852384,1.0
910.971386,1.0
911.090388,1.0
911.20939,1.0
911.328392,1.0
911.447394,1.0
911.566396,1.0
911.685398,1.0
911.8044,1.0
911.923402,1.0
912.042404,1.0
912.161406,1.0
912.280408,1.0
912.39941,1.0
912.518412,1.0
912.637414,1.0
912.756416,1.0
912.875418,1.0
912.99442,1.0
913.113422,1.0
913.232424,1.0
913.351426,1.0
913.470428,1.0
913.58943,1.0
913.708432,1.0
913.827434,1.0
913.946436,1.0
914.065438,1.0
914.18444,1.0
914.303442,1.0
914.422444,1.0
914.541446,1.0
914.660448,1.0
914.77945,1.0
914.898452,1.0
915.017454,1.0
915.136456,1.0
915.255458,1.0
915.37446,1.0
915.493462,1.0
915.612464,1.0
915.731466,1.0
915.850468,1.0
915.96947,1.0
916.088472,1.0
916.207474,1.0
916.326476,1.0
916.445478,1.0
916.56448,1.0
916.683482,1.0
916.802484,1.0
916.921486,1.0
917.040488,1.0
917.15949,1.0
917.278492,1.0
917.397494,1.0
917.516496,1.0
917.635498,1.0
917.7545,1.0
917.873502,1.0
917.992504,1.0
918.111506,1.0
918.230508,1.0
918.34951,1.0
918.468512,1.0
918.587514,1.0
918.706516,1.0
918.825518,1.0
918.94452,1.0
919.063522,1.0
919.182524,1.0
919.301526,1.0
919.420528,1.0
919.53953,1.0
919.658532,1.0
919.777534,1.0
919.896536,1.0
920.015538,1.0
920.13454,1.0
920.253542,1.0
920.372544,1.0
920.491546,1.0
920.610548,1.0
920.72955,1.0
920.848552,1.0
920.967554,1.0
921.086556,1.0
921.205558,1.0
921.32456,1.0
921.443562,1.0
921.562564,1.0
921.681566,1.0
921.800568,1.0
921.91957,1.0
922.038572,1.0
922.157574,1.0
922.276576,1.0
922.395578,1.0
922.51458,1.0
922.633582,1.0
922.752584,1.0
922.871586,1.0
922.990588,1.0
923.10959,1.0
923.228592,1.0
923.347594,1.0
923.466596,1.0
923.585598,1.0
923.7046,1.0
923.823602,1.0
923.942604,1.0
924.061606,1.0
924.180608,1.0
924.29961,1.0
924.418612,1.0
924.537614,1.0
924.656616,1.0
924.775618,1.0
924.89462,1.0
925.013622,1.0
925.132624,1.0
925.251626,1.0
925.370628,1.0
925.48963,1.0
925.608632,1.0
925.727634,1.0
925.846636,1.0
925.965638,1.0
926.08464,1.0
926.203642,1.0
926.322644,1.0
926.441646,1.0
926.560648,1.0
926.67965,1.0
926.798652,1.0
926.917654,1.0
927.036656,1.0
927.155658,1.0
927.27466,1.0
927.393662,1.0
927.512664,1.0
927.631666,1.0
927.750668,1.0
927.86967,1.0
927.988672,1.0
928.107674,1.0
928.226676,1.0
928.345678,1.0
928.46468,1.0
928.583682,1.0
928.702684,1.0
928.821686,1.0
928.940688,1.0
929.05969,1.0
929.178692,1.0
929.297694,1.0
929.416696,1.0
929.535698,1.0
929.6547,1.0
929.773702,1.0
929.892704,1.0
930.011706,1.0
930.130708,1.0
930.24971,1.0
930.368712,1.0
930.487714,1.0
930.606716,1.0
930.725718,1.0
930.84472,1.0
930.963722,1.0
931.082724,1.0
931.201726,1.0
931.320728,1.0
931.43973,1.0
931.558732,1.0
931.677734,1.0
931.796736,1.0
931.915738,1.0
932.03474,1.0
932.153742,1.0
932.272744,1.0
932.391746,1.0
932.510748,1.0
932.62975,1.0
932.748752,1.0
932.867754,1.0
932.986756,1.0
933.105758,1.0
933.22476,1.0
933.343762,1.0
933.462764,1.0
933.581766,1.0
933.700768,1.0
933.81977,1.0
933.938772,1.0
934.057774,1.0
934.176776,1.0
934.295778,1.0
934.41478,1.0
934.533782,1.0
934.652784,1.0
934.771786,1.0
934.890788,1.0
935.00979,1.0
935.128792,1.0
935.247794,1.0
935.366796,1.0
935.485798,1.0
935.6048,1.0
935.723802,1.0
935.842804,1.0
935.961806,1.0
936.080808,1.0
936.19981,1.0
936.318812,1.0
936.437814,1.0
936.556816,1.0
936.675818,1.0
936.79482,1.0
936.913822,1.0
937.032824,1.0
937.151826,1.0
937.270828,1.0
937.38983,1.0
937.508832,1.0
937.627834,1.0
937.746836,1.0
937.865838,1.0
937.98484,1.0
938.103842,1.0
938.222844,1.0
938.341846,1.0
938.460848,1.0
938.57985,1.0
938.698852,1.0
938.817854,1.0
938.936856,1.0
939.055858,1.0
939.17486,1.0
939.293862,1.0
939.412864,1.0
939.531866,1.0
939.650868,1.0
939.76987,1.0
939.888872,1.0
940.007874,1.0
940.126876,1.0
940.245878,1.0
940.36488,1.0
940.483882,1.0
940.602884,1.0
940.721886,1.0
940.840888,1.0
940.95989,1.0
941.078892,1.0
941.197894,1.0
941.316896,1.0
941.435898,1.0
941.5549,1.0
941.673902,1.0
941.792904,1.0
941.911906,1.0
942.030908,1.0
942.14991,1.0
942.268912,1.0
942.387914,1.0
942.506916,1.0
942.625918,1.0
942.74492,0.9337934601035228
942.863922,0.9320181409009302
942.982924,0.9292430025924336
943.101926,0.9260611590746798
943.220928,0.9241240159043147
943.33993,0.9215225787518965
943.458932,0.9211604915332458
943.577934,0.9188411706664019
943.696936,0.9165826827546488
943.815938,0.9157993394878604
943.93494,0.9131108434554571
944.053942,0.9118525314078937
944.172944,0.9087611323778296
944.291946,0.9054230372728231
944.410948,0.9042042534767843
944.52995,0.901504720571756
944.648952,0.8984807478297944
944.767954,0.8960491612910867
944.886956,0.8939101609192273
945.005958,0.8912859245638043
945.12496,0.8893539310785626
945.243962,0.8882162862947701
945.362964,0.8853608296053802
945.481966,0.8836625676657061
945.600968,0.8807072509833052
945.71997,0.8780954309205613
945.838972,0.8763234684347387
945.957974,0.872702988839311
946.076976,0.8695408197989306
946.195978,0.8683764154255639
946.31498,0.8658704304774202
946.433982,0.8640021687965844
946.552984,0.8607768358175107
946.671986,0.8573148856841158
946.790988,0.8548664680172459
946.90999,0.8520244971863755
947.028992,0.8483092738091857
947.147994,0.8450073106547183
947.266996,0.8418865605532386
947.385998,0.8398264631297048
947.505,0.8369256848076857
947.624002,0.833159648763942
947.743004,0.8304396663075081
947.862006,0.8281425314324452
947.981008,0.8254306738071227
948.10001,0.8232132490679811
948.219012,0.821051042770527
948.338014,0.819599067801745
948.457016,0.8165721544937011
948.576018,0.8147613750196284
948.69502,0.8133123897515625
948.814022,0.8111599651409466
948.933024,0.8084067044549408
949.052026,0.8048897238126819
949.171028,0.8045839238233109
949.29003,0.80276761735486
949.409032,0.7990354230246766
949.528034,0.7965463175285755
949.647036,0.7936759694178585
949.766038,0.791203559358586
949.88504,0.7881554003510413
950.004042,0.7843970072529707
950.123044,0.7828532662328458
950.242046,0.78160170252484
950.361048,0.778933190458836
950.48005,0.7772369656604275
950.599052,0.775924544496712
950.718054,0.7739097610345159
950.837056,0.7725566033110507
950.956058,0.7693879117929984
951.07506,0.7668454479039902
951.194062,0.7654510584680895
951.313064,0.7633871281699657
951.432066,0.7609481937361396
951.551068,0.7586460102784003
951.67007,0.7568350113196411
951.789072,0.7564339950423423
951.908074,0.755277535946732
952.027076,0.7525784765670172
952.146078,0.7508195017350239
952.26508,0.7488773953389666
952.384082,0.7476278137797656
952.503084,0.7458058256436181
952.622086,0.7436609949045355
952.741088,0.7426131717906135
952.86009,0.7408626711084583
952.979092,0.7399889687423249
953.098094,0.7396412556459944
953.217096,0.7382077425673249
953.336098,0.7374035345009461
953.4551,0.7349006198496906
953.574102,0.7326992217383569
953.693104,0.7307382167445166
953.812106,0.7282943394983437
953.931108,0.7260764258006077
954.05011,0.7250751313850551
954.169112,0.7238797438841614
954.288114,0.7235613068581356
954.407116,0.7224767784974679
954.526118,0.7209467501301693
954.64512,0.7197797619106365
954.764122,0.7177097784033568
954.883124,0.7148804164472857
955.002126,0.712418328554241
955.121128,0.7106110821742517
955.24013,0.7103837230073627
955.359132,0.708645413185044
955.478134,0.7067134495373222
955.597136,0.7050969273622059
955.716138,0.7041316059678591
955.83514,0.7033715543351724
955.954142,0.7007598728923196
956.073144,0.6982975343979348
956.192146,0.6964286024931187
956.311148,0.693648452090817
956.43015,0.6909623105810868
956.549152,0.6878530871294075
956.668154,0.685669188551446
956.787156,0.683423877935403
956.906158,0.6801377008925734
957.02516,0.6772667946652039
957.144162,0.6738686960705798
957.263164,0.6701993992858861
957.382166,0.6661103043556182
957.501168,0.6613844430195047
957.62017,0.6575923950579085
957.739172,0.6541556231140867
957.858174,0.6508083977413057
957.977176,0.6489821931627432
958.096178,0.6448355215852043
958.21518,0.641189649991343
958.334182,0.6383873807739534
958.453184,0.6339025772474083
958.572186,0.6292227194366825
958.691188,0.6235913580854352
958.81019,0.6177199991520785
958.929192,0.6137117031171809
959.048194,0.6099794566529492
959.167196,0.6061607888322963
959.286198,0.6016917548144766
959.4052,0.5971422017900668
959.524202,0.5930064518658541
959.643204,0.5887933534084415
959.762206,0.5840025089592729
959.881208,0.5795693217351693
960.00021,0.5750432635837687
960.119212,0.570809357417693
960.238214,0.5665329704176295
960.357216,0.5627386321119732
960.476218,0.5587796888828463
960.59522,0.5534964171139084
960.714222,0.5483288942918096
960.833224,0.5443025655869477
960.952226,0.5371166407279663
961.071228,0.5260231793552785
961.19023,0.5168461660041969
961.309232,0.512435720115869
961.428234,0.5112175732717437
961.547236,0.5097830683142315
961.666238,0.5075246488921634
961.78524,0.5070731529001683
961.904242,0.5034957539135464
962.023244,0.4935061293616581
962.142246,0.47472005812454254
962.261248,0.45141418077259443
962.38025,0.4183361429047263
962.499252,0.38523952318469185
962.618254,0.35786480627759754
962.737256,0.3463172557186951
962.856258,0.3511295623925985
962.97526,0.36196780774210024
963.094262,0.38082322039346106
963.213264,0.4113873709392594
963.332266,0.4459002529808598
963.451268,0.4792801443622575
963.57027,0.4927171509057595
963.689272,0.49535034454730037
963.808274,0.4953453910686223
963.927276,0.4951225357888401
964.046278,0.49421729010078247
964.16528,0.4933531661720753
964.284282,0.4923969888216205
964.403284,0.49255458107145866
964.522286,0.4924856282569183
964.641288,0.4931065512478581
964.76029,0.4938270126215048
964.879292,0.49476122823101787
964.998294,0.4961286554023893
965.117296,0.4976989016358557
965.236298,0.49912934919392543
965.3553,0.5016713775731996
965.474302,0.5044583497899461
965.593304,0.5080171866437794
965.712306,0.5115499727124853
965.831308,0.514726287596147
965.95031,0.5178446423242985
966.069312,0.5215135615446232
966.188314,0.5241905582432943
966.307316,0.5264810186525337
966.426318,0.5296017341035447
966.54532,0.5334019561063214
966.664322,0.5373583976075121
966.783324,0.5410032460831281
966.902326,0.5433726035439493
967.021328,0.5465770462818019
967.14033,0.5502404029398986
967.259332,0.553324859817358
967.378334,0.5553704002511614
967.497336,0.5578249921132304
967.616338,0.560441731470345
967.73534,0.562513581672217
967.854342,0.5647850854121207
967.973344,0.5663177287873705
968.092346,0.5676444639474811
968.211348,0.5684510916564196
968.33035,0.5690027567296316
968.449352,0.5702958601044691
968.568354,0.5707922333938321
968.687356,0.5702901571743827
968.806358,0.5706666729146446
968.92536,0.5716719306262701
969.044362,0.5721008453971734
969.163364,0.5730169394296015
969.282366,0.5735214162735554
969.401368,0.5738426782116155
969.52037,0.5740320775445965
969.639372,0.5735615641778548
969.758374,0.5726274203622818
969.877376,0.5722267214290166
969.996378,0.5706837931716345
970.11538,0.5707922333938321
970.234382,0.5705183188665487
970.353384,0.5696517897508353
970.472386,0.56943536319438
970.591388,0.5685477365565849
970.71039,0.5673607126592409
970.829392,0.5665329704176295
970.948394,0.5655819940711285
971.067396,0.5643277947206693
971.186398,0.5627836530033538
971.3054,0.5622211506484031
971.424402,0.5613167028716876
971.543404,0.5613559964161466
971.662406,0.5608790465516017
971.781408,0.559993557378708
971.90041,0.5596408725449471
972.019412,0.5594338437247991
972.138414,0.5590703298811759
972.257416,0.558651184332993
972.376418,0.5567828340994151
972.49542,0.5562263295639588
972.614422,0.5556703812548784
972.733424,0.5545656967218466
972.852426,0.5514688082012597
972.971428,0.5500533530031902
973.09043,0.5498498709090879
973.209432,0.5488226124365114
973.328434,0.5466754390052121
973.447436,0.54528864536365
973.566438,0.5446564772634134
973.68544,0.5449343229114357
973.804442,0.5451686950566875
973.923444,0.545043320675431
974.042446,0.544493104827325
974.161448,0.544547556860364
974.28045,0.5443134517471206
974.399452,0.544351555022342
974.518454,0.5428566446898426
974.637456,0.5402409690377582
974.756458,0.5390806986918945
974.87546,0.5387142484239957
974.994462,0.5383641979412517
975.113464,0.5379014037610432
975.232466,0.5378745093632208
975.351468,0.5390699171857362
975.47047,0.5399979152928852
975.589472,0.5404895370497751
975.708474,0.541160159775878
975.827476,0.5420483905880943
975.946478,0.5426666781102918
976.06548,0.5419399917502218
976.184482,0.5410302969216976
976.303484,0.5400519177844941
976.422486,0.5388112257164065
976.541488,0.5376809093899361
976.66049,0.5353096042154308
976.779492,0.5339730016542408
976.898494,0.5335780077987681
977.017496,0.5328848070667312
977.136498,0.5325172433739123
977.2555,0.5314426442528087
977.374502,0.5328421779873518
977.493504,0.5342827958268257
977.612506,0.5345179319831503
977.731508,0.533018044922536
977.85051,0.5321552547385027
977.969512,0.5334819724008093
978.088514,0.5329913946865513
978.207516,0.5308159117774728
978.326518,0.5260810450875646
978.44552,0.5197538213428744
978.564522,0.5146902580170654
978.683524,0.5109109347285427
978.802526,0.5067588649846918
978.921528,0.5006339918862335
979.04053,0.4933136994974696
979.159532,0.485493198799881
979.278534,0.4770614358767604
979.397536,0.4709327389219147
979.516538,0.47184251676124633
979.63554,0.47939039147339263
979.754542,0.4918507313929884
979.873544,0.5091971547505417
979.992546,0.5306142400510522
980.111548,0.5548153074435717
980.23055,0.5729309933348053
980.349552,0.5817875105875148
980.468554,0.5885696544396423
980.587556,0.5931072715321002
980.706558,0.5981641885047363
980.82556,0.6040429344784783
980.944562,0.6082739030636408
981.063564,0.6128960091087908
981.182566,0.6180042157164866
981.301568,0.6226379928179718
981.42057,0.6283172907857805
981.539572,0.6333956579803529
981.658574,0.6394032240908081
981.777576,0.6458810017404516
981.896578,0.6528616764102899
982.01558,0.6588232433211134
982.134582,0.6641481745222261
982.253584,0.6699782699724652
982.372586,0.6745766298016213
982.491588,0.6784734031226503
982.61059,0.6823585678437402
982.729592,0.6851893880692206
982.848594,0.6891681420034418
982.967596,0.6924425532204446
983.086598,0.6951205466781637
983.2056,0.6993807348397283
983.324602,0.7040964002677105
983.443604,0.708199107175892
983.562606,0.712339966848073
983.681608,0.7161826835087767
983.80061,0.7207160840786642
983.919612,0.7254014886190487
984.038614,0.7294386596676361
984.157616,0.7339899078392161
984.276618,0.7375731568197001
984.39562,0.7405663853011268
984.514622,0.7428062763177797
984.633624,0.7449486419192382
984.752626,0.7466042649659164
984.871628,0.7475829574566419
984.99063,0.7483458810981595
985.109632,0.7500315550026292
985.228634,0.751179981604104
985.347636,0.7533917003835251
985.466638,0.75491508972353
985.58564,0.7564415594201146
985.704642,0.7579180595807745
985.823644,0.7589798879706285
985.942646,0.7610927876289343
986.061648,0.7636009064934218
986.18065,0.7654434039957773
986.299652,0.7674514951649829
986.418654,0.7687649599140169
986.537656,0.7708280132632684
986.656658,0.7713523545681266
986.77566,0.772363488300605
986.894662,0.7731903595303041
987.013664,0.7729275194934021
987.132666,0.7743742462227585
987.251668,0.775040494520215
987.37067,0.7754281116636855
987.489672,0.7772525105551892
987.608674,0.7782947270484333
987.727676,0.7805238360742639
987.846678,0.7816564165589855
987.96568,0.7831194815974124
988.084682,0.7853938242970244
988.203684,0.7859280737217644
988.322686,0.7865256060913322
988.441688,0.7864076360983892
988.56069,0.7860774142426717
988.679692,0.7872889060698812
988.798694,0.7879347477317513
988.917696,0.7895358798689239
989.036698,0.7916705071946738
989.1557,0.7928747613669216
989.274702,0.7944382641914467
989.393704,0.7959889302146254
989.512706,0.7961561054427551
989.631708,0.7964268445416443
989.75071,0.7963392424069504
989.869712,0.7960764938128586
989.988714,0.7962994264402375
990.107716,0.797973412305731
990.226718,0.7995229833234943
990.34572,0.8011476634720631
990.464722,0.8019091153847526
990.583724,0.8024866978525664
990.702726,0.8039003180616685
990.821728,0.8054372349575664
990.94073,0.8060173585861807
991.059732,0.8076310064132977
991.178734,0.8081642188182685
991.297736,0.8097983604676847
991.416738,0.8114439208180907
991.53574,0.8122638931944626
991.654742,0.8125969896707838
991.773744,0.812540109872323
991.892746,0.8138412146543753
992.011748,0.8159925940323208
992.13075,0.8174054830165818
992.249752,0.8197712016794079
992.368754,0.8223164354786952
992.487756,0.8242511515030263
992.606758,0.8260665001876956
992.72576,0.8267028163431206
992.844762,0.8270749163266921
992.963764,0.8277120092615659
993.082766,0.828200503438642
993.201768,0.8285318499048928
993.32077,0.8299249532919202
993.439772,0.831046108588414
993.558774,0.8324434394801393
993.677776,0.8344019819489811
993.796778,0.8359470543669058
993.91578,0.8381652518745683
994.034782,0.8399524465476944
994.153784,0.8395493661203932
994.272786,0.8400364459922514
994.391788,0.8415498732709629
994.51079,0.8423244554075212
994.629792,0.8403809315498219
994.748794,0.8394822048575898
994.867796,0.841112381094686
994.986798,0.8416087838239372
995.1058,0.8419370752622979
995.224802,0.8431166126511795
995.343804,0.845785075097306
995.462806,0.8491155505401129
995.581808,0.8498970963025355
995.70081,0.8499395922197397
995.819812,0.8513431501637739
995.938814,0.8513431501637739
996.057816,0.8499225935978821
996.176818,0.8487759722400846
996.29582,0.8479191412805944
996.414822,0.847300386180549
996.533824,0.8483771412657526
996.652826,0.8487420218802068
996.771828,0.8497951147699936
996.89083,0.8498970963025355
997.009832,0.850568780288856
997.128834,0.8525017645271827
997.247836,0.8540803525352391
997.366838,0.8554308661170225
997.48584,0.8564836934384139
997.604842,0.8569548890367165
997.723844,0.857923795390318
997.842846,0.8567578120769572
997.961848,0.8555335239803051
998.08085,0.8543537019816292
998.199852,0.8533802937095053
998.318854,0.8526552286561548
998.437856,0.8516326560480411
998.556858,0.8520500583047059
998.67586,0.8522119631962615
998.794862,0.8526211231291237
998.913864,0.8517944816256332
999.032866,0.8500925951161868
999.151868,0.8501010960846428
999.27087,0.8489032981851278
999.389872,0.8469361253361856
999.508874,0.8463688681845762
999.627876,0.8458611991795971
999.746878,0.8451256199596682
999.86588,0.8435635828925359
999.984882,0.8438841979670411
1000.103884,0.8441374012050179
1000.222886,0.8437998137665247
1000.341888,0.8424002680200242
1000.46089,0.8421391644100886
1000.579892,0.8424086920648246
1000.698894,0.8407171511618813
1000.817896,0.838735398073581
1000.936898,0.8381233446596636
1001.0559,0.8372940131352907
1001.174902,0.8367666840331242
1001.293904,0.8356461675902032
1001.412906,0.8355626071515356
1001.531908,0.8353370357011208
1001.65091,0.8347691996029981
1001.769912,0.8332846320847713
1001.888914,0.8307636009405156
1002.007916,0.8301822699094558
1002.126918,0.8299830500720142
1002.24592,0.8294271476765639
1002.364922,0.8280597213198766
1002.483924,0.8260086775564981
1002.602926,0.8255544976947531
1002.721928,0.82477059333547
1002.84093,0.8229827816251898
1002.959932,0.8216095473496469
1003.078934,0.8198203894271263
1003.197936,0.8184278787345518
1003.316938,0.8172093292400525
1003.43594,0.8162292662003958
1003.554942,0.8150302906420221
1003.673944,0.8131090870680189
1003.792946,0.8111112970030968
1003.911948,0.8094583165705054
1004.03095,0.8081318928960385
1004.149952,0.8058964650496347
1004.268954,0.8033136849766109
1004.387956,0.8023021471362063
1004.506958,0.8008993461875545
1004.62596,0.7996829039116847
1004.744962,0.7993471076142006
1004.863964,0.7985960743739672
1004.982966,0.7985401746052757
1005.101968,0.7966578418195477
1005.22097,0.795058167768482
1005.339972,0.7942635069973208
1005.458974,0.7924071032304313
1005.577976,0.7897411858863155
1005.696978,0.7899465452902116
1005.81598,0.7884470718050627
1005.934982,0.7875645054140775
1006.053984,0.7855980532399538
1006.172986,0.7839343495161447
1006.291988,0.7839970667727628
1006.41099,0.7839108318384261
1006.529992,0.7823993429888966
1006.648994,0.7815469923205427
1006.767996,0.7802272933632393
1006.886998,0.7797125132457448
1007.006,0.7777967777838837
1007.125002,0.7761340724087213
1007.244004,0.7741497102506435
1007.363006,0.7720777666716947
1007.482008,0.7701422815273506
1007.60101,0.7688649058551512
1007.720012,0.7689956239998741
1007.839014,0.767367080143426
1007.958016,0.7641050494405797
1008.077018,0.7626775081652156
1008.19602,0.7606286626010059
1008.315022,0.7599672034409991
1008.434024,0.7574785945633924
1008.553026,0.7551718044930739
1008.672028,0.7544471874326001
1008.79103,0.7524881725681773
1008.910032,0.751600760200813
1009.029034,0.7500165545215345
1009.148036,0.7472316760242405
1009.267038,0.7463653898231885
1009.38604,0.7436461218333686
1009.505042,0.7424349660149322
1009.624044,0.7398631813098734
1009.743046,0.7379789336343461
1009.862048,0.7379567945984242
1009.98105,0.7359669986862908
1010.100052,0.7339899078392161
1010.219054,0.7327505124790336
1010.338056,0.7303437246299316
1010.457058,0.7285930013990439
1010.57606,0.7257062212336381
1010.695062,0.7245822478950922
1010.814064,0.7241331461373284
1010.933066,0.722722462366048
1011.052068,0.7212063376831721
1011.17107,0.7210981648456852
1011.290072,0.7199669289793978
1011.409074,0.7177241327424677
1011.528076,0.7157960492603243
1011.647078,0.7140302147220708
1011.76608,0.7124397014246892
1011.885082,0.710532919254252
1012.004084,0.707760159817185
1012.123086,0.7065085323513844
1012.242088,0.7042090647046679
1012.36109,0.701860929996421
1012.480092,0.7003325397197239
1012.599094,0.6991150206493828
1012.718096,0.6990171513974993
1012.837098,0.6981160006394026
1012.9561,0.6967141967629655
1013.075102,0.6957116503263012
1013.194104,0.6943077312283104
1013.313106,0.6923733124272199
1013.432108,0.6891543587784343
1013.55111,0.6863346103417345
1013.670112,0.6839845153452336
1013.789114,0.6817856273154622
1013.908116,0.6793763730907268
1014.027118,0.6773412981102315
1014.14612,0.6770027121147291
1014.265122,0.6749747474463608
1014.384124,0.6738619574173124
1014.503126,0.6731951641965739
1014.622128,0.6722802410620182
1014.74113,0.671151758447849
1014.860132,0.6704675326687018
1014.979134,0.6717762199127786
1015.098136,0.672515580328359
1015.217138,0.6729528575552755
1015.33614,0.6740574057235981
1015.455142,0.6749679977326348
1015.574144,0.6742461682227173
1015.693146,0.6720718664870168
1015.812148,0.6684390906862292
1015.93115,0.6653047983167799
1016.050152,0.662364016700893
1016.169154,0.6585926955341673
1016.288156,0.6561735284122161
1016.407158,0.6534691201869262
1016.52616,0.6512510979527829
1016.645162,0.6509060263229275
1016.764164,0.6500929020985395
1016.883166,0.6488978309612939
1017.002168,0.6479187346403011
1017.12117,0.6479122554853506
1017.240172,0.6490146430836425
1017.359174,0.6490406041885846
1017.478176,0.6482946365073963
1017.597178,0.6480353705094497
1017.71618,0.6468182085036721
1017.835182,0.6442232187296051
1017.954184,0.6420751025300615
1018.073186,0.6397421976196266
1018.192188,0.6381256955969631
1018.31119,0.6357689931114567
1018.430192,0.6339849899391593
1018.549194,0.6344860359683343
1018.668196,0.6357372054564991
1018.787198,0.6352097624950789
1018.9062,0.6364941830433268
1019.025202,0.6369016697022966
1019.144204,0.6378003344663492
1019.263206,0.6399341490701904
1019.382208,0.6394863519131313
1019.50121,0.6386236278078459
1019.620212,0.6390644301703595
1019.739214,0.6371628529257766
1019.858216,0.6372966711753154
1019.977218,0.6359343145405201
1020.09622,0.6326423654453094
1020.215222,0.6290025300202754
1020.334224,0.625502470151397
1020.453226,0.62014001239153
1020.572228,0.6169421620934017
1020.69123,0.6130799054946021
1020.810232,0.6096379637841511
1020.929234,0.6100282569614677
1021.048236,0.6129021380995268
1021.167238,0.6165967712011055
1021.28624,0.6204563644607705
1021.405242,0.6220778707171892
1021.524244,0.6254837053587657
1021.643246,0.6275323848407152
1021.762248,0.6269992089454577
1021.88125,0.6252148051831425
1022.000252,0.6238283678305072
1022.119254,0.6230802227659267
1022.238256,0.6227874438696569
1022.357258,0.6214498892517886
1022.47626,0.6205556454213492
1022.595262,0.6204191381957019
1022.714264,0.620022196981994
1022.833266,0.6190371450126341
1022.952268,0.6176829370640031
1023.07127,0.6163748363141496
1023.190272,0.6159188876570867
1023.309274,0.6145715012197832
1023.428276,0.612773442164072
1023.547278,0.6117999065569385
1023.66628,0.612124246449893
1023.785282,0.6141537346556835
1023.904284,0.614768195569591
1024.023286,0.6170840751100545
1024.142288,0.6214498892517886
1024.26129,0.6262472611536319
1024.380292,0.6334273285550097
1024.499294,0.6371692245861641
1024.618296,0.6424154925297844
1024.737298,0.6481066583209636
1024.8563,0.6517592719712889
1024.975302,0.654247211312347
1025.094304,0.6530118518653796
1025.213306,0.6506196906698086
1025.332308,0.6501969252845083
1025.45131,0.647161113015848
1025.570312,0.6446420999434257
1025.689314,0.6429103429519951
1025.808316,0.642402644348416
1025.927318,0.6423705250191886
1026.04632,0.6435471393537261
1026.165322,0.643662988264899
1026.284324,0.6457582960075346
1026.403326,0.6471546414370758
1026.522328,0.6481325831057886
1026.64133,0.6488978309612939
1026.760332,0.648943255399298
1026.879334,0.6488329444225788
1026.998336,0.6512445854743659
1027.117338,0.6528551478261688
1027.23634,0.6556422430538204
1027.355342,0.6587112528892053
1027.474344,0.6637298929448087
1027.593346,0.6684190378143032
1027.712348,0.6710242517272659
1027.83135,0.6720651458019554
1027.950352,0.6744349835827365
1028.069354,0.6749140024526562
1028.188356,0.6767387325363681
1028.307358,0.6776190649807741
1028.42636,0.6797569304057607
1028.545362,0.6824677539492506
1028.664364,0.6838408936778141
1028.783366,0.6852236483951251
1028.902368,0.6875298721399291
1029.02137,0.6880250718983902
1029.140372,0.6891405758290888
1029.259374,0.6889889815783854
1029.378376,0.6908932178047251
1029.497378,0.6932878486607472
1029.61638,0.6949189909466207
1029.735382,0.6965957654164655
1029.854384,0.6978158752907021
1029.973386,0.6981020384590121
1030.092388,0.7000384618137248
1030.21139,0.6994087106286339
1030.330392,0.6991989194856901
1030.449394,0.6996745364423786
1030.568396,0.6996465500206531
1030.687398,0.7012085027572142
1030.8064,0.7019732367295195
1030.925402,0.7016293541016464
1031.044404,0.7035544547153186
1031.163406,0.7052026998340472
1031.282408,0.7073285577717037
1031.40141,0.7090140046253691
1031.520412,0.7114714419964039
1031.639414,0.7142515984013321
1031.758416,0.7166555200988032
1031.877418,0.7177600198462749
1031.99642,0.7186362214447843
1032.115422,0.7200173284283865
1032.234424,0.7206728424108825
1032.353426,0.7212784619230923
1032.472428,0.7226791003191805
1032.59143,0.7234961892708538
1032.710432,0.7253652194513545
1032.829434,0.7257787954844136
1032.948436,0.7269046249098187
1033.067438,0.7287678847045369
1033.18644,0.7295189023334653
1033.305442,0.7307601392198544
1033.424444,0.732486769771077
1033.543446,0.7349520646936286
1033.662448,0.7384144696756884
1033.78145,0.7397226206591092
1033.900452,0.7401961946638479
1034.019454,0.7414185265315175
1034.138456,0.7426577299176513
1034.257458,0.7425537651131691
1034.37646,0.7425092132238323
1034.495462,0.7425092132238323
1034.614464,0.7435345832806942
1034.733466,0.7457834518044579
1034.852468,0.7476128613730145
1034.97147,0.7492968841262542
1035.090472,0.7525860023894119
1035.209474,0.7545528174327681
1035.328476,0.7571150920855758
1035.447478,0.7597164556395264
1035.56648,0.7620523689506268
1035.685482,0.7644413296385517
1035.804484,0.7645636500366648
1035.923486,0.7644336852634773
1036.042488,0.7647701100930281
1036.16149,0.7673517329552956
1036.280492,0.7682116483589417
1036.399494,0.7689648647901024
1036.518496,0.7723557647043401
1036.637498,0.7755521900875609
1036.7565,0.7787696316631143
1036.875502,0.7820238814222467
1036.994504,0.7849933755697381
1037.113506,0.7877141568865459
1037.232508,0.789678009118549
1037.35151,0.7926527875115288
1037.470512,0.7955035250308271
1037.589514,0.7969287515378087
1037.708516,0.7961799904841922
1037.827518,0.7973352888592983
1037.94652,0.799994841068002
1038.065522,0.8010275003350029
1038.184524,0.7996829039116847
1038.303526,0.7999388433890688
1038.422528,0.8026070798856711
1038.54153,0.8037556290268212
1038.660532,0.8047850949496097
1038.779534,0.8056547323718346
1038.898536,0.807396827379039
1039.017538,0.8096121282623018
1039.13654,0.8112410851933957
1039.255542,0.8131497435387756
1039.374544,0.8150547419175087
1039.493546,0.8160986799649812
1039.612548,0.817691625007565
1039.73155,0.8207226880287453
1039.850552,0.8231227005908411
1039.969554,0.8247870889122918
1040.088556,0.8266201501948626
1040.207558,0.8294437363854039
1040.32656,0.832768155737091
1040.445562,0.8328597652726542
1040.564564,0.8338514583336718
1040.683566,0.8349946177169669
1040.802568,0.8361895141676441
1040.92157,0.8380060156046367
1041.040572,0.8363651324048887
1041.159574,0.8364404086541857
1041.278576,0.838508970085255
1041.397578,0.8409441754395933
1041.51658,0.8449143649626532
1041.635582,0.8469530642280806
1041.754584,0.8495826925451856
1041.873586,0.8529792992125502
1041.992588,0.8551571720332539
1042.11159,0.8573577525000615
1042.230592,0.8562439115752786
1042.349594,0.8563209769952121
1042.468596,0.857863742826505
1042.587598,0.8603723657625851
1042.7066,0.860673548794558
1042.825602,0.861551883688973
1042.944604,0.8624138664922316
1043.063606,0.8644429222852569
1043.182608,0.865619364458914
1043.30161,0.8665114117297867
1043.420612,0.867881581909721
1043.539614,0.870550072403237
1043.658616,0.872013825733397
1043.777618,0.8746075565795453
1043.89662,0.8755964217220622
1044.015622,0.8778232635251019
1044.134624,0.8791497779193437
1044.253626,0.8798269839391996
1044.372628,0.8798181857133514
1044.49163,0.8806015724540258
1044.610632,0.880812942194769
1044.729634,0.8811124695118737
1044.848636,0.8811124695118737
1044.967638,0.88314136052201
1045.08664,0.8856530468923505
1045.205642,0.8871244518784467
1045.324644,0.8884650216762611
1045.443646,0.8902615348875161
1045.562648,0.8916246775741342
1045.68165,0.892695269413856
1045.800652,0.8935258621801823
1045.919654,0.8948134662741714
1046.038656,0.895511693050908
1046.157658,0.89701741714933
1046.27666,0.8976186201993518
1046.395662,0.8990559595565241
1046.514664,0.8983010696486454
1046.633666,0.8989121221102976
1046.752668,0.9002524995054203
1046.87167,0.9012973983289964
1046.990672,0.9029663418126308
1047.109674,0.9033005011747712
1047.228676,0.9048727073834008
1047.347678,0.9066706635887279
1047.46668,0.9069717282230033
1047.585682,0.9078882324252202
1047.704684,0.9082005997012657
1047.823686,0.9090937998267095
1047.942688,0.9097222007298976
1048.06169,0.9097140132669348
1048.180692,0.9111734542596412
1048.299694,0.9130113197976584
1048.418696,0.9132158572406315
1048.537698,0.9131583264538641
1048.6567,0.9139458082871763
1048.775702,0.9164901125785632
1048.894704,0.9178310010738036
1049.013706,0.9178310010738036
1049.132708,0.9186638514323198
1049.25171,0.9196813754114675
1049.370712,0.9211512799743883
1049.489714,0.9209035236048009
1049.608716,0.9196675802943
1049.727718,0.9187685850810876
1049.84672,0.919714484536943
1049.965722,0.9203327403812493
1050.084724,0.9209348348568918
1050.203726,0.9215861660035654
1050.322728,0.9208307751000399
1050.44173,0.9212010234865696
1050.560732,0.9208206460172238
1050.679734,0.918873330670172
1050.798736,0.9203106526605339
1050.917738,0.9213613264106063
1051.03674,0.9227711654259504
1051.155742,0.9237840008330722
1051.274744,0.9249237290041238
1051.393746,0.9269895373959369
1051.512748,0.9265669265294849
1051.63175,0.92638533720822
1051.750752,0.9275969144371973
1051.869754,0.9279049277401695
1051.988756,0.9288444428415007
1052.107758,0.9291426497673038
1052.22676,0.9294623298206404
1052.345762,0.9297811900811774
1052.464764,0.9288555890416919
1052.583766,0.9297300535219912
1052.702768,0.9315839216282186
1052.82177,0.9323089759287962
1052.940772,0.9322623616453667
1053.059774,0.9328349465009791
1053.178776,0.9865877565500233
1053.297778,1.0
1053.41678,1.0
1053.535782,1.0
1053.654784,1.0
1053.773786,1.0
1053.892788,1.0
1054.01179,1.0
1054.130792,1.0
1054.249794,0.9334844256162577
1054.368796,0.9332921476298933
1054.487798,0.9335637751647431
1054.6068,0.9326269475006599
1054.725802,0.931859711283876
1054.844804,0.931466549448696
1054.963806,0.9614468439355084
1055.082808,1.0
1055.20181,1.0
1055.320812,1.0
1055.439814,1.0
1055.558816,1.0
1055.677818,1.0
1055.79682,1.0
1055.915822,1.0
1056.034824,1.0
1056.153826,1.0
1056.272828,0.990292425674734
1056.39183,1.0
1056.510832,1.0
1056.629834,1.0
1056.748836,1.0
1056.867838,1.0
1056.98684,1.0
1057.105842,1.0
1057.224844,1.0
1057.343846,1.0
1057.462848,1.0
1057.58185,1.0
1057.700852,1.0
1057.819854,1.0
1057.938856,1.0
1058.057858,1.0
1058.17686,1.0
1058.295862,1.0
1058.414864,1.0
1058.533866,1.0
1058.652868,1.0
1058.77187,1.0
1058.890872,1.0
1059.009874,1.0
1059.128876,1.0
1059.247878,1.0
1059.36688,1.0
1059.485882,1.0
1059.604884,1.0
1059.723886,1.0
1059.842888,1.0
1059.96189,1.0
1060.080892,1.0
1060.199894,1.0
1060.318896,1.0
1060.437898,1.0
1060.5569,1.0
1060.675902,1.0
1060.794904,1.0
1060.913906,1.0
1061.032908,1.0
1061.15191,1.0
1061.270912,1.0
1061.389914,1.0
1061.508916,1.0
1061.627918,1.0
1061.74692,1.0
1061.865922,1.0
1061.984924,1.0
1062.103926,1.0
1062.222928,1.0
1062.34193,1.0
1062.460932,1.0
1062.579934,1.0
1062.698936,1.0
1062.817938,1.0
1062.93694,1.0
1063.055942,1.0
1063.174944,1.0
1063.293946,1.0
1063.412948,1.0
1063.53195,1.0
1063.650952,1.0
1063.769954,1.0
1063.888956,1.0
1064.007958,1.0
1064.12696,1.0
1064.245962,1.0
1064.364964,1.0
1064.483966,1.0
1064.602968,1.0
1064.72197,1.0
1064.840972,1.0
1064.959974,1.0
1065.078976,1.0
1065.197978,1.0
1065.31698,1.0
1065.435982,1.0
1065.554984,1.0
1065.673986,1.0
1065.792988,1.0
1065.91199,1.0
1066.030992,1.0
1066.149994,1.0
1066.268996,1.0
1066.387998,1.0
1066.507,1.0
1066.626002,1.0
1066.745004,1.0
1066.864006,1.0
1066.983008,1.0
1067.10201,1.0
1067.221012,1.0
1067.340014,1.0
1067.459016,1.0
1067.578018,0.9505181709331841
1067.69702,0.9328517376811363
1067.816022,0.9786228017700347
1067.935024,1.0
1068.054026,1.0
1068.173028,1.0
1068.29203,1.0
1068.411032,1.0
1068.530034,1.0
1068.649036,0.933574977997262
1068.768038,0.9329440945747575
1068.88704,0.9335507053633796
1069.006042,1.0
1069.125044,1.0
1069.244046,1.0
1069.363048,1.0
1069.48205,1.0
1069.601052,1.0
1069.720054,1.0
1069.839056,0.934134356926346
1069.958058,0.9335787123046425
1070.07706,0.9469073744789873
1070.196062,1.0
1070.315064,1.0
1070.434066,1.0
1070.553068,1.0
1070.67207,1.0
1070.791072,1.0
1070.910074,1.0
1071.029076,0.933929803901553
1071.148078,0.932952491109393
1071.26708,0.9332454841891076
1071.386082,0.9320647429730172
1071.505084,0.9304722742113694
1071.624086,0.9315941691077175
1071.743088,0.9311862202089791
1071.86209,0.9298313996210872
1071.981092,0.928767351952061
1072.100094,0.9267615260162871
1072.219096,0.9274030669398491
1072.338098,0.9271081996509459
1072.4571,0.9253298596603131
1072.576102,0.9249376029641133
1072.695104,0.9263927483205621
1072.814106,0.9273233137055304
1072.933108,0.9275041593835835
1073.05211,0.9254492349117475
1073.171112,0.9253835303486083
1073.290114,0.9261500652133774
1073.409116,0.924741536976014
1073.528118,0.9208537961571794
1073.64712,0.9193935601863962
1073.766122,0.9202802829100997
1073.885124,0.9207138370173276
1074.004126,0.9201339699773033
1074.123128,0.9211724666974741
1074.24213,0.9225100581345592
1074.361132,0.9255889882973343
1074.480134,0.9270813139030013
1074.599136,0.9259861511586563
1074.718138,0.9259194825558714
1074.83714,0.9241757682982589
1074.956142,0.9225275859921779
1075.075144,0.92204061999711
1075.194146,0.9196363121281318
1075.313148,0.9190267953303364
1075.43215,0.9174611897023672
1075.551152,0.9166055976081521
1075.670154,0.9172034193264949
1075.789156,0.9165872656795199
1075.908158,0.9171814067085834
1076.02716,0.9184351326099882
1076.146162,0.9178594542758591
1076.265164,0.918107309787502
1076.384166,0.9178750580192133
1076.503168,0.9186638514323198
1076.62217,0.9185756639356498
1076.741172,0.9170979469980474
1076.860174,0.9173676134334884
1076.979176,0.9181431166708134
1077.098178,0.916325159204548
1077.21718,0.9153360622411076
1077.336182,0.914305059578088
1077.455184,0.9144833664490607
1077.574186,0.9148364251644584
1077.693188,0.9134195270851397
1077.81219,0.9121936280357337
1077.931192,0.9109684632947812
1078.050194,0.9112982935741726
1078.169196,0.91207869887929
1078.288198,0.9104247774285732
1078.4072,0.9089965319940498
1078.526202,0.9091919872591167
1078.645204,0.9116473876678631
1078.764206,0.9115899556915663
1078.883208,0.9103665121073279
1079.00221,0.9107698938146427
1079.121212,0.911296470979408
1079.240214,0.911916363319183
1079.359216,0.911017656920015
1079.478218,0.9094993460915268
1079.59722,0.9107307315512033
1079.716222,0.9102281469135087
1079.835224,0.9083958838224921
1079.954226,0.9069055217034104
1080.073228,0.906018095663588
1080.19223,0.9057318391762654
1080.311232,0.9057254990755815
1080.430234,0.9051170559999732
1080.549236,0.9051161508833697
1080.668238,0.9054076452120224
1080.78724,0.9057318391762654
1080.906242,0.9053922534128844
1081.025244,0.9060407463991127
1081.144246,0.9040324709884769
1081.263248,0.9043851124127704
1081.38225,0.9051161508833697
1081.501252,0.9043308509338863
1081.620254,0.902812850581647
1081.739256,0.9028760496931307
1081.858258,0.9019195081370449
1081.97726,0.9017391422726052
1082.096262,0.9008378538496514
1082.215264,0.9008828968684099
1082.334266,0.9017391422726052
1082.453268,0.901081112908686
1082.57227,0.901009029303036
1082.691272,0.9037432268792863
1082.810274,0.9022081685628537
1082.929276,0.9012613471540915
1083.048278,0.900720752540401
1083.16728,0.9003245225862656
1083.286282,0.9004595813938109
1083.405284,0.8976994095106342
1083.524286,0.8949119011692815
1083.643288,0.8956908133009462
1083.76229,0.8960581218275021
1083.881292,0.8957803868608797
1084.000294,0.8960133200414647
1084.119296,0.8950729998099347
1084.238298,0.8963449063095569
1084.3573,0.8974480888625039
1084.476302,0.8964076526490948
1084.595304,0.8953147021482307
1084.714306,0.8952878431100538
1084.833308,0.8949924468648887
1084.95231,0.8940800199859023
1085.071312,0.8937939601515212
1085.190314,0.8932042507633258
1085.309316,0.8919724790152608
1085.428318,0.8914285417208029
1085.54732,0.889300571443503
1085.666322,0.8907245912698828
1085.785324,0.8876923932495019
1085.904326,0.8865214123078604
1086.023328,0.8878610708280817
1086.14233,0.8884028313014322
1086.261332,0.8878078007619501
1086.380334,0.8883317619177413
1086.499336,0.8883317619177413
1086.618338,0.88893603294471
1086.73734,0.8874438741736863
1086.856342,0.8859542201248422
1086.975344,0.883574205827105
1087.094346,0.8824351299634815
1087.213348,0.8809450740457394
1087.33235,0.8829559203082044
1087.451352,0.8835123577974034
1087.570354,0.8811300919374877
1087.689356,0.8807777103817223
1087.808358,0.8823910093100088
1087.92736,0.8833356729949131
1088.046362,0.8833975086562457
1088.165364,0.8819940226845092
1088.284366,0.8816060306790288
1088.403368,0.8828764578512408
1088.52237,0.8837332634989149
1088.641372,0.8823910093100088
1088.760374,0.8814120986855809
1088.879376,0.8813504019980821
1088.998378,0.8811124695118737
1089.11738,0.88068083016209
1089.236382,0.8782710675698249
1089.355384,0.8765951708216476
1089.474386,0.8763497585331413
1089.593388,0.8766127029003842
1089.71239,0.8754125657790502
1089.831392,0.8739518468340016
1089.950394,0.8727728078711422
1090.069396,0.8727204430736295
1090.188398,0.8747650001092222
1090.3074,0.8728862757114152
1090.426402,0.8713164936428376
1090.545404,0.8707764448492046
1090.664406,0.870384683601914
1090.783408,0.8715082043588445
1090.90241,0.8698452123514495
1091.021412,0.8692626112523364
1091.140414,0.8740742086576861
1091.259416,0.8757277710362728
1091.378418,0.8771212857428335
1091.49742,0.8786048739947053
1091.616422,0.8794487396644529
1091.735424,0.8823645379768015
1091.854426,0.8792552822228256
1091.973428,0.8741965876132253
1092.09243,0.8734975100114595
1092.211432,0.8718743146824613
1092.330434,0.8730084883446996
1092.449436,0.8728688181604771
1092.568438,0.8708025685344034
1092.68744,0.8719789458779694
1092.806442,0.8719702261321094
1092.925444,0.8734538362278126
1093.044446,0.8729822984828991
1093.163448,0.8714036296489295
1093.28245,0.8714297721499545
1093.401452,0.8720923105094749
1093.520454,0.871150959235312
1093.639456,0.8706284254355868
1093.758458,0.8701323086398077
1093.87746,0.8713513469996458
1093.996462,0.871150959235312
1094.115464,0.8692017649991924
1094.234466,0.869219149208334
1094.353468,0.8698104192388224
1094.47247,0.8709767464653227
1094.591472,0.8701062050621041
1094.710474,0.8663294634385628
1094.829476,0.8662255101402728
1094.948478,0.864330552009586
1095.06748,0.8630522889406085
1095.186482,0.8601314952236208
1095.305484,0.8569720283058894
1095.424486,0.8571605828923606
1095.543488,0.8553111141785974
1095.66249,0.85628672484118
1095.781492,0.8581640476867792
1095.900494,0.8593233515051645
1096.019496,0.861457118193965
1096.138498,0.8615604992508876
1096.2575,0.8619827673427541
1096.376502,0.8648320091382614
1096.495504,0.8642700509885057
1096.614506,0.8628538097401351
1096.733508,0.8634752881885416
1096.85251,0.8647714730164107
1096.971512,0.8670834980292406
1097.090514,0.8689062866332614
1097.209516,0.8692799966784152
1097.328518,0.8713949156562031
1097.44752,0.8700540002559602
1097.566522,0.8693930104237176
1097.685524,0.8681333040664233
1097.804526,0.8652212711197507
1097.923528,0.8635184630323132
1098.04253,0.862068969929546
1098.161532,0.8606907624376697
1098.280534,0.8638293856417165
1098.399536,0.8647801207743796
1098.518538,0.8654895312919761
1098.63754,0.8665807354156356
1098.756542,0.867213570309122
1098.875544,0.8692626112523364
1098.994546,0.8694190926052611
1099.113548,0.8662428348237219
1099.23255,0.8656626465091792
1099.351552,0.8656713031789276
1099.470554,0.8662341724386856
1099.589556,0.8659830009503044
1099.708558,0.8651001486205666
1099.82756,0.8661302305746296
1099.946562,0.8658011636136935
1100.065564,0.8647801207743796
1100.184566,0.8646071820446741
1100.303568,0.8607940515263837
1100.42257,0.8608026595099387
1100.541572,0.8589195644273534
1100.660574,0.8566635739008235
1100.779576,0.8566721405793958
1100.898578,0.8543024422973161
1101.01758,0.852970769462207
1101.136582,0.8545844086251595
1101.255584,0.854541680472941
1101.374586,0.8563209769952121
1101.493588,0.8565693460903189
1101.61259,0.8568520606198605
1101.731592,0.8591772789519274
1101.850594,0.8592460158836842
1101.969596,0.8577951164721697
1102.088598,0.8572720210114575
1102.2076,0.8581554660892103
1102.326602,0.8602777300074131
1102.445604,0.8598133054391282
1102.564606,0.8590741838642821
1102.683608,0.8608198757352906
1102.80261,0.8615432682132136
1102.921612,0.8607768358175107
1103.040614,0.859443665196137
1103.159616,0.8596327636025423
1103.278618,0.8615863464535712
1103.39762,0.8608715264773416
1103.516622,0.8601056916658193
1103.635624,0.860389573381976
1103.754626,0.8609834470504633
1103.873628,0.8621293168695593
1103.99263,0.861551883688973
1104.111632,0.8632594463478488
1104.230634,0.8636220914654587
1104.349636,0.8627502734952652
1104.468638,0.8621724244130824
1104.58764,0.8591772789519274
1104.706642,0.8572634483341107
1104.825644,0.8553538808034631
1104.944646,0.8532864270399587
1105.063648,0.8518541093262921
1105.18265,0.8512665327280955
1105.301652,0.8518370724144754
1105.420654,0.8521182250360032
1105.539656,0.853363226274306
1105.658658,0.8542511856884919
1105.77766,0.855867247126441
1105.896662,0.8605358520427848
1106.015664,0.8630091374049589
1106.134666,0.8630263977603099
1106.253668,0.8652126189503003
1106.37267,0.8659570218499645
1106.491672,0.8659570218499645
1106.610674,0.8645812442182821
1106.729676,0.8626036184148062
1106.848678,0.8625346128855909
1106.96768,0.8623276294175081
1107.086682,0.8618362427272511
1107.205684,0.862508737235341
1107.324686,0.8618190061747626
1107.443688,0.8600110852431847
1107.56269,0.860561668505591
1107.681692,0.8622414009660607
1107.800694,0.8623276294175081
1107.919696,0.8619224306608487
1108.038698,0.8630781808976541
1108.1577,0.8642441232758937
1108.276702,0.8650309433769237
1108.395704,0.8635875472726885
1108.514706,0.8636048191963526
1108.633708,0.8636048191963526
1108.75271,0.8624483637368316
1108.871712,0.862681256234113
1108.990714,0.8638380239787645
1109.109716,0.8641577031846428
1109.228718,0.8658271380382163
1109.34772,0.8649184966634794
1109.466722,0.8639503302216294
1109.585724,0.8630781808976541
1109.704726,0.862940099435522
1109.823728,0.862068969929546
1109.94273,0.8600454863746124
1110.061732,0.8580181721984402
1110.180734,0.8576407272466517
1110.299736,0.8583271143466819
1110.418738,0.8577436503091816
1110.53774,0.8572805937745314
1110.656742,0.8573234588758386
1110.775744,0.8577436503091816
1110.894746,0.8581812111393669
1111.013748,0.8581897929943875
1111.13275,0.8567578120769572
1111.251752,0.8557046477969125
1111.370754,0.8558244548339009
1111.489756,0.8559956368424979
1111.608758,0.856389485413672
1111.72776,0.8560898015415142
1111.846762,0.8555848575317351
1111.965764,0.8568691978324444
1112.084766,0.8561411684705991
1112.203768,0.8558330131212406
1112.32277,0.8573320321532937
1112.441772,0.85861899518249
1112.560774,0.858910975274655
1112.679776,0.8592030546569296
1112.798778,0.8588852083319027
1112.91778,0.8582584509241076
1113.036782,0.8561839765992169
1113.155784,0.8518796653329102
1113.274786,0.8490306432304952
1113.393788,0.8481735551831558
1113.51279,0.8464789032895671
1113.631792,0.8461234567991736
1113.750794,0.848852365515232
1113.869796,0.8496081804082779
1113.988798,0.8508750401732316
1114.1078,0.8519733772501578
1114.226802,0.851053742694776
1114.345804,0.8526637552510743
1114.464806,0.8501265995000746
1114.583808,0.8471733006542747
1114.70281,0.8484789526312642
1114.821812,0.8483601738926015
1114.940814,0.8485383482367703
1115.059816,0.8480293779341882
1115.178818,0.8472410772293539
1115.29782,0.8496506618793263
1115.416822,0.848088742068364
1115.535824,0.8455567439531213
1115.654826,0.8435635828925359
1115.773828,0.8422991860529011
1115.89283,0.8404397602740116
1116.011832,0.8386766886505695
1116.130834,0.8368085234133016
1116.249836,0.8385173552168815
1116.368838,0.838408355045868
1116.48784,0.8386095971991714
1116.606842,0.8370261219159686
1116.725844,0.8362062381251665
1116.844846,0.8364822317201863
1116.963848,0.8362982258705934
1117.08285,0.8343185459226571
1117.201852,0.8339014909221345
1117.320854,0.8345021161947496
1117.439856,0.8358467467389599
1117.558858,0.8346606866605438
1117.67786,0.8344437030910984
1117.796862,0.8341350160315824
1117.915864,0.8338597968899479
1118.034866,0.8324600885154188
1118.153868,0.8296511232417771
1118.27287,0.8304396663075081
1118.391872,0.8275382079893933
1118.510874,0.8244325067046977
1118.629876,0.8229498629723022
1118.748878,0.8218396302330052
1118.86788,0.8219711350939508
1118.986882,0.8213138211465114
1119.105884,0.8215438212149393
1119.224886,0.8232791087622592
1119.343888,0.8229498629723022
1119.46289,0.8226783343222127
1119.581892,0.8218478486703996
1119.700894,0.8222013192360531
1119.819896,0.8200089698026064
1119.938898,0.8170785862070957
1120.0579,0.8152829891983737
1120.176902,0.8140854036452889
1120.295904,0.8131253494123831
1120.414906,0.8099927353982557
1120.533908,0.8070900748713027
1120.65291,0.8072999455727782
1120.771912,0.8073887534511349
1120.890914,0.8057191873285882
1121.009916,0.8029281869347538
1121.128918,0.8007712125431294
1121.24792,0.8004189507128963
1121.366922,0.7986919116530138
1121.485924,0.7948037898574325
1121.604926,0.7925497493467781
1121.723928,0.7933426955031242
1121.84293,0.7917813488244141
1121.961932,0.7911323542425219
1122.080934,0.7891412106045278
1122.199936,0.7902941982481813
1122.318938,0.7906578172053237
1122.43794,0.7874700033436655
1122.556942,0.7859280737217644
1122.675944,0.7851268357873821
1122.794946,0.7822272340661146
1122.913948,0.781672049843649
1123.03295,0.7793928966411953
1123.151952,0.7762349763967515
1123.270954,0.7757926485356219
1123.389956,0.7765765949369335
1123.508958,0.7767862989263311
1123.62796,0.7772058768035824
1123.746962,0.7743510153438368
1123.865964,0.7743742462227585
1123.984966,0.7733063467830602
1124.103968,0.7695571957541458
1124.22297,0.7676050008140691
1124.341972,0.7657343277613103
1124.460974,0.7620447484650398
1124.579976,0.7600584049773949
1124.698978,0.7568425797075962
1124.81798,0.7560256309532468
1124.936982,0.7545905460168466
1125.055984,0.7524355002396506
1125.174986,0.7525483740300092
1125.293988,0.7530527503878213
1125.41299,0.7526838449293498
1125.531992,0.7524881725681773
1125.650994,0.7507819616984458
1125.769996,0.7485105353032995
1125.888998,0.7463280724866386
1126.008,0.7449337430953885
1126.127002,0.7417967464179217
1126.246004,0.7395598995825389
1126.365006,0.7374625291434604
1126.484008,0.7354299388279479
1126.60301,0.7351064208340418
1126.722012,0.733058332331919
1126.841014,0.7312060388903514
1126.960016,0.7307162949268431
1127.079018,0.7299567450145343
1127.19802,0.7292271531262633
1127.317022,0.7272463503827219
1127.436024,0.7238363124024859
1127.555026,0.7225923840302235
1127.674028,0.7206944629204608
1127.79303,0.7180328204826548
1127.912032,0.7162972819057654
1128.031034,0.7144016069873467
1128.150036,0.7131738923605799
1128.269038,0.7102345580883959
1128.38804,0.7081353721243664
1128.507042,0.705082825564677
1128.626044,0.7008229441190426
1128.745046,0.6971393220730281
1128.864048,0.6926988043686751
1128.98305,0.6894507588741626
1129.102052,0.6861493250115874
1129.221054,0.6823790389078399
1129.340056,0.6805391005373513
1129.459058,0.6788873981542024
1129.57806,0.6763869198746687
1129.697062,0.6741248148345698
1129.816064,0.6727577295215168
1129.935066,0.6713195673627013
1130.054068,0.6688402744837447
1130.17307,0.6657839902599664
1130.292072,0.661629200540771
1130.411074,0.6586849049660517
1130.530076,0.6550065784252445
1130.649078,0.6513097131892448
1130.76808,0.6496574857349036
1130.887082,0.6466047937102436
1131.006084,0.6449064573939767
1131.125086,0.6441265924939444
1131.244088,0.6418439970946249
1131.36309,0.6385533830723182
1131.482092,0.6339786501209591
1131.601094,0.6298900491415447
1131.720096,0.6272563313276118
1131.839098,0.6222271873234374
1131.9581,0.6187029551936991
1132.077102,0.6155925371371556
1132.196104,0.6108645684160452
1132.315106,0.6055549310228568
1132.434108,0.6018602520943429
1132.55311,0.5989782452342054
1132.672112,0.5965990495581853
1132.791114,0.5915671955924143
1132.910116,0.5883283903438413
1133.029118,0.5863959705132898
1133.14812,0.5837339295831441
1133.267122,0.579627281565286
1133.386124,0.5746925941580311
1133.505126,0.5695777398315167
1133.624128,0.5660912469952338
1133.74313,0.56112588763314
1133.862132,0.5566213904879813
1133.981134,0.5535296278952487
1134.100136,0.5497124256227373
1134.219138,0.5459324657444992
1134.33814,0.541539104502902
1134.457142,0.5372724271417156
1134.576144,0.5345874238311804
1134.695146,0.5295593676594968
1134.814148,0.5244422301076664
1134.93315,0.5203414751228462
1135.052152,0.5168358291842453
1135.171154,0.5132460085129188
1135.290156,0.5087848720522281
1135.409158,0.5049731598152106
1135.52816,0.5004788194017266
1135.647162,0.4944595159134094
1135.766164,0.4889769146139931
1135.885166,0.482574483581422
1136.004168,0.4771520861610813
1136.12317,0.47135205562781096
1136.242172,0.465967215656412
1136.361174,0.46176000156842834
1136.480176,0.45822726781806006
1136.599178,0.4543715607097633
1136.71818,0.44981450154148306
1136.837182,0.4448580662229411
1136.956184,0.4396615731283504
1137.075186,0.43380940514161986
1137.194188,0.4285705115954968
1137.31319,0.4220886145099097
1137.432192,0.41724988168468713
1137.551194,0.41185661996325423
1137.670196,0.40711482826598816
1137.789198,0.4027094277702851
1137.9082,0.3990175013586375
1138.027202,0.3952250221325554
1138.146204,0.39124160274135655
1138.265206,0.38752690513213833
1138.384208,0.3845428703087723
1138.50321,0.38110894494206854
1138.622212,0.3761941170737393
1138.741214,0.3711496234382974
1138.860216,0.36692419697996637
1138.979218,0.3615337068854158
1139.09822,0.35593754461343535
1139.217222,0.3506733905374382
1139.336224,0.3451417764963077
1139.455226,0.340513672504667
1139.574228,0.33474039094195124
1139.69323,0.32965784359514805
1139.812232,0.3257255901794283
1139.931234,0.3210687513900244
1140.050236,0.3167634494211242
1140.169238,0.3134861808826053
1140.28824,0.3094991293336166
1140.407242,0.30580733484994277
1140.526244,0.3010737583197618
1140.645246,0.29665067822499114
1140.764248,0.2930535271885214
1140.88325,0.2888926826918924
1141.002252,0.2834838851313853
1141.121254,0.27968256929630725
1141.240256,0.27560130630372565
1141.359258,0.27201447423573305
1141.47826,0.26775042027526297
1141.597262,0.26355320892024214
1141.716264,0.25983719946186495
1141.835266,0.2564811772769089
1141.954268,0.25263740501520204
1142.07327,0.24880147243189463
1142.192272,0.24480336072167141
1142.311274,0.2402680749592907
1142.430276,0.23576965234228878
1142.549278,0.23147115815983416
1142.66828,0.22677430663221806
1142.787282,0.22272888711423713
1142.906284,0.21882127023923378
1143.025286,0.2158438606615845
1143.144288,0.21307735717094542
1143.26329,0.20994703381626711
1143.382292,0.20692476621847655
1143.501294,0.20382367441479987
1143.620296,0.2011709972507759
1143.739298,0.19809669676503922
1143.8583,0.1942323803300579
1143.977302,0.1913406369206631
1144.096304,0.18858621550020138
1144.215306,0.18596440398657543
1144.334308,0.18144549017491415
1144.45331,0.17719578992175117
1144.572312,0.1740173973492408
1144.691314,0.1710669976653797
1144.810316,0.16796494198768974
1144.929318,0.16541463795102052
1145.04832,0.16344152465270095
1145.167322,0.16252881010061776
1145.286324,0.16105650706760616
1145.405326,0.15962946391638894
1145.524328,0.15791474187219648
1145.64333,0.15612473623271753
1145.762332,0.1535544579429456
1145.881334,0.15208738834782706
1146.000336,0.1497032915734029
1146.119338,0.14750399777650977
1146.23834,0.14523531353461575
1146.357342,0.14307304141494429
1146.476344,0.14071763290586387
1146.595346,0.13853947166315636
1146.714348,0.13586412140536233
1146.83335,0.1338146025631194
1146.952352,0.13141434610630479
1147.071354,0.12927672721601174
1147.190356,0.12730111686110956
1147.309358,0.12563178395437083
1147.42836,0.12350174419220851
1147.547362,0.12168737780752398
1147.666364,0.1192062610670536
1147.785366,0.11713829894281459
1147.904368,0.11464670611592571
1148.02337,0.11219689052034373
1148.142372,0.10955813032933356
1148.261374,0.10742095545195732
1148.380376,0.1052517688905321
1148.499378,0.10364330858240207
1148.61838,0.10151994473009104
1148.737382,0.09974882527233066
1148.856384,0.09785191642472073
1148.975386,0.09661705505335619
1149.094388,0.0949694517138721
1149.21339,0.09343399759806298
1149.332392,0.09147404574480872
1149.451394,0.08980631349185193
1149.570396,0.08776434098156877
1149.689398,0.08607812197599739
1149.8084,0.08360934356543137
1149.927402,0.0817327909190746
1150.046404,0.07956348679311463
1150.165406,0.07787891735700261
1150.284408,0.07604728204262312
1150.40341,0.07454889948398016
1150.522412,0.07254124371820202
1150.641414,0.0712044473310615
1150.760416,0.06922452995866166
1150.879418,0.06754913635012509
1150.99842,0.06573656259431669
1151.117422,0.06422260676330412
1151.236424,0.06256808219456109
1151.355426,0.0611393251721633
1151.474428,0.05922568280524688
1151.59343,0.057960125282394234
1151.712432,0.05612914963851476
1151.831434,0.054710479858393675
1151.950436,0.05307230764746399
1152.069438,0.05194862653480329
1152.18844,0.05070148899898413
1152.307442,0.04934099509327934
1152.426444,0.047777522054153455
1152.545446,0.04663052077429779
1152.664448,0.04513036398138163
1152.78345,0.043814082281403544
1152.902452,0.04220147947100868
1153.021454,0.04105264547382621
1153.140456,0.04005106556315898
1153.259458,0.03909737303709215
1153.37846,0.03768474154534971
1153.497462,0.03637767560661512
1153.616464,0.034544739429477174
1153.735466,0.03287969450657112
1153.854468,0.031120142519717314
1153.97347,0.029726986778541124
1154.092472,0.028390519782995338
1154.211474,0.027266402836809207
1154.330476,0.026100521082657674
1154.449478,0.02513484873394321
1154.56848,0.023899446005488465
1154.687482,0.022683896761502717
1154.806484,0.021137638763015824
1154.925486,0.01976386517042489
1155.044488,0.018492315713951133
1155.16349,0.017645049791700024
1155.282492,0.01684333920064938
1155.401494,0.0163979328143857
1155.520496,0.015802296522280643
1155.639498,0.015539035524953407
1155.7585,0.014980588738947006
1155.877502,0.01448415479247564
1155.996504,0.013699444423493853
1156.115506,0.012809092611110164
1156.234508,0.011827830588673515
1156.35351,0.01088140401917488
1156.472512,0.0099101083232368
1156.591514,0.009129904905841356
1156.710516,0.008394319935606761
1156.829518,0.007899940904343403
1156.94852,0.007383555362063017
1157.067522,0.007031185169202785
1157.186524,0.006700990015457825
1157.305526,0.00645629277341984
1157.424528,0.006150634695305636
1157.54353,0.005851834951491104
1157.662532,0.00549564125515407
1157.781534,0.005129741556081505
1157.900536,0.0046844816956941255
1158.019538,0.004277870243049071
1158.13854,0.003912416755076424
1158.257542,0.00368494381648929
1158.376544,0.003520331914237647
1158.495546,0.0034371934436338925
1158.614548,0.003375539890147368
1158.73355,0.0033566896965663852
1158.852552,0.003290551826007213
1158.971554,0.003194898372349019
1159.090556,0.0029845687945790635
1159.209558,0.0027741801968187312
1159.32856,0.0025590990910161577
1159.447562,0.002411997588283887
1159.566564,0.0022442138439144384
1159.685566,0.002086223052058238
1159.804568,0.0019451814806844257
1159.92357,0.001863684195662997
1160.042572,0.0018282427853982424
1160.161574,0.0019043776817890402
1160.280576,0.0020162821161440205
1160.399578,0.002206164040179509
1160.51858,0.0024328302194588894
1160.637582,0.002706767934371204
1160.756584,0.002969980178783701
1160.875586,0.003140730069114205
1160.994588,0.00316247604392711
1161.11359,0.003186921102160709
1161.232592,0.00321508976820878
1161.351594,0.0032620481956992142
1161.470596,0.0032843057132239824
1161.589598,0.0032813511678269425
1161.7086,0.0032659650031485053
1161.827602,0.0033030797108520283
1161.946604,0.0033446273389298336
1162.065606,0.0034111697886117644
1162.184608,0.003504175575500251
1162.30361,0.0036391687092320246
1162.422612,0.0038002060121333676
1162.541614,0.004004245923338691
1162.660616,0.00418352954493776
1162.779618,0.004347736126683713
1162.89862,0.004454680222931715
1163.017622,0.004564254892744682
1163.136624,0.004686355863180911
1163.255626,0.004765751699324676
1163.374628,0.004781504658018486
1163.49363,0.004792035547997646
1163.612632,0.004778158775953219
1163.731634,0.0047505256685289885
1163.850636,0.004660185615432342
1163.969638,0.00457384989925011
1164.08864,0.004459137131237391
1164.207642,0.004345562801996821
1164.326644,0.0041940014532313545
1164.445646,0.004017883530272271
1164.564648,0.0038568673205411864
1164.68365,0.0036926903294957326
1164.802652,0.0035101377403828652
1164.921654,0.0033379447690493782
1165.040656,0.0031533181487658647
1165.159658,0.002976818994818566
1165.27866,0.002813573205664728
1165.397662,0.002655824835585615
1165.516664,0.002494667063913436
1165.635666,0.002351739527944463
1165.754668,0.0022037385939752893
1165.87367,0.0020689790622784978
1165.992672,0.001946738248493069
1166.111674,0.0018218551205835144
1166.230676,0.0017039605538364028
1166.349678,0.001595927830439182
1166.46868,0.001503739910886957
1166.587682,0.0014136221045777653
1166.706684,0.0013301015317507244
1166.825686,0.0012436558137464489
1166.944688,0.0011796942314185124
1167.06369,0.0011150009745885376
1167.182692,0.0010508036779670927
1167.301694,0.0009874348875708765
1167.420696,0.0009392771198359723
1167.539698,0.0008908807302531464
1167.6587,0.000842699608301305
1167.777702,0.0007959294553335915
1167.896704,0.0007580964027497527
1168.015706,0.0007210514961487165
1168.134708,0.0006896681624772466
1168.25371,0.0006486612074373058
1168.372712,0.0006234761782934306
1168.491714,0.0005967573357408663
1168.610716,0.0005753684153465627
1168.729718,0.0005522553655015349
1168.84872,0.0005309726737027165
1168.967722,0.0005134797318338811
1169.086724,0.0005016539593347288
1169.205726,0.00047977179221586505
1169.324728,0.0004711660397792393
1169.44373,0.0004559624948355989
1169.562732,0.0004482766472279969
1169.681734,0.0004348975812497864
1169.800736,0.00042632866290007523
1169.919738,0.0004146814180045669
1170.03874,0.00041092493502112716
1170.157742,0.00039834185069399113
1170.276744,0.00039587977155188415
1170.395746,0.00038994689296399795
1170.514748,0.00039154895721263573
1170.63375,0.0003893624110955436
1170.752752,0.00039162727483557934
1170.871754,0.00039154895721263573
1170.990756,0.00039343291007694245
1171.109758,0.0003917447806430199
1171.22876,0.0003957610254332269
1171.347762,0.00039378715908415334
1171.466764,0.00039854107142036916
1171.585766,0.00039762548028952584
1171.704768,0.0004062263668175776
1171.82377,0.0004112538065001962
1171.942772,0.00042314315850185575
1172.061774,0.00043164805036339897
1172.180776,0.0004466657526479857
1172.299778,0.0004559624948355989
1172.41878,0.00047371721837690024
1172.537782,0.000488095243523415
1172.656784,0.0005096940062783778
1172.775786,0.0005229629174240666
1172.894788,0.0005440877603210993
1173.01379,0.0005606576994914914
1173.132792,0.0005940779608449922
1173.251794,0.0006084474555778324
1173.370796,0.0006356261385080161
1173.489798,0.0006526301337208669
1173.6088,0.0006849943280193861
1173.727802,0.0007098903758933887
1173.846804,0.0007453176907078627
1173.965806,0.0007718656898140845
1174.084808,0.0008222221039112215
1174.20381,0.0008621338680468358
1174.322812,0.0009158115004516728
1174.441814,0.0009566241321828999
1174.560816,0.0010297903923735475
1174.679818,0.001083130304611616
1174.79882,0.0011659722390992536
1174.917822,0.0012271019841999366
1175.036824,0.0013118722022844214
1175.155826,0.0013842455735371397
1175.274828,0.0014766193898627833
1175.39383,0.001551551315277263
1175.512832,0.0016498019971462122
1175.631834,0.001723152184555302
1175.750836,0.00183703944586369
1175.869838,0.0019100993931101063
1175.98884,0.0020022174251801608
1176.107842,0.0020704278546402606
1176.226844,0.0021659418012355226
1176.345846,0.002241074142836532
1176.464848,0.0023730007155272643
1176.58385,0.002491675258878778
1176.702852,0.002687617944945475
1176.821854,0.0028839338405282746
1176.940856,0.0031263158888279337
1177.059858,0.003359376122750836
1177.17886,0.003639532644299397
1177.297862,0.0038626569626680355
1177.416864,0.004149364869275339
1177.535866,0.0043734635912204885
1177.654868,0.004642046286215719
1177.77387,0.004869811738631738
1177.892872,0.005148241906333481
1178.011874,0.005341760493029787
1178.130876,0.005554760339641972
1178.249878,0.0056703751466547865
1178.36888,0.005838975065659058
1178.487882,0.005917743904115689
1178.606884,0.006055429326691106
1178.725886,0.006099795701018746
1178.844888,0.006285562136304939
1178.96389,0.006327816797666213
1179.082892,0.006413180200234924
1179.201894,0.00643502212314362
1179.320896,0.006563705320785925
1179.439898,0.006611134539388506
1179.5589,0.006658906480686168
1179.677902,0.006578819217342063
1179.796904,0.006591330856147961
1179.915906,0.006493198724265435
1180.034908,0.006440816250020444
1180.15391,0.0062843051495805385
1180.272912,0.006205619664259562
1180.391914,0.006057851982920725
1180.510916,0.005883520333765856
1180.629918,0.005550873368003014
1180.74892,0.005259075647971831
1180.867922,0.0050136053096749835
1180.986924,0.004967194923094984
1181.105926,0.004605058066076846
1181.224928,0.003840702447790047
1181.34393,0.0029392524460931406
1181.462932,0.0022092548328858258
1181.581934,0.0017083966156577627
1181.700936,0.001464267736559446
1181.819938,0.0013565643347118151
1181.93894,0.0015115797242726665
1182.057942,0.001993626374248761
1182.176944,0.0028885518280779886
1182.295946,0.0038983573768231286
1182.414948,0.004266762227095397
1182.53395,0.00411836104243672
1182.652952,0.003948182233663924
1182.771954,0.0035168133419027935
1182.890956,0.003010346772640031
1183.009958,0.0027625530740417897
1183.12896,0.003216054439832749
1183.247962,0.0043734635912204885
1183.366964,0.006030652892848693
1183.485966,0.008108032840647955
1183.604968,0.011351561130223741
1183.72397,0.01609735992904919
1183.842972,0.021866488928566803
1183.961974,0.027523915436545667
1184.080976,0.03262096823433535
1184.199978,0.03702729261559417
1184.31898,0.041748155846590695
1184.437982,0.04649548815598423
1184.556984,0.05056477961940023
1184.675986,0.05334900243018059
1184.794988,0.05612353700418732
1184.91399,0.0585426342257016
1185.032992,0.060998866313873294
1185.151994,0.06290057335345732
1185.270996,0.0644735639781618
1185.389998,0.065088981440455
1185.509,0.06554620271802433
1185.628002,0.0655134378085753
1185.747004,0.06557242644350698
1185.866006,0.06500442074094608
1185.985008,0.06429329049967147
1186.10401,0.06342482072928737
1186.223012,0.06244307108295395
1186.342014,0.06120661543271088
1186.461016,0.05958210509969548
1186.580018,0.05671026749921701
1186.69902,0.05373450137853794
1186.818022,0.05118033002252433
1186.937024,0.04954370845157874
1187.056026,0.04828665743826789
1187.175028,0.04752021877915018
1187.29403,0.047658227429431585
1187.413032,0.04905564563509624
1187.532034,0.05075221584717997
1187.651036,0.05240255129523716
1187.770038,0.053578897059854955
1187.88904,0.054803566775614154
1188.008042,0.05554843145104622
1188.127044,0.05603941480610251
1188.246046,0.05629778992137441
1188.365048,0.056354115869576046
1188.48405,0.05644999934441601
1188.603052,0.0565403916379182
1188.722054,0.05660262028820283
1188.841056,0.05721724156811975
1188.960058,0.057671047951553533
1189.07906,0.058554343923477484
1189.198062,0.05917832120616827
1189.317064,0.059767096213584024
1189.436066,0.06041607905191679
1189.555068,0.06121273640029742
1189.67407,0.06216892513356627
1189.793072,0.0631905825005389
1189.912074,0.0642997201501986
1190.031076,0.06581549381869277
1190.150078,0.06713162732016693
1190.26908,0.06852888114616684
1190.388082,0.06982941078561826
1190.507084,0.07142552360897332
1190.626086,0.07309465747898901
1190.745088,0.07448183565769322
1190.86409,0.07591052005765862
1190.983092,0.07777774054361626
1191.102094,0.07974669341959566
1191.221096,0.08161844507255694
1191.340098,0.08342560519590168
1191.4591,0.08563167750333887
1191.578102,0.08827485321359962
1191.697104,0.09100871571169707
1191.816106,0.09356489680276334
1191.935108,0.09636617699302388
1192.05411,0.09920171267216228
1192.173112,0.10215132363952105
1192.292114,0.1050204695215695
1192.411116,0.10788386009211837
1192.530118,0.11120276859928582
1192.64912,0.11453211671405986
1192.768122,0.11844577714057256
1192.887124,0.12249317069254818
1193.006126,0.12607226559141768
1193.125128,0.12976891334080587
1193.24413,0.1337075936903251
1193.363132,0.13779337479074535
1193.482134,0.1422882997050663
1193.601136,0.1465923021671475
1193.720138,0.15096609557414378
1193.83914,0.15610912453969192
1193.958142,0.16160503115417174
1194.077144,0.16674326246670154
1194.196146,0.17182135081501385
1194.315148,0.17678870792867846
1194.43415,0.18237322589001345
1194.553152,0.18749558134675456
1194.672154,0.19283892963388952
1194.791156,0.1983345554878479
1194.910158,0.20490680765685657
1195.02916,0.21133726696229369
1195.148162,0.21764282005906097
1195.267164,0.22404687177972268
1195.386166,0.23147115815983416
1195.505168,0.23840127396316457
1195.62417,0.24529345737640393
1195.743172,0.2518554417289707
1195.862174,0.2590329513721408
1195.981176,0.266015686535831
1196.100178,0.2738978643314456
1196.21918,0.2804948259501581
1196.338182,0.2874518244258848
1196.457184,0.2949055922891749
1196.576186,0.3025828968135578
1196.695188,0.31008773667925615
1196.81419,0.3177151666314152
1196.933192,0.32494478610267563
1197.052194,0.3341718157032347
1197.171196,0.34208364356324183
1197.290198,0.3499727446358135
1197.4092,0.35768591860010496
1197.528202,0.36611785105235695
1197.647204,0.3751947704425906
1197.766206,0.383337299432815
1197.885208,0.3912689906121128
1198.00421,0.4001803333876119
1198.123212,0.4079380313743084
1198.242214,0.4161206652846335
1198.361216,0.42306899689941035
1198.480218,0.4316889384425374
1198.59922,0.440281933197532
1198.718222,0.44782175233157223
1198.837224,0.45580052971764595
1198.956226,0.4632400003084994
1199.075228,0.47091861115166467
1199.19423,0.4784277845305943
1199.313232,0.48402438079055726
1199.432234,0.49128542816354454
1199.551236,0.49826161927028984
1199.670238,0.505751417586
1199.78924,0.5130407511637203
1199.908242,0.520773537828417
1200.027244,0.5286123042659974
1200.146246,0.5359416423775831
1200.265248,0.5422815215156044
1200.38425,0.5487951719919064
1200.503252,0.5555203705043023
1200.622254,0.5615300437509787
1200.741256,0.566261099845986
1200.860258,0.5734067234599642
1200.97926,0.578359286779734
1201.098262,0.5854409236559972
1201.217264,0.5915849428744899
1201.336266,0.5974288988487155
1201.455268,0.6036625072769081
1201.57427,0.6075687144245727
1201.693272,0.6111823005948285
1201.812274,0.616017442563294
1201.931276,0.6191485817277398
1202.050278,0.6236100661067967
1202.16928,0.6284052613642873
1202.288282,0.6330980319686936
1202.407284,0.6393009277588784
1202.526286,0.6453451429211797
1202.645288,0.6497159575398115
1202.76429,0.6540705884104574
1202.883292,0.6582898125626458
1203.002294,0.6620858822262068
1203.121296,0.6660769996730245
1203.240298,0.6693220128863868
1203.3593,0.6717963735016783
1203.478302,0.6753258255874385
1203.597304,0.6783852073130962
1203.716306,0.6808930728944673
1203.835308,0.684600378505896
1203.95431,0.6876467621535625
1204.073312,0.6912041897161696
1204.192314,0.6950301868806097
1204.311316,0.697076582357371
1204.430318,0.6990521031288552
1204.54932,0.7012295393278439
1204.668322,0.7047585620512432
1204.787324,0.7050898764281869
1204.906326,0.7070881069410189
1205.025328,0.7104263473094594
1205.14433,0.714430183623155
1205.263332,0.7196789997974815
1205.382334,0.7224551045192243
1205.501336,0.7253216988438187
1205.620338,0.7296356346961786
1205.73934,0.733498299308212
1205.858342,0.7363571645804233
1205.977344,0.7375362790838103
1206.096346,0.7405811967769471
1206.215348,0.7426651565320835
1206.33435,0.7444571380296966
1206.453352,0.7458431168671731
1206.572354,0.7470075401434964
1206.691356,0.7503016149703077
1206.810358,0.7527214800624668
1206.92936,0.753768490423377
1207.048362,0.7570923789735117
1207.167364,0.7601420160004643
1207.286366,0.761168900713288
1207.405368,0.7621971726566439
1207.52437,0.762738524806502
1207.643372,0.7625097375688616
1207.762374,0.7624792377893586
1207.881376,0.7627003888336689
1208.000378,0.7653132896771284
1208.11938,0.7673210394998506
1208.238382,0.7671675906373484
1208.357384,0.7693725241886391
1208.476386,0.7730821204568818
1208.595388,0.7730898513167407
1208.71439,0.7724021074404905
1208.833392,0.773004816110118
1208.952394,0.7750559954851145
1209.071396,0.7759400631427879
1209.190398,0.7754126032565368
1209.3094,0.7758469559217557
1209.428402,0.7783647767260559
1209.547404,0.7808517249372564
1209.666406,0.7806175045545893
1209.785408,0.7803287295045828
1209.90441,0.7807033772029993
1210.023412,0.7810625833675966
1210.142414,0.7822898147480338
1210.261416,0.7819222249254772
1210.380418,0.7810235312147402
1210.49942,0.7827593294772159
1210.618422,0.7850012255427437
1210.737424,0.7876590188254184
1210.856426,0.7874778780830726
1210.975428,0.7875802568616997
1211.09443,0.7874857529012274
1211.213432,0.7878323228723063
1211.332434,0.7876590188254184
1211.451436,0.7856373341246297
1211.570438,0.7865649333548101
1211.68944,0.7899939435048612
1211.808442,0.7926448610232861
1211.927444,0.7945097668527954
1212.046446,0.7966419088220419
1212.165448,0.7982687170963014
1212.28445,0.7991153305622893
1212.403452,0.7994110579407886
1212.522454,0.7986759379745181
1212.641456,0.7980532136369617
1212.760458,0.7983245978623023
1212.87946,0.8003469162489316
1212.998462,0.8046643862387469
1213.117464,0.8048172869972443
1213.236466,0.8051714845212641
1213.355468,0.808641176396021
1213.47447,0.8120933356860569
1213.593472,0.8140284196614964
1213.712474,0.813458799158169
1213.831476,0.8127757806748006
1213.950478,0.8153971368070076
1214.06948,0.8144844032399925
1214.188482,0.8125726121267586
1214.307484,0.8113546668958563
1214.426486,0.8093207203526982
1214.545488,0.808277369729282
1214.66449,0.8087705693354035
1214.783492,0.8080914873115418
1214.902494,0.8114033496363378
1215.021496,0.8132229303090494
1215.140498,0.8128164204798211
1215.2595,0.8157967793084598
1215.378502,0.8174300055489084
1215.497504,0.8169151868303366
1215.616506,0.8172420182669984
1215.735508,0.8135889629788623
1215.85451,0.8152666837016453
1215.973512,0.8156988895684446
1216.092514,0.8134018590351555
1216.211516,0.8127920363529704
1216.330518,0.8117929167327866
1216.44952,0.8148184103120918
1216.568522,0.8167273179431158
1216.687524,0.8142808075896991
1216.806526,0.81529114206903
1216.925528,0.8169642032120232
1217.04453,0.8190828830043139
1217.163532,0.818305123759595
1217.282534,0.8159844341471799
1217.401536,0.8174054830165818
1217.520538,0.8180596690425155
1217.63954,0.8186161387957379
1217.758542,0.818681630706483
1217.877544,0.8200335704407081
1217.996546,0.8216588454014145
1218.115548,0.8214698855981827
1218.23455,0.8222095412903557
1218.353552,0.8216834955365269
1218.472554,0.82268656114669
1218.591556,0.8231144694049912
1218.710558,0.8224562411558725
1218.82956,0.8222999893144478
1218.948562,0.8217410153943859
1219.067564,0.8239215169737261
1219.186566,0.8252656041798742
1219.305568,0.8244325067046977
1219.42457,0.8254306738071227
1219.543572,0.8270004829337756
1219.662574,0.8283910114620158
1219.781576,0.8287638713043463
1219.900578,0.8289710881732016
1220.01958,0.8285567062332331
1220.138582,0.8303732337915396
1220.257584,0.8299996498990134
1220.376586,0.8267937586546538
1220.495588,0.8263391471170266
1220.61459,0.8232461782565231
1220.733592,0.8214370274599259
1220.852594,0.820263211988748
1220.971596,0.8180923920837337
1221.090598,0.8181332977259704
1221.2096,0.8195171119928235
1221.328602,0.8208868489818991
1221.447604,0.8211742096642287
1221.566606,0.8236084862768753
1221.685608,0.8237649867563427
1221.80461,0.8238803219277622
1221.923612,0.8261078045453053
1222.042614,0.826281305401212
1222.161616,0.8274720075808057
1222.280618,0.828482139485226
1222.39962,0.8274968321133993
1222.518622,0.8283330261207241
1222.637624,0.8281756577962254
1222.756626,0.828018319368868
1222.875628,0.8281176875291627
1222.99463,0.8269012488299889
1223.113632,0.8261821575935513
1223.232634,0.826752420000196
1223.351636,0.8281756577962254
1223.470638,0.8266532156621753
1223.58964,0.8267937586546538
1223.708642,0.8260995435085651
1223.827644,0.8264548426961245
1223.946646,0.8278030625904259
1224.065648,0.8252903625193728
1224.18465,0.8249603123887919
1224.303652,0.8260417185644161
1224.422654,0.8258352339464277
1224.541656,0.8279189631320372
1224.660658,0.8265705544737374
1224.77966,0.8263722013439914
1224.898662,0.8277037321828588
1225.017664,0.8271410849667086
1225.136666,0.8253894033052035
1225.255668,0.8247458505888129
1225.37467,0.8240533549631998
1225.493672,0.8248530745187939
1225.612674,0.8253894033052035
1225.731676,0.8253894033052035
1225.850678,0.8256783401573599
1225.96968,0.8265126965599748
1226.088682,0.8262317300101646
1226.207684,0.8273396226506696
1226.326686,0.826281305401212
1226.445688,0.8254554370987844
1226.56469,0.8255957764515982
1226.683692,0.8259508589727432
1226.802694,0.8251665782490473
1226.921696,0.8246056557111151
1227.040698,0.8251253209515759
1227.1597,0.8281094063936931
1227.278702,0.8297340925024952
1227.397704,0.8299830500720142
1227.516706,0.8307386784063272
1227.635708,0.8321604568204943
1227.75471,0.8314783649417917
1227.873712,0.8326099448180142
1227.992714,0.8316862605188915
1228.111716,0.831312085897262
1228.230718,0.8311624631882483
1228.34972,0.8315781483324683
1228.468722,0.833526319671082
1228.587724,0.8336513579966727
1228.706726,0.8317611156507686
1228.825728,0.831877570358599
1228.94473,0.8316945774230811
1229.063732,0.831877570358599
1229.182734,0.8298087719313444
1229.301736,0.8292529862631403
1229.420738,0.8284158635651393
1229.53974,0.828705859863779
1229.658742,0.8283164596258672
1229.777744,0.8293856773559467
1229.896746,0.8296594197944923
1230.015748,0.8308134482519764
1230.13475,0.8312788340788669
1230.253752,0.831046108588414
1230.372754,0.8325100376191878
1230.491756,0.8343936379708816
1230.610758,0.8321604568204943
1230.72976,0.8327098640064238
1230.848762,0.8321854220086748
1230.967764,0.8324434394801393
1231.086766,0.8311125949365196
1231.205768,0.8299332525829496
1231.32477,0.8306140769499092
1231.443772,0.833843119860781
1231.562774,0.8347107678041628
1231.681776,0.8361560672560201
1231.800778,0.8366997453759835
1231.91978,0.8364153158183204
1232.038782,0.8357380937244827
1232.157784,0.8352785641551498
1232.276786,0.8349946177169669
1232.395788,0.8337263899952817
1232.51479,0.8302985035634091
1232.633792,0.8297755802443053
1232.752794,0.8294354419895121
1232.871796,0.8279106839838017
1232.990798,0.8274968321133993
1233.1098,0.8292944499490369
1233.228802,0.8307137566198037
1233.347804,0.8330346841892048
1233.466806,0.8343185459226571
1233.585808,0.8343519193319577
1233.70481,0.8343268891498323
1233.823812,0.8319940413712299
1233.942814,0.8298170700605543
1234.061816,0.8304811893288904
1234.180818,0.831877570358599
1234.29982,0.8320606035569915
1234.418822,0.8334013000998336
1234.537824,0.8339515265126426
1234.656826,0.8347858951539451
1234.775828,0.8352785641551498
1234.89483,0.8347107678041628
1235.013832,0.8346940737557477
1235.132834,0.8341600404574278
1235.251836,0.8364404086541857
1235.370838,0.8395325753009795
1235.48984,0.8395493661203932
1235.608842,0.8398180649070647
1235.727844,0.8401204538371728
1235.846846,0.8403809315498219
1235.965848,0.840733965673049
1236.08485,0.8381233446596636
1236.203852,0.8379641163513466
1236.322854,0.8391464791252696
1236.441856,0.8387689481605012
1236.560858,0.8379138400126708
1236.67986,0.8383245184022654
1236.798862,0.8379305984570549
1236.917864,0.8376541269798667
1237.036866,0.8361644288585005
1237.155868,0.8363651324048887
1237.27487,0.8376038692399952
1237.393872,0.8393311116595112
1237.512874,0.840557430077144
1237.631876,0.8418444672775516
1237.750878,0.843133475152057
1237.86988,0.8420212731796498
1237.988882,0.8409778138793752
1238.107884,0.8412722076301341
1238.226886,0.8404817833125926
1238.345888,0.8407087440324054
1238.46489,0.8418444672775516
1238.583892,0.8428468584980976
1238.702894,0.8455990228472825
1238.821896,0.8482414117817983
1238.940898,0.8498376055879937
1239.0599,0.8493193627287269
1239.178902,0.8491664990015839
1239.297904,0.8475885172913635
1239.416906,0.8484874374632146
1239.535908,0.8477665295706299
1239.65491,0.8458611991795971
1239.773912,0.8467498198829629
1239.892914,0.847300386180549
1240.011916,0.8481650734900126
1240.130918,0.8495996843689542
1240.24992,0.8495911884145902
1240.368922,0.8512750454359863
1240.487924,0.8516071074515905
1240.606926,0.8543537019816292
1240.725928,0.855901482501029
1240.84493,0.856766379697916
1240.963932,0.8574520670400412
1241.082934,0.8569377501103256
1241.201936,0.8590484120253458
1241.320938,0.8597445231260222
1241.43994,0.8570491592592777
1241.558942,0.8573577525000615
1241.677944,0.8556447505679942
1241.796946,0.8550802113510536
1241.915948,0.8558244548339009
1242.03495,0.8542084741970037
1242.153952,0.8548750167246695
1242.272954,0.8558415714941636
1242.391956,0.8565607804396863
1242.510958,0.8593147583146155
1242.62996,0.8603723657625851
1242.748962,0.8601314952236208
1242.867964,0.858910975274655
1242.986966,0.8593061652099979
1243.105968,0.8591085475189053
1243.22497,0.85861899518249
1243.343972,0.8585331375759236
1243.462974,0.8576664568544113
1243.581976,0.857657880232726
1243.700978,0.8592632009758522
1243.81998,0.8594952333630784
1243.938982,0.8598391002252112
1244.057984,0.8600798888821131
1244.176986,0.8597531206142408
1244.295988,0.8602003084957328
1244.41499,0.8630436584608715
1244.533992,0.8639071337850383
1244.652994,0.8641836283046131
1244.771996,0.8633198766241281
1244.890998,0.8638725781908033
1245.01,0.8653251039021274
1245.129002,0.8659830009503044
1245.248004,0.8640367295745472
1245.367006,0.8646504134845533
1245.486008,0.866442093589611
1245.60501,0.8670748272376143
1245.724012,0.8671355245999038
1245.843014,0.8675778765075982
1245.962016,0.8688280885864292
1246.081018,0.8681940755246842
1246.20002,0.8681246227767891
1246.319022,0.869784325317656
1246.438024,0.870384683601914
1246.557026,0.870027899027473
1246.676028,0.8683937831275488
1246.79503,0.8678902607689343
1246.914032,0.8684719420851307
1247.033034,0.8684632574091332
1247.152036,0.8677340545809745
1247.271038,0.8665720696516104
1247.39004,0.8656626465091792
1247.509042,0.8656626465091792
1247.628044,0.8649617436694788
1247.747046,0.8646763533860544
1247.866048,0.863501192835755
1247.98505,0.8651001486205666
1248.104052,0.867803476082164
1248.223054,0.8681680300931018
1248.342056,0.8697582321792955
1248.461058,0.8719789458779694
1248.58006,0.872702988839311
1248.699062,0.8727553525895382
1248.818064,0.8728251758106369
1248.937066,0.8756051777300594
1249.056068,0.8780954309205613
1249.17507,0.8775073040263549
1249.294072,0.876621469071244
1249.413074,0.8775160791432707
1249.532076,0.8787103129057928
1249.651078,0.8787191000528576
1249.77008,0.8781920267306348
1249.889082,0.8763585220745442
1250.008084,0.8777442629864621
1250.127086,0.8780690884527727
1250.246088,0.8795015081718721
1250.36509,0.8786048739947053
1250.484092,0.8770598894017285
1250.603094,0.8773669140892052
1250.722096,0.8796598326921224
1250.841098,0.8807160580998505
1250.9601,0.8811124695118737
1251.079102,0.8810067423592883
1251.198104,0.8830442203151619
1251.317106,0.8851218144498848
1251.436108,0.8868228808347906
1251.55511,0.883883510924379
1251.674112,0.8812534587858368
1251.793114,0.8808217503682318
1251.912116,0.8790354958767078
1252.031118,0.8782886331668317
1252.15012,0.8777530404729794
1252.269122,0.8763234684347387
1252.388124,0.8783588990680836
1252.507126,0.8807160580998505
1252.626128,0.8822939516372545
1252.74513,0.8831236978714266
1252.864132,0.8809450740457394
1252.983134,0.8781217741786358
1253.102136,0.8790794487503144
1253.221138,0.8782008086948118
1253.34014,0.8762358404693665
1253.459142,0.8737071745726032
1253.578144,0.8716650899549091
1253.697146,0.8739955455188013
1253.816148,0.8745113550395033
1253.93515,0.8733490280560814
1254.054152,0.8736460172109157
1254.173154,0.8733577615900295
1254.292156,0.8747999914090479
1254.411158,0.8751762362922063
1254.53016,0.8739431073592308
1254.649162,0.8742402985353699
1254.768164,0.8720399865405791
1254.887166,0.8710290066379002
1255.006168,0.8706806647082755
1255.12517,0.8702193262214782
1255.244172,0.8683156312039567
1255.363174,0.865905065987345
1255.482176,0.8650741960053991
1255.601178,0.8646763533860544
1255.72018,0.8636998209514649
1255.839182,0.862206911999806
1255.958184,0.8584472885546887
1256.077186,0.8572805937745314
1256.196188,0.8542682708830571
1256.31519,0.8495657010612501
1256.434192,0.846868373156282
1256.553194,0.844601804474873
1256.672196,0.842063375295853
1256.791198,0.8392387903149958
1256.9102,0.8377797845229938
1257.029202,0.8392639678563665
1257.148204,0.837536863610717
1257.267206,0.8345354969470079
1257.386208,0.8320772449354759
1257.50521,0.8326682295540934
1257.624212,0.832943055413619
1257.743214,0.8295847538067306
1257.862216,0.8283164596258672
1257.981218,0.8289047731387845
1258.10022,0.8265953519623321
1258.219222,0.8241687305089944
1258.338224,0.8222588753428399
1258.457226,0.820837597248527
1258.576228,0.8183624071231524
1258.69523,0.8169968824337317
1258.814232,0.8159028397835514
1258.933234,0.8148102621687294
1259.052236,0.8118578627639319
1259.171238,0.8080510837472737
1259.29024,0.8055338932251414
1259.409242,0.8034100884028981
1259.528244,0.79898748233753
1259.647246,0.7946130598363847
1259.766248,0.7908792323908206
1259.88525,0.7869661837809826
1260.004252,0.7820864458353036
1260.123254,0.7755754570022655
1260.242256,0.7675282441518848
1260.361258,0.7615419648678909
1260.48026,0.7565172073583905
1260.599262,0.75303015914418
1260.718264,0.7479792814406725
1260.837266,0.7434304957253337
1260.956268,0.7409663991432064
1261.07527,0.7387246688902273
1261.194272,0.7361289292377092
1261.313274,0.7311036772103915
1261.432276,0.7260183420099262
1261.551278,0.7231996166347976
1261.67028,0.7201397417790594
1261.789282,0.7172936274273319
1261.908284,0.7108740569219844
1262.027286,0.7050757747716754
1262.146288,0.6997375099844253
1262.26529,0.6938843326619527
1262.384292,0.6882039816743468
1262.503294,0.6817651740534432
1262.622296,0.6749207516264266
1262.741298,0.6688268978120222
1262.8603,0.6623441460784527
1262.979302,0.6558979933966865
1263.098304,0.648858898259429
1263.217306,0.6419017656539097
1263.336308,0.6339786501209591
1263.45531,0.6278399510568562
1263.574312,0.621965906777517
1263.693314,0.61572182514472
1263.812316,0.6103577611783585
1263.931318,0.6052582817916528
1264.05032,0.5992538386086297
1264.169322,0.5937659861224649
1264.288324,0.5883989939868165
1264.407326,0.5831213306278159
1264.526328,0.5762694111187512
1264.64533,0.569970884091172
1264.764332,0.5629356251049751
1264.883334,0.5574012061782778
1265.002336,0.5501743780531183
1265.121338,0.5418532882880037
1265.24034,0.5346195000388869
1265.359342,0.5279466721988876
1265.478344,0.5206954276561522
1265.597346,0.5134000054138529
1265.716348,0.5054227859814111
1265.83535,0.49910938441925584
1265.954352,0.4929586414700598
1266.073354,0.48636787352881466
1266.192356,0.4798268352814478
1266.311358,0.4730756342483039
1266.43036,0.46666202431164283
1266.549362,0.4611647152086584
1266.668364,0.45465335842566834
1266.787366,0.4483011780535871
1266.906368,0.44274557354895033
1267.02537,0.43661651901511916
1267.144372,0.43075318910134813
1267.263374,0.4249473500359989
1267.382376,0.41842818698064244
1267.501378,0.4130692601335319
1267.62038,0.4071433273014214
1267.739382,0.40057670809076973
1267.858384,0.39490896855313734
1267.977386,0.38834545016328803
1268.096388,0.3821355081124007
1268.21539,0.3762768888840608
1268.334392,0.3694019250285747
1268.453394,0.36272873883636547
1268.572396,0.3559019526386024
1268.691398,0.3495530292218648
1268.8104,0.34355777033173307
1268.929402,0.33732784085020495
1269.048404,0.3316417363834089
1269.167406,0.32621454518927573
1269.286408,0.32129357819619914
1269.40541,0.31625703314310827
1269.524412,0.3118914713260048
1269.643414,0.3071865688057115
1269.762416,0.3024618878582369
1269.881418,0.2977205452718293
1270.00042,0.29296562431645495
1270.119422,0.2881713530229414
1270.238424,0.2834555381602443
1270.357426,0.27839898398714324
1270.476428,0.2739800460173815
1270.59543,0.2692001833822156
1270.714432,0.2646359952720335
1270.833434,0.26043551281722943
1270.952436,0.25694325914492644
1271.071438,0.25299134508246013
1271.19044,0.2491749546822023
1271.309442,0.24583369702835253
1271.428444,0.24261001533448012
1271.547446,0.23930892224375455
1271.666448,0.23612357219433128
1271.78545,0.23237565830548787
1271.904452,0.22948904151765148
1272.023454,0.2265929597353429
1272.142456,0.2234204179833375
1272.261458,0.22022621740414292
1272.38046,0.21736006822149948
1272.499462,0.213995562533509
1272.618464,0.21112603532875082
1272.737466,0.20781645847762442
1272.856468,0.20484534483444386
1272.97547,0.20183595812369184
1273.094472,0.1992091502294135
1273.213474,0.1965968684364403
1273.332476,0.1944267098589583
1273.451478,0.19245363719549094
1273.57048,0.19072932550243846
1273.689482,0.18896376535520684
1273.808484,0.18736438036551262
1273.927486,0.18551862456628607
1274.046488,0.18409561676798658
1274.16549,0.1824644353034116
1274.284492,0.18099244299441455
1274.403494,0.17929908528026253
1274.522496,0.17799496777796334
1274.641498,0.1762591365591252
1274.7605,0.17450532884713382
1274.879502,0.17264807585170253
1274.998504,0.17063986431037526
1275.117506,0.16833487163346805
1275.236508,0.16631029308838596
1275.35551,0.16414583639372407
1275.474512,0.1627565097873484
1275.593514,0.16131440374123526
1275.712516,0.16001303473065143
1275.831518,0.15932645588373373
1275.95052,0.15905583100505374
1276.069522,0.15848425945951466
1276.188524,0.15838919742530108
1276.307526,0.15774113115953475
1276.426528,0.1572371663136276
1276.54553,0.156218439182531
1276.664532,0.15492719222501478
1276.783534,0.15360053119097014
1276.902536,0.1525901057568839
1277.021538,0.15098119293855683
1277.14054,0.14965838732190537
1277.259542,0.1483916821532475
1277.378544,0.14774019307880565
1277.497546,0.14675364242040215
1277.616548,0.145526074826056
1277.73555,0.1437183208912244
1277.854552,0.14280146071961697
1277.973554,0.14156447669413402
1278.092556,0.1404364788877882
1278.211558,0.13923390365471833
1278.33056,0.138830710247132
1278.449562,0.138304154637473
1278.568564,0.13834565210817362
1278.687566,0.13765565028968216
1278.806568,0.1371884158273856
1278.92557,0.13629958296075434
1279.044572,0.13507839032401203
1279.163574,0.133080642489415
1279.282576,0.13169060620470577
1279.401578,0.12975593709829472
1279.52058,0.12820817102271698
1279.639582,0.12633729553320003
1279.758584,0.12468060146811931
1279.877586,0.12297182683102262
1279.996588,0.12163871259009333
1280.11559,0.11983973146441408
1280.234592,0.11843393315506766
1280.353594,0.11678741064160414
1280.472596,0.11550978892663849
1280.591598,0.11385836674229884
1280.7106,0.11242150884483612
1280.829602,0.11074777063123942
1280.948604,0.10944862695981428
1281.067606,0.10763601234807169
1281.186608,0.10609716009773688
1281.30561,0.10480015794369547
1281.424612,0.10393391650766436
1281.543614,0.10259152007523863
1281.662616,0.10173336062228071
1281.781618,0.10058018589598183
1281.90062,0.09955948243696745
1282.019622,0.09802820848954474
1282.138624,0.09675241365934655
1282.257626,0.0950454576735734
1282.376628,0.09351812604802501
1282.49563,0.09174887992719112
1282.614632,0.09059103701692771
1282.733634,0.08953729827596157
1282.852636,0.08846927167255894
1282.971638,0.08714342103478973
1283.09064,0.08617286000653504
1283.209642,0.08442430034848353
1283.328644,0.08269468065505112
1283.447646,0.0802827901842213
1283.566648,0.07729701035576625
1283.68565,0.07420676206571793
1283.804652,0.07192725628987921
1283.923654,0.0699202480510692
1284.042656,0.06868667897073874
1284.161658,0.06778597254892821
1284.28066,0.06728620776236764
1284.399662,0.06694392167420914
1284.518664,0.06553964842547264
1284.637666,0.06309586768066201
1284.756668,0.0622186801730353
1284.87567,0.06241185735149562
1284.994672,0.06295720935185178
1285.113674,0.06397902395804479
1285.232676,0.06673671685043246
1285.351678,0.07075019402922544
1285.47068,0.07159715073580605
1285.589682,0.06651684866685924
1285.708684,0.06276862074814321
1285.827686,0.06268707455767886
1285.946688,0.06394064805759138
1286.06569,0.06506945767473417
1286.184692,0.06728620776236764
1286.303694,0.07327029533806331
1286.422696,0.08051594819146118
1286.541698,0.08401163313712182
1286.6607,0.08696930836342905
1286.779702,0.08875282678812906
1286.898704,0.09102691927513508
1287.017706,0.0942315714645254
1287.136708,0.09950971513861037
1287.25571,0.10679971724267964
1287.374712,0.11229791317518771
1287.493714,0.11518681389370032
1287.612716,0.11792576059651072
1287.731718,0.11994763577238712
1287.85072,0.12156575125312921
1287.969722,0.12166304276554779
1288.088724,0.11976784919237352
1288.207726,0.11585683860765267
1288.326728,0.11324518863280815
1288.44573,0.11173782499660807
1288.564732,0.11130289614166065
1288.683734,0.11197272098356303
1288.802736,0.11458939709131788
1288.921738,0.11927780628511289
1289.04074,0.1250802184389642
1289.159742,0.12941900985705507
1289.278744,0.1325626387475724
1289.397746,0.13545713981876228
1289.516748,0.13834565210817362
1289.63575,0.1404926647157598
1289.754752,0.14297292533067135
1289.873754,0.14488716672541418
1289.992756,0.146988636193161
1290.111758,0.14836200678445266
1290.23076,0.14855500281351103
1290.349762,0.14819889830310126
1290.468764,0.14774019307880565
1290.587766,0.14676831851843686
1290.706768,0.14586117000989623
1290.82577,0.1453806214900191
1290.944772,0.14514819848362373
1291.063774,0.14498862324776196
1291.182776,0.14554062816119323
1291.301778,0.14613856967914976
1291.42078,0.14700333579174799
1291.539782,0.14650437316718504
1291.658784,0.14600710413480741
1291.777786,0.1465923021671475
1291.896788,0.14713569834817647
1292.01579,0.1471651284307563
1292.134792,0.1473270991395879
1292.253794,0.14713569834817647
1292.372796,0.14695924140549912
1292.491798,0.14616780031605184
1292.6108,0.14488716672541418
1292.729802,0.14422221631694557
1292.848804,0.14422221631694557
1292.967806,0.14433764025341775
1293.086808,0.14530794934882335
1293.20581,0.1457736795576507
1293.324812,0.145003122835054
1293.443814,0.1426587306358334
1293.562816,0.1412533771803489
1293.681818,0.1410698670974127
1293.80082,0.14121100752296117
1293.919822,0.14163527663099032
1294.038824,0.14305873482614415
1294.157826,0.14662162355962244
1294.276828,0.15104159749583831
1294.39583,0.15375420854803318
1294.514832,0.1556570638832977
1294.633834,0.1578200214460426
1294.752836,0.16039752722043635
1294.871838,0.16244756600828314
1294.99084,0.16399817160009422
1295.109842,0.16536502100254957
1295.228844,0.16629366289060088
1295.347846,0.1672275197615489
1295.466848,0.16751204832589928
1295.58585,0.1669768665188361
1295.704852,0.16571265243190123
1295.823854,0.16181525431011712
1295.942856,0.15598428718166135
1296.061858,0.15116247912003766
1296.18086,0.14594871297216455
1296.299862,0.1424733947804143
1296.418864,0.14255890446762343
1296.537866,0.14485819218961926
1296.656868,0.15049882532096193
1296.77587,0.15741022235994825
1296.894872,0.16429363414549036
1297.013874,0.17254451807663074
1297.132876,0.17858332142121114
1297.251878,0.1818269260717955
1297.37088,0.18446417643833968
1297.489882,0.18642989661988946
1297.608884,0.18783337731834826
1297.727886,0.18936100621937416
1297.846888,0.19093924319405484
1297.96589,0.1927039896176615
1298.084892,0.19454340088868186
1298.203894,0.19667552291366158
1298.322896,0.19906975261910853
1298.441898,0.20149312848264125
1298.5609,0.20333508413905857
1298.679902,0.2049477931167973
1298.798904,0.20624303995695353
1298.917906,0.20748421800731442
1299.036908,0.20862852516643607
1299.15591,0.21024116550775238
1299.274912,0.21188745879583787
1299.393914,0.21384581805641711
1299.512916,0.21556344595177754
1299.631918,0.21794773339667745
1299.75092,0.22027026705244174
1299.869922,0.2227734373465347
1299.988924,0.2252149498839802
1300.107926,0.22747839776016673
1300.226928,0.2294431482988228
1300.34593,0.23156376514326
1300.464932,0.2333770250317241
1300.583934,0.23515744745742453
1300.702936,0.23652532365905152
1300.821938,0.23828210312137615
1300.94094,0.24029210296816703
1301.059942,0.2431443449152419
1301.178944,0.2456862410513523
1301.297946,0.24867710279068003
1301.416948,0.2515282423803802
1301.53595,0.2553040732762626
1301.654952,0.25898114996218
1301.773954,0.26161011349429236
1301.892956,0.2644243711367566
1302.011958,0.2673758319598812
1302.13096,0.270090011396081
1302.249962,0.27305009567236094
1302.368964,0.274830701995568
1302.487966,0.2778705281096285
1302.606968,0.28142198785153166
1302.72597,0.28553233467338807
1302.844972,0.2906603138502196
1302.963974,0.2955550987873915
1303.082976,0.3010737583197618
1303.201978,0.30706371874983834
1303.32098,0.3122659657433071
1303.439982,0.31723895113238276
1303.558984,0.32061956963867067
1303.677986,0.3243279771631299
1303.796988,0.3269984003476697
1303.91599,0.328473208979918
1304.034992,0.3300536704560795
1304.153994,0.33260489332146853
1304.272996,0.3354776304681491
1304.391998,0.33888312332532816
1304.511,0.342425898305655
1304.630002,0.34756624467048786
1304.749004,0.35271320594896943
1304.868006,0.35718550868274057
1304.987008,0.3597665248534908
1305.10601,0.3616060208579491
1305.225012,0.36178686907666513
1305.344014,0.36128072184569016
1305.463016,0.36084744499757737
1305.582018,0.3629464413839004
1305.70102,0.3665208022710539
1305.820022,0.3733496122763855
1305.939024,0.3805643486299683
1306.058026,0.3895706670347739
1306.177028,0.3989736118474554
1306.29603,0.4073673177231567
1306.415032,0.4104956282350825
1306.534034,0.40947067089500183
1306.653036,0.40306799870139637
1306.772038,0.39823221064628217
1306.89104,0.3956085763977688
1307.010042,0.39188376539930186
1307.129044,0.3868918818691272
1307.248046,0.38112037838191754
1307.367048,0.3762242138069584
1307.48605,0.37658932834627473
1307.605052,0.37749422817975414
1307.724054,0.3806709215670996
1307.843056,0.38658635798027646
1307.962058,0.3955096866154072
1308.08106,0.4070415541917648
1308.200062,0.41852443653192206
1308.319064,0.42425525007014914
1308.438066,0.4250110969194011
1308.557068,0.4178762261481222
1308.67607,0.4028906877932282
1308.795072,0.3798989434192422
1308.914074,0.3603426120401071
1309.033076,0.35462300908875194
1309.152078,0.35583077936563917
1309.27108,0.35969457874337096
1309.390082,0.3686933537785929
1309.509084,0.3849891988588412
1309.628086,0.4083992618959273
1309.747088,0.42303092240306744
1309.86609,0.42701335068545837
1309.985092,0.4269877306530259
1310.104094,0.4174877819123711
1310.223096,0.3916643719265841
1310.342098,0.34366085312447836
1310.4611,0.31587775231734566
1310.580102,0.3139253688957161
1310.699104,0.3148685590802876
1310.818106,0.3244577343036931
1310.937108,0.3446244519219923
1311.05611,0.3899955305704037
1311.175112,0.458396843276678
1311.294114,0.4978581907692813
1311.413116,0.5169133603733167
1311.532118,0.5318041481482952
1311.65112,0.5402139576645962
1311.770122,0.5487622452693984
1311.889124,0.5561540248410243
1312.008126,0.561973827757144
1312.127128,0.5677182625245979
1312.24613,0.5723240082408042
1312.365132,0.5748190404373266
1312.484134,0.5781164268834348
1312.603136,0.5808225444634109
1312.722138,0.583267129184533
1312.84114,0.5842536840368968
1312.960142,0.5840667527686031
1313.079144,0.5823695890888464
1313.198146,0.5790016220181651
1313.317148,0.5753941469831113
1313.43615,0.5712604749780273
1313.555152,0.5663573724158965
1313.674154,0.5616929110782876
1313.793156,0.5571838620927199
1313.912158,0.5550872335606769
1314.03116,0.5525894269250832
1314.150162,0.5487402952185916
1314.269164,0.5459979815712594
1314.388166,0.5451414373033843
1314.507168,0.5454740750243297
1314.62617,0.5479013645125517
1314.745172,0.5500973590316481
1314.864174,0.5524899697796483
1314.983176,0.5537787722810841
1315.102178,0.5541443869103454
1315.22118,0.55247892009075
1315.340182,0.54936072222743
1315.459184,0.5435628172406448
1315.578186,0.5385580439426972
1315.697188,0.5372509366744421
1315.81619,0.5413604260819769
1315.935192,0.5490916014135226
1316.054194,0.5562485790621283
1316.173196,0.5646664929968235
1316.292198,0.5751065218219021
1316.4112,0.5852067941155646
1316.530202,0.591543533377838
1316.649204,0.5924966855481847
1316.768206,0.5920880038465579
1316.887208,0.5928878624348193
1317.00621,0.5922834251305658
1317.125212,0.591123686532407
1317.244214,0.5899131242253293
1317.363216,0.5894590659545443
1317.482218,0.5919459197764052
1317.60122,0.5950380059084929
1317.720222,0.5979369292950889
1317.839224,0.6017398920803266
1317.958226,0.6057911435043957
1318.077228,0.6100282569614677
1318.19623,0.6140493373948106
1318.315232,0.6158449818250065
1318.434234,0.6173186116177105
1318.553236,0.6181092853638254
1318.672238,0.6202454451551676
1318.79124,0.6220778707171892
1318.910242,0.623379373063182
1319.029244,0.6232671748741706
1319.148246,0.6250085183366338
1319.267248,0.6266857877028252
1319.38625,0.6292604739324723
1319.505252,0.6319973992212481
1319.624254,0.6350001778568227
1319.743256,0.6386427868040636
1319.862258,0.642948918729834
1319.98126,0.6457776690470091
1320.100262,0.6490341138149947
1320.219264,0.6504050215942332
1320.338266,0.6527441718842607
1320.457268,0.6549672792095271
1320.57627,0.6569876882622332
1320.695272,0.6587112528892053
1320.814274,0.6629338947677009
1320.933276,0.6668300920997408
1321.052278,0.6719441849625132
1321.17128,0.6768944003459633
1321.290282,0.6821607125494697
1321.409284,0.6869869380281498
1321.528286,0.6914668972195261
1321.647288,0.6955168783335615
1321.76629,0.6996395535901351
1321.885292,0.7028793665329662
1322.004294,0.7063460540746617
1322.123296,0.7093047599680378
1322.242298,0.7127603714356714
1322.3613,0.7161397138368693
1322.480302,0.7195926434989873
1322.599304,0.7234166090670254
1322.718306,0.7267665261508834
1322.837308,0.7305993896723246
1322.95631,0.7346214106672522
1323.075312,0.7381782148481806
1323.194314,0.7412331950672829
1323.313316,0.7446656152137886
1323.432318,0.7479792814406725
1323.55132,0.7516608906668157
1323.670322,0.7541907189909788
1323.789324,0.7573195407597679
1323.908326,0.7608264517647593
1324.027328,0.7631276206651636
1324.14633,0.7662935179001441
1324.265332,0.7703656551766073
1324.384334,0.7735074325732437
1324.503336,0.7782013372846854
1324.622338,0.781351629993771
1324.74134,0.7839813869882257
1324.860342,0.7873991342325224
1324.979344,0.7901045503992539
1325.098346,0.7921931821931987
1325.217348,0.7963551693510674
1325.33635,0.7999308440406317
1325.455352,0.8043023687249892
1325.574354,0.8102114629637057
1325.693356,0.8141505330827232
1325.812358,0.8180433080127455
1325.93136,0.822069777548591
1326.050362,0.8246386405970368
1326.169364,0.827877568218762
1326.288366,0.831046108588414
1326.407368,0.8340099051627273
1326.52637,0.8384335076738069
1326.645372,0.8424592381027144
1326.764374,0.8435720185705431
1326.883376,0.8459796280373089
1327.002378,0.8498376055879937
1327.12138,0.8523057116682845
1327.240382,0.8544391416237382
1327.359384,0.8574349181701897
1327.478386,0.8607165835478576
1327.597388,0.8650828467906131
1327.71639,0.8684979966342095
1327.835392,0.8698365139428181
1327.954394,0.8728426324887193
1328.073396,0.8748174875838373
1328.192398,0.877665269557551
1328.3114,0.8809803125534666
1328.430402,0.8831501919797724
1328.549404,0.8863795802287601
1328.668406,0.8894428709185884
1328.787408,0.8933650419992403
1328.90641,0.8966048840273337
1329.025412,0.899019998037377
1329.144414,0.9011261680907016
1329.263416,0.9023344865485051
1329.382418,0.9053569438035433
1329.50142,0.9075187970998115
1329.620422,0.909070163695185
1329.739424,0.9099824184886722
1329.858426,0.9131985063041783
1329.977428,0.9152829742890631
1330.09643,0.9169622265454529
1330.215432,0.9186298614986345
1330.334434,0.9197880646388708
1330.453436,0.9224141220772747
1330.572438,0.9240048115951063
1330.69144,0.923996495589224
1330.810442,0.9261778501321054
1330.929444,0.9274457284621358
1331.048446,0.9297774709638553
1331.167448,0.9319920447583326
1331.28645,0.9316752213261503
1331.405452,0.9328097602974388
1331.524454,0.9663801424250726
1331.643456,1.0
1331.762458,1.0
1331.88146,1.0
1332.000462,1.0
1332.119464,1.0
1332.238466,1.0
1332.357468,1.0
1332.47647,1.0
1332.595472,1.0
1332.714474,1.0
1332.833476,1.0
1332.952478,1.0
1333.07148,1.0
1333.190482,1.0
1333.309484,1.0
1333.428486,1.0
1333.547488,1.0
1333.66649,1.0
1333.785492,1.0
1333.904494,1.0
1334.023496,1.0
1334.142498,1.0
1334.2615,1.0
1334.380502,1.0
1334.499504,1.0
1334.618506,1.0
1334.737508,1.0
1334.85651,1.0
1334.975512,1.0
1335.094514,1.0
1335.213516,1.0
1335.332518,1.0
1335.45152,1.0
1335.570522,1.0
1335.689524,1.0
1335.808526,1.0
1335.927528,1.0
1336.04653,1.0
1336.165532,1.0
1336.284534,1.0
1336.403536,1.0
1336.522538,1.0
1336.64154,1.0
1336.760542,1.0
1336.879544,1.0
1336.998546,1.0
1337.117548,1.0
1337.23655,1.0
1337.355552,1.0
1337.474554,1.0
1337.593556,1.0
1337.712558,1.0
1337.83156,1.0
1337.950562,1.0
1338.069564,1.0
1338.188566,1.0
1338.307568,1.0
1338.42657,1.0
1338.545572,1.0
1338.664574,1.0
1338.783576,1.0
1338.902578,1.0
1339.02158,1.0
1339.140582,1.0
1339.259584,1.0
1339.378586,1.0
1339.497588,1.0
1339.61659,1.0
1339.735592,1.0
1339.854594,1.0
1339.973596,1.0
1340.092598,1.0
1340.2116,1.0
1340.330602,1.0
1340.449604,1.0
1340.568606,1.0
1340.687608,1.0
1340.80661,1.0
1340.925612,1.0
1341.044614,1.0
1341.163616,1.0
1341.282618,1.0
1341.40162,1.0
1341.520622,1.0
1341.639624,1.0
1341.758626,1.0
1341.877628,1.0
1341.99663,1.0
1342.115632,1.0
1342.234634,1.0
1342.353636,1.0
1342.472638,1.0
1342.59164,1.0
1342.710642,1.0
1342.829644,1.0
1342.948646,1.0
1343.067648,1.0
1343.18665,1.0
1343.305652,1.0
1343.424654,1.0
1343.543656,1.0
1343.662658,1.0
1343.78166,1.0
1343.900662,1.0
1344.019664,1.0
1344.138666,1.0
1344.257668,1.0
1344.37667,1.0
1344.495672,1.0
1344.614674,1.0
1344.733676,1.0
1344.852678,1.0
1344.97168,1.0
1345.090682,1.0
1345.209684,1.0
1345.328686,1.0
1345.447688,1.0
1345.56669,1.0
1345.685692,1.0
1345.804694,1.0
1345.923696,1.0
1346.042698,1.0
1346.1617,1.0
1346.280702,1.0
1346.399704,1.0
1346.518706,1.0
1346.637708,1.0
1346.75671,1.0
1346.875712,1.0
1346.994714,1.0
1347.113716,1.0
1347.232718,1.0
1347.35172,1.0
1347.470722,1.0
1347.589724,1.0
1347.708726,1.0
1347.827728,1.0
1347.94673,1.0
1348.065732,1.0
1348.184734,1.0
1348.303736,1.0
1348.422738,1.0
1348.54174,1.0
1348.660742,1.0
1348.779744,1.0
1348.898746,1.0
1349.017748,1.0
1349.13675,1.0
1349.255752,1.0
1349.374754,1.0
1349.493756,1.0
1349.612758,1.0
1349.73176,1.0
1349.850762,1.0
1349.969764,1.0
1350.088766,1.0
1350.207768,1.0
1350.32677,1.0
1350.445772,1.0
1350.564774,1.0
1350.683776,1.0
1350.802778,1.0
1350.92178,1.0
1351.040782,1.0
1351.159784,1.0
1351.278786,1.0
1351.397788,1.0
1351.51679,1.0
1351.635792,1.0
1351.754794,1.0
1351.873796,1.0
1351.992798,1.0
1352.1118,1.0
1352.230802,1.0
1352.349804,1.0
1352.468806,1.0
1352.587808,1.0
1352.70681,1.0
1352.825812,1.0
1352.944814,1.0
1353.063816,1.0
1353.182818,1.0
1353.30182,1.0
1353.420822,1.0
1353.539824,1.0
1353.658826,1.0
1353.777828,1.0
1353.89683,1.0
1354.015832,1.0
1354.134834,1.0
1354.253836,1.0
1354.372838,1.0
1354.49184,1.0
1354.610842,1.0
1354.729844,1.0
1354.848846,1.0
1354.967848,1.0
1355.08685,1.0
1355.205852,1.0
1355.324854,1.0
1355.443856,1.0
1355.562858,1.0
1355.68186,1.0
1355.800862,1.0
1355.919864,1.0
1356.038866,1.0
1356.157868,1.0
1356.27687,1.0
1356.395872,1.0
1356.514874,1.0
1356.633876,1.0
1356.752878,1.0
1356.87188,1.0
1356.990882,1.0
1357.109884,1.0
1357.228886,1.0
1357.347888,1.0
1357.46689,1.0
1357.585892,1.0
1357.704894,1.0
1357.823896,1.0
1357.942898,1.0
1358.0619,1.0
1358.180902,1.0
1358.299904,1.0
1358.418906,1.0
1358.537908,1.0
1358.65691,1.0
1358.775912,1.0
1358.894914,1.0
1359.013916,1.0
1359.132918,1.0
1359.25192,1.0
1359.370922,1.0
1359.489924,1.0
1359.608926,1.0
1359.727928,1.0
1359.84693,1.0
1359.965932,1.0
1360.084934,1.0
1360.203936,1.0
1360.322938,1.0
1360.44194,1.0
1360.560942,1.0
1360.679944,1.0
1360.798946,1.0
1360.917948,1.0
1361.03695,1.0
1361.155952,1.0
1361.274954,1.0
1361.393956,1.0
1361.512958,1.0
1361.63196,1.0
1361.750962,1.0
1361.869964,1.0
1361.988966,1.0
1362.107968,1.0
1362.22697,1.0
1362.345972,1.0
1362.464974,1.0
1362.583976,1.0
1362.702978,1.0
1362.82198,1.0
1362.940982,1.0
1363.059984,1.0
1363.178986,1.0
1363.297988,1.0
1363.41699,1.0
1363.535992,1.0
1363.654994,1.0
1363.773996,1.0
1363.892998,1.0
1364.012,1.0
1364.131002,1.0
1364.250004,1.0
1364.369006,1.0
1364.488008,1.0
1364.60701,1.0
1364.726012,1.0
1364.845014,1.0
1364.964016,1.0
1365.083018,1.0
1365.20202,1.0
1365.321022,1.0
1365.440024,1.0
1365.559026,1.0
1365.678028,1.0
1365.79703,1.0
1365.916032,1.0
1366.035034,1.0
1366.154036,1.0
1366.273038,1.0
1366.39204,1.0
1366.511042,1.0
1366.630044,1.0
1366.749046,1.0
1366.868048,1.0
1366.98705,1.0
1367.106052,1.0
1367.225054,1.0
1367.344056,1.0
1367.463058,1.0
1367.58206,1.0
1367.701062,1.0
1367.820064,1.0
1367.939066,1.0
1368.058068,1.0
1368.17707,1.0
1368.296072,1.0
1368.415074,1.0
1368.534076,1.0
1368.653078,1.0
1368.77208,1.0
1368.891082,1.0
1369.010084,1.0
1369.129086,1.0
1369.248088,1.0
1369.36709,1.0
1369.486092,1.0
1369.605094,1.0
1369.724096,1.0
1369.843098,1.0
1369.9621,1.0
1370.081102,1.0
1370.200104,1.0
1370.319106,1.0
1370.438108,1.0
1370.55711,1.0
1370.676112,1.0
1370.795114,1.0
1370.914116,1.0
1371.033118,1.0
1371.15212,1.0
1371.271122,1.0
1371.390124,1.0
1371.509126,1.0
1371.628128,1.0
1371.74713,1.0
1371.866132,1.0
1371.985134,1.0
1372.104136,1.0
1372.223138,1.0
1372.34214,1.0
1372.461142,1.0
1372.580144,1.0
1372.699146,1.0
1372.818148,1.0
1372.93715,1.0
1373.056152,1.0
1373.175154,1.0
1373.294156,1.0
1373.413158,1.0
1373.53216,1.0
1373.651162,1.0
1373.770164,1.0
1373.889166,1.0
1374.008168,1.0
1374.12717,1.0
1374.246172,1.0
1374.365174,1.0
1374.484176,1.0
1374.603178,1.0
1374.72218,1.0
1374.841182,1.0
1374.960184,1.0
1375.079186,1.0
1375.198188,1.0
1375.31719,1.0
1375.436192,1.0
1375.555194,1.0
1375.674196,1.0
1375.793198,1.0
1375.9122,1.0
1376.031202,1.0
1376.150204,1.0
1376.269206,1.0
1376.388208,1.0
1376.50721,1.0
1376.626212,1.0
1376.745214,1.0
1376.864216,1.0
1376.983218,1.0
1377.10222,1.0
1377.221222,1.0
1377.340224,1.0
1377.459226,1.0
1377.578228,1.0
1377.69723,1.0
1377.816232,1.0
1377.935234,1.0
1378.054236,1.0
1378.173238,1.0
1378.29224,1.0
1378.411242,1.0
1378.530244,1.0
1378.649246,1.0
1378.768248,1.0
1378.88725,1.0
1379.006252,1.0
1379.125254,1.0
1379.244256,1.0
1379.363258,1.0
1379.48226,1.0
1379.601262,1.0
1379.720264,1.0
1379.839266,1.0
1379.958268,1.0
1380.07727,1.0
1380.196272,1.0
1380.315274,1.0
1380.434276,1.0
1380.553278,1.0
1380.67228,1.0
1380.791282,1.0
1380.910284,1.0
1381.029286,1.0
1381.148288,1.0
1381.26729,1.0
1381.386292,1.0
1381.505294,1.0
1381.624296,1.0
1381.743298,1.0
1381.8623,1.0
1381.981302,1.0
1382.100304,1.0
1382.219306,1.0
1382.338308,1.0
1382.45731,1.0
1382.576312,1.0
1382.695314,1.0
1382.814316,1.0
1382.933318,1.0
1383.05232,1.0
1383.171322,1.0
1383.290324,1.0
1383.409326,1.0
1383.528328,1.0
1383.64733,1.0
1383.766332,1.0
1383.885334,1.0
1384.004336,1.0
1384.123338,1.0
1384.24234,1.0
1384.361342,1.0
1384.480344,1.0
1384.599346,1.0
1384.718348,1.0
1384.83735,1.0
1384.956352,1.0
1385.075354,1.0
1385.194356,1.0
1385.313358,1.0
1385.43236,1.0
1385.551362,1.0
1385.670364,1.0
1385.789366,1.0
1385.908368,1.0
1386.02737,1.0
1386.146372,1.0
1386.265374,1.0
1386.384376,1.0
1386.503378,1.0
1386.62238,1.0
1386.741382,1.0
1386.860384,1.0
1386.979386,1.0
1387.098388,1.0
1387.21739,1.0
1387.336392,1.0
1387.455394,1.0
1387.574396,1.0
1387.693398,1.0
1387.8124,1.0
1387.931402,1.0
1388.050404,1.0
1388.169406,1.0
1388.288408,1.0
1388.40741,1.0
1388.526412,1.0
1388.645414,1.0
1388.764416,1.0
1388.883418,1.0
1389.00242,1.0
1389.121422,1.0
1389.240424,1.0
1389.359426,1.0
1389.478428,1.0
1389.59743,1.0
1389.716432,1.0
1389.835434,1.0
1389.954436,1.0
1390.073438,1.0
1390.19244,1.0
1390.311442,1.0
1390.430444,1.0
1390.549446,1.0
1390.668448,1.0
1390.78745,1.0
1390.906452,1.0
1391.025454,1.0
1391.144456,1.0
1391.263458,1.0
1391.38246,1.0
1391.501462,1.0
1391.620464,1.0
1391.739466,1.0
1391.858468,1.0
1391.97747,1.0
1392.096472,1.0
1392.215474,1.0
1392.334476,1.0
1392.453478,1.0
1392.57248,1.0
1392.691482,1.0
1392.810484,1.0
1392.929486,1.0
1393.048488,1.0
1393.16749,1.0
1393.286492,1.0
1393.405494,1.0
1393.524496,1.0
1393.643498,1.0
1393.7625,1.0
1393.881502,1.0
1394.000504,1.0
1394.119506,1.0
1394.238508,1.0
1394.35751,1.0
1394.476512,1.0
1394.595514,1.0
1394.714516,1.0
1394.833518,1.0
1394.95252,1.0
1395.071522,1.0
1395.190524,1.0
1395.309526,1.0
1395.428528,1.0
1395.54753,1.0
1395.666532,1.0
1395.785534,1.0
1395.904536,1.0
1396.023538,1.0
1396.14254,1.0
1396.261542,1.0
1396.380544,1.0
1396.499546,1.0
1396.618548,1.0
1396.73755,1.0
1396.856552,1.0
1396.975554,1.0
1397.094556,1.0
1397.213558,1.0
1397.33256,1.0
1397.451562,1.0
1397.570564,1.0
1397.689566,1.0
1397.808568,1.0
1397.92757,1.0
1398.046572,1.0
1398.165574,1.0
1398.284576,1.0
1398.403578,1.0
1398.52258,1.0
1398.641582,1.0
1398.760584,1.0
1398.879586,1.0
1398.998588,1.0
1399.11759,1.0
1399.236592,1.0
1399.355594,1.0
1399.474596,1.0
1399.593598,1.0
1399.7126,1.0
1399.831602,1.0
1399.950604,1.0
1400.069606,1.0
1400.188608,1.0
1400.30761,1.0
1400.426612,1.0
1400.545614,1.0
1400.664616,1.0
1400.783618,1.0
1400.90262,1.0
1401.021622,1.0
1401.140624,1.0
1401.259626,1.0
1401.378628,1.0
1401.49763,1.0
1401.616632,1.0
1401.735634,1.0
1401.854636,1.0
1401.973638,1.0
1402.09264,1.0
1402.211642,1.0
1402.330644,1.0
1402.449646,1.0
1402.568648,1.0
1402.68765,1.0
1402.806652,1.0
1402.925654,1.0
1403.044656,1.0
1403.163658,1.0
1403.28266,1.0
1403.401662,1.0
1403.520664,1.0
1403.639666,1.0
1403.758668,1.0
1403.87767,1.0
1403.996672,1.0
1404.115674,1.0
1404.234676,1.0
1404.353678,1.0
1404.47268,1.0
1404.591682,1.0
1404.710684,1.0
1404.829686,1.0
1404.948688,1.0
1405.06769,1.0
1405.186692,1.0
1405.305694,1.0
1405.424696,1.0
1405.543698,1.0
1405.6627,1.0
1405.781702,1.0
1405.900704,1.0
1406.019706,1.0
1406.138708,1.0
1406.25771,1.0
1406.376712,1.0
1406.495714,1.0
1406.614716,1.0
1406.733718,1.0
1406.85272,1.0
1406.971722,1.0
1407.090724,1.0
1407.209726,1.0
1407.328728,1.0
1407.44773,1.0
1407.566732,1.0
1407.685734,1.0
1407.804736,1.0
1407.923738,1.0
1408.04274,1.0
1408.161742,1.0
1408.280744,1.0
1408.399746,1.0
1408.518748,1.0
1408.63775,1.0
1408.756752,1.0
1408.875754,1.0
1408.994756,1.0
1409.113758,1.0
1409.23276,1.0
1409.351762,1.0
1409.470764,1.0
1409.589766,1.0
1409.708768,1.0
1409.82777,1.0
1409.946772,1.0
1410.065774,1.0
1410.184776,1.0
1410.303778,1.0
1410.42278,0.9534359783827996
1410.541782,0.9310428285725063
1410.660784,0.929167736957523
1410.779786,0.9269821215093014
1410.898788,0.924614856063289
1411.01779,0.9214663675890505
1411.136792,0.9179273783886368
1411.255794,0.9156317635424008
1411.374796,0.911024945090423
1411.493798,0.905802489015029
1411.6128,0.9015858596478111
1411.731802,0.8973762958871523
1411.850804,0.8953326086213378
1411.969806,0.8910987741711249
1412.088808,0.8877279016553952
1412.20781,0.8849625068613969
1412.326812,0.8810684149897704
1412.445814,0.8796774260647094
1412.564816,0.876367285703583
1412.683818,0.8723190839894823
1412.80282,0.8674737734087282
1412.921822,0.8622414009660607
1413.040824,0.8600626874563502
1413.159826,0.8541059753301551
1413.278828,0.8471140005987551
1413.39783,0.8422486496178462
1413.516832,0.8366411784436737
1413.635834,0.8327098640064238
1413.754836,0.827968639760109
1413.873838,0.8235261295461528
1413.99284,0.819115646974909
1414.111842,0.8147206379693122
1414.230844,0.8095635529918787
1414.349846,0.8049138708666003
1414.468848,0.7986599646154927
1414.58785,0.7924150273410842
1414.706852,0.7865806648107913
1414.825854,0.7798606726979638
1414.944856,0.7737240449786857
1415.063858,0.7673977754405337
1415.18286,0.7598532169096865
1415.301862,0.7518112378791691
1415.420864,0.7431108893324709
1415.539866,0.7354740659480781
1415.658868,0.7261127305295084
1415.77787,0.7162399804153031
1415.896872,0.7089856446323878
1416.015874,0.7032941877194374
1416.134876,0.6968326482445059
1416.253878,0.6902026699184092
1416.37288,0.6838067024879171
1416.491882,0.6793763730907268
1416.610884,0.6742191989153782
1416.729886,0.6672303102084267
1416.848888,0.6608357216826545
1416.96789,0.6545809624894323
1417.086892,0.648638323733815
1417.205894,0.6432190139917351
1417.324896,0.6359533928561296
1417.443898,0.6297892747958447
1417.5629,0.6227313955219221
1417.681902,0.6161776279215547
1417.800904,0.609485573342804
1417.919906,0.6017940511077335
1418.038908,0.5951748803898138
1418.15791,0.5889994671499352
1418.276912,0.5821134028347563
1418.395914,0.5753078443339243
1418.514916,0.5668786609544787
1418.633918,0.5598311827925212
1418.75292,0.5527828670745584
1418.871922,0.5450215193786329
1418.990924,0.5372455641919379
1419.109926,0.5282476875832754
1419.228928,0.5187516638607309
1419.34793,0.5103237248639925
1419.466932,0.5008993982284011
1419.585934,0.48983337339742766
1419.704936,0.4778014544686202
1419.823938,0.46972869294669245
1419.94294,0.4649804115411736
1420.061942,0.4623236925519253
1420.180944,0.4590160969172598
1420.299946,0.4562702461256784
1420.418948,0.45720198748082913
1420.53795,0.45752214091269394
1420.656952,0.45465335842566834
1420.775954,0.4503230792204967
1420.894956,0.44579770771583177
1421.013958,0.44227208914458366
1421.13296,0.4384717032670448
1421.251962,0.4343346322201416
1421.370964,0.42996133196537595
1421.489966,0.42599400737778864
1421.608968,0.4225700699078862
1421.72797,0.41940006731971013
1421.846972,0.41616644107543715
1421.965974,0.4122686825801874
1422.084976,0.40843601948356456
1422.203978,0.4050964873013714
1422.32298,0.4022063554712634
1422.441982,0.3989257378865288
1422.560984,0.3949800585653861
1422.679986,0.3926369050115318
1422.798988,0.39011254678112883
1422.91799,0.38751527949936976
1423.036992,0.3851740380321461
1423.155994,0.38233427025029626
1423.274996,0.37965968246000376
1423.393998,0.3764801332751049
1423.513,0.37440020007143876
1423.632002,0.37407087282061885
1423.751004,0.3739624079956606
1423.870006,0.3744900669030443
1423.989008,0.3758331440161389
1424.10801,0.3789882791892308
1424.227012,0.38259817193237894
1424.346014,0.3847582746237242
1424.465016,0.3869615286758882
1424.584018,0.38882729720491566
1424.70302,0.39096391979252204
1424.822022,0.39377326691905423
1424.941024,0.395885599347968
1425.060026,0.397714845132888
1425.179028,0.4003404375396626
1425.29803,0.40324538764353035
1425.417032,0.40589531396727385
1425.536034,0.4083502569248568
1425.655036,0.41084058942621654
1425.774038,0.41328824486723104
1425.89304,0.41672031068371196
1426.012042,0.41981128084740127
1426.131044,0.4231705456440282
1426.250046,0.42702616127813686
1426.369048,0.4301204470926865
1426.48805,0.43334114389065737
1426.607052,0.4377313118954518
1426.726054,0.4410089980508591
1426.845056,0.4456283367694176
1426.964058,0.4506429221375427
1427.08306,0.4551628554521805
1427.202062,0.46111398987992974
1427.321064,0.4657668928261749
1427.440066,0.47118711127528673
1427.559068,0.47734775862652173
1427.67807,0.48186562023276713
1427.797072,0.48740006715935325
1427.916074,0.4925151782811055
1428.035076,0.4966746971912566
1428.154078,0.5012000280472649
1428.27308,0.5046248485161556
1428.392082,0.507854647151759
1428.511084,0.5108138708723027
1428.630086,0.5134256760558843
1428.749088,0.5159837532220748
1428.86809,0.5196966515669219
1428.987092,0.5219257200394133
1429.106094,0.5232792597315769
1429.225096,0.5233472904572433
1429.344098,0.5222337470732762
1429.4631,0.5213727718904648
1429.582102,0.5170322641196092
1429.701104,0.511232910028992
1429.820106,0.5047712109437515
1429.939108,0.4958905707926737
1430.05811,0.4859060434529818
1430.177112,0.47287698420134966
1430.296114,0.4577143405709802
1430.415116,0.4413354654874705
1430.534118,0.41924491799919616
1430.65312,0.391139893147464
1430.772122,0.3595507296836036
1430.891124,0.32484731728789806
1431.010126,0.2855894468513501
1431.129128,0.24529345737640393
1431.24813,0.21001002737497335
1431.367132,0.184169269744307
1431.486134,0.16473782634730894
1431.605136,0.15114736362791287
1431.724138,0.14181952222429833
1431.84314,0.13806923731089282
1431.962142,0.13515946167718026
1432.081144,0.12384803365495213
1432.200146,0.10359149988136546
1432.319148,0.08193737852432284
1432.43815,0.06617185880480972
1432.557152,0.0623370080412419
1432.676154,0.06669001749531832
1432.795156,0.07842598227185704
1432.914158,0.10307483512024591
1433.03316,0.14900133698846343
1433.152162,0.22301862295497768
1433.271164,0.30878809933409446
1433.390166,0.36762201567205866
1433.509168,0.4013385273352439
1433.62817,0.424866617709306
1433.747172,0.4434146243712549
1433.866174,0.4595994176906327
1433.985176,0.4759368983642913
1434.104178,0.49236744588858805
1434.22318,0.5081391254006393
1434.342182,0.5216178746878988
1434.461184,0.530497517758164
1434.580186,0.5357058799264799
1434.699188,0.5386388337083696
1434.81819,0.5394473982307181
1434.937192,0.5380305155907458
1435.056194,0.5346996989786629
1435.175196,0.5319903121769518
1435.294198,0.5294587609375827
1435.4132,0.5279941895376337
1435.532202,0.5266284539777387
1435.651204,0.5246940228035307
1435.770206,0.5219831350263839
1435.889208,0.5200969720922516
1436.00821,0.5156123786306511
1436.127212,0.5103084153818899
1436.246214,0.5043776429107022
1436.365216,0.4986254830464769
1436.484218,0.4938418276541079
1436.60322,0.48698595312566517
1436.722222,0.47925618095412964
1436.841224,0.47317972233710853
1436.960226,0.46686740078184996
1437.079228,0.46078210729928254
1437.19823,0.45264822519029974
1437.317232,0.44612772010906737
1437.436234,0.4406210808411802
1437.555236,0.4347474461763329
1437.674238,0.42828346552389973
1437.79324,0.4213927425482127
1437.912242,0.4168620196785084
1438.031244,0.41284626294771876
1438.150246,0.40870567623336257
1438.269248,0.4049547283400813
1438.38825,0.4020053025609439
1438.507252,0.4000122929385536
1438.626254,0.39772279950933415
1438.745256,0.39443536201163126
1438.864258,0.3908779171908008
1438.98326,0.38697700744660857
1439.102262,0.3825828683115761
1439.221264,0.3786397703110421
1439.340266,0.3751722594317011
1439.459268,0.3726707339487137
1439.57827,0.3713538118778621
1439.697272,0.37054884780797753
1439.816274,0.3700748487069247
1439.935276,0.3705006795887646
1440.054278,0.3710457160914421
1440.17328,0.372000529992122
1440.292282,0.37199681000542206
1440.411284,0.37182573082404796
1440.530286,0.37262974242255464
1440.649288,0.3742953826905369
1440.76829,0.375900800070924
1440.887292,0.3769057962800095
1441.006294,0.377701907111724
1441.125296,0.37986855271941283
1441.244298,0.3820590886529789
1441.3633,0.3841969374186454
1441.482302,0.38521640950671804
1441.601304,0.38653997040062926
1441.720306,0.3887612021826269
1441.839308,0.3909834684772247
1441.95831,0.39229938242873513
1442.077312,0.3941435878135106
1442.196314,0.39649969783033356
1442.315316,0.40072895616514637
1442.434318,0.40454593054209703
1442.55332,0.40862394327168455
1442.672322,0.41350734569360087
1442.791324,0.41947137139182894
1442.910326,0.42503234800551976
1443.029328,0.4301978757415325
1443.14833,0.43491268159862184
1443.267332,0.44086348909180106
1443.386334,0.4461187976438901
1443.505336,0.45109379045626724
1443.624338,0.45531308398082365
1443.74334,0.45927321791869447
1443.862342,0.4628325284221534
1443.981344,0.46690008264375654
1444.100346,0.4704385190568823
1444.219348,0.4760130543603468
1444.33835,0.48109044077110424
1444.457352,0.4864262411756269
1444.576354,0.49288470321934674
1444.695356,0.49958875949151704
1444.814358,0.5060701413665282
1444.93336,0.5132614061241372
1445.052362,0.5203154586995061
1445.171364,0.5291729303878706
1445.290366,0.5379390581771957
1445.409368,0.5464513480170117
1445.52837,0.5552482322020842
1445.647372,0.5633016522072144
1445.766374,0.5692588655903318
1445.885376,0.5744742524598011
1446.004378,0.5801665856746823
1446.12338,0.5872292442757723
1446.242382,0.5939738405900177
1446.361384,0.6012166060366521
1446.480386,0.6083225669224143
1446.599388,0.61572182514472
1446.71839,0.622395211346237
1446.837392,0.6284995292234046
1446.956394,0.6332246642378923
1447.075396,0.6368953007174445
1447.194398,0.6413243139570627
1447.3134,0.6478798606824532
1447.432402,0.6544762379136235
1447.551404,0.6597792299467359
1447.670406,0.663603796244715
1447.789408,0.6705949336026145
1447.90841,0.6795054668651344
1448.027412,0.6880732353391238
1448.146414,0.6961361638964758
1448.265416,0.7045894402917738
1448.384418,0.714565938254325
1448.50342,0.7249228815942518
1448.622422,0.7339532092612963
1448.741424,0.7418486740076154
1448.860426,0.7477100573625955
1448.979428,0.7541379274883736
1449.09843,0.7606286626010059
1449.217432,0.7679351419396743
1449.336434,0.7746143394516153
1449.455436,0.7797281076519532
1449.574438,0.7851739448107858
1449.69344,0.7916230083892205
1449.812442,0.7969606293254218
1449.931444,0.8025348484989425
1450.050446,0.8070577919139713
1450.169448,0.8117442106189807
1450.28845,0.8156173237578463
1450.407452,0.8185015405583703
1450.526454,0.8225960706020351
1450.645456,0.8261904194564366
1450.764458,0.830472884558521
1450.88346,0.8365742498265786
1451.002462,0.840523808452378
1451.121464,0.8462080733756118
1451.240466,0.8513346367748393
1451.359468,0.8547638901958762
1451.47847,0.8599508865741957
1451.597472,0.8626467496739993
1451.716474,0.8646504134845533
1451.835476,0.8672309147539721
1451.954478,0.8709941661744486
1452.07348,0.874266526137738
1452.192482,0.8769108018933275
1452.311484,0.8793344187593163
1452.430486,0.8814032846086645
1452.549488,0.8848032279456943
1452.66849,0.8865214123078604
1452.787492,0.8874261254736904
1452.906494,0.889709743808796
1453.025496,0.891499858856788
1453.144498,0.8946882011576558
1453.2635,0.8963986886173886
1453.382502,0.8968649371495818
1453.501504,0.8982202261903873
1453.620506,0.9006396913204819
1453.739508,0.9038336057208409
1453.85851,0.9046745619581998
1453.977512,0.904755986332818
1454.096514,0.9069436125352238
1454.215516,0.9107261779089297
1454.334518,0.9138854898543596
1454.45352,0.9157214998522353
1454.572522,0.9176960898328649
1454.691524,0.9190920485492667
1454.810526,0.9209597004331166
1454.929528,0.9195112500940934
1455.04853,0.9180292739827387
1455.167532,0.9160255698630151
1455.286534,0.9133464564458375
1455.405536,0.9118835349210183
1455.524538,0.911631889794005
1455.64354,0.9125722669535097
1455.762542,0.9141295298580414
1455.881544,0.9169044597448539
1456.000546,0.9209154954284244
1456.119548,0.9261722930816758
1456.23855,0.9299792545677837
1456.357552,0.9333957488080392
1456.476554,1.0
1456.595556,1.0
1456.714558,1.0
1456.83356,1.0
1456.952562,1.0
1457.071564,1.0
1457.190566,1.0
1457.309568,1.0
1457.42857,1.0
1457.547572,1.0
1457.666574,1.0
1457.785576,1.0
1457.904578,1.0
1458.02358,1.0
1458.142582,1.0
1458.261584,1.0
1458.380586,1.0
1458.499588,1.0
1458.61859,1.0
1458.737592,1.0
1458.856594,1.0
1458.975596,1.0
1459.094598,1.0
1459.2136,1.0
1459.332602,1.0
1459.451604,1.0
1459.570606,1.0
1459.689608,1.0
1459.80861,1.0
1459.927612,1.0
1460.046614,1.0
1460.165616,1.0
1460.284618,1.0
1460.40362,1.0
1460.522622,1.0
1460.641624,1.0
1460.760626,1.0
1460.879628,1.0
1460.99863,1.0
1461.117632,1.0
1461.236634,1.0
1461.355636,1.0
1461.474638,1.0
1461.59364,1.0
1461.712642,1.0
1461.831644,1.0
1461.950646,1.0
1462.069648,1.0
1462.18865,1.0
1462.307652,1.0
1462.426654,1.0
1462.545656,1.0
1462.664658,1.0
1462.78366,1.0
1462.902662,1.0
1463.021664,1.0
1463.140666,1.0
1463.259668,1.0
1463.37867,1.0
1463.497672,1.0
1463.616674,1.0
1463.735676,1.0
1463.854678,1.0
1463.97368,1.0
1464.092682,1.0
1464.211684,1.0
1464.330686,1.0
1464.449688,1.0
1464.56869,1.0
1464.687692,1.0
1464.806694,1.0
1464.925696,1.0
1465.044698,1.0
1465.1637,1.0
1465.282702,1.0
1465.401704,1.0
1465.520706,1.0
1465.639708,1.0
1465.75871,1.0
1465.877712,1.0
1465.996714,1.0
1466.115716,1.0
1466.234718,1.0
1466.35372,1.0
1466.472722,1.0
1466.591724,1.0
1466.710726,1.0
1466.829728,1.0
1466.94873,1.0
1467.067732,1.0
1467.186734,1.0
1467.305736,1.0
1467.424738,1.0
1467.54374,1.0
1467.662742,1.0
1467.781744,1.0
1467.900746,1.0
1468.019748,1.0
1468.13875,1.0
1468.257752,1.0
1468.376754,1.0
1468.495756,1.0
1468.614758,1.0
1468.73376,1.0
1468.852762,1.0
1468.971764,1.0
1469.090766,1.0
1469.209768,1.0
1469.32877,1.0
1469.447772,1.0
1469.566774,1.0
1469.685776,1.0
1469.804778,1.0
1469.92378,1.0
1470.042782,1.0
1470.161784,1.0
1470.280786,1.0
1470.399788,1.0
1470.51879,1.0
1470.637792,1.0
1470.756794,1.0
1470.875796,1.0
1470.994798,1.0
1471.1138,1.0
1471.232802,1.0
1471.351804,1.0
1471.470806,1.0
1471.589808,1.0
1471.70881,1.0
1471.827812,1.0
1471.946814,1.0
1472.065816,1.0
1472.184818,1.0
1472.30382,1.0
1472.422822,1.0
1472.541824,1.0
1472.660826,1.0
1472.779828,1.0
1472.89883,1.0
1473.017832,1.0
1473.136834,1.0
1473.255836,1.0
1473.374838,1.0
1473.49384,1.0
1473.612842,1.0
1473.731844,1.0
1473.850846,1.0
1473.969848,1.0
1474.08885,1.0
1474.207852,1.0
1474.326854,1.0
1474.445856,1.0
1474.564858,1.0
1474.68386,1.0
1474.802862,1.0
1474.921864,1.0
1475.040866,1.0
1475.159868,1.0
1475.27887,1.0
1475.397872,1.0
1475.516874,1.0
1475.635876,1.0
1475.754878,1.0
1475.87388,1.0
1475.992882,1.0
1476.111884,1.0
1476.230886,1.0
1476.349888,1.0
1476.46889,1.0
1476.587892,1.0
1476.706894,1.0
1476.825896,1.0
1476.944898,1.0
1477.0639,1.0
1477.182902,1.0
1477.301904,1.0
1477.420906,1.0
1477.539908,1.0
1477.65891,1.0
1477.777912,1.0
1477.896914,1.0
1478.015916,1.0
1478.134918,1.0
1478.25392,1.0
1478.372922,1.0
1478.491924,1.0
1478.610926,1.0
1478.729928,1.0
1478.84893,1.0
1478.967932,1.0
1479.086934,1.0
1479.205936,1.0
1479.324938,1.0
1479.44394,1.0
1479.562942,1.0
1479.681944,1.0
1479.800946,1.0
1479.919948,1.0
1480.03895,1.0
1480.157952,1.0
1480.276954,1.0
1480.395956,1.0
1480.514958,1.0
1480.63396,1.0
1480.752962,1.0
1480.871964,1.0
1480.990966,1.0
1481.109968,1.0
1481.22897,1.0
1481.347972,1.0
1481.466974,1.0
1481.585976,1.0
1481.704978,1.0
1481.82398,1.0
1481.942982,1.0
1482.061984,1.0
1482.180986,1.0
1482.299988,1.0
1482.41899,1.0
1482.537992,1.0
1482.656994,1.0
1482.775996,1.0
1482.894998,1.0
1483.014,1.0
1483.133002,1.0
1483.252004,1.0
1483.371006,1.0
1483.490008,1.0
1483.60901,1.0
1483.728012,1.0
1483.847014,1.0
1483.966016,1.0
1484.085018,1.0
1484.20402,1.0
1484.323022,1.0
1484.442024,1.0
1484.561026,1.0
1484.680028,1.0
1484.79903,1.0
1484.918032,1.0
1485.037034,1.0
1485.156036,1.0
1485.275038,1.0
1485.39404,1.0
1485.513042,1.0
1485.632044,1.0
1485.751046,1.0
1485.870048,1.0
1485.98905,1.0
1486.108052,1.0
1486.227054,1.0
1486.346056,1.0
1486.465058,1.0
1486.58406,1.0
1486.703062,1.0
1486.822064,1.0
1486.941066,1.0
1487.060068,1.0
1487.17907,1.0
1487.298072,1.0
1487.417074,1.0
1487.536076,1.0
1487.655078,1.0
1487.77408,1.0
1487.893082,1.0
1488.012084,1.0
1488.131086,1.0
1488.250088,1.0
1488.36909,1.0
1488.488092,1.0
1488.607094,1.0
1488.726096,1.0
1488.845098,1.0
1488.9641,1.0
1489.083102,1.0
1489.202104,1.0
1489.321106,1.0
1489.440108,1.0
1489.55911,1.0
1489.678112,1.0
1489.797114,1.0
1489.916116,1.0
1490.035118,1.0
1490.15412,1.0
1490.273122,1.0
1490.392124,1.0
1490.511126,1.0
1490.630128,1.0
1490.74913,1.0
1490.868132,1.0
1490.987134,1.0
1491.106136,1.0
1491.225138,1.0
1491.34414,1.0
1491.463142,1.0
1491.582144,1.0
1491.701146,1.0
1491.820148,1.0
1491.93915,1.0
1492.058152,1.0
1492.177154,1.0
1492.296156,1.0
1492.415158,1.0
1492.53416,1.0
1492.653162,1.0
1492.772164,1.0
1492.891166,1.0
1493.010168,1.0
1493.12917,1.0
1493.248172,1.0
1493.367174,1.0
1493.486176,1.0
1493.605178,1.0
1493.72418,1.0
1493.843182,1.0
1493.962184,1.0
1494.081186,1.0
1494.200188,1.0
1494.31919,1.0
1494.438192,1.0
1494.557194,1.0
1494.676196,1.0
1494.795198,1.0
1494.9142,1.0
1495.033202,1.0
1495.152204,1.0
1495.271206,1.0
1495.390208,1.0
1495.50921,1.0
1495.628212,1.0
1495.747214,1.0
1495.866216,1.0
1495.985218,1.0
1496.10422,1.0
1496.223222,1.0
1496.342224,1.0
1496.461226,1.0
1496.580228,1.0
1496.69923,1.0
1496.818232,1.0
1496.937234,1.0
1497.056236,1.0
1497.175238,1.0
1497.29424,1.0
1497.413242,1.0
1497.532244,1.0
1497.651246,1.0
1497.770248,1.0
1497.88925,1.0
1498.008252,1.0
1498.127254,1.0
1498.246256,1.0
1498.365258,1.0
1498.48426,1.0
1498.603262,1.0
1498.722264,1.0
1498.841266,1.0
1498.960268,1.0
1499.07927,1.0
1499.198272,1.0
1499.317274,1.0
1499.436276,1.0
1499.555278,1.0
1499.67428,1.0
1499.793282,1.0
1499.912284,1.0
1500.031286,1.0
1500.150288,1.0
1500.26929,1.0
1500.388292,1.0
1500.507294,1.0
1500.626296,1.0
1500.745298,1.0
1500.8643,1.0
1500.983302,1.0
1501.102304,1.0
1501.221306,1.0
1501.340308,1.0
1501.45931,1.0
1501.578312,1.0
1501.697314,1.0
1501.816316,1.0
1501.935318,1.0
1502.05432,1.0
1502.173322,1.0
1502.292324,1.0
1502.411326,1.0
1502.530328,1.0
1502.64933,1.0
1502.768332,1.0
1502.887334,1.0
1503.006336,1.0
1503.125338,1.0
1503.24434,1.0
1503.363342,1.0
1503.482344,1.0
1503.601346,1.0
1503.720348,1.0
1503.83935,1.0
1503.958352,1.0
1504.077354,1.0
1504.196356,1.0
1504.315358,1.0
1504.43436,1.0
1504.553362,1.0
1504.672364,1.0
1504.791366,1.0
1504.910368,1.0
1505.02937,1.0
1505.148372,1.0
1505.267374,1.0
1505.386376,1.0
1505.505378,1.0
1505.62438,1.0
1505.743382,1.0
1505.862384,1.0
1505.981386,1.0
1506.100388,1.0
1506.21939,1.0
1506.338392,1.0
1506.457394,1.0
1506.576396,1.0
1506.695398,1.0
1506.8144,1.0
1506.933402,1.0
1507.052404,1.0
1507.171406,1.0
1507.290408,1.0
1507.40941,1.0
1507.528412,1.0
1507.647414,1.0
1507.766416,1.0
1507.885418,1.0
1508.00442,1.0
1508.123422,1.0
1508.242424,1.0
1508.361426,1.0
1508.480428,1.0
1508.59943,1.0
1508.718432,1.0
1508.837434,1.0
1508.956436,1.0
1509.075438,1.0
1509.19444,1.0
1509.313442,1.0
1509.432444,1.0
1509.551446,1.0
1509.670448,1.0
1509.78945,1.0
1509.908452,1.0
1510.027454,1.0
1510.146456,1.0
1510.265458,1.0
1510.38446,1.0
1510.503462,1.0
1510.622464,1.0
1510.741466,1.0
1510.860468,1.0
1510.97947,1.0
1511.098472,1.0
1511.217474,1.0
1511.336476,1.0
1511.455478,1.0
1511.57448,1.0
1511.693482,1.0
1511.812484,1.0
1511.931486,1.0
1512.050488,1.0
1512.16949,1.0
1512.288492,1.0
1512.407494,1.0
1512.526496,1.0
1512.645498,1.0
1512.7645,1.0
1512.883502,1.0
1513.002504,1.0
1513.121506,1.0
1513.240508,1.0
1513.35951,1.0
1513.478512,1.0
1513.597514,1.0
1513.716516,1.0
1513.835518,1.0
1513.95452,1.0
1514.073522,1.0
1514.192524,1.0
1514.311526,1.0
1514.430528,1.0
1514.54953,1.0
1514.668532,1.0
1514.787534,1.0
1514.906536,1.0
1515.025538,1.0
1515.14454,1.0
1515.263542,1.0
1515.382544,1.0
1515.501546,1.0
1515.620548,1.0
1515.73955,1.0
1515.858552,1.0
1515.977554,1.0
1516.096556,1.0
1516.215558,1.0
1516.33456,1.0
1516.453562,1.0
1516.572564,1.0
1516.691566,1.0
1516.810568,1.0
1516.92957,1.0
1517.048572,1.0
1517.167574,1.0
1517.286576,1.0
1517.405578,1.0
1517.52458,1.0
1517.643582,1.0
1517.762584,1.0
1517.881586,1.0
1518.000588,1.0
1518.11959,1.0
1518.238592,1.0
1518.357594,1.0
1518.476596,1.0
1518.595598,1.0
1518.7146,1.0
1518.833602,1.0
1518.952604,1.0
1519.071606,1.0
1519.190608,1.0
1519.30961,1.0
1519.428612,1.0
1519.547614,1.0
1519.666616,1.0
1519.785618,1.0
1519.90462,1.0
1520.023622,1.0
1520.142624,1.0
1520.261626,1.0
1520.380628,1.0
1520.49963,1.0
1520.618632,1.0
1520.737634,1.0
1520.856636,1.0
1520.975638,1.0
1521.09464,1.0
1521.213642,1.0
1521.332644,1.0
1521.451646,1.0
1521.570648,1.0
1521.68965,1.0
1521.808652,1.0
1521.927654,1.0
1522.046656,1.0
1522.165658,1.0
1522.28466,1.0
1522.403662,1.0
1522.522664,1.0
1522.641666,1.0
1522.760668,1.0
1522.87967,1.0
1522.998672,1.0
1523.117674,1.0
1523.236676,1.0
1523.355678,1.0
1523.47468,1.0
1523.593682,1.0
1523.712684,1.0
1523.831686,1.0
1523.950688,1.0
1524.06969,1.0
1524.188692,1.0
1524.307694,1.0
1524.426696,1.0
1524.545698,1.0
1524.6647,1.0
1524.783702,1.0
1524.902704,1.0
1525.021706,1.0
1525.140708,1.0
1525.25971,1.0
1525.378712,1.0
1525.497714,1.0
1525.616716,1.0
1525.735718,1.0
1525.85472,1.0
1525.973722,1.0
1526.092724,1.0
1526.211726,1.0
1526.330728,1.0
1526.44973,1.0
1526.568732,1.0
1526.687734,1.0
1526.806736,1.0
1526.925738,1.0
1527.04474,1.0
1527.163742,1.0
1527.282744,1.0
1527.401746,1.0
1527.520748,1.0
1527.63975,1.0
1527.758752,1.0
1527.877754,1.0
1527.996756,1.0
1528.115758,1.0
1528.23476,1.0
1528.353762,1.0
1528.472764,1.0
1528.591766,1.0
1528.710768,1.0
1528.82977,1.0
1528.948772,1.0
1529.067774,1.0
1529.186776,1.0
1529.305778,1.0
1529.42478,1.0
1529.543782,1.0
1529.662784,1.0
1529.781786,1.0
1529.900788,1.0
1530.01979,1.0
1530.138792,1.0
1530.257794,1.0
1530.376796,1.0
1530.495798,1.0
1530.6148,1.0
1530.733802,1.0
1530.852804,1.0
1530.971806,1.0
1531.090808,1.0
1531.20981,1.0
1531.328812,1.0
1531.447814,1.0
1531.566816,1.0
1531.685818,1.0
1531.80482,1.0
1531.923822,1.0
1532.042824,1.0
1532.161826,1.0
1532.280828,1.0
1532.39983,1.0
1532.518832,1.0
1532.637834,1.0
1532.756836,1.0
1532.875838,1.0
1532.99484,1.0
1533.113842,1.0
1533.232844,1.0
1533.351846,1.0
1533.470848,1.0
1533.58985,1.0
1533.708852,1.0
1533.827854,1.0
1533.946856,1.0
1534.065858,1.0
1534.18486,1.0
1534.303862,1.0
1534.422864,1.0
1534.541866,1.0
1534.660868,1.0
1534.77987,1.0
1534.898872,1.0
1535.017874,1.0
1535.136876,1.0
1535.255878,1.0
1535.37488,1.0
1535.493882,1.0
1535.612884,1.0
1535.731886,1.0
1535.850888,1.0
1535.96989,1.0
1536.088892,1.0
1536.207894,1.0
1536.326896,1.0
1536.445898,1.0
1536.5649,1.0
1536.683902,1.0
1536.802904,1.0
1536.921906,1.0
1537.040908,1.0
1537.15991,1.0
1537.278912,1.0
1537.397914,1.0
1537.516916,1.0
1537.635918,1.0
1537.75492,1.0
1537.873922,1.0
1537.992924,1.0
1538.111926,1.0
1538.230928,1.0
1538.34993,1.0
1538.468932,1.0
1538.587934,1.0
1538.706936,1.0
1538.825938,1.0
1538.94494,1.0
1539.063942,1.0
1539.182944,1.0
1539.301946,1.0
1539.420948,1.0
1539.53995,1.0
1539.658952,1.0
1539.777954,1.0
1539.896956,1.0
1540.015958,1.0
1540.13496,1.0
1540.253962,1.0
1540.372964,1.0
1540.491966,1.0
1540.610968,1.0
1540.72997,1.0
1540.848972,1.0
1540.967974,1.0
1541.086976,1.0
1541.205978,1.0
1541.32498,1.0
1541.443982,1.0
1541.562984,1.0
1541.681986,1.0
1541.800988,1.0
1541.91999,1.0
1542.038992,1.0
1542.157994,1.0
1542.276996,1.0
1542.395998,1.0
1542.515,1.0
1542.634002,1.0
1542.753004,1.0
1542.872006,1.0
1542.991008,1.0
1543.11001,1.0
1543.229012,1.0
1543.348014,1.0
1543.467016,1.0
1543.586018,1.0
1543.70502,1.0
1543.824022,1.0
1543.943024,1.0
1544.062026,1.0
1544.181028,1.0
1544.30003,1.0
1544.419032,1.0
1544.538034,1.0
1544.657036,1.0
1544.776038,1.0
1544.89504,1.0
1545.014042,1.0
1545.133044,1.0
1545.252046,1.0
1545.371048,1.0
1545.49005,1.0
1545.609052,1.0
1545.728054,1.0
1545.847056,1.0
1545.966058,1.0
1546.08506,1.0
1546.204062,1.0
1546.323064,1.0
1546.442066,1.0
1546.561068,1.0
1546.68007,1.0
1546.799072,1.0
1546.918074,1.0
1547.037076,1.0
1547.156078,1.0
1547.27508,1.0
1547.394082,1.0
1547.513084,1.0
1547.632086,1.0
1547.751088,1.0
1547.87009,1.0
1547.989092,1.0
1548.108094,1.0
1548.227096,1.0
1548.346098,1.0
1548.4651,1.0
1548.584102,1.0
1548.703104,1.0
1548.822106,1.0
1548.941108,1.0
1549.06011,1.0
1549.179112,1.0
1549.298114,1.0
1549.417116,1.0
1549.536118,1.0
1549.65512,1.0
1549.774122,1.0
1549.893124,1.0
1550.012126,1.0
1550.131128,1.0
1550.25013,1.0
1550.369132,1.0
1550.488134,1.0
1550.607136,1.0
1550.726138,1.0
1550.84514,1.0
1550.964142,1.0
1551.083144,1.0
1551.202146,1.0
1551.321148,1.0
1551.44015,1.0
1551.559152,1.0
1551.678154,1.0
1551.797156,1.0
1551.916158,1.0
1552.03516,1.0
1552.154162,1.0
1552.273164,1.0
1552.392166,1.0
1552.511168,1.0
1552.63017,1.0
1552.749172,1.0
1552.868174,1.0
1552.987176,1.0
1553.106178,1.0
1553.22518,1.0
1553.344182,1.0
1553.463184,1.0
1553.582186,1.0
1553.701188,1.0
1553.82019,1.0
1553.939192,1.0
1554.058194,1.0
1554.177196,1.0
1554.296198,1.0
1554.4152,1.0
1554.534202,1.0
1554.653204,1.0
1554.772206,1.0
1554.891208,1.0
1555.01021,1.0
1555.129212,1.0
1555.248214,1.0
1555.367216,1.0
1555.486218,1.0
1555.60522,1.0
1555.724222,1.0
1555.843224,1.0
1555.962226,1.0
1556.081228,1.0
1556.20023,1.0
1556.319232,1.0
1556.438234,1.0
1556.557236,1.0
1556.676238,1.0
1556.79524,1.0
1556.914242,1.0
1557.033244,1.0
1557.152246,1.0
1557.271248,1.0
1557.39025,1.0
1557.509252,1.0
1557.628254,1.0
1557.747256,1.0
1557.866258,1.0
1557.98526,1.0
1558.104262,1.0
1558.223264,1.0
1558.342266,1.0
1558.461268,1.0
1558.58027,1.0
1558.699272,1.0
1558.818274,1.0
1558.937276,1.0
1559.056278,1.0
1559.17528,1.0
1559.294282,1.0
1559.413284,1.0
1559.532286,1.0
1559.651288,1.0
1559.77029,1.0
1559.889292,1.0
1560.008294,1.0
1560.127296,1.0
1560.246298,1.0
1560.3653,1.0
1560.484302,1.0
1560.603304,1.0
1560.722306,1.0
1560.841308,1.0
1560.96031,1.0
1561.079312,1.0
1561.198314,1.0
1561.317316,1.0
1561.436318,1.0
1561.55532,1.0
1561.674322,1.0
1561.793324,1.0
1561.912326,1.0
1562.031328,1.0
1562.15033,1.0
1562.269332,1.0
1562.388334,1.0
1562.507336,1.0
1562.626338,1.0
1562.74534,1.0
1562.864342,1.0
1562.983344,1.0
1563.102346,1.0
1563.221348,1.0
1563.34035,1.0
1563.459352,1.0
1563.578354,1.0
1563.697356,1.0
1563.816358,1.0
1563.93536,1.0
1564.054362,1.0
1564.173364,1.0
1564.292366,1.0
1564.411368,1.0
1564.53037,1.0
1564.649372,1.0
1564.768374,1.0
1564.887376,1.0
1565.006378,1.0
1565.12538,1.0
1565.244382,1.0
1565.363384,1.0
1565.482386,1.0
1565.601388,1.0
1565.72039,1.0
1565.839392,1.0
1565.958394,1.0
1566.077396,1.0
1566.196398,1.0
1566.3154,1.0
1566.434402,1.0
1566.553404,1.0
1566.672406,1.0
1566.791408,1.0
1566.91041,1.0
1567.029412,1.0
1567.148414,1.0
1567.267416,1.0
1567.386418,1.0
1567.50542,1.0
1567.624422,1.0
1567.743424,1.0
1567.862426,1.0
1567.981428,1.0
1568.10043,1.0
1568.219432,1.0
1568.338434,1.0
1568.457436,1.0
1568.576438,1.0
1568.69544,1.0
1568.814442,1.0
1568.933444,1.0
1569.052446,1.0
1569.171448,1.0
1569.29045,1.0
1569.409452,1.0
1569.528454,1.0
1569.647456,1.0
1569.766458,1.0
1569.88546,1.0
1570.004462,1.0
1570.123464,1.0
1570.242466,1.0
1570.361468,1.0
1570.48047,1.0
1570.599472,1.0
1570.718474,1.0
1570.837476,1.0
1570.956478,1.0
1571.07548,1.0
1571.194482,1.0
1571.313484,1.0
1571.432486,1.0
1571.551488,1.0
1571.67049,1.0
1571.789492,1.0
1571.908494,1.0
1572.027496,1.0
1572.146498,1.0
1572.2655,1.0
1572.384502,1.0
1572.503504,1.0
1572.622506,1.0
1572.741508,1.0
1572.86051,1.0
1572.979512,1.0
1573.098514,1.0
1573.217516,1.0
1573.336518,1.0
1573.45552,1.0
1573.574522,1.0
1573.693524,1.0
1573.812526,1.0
1573.931528,1.0
1574.05053,1.0
1574.169532,1.0
1574.288534,1.0
1574.407536,1.0
1574.526538,1.0
1574.64554,1.0
1574.764542,1.0
1574.883544,1.0
1575.002546,1.0
1575.121548,1.0
1575.24055,1.0
1575.359552,1.0
1575.478554,1.0
1575.597556,1.0
1575.716558,1.0
1575.83556,1.0
1575.954562,1.0
1576.073564,1.0
1576.192566,1.0
1576.311568,1.0
1576.43057,1.0
1576.549572,1.0
1576.668574,1.0
1576.787576,1.0
1576.906578,1.0
1577.02558,1.0
1577.144582,1.0
1577.263584,1.0
1577.382586,1.0
1577.501588,1.0
1577.62059,1.0
1577.739592,1.0
1577.858594,1.0
1577.977596,1.0
1578.096598,1.0
1578.2156,1.0
1578.334602,1.0
1578.453604,1.0
1578.572606,1.0
1578.691608,1.0
1578.81061,1.0
1578.929612,1.0
1579.048614,1.0
1579.167616,1.0
1579.286618,1.0
1579.40562,1.0
1579.524622,1.0
1579.643624,1.0
1579.762626,1.0
1579.881628,1.0
1580.00063,1.0
1580.119632,1.0
1580.238634,1.0
1580.357636,1.0
1580.476638,1.0
1580.59564,1.0
1580.714642,1.0
1580.833644,1.0
1580.952646,1.0
1581.071648,1.0
1581.19065,1.0
1581.309652,1.0
1581.428654,1.0
1581.547656,1.0
1581.666658,1.0
1581.78566,1.0
1581.904662,1.0
1582.023664,1.0
1582.142666,1.0
1582.261668,1.0
1582.38067,1.0
1582.499672,1.0
1582.618674,1.0
1582.737676,1.0
1582.856678,1.0
1582.97568,1.0
1583.094682,1.0
1583.213684,1.0
1583.332686,1.0
1583.451688,1.0
1583.57069,1.0
1583.689692,1.0
1583.808694,1.0
1583.927696,1.0
1584.046698,1.0
1584.1657,1.0
1584.284702,1.0
1584.403704,1.0
1584.522706,1.0
1584.641708,1.0
1584.76071,1.0
1584.879712,1.0
1584.998714,1.0
1585.117716,1.0
1585.236718,1.0
1585.35572,1.0
1585.474722,1.0
1585.593724,1.0
1585.712726,1.0
1585.831728,1.0
1585.95073,1.0
1586.069732,1.0
1586.188734,1.0
1586.307736,1.0
1586.426738,1.0
1586.54574,1.0
1586.664742,1.0
1586.783744,1.0
1586.902746,1.0
1587.021748,1.0
1587.14075,1.0
1587.259752,1.0
1587.378754,1.0
1587.497756,1.0
1587.616758,1.0
1587.73576,1.0
1587.854762,1.0
1587.973764,1.0
1588.092766,1.0
1588.211768,1.0
1588.33077,1.0
1588.449772,1.0
1588.568774,1.0
1588.687776,1.0
1588.806778,1.0
1588.92578,1.0
1589.044782,1.0
1589.163784,1.0
1589.282786,1.0
1589.401788,1.0
1589.52079,1.0
1589.639792,1.0
1589.758794,1.0
1589.877796,1.0
1589.996798,1.0
1590.1158,1.0
1590.234802,1.0
1590.353804,1.0
1590.472806,1.0
1590.591808,1.0
1590.71081,1.0
1590.829812,1.0
1590.948814,1.0
1591.067816,1.0
1591.186818,1.0
1591.30582,1.0
1591.424822,1.0
1591.543824,1.0
1591.662826,1.0
1591.781828,1.0
1591.90083,1.0
1592.019832,1.0
1592.138834,1.0
1592.257836,1.0
1592.376838,1.0
1592.49584,1.0
1592.614842,1.0
1592.733844,1.0
1592.852846,1.0
1592.971848,1.0
1593.09085,1.0
1593.209852,1.0
1593.328854,1.0
1593.447856,1.0
1593.566858,1.0
1593.68586,1.0
1593.804862,1.0
1593.923864,1.0
1594.042866,1.0
1594.161868,1.0
1594.28087,1.0
1594.399872,1.0
1594.518874,1.0
1594.637876,1.0
1594.756878,1.0
1594.87588,1.0
1594.994882,1.0
1595.113884,1.0
1595.232886,1.0
1595.351888,1.0
1595.47089,1.0
1595.589892,1.0
1595.708894,1.0
1595.827896,1.0
1595.946898,1.0
1596.0659,1.0
1596.184902,1.0
1596.303904,1.0
1596.422906,1.0
1596.541908,1.0
1596.66091,1.0
1596.779912,1.0
1596.898914,1.0
1597.017916,1.0
1597.136918,1.0
1597.25592,1.0
1597.374922,1.0
1597.493924,1.0
1597.612926,1.0
1597.731928,1.0
1597.85093,1.0
1597.969932,1.0
1598.088934,1.0
1598.207936,1.0
1598.326938,1.0
1598.44594,1.0
1598.564942,1.0
1598.683944,1.0
1598.802946,1.0
1598.921948,1.0
1599.04095,1.0
1599.159952,1.0
1599.278954,1.0
1599.397956,1.0
1599.516958,1.0
1599.63596,1.0
1599.754962,1.0
1599.873964,1.0
1599.992966,1.0
1600.111968,1.0
1600.23097,1.0
1600.349972,1.0
1600.468974,1.0
1600.587976,1.0
1600.706978,1.0
1600.82598,1.0
1600.944982,1.0
1601.063984,1.0
1601.182986,1.0
1601.301988,1.0
1601.42099,1.0
1601.539992,1.0
1601.658994,1.0
1601.777996,1.0
1601.896998,1.0
1602.016,1.0
1602.135002,1.0
1602.254004,1.0
1602.373006,1.0
1602.492008,1.0
1602.61101,1.0
1602.730012,1.0
1602.849014,1.0
1602.968016,1.0
1603.087018,1.0
1603.20602,1.0
1603.325022,1.0
1603.444024,1.0
1603.563026,1.0
1603.682028,1.0
1603.80103,1.0
1603.920032,1.0
1604.039034,1.0
1604.158036,1.0
1604.277038,1.0
1604.39604,1.0
1604.515042,1.0
1604.634044,1.0
1604.753046,1.0
1604.872048,1.0
1604.99105,1.0
1605.110052,1.0
1605.229054,1.0
1605.348056,1.0
1605.467058,1.0
1605.58606,1.0
1605.705062,1.0
1605.824064,1.0
1605.943066,1.0
1606.062068,1.0
1606.18107,1.0
1606.300072,1.0
1606.419074,1.0
1606.538076,1.0
1606.657078,1.0
1606.77608,1.0
1606.895082,1.0
1607.014084,1.0
1607.133086,1.0
1607.252088,1.0
1607.37109,1.0
1607.490092,1.0
1607.609094,1.0
1607.728096,1.0
1607.847098,1.0
1607.9661,1.0
1608.085102,1.0
1608.204104,1.0
1608.323106,1.0
1608.442108,1.0
1608.56111,1.0
1608.680112,1.0
1608.799114,1.0
1608.918116,1.0
1609.037118,1.0
1609.15612,1.0
1609.275122,1.0
1609.394124,1.0
1609.513126,1.0
1609.632128,1.0
1609.75113,1.0
1609.870132,1.0
1609.989134,1.0
1610.108136,1.0
1610.227138,1.0
1610.34614,1.0
1610.465142,1.0
1610.584144,1.0
1610.703146,1.0
1610.822148,1.0
1610.94115,1.0
1611.060152,1.0
1611.179154,1.0
1611.298156,1.0
1611.417158,1.0
1611.53616,1.0
1611.655162,1.0
1611.774164,1.0
1611.893166,1.0
1612.012168,1.0
1612.13117,1.0
1612.250172,1.0
1612.369174,1.0
1612.488176,1.0
1612.607178,1.0
1612.72618,1.0
1612.845182,1.0
1612.964184,1.0
1613.083186,1.0
1613.202188,1.0
1613.32119,1.0
1613.440192,1.0
1613.559194,1.0
1613.678196,1.0
1613.797198,1.0
1613.9162,1.0
1614.035202,1.0
1614.154204,1.0
1614.273206,1.0
1614.392208,1.0
1614.51121,1.0
1614.630212,1.0
1614.749214,1.0
1614.868216,1.0
1614.987218,1.0
1615.10622,1.0
1615.225222,1.0
1615.344224,1.0
1615.463226,1.0
1615.582228,1.0
1615.70123,1.0
1615.820232,1.0
1615.939234,1.0
1616.058236,1.0
1616.177238,1.0
1616.29624,1.0
1616.415242,1.0
1616.534244,1.0
1616.653246,1.0
1616.772248,1.0
1616.89125,1.0
1617.010252,1.0
1617.129254,1.0
1617.248256,1.0
1617.367258,1.0
1617.48626,1.0
1617.605262,1.0
1617.724264,1.0
1617.843266,1.0
1617.962268,1.0
1618.08127,1.0
1618.200272,1.0
1618.319274,1.0
1618.438276,1.0
1618.557278,1.0
1618.67628,1.0
1618.795282,1.0
1618.914284,1.0
1619.033286,1.0
1619.152288,1.0
1619.27129,1.0
1619.390292,1.0
1619.509294,1.0
1619.628296,1.0
1619.747298,1.0
1619.8663,1.0
1619.985302,1.0
1620.104304,1.0
1620.223306,1.0
1620.342308,1.0
1620.46131,1.0
1620.580312,1.0
1620.699314,1.0
1620.818316,1.0
1620.937318,1.0
1621.05632,1.0
1621.175322,1.0
1621.294324,1.0
1621.413326,1.0
1621.532328,1.0
1621.65133,1.0
1621.770332,1.0
1621.889334,1.0
1622.008336,1.0
1622.127338,1.0
1622.24634,1.0
1622.365342,1.0
1622.484344,1.0
1622.603346,1.0
1622.722348,1.0
1622.84135,1.0
1622.960352,1.0
1623.079354,1.0
1623.198356,1.0
1623.317358,1.0
1623.43636,1.0
1623.555362,1.0
1623.674364,1.0
1623.793366,1.0
1623.912368,1.0
1624.03137,1.0
1624.150372,1.0
1624.269374,1.0
1624.388376,1.0
1624.507378,1.0
1624.62638,1.0
1624.745382,1.0
1624.864384,1.0
1624.983386,1.0
1625.102388,1.0
1625.22139,1.0
1625.340392,1.0
1625.459394,1.0
1625.578396,1.0
1625.697398,1.0
1625.8164,1.0
1625.935402,1.0
1626.054404,1.0
1626.173406,1.0
1626.292408,1.0
1626.41141,1.0
1626.530412,1.0
1626.649414,1.0
1626.768416,1.0
1626.887418,1.0
1627.00642,1.0
1627.125422,1.0
1627.244424,1.0
1627.363426,1.0
1627.482428,1.0
1627.60143,1.0
1627.720432,1.0
1627.839434,1.0
1627.958436,1.0
1628.077438,1.0
1628.19644,1.0
1628.315442,1.0
1628.434444,1.0
1628.553446,1.0
1628.672448,1.0
1628.79145,1.0
1628.910452,1.0
1629.029454,1.0
1629.148456,1.0
1629.267458,1.0
1629.38646,1.0
1629.505462,1.0
1629.624464,1.0
1629.743466,1.0
1629.862468,1.0
1629.98147,1.0
1630.100472,1.0
1630.219474,1.0
1630.338476,1.0
1630.457478,1.0
1630.57648,1.0
1630.695482,1.0
1630.814484,1.0
1630.933486,1.0
1631.052488,1.0
1631.17149,1.0
1631.290492,1.0
1631.409494,1.0
1631.528496,1.0
1631.647498,1.0
1631.7665,1.0
1631.885502,1.0
1632.004504,1.0
1632.123506,1.0
1632.242508,1.0
1632.36151,1.0
1632.480512,1.0
1632.599514,1.0
1632.718516,1.0
1632.837518,1.0
1632.95652,1.0
1633.075522,1.0
1633.194524,1.0
1633.313526,1.0
1633.432528,1.0
1633.55153,1.0
1633.670532,1.0
1633.789534,1.0
1633.908536,1.0
1634.027538,1.0
1634.14654,1.0
1634.265542,1.0
1634.384544,1.0
1634.503546,1.0
1634.622548,1.0
1634.74155,1.0
1634.860552,1.0
1634.979554,1.0
1635.098556,1.0
1635.217558,1.0
1635.33656,1.0
1635.455562,1.0
1635.574564,1.0
1635.693566,1.0
1635.812568,1.0
1635.93157,1.0
1636.050572,1.0
1636.169574,1.0
1636.288576,1.0
1636.407578,1.0
1636.52658,1.0
1636.645582,1.0
1636.764584,1.0
1636.883586,1.0
1637.002588,1.0
1637.12159,1.0
1637.240592,1.0
1637.359594,1.0
1637.478596,1.0
1637.597598,1.0
1637.7166,1.0
1637.835602,1.0
1637.954604,1.0
1638.073606,1.0
1638.192608,1.0
1638.31161,1.0
1638.430612,1.0
1638.549614,1.0
1638.668616,1.0
1638.787618,1.0
1638.90662,1.0
1639.025622,1.0
1639.144624,1.0
1639.263626,1.0
1639.382628,1.0
1639.50163,1.0
1639.620632,1.0
1639.739634,1.0
1639.858636,1.0
1639.977638,1.0
1640.09664,1.0
1640.215642,1.0
1640.334644,1.0
1640.453646,1.0
1640.572648,1.0
1640.69165,1.0
1640.810652,1.0
1640.929654,1.0
1641.048656,1.0
1641.167658,1.0
1641.28666,1.0
1641.405662,1.0
1641.524664,1.0
1641.643666,1.0
1641.762668,1.0
1641.88167,1.0
1642.000672,1.0
1642.119674,1.0
1642.238676,1.0
1642.357678,1.0
1642.47668,1.0
1642.595682,1.0
1642.714684,1.0
1642.833686,1.0
1642.952688,1.0
1643.07169,1.0
1643.190692,1.0
1643.309694,1.0
1643.428696,1.0
1643.547698,1.0
1643.6667,1.0
1643.785702,1.0
1643.904704,1.0
1644.023706,1.0
1644.142708,1.0
1644.26171,1.0
1644.380712,1.0
1644.499714,1.0
1644.618716,1.0
1644.737718,1.0
1644.85672,1.0
1644.975722,1.0
1645.094724,1.0
1645.213726,1.0
1645.332728,1.0
1645.45173,1.0
1645.570732,1.0
1645.689734,1.0
1645.808736,1.0
1645.927738,1.0
1646.04674,1.0
1646.165742,1.0
1646.284744,1.0
1646.403746,1.0
1646.522748,1.0
1646.64175,1.0
1646.760752,1.0
1646.879754,1.0
1646.998756,1.0
1647.117758,1.0
1647.23676,1.0
1647.355762,1.0
1647.474764,1.0
1647.593766,1.0
1647.712768,1.0
1647.83177,1.0
1647.950772,1.0
1648.069774,1.0
1648.188776,1.0
1648.307778,1.0
1648.42678,1.0
1648.545782,1.0
1648.664784,1.0
1648.783786,1.0
1648.902788,1.0
1649.02179,1.0
1649.140792,1.0
1649.259794,1.0
1649.378796,1.0
1649.497798,1.0
1649.6168,1.0
1649.735802,1.0
1649.854804,1.0
1649.973806,1.0
1650.092808,1.0
1650.21181,1.0
1650.330812,1.0
1650.449814,1.0
1650.568816,1.0
1650.687818,1.0
1650.80682,1.0
1650.925822,1.0
1651.044824,1.0
1651.163826,1.0
1651.282828,1.0
1651.40183,1.0
1651.520832,1.0
1651.639834,1.0
1651.758836,1.0
1651.877838,1.0
1651.99684,1.0
1652.115842,1.0
1652.234844,1.0
1652.353846,1.0
1652.472848,1.0
1652.59185,1.0
1652.710852,1.0
1652.829854,1.0
1652.948856,1.0
1653.067858,1.0
1653.18686,1.0
1653.305862,1.0
1653.424864,1.0
1653.543866,1.0
1653.662868,1.0
1653.78187,1.0
1653.900872,1.0
1654.019874,1.0
1654.138876,1.0
1654.257878,1.0
1654.37688,1.0
1654.495882,1.0
1654.614884,1.0
1654.733886,1.0
1654.852888,1.0
1654.97189,1.0
1655.090892,1.0
1655.209894,1.0
1655.328896,1.0
1655.447898,1.0
1655.5669,1.0
1655.685902,1.0
1655.804904,1.0
1655.923906,1.0
1656.042908,1.0
1656.16191,1.0
1656.280912,1.0
1656.399914,1.0
1656.518916,1.0
1656.637918,1.0
1656.75692,1.0
1656.875922,1.0
1656.994924,1.0
1657.113926,1.0
1657.232928,1.0
1657.35193,1.0
1657.470932,1.0
1657.589934,1.0
1657.708936,1.0
1657.827938,1.0
1657.94694,1.0
1658.065942,1.0
1658.184944,1.0
1658.303946,1.0
1658.422948,1.0
1658.54195,1.0
1658.660952,1.0
1658.779954,1.0
1658.898956,1.0
1659.017958,1.0
1659.13696,1.0
1659.255962,1.0
1659.374964,1.0
1659.493966,1.0
1659.612968,1.0
1659.73197,1.0
1659.850972,1.0
1659.969974,1.0
1660.088976,1.0
1660.207978,1.0
1660.32698,1.0
1660.445982,1.0
1660.564984,1.0
1660.683986,1.0
1660.802988,1.0
1660.92199,1.0
1661.040992,1.0
1661.159994,1.0
1661.278996,1.0
1661.397998,1.0
1661.517,1.0
1661.636002,1.0
1661.755004,1.0
1661.874006,1.0
1661.993008,1.0
1662.11201,1.0
1662.231012,1.0
1662.350014,1.0
1662.469016,1.0
1662.588018,1.0
1662.70702,1.0
1662.826022,1.0
1662.945024,1.0
1663.064026,1.0
1663.183028,1.0
1663.30203,1.0
1663.421032,1.0
1663.540034,1.0
1663.659036,1.0
1663.778038,1.0
1663.89704,1.0
1664.016042,1.0
1664.135044,1.0
1664.254046,1.0
1664.373048,1.0
1664.49205,1.0
1664.611052,1.0
1664.730054,1.0
1664.849056,1.0
1664.968058,1.0
1665.08706,1.0
1665.206062,1.0
1665.325064,1.0
1665.444066,1.0
1665.563068,1.0
1665.68207,1.0
1665.801072,1.0
1665.920074,1.0
1666.039076,1.0
1666.158078,1.0
1666.27708,1.0
1666.396082,1.0
1666.515084,1.0
1666.634086,1.0
1666.753088,1.0
1666.87209,1.0
1666.991092,1.0
1667.110094,1.0
1667.229096,1.0
1667.348098,1.0
1667.4671,1.0
1667.586102,1.0
1667.705104,1.0
1667.824106,1.0
1667.943108,1.0
1668.06211,1.0
1668.181112,1.0
1668.300114,1.0
1668.419116,1.0
1668.538118,1.0
1668.65712,1.0
1668.776122,1.0
1668.895124,1.0
1669.014126,1.0
1669.133128,1.0
1669.25213,1.0
1669.371132,1.0
1669.490134,1.0
1669.609136,1.0
1669.728138,1.0
1669.84714,1.0
1669.966142,1.0
1670.085144,1.0
1670.204146,1.0
1670.323148,1.0
1670.44215,1.0
1670.561152,1.0
1670.680154,1.0
1670.799156,1.0
1670.918158,1.0
1671.03716,1.0
1671.156162,1.0
1671.275164,1.0
1671.394166,1.0
1671.513168,1.0
1671.63217,1.0
1671.751172,1.0
1671.870174,1.0
1671.989176,1.0
1672.108178,1.0
1672.22718,1.0
1672.346182,1.0
1672.465184,1.0
1672.584186,1.0
1672.703188,1.0
1672.82219,1.0
1672.941192,1.0
1673.060194,1.0
1673.179196,1.0
1673.298198,1.0
1673.4172,1.0
1673.536202,1.0
1673.655204,1.0
1673.774206,1.0
1673.893208,1.0
1674.01221,1.0
1674.131212,1.0
1674.250214,1.0
1674.369216,1.0
1674.488218,1.0
1674.60722,1.0
1674.726222,1.0
1674.845224,1.0
1674.964226,1.0
1675.083228,1.0
1675.20223,1.0
1675.321232,1.0
1675.440234,1.0
1675.559236,1.0
1675.678238,1.0
1675.79724,1.0
1675.916242,1.0
1676.035244,1.0
1676.154246,1.0
1676.273248,1.0
1676.39225,1.0
1676.511252,1.0
1676.630254,1.0
1676.749256,1.0
1676.868258,1.0
1676.98726,1.0
1677.106262,1.0
1677.225264,1.0
1677.344266,1.0
1677.463268,1.0
1677.58227,1.0
1677.701272,1.0
1677.820274,1.0
1677.939276,1.0
1678.058278,1.0
1678.17728,1.0
1678.296282,1.0
1678.415284,1.0
1678.534286,1.0
1678.653288,1.0
1678.77229,1.0
1678.891292,1.0
1679.010294,1.0
1679.129296,1.0
1679.248298,1.0
1679.3673,1.0
1679.486302,1.0
1679.605304,1.0
1679.724306,1.0
1679.843308,1.0
1679.96231,1.0
1680.081312,1.0
1680.200314,1.0
1680.319316,1.0
1680.438318,1.0
1680.55732,1.0
1680.676322,1.0
1680.795324,1.0
1680.914326,1.0
1681.033328,1.0
1681.15233,1.0
1681.271332,1.0
1681.390334,1.0
1681.509336,1.0
1681.628338,1.0
1681.74734,1.0
1681.866342,1.0
1681.985344,1.0
1682.104346,1.0
1682.223348,1.0
1682.34235,1.0
1682.461352,1.0
1682.580354,1.0
1682.699356,1.0
1682.818358,1.0
1682.93736,1.0
1683.056362,1.0
1683.175364,1.0
1683.294366,1.0
1683.413368,1.0
1683.53237,1.0
1683.651372,1.0
1683.770374,1.0
1683.889376,1.0
1684.008378,1.0
1684.12738,1.0
1684.246382,1.0
1684.365384,1.0
1684.484386,1.0
1684.603388,1.0
1684.72239,1.0
1684.841392,1.0
1684.960394,1.0
1685.079396,1.0
1685.198398,1.0
1685.3174,1.0
1685.436402,1.0
1685.555404,1.0
1685.674406,1.0
1685.793408,1.0
1685.91241,1.0
1686.031412,1.0
1686.150414,1.0
1686.269416,1.0
1686.388418,1.0
1686.50742,1.0
1686.626422,1.0
1686.745424,1.0
1686.864426,1.0
1686.983428,1.0
1687.10243,1.0
1687.221432,1.0
1687.340434,1.0
1687.459436,1.0
1687.578438,1.0
1687.69744,1.0
1687.816442,1.0
1687.935444,1.0
1688.054446,1.0
1688.173448,1.0
1688.29245,1.0
1688.411452,1.0
1688.530454,1.0
1688.649456,1.0
1688.768458,1.0
1688.88746,1.0
1689.006462,1.0
1689.125464,1.0
1689.244466,1.0
1689.363468,1.0
1689.48247,1.0
1689.601472,1.0
1689.720474,1.0
1689.839476,1.0
1689.958478,1.0
1690.07748,1.0
1690.196482,1.0
1690.315484,1.0
1690.434486,1.0
1690.553488,1.0
1690.67249,1.0
1690.791492,1.0
1690.910494,1.0
1691.029496,1.0
1691.148498,1.0
1691.2675,1.0
1691.386502,1.0
1691.505504,1.0
1691.624506,1.0
1691.743508,1.0
1691.86251,1.0
1691.981512,1.0
1692.100514,1.0
1692.219516,1.0
1692.338518,1.0
1692.45752,1.0
1692.576522,1.0
1692.695524,1.0
1692.814526,1.0
1692.933528,1.0
1693.05253,1.0
1693.171532,1.0
1693.290534,1.0
1693.409536,1.0
1693.528538,1.0
1693.64754,1.0
1693.766542,1.0
1693.885544,1.0
1694.004546,1.0
1694.123548,1.0
1694.24255,1.0
1694.361552,1.0
1694.480554,1.0
1694.599556,1.0
1694.718558,1.0
1694.83756,1.0
1694.956562,1.0
1695.075564,1.0
1695.194566,1.0
1695.313568,1.0
1695.43257,1.0
1695.551572,1.0
1695.670574,1.0
1695.789576,1.0
1695.908578,1.0
1696.02758,1.0
1696.146582,1.0
1696.265584,1.0
1696.384586,1.0
1696.503588,1.0
1696.62259,1.0
1696.741592,1.0
1696.860594,1.0
1696.979596,1.0
1697.098598,1.0
1697.2176,1.0
1697.336602,1.0
1697.455604,1.0
1697.574606,1.0
1697.693608,1.0
1697.81261,1.0
1697.931612,1.0
1698.050614,1.0
1698.169616,1.0
1698.288618,1.0
1698.40762,1.0
1698.526622,1.0
1698.645624,1.0
1698.764626,1.0
1698.883628,1.0
1699.00263,1.0
1699.121632,1.0
1699.240634,1.0
1699.359636,1.0
1699.478638,1.0
1699.59764,1.0
1699.716642,1.0
1699.835644,1.0
1699.954646,1.0
1700.073648,1.0
1700.19265,1.0
1700.311652,1.0
1700.430654,1.0
1700.549656,1.0
1700.668658,1.0
1700.78766,1.0
1700.906662,1.0
1701.025664,1.0
1701.144666,1.0
1701.263668,1.0
1701.38267,1.0
1701.501672,1.0
1701.620674,1.0
1701.739676,1.0
1701.858678,1.0
1701.97768,1.0
1702.096682,1.0
1702.215684,1.0
1702.334686,1.0
1702.453688,1.0
1702.57269,1.0
1702.691692,1.0
1702.810694,1.0
1702.929696,1.0
1703.048698,1.0
1703.1677,1.0
1703.286702,1.0
1703.405704,1.0
1703.524706,1.0
1703.643708,1.0
1703.76271,1.0
1703.881712,1.0
1704.000714,1.0
1704.119716,1.0
1704.238718,1.0
1704.35772,1.0
1704.476722,1.0
1704.595724,1.0
1704.714726,1.0
1704.833728,1.0
1704.95273,1.0
1705.071732,1.0
1705.190734,1.0
1705.309736,1.0
1705.428738,1.0
1705.54774,1.0
1705.666742,1.0
1705.785744,1.0
1705.904746,1.0
1706.023748,1.0
1706.14275,1.0
1706.261752,1.0
1706.380754,1.0
1706.499756,1.0
1706.618758,1.0
1706.73776,1.0
1706.856762,1.0
1706.975764,1.0
1707.094766,1.0
1707.213768,1.0
1707.33277,1.0
1707.451772,1.0
1707.570774,1.0
1707.689776,1.0
1707.808778,1.0
1707.92778,1.0
1708.046782,1.0
1708.165784,1.0
1708.284786,1.0
1708.403788,1.0
1708.52279,1.0
1708.641792,1.0
1708.760794,1.0
1708.879796,1.0
1708.998798,1.0
1709.1178,1.0
1709.236802,1.0
1709.355804,1.0
1709.474806,1.0
1709.593808,1.0
1709.71281,1.0
1709.831812,1.0
1709.950814,1.0
1710.069816,1.0
1710.188818,1.0
1710.30782,1.0
1710.426822,1.0
1710.545824,1.0
1710.664826,1.0
1710.783828,1.0
1710.90283,1.0
1711.021832,1.0
1711.140834,1.0
1711.259836,1.0
1711.378838,1.0
1711.49784,1.0
1711.616842,1.0
1711.735844,1.0
1711.854846,1.0
1711.973848,1.0
1712.09285,1.0
1712.211852,1.0
1712.330854,1.0
1712.449856,1.0
1712.568858,1.0
1712.68786,1.0
1712.806862,1.0
1712.925864,1.0
1713.044866,1.0
1713.163868,1.0
1713.28287,1.0
1713.401872,1.0
1713.520874,1.0
1713.639876,1.0
1713.758878,1.0
1713.87788,1.0
1713.996882,1.0
1714.115884,1.0
1714.234886,1.0
1714.353888,1.0
1714.47289,1.0
1714.591892,1.0
1714.710894,1.0
1714.829896,1.0
1714.948898,1.0
1715.0679,1.0
1715.186902,1.0
1715.305904,1.0
1715.424906,1.0
1715.543908,1.0
1715.66291,1.0
1715.781912,1.0
1715.900914,1.0
1716.019916,1.0
1716.138918,1.0
1716.25792,1.0
1716.376922,1.0
1716.495924,1.0
1716.614926,1.0
1716.733928,1.0
1716.85293,1.0
1716.971932,1.0
1717.090934,1.0
1717.209936,1.0
1717.328938,1.0
1717.44794,1.0
1717.566942,1.0
1717.685944,1.0
1717.804946,1.0
1717.923948,1.0
1718.04295,1.0
1718.161952,1.0
1718.280954,1.0
1718.399956,1.0
1718.518958,1.0
1718.63796,1.0
1718.756962,1.0
1718.875964,1.0
1718.994966,1.0
1719.113968,1.0
1719.23297,1.0
1719.351972,1.0
1719.470974,1.0
1719.589976,1.0
1719.708978,1.0
1719.82798,1.0
1719.946982,1.0
1720.065984,1.0
1720.184986,1.0
1720.303988,1.0
1720.42299,1.0
1720.541992,1.0
1720.660994,1.0
1720.779996,1.0
1720.898998,1.0
1721.018,1.0
1721.137002,1.0
1721.256004,1.0
1721.375006,1.0
1721.494008,1.0
1721.61301,1.0
1721.732012,1.0
1721.851014,1.0
1721.970016,1.0
1722.089018,1.0
1722.20802,1.0
1722.327022,1.0
1722.446024,1.0
1722.565026,1.0
1722.684028,1.0
1722.80303,1.0
1722.922032,1.0
1723.041034,1.0
1723.160036,1.0
1723.279038,1.0
1723.39804,1.0
1723.517042,1.0
1723.636044,1.0
1723.755046,1.0
1723.874048,1.0
1723.99305,1.0
1724.112052,1.0
1724.231054,1.0
1724.350056,1.0
1724.469058,1.0
1724.58806,1.0
1724.707062,1.0
1724.826064,1.0
1724.945066,1.0
1725.064068,1.0
1725.18307,1.0
1725.302072,1.0
1725.421074,1.0
1725.540076,1.0
1725.659078,1.0
1725.77808,1.0
1725.897082,1.0
1726.016084,1.0
1726.135086,1.0
1726.254088,1.0
1726.37309,1.0
1726.492092,1.0
1726.611094,1.0
1726.730096,1.0
1726.849098,1.0
1726.9681,1.0
1727.087102,1.0
1727.206104,1.0
1727.325106,1.0
1727.444108,1.0
1727.56311,1.0
1727.682112,1.0
1727.801114,1.0
1727.920116,1.0
1728.039118,1.0
1728.15812,1.0
1728.277122,1.0
1728.396124,1.0
1728.515126,1.0
1728.634128,1.0
1728.75313,1.0
1728.872132,1.0
1728.991134,1.0
1729.110136,1.0
1729.229138,1.0
1729.34814,1.0
1729.467142,1.0
1729.586144,1.0
1729.705146,1.0
1729.824148,1.0
1729.94315,1.0
1730.062152,1.0
1730.181154,1.0
1730.300156,1.0
1730.419158,1.0
1730.53816,1.0
1730.657162,1.0
1730.776164,1.0
1730.895166,1.0
1731.014168,1.0
1731.13317,1.0
1731.252172,1.0
1731.371174,1.0
1731.490176,1.0
1731.609178,1.0
1731.72818,1.0
1731.847182,1.0
1731.966184,1.0
1732.085186,1.0
1732.204188,1.0
1732.32319,1.0
1732.442192,1.0
1732.561194,1.0
1732.680196,1.0
1732.799198,1.0
1732.9182,1.0
1733.037202,1.0
1733.156204,1.0
1733.275206,1.0
1733.394208,1.0
1733.51321,1.0
1733.632212,1.0
1733.751214,1.0
1733.870216,1.0
1733.989218,1.0
1734.10822,1.0
1734.227222,1.0
1734.346224,1.0
1734.465226,1.0
1734.584228,1.0
1734.70323,1.0
1734.822232,1.0
1734.941234,1.0
1735.060236,1.0
1735.179238,1.0
1735.29824,1.0
1735.417242,1.0
1735.536244,1.0
1735.655246,1.0
1735.774248,1.0
1735.89325,1.0
1736.012252,1.0
1736.131254,1.0
1736.250256,1.0
1736.369258,1.0
1736.48826,1.0
1736.607262,1.0
1736.726264,1.0
1736.845266,1.0
1736.964268,1.0
1737.08327,1.0
1737.202272,1.0
1737.321274,1.0
1737.440276,1.0
1737.559278,1.0
1737.67828,1.0
1737.797282,1.0
1737.916284,1.0
1738.035286,1.0
1738.154288,1.0
1738.27329,1.0
1738.392292,1.0
1738.511294,1.0
1738.630296,1.0
1738.749298,1.0
1738.8683,1.0
1738.987302,1.0
1739.106304,1.0
1739.225306,1.0
1739.344308,1.0
1739.46331,1.0
1739.582312,1.0
1739.701314,1.0
1739.820316,1.0
1739.939318,1.0
1740.05832,1.0
1740.177322,1.0
1740.296324,1.0
1740.415326,1.0
1740.534328,1.0
1740.65333,1.0
1740.772332,1.0
1740.891334,1.0
1741.010336,1.0
1741.129338,1.0
1741.24834,1.0
1741.367342,1.0
1741.486344,1.0
1741.605346,1.0
1741.724348,1.0
1741.84335,1.0
1741.962352,1.0
1742.081354,1.0
1742.200356,1.0
1742.319358,1.0
1742.43836,1.0
1742.557362,1.0
1742.676364,1.0
1742.795366,1.0
1742.914368,1.0
1743.03337,1.0
1743.152372,1.0
1743.271374,1.0
1743.390376,1.0
1743.509378,1.0
1743.62838,1.0
1743.747382,1.0
1743.866384,1.0
1743.985386,1.0
1744.104388,1.0
1744.22339,1.0
1744.342392,1.0
1744.461394,1.0
1744.580396,1.0
1744.699398,1.0
1744.8184,1.0
1744.937402,1.0
1745.056404,1.0
1745.175406,1.0
1745.294408,1.0
1745.41341,1.0
1745.532412,1.0
1745.651414,1.0
1745.770416,1.0
1745.889418,1.0
1746.00842,1.0
1746.127422,1.0
1746.246424,1.0
1746.365426,1.0
1746.484428,1.0
1746.60343,1.0
1746.722432,1.0
1746.841434,1.0
1746.960436,1.0
1747.079438,1.0
1747.19844,1.0
1747.317442,1.0
1747.436444,1.0
1747.555446,1.0
1747.674448,1.0
1747.79345,1.0
1747.912452,1.0
1748.031454,1.0
1748.150456,1.0
1748.269458,1.0
1748.38846,1.0
1748.507462,1.0
1748.626464,1.0
1748.745466,1.0
1748.864468,1.0
1748.98347,1.0
1749.102472,1.0
1749.221474,1.0
1749.340476,1.0
1749.459478,1.0
1749.57848,1.0
1749.697482,1.0
1749.816484,1.0
1749.935486,1.0
1750.054488,1.0
1750.17349,1.0
1750.292492,1.0
1750.411494,1.0
1750.530496,1.0
1750.649498,1.0
1750.7685,1.0
1750.887502,1.0
1751.006504,1.0
1751.125506,1.0
1751.244508,1.0
1751.36351,1.0
1751.482512,1.0
1751.601514,1.0
1751.720516,1.0
1751.839518,1.0
1751.95852,1.0
1752.077522,1.0
1752.196524,1.0
1752.315526,1.0
1752.434528,1.0
1752.55353,1.0
1752.672532,1.0
1752.791534,1.0
1752.910536,1.0
1753.029538,1.0
1753.14854,1.0
1753.267542,1.0
1753.386544,1.0
1753.505546,1.0
1753.624548,1.0
1753.74355,1.0
1753.862552,1.0
1753.981554,1.0
1754.100556,1.0
1754.219558,1.0
1754.33856,1.0
1754.457562,1.0
1754.576564,1.0
1754.695566,1.0
1754.814568,1.0
1754.93357,1.0
1755.052572,1.0
1755.171574,1.0
1755.290576,1.0
1755.409578,1.0
1755.52858,1.0
1755.647582,1.0
1755.766584,1.0
1755.885586,1.0
1756.004588,1.0
1756.12359,1.0
1756.242592,1.0
1756.361594,1.0
1756.480596,1.0
1756.599598,1.0
1756.7186,1.0
1756.837602,1.0
1756.956604,1.0
1757.075606,1.0
1757.194608,1.0
1757.31361,1.0
1757.432612,1.0
1757.551614,1.0
1757.670616,1.0
1757.789618,1.0
1757.90862,1.0
1758.027622,1.0
1758.146624,1.0
1758.265626,1.0
1758.384628,1.0
1758.50363,1.0
1758.622632,1.0
1758.741634,1.0
1758.860636,1.0
1758.979638,1.0
1759.09864,1.0
1759.217642,1.0
1759.336644,1.0
1759.455646,1.0
1759.574648,1.0
1759.69365,1.0
1759.812652,1.0
1759.931654,1.0
1760.050656,1.0
1760.169658,1.0
1760.28866,1.0
1760.407662,1.0
1760.526664,1.0
1760.645666,1.0
1760.764668,1.0
1760.88367,1.0
1761.002672,1.0
1761.121674,1.0
1761.240676,1.0
1761.359678,1.0
1761.47868,1.0
1761.597682,1.0
1761.716684,1.0
1761.835686,1.0
1761.954688,1.0
1762.07369,1.0
1762.192692,1.0
1762.311694,1.0
1762.430696,1.0
1762.549698,1.0
1762.6687,1.0
1762.787702,1.0
1762.906704,1.0
1763.025706,1.0
1763.144708,1.0
1763.26371,1.0
1763.382712,1.0
1763.501714,1.0
1763.620716,1.0
1763.739718,1.0
1763.85872,1.0
1763.977722,1.0
1764.096724,1.0
1764.215726,1.0
1764.334728,1.0
1764.45373,1.0
1764.572732,1.0
1764.691734,1.0
1764.810736,1.0
1764.929738,1.0
1765.04874,1.0
1765.167742,1.0
1765.286744,1.0
1765.405746,1.0
1765.524748,1.0
1765.64375,1.0
1765.762752,1.0
1765.881754,1.0
1766.000756,1.0
1766.119758,1.0
1766.23876,1.0
1766.357762,1.0
1766.476764,1.0
1766.595766,1.0
1766.714768,1.0
1766.83377,1.0
1766.952772,1.0
1767.071774,1.0
1767.190776,1.0
1767.309778,1.0
1767.42878,1.0
1767.547782,1.0
1767.666784,1.0
1767.785786,1.0
1767.904788,1.0
1768.02379,1.0
1768.142792,1.0
1768.261794,1.0
1768.380796,1.0
1768.499798,1.0
1768.6188,1.0
1768.737802,1.0
1768.856804,1.0
1768.975806,1.0
1769.094808,1.0
1769.21381,1.0
1769.332812,1.0
1769.451814,1.0
1769.570816,1.0
1769.689818,1.0
1769.80882,1.0
1769.927822,1.0
1770.046824,1.0
1770.165826,1.0
1770.284828,1.0
1770.40383,1.0
1770.522832,1.0
1770.641834,1.0
1770.760836,1.0
1770.879838,1.0
1770.99884,1.0
1771.117842,1.0
1771.236844,1.0
1771.355846,1.0
1771.474848,1.0
1771.59385,1.0
1771.712852,1.0
1771.831854,1.0
1771.950856,1.0
1772.069858,1.0
1772.18886,1.0
1772.307862,1.0
1772.426864,1.0
1772.545866,1.0
1772.664868,1.0
1772.78387,1.0
1772.902872,1.0
1773.021874,1.0
1773.140876,1.0
1773.259878,1.0
1773.37888,1.0
1773.497882,1.0
1773.616884,1.0
1773.735886,1.0
1773.854888,1.0
1773.97389,1.0
1774.092892,1.0
1774.211894,1.0
1774.330896,1.0
1774.449898,1.0
1774.5689,1.0
1774.687902,1.0
1774.806904,1.0
1774.925906,1.0
1775.044908,1.0
1775.16391,1.0
1775.282912,1.0
1775.401914,1.0
1775.520916,1.0
1775.639918,1.0
1775.75892,1.0
1775.877922,1.0
1775.996924,1.0
1776.115926,1.0
1776.234928,1.0
1776.35393,1.0
1776.472932,1.0
1776.591934,1.0
1776.710936,1.0
1776.829938,1.0
1776.94894,1.0
1777.067942,1.0
1777.186944,1.0
1777.305946,1.0
1777.424948,1.0
1777.54395,1.0
1777.662952,1.0
1777.781954,1.0
1777.900956,1.0
1778.019958,1.0
1778.13896,1.0
1778.257962,1.0
1778.376964,1.0
1778.495966,1.0
1778.614968,1.0
1778.73397,1.0
1778.852972,1.0
1778.971974,1.0
1779.090976,1.0
1779.209978,1.0
1779.32898,1.0
1779.447982,1.0
1779.566984,1.0
1779.685986,1.0
1779.804988,1.0
1779.92399,1.0
1780.042992,1.0
1780.161994,1.0
1780.280996,1.0
1780.399998,1.0
1780.519,1.0
1780.638002,1.0
1780.757004,1.0
1780.876006,1.0
1780.995008,1.0
1781.11401,1.0
1781.233012,1.0
1781.352014,1.0
1781.471016,1.0
1781.590018,1.0
1781.70902,1.0
1781.828022,1.0
1781.947024,1.0
1782.066026,1.0
1782.185028,1.0
1782.30403,1.0
1782.423032,1.0
1782.542034,1.0
1782.661036,1.0
1782.780038,1.0
1782.89904,1.0
1783.018042,1.0
1783.137044,1.0
1783.256046,1.0
1783.375048,1.0
1783.49405,1.0
1783.613052,1.0
1783.732054,1.0
1783.851056,1.0
1783.970058,1.0
1784.08906,1.0
1784.208062,1.0
1784.327064,1.0
1784.446066,1.0
1784.565068,1.0
1784.68407,1.0
1784.803072,1.0
1784.922074,1.0
1785.041076,1.0
1785.160078,1.0
1785.27908,1.0
1785.398082,1.0
1785.517084,1.0
1785.636086,1.0
1785.755088,1.0
1785.87409,1.0
1785.993092,1.0
1786.112094,1.0
1786.231096,1.0
1786.350098,1.0
1786.4691,1.0
1786.588102,1.0
1786.707104,1.0
1786.826106,1.0
1786.945108,1.0
1787.06411,1.0
1787.183112,1.0
1787.302114,1.0
1787.421116,1.0
1787.540118,1.0
1787.65912,1.0
1787.778122,1.0
1787.897124,1.0
1788.016126,1.0
1788.135128,1.0
1788.25413,1.0
1788.373132,1.0
1788.492134,1.0
1788.611136,1.0
1788.730138,1.0
1788.84914,1.0
1788.968142,1.0
1789.087144,1.0
1789.206146,1.0
1789.325148,1.0
1789.44415,1.0
1789.563152,1.0
1789.682154,1.0
1789.801156,1.0
1789.920158,1.0
1790.03916,1.0
1790.158162,1.0
1790.277164,1.0
1790.396166,1.0
1790.515168,1.0
1790.63417,1.0
1790.753172,1.0
1790.872174,1.0
1790.991176,1.0
1791.110178,1.0
1791.22918,1.0
1791.348182,1.0
1791.467184,1.0
1791.586186,1.0
1791.705188,1.0
1791.82419,1.0
1791.943192,1.0
1792.062194,1.0
1792.181196,1.0
1792.300198,1.0
1792.4192,1.0
1792.538202,1.0
1792.657204,1.0
1792.776206,1.0
1792.895208,1.0
1793.01421,1.0
1793.133212,1.0
1793.252214,1.0
1793.371216,1.0
1793.490218,1.0
1793.60922,1.0
1793.728222,1.0
1793.847224,1.0
1793.966226,1.0
1794.085228,1.0
1794.20423,1.0
1794.323232,1.0
1794.442234,1.0
1794.561236,1.0
1794.680238,1.0
1794.79924,1.0
1794.918242,1.0
1795.037244,1.0
1795.156246,1.0
1795.275248,1.0
1795.39425,1.0
1795.513252,1.0
1795.632254,1.0
1795.751256,1.0
1795.870258,1.0
1795.98926,1.0
1796.108262,1.0
1796.227264,1.0
1796.346266,1.0
1796.465268,1.0
1796.58427,1.0
1796.703272,1.0
1796.822274,1.0
1796.941276,1.0
1797.060278,1.0
1797.17928,1.0
1797.298282,1.0
1797.417284,1.0
1797.536286,1.0
1797.655288,1.0
1797.77429,1.0
1797.893292,1.0
1798.012294,1.0
1798.131296,1.0
1798.250298,1.0
1798.3693,1.0
1798.488302,1.0
1798.607304,1.0
1798.726306,1.0
1798.845308,1.0
1798.96431,1.0
1799.083312,1.0
1799.202314,1.0
1799.321316,1.0
1799.440318,1.0
1799.55932,1.0
1799.678322,1.0
1799.797324,1.0
1799.916326,1.0
1800.035328,1.0
1800.15433,1.0
1800.273332,1.0
1800.392334,1.0
1800.511336,1.0
1800.630338,1.0
1800.74934,1.0
1800.868342,1.0
1800.987344,1.0
1801.106346,1.0
1801.225348,1.0
1801.34435,1.0
1801.463352,1.0
1801.582354,1.0
1801.701356,1.0
1801.820358,1.0
1801.93936,1.0
1802.058362,1.0
1802.177364,1.0
1802.296366,1.0
1802.415368,1.0
1802.53437,1.0
1802.653372,1.0
1802.772374,1.0
1802.891376,1.0
1803.010378,1.0
1803.12938,1.0
1803.248382,1.0
1803.367384,1.0
1803.486386,1.0
1803.605388,1.0
1803.72439,1.0
1803.843392,1.0
1803.962394,1.0
1804.081396,1.0
1804.200398,1.0
1804.3194,1.0
1804.438402,1.0
1804.557404,1.0
1804.676406,1.0
1804.795408,1.0
1804.91441,1.0
1805.033412,1.0
1805.152414,1.0
1805.271416,1.0
1805.390418,1.0
1805.50942,1.0
1805.628422,1.0
1805.747424,1.0
1805.866426,1.0
1805.985428,1.0
1806.10443,1.0
1806.223432,1.0
1806.342434,1.0
1806.461436,1.0
1806.580438,1.0
1806.69944,1.0
1806.818442,1.0
1806.937444,1.0
1807.056446,1.0
1807.175448,1.0
1807.29445,1.0
1807.413452,1.0
1807.532454,1.0
1807.651456,1.0
1807.770458,1.0
1807.88946,1.0
1808.008462,1.0
1808.127464,1.0
1808.246466,1.0
1808.365468,1.0
1808.48447,1.0
1808.603472,1.0
1808.722474,1.0
1808.841476,1.0
1808.960478,1.0
1809.07948,1.0
1809.198482,1.0
1809.317484,1.0
1809.436486,1.0
1809.555488,1.0
1809.67449,1.0
1809.793492,1.0
1809.912494,1.0
1810.031496,1.0
1810.150498,1.0
1810.2695,1.0
1810.388502,1.0
1810.507504,1.0
1810.626506,1.0
1810.745508,1.0
1810.86451,1.0
1810.983512,1.0
1811.102514,1.0
1811.221516,1.0
1811.340518,1.0
1811.45952,1.0
1811.578522,1.0
1811.697524,1.0
1811.816526,1.0
1811.935528,1.0
1812.05453,1.0
1812.173532,1.0
1812.292534,1.0
1812.411536,1.0
1812.530538,1.0
1812.64954,1.0
1812.768542,1.0
1812.887544,1.0
1813.006546,1.0
1813.125548,1.0
1813.24455,1.0
1813.363552,1.0
1813.482554,1.0
1813.601556,1.0
1813.720558,1.0
1813.83956,1.0
1813.958562,1.0
1814.077564,1.0
1814.196566,1.0
1814.315568,1.0
1814.43457,1.0
1814.553572,1.0
1814.672574,1.0
1814.791576,1.0
1814.910578,1.0
1815.02958,1.0
1815.148582,1.0
1815.267584,1.0
1815.386586,1.0
1815.505588,1.0
1815.62459,1.0
1815.743592,1.0
1815.862594,1.0
1815.981596,1.0
1816.100598,1.0
1816.2196,1.0
1816.338602,1.0
1816.457604,1.0
1816.576606,1.0
1816.695608,1.0
1816.81461,1.0
1816.933612,1.0
1817.052614,1.0
1817.171616,1.0
1817.290618,1.0
1817.40962,1.0
1817.528622,1.0
1817.647624,1.0
1817.766626,1.0
1817.885628,1.0
1818.00463,1.0
1818.123632,1.0
1818.242634,1.0
1818.361636,1.0
1818.480638,1.0
1818.59964,1.0
1818.718642,1.0
1818.837644,1.0
1818.956646,1.0
1819.075648,1.0
1819.19465,1.0
1819.313652,1.0
1819.432654,1.0
1819.551656,1.0
1819.670658,1.0
1819.78966,1.0
1819.908662,1.0
1820.027664,1.0
1820.146666,1.0
1820.265668,1.0
1820.38467,1.0
1820.503672,1.0
1820.622674,1.0
1820.741676,1.0
1820.860678,1.0
1820.97968,1.0
1821.098682,1.0
1821.217684,1.0
1821.336686,1.0
1821.455688,1.0
1821.57469,1.0
1821.693692,1.0
1821.812694,1.0
1821.931696,1.0
1822.050698,1.0
1822.1697,1.0
1822.288702,1.0
1822.407704,1.0
1822.526706,1.0
1822.645708,1.0
1822.76471,1.0
1822.883712,1.0
1823.002714,1.0
1823.121716,1.0
1823.240718,1.0
1823.35972,1.0
1823.478722,1.0
1823.597724,1.0
1823.716726,1.0
1823.835728,1.0
1823.95473,1.0
1824.073732,1.0
1824.192734,1.0
1824.311736,1.0
1824.430738,1.0
1824.54974,1.0
1824.668742,1.0
1824.787744,1.0
1824.906746,1.0
1825.025748,1.0
1825.14475,1.0
1825.263752,1.0
1825.382754,1.0
1825.501756,1.0
1825.620758,1.0
1825.73976,1.0
1825.858762,1.0
1825.977764,1.0
1826.096766,1.0
1826.215768,1.0
1826.33477,1.0
1826.453772,1.0
1826.572774,1.0
1826.691776,1.0
1826.810778,1.0
1826.92978,1.0
1827.048782,1.0
1827.167784,1.0
1827.286786,1.0
1827.405788,1.0
1827.52479,1.0
1827.643792,1.0
1827.762794,1.0
1827.881796,1.0
1828.000798,1.0
1828.1198,1.0
1828.238802,1.0
1828.357804,1.0
1828.476806,1.0
1828.595808,1.0
1828.71481,1.0
1828.833812,1.0
1828.952814,1.0
1829.071816,1.0
1829.190818,1.0
1829.30982,1.0
1829.428822,1.0
1829.547824,1.0
1829.666826,1.0
1829.785828,1.0
1829.90483,1.0
1830.023832,1.0
1830.142834,1.0
1830.261836,1.0
1830.380838,1.0
1830.49984,1.0
1830.618842,1.0
1830.737844,1.0
1830.856846,1.0
1830.975848,1.0
1831.09485,1.0
1831.213852,1.0
1831.332854,1.0
1831.451856,1.0
1831.570858,1.0
1831.68986,1.0
1831.808862,1.0
1831.927864,1.0
1832.046866,1.0
1832.165868,1.0
1832.28487,1.0
1832.403872,1.0
1832.522874,1.0
1832.641876,1.0
1832.760878,1.0
1832.87988,1.0
1832.998882,1.0
1833.117884,1.0
1833.236886,1.0
1833.355888,1.0
1833.47489,1.0
1833.593892,1.0
1833.712894,1.0
1833.831896,1.0
1833.950898,1.0
1834.0699,1.0
1834.188902,1.0
1834.307904,1.0
1834.426906,1.0
1834.545908,1.0
1834.66491,1.0
1834.783912,1.0
1834.902914,1.0
1835.021916,1.0
1835.140918,1.0
1835.25992,1.0
1835.378922,1.0
1835.497924,1.0
1835.616926,1.0
1835.735928,1.0
1835.85493,1.0
1835.973932,1.0
1836.092934,1.0
1836.211936,1.0
1836.330938,1.0
1836.44994,1.0
1836.568942,1.0
1836.687944,1.0
1836.806946,1.0
1836.925948,1.0
1837.04495,1.0
1837.163952,1.0
1837.282954,1.0
1837.401956,1.0
1837.520958,1.0
1837.63996,1.0
1837.758962,1.0
1837.877964,1.0
1837.996966,1.0
1838.115968,1.0
1838.23497,1.0
1838.353972,1.0
1838.472974,1.0
1838.591976,1.0
1838.710978,1.0
1838.82998,1.0
1838.948982,1.0
1839.067984,1.0
1839.186986,1.0
1839.305988,1.0
1839.42499,1.0
1839.543992,1.0
1839.662994,1.0
1839.781996,1.0
1839.900998,1.0
1840.02,1.0
1840.139002,1.0
1840.258004,1.0
1840.377006,1.0
1840.496008,1.0
1840.61501,1.0
1840.734012,1.0
1840.853014,1.0
1840.972016,1.0
1841.091018,1.0
1841.21002,1.0
1841.329022,1.0
1841.448024,1.0
1841.567026,1.0
1841.686028,1.0
1841.80503,1.0
1841.924032,1.0
1842.043034,1.0
1842.162036,1.0
1842.281038,1.0
1842.40004,1.0
1842.519042,1.0
1842.638044,1.0
1842.757046,1.0
1842.876048,1.0
1842.99505,1.0
1843.114052,1.0
1843.233054,1.0
1843.352056,1.0
1843.471058,1.0
1843.59006,1.0
1843.709062,1.0
1843.828064,1.0
1843.947066,1.0
1844.066068,1.0
1844.18507,1.0
1844.304072,1.0
1844.423074,1.0
1844.542076,1.0
1844.661078,1.0
1844.78008,1.0
1844.899082,1.0
1845.018084,1.0
1845.137086,1.0
1845.256088,1.0
1845.37509,1.0
1845.494092,1.0
1845.613094,1.0
1845.732096,1.0
1845.851098,1.0
1845.9701,1.0
1846.089102,1.0
1846.208104,1.0
1846.327106,1.0
1846.446108,1.0
1846.56511,1.0
1846.684112,1.0
1846.803114,1.0
1846.922116,1.0
1847.041118,1.0
1847.16012,1.0
1847.279122,1.0
1847.398124,1.0
1847.517126,1.0
1847.636128,1.0
1847.75513,1.0
1847.874132,1.0
1847.993134,1.0
1848.112136,1.0
1848.231138,1.0
1848.35014,1.0
1848.469142,1.0
1848.588144,1.0
1848.707146,1.0
1848.826148,1.0
1848.94515,1.0
1849.064152,1.0
1849.183154,1.0
1849.302156,1.0
1849.421158,1.0
1849.54016,1.0
1849.659162,1.0
1849.778164,1.0
1849.897166,1.0
1850.016168,1.0
1850.13517,1.0
1850.254172,1.0
1850.373174,1.0
1850.492176,1.0
1850.611178,1.0
1850.73018,1.0
1850.849182,1.0
1850.968184,1.0
1851.087186,1.0
1851.206188,1.0
1851.32519,1.0
1851.444192,1.0
1851.563194,1.0
1851.682196,1.0
1851.801198,1.0
1851.9202,1.0
1852.039202,1.0
1852.158204,1.0
1852.277206,1.0
1852.396208,1.0
1852.51521,1.0
1852.634212,1.0
1852.753214,1.0
1852.872216,1.0
1852.991218,1.0
1853.11022,1.0
1853.229222,1.0
1853.348224,1.0
1853.467226,1.0
1853.586228,1.0
1853.70523,1.0
1853.824232,1.0
1853.943234,1.0
1854.062236,1.0
1854.181238,1.0
1854.30024,1.0
1854.419242,1.0
1854.538244,1.0
1854.657246,1.0
1854.776248,1.0
1854.89525,1.0
1855.014252,1.0
1855.133254,1.0
1855.252256,1.0
1855.371258,1.0
1855.49026,1.0
1855.609262,1.0
1855.728264,1.0
1855.847266,1.0
1855.966268,1.0
1856.08527,1.0
1856.204272,1.0
1856.323274,1.0
1856.442276,1.0
1856.561278,1.0
1856.68028,1.0
1856.799282,1.0
1856.918284,1.0
1857.037286,1.0
1857.156288,1.0
1857.27529,1.0
1857.394292,1.0
1857.513294,1.0
1857.632296,1.0
1857.751298,1.0
1857.8703,1.0
1857.989302,1.0
1858.108304,1.0
1858.227306,1.0
1858.346308,1.0
1858.46531,1.0
1858.584312,1.0
1858.703314,1.0
1858.822316,1.0
1858.941318,1.0
1859.06032,1.0
1859.179322,1.0
1859.298324,1.0
1859.417326,1.0
1859.536328,1.0
1859.65533,1.0
1859.774332,1.0
1859.893334,1.0
1860.012336,1.0
1860.131338,1.0
1860.25034,1.0
1860.369342,1.0
1860.488344,1.0
1860.607346,1.0
1860.726348,1.0
1860.84535,1.0
1860.964352,1.0
1861.083354,1.0
1861.202356,1.0
1861.321358,1.0
1861.44036,1.0
1861.559362,1.0
1861.678364,1.0
1861.797366,1.0
1861.916368,1.0
1862.03537,1.0
1862.154372,1.0
1862.273374,1.0
1862.392376,1.0
1862.511378,1.0
1862.63038,1.0
1862.749382,1.0
1862.868384,1.0
1862.987386,1.0
1863.106388,1.0
1863.22539,1.0
1863.344392,1.0
1863.463394,1.0
1863.582396,1.0
1863.701398,1.0
1863.8204,1.0
1863.939402,1.0
1864.058404,1.0
1864.177406,1.0
1864.296408,1.0
1864.41541,1.0
1864.534412,1.0
1864.653414,1.0
1864.772416,1.0
1864.891418,1.0
1865.01042,1.0
1865.129422,1.0
1865.248424,1.0
1865.367426,1.0
1865.486428,1.0
1865.60543,1.0
1865.724432,1.0
1865.843434,1.0
1865.962436,1.0
1866.081438,1.0
1866.20044,1.0
1866.319442,1.0
1866.438444,1.0
1866.557446,1.0
1866.676448,1.0
1866.79545,1.0
1866.914452,1.0
1867.033454,1.0
1867.152456,1.0
1867.271458,1.0
1867.39046,1.0
1867.509462,1.0
1867.628464,1.0
1867.747466,1.0
1867.866468,1.0
1867.98547,1.0
1868.104472,1.0
1868.223474,1.0
1868.342476,1.0
1868.461478,1.0
1868.58048,1.0
1868.699482,1.0
1868.818484,1.0
1868.937486,1.0
1869.056488,1.0
1869.17549,1.0
1869.294492,1.0
1869.413494,1.0
1869.532496,1.0
1869.651498,1.0
1869.7705,1.0
1869.889502,1.0
1870.008504,1.0
1870.127506,1.0
1870.246508,1.0
1870.36551,1.0
1870.484512,1.0
1870.603514,1.0
1870.722516,1.0
1870.841518,1.0
1870.96052,1.0
1871.079522,1.0
1871.198524,1.0
1871.317526,1.0
1871.436528,1.0
1871.55553,1.0
1871.674532,1.0
1871.793534,1.0
1871.912536,1.0
1872.031538,1.0
1872.15054,1.0
1872.269542,1.0
1872.388544,1.0
1872.507546,1.0
1872.626548,1.0
1872.74555,1.0
1872.864552,1.0
1872.983554,1.0
1873.102556,1.0
1873.221558,1.0
1873.34056,1.0
1873.459562,1.0
1873.578564,1.0
1873.697566,1.0
1873.816568,1.0
1873.93557,1.0
1874.054572,1.0
1874.173574,1.0
1874.292576,1.0
1874.411578,1.0
1874.53058,1.0
1874.649582,1.0
1874.768584,1.0
1874.887586,1.0
1875.006588,1.0
1875.12559,1.0
1875.244592,1.0
1875.363594,1.0
1875.482596,1.0
1875.601598,1.0
1875.7206,1.0
1875.839602,1.0
1875.958604,1.0
1876.077606,1.0
1876.196608,1.0
1876.31561,1.0
1876.434612,1.0
1876.553614,1.0
1876.672616,1.0
1876.791618,1.0
1876.91062,1.0
1877.029622,1.0
1877.148624,1.0
1877.267626,1.0
1877.386628,1.0
1877.50563,1.0
1877.624632,1.0
1877.743634,1.0
1877.862636,1.0
1877.981638,1.0
1878.10064,1.0
1878.219642,1.0
1878.338644,1.0
1878.457646,1.0
1878.576648,1.0
1878.69565,1.0
1878.814652,1.0
1878.933654,1.0
1879.052656,1.0
1879.171658,1.0
1879.29066,1.0
1879.409662,1.0
1879.528664,1.0
1879.647666,1.0
1879.766668,1.0
1879.88567,1.0
1880.004672,1.0
1880.123674,1.0
1880.242676,1.0
1880.361678,1.0
1880.48068,1.0
1880.599682,1.0
1880.718684,1.0
1880.837686,1.0
1880.956688,1.0
1881.07569,1.0
1881.194692,1.0
1881.313694,1.0
1881.432696,1.0
1881.551698,1.0
1881.6707,1.0
1881.789702,1.0
1881.908704,1.0
1882.027706,1.0
1882.146708,1.0
1882.26571,1.0
1882.384712,1.0
1882.503714,1.0
1882.622716,1.0
1882.741718,1.0
1882.86072,1.0
1882.979722,1.0
1883.098724,1.0
1883.217726,1.0
1883.336728,1.0
1883.45573,1.0
1883.574732,1.0
1883.693734,1.0
1883.812736,1.0
1883.931738,1.0
1884.05074,1.0
1884.169742,1.0
1884.288744,1.0
1884.407746,1.0
1884.526748,1.0
1884.64575,1.0
1884.764752,1.0
1884.883754,1.0
1885.002756,1.0
1885.121758,1.0
1885.24076,1.0
1885.359762,1.0
1885.478764,1.0
1885.597766,1.0
1885.716768,1.0
1885.83577,1.0
1885.954772,1.0
1886.073774,1.0
1886.192776,1.0
1886.311778,1.0
1886.43078,1.0
1886.549782,1.0
1886.668784,1.0
1886.787786,1.0
1886.906788,1.0
1887.02579,1.0
1887.144792,1.0
1887.263794,1.0
1887.382796,1.0
1887.501798,1.0
1887.6208,1.0
1887.739802,1.0
1887.858804,1.0
1887.977806,1.0
1888.096808,1.0
1888.21581,1.0
1888.334812,1.0
1888.453814,1.0
1888.572816,1.0
1888.691818,1.0
1888.81082,1.0
1888.929822,1.0
1889.048824,1.0
1889.167826,1.0
1889.286828,1.0
1889.40583,1.0
1889.524832,1.0
1889.643834,1.0
1889.762836,1.0
1889.881838,1.0
1890.00084,1.0
1890.119842,1.0
1890.238844,1.0
1890.357846,1.0
1890.476848,1.0
1890.59585,1.0
1890.714852,1.0
1890.833854,1.0
1890.952856,1.0
1891.071858,1.0
1891.19086,1.0
1891.309862,1.0
1891.428864,1.0
1891.547866,1.0
1891.666868,1.0
1891.78587,1.0
1891.904872,1.0
1892.023874,1.0
1892.142876,1.0
1892.261878,1.0
1892.38088,1.0
1892.499882,1.0
1892.618884,1.0
1892.737886,1.0
1892.856888,1.0
1892.97589,1.0
1893.094892,1.0
1893.213894,1.0
1893.332896,1.0
1893.451898,1.0
1893.5709,1.0
1893.689902,1.0
1893.808904,1.0
1893.927906,1.0
1894.046908,1.0
1894.16591,1.0
1894.284912,1.0
1894.403914,1.0
1894.522916,1.0
1894.641918,1.0
1894.76092,1.0
1894.879922,1.0
1894.998924,1.0
1895.117926,1.0
1895.236928,1.0
1895.35593,1.0
1895.474932,1.0
1895.593934,1.0
1895.712936,1.0
1895.831938,1.0
1895.95094,1.0
1896.069942,1.0
1896.188944,1.0
1896.307946,1.0
1896.426948,1.0
1896.54595,1.0
1896.664952,1.0
1896.783954,1.0
1896.902956,1.0
1897.021958,1.0
1897.14096,1.0
1897.259962,1.0
1897.378964,1.0
1897.497966,1.0
1897.616968,1.0
1897.73597,1.0
1897.854972,1.0
1897.973974,1.0
1898.092976,1.0
1898.211978,1.0
1898.33098,1.0
1898.449982,1.0
1898.568984,1.0
1898.687986,1.0
1898.806988,1.0
1898.92599,1.0
1899.044992,1.0
1899.163994,1.0
1899.282996,1.0
1899.401998,1.0
1899.521,1.0
1899.640002,1.0
1899.759004,1.0
1899.878006,1.0
1899.997008,1.0
1900.11601,1.0
1900.235012,1.0
1900.354014,1.0
1900.473016,1.0
1900.592018,1.0
1900.71102,1.0
1900.830022,1.0
1900.949024,1.0
1901.068026,1.0
1901.187028,1.0
1901.30603,1.0
1901.425032,1.0
1901.544034,1.0
1901.663036,1.0
1901.782038,1.0
1901.90104,1.0
1902.020042,1.0
1902.139044,1.0
1902.258046,1.0
1902.377048,1.0
1902.49605,1.0
1902.615052,1.0
1902.734054,1.0
1902.853056,1.0
1902.972058,1.0
1903.09106,1.0
1903.210062,1.0
1903.329064,1.0
1903.448066,1.0
1903.567068,1.0
1903.68607,1.0
1903.805072,1.0
1903.924074,1.0
1904.043076,1.0
1904.162078,1.0
1904.28108,1.0
1904.400082,1.0
1904.519084,1.0
1904.638086,1.0
1904.757088,1.0
1904.87609,1.0
1904.995092,1.0
1905.114094,1.0
1905.233096,1.0
1905.352098,1.0
1905.4711,1.0
1905.590102,1.0
1905.709104,1.0
1905.828106,1.0
1905.947108,1.0
1906.06611,1.0
1906.185112,1.0
1906.304114,1.0
1906.423116,1.0
1906.542118,1.0
1906.66112,1.0
1906.780122,1.0
1906.899124,1.0
1907.018126,1.0
1907.137128,1.0
1907.25613,1.0
1907.375132,1.0
1907.494134,1.0
1907.613136,1.0
1907.732138,1.0
1907.85114,1.0
1907.970142,1.0
1908.089144,1.0
1908.208146,1.0
1908.327148,1.0
1908.44615,1.0
1908.565152,1.0
1908.684154,1.0
1908.803156,1.0
1908.922158,1.0
1909.04116,1.0
1909.160162,1.0
1909.279164,1.0
1909.398166,1.0
1909.517168,1.0
1909.63617,1.0
1909.755172,1.0
1909.874174,1.0
1909.993176,1.0
1910.112178,1.0
1910.23118,1.0
1910.350182,1.0
1910.469184,1.0
1910.588186,1.0
1910.707188,1.0
1910.82619,1.0
1910.945192,1.0
1911.064194,1.0
1911.183196,1.0
1911.302198,1.0
1911.4212,1.0
1911.540202,1.0
1911.659204,1.0
1911.778206,1.0
1911.897208,1.0
1912.01621,1.0
1912.135212,1.0
1912.254214,1.0
1912.373216,1.0
1912.492218,1.0
1912.61122,1.0
1912.730222,1.0
1912.849224,1.0
1912.968226,1.0
1913.087228,1.0
1913.20623,1.0
1913.325232,1.0
1913.444234,1.0
1913.563236,1.0
1913.682238,1.0
1913.80124,1.0
1913.920242,1.0
1914.039244,1.0
1914.158246,1.0
1914.277248,1.0
1914.39625,1.0
1914.515252,1.0
1914.634254,1.0
1914.753256,1.0
1914.872258,1.0
1914.99126,1.0
1915.110262,1.0
1915.229264,1.0
1915.348266,1.0
1915.467268,1.0
1915.58627,1.0
1915.705272,1.0
1915.824274,1.0
1915.943276,1.0
1916.062278,1.0
1916.18128,1.0
1916.300282,1.0
1916.419284,1.0
1916.538286,1.0
1916.657288,1.0
1916.77629,1.0
1916.895292,1.0
1917.014294,1.0
1917.133296,1.0
1917.252298,1.0
1917.3713,1.0
1917.490302,1.0
1917.609304,1.0
1917.728306,1.0
1917.847308,1.0
1917.96631,1.0
1918.085312,1.0
1918.204314,1.0
1918.323316,1.0
1918.442318,1.0
1918.56132,1.0
1918.680322,1.0
1918.799324,1.0
1918.918326,1.0
1919.037328,1.0
1919.15633,1.0
1919.275332,1.0
1919.394334,1.0
1919.513336,1.0
1919.632338,1.0
1919.75134,1.0
1919.870342,1.0
1919.989344,1.0
1920.108346,1.0
1920.227348,1.0
1920.34635,1.0
1920.465352,1.0
1920.584354,1.0
1920.703356,1.0
1920.822358,1.0
1920.94136,1.0
1921.060362,1.0
1921.179364,1.0
1921.298366,1.0
1921.417368,1.0
1921.53637,1.0
1921.655372,1.0
1921.774374,1.0
1921.893376,1.0
1922.012378,1.0
1922.13138,1.0
1922.250382,1.0
1922.369384,1.0
1922.488386,1.0
1922.607388,1.0
1922.72639,1.0
1922.845392,1.0
1922.964394,1.0
1923.083396,1.0
1923.202398,1.0
1923.3214,1.0
1923.440402,1.0
1923.559404,1.0
1923.678406,1.0
1923.797408,1.0
1923.91641,1.0
1924.035412,1.0
1924.154414,1.0
1924.273416,1.0
1924.392418,1.0
1924.51142,1.0
1924.630422,1.0
1924.749424,1.0
1924.868426,1.0
1924.987428,1.0
1925.10643,1.0
1925.225432,1.0
1925.344434,1.0
1925.463436,1.0
1925.582438,1.0
1925.70144,1.0
1925.820442,1.0
1925.939444,1.0
1926.058446,1.0
1926.177448,1.0
1926.29645,1.0
1926.415452,1.0
1926.534454,1.0
1926.653456,1.0
1926.772458,1.0
1926.89146,1.0
1927.010462,1.0
1927.129464,1.0
1927.248466,1.0
1927.367468,1.0
1927.48647,1.0
1927.605472,1.0
1927.724474,1.0
1927.843476,1.0
1927.962478,1.0
1928.08148,1.0
1928.200482,1.0
1928.319484,1.0
1928.438486,1.0
1928.557488,1.0
1928.67649,1.0
1928.795492,1.0
1928.914494,1.0
1929.033496,1.0
1929.152498,1.0
1929.2715,1.0
1929.390502,1.0
1929.509504,1.0
1929.628506,1.0
1929.747508,1.0
1929.86651,1.0
1929.985512,1.0
1930.104514,1.0
1930.223516,1.0
1930.342518,1.0
1930.46152,1.0
1930.580522,1.0
1930.699524,1.0
1930.818526,1.0
1930.937528,1.0
1931.05653,1.0
1931.175532,1.0
1931.294534,1.0
1931.413536,1.0
1931.532538,1.0
1931.65154,1.0
1931.770542,1.0
1931.889544,1.0
1932.008546,1.0
1932.127548,1.0
1932.24655,1.0
1932.365552,1.0
1932.484554,1.0
1932.603556,1.0
1932.722558,1.0
1932.84156,1.0
1932.960562,1.0
1933.079564,1.0
1933.198566,1.0
1933.317568,1.0
1933.43657,1.0
1933.555572,1.0
1933.674574,1.0
1933.793576,1.0
1933.912578,1.0
1934.03158,1.0
1934.150582,1.0
1934.269584,1.0
1934.388586,1.0
1934.507588,1.0
1934.62659,1.0
1934.745592,1.0
1934.864594,1.0
1934.983596,1.0
1935.102598,1.0
1935.2216,1.0
1935.340602,1.0
1935.459604,1.0
1935.578606,1.0
1935.697608,1.0
1935.81661,1.0
1935.935612,1.0
1936.054614,1.0
1936.173616,1.0
1936.292618,1.0
1936.41162,1.0
1936.530622,1.0
1936.649624,1.0
1936.768626,1.0
1936.887628,1.0
1937.00663,1.0
1937.125632,1.0
1937.244634,1.0
1937.363636,1.0
1937.482638,1.0
1937.60164,1.0
1937.720642,1.0
1937.839644,1.0
1937.958646,1.0
1938.077648,1.0
1938.19665,1.0
1938.315652,1.0
1938.434654,1.0
1938.553656,1.0
1938.672658,1.0
1938.79166,1.0
1938.910662,1.0
1939.029664,1.0
1939.148666,1.0
1939.267668,1.0
1939.38667,1.0
1939.505672,1.0
1939.624674,1.0
1939.743676,1.0
1939.862678,1.0
1939.98168,1.0
1940.100682,1.0
1940.219684,1.0
1940.338686,1.0
1940.457688,1.0
1940.57669,1.0
1940.695692,1.0
1940.814694,1.0
1940.933696,1.0
1941.052698,1.0
1941.1717,1.0
1941.290702,1.0
1941.409704,1.0
1941.528706,1.0
1941.647708,1.0
1941.76671,1.0
1941.885712,1.0
1942.004714,1.0
1942.123716,1.0
1942.242718,1.0
1942.36172,1.0
1942.480722,1.0
1942.599724,1.0
1942.718726,1.0
1942.837728,1.0
1942.95673,1.0
1943.075732,1.0
1943.194734,1.0
1943.313736,1.0
1943.432738,1.0
1943.55174,1.0
1943.670742,1.0
1943.789744,1.0
1943.908746,1.0
1944.027748,1.0
1944.14675,1.0
1944.265752,1.0
1944.384754,1.0
1944.503756,1.0
1944.622758,1.0
1944.74176,1.0
1944.860762,1.0
1944.979764,1.0
1945.098766,1.0
1945.217768,1.0
1945.33677,1.0
1945.455772,1.0
1945.574774,1.0
1945.693776,1.0
1945.812778,1.0
1945.93178,1.0
1946.050782,1.0
1946.169784,1.0
1946.288786,1.0
1946.407788,1.0
1946.52679,1.0
1946.645792,1.0
1946.764794,1.0
1946.883796,1.0
1947.002798,1.0
1947.1218,1.0
1947.240802,1.0
1947.359804,1.0
1947.478806,1.0
1947.597808,1.0
1947.71681,1.0
1947.835812,1.0
1947.954814,1.0
1948.073816,1.0
1948.192818,1.0
1948.31182,1.0
1948.430822,1.0
1948.549824,1.0
1948.668826,1.0
1948.787828,1.0
1948.90683,1.0
1949.025832,1.0
1949.144834,1.0
1949.263836,1.0
1949.382838,1.0
1949.50184,1.0
1949.620842,1.0
1949.739844,1.0
1949.858846,1.0
1949.977848,1.0
1950.09685,1.0
1950.215852,1.0
1950.334854,1.0
1950.453856,1.0
1950.572858,1.0
1950.69186,1.0
1950.810862,1.0
1950.929864,1.0
1951.048866,1.0
1951.167868,1.0
1951.28687,1.0
1951.405872,1.0
1951.524874,1.0
1951.643876,1.0
1951.762878,1.0
1951.88188,1.0
1952.000882,1.0
1952.119884,1.0
1952.238886,1.0
1952.357888,1.0
1952.47689,1.0
1952.595892,1.0
1952.714894,1.0
1952.833896,1.0
1952.952898,1.0
1953.0719,1.0
1953.190902,1.0
1953.309904,1.0
1953.428906,1.0
1953.547908,1.0
1953.66691,1.0
1953.785912,1.0
1953.904914,1.0
1954.023916,1.0
1954.142918,1.0
1954.26192,1.0
1954.380922,1.0
1954.499924,1.0
1954.618926,1.0
1954.737928,1.0
1954.85693,1.0
1954.975932,1.0
1955.094934,1.0
1955.213936,1.0
1955.332938,1.0
1955.45194,1.0
1955.570942,1.0
1955.689944,1.0
1955.808946,1.0
1955.927948,1.0
1956.04695,1.0
1956.165952,1.0
1956.284954,1.0
1956.403956,1.0
1956.522958,1.0
1956.64196,1.0
1956.760962,1.0
1956.879964,1.0
1956.998966,1.0
1957.117968,1.0
1957.23697,1.0
1957.355972,1.0
1957.474974,1.0
1957.593976,1.0
1957.712978,1.0
1957.83198,1.0
1957.950982,1.0
1958.069984,1.0
1958.188986,1.0
1958.307988,1.0
1958.42699,1.0
1958.545992,1.0
1958.664994,1.0
1958.783996,1.0
1958.902998,1.0
1959.022,1.0
1959.141002,1.0
1959.260004,1.0
1959.379006,1.0
1959.498008,1.0
1959.61701,1.0
1959.736012,1.0
1959.855014,1.0
1959.974016,1.0
1960.093018,1.0
1960.21202,1.0
1960.331022,1.0
1960.450024,1.0
1960.569026,1.0
1960.688028,1.0
1960.80703,1.0
1960.926032,1.0
1961.045034,1.0
1961.164036,1.0
1961.283038,1.0
1961.40204,1.0
1961.521042,1.0
1961.640044,1.0
1961.759046,1.0
1961.878048,1.0
1961.99705,1.0
1962.116052,1.0
1962.235054,1.0
1962.354056,1.0
1962.473058,1.0
1962.59206,1.0
1962.711062,1.0
1962.830064,1.0
1962.949066,1.0
1963.068068,1.0
1963.18707,1.0
1963.306072,1.0
1963.425074,1.0
1963.544076,1.0
1963.663078,1.0
1963.78208,1.0
1963.901082,1.0
1964.020084,1.0
1964.139086,1.0
1964.258088,1.0
1964.37709,1.0
1964.496092,1.0
1964.615094,1.0
1964.734096,1.0
1964.853098,1.0
1964.9721,1.0
1965.091102,1.0
1965.210104,1.0
1965.329106,1.0
1965.448108,1.0
1965.56711,1.0
1965.686112,1.0
1965.805114,1.0
1965.924116,1.0
1966.043118,1.0
1966.16212,1.0
1966.281122,1.0
1966.400124,1.0
1966.519126,1.0
1966.638128,1.0
1966.75713,1.0
1966.876132,1.0
1966.995134,1.0
1967.114136,1.0
1967.233138,1.0
1967.35214,1.0
1967.471142,1.0
1967.590144,1.0
1967.709146,1.0
1967.828148,1.0
1967.94715,1.0
1968.066152,1.0
1968.185154,1.0
1968.304156,1.0
1968.423158,1.0
1968.54216,1.0
1968.661162,1.0
1968.780164,1.0
1968.899166,1.0
1969.018168,1.0
1969.13717,1.0
1969.256172,1.0
1969.375174,1.0
1969.494176,1.0
1969.613178,1.0
1969.73218,1.0
1969.851182,1.0
1969.970184,1.0
1970.089186,1.0
1970.208188,1.0
1970.32719,1.0
1970.446192,1.0
1970.565194,1.0
1970.684196,1.0
1970.803198,1.0
1970.9222,1.0
1971.041202,1.0
1971.160204,1.0
1971.279206,1.0
1971.398208,1.0
1971.51721,1.0
1971.636212,1.0
1971.755214,1.0
1971.874216,1.0
1971.993218,1.0
1972.11222,1.0
1972.231222,1.0
1972.350224,1.0
1972.469226,1.0
1972.588228,1.0
1972.70723,1.0
1972.826232,1.0
1972.945234,1.0
1973.064236,1.0
1973.183238,1.0
1973.30224,1.0
1973.421242,1.0
1973.540244,1.0
1973.659246,1.0
1973.778248,1.0
1973.89725,1.0
1974.016252,1.0
1974.135254,1.0
1974.254256,1.0
1974.373258,1.0
1974.49226,1.0
1974.611262,1.0
1974.730264,1.0
1974.849266,1.0
1974.968268,1.0
1975.08727,1.0
1975.206272,1.0
1975.325274,1.0
1975.444276,1.0
1975.563278,1.0
1975.68228,1.0
1975.801282,1.0
1975.920284,1.0
1976.039286,1.0
1976.158288,1.0
1976.27729,1.0
1976.396292,1.0
1976.515294,1.0
1976.634296,1.0
1976.753298,1.0
1976.8723,1.0
1976.991302,1.0
1977.110304,1.0
1977.229306,1.0
1977.348308,1.0
1977.46731,1.0
1977.586312,1.0
1977.705314,1.0
1977.824316,1.0
1977.943318,1.0
1978.06232,1.0
1978.181322,1.0
1978.300324,1.0
1978.419326,1.0
1978.538328,1.0
1978.65733,1.0
1978.776332,1.0
1978.895334,1.0
1979.014336,1.0
1979.133338,1.0
1979.25234,1.0
1979.371342,1.0
1979.490344,1.0
1979.609346,1.0
1979.728348,1.0
1979.84735,1.0
1979.966352,1.0
1980.085354,1.0
1980.204356,1.0
1980.323358,1.0
1980.44236,1.0
1980.561362,1.0
1980.680364,1.0
1980.799366,1.0
1980.918368,1.0
1981.03737,1.0
1981.156372,1.0
1981.275374,1.0
1981.394376,1.0
1981.513378,1.0
1981.63238,1.0
1981.751382,1.0
1981.870384,1.0
1981.989386,1.0
1982.108388,1.0
1982.22739,1.0
1982.346392,1.0
1982.465394,1.0
1982.584396,1.0
1982.703398,1.0
1982.8224,1.0
1982.941402,1.0
1983.060404,1.0
1983.179406,1.0
1983.298408,1.0
1983.41741,1.0
1983.536412,1.0
1983.655414,1.0
1983.774416,1.0
1983.893418,1.0
1984.01242,1.0
1984.131422,1.0
1984.250424,1.0
1984.369426,1.0
1984.488428,1.0
1984.60743,1.0
1984.726432,1.0
1984.845434,1.0
1984.964436,1.0
1985.083438,1.0
1985.20244,1.0
1985.321442,1.0
1985.440444,1.0
1985.559446,1.0
1985.678448,1.0
1985.79745,1.0
1985.916452,1.0
1986.035454,1.0
1986.154456,1.0
1986.273458,1.0
1986.39246,1.0
1986.511462,1.0
1986.630464,1.0
1986.749466,1.0
1986.868468,1.0
1986.98747,1.0
1987.106472,1.0
1987.225474,1.0
1987.344476,1.0
1987.463478,1.0
1987.58248,1.0
1987.701482,1.0
1987.820484,1.0
1987.939486,1.0
1988.058488,1.0
1988.17749,1.0
1988.296492,1.0
1988.415494,1.0
1988.534496,1.0
1988.653498,1.0
1988.7725,1.0
1988.891502,1.0
1989.010504,1.0
1989.129506,1.0
1989.248508,1.0
1989.36751,1.0
1989.486512,1.0
1989.605514,1.0
1989.724516,1.0
1989.843518,1.0
1989.96252,1.0
1990.081522,1.0
1990.200524,1.0
1990.319526,1.0
1990.438528,1.0
1990.55753,1.0
1990.676532,1.0
1990.795534,1.0
1990.914536,1.0
1991.033538,1.0
1991.15254,1.0
1991.271542,1.0
1991.390544,1.0
1991.509546,1.0
1991.628548,1.0
1991.74755,1.0
1991.866552,1.0
1991.985554,1.0
1992.104556,1.0
1992.223558,1.0
1992.34256,1.0
1992.461562,1.0
1992.580564,1.0
1992.699566,1.0
1992.818568,1.0
1992.93757,1.0
1993.056572,1.0
1993.175574,1.0
1993.294576,1.0
1993.413578,1.0
1993.53258,1.0
1993.651582,1.0
1993.770584,1.0
1993.889586,1.0
1994.008588,1.0
1994.12759,1.0
1994.246592,1.0
1994.365594,1.0
1994.484596,1.0
1994.603598,1.0
1994.7226,1.0
1994.841602,1.0
1994.960604,1.0
1995.079606,1.0
1995.198608,1.0
1995.31761,1.0
1995.436612,1.0
1995.555614,1.0
1995.674616,1.0
1995.793618,1.0
1995.91262,1.0
1996.031622,1.0
1996.150624,1.0
1996.269626,1.0
1996.388628,1.0
1996.50763,1.0
1996.626632,1.0
1996.745634,1.0
1996.864636,1.0
1996.983638,1.0
1997.10264,1.0
1997.221642,1.0
1997.340644,1.0
1997.459646,1.0
1997.578648,1.0
1997.69765,1.0
1997.816652,1.0
1997.935654,1.0
1998.054656,1.0
1998.173658,1.0
1998.29266,1.0
1998.411662,1.0
1998.530664,1.0
1998.649666,1.0
1998.768668,1.0
1998.88767,1.0
