nu,[0]Isophorone-PNNL(x-sec)-X=0.01-T=298.15K-P=1.0atm-L=15cm
600,0.9948974623981864
600.241054,0.9955208613968151
600.482108,0.9951918961166304
600.723162,0.9952480265224339
600.964216,0.9961054036888332
601.20527,0.9927913081651273
601.446324,0.9964026858935929
601.687378,0.996277346319732
601.928432,0.9974873619726339
602.169486,0.9930770746234381
602.41054,0.994056830916172
602.651594,0.9936225229842564
602.892648,0.9962511445700784
603.133702,0.9949029343492775
603.374756,0.9946998953812083
603.61581,0.995615539932627
603.856864,0.9942450236861481
604.097918,0.9949949671271552
604.338972,0.9943466407201108
604.580026,0.9947698252418594
604.82108,0.9938447218212998
605.062134,0.9921597959926466
605.303188,0.9926376359651584
605.544242,0.9947342131195765
605.785296,0.9962705716568109
606.02635,0.9948567719241003
606.267404,0.9925005621727948
606.508458,0.991619117063281
606.749512,0.9925433398688772
606.990566,0.9924348608103181
607.23162,0.9950980539455545
607.472674,0.9943173079268705
607.713728,0.9924572900916223
607.954782,0.9936344465260732
608.195836,0.9941003715588992
608.43689,0.9917263168838815
608.677944,0.9925061201915054
608.918998,0.9906187807930469
609.160052,0.9914761358957904
609.401106,0.9927691691658059
609.64216,0.9939776077438334
609.883214,0.9938109316751936
610.124268,0.9957470694327842
610.365322,0.9937748569931333
610.606376,0.9947566943668302
610.84743,0.9935114421957185
611.088484,0.9955554065700608
611.329538,0.9952791782731865
611.570592,0.9921520571764192
611.811646,0.9948065329256635
612.0527,0.9957793321604873
612.293754,0.9941278091077906
612.534808,0.995330635536862
612.775862,0.996639060643624
613.016916,0.9925315286734095
613.25797,0.9938982914954958
613.499024,0.9958181683117415
613.740078,0.9955319117397059
613.981132,0.9948231463334849
614.222186,0.9942970240606849
614.46324,0.9917217549533163
614.704294,0.9949120874983779
614.945348,0.9972593624230284
615.186402,0.9938363735606993
615.427456,0.9952689269504447
615.66851,0.9958560101211272
615.909564,0.9979449145856296
616.150618,0.9976000844132348
616.391672,0.993515217546372
616.632726,0.9951041240621974
616.87378,0.9956294786477567
617.114834,0.996094845027515
617.355888,0.9961437544851233
617.596942,0.9967863747830338
617.837996,0.9971868643027189
618.07905,0.999103322255969
618.320104,0.9955691453294687
618.561158,0.9941000733288324
618.802212,0.9966923822597089
619.043266,0.9982545251162447
619.28432,0.9951899057348286
619.525374,0.9994205079704009
619.766428,0.9978639845348146
620.007482,0.999607367100479
620.248536,0.998244941918803
620.48959,0.9972729252425844
620.730644,0.9965744805249127
620.971698,0.9982700980083048
621.212752,0.9982946557547748
621.453806,0.9973658754106275
621.69486,0.9974259186436104
621.935914,0.996483896021761
622.176968,0.999208633295929
622.418022,0.9968321283276722
622.659076,0.997580032853057
622.90013,0.9984722681721897
623.141184,0.9982818776649611
623.382238,0.9997387841228097
623.623292,0.9990110992849082
623.864346,0.9974566398350085
624.1054,1.0001851971468747
624.346454,0.9984286358874429
624.587508,0.9961446510149057
624.828562,0.9987007447638728
625.069616,0.9994021188022352
625.31067,0.9982014193881334
625.551724,0.9993250878557287
625.792778,0.9990178426325872
626.033832,1.0028893661953253
626.274886,0.9995534697243312
626.51594,1.0017564407381536
626.756994,1.0002696463480425
626.998048,0.999067135388985
627.239102,0.9991788473305325
627.480156,1.0000826854182507
627.72121,0.9972337331867512
627.962264,0.9991996304667008
628.203318,1.0003251328442293
628.444372,0.9983667352309581
628.685426,0.9992780807092128
628.92648,0.9988490628368146
629.167534,1.0015906637656344
629.408588,1.000027664382652
629.649642,0.9995713518958602
629.890696,1.0003370567908794
630.13175,1.001136745606073
630.372804,1.0002377182505062
630.613858,0.9985863002163208
630.854912,0.9997112716900434
631.095966,1.0007470288871967
631.33702,1.0003347960316857
631.578074,1.0012045248580521
631.819128,1.0008269917692794
632.060182,0.999121965697905
632.301236,1.003612007633866
632.54229,0.9982541258145146
632.783344,1.0004936418010315
633.024398,1.0004284817721003
633.265452,1.0005469495223718
633.506506,0.9995023838520043
633.74756,1.000216423416169
633.988614,1.0010636652911076
634.229668,1.001293535896794
634.470722,1.0003751403475472
634.711776,1.0001956091289712
634.95283,1.001458762961075
635.193884,1.0009670372793231
635.434938,0.9990251354894573
635.675992,0.9989296732087704
635.917046,1.0007370114595748
636.1581,0.9989281748153843
636.399154,1.00088326985327
636.640208,1.0013019467978215
636.881262,0.9984239432838818
637.122316,0.9985191974716237
637.36337,1.0024647324712792
637.604424,1.002100202341902
637.845478,0.9992461742694847
638.086532,0.9999914489365606
638.327586,1.0026200262855345
638.56864,0.9997369046156622
638.809694,0.9994578270289111
639.050748,0.9997167201313211
639.291802,0.9998205161091611
639.532856,1.0018089341509637
639.77391,1.0021969096774817
640.014964,0.9986077700525753
640.256018,1.0008857420379997
640.497072,1.0001838068904167
640.738126,1.0003533324071952
640.97918,1.0008641231394566
641.220234,0.9977386606888593
641.461288,1.0006509417706992
641.702342,0.9991722827470703
641.943396,0.998757872080299
642.18445,0.998983017477599
642.425504,1.0005727139380374
642.666558,1.000620382357582
642.907612,1.0008080162694037
643.148666,1.0016549679503903
643.38972,1.0021472019435236
643.630774,1.0000212832264848
643.871828,1.0006473094143733
644.112882,1.0005390252219117
644.353936,0.9997889622715949
644.59499,0.9986461173272083
644.836044,0.9995449635604977
645.077098,1.001231858114678
645.318152,1.0003789017651463
645.559206,1.0008741618569557
645.80026,1.0027304208275365
646.041314,1.000807946212845
646.282368,0.998942559484671
646.523422,0.9998716382390759
646.764476,1.0003820329560094
647.00553,0.9996430637169175
647.246584,1.0000454980350042
647.487638,1.0012370645338768
647.728692,1.0010170168112231
647.969746,0.9996888784083633
648.2108,1.0024246346839416
648.451854,1.0003388273890368
648.692908,1.0003719491559395
648.933962,1.000295043516779
649.175016,1.0018822692489755
649.41607,1.001878061352281
649.657124,0.9974693076147747
649.898178,1.000739643401376
650.139232,1.0007124336603899
650.380286,0.9995104398736838
650.62134,1.0001007850784749
650.862394,0.9979620793857773
651.103448,0.9987541766830088
651.344502,1.000438105940387
651.585556,1.000086948779826
651.82661,0.998530980067671
652.067664,1.0021099227610084
652.308718,1.000783917102527
652.549772,0.9977538264317611
652.790826,1.0026322583244704
653.03188,1.0016578727540093
653.272934,0.9990019084250729
653.513988,0.9996958862519634
653.755042,1.0019616214670064
653.996096,0.999393953720279
654.23715,1.0008428650112433
654.478204,1.003257895443143
654.719258,0.9992486224256107
654.960312,1.0008045434716124
655.201366,1.0004597156368593
655.44242,0.9986654912498109
655.683474,0.9999091031313707
655.924528,1.0003667972536676
656.165582,1.0003352561857977
656.406636,0.9992603536733002
656.64769,0.9999717104001583
656.888744,1.0008894353132018
657.129798,1.0015699310534787
657.370852,0.998506216806431
657.611906,1.0000722556103108
657.85296,1.0001374094398123
658.094014,1.0008874635629565
658.335068,1.001043844426762
658.576122,1.0012179410885738
658.817176,0.9991124141375695
659.05823,1.0011863031015182
659.299284,1.0009264188611036
659.540338,1.0000868297694863
659.781392,1.0004138556146143
660.022446,1.0005168735331134
660.2635,1.0003072671968973
660.504554,0.9996841298974686
660.745608,1.002138783942383
660.986662,0.9984302333745383
661.227716,1.0006988140568494
661.46877,1.0010502511278678
661.709824,1.0003921268616454
661.950878,0.9992799093897737
662.191932,1.0005346028491937
662.432986,1.000400330110719
662.67404,1.0008591388485342
662.915094,1.0008119194282783
663.156148,0.9996198022934725
663.397202,0.9999170454409197
663.638256,0.9996069372694035
663.87931,1.002096795207006
664.120364,1.000060716843193
664.361418,1.0015568105733212
664.602472,1.000037266694386
664.843526,0.9988891174873248
665.08458,1.0000428449178174
665.325634,0.9995944722486154
665.566688,1.0008833098886016
665.807742,0.9999144316611792
666.048796,1.0004171069649286
666.28985,1.0000694954146945
666.530904,1.001567427131781
666.771958,0.9999962999068454
667.013012,1.0009899096374406
667.254066,0.9990244561525962
667.49512,0.9994094944170879
667.736174,0.9983263021969557
667.977228,0.9992229220815497
668.218282,1.0008511520244736
668.459336,0.999916087520849
668.70039,1.0008733711666802
668.941444,0.9993139554362577
669.182498,1.0000803582285496
669.423552,0.9987561741933597
669.664606,0.9985806082906314
669.90566,0.999047913522215
670.146714,0.9992352725531924
670.387768,0.9989946057478135
670.628822,0.9999906102440841
670.869876,0.9992650402153489
671.11093,0.9995759599304139
671.351984,1.0010586599852944
671.593038,1.0013105580315922
671.834092,1.0008759934583478
672.075146,1.0002685960654654
672.3162,0.9985224925904123
672.557254,0.9993879673684254
672.798308,0.9984755631361113
673.039362,1.0004866683846505
673.280416,0.9992043267160002
673.52147,0.9992903119477756
673.762524,0.9988157018352477
674.003578,0.9995684631388274
674.244632,0.9995249228848867
674.485686,0.9980344342593652
674.72674,0.9994746780299283
674.967794,0.9993723270691217
675.208848,0.9991617615183273
675.449902,0.9990441071569156
675.690956,1.0003697583437698
675.93201,0.999110745621231
676.173064,0.998304838412195
676.414118,0.9977605114047928
676.655172,0.9994183792069862
676.896226,0.9982217829047961
677.13728,0.99851160875456
677.378334,0.9996452829269822
677.619388,0.9999050855046657
677.860442,1.000022600255382
678.101496,0.9993368599746013
678.34255,0.9982468385859945
678.583604,0.9994827038438165
678.824658,0.9998819769652664
679.065712,0.9983527581945043
679.306766,1.0001859972953524
679.54782,0.9974759906815239
679.788874,0.9992561068258217
680.029928,0.9999117708924167
680.270982,1.0003441392023131
680.512036,0.9989364659536435
680.75309,0.997954295311916
680.994144,0.9986904581991777
681.235198,0.9996652260493086
681.476252,0.9995679833460803
681.717306,0.9984727674084486
681.95836,0.9975262647383498
682.199414,0.9988616484142954
682.440468,1.0007640217160159
682.681522,0.9987068368569968
682.922576,0.9986543062589449
683.16363,0.9989512503227436
683.404684,0.9999013028708822
683.645738,0.9997579792917378
683.886792,0.9990393217471034
684.127846,1.0012055260630777
684.3689,0.9986486139456223
684.609954,0.9989457561059759
684.851008,0.9988775304407669
685.092062,0.998775150740946
685.333116,0.999402978288427
685.57417,0.9992214532249339
685.815224,0.9991983714759596
686.056278,0.9997512109531289
686.297332,0.9996207119479065
686.538386,0.999690647859244
686.77944,1.00013341889951
687.020494,0.9991400199949453
687.261548,0.9987082350475471
687.502602,0.9998364233801145
687.743656,0.9990471842175044
687.98471,0.9986668893824773
688.225764,0.9986203525897478
688.466818,0.999214009052837
688.707872,1.0004862681900633
688.948926,0.9985778122688427
689.18998,1.0017898999620403
689.431034,0.999117709447397
689.672088,0.9993100880987335
689.913142,1.0000764039186307
690.154196,1.0004795649545222
690.39525,0.999343765416162
690.636304,1.0001635133668534
690.877358,0.9979099871248532
691.118412,0.9994135020571959
691.359466,0.9994827038438165
691.60052,0.9980440154359237
691.841574,0.9992742235032657
692.082628,0.9985332766915663
692.323682,0.9990762669043334
692.564736,0.9993254476128252
692.80579,0.9996218415199492
693.046844,0.9983852051864064
693.287898,0.9998542806181007
693.528952,1.0000573836463784
693.770006,0.9986709839251176
694.01106,0.9993646719064156
694.252114,0.9996677751988852
694.493168,1.0002033106648123
694.734222,0.9991580646266489
694.975276,0.9983084323160822
695.21633,0.9990128675361188
695.457384,0.9996180929450721
695.698438,1.0002712867916077
695.939492,1.001565924781767
696.180546,1.000623214117271
696.4216,1.001383456093674
696.662654,0.9989259771758171
696.903708,0.9989028023619755
697.144762,0.9997510509929479
697.385816,0.9994307520831087
697.62687,0.9986589000793195
697.867924,0.9996973957938913
698.108978,1.0002110922768397
698.350032,1.0005534831152842
698.591086,0.9991455252716225
698.83214,1.000657956358387
699.073194,0.9997479017820973
699.314248,1.0017045510984768
699.555302,1.0011640770122998
699.796356,1.0007248125497576
700.03741,0.9988332811462974
700.278464,1.0005673808996847
700.519518,0.9989970033377444
700.760572,1.0000346916017397
701.001626,0.9993221098714041
701.24268,1.0012542859594908
701.483734,0.9994545288235239
701.724788,1.0008605000178887
701.965842,0.9997771748292168
702.206896,1.0011234305759014
702.44795,1.0000796841746151
702.689004,0.9997058032843433
702.930058,0.9996663056883357
703.171112,1.0009411826346644
703.412166,0.9995077012188305
703.65322,0.9999859540986445
703.894274,1.0008279525636525
704.135328,1.0000109660601268
704.376382,1.0002431795633573
704.617436,1.0009051694187947
704.85849,1.0007210398243258
705.099544,1.0007553050993476
705.340598,1.000416976910713
705.581652,0.9995702423722753
705.822706,1.0015270647777745
706.06376,1.0003932973211187
706.304814,1.000465388259529
706.545868,1.000127818168046
706.786922,0.9994692608918538
707.027976,1.0012590919915978
707.26903,1.0002841103517033
707.510084,1.000840563075301
707.751138,1.001289831117565
707.992192,1.0010023019692302
708.233246,1.0015248614206556
708.4743,1.0020883776292802
708.715354,1.000992642343624
708.956408,1.0003571837749388
709.197462,0.999139400528325
709.438516,1.0012044247376046
709.67957,1.0011809968281735
709.920624,0.9995462329834075
710.161678,1.001080082869842
710.402732,1.0004266910067208
710.643786,1.0007461482301987
710.88484,1.0004270411561238
711.125894,1.0007497709378124
711.366948,1.0010581594560894
711.608002,1.0003168901990944
711.849056,1.000175505399271
712.09011,1.0009447059538281
712.331164,1.00017801584294
712.572218,1.0005846608475646
712.813272,1.0015546071507617
713.054326,1.0001371694068628
713.29538,1.0010485493438874
713.536434,1.0012107323453494
713.777488,0.9999151206024599
714.018542,1.001416302009704
714.259596,1.0006590570827445
714.50065,1.0008682767341863
714.741704,1.000318840818932
714.982758,1.0009304626120041
715.223812,1.0014872047938153
715.464866,0.9997294266115835
715.70592,1.0001852371542832
715.946974,1.0007609393675758
716.188028,0.99995768889514
716.429082,1.0003998299106789
716.670136,1.0002321869512185
716.91119,1.001137246174571
717.152244,1.000303135936415
717.393298,0.9992783205359809
717.634352,0.999808348367521
717.875406,1.0003660969971546
718.11646,0.9999008789128196
718.357514,1.0015740374986142
718.598568,0.9999776682493573
718.839622,1.0011093148350465
719.080676,1.000436975445966
719.32173,1.0007182177949725
719.562784,0.999756029765579
719.803838,1.0009409123805815
720.044892,0.999982675150077
720.285946,1.0006323298362738
720.527,1.0002732673307164
720.768054,0.9993615239126572
721.009108,0.9996914376151678
721.250162,0.99922603966193
721.491216,1.000605203061517
721.73227,0.9993821609412026
721.973324,0.9996772720878597
722.214378,0.9984989277376535
722.455432,0.9993713676721482
722.696486,0.9996100160635117
722.93754,1.0000423038947845
723.178594,1.0003224119635683
723.419648,0.9987310058548924
723.660702,0.9998428823442719
723.901756,0.9991350842554377
724.14281,0.9996123451575625
724.383864,0.9996383754019428
724.624918,0.9990987863371824
724.865972,0.9989226807255316
725.107026,0.999003796540464
725.34808,0.9993243683419245
725.589134,0.9995490517077589
725.830188,0.9999402907826663
726.071242,0.9997886123455193
726.312296,0.9989643366698382
726.55335,0.999764357767993
726.794404,1.0004445287736445
727.035458,0.9969612264472134
727.276512,0.9986992467138792
727.517566,0.9979244569245723
727.75862,0.9990166238315626
727.999674,0.9982722942049361
728.240728,0.9987393952305769
728.481782,0.9991041615031121
728.722836,0.9972819007393012
728.96389,0.9986260447419801
729.204944,0.9981575993076801
729.445998,0.997986629554896
729.687052,0.9985153032543472
729.928106,0.9975297560863863
730.16916,0.9978405350067111
730.410214,0.9977820632645985
730.651268,0.9974353942348465
730.892322,0.998039923463849
731.133376,0.9985484545127231
731.37443,0.9978680757855383
731.615484,0.998770456508769
731.856538,0.9974850677543398
732.097592,0.9983317930067175
732.338646,0.9979441162300172
732.5797,0.9988266888683964
732.820754,0.9976936636899522
733.061808,0.9963819609332667
733.302862,0.9973834292045076
733.543916,0.9971958390248837
733.78497,0.9961958541658776
734.026024,0.9969009121175403
734.267078,0.9966785283318805
734.508132,0.9970128703763096
734.749186,0.9974096607336388
734.99024,0.9980389254244245
735.231294,0.9977571190248211
735.472348,0.9966830133953494
735.713402,0.9984112633803197
735.954456,0.9968289384699653
736.19551,0.9950158622408627
736.436564,0.9960782103825028
736.677618,0.997004694904292
736.918672,0.9958829981846881
737.159726,0.9974428750283562
737.40078,0.9970852561382703
737.641834,0.995667711553804
737.882888,0.9972531794341487
738.123942,0.9974288111829687
738.364996,0.9969075913760269
738.60605,0.9968130890158471
738.847104,0.9975347437476358
739.088158,0.9972140878757144
739.329212,0.9973053371393452
739.570266,0.997071895285356
739.81132,0.9967918571231715
740.052374,0.9971958390248837
740.293428,0.9973229896000364
740.534482,0.9982606144874204
740.775536,0.9973024449580611
741.01659,0.9974148472773596
741.257644,0.9967668379615495
741.498698,0.997986030763098
741.739752,0.9971019076010872
741.980806,0.9973103236784973
742.22186,0.9967536807261264
742.462914,0.9977063344799404
742.703968,0.9971552539801467
742.945022,0.9972986552159708
743.186076,0.9966328815006034
743.42713,0.9972516835555014
743.668184,0.9961444517859954
743.909238,0.9984006802770184
744.150292,0.997711622337526
744.391346,0.9983768187859058
744.6324,0.9988036162383735
744.873454,0.9980825406784519
745.114508,0.9984745646610474
745.355562,0.9976916683046202
745.596616,0.9992122404456062
745.83767,0.9980944179313556
746.078724,0.9990778854091967
746.319778,0.998327799687532
746.560832,0.9973587941380506
746.801886,0.9984637811939799
747.04294,0.9986819693663606
747.283994,0.9980300429175155
747.525048,0.9981164760617333
747.766102,0.9993602447307253
748.007156,0.9974592332256434
748.24821,0.9977907440063101
748.489264,0.998239551410671
748.730318,0.9987335026855281
748.971372,0.9990567950976448
749.212426,0.9995835967199203
749.45348,0.9986317369266579
749.694534,0.9993938038111971
749.935588,0.9979120827380266
750.176642,0.9987924297005164
750.417696,0.9991006446626532
750.65875,0.9990525091531872
750.899804,0.999317313136789
751.140858,0.9991108854967452
751.381912,0.9989070976532606
751.622966,0.9991830638741651
751.86402,0.9987268111934766
752.105074,0.9994970964983787
752.346128,0.9990728200971583
752.587182,0.9989911092728123
752.828236,0.999368099733119
753.06929,0.9994327509466117
753.310344,0.9991590338104417
753.551398,0.9998430323207155
753.792452,0.9992253501962005
754.033506,0.9991186086537401
754.27456,1.000310708259815
754.515614,0.9985066162089976
754.756668,0.999786772736165
754.997722,1.000605483231013
755.238776,0.9985049187491929
755.47983,0.9994168800805416
755.720884,0.9993802621169007
755.961938,0.9991346046707125
756.202992,0.9993169633757906
756.444046,0.9996952764376588
756.6851,0.9998850866030503
756.926154,0.999050760812826
757.167208,0.9998998150188504
757.408262,0.9996481219236171
757.649316,0.9986389271010484
757.89037,0.9991559663969163
758.131424,0.9991516600439814
758.372478,0.9993121666658784
758.613532,0.9997209389447818
758.854586,0.9991423380024805
759.09564,0.9988889177095213
759.336694,0.9994350496445824
759.577748,0.999230576158448
759.818802,0.9993726168871385
760.059856,0.9986021778647212
760.30091,0.9982896642939747
760.541964,1.0001558221390086
760.783018,1.0000840895353267
761.024072,0.9984545953694478
761.265126,0.9989644365662769
761.50618,0.9972017224976902
761.747234,0.998758471335202
761.988288,0.9988768312267403
762.229342,0.9983625420994757
762.470396,0.9984875449147594
762.71145,0.9983592475085228
762.952504,0.9989898105852143
763.193558,0.998089028236051
763.434612,0.9984487045047131
763.675666,0.9976023788960676
763.91672,0.9986000808023495
764.157774,0.9989896107872722
764.398828,0.997682290047016
764.639882,0.9971804823272097
764.880936,0.9975855195583261
765.12199,0.9965956081278516
765.363044,0.9976077659634587
765.604098,0.9971753967197181
765.845152,0.9973390466294276
766.086206,0.9983737238225647
766.32726,0.9983193139372992
766.568314,0.9976667263246887
766.809368,0.998019064647424
767.050422,0.9975916048485555
767.291476,0.9969575376974997
767.53253,0.9965263471399339
767.773584,0.996605374812668
768.014638,0.99567956007007
768.255692,0.9957605121089594
768.496746,0.9977908437853894
768.7378,0.9970000089932378
768.978854,0.9966041788869358
769.219908,0.9956227083903209
769.460962,0.9965709925203349
769.702016,0.9964752266495774
769.94307,0.9967352409536014
770.184124,0.9960032085171167
770.425178,0.9968440903849843
770.666232,0.9963003605922458
770.907286,0.9944704445835111
771.14834,0.9951605480656371
771.389394,0.9969134731481673
771.630448,0.9963026520857104
771.871502,0.9960513166338897
772.112556,0.9948839318847056
772.35361,0.995622608828055
772.594664,0.9946489680503156
772.835718,0.9956399328121669
773.076772,0.9947838515952809
773.317826,0.9953161038156649
773.55888,0.9951280068477671
773.799934,0.9947676367506513
774.040988,0.9958260353063458
774.282042,0.994529816241279
774.523096,0.9949325828984823
774.76415,0.9942358766740065
775.005204,0.993552276355129
775.246258,0.9946847760577057
775.487312,0.9947697257648819
775.728366,0.9955754174348415
775.96942,0.9940810861987596
776.210474,0.9947241663547602
776.451528,0.9938520762994528
776.692582,0.9939527586142551
776.933636,0.9938525732256153
777.17469,0.9940703501810032
777.415744,0.9931544383408288
777.656798,0.9930531417543318
777.897852,0.9941902422945842
778.138906,0.9933935193863871
778.37996,0.9936992336040226
778.621014,0.9946953197722135
778.862068,0.9924522285723497
779.103122,0.9935579396192444
779.344176,0.9945704933426044
779.58523,0.9933782212439844
779.826284,0.9924860717703673
780.067338,0.992595251243023
780.308392,0.9935274378587026
780.549446,0.9931500684709139
780.7905,0.9925221989208899
781.031554,0.9928476010281878
781.272608,0.9922348061085703
781.513662,0.9926677133411981
781.754716,0.9925375831342005
781.99577,0.9918576301409827
782.236824,0.9924245395414364
782.477878,0.9913438818008061
782.718932,0.9923724386207716
782.959986,0.9923455456920858
783.20104,0.9923583470321937
783.442094,0.9921607881529386
783.683148,0.991812104920571
783.924202,0.9905627133567774
784.165256,0.9904531631789166
784.40631,0.990011222558575
784.647364,0.989357041371165
784.888418,0.9897865155162684
785.129472,0.9893728712104652
785.370526,0.9891819406717113
785.61158,0.988633097012842
785.852634,0.9891918325405773
786.093688,0.9895193092315507
786.334742,0.9887082359834597
786.575796,0.9873773425475512
786.81685,0.9876103910990398
787.057904,0.9884324248630607
787.298958,0.9877970671032842
787.540012,0.9866153813939528
787.781066,0.9866775401209599
788.02212,0.985870767907962
788.263174,0.9873575951981743
788.504228,0.9864989676474943
788.745282,0.9859811916175799
788.986336,0.986190241788738
789.22739,0.9852281896705549
789.468444,0.985216367003215
789.709498,0.984778043254166
789.950552,0.9850479094079924
790.191606,0.9845141581007639
790.43266,0.9833777006786573
790.673714,0.9845456630578997
790.914768,0.9842011323722165
791.155822,0.983814417321679
791.396876,0.9831938262414261
791.63793,0.9841046853872235
791.878984,0.983439655425354
792.120038,0.9827790059799835
792.361092,0.9824596547004338
792.602146,0.9824655494760464
792.8432,0.9818094816400497
793.084254,0.9814011338379192
793.325308,0.982540219695239
793.566362,0.9821669253421738
793.807416,0.9815885993568694
794.04847,0.9808497413565024
794.289524,0.9804015954338454
794.530578,0.9795539147285548
794.771632,0.9790750299611208
795.012686,0.9782324091606333
795.25374,0.9771002716649482
795.494794,0.9794216838758498
795.735848,0.9798654624068939
795.976902,0.9787461160116918
796.217956,0.97873143493006
796.45901,0.9783899172575696
796.700064,0.9794726151276124
796.941118,0.9793854459439523
797.182172,0.9802408227559142
797.423226,0.9809723552373799
797.66428,0.9805280753974386
797.905334,0.9803810072165183
798.146388,0.981440390668404
798.387442,0.9804859135966817
798.628496,0.9825323594049226
798.86955,0.9815463919545627
799.110604,0.9814855379647547
799.351658,0.9823211376548023
799.592712,0.9811734751842938
799.833766,0.9808713202881796
800.07482,0.9816877448121657
800.315874,0.9815022233607256
800.556928,0.9816249188069512
800.797982,0.9808693585475008
801.039036,0.9800800764425401
801.28009,0.9800281335749869
801.521144,0.9818703557149882
801.762198,0.980341792760524
802.003252,0.9798791806193948
802.244306,0.9799575740895414
802.48536,0.9805163091311315
802.726414,0.980506504017066
802.967468,0.9803486551770917
803.208522,0.9786942438421677
803.449576,0.9797508248542199
803.69063,0.9796998791359276
803.931684,0.9796499157161698
804.172738,0.9784496008628538
804.413792,0.9774296099468829
804.654846,0.9775957871052321
804.8959,0.97908873710749
805.136954,0.9769595793559178
805.378008,0.9763198803557328
805.619062,0.9760367886407123
805.860116,0.9734186715317553
806.10117,0.9740730287184146
806.342224,0.9721871032408163
806.583278,0.9734722110310122
806.824332,0.9724914454311987
807.065386,0.9710007871810977
807.30644,0.9696840327328474
807.547494,0.9680650437561581
807.788548,0.9670191308616283
808.029602,0.9652279383415514
808.270656,0.9644917503160441
808.51171,0.9621046985373857
808.752764,0.9615526089053079
808.993818,0.9595153171334975
809.234872,0.9580004799689231
809.475926,0.9567032683778942
809.71698,0.9552224821801704
809.958034,0.9529336499973474
810.199088,0.950489655815785
810.440142,0.9484151031919341
810.681196,0.9467738699514762
810.92225,0.9445005591824865
811.163304,0.9421950183343699
811.404358,0.939793602157931
811.645412,0.9373983065823658
811.886466,0.9353831944649217
812.12752,0.9325663287192041
812.368574,0.9299392663195908
812.609628,0.9286289759258901
812.850682,0.9247544834481567
813.091736,0.9222158243587967
813.33279,0.9212341873203606
813.573844,0.9174933014059583
813.814898,0.9157480561607957
814.055952,0.913949464077721
814.297006,0.9109165395722135
814.53806,0.9089465385596223
814.779114,0.9061204814930884
815.020168,0.9037432268792863
815.261222,0.9015407814817923
815.502276,0.8993347101080899
815.74333,0.8965690205492469
815.984384,0.8945808450150142
816.225438,0.8919100431270113
816.466492,0.8893183576327932
816.707546,0.8854670792797859
816.9486,0.8821086893606306
817.189654,0.8795366889358096
817.430708,0.8756226900087362
817.671762,0.8723627010340989
817.912816,0.8697930232043986
818.15387,0.8682982650649945
818.394924,0.8662341724386856
818.635978,0.8629918773948114
818.877032,0.8606477289753934
819.118086,0.8574434925622433
819.35914,0.8556447505679942
819.600194,0.852544390681054
819.841248,0.8506623480008175
820.082302,0.848088742068364
820.323356,0.847054704694094
820.56441,0.8455567439531213
820.805464,0.8434286235163111
821.046518,0.842012853009019
821.287572,0.8427288681974217
821.528626,0.8425940423648642
821.76968,0.8423834201831427
822.010734,0.8427710056942601
822.251788,0.8421560073618057
822.492842,0.8400868496911068
822.733896,0.8361644288585005
822.97495,0.8302486871477026
823.216004,0.8263639376632964
823.457058,0.8195171119928235
823.698112,0.8144192470940138
823.939166,0.807017440033181
824.18022,0.8006991463770267
824.421274,0.7995069930237314
824.662328,0.8054291806254885
824.903382,0.8101952588964877
825.144436,0.8173319198335032
825.38549,0.8255132210017944
825.626544,0.8330430145776986
825.867598,0.8404145474593976
826.108652,0.8476817571563642
826.349706,0.8549006633598688
826.59076,0.8609920569279831
826.831814,0.8662774852301183
827.072868,0.8704630217486019
827.313922,0.8739780657826889
827.554976,0.8768318834725393
827.79603,0.8803726458069415
828.037084,0.8820116627413629
828.278138,0.8848120760222141
828.519192,0.8867164684739597
828.760246,0.8871954246734709
829.0013,0.8896029850451929
829.242354,0.8893361441778107
829.483408,0.8925345987261573
829.724462,0.8937313967640548
829.965516,0.8953326086213378
830.20657,0.8973314281940595
830.447624,0.8982381907745564
830.688678,0.900468586034648
830.929732,0.9019555856389156
831.170786,0.9034450408178223
831.41184,0.9057970542163994
831.652894,0.9076739960832506
831.893948,0.9081016112308679
832.135002,0.9098677679270797
832.376056,0.9126032949380589
832.61711,0.9137676062298257
832.858164,0.914942552345035
833.099218,0.9180145856318621
833.340272,0.9188788439266957
833.581326,0.9209431233077034
833.82238,0.9245205501576534
834.063434,0.9271072725432099
834.304488,0.9293573065112994
834.545542,0.9323388102933733
834.786596,0.9351213238340708
835.02765,0.9381822992299346
835.268704,0.9423080885206455
835.509758,0.9444183912081964
835.750812,0.9475116941413785
835.991866,0.9496583411201652
836.23292,0.9504050660007201
836.473974,0.9533587531962129
836.715028,0.9559391677653052
836.956082,0.9559219610151467
837.197136,0.9573856410451955
837.43819,0.9591258329853733
837.679244,0.9618651642907011
837.920298,0.9639951649463395
838.161352,0.9636819174232117
838.402406,0.9643991635522495
838.64346,0.965341841958457
838.884514,0.9658275310455272
839.125568,0.9668499173203442
839.366622,0.9667300353634314
839.607676,0.9686702735231064
839.84873,0.968213169039148
840.089784,0.9689880494852308
840.330838,0.9688979377868876
840.571892,0.9694610310514953
840.812946,0.9684649371915397
841.054,0.9700797445379213
841.295054,0.9695637993674112
841.536108,0.9696753056158249
841.777162,0.9712532802084359
842.018216,0.9707998108199222
842.25927,0.9690549119673744
842.500324,0.969740276037786
842.741378,0.970069073719421
842.982432,0.968391336653169
843.223486,0.9682034869558681
843.46454,0.9680360022404704
843.705594,0.9668721551241763
843.946648,0.9661627313526898
844.187702,0.9653341192546122
844.428756,0.9643413013383202
844.66981,0.9633254210696576
844.910864,0.9622480628178414
845.151918,0.960859579341467
845.392972,0.9608201849063055
845.634026,0.9590577374686509
845.87508,0.9576585348384118
846.116134,0.9557441760649108
846.357188,0.953383540846034
846.598242,0.9524277765504853
846.839296,0.9496573914622989
847.08035,0.948638955569829
847.321404,0.9473752622807519
847.562458,0.9425616034926926
847.803512,0.9418379940827905
848.044566,0.9390852648586242
848.28562,0.9379609143317619
848.526674,0.9344230490432713
848.767728,0.9332753485224283
849.008782,0.9295738719926153
849.249836,0.9270368150679146
849.49089,0.9241304847950671
849.731944,0.9216138140032634
849.972998,0.918786041850043
850.214052,0.9162793440919752
850.455106,0.9136771477145792
850.69616,0.9103938235123601
850.937214,0.9077820157158252
851.178268,0.9050446495317904
851.419322,0.9014776758358118
851.660376,0.8989930278419909
851.90143,0.8962373513742249
852.142484,0.8939191000655321
852.383538,0.8915266042537325
852.624592,0.8885449871266031
852.865646,0.887071226008126
853.1067,0.882867629130806
853.347754,0.8811917732027423
853.588808,0.8798885739837017
853.829862,0.8766916015940333
854.070916,0.874974968904496
854.31197,0.8726680814179105
854.553024,0.8720661481325973
854.794078,0.8694712593158032
855.035132,0.8681853936273385
855.276186,0.8667887397516573
855.51724,0.8657665322597807
855.758294,0.8642441232758937
855.999348,0.8625432382748466
856.240402,0.8612073318504592
856.481456,0.8599336877284532
856.72251,0.8579924320393786
856.963564,0.8561925384817922
857.204618,0.8557217620610105
857.445672,0.8530560708041492
857.686726,0.8506793614179112
857.92778,0.8497101395073505
858.168834,0.8481820369611166
858.409888,0.8463265507991105
858.650942,0.8449397127738173
858.891996,0.8433611519253293
859.13305,0.8433695855790168
859.374104,0.8409441754395933
859.615158,0.8425013621177112
859.856212,0.8426951597168678
860.097266,0.842560339277236
860.33832,0.8454130115242519
860.579374,0.8462588473832193
860.820428,0.848835388637691
861.061482,0.8497611236452298
861.302536,0.8516071074515905
861.54359,0.8531157868191416
861.784644,0.8573491789654043
862.025698,0.8589968706668805
862.266752,0.8603379515562433
862.507806,0.8632853445197098
862.74886,0.8638898558151428
862.989914,0.8650136429310612
863.230968,0.866104247057467
863.472022,0.8686717136046543
863.713076,0.8681593484562092
863.95413,0.8694103984578059
864.195184,0.8692626112523364
864.436238,0.8717261086468353
864.677292,0.8723627010340989
864.918346,0.8739081503340815
865.1594,0.8756489590834706
865.400454,0.8767091356014046
865.641508,0.8797302082937243
865.882562,0.8800117670073698
866.123616,0.8843432498718267
866.36467,0.8860782623984161
866.605724,0.8885449871266031
866.846778,0.8912948374676144
867.087832,0.8940442575003572
867.328886,0.8964166167704418
867.56994,0.8999194676952875
867.810994,0.9022532800990608
868.052048,0.9049948734449211
868.293102,0.9069526820166965
868.534156,0.9097658684435495
868.77521,0.9123450647468869
869.016264,0.9141249592218187
869.257318,0.9169374688995658
869.498372,0.9182533004557087
869.739426,0.9214276668143337
869.98048,0.9219484205451596
870.221534,0.9236435963359576
870.462588,0.924474325285777
870.703642,0.9254112922709455
870.944696,0.9269598742053539
871.18575,0.9271248877487321
871.426804,0.9288221508423775
871.667858,0.929826750475712
871.908912,0.9305597427161005
872.149966,0.9311061416374691
872.39102,0.932862931969154
872.632074,0.9322577003452117
872.873128,0.9326530614207831
873.114182,0.93266238799803
873.355236,0.9333360133916693
873.59629,0.9335871145508633
873.837344,0.9346791160382855
874.078398,0.9338149376000955
874.319452,0.9349820011366182
874.560506,0.9355918081768517
874.80156,0.935041841899575
875.042614,0.9355169638260116
875.283668,0.935400031513955
875.524722,0.935319590570255
875.765776,0.9340811127854737
876.00683,0.9346080831247515
876.247884,0.9346613573037893
876.488938,0.933708488764908
876.729992,0.9329646195706123
876.971046,0.9324814690444644
877.2121,0.9308119585800827
877.453154,0.9303559724461048
877.694208,0.9308073045319248
877.935262,0.929654748437553
878.176316,0.9277908024529066
878.41737,0.9293731057198029
878.658424,0.9286744798605477
878.899478,0.9287645656541845
879.140532,0.9289614846147756
879.381586,0.9300620264047323
879.62264,0.9329310334488615
879.863694,0.9338578940752164
880.104748,0.9349773262382998
880.345802,0.9363686717314152
880.586856,0.9374095554295377
880.82791,0.938663710220801
881.068964,0.9402457516137956
881.310018,0.9413502483389095
881.551072,0.9419811643385548
881.792126,0.9429104158122846
882.03318,0.9425729142997993
882.274234,0.943823595002213
882.515288,0.9439887785844803
882.756342,0.9435140716276607
882.997396,0.943851910134788
883.23845,0.9427058264508019
883.479504,0.9431801267580338
883.720558,0.9439529076924453
883.961612,0.9437046807209998
884.202666,0.9445780114038372
884.44372,0.9441492703182505
884.684774,0.9449908822005193
884.925828,0.9448378060771035
885.166882,0.9450513635523627
885.407936,0.9459808057887514
885.64899,0.9447197087325817
885.890044,0.9453264135169853
886.131098,0.9451789540986104
886.372152,0.9444193356270598
886.613206,0.945180844458409
886.85426,0.945218652448342
887.095314,0.9459949956072616
887.336368,0.9456318032663408
887.577422,0.9457433944028738
887.818476,0.9456677379576197
888.05953,0.9441332199170839
888.300584,0.9436301309959757
888.541638,0.9434574624816544
888.782692,0.9425663163124921
889.023746,0.9419802223578615
889.2648,0.9404206535889752
889.505854,0.9384103052302546
889.746908,0.9378155416567138
889.987962,0.9370758970225251
890.229016,0.934371657188863
890.47007,0.9326633206608844
890.711124,0.9308771176977257
890.952178,0.928562117046572
891.193232,0.9264186876806644
891.434286,0.9232446684769622
891.67534,0.9218562303126936
891.916394,0.9177896996080451
892.157448,0.915688534471621
892.398502,0.9127767060376298
892.639556,0.9092765460458544
892.88061,0.9069309154135284
893.121664,0.9036890039123788
893.362718,0.9002254923355447
893.603772,0.8972416995377478
893.844826,0.8934901218605062
894.08588,0.8894339765343512
894.326934,0.8862998096562691
894.567988,0.8827616913717029
894.809042,0.8798621777224281
895.050096,0.8752375007729786
895.29115,0.8718743146824613
895.532204,0.8683590480709295
895.773258,0.8649271458916921
896.014312,0.8608887440800466
896.255366,0.8570663004138739
896.49642,0.8536278098827915
896.737474,0.8497951147699936
896.978528,0.8464196518401618
897.219582,0.8422654947592894
897.460636,0.8379222191929667
897.70169,0.8339682057099642
897.942744,0.8300992558332378
898.183798,0.8266945493562922
898.424852,0.8233779081831574
898.665906,0.8188371949944566
898.90696,0.8154052908191457
899.148014,0.8105842459701871
899.389068,0.8060657210785562
899.630122,0.8021737890615843
899.871176,0.7973113691594298
900.11223,0.7933506289697465
900.353284,0.7879505065842939
900.594338,0.7832369583301867
900.835392,0.779174697179486
901.076446,0.7754513748559816
901.3175,0.7715992268190418
901.558554,0.7675819730094635
901.799608,0.7637918305845622
902.040662,0.7598912105203645
902.281716,0.7550660878407832
902.52277,0.7511874934414792
902.763824,0.7470673031371956
903.004878,0.7414926720913868
903.245932,0.7375805325881472
903.486986,0.7305920837149578
903.72804,0.7268610119407263
903.969094,0.7203990387567554
904.210148,0.7145802297160042
904.451202,0.7063884361093545
904.692256,0.7012365516582988
904.93331,0.6971044659783341
905.174364,0.6924702514765348
905.415418,0.6883347528537336
905.656472,0.6845045411616757
905.897526,0.6842034254138871
906.13858,0.685785762221981
906.379634,0.6862385302220521
906.620688,0.6858269106021533
906.861742,0.6864375682549362
907.102796,0.6867121982045664
907.34385,0.689933543360231
907.584904,0.7014118827116819
907.825958,0.7178102648062172
908.067012,0.7324354974917437
908.308066,0.7446283828638445
908.54912,0.7552020119693991
908.790174,0.7637765549007078
909.031228,0.7707894728261242
909.272282,0.7761107887358059
909.513336,0.780094665997013
909.75439,0.782845437739326
909.995444,0.7853388486534936
910.236498,0.7882657498313738
910.477552,0.789583253442909
910.718606,0.7917259260698154
910.95966,0.7935489914212622
911.200714,0.794795841859274
911.441768,0.7954001162942866
911.682822,0.797678216757722
911.923876,0.798500248594704
912.16493,0.8011396520354856
912.405984,0.8027836728677618
912.647038,0.8057997632760513
912.888092,0.8070577919139713
913.129146,0.809765969181096
913.3702,0.8114195778656123
913.611254,0.8130603019863619
913.852308,0.8154542166043538
914.093362,0.8177815760335315
914.334416,0.8181823871965034
914.57547,0.819631852420145
914.816524,0.8201073767832835
915.057578,0.819115646974909
915.298632,0.819599067801745
915.539686,0.8175526292462881
915.78074,0.8152829891983737
916.021794,0.8117604456655431
916.262848,0.8124588599239009
916.503902,0.8159517954225929
916.744956,0.8254059112583485
916.98601,0.8394486262409724
917.227064,0.8542084741970037
917.468118,0.8684545728199822
917.709172,0.8793256254590953
917.950226,0.8894873441739565
918.19128,0.8970802105662744
918.432334,0.9024878964506906
918.673388,0.9079772098318196
918.914442,0.9129346300678092
919.155496,0.9166083474290697
919.39655,0.9198690095500829
919.637604,0.9219640938015312
919.878658,0.9250994812085652
920.119712,0.9282260383941072
920.360766,0.9297728220881227
920.60182,0.931110797179816
920.842874,0.9330952437608321
921.083928,0.9351194535932933
921.324982,0.9360803145898013
921.566036,0.9381231956068667
921.80709,0.9408185356715711
922.048144,0.9421139930469304
922.289198,0.9433621780898865
922.530252,0.9455022605831697
922.771306,0.9462466637464717
923.01236,0.9485716045949715
923.253414,0.9505904130593411
923.494468,0.9514330093803623
923.735522,0.9542133454392282
923.976576,0.9548423792777577
924.21763,0.9580129340561141
924.458684,0.9591124053177055
924.699738,0.9608067335178768
924.940792,0.9632849622516138
925.181846,0.964092533375022
925.4229,0.9657135701206906
925.663954,0.9673586141523929
925.905008,0.9693563349138349
926.146062,0.9706192588469638
926.387116,0.9727238986637116
926.62817,0.9737399527018382
926.869224,0.9740350406110675
927.110278,0.9759001530550168
927.351332,0.9775361555809987
927.592386,0.9779389834539417
927.83344,0.9795460783285826
928.074494,0.9793991574361757
928.315548,0.9810763438183324
928.556602,0.9820068451802306
928.797656,0.9822464840852121
929.03871,0.9835242348725848
929.279764,0.9838714802126916
929.520818,0.9831141907667809
929.761872,0.9852646437879697
930.002926,0.9851621815931423
930.24398,0.9854577745843519
930.485034,0.9855159183082755
930.726088,0.9861221970096266
930.967142,0.9856805132099247
931.208196,0.9863924315120434
931.44925,0.986164601175781
931.690304,0.9858687961683978
931.931358,0.9867209548878431
932.172412,0.9859328797228418
932.413466,0.9860551429800927
932.65452,0.9857721857603607
932.895574,0.9858944290903248
933.136628,0.9848115262768448
933.377682,0.9857081126506849
933.618736,0.9847504698549843
933.85979,0.9844688714910913
934.100844,0.9840810671581941
934.341898,0.9835970183589211
934.582952,0.9824459003615487
934.824006,0.9832026750256817
935.06506,0.9831397520680363
935.306114,0.9823113144925416
935.547168,0.9817957364035236
935.788222,0.9815915441270846
936.029276,0.9819430168097385
936.27033,0.9811185310081347
936.511384,0.97993993501196
936.752438,0.9789967070916804
936.993492,0.9795881997155541
937.234546,0.9788714035327716
937.4756,0.9786883716943212
937.716654,0.9780719922000812
937.957708,0.9773729206735108
938.198762,0.9774931449363943
938.439816,0.9766050073873174
938.68087,0.9764936807622134
938.921924,0.9757840278463902
939.162978,0.9741986922442424
939.404032,0.9737555326657208
939.645086,0.973337881134866
939.88614,0.9726198227747139
940.127194,0.9723319699114981
940.368248,0.9714349215547715
940.609302,0.9694552143027593
940.850356,0.9689802976118425
941.09141,0.9674882488920229
941.332464,0.9668238127249902
941.573518,0.9674650294526839
941.814572,0.9673247571933977
942.055626,0.9679517867717015
942.29668,0.9678482214713592
942.537734,0.9673586141523929
942.778788,0.966682666752239
943.019842,0.9679663061573981
943.260896,0.9684775273175588
943.50195,0.9684755903644411
943.743004,0.9688126785198251
943.984058,0.9687090211089938
944.225112,0.9690103364666682
944.466166,0.9692535885879855
944.70722,0.9680621395653831
944.948274,0.9685201412662607
945.189328,0.9688097720861492
945.430382,0.967932427929555
945.671436,0.9683903682623165
945.91249,0.9682596443866612
946.153544,0.9674776065798179
946.394598,0.9678346716911073
946.635652,0.9690936749391074
946.876706,0.9679401714199524
947.11776,0.9677311189214083
947.358814,0.9684930230819617
947.599868,0.9682528665928729
947.840922,0.968510456113274
948.081976,0.9691712055342849
948.32303,0.9688892177446877
948.564084,0.9690142125157662
948.805138,0.9686867410577299
949.046192,0.9703164728752712
949.287246,0.9701243692325302
949.5283,0.9707386523583523
949.769354,0.9719819934018814
950.010408,0.971424235829406
950.251462,0.9719421429570916
950.492516,0.9722211303849012
950.73357,0.9735559332411644
950.974624,0.9736630302840502
951.215678,0.9734430073027395
951.456732,0.9746098908491728
951.697786,0.9746293832419131
951.93884,0.9757811004986977
952.179894,0.9763804140648404
952.420948,0.9763794376849145
952.662002,0.976651885552739
952.903056,0.9777072393776209
953.14411,0.9781267657652899
953.385164,0.9786384598601274
953.626218,0.9788929389405379
953.867272,0.9799497344603073
954.108326,0.9796940009542874
954.34938,0.9805261143432489
954.590434,0.9818477729565095
954.831488,0.9818271543697733
955.072542,0.9828635286089187
955.313596,0.9825176215300658
955.55465,0.9835291525060532
955.795704,0.9844432756331801
956.036758,0.9846746469880233
956.277812,0.9845171116476685
956.518866,0.9859624581529077
956.75992,0.9856440437056259
957.000974,0.9856795275299043
957.242028,0.9863263454330404
957.483082,0.9866499135366105
957.724136,0.9868600923514429
957.96519,0.98772199737887
958.206244,0.9880045262698259
958.447298,0.988161631479036
958.688352,0.9886004726589454
958.929406,0.9890226951988678
959.17046,0.9899656830897531
959.411514,0.9891868865937795
959.652568,0.9893738605838311
959.893622,0.9899844926164217
960.134676,0.9901102286310519
960.37573,0.99043464187794
960.616784,0.9906424568648358
960.857838,0.989724160929981
961.098892,0.990125377433438
961.339946,0.9908143482422476
961.581,0.9903347120641183
961.822054,0.9904423672982756
962.063108,0.9907357797797127
962.304162,0.9902745015440432
962.545216,0.9904383064928944
962.78627,0.990949603631753
963.027324,0.9909581258349897
963.268378,0.9905103139752167
963.509432,0.9903839329224361
963.750486,0.9912543674899115
963.99154,0.991354588372545
964.232594,0.99025014109094
964.473648,0.9908442712874003
964.714702,0.9914095109380818
964.955756,0.9912142225009697
965.19681,0.9904845610418429
965.437864,0.9896301416006814
965.678918,0.9907150736182955
965.919972,0.9904802029193622
966.161026,0.9903459029095928
966.40208,0.9901561708115107
966.643134,0.9908508108811713
966.884188,0.9903412482947875
967.125242,0.9895816509117746
967.366296,0.9904039388799406
967.60735,0.9900438934679864
967.848404,0.9903045073160252
968.089458,0.9903345139971957
968.330512,0.9903743262448792
968.571566,0.989088961939357
968.81262,0.9899696429604051
969.053674,0.9895796717504519
969.294728,0.990169835060951
969.535782,0.9895875884194926
969.776836,0.9894371825371895
970.01789,0.9895341521325106
970.258944,0.9900478536514806
970.499998,0.9894668660979168
970.741052,0.9888130446112331
970.982106,0.9889781901789542
971.22316,0.9888961083956105
971.464214,0.9890662131548444
971.705268,0.9881695368037091
971.946322,0.9886854959555433
972.187376,0.9882772531536551
972.42843,0.9886073928864747
972.669484,0.9886340856464333
972.910538,0.9880163823952778
973.151592,0.9873102031710226
973.392646,0.987869178921232
973.6337,0.9877782991373054
973.874754,0.9869281880470897
974.115808,0.9868433158724734
974.356862,0.9868995675446356
974.597916,0.9866726067455928
974.83897,0.9864131459706061
975.080024,0.9861261415063035
975.321078,0.9861961589479402
975.562132,0.9858342913643696
975.803186,0.9856016619229614
976.04424,0.9854449637165532
976.285294,0.9839275624853933
976.526348,0.9839108358590077
976.767402,0.9835153831943035
977.008456,0.9836747255927668
977.24951,0.9824223219428821
977.490564,0.9828920320645465
977.731618,0.9829991731351237
977.972672,0.9815866361816339
978.213726,0.9811185310081347
978.45478,0.9804849331112584
978.695834,0.9801653471184113
978.936888,0.9789653796982944
979.177942,0.9781962152310861
979.418996,0.9779820137158726
979.66005,0.977312325430901
979.901104,0.9757752458296587
980.142158,0.9751646016773304
980.383212,0.9741967438488063
980.624266,0.9746703185356443
980.86532,0.9732288733967261
981.106374,0.9722444639720323
981.347428,0.9699934112825443
981.588482,0.9689231294607604
981.829536,0.9682228512192492
982.07059,0.966811244097121
982.311644,0.9656942560424296
982.552698,0.96373106645429
982.793752,0.963480528948299
983.034806,0.9616401141741476
983.27586,0.9604849171693963
983.516914,0.9596141523010859
983.757968,0.9587566406137659
983.999022,0.9578366758924961
984.240076,0.955803434040805
984.48113,0.9549044460495589
984.722184,0.9536753208495967
984.963238,0.9532024151807564
985.204292,0.9518012852117695
985.445346,0.9508813382350191
985.6864,0.949536792631771
985.927454,0.9494304504662687
986.168508,0.9480661506451662
986.409562,0.9472833713370935
986.650616,0.9467426269292805
986.89167,0.9457102939633307
987.132724,0.9446686952456868
987.373778,0.9455325171396107
987.614832,0.9441747626926946
987.855886,0.9429547336432887
988.09694,0.9417899615699318
988.337994,0.9411535266951344
988.579048,0.9412900038508599
988.820102,0.9402307078021206
989.061156,0.9403313178703981
989.30221,0.9393247621357682
989.543264,0.9383699544546775
989.784318,0.9377358307234356
990.025372,0.9371040097211242
990.266426,0.9363096823632807
990.50748,0.9366318282999381
990.748534,0.9361523955491061
990.989588,0.935298078467062
991.230642,0.9346725733073729
991.471696,0.9346763120051435
991.71275,0.9331036416558164
991.953804,0.933739301653447
992.194858,0.9318065967941102
992.435912,0.9319296033831432
992.676966,0.9317739841339472
992.91802,0.931584853212606
993.159074,0.9316631096269993
993.400128,0.9325877779914302
993.641182,0.9342034854264816
993.882236,0.9339279360438131
994.12329,0.9349679765117861
994.364344,0.9354561571995996
994.605398,0.9351858494315228
994.846452,0.9356769509053312
995.087506,0.935575903251305
995.32856,0.93521951672811
995.569614,0.934967041544277
995.810668,0.9351821086956066
996.051722,0.9339428790103331
996.292776,0.9342511310191907
996.53383,0.9343436264596103
996.774884,0.9343529699425922
997.015938,0.9336991517267056
997.256992,0.9340334758634735
997.498046,0.933577778726397
997.7391,0.9343286770811823
997.980154,0.9340017192651594
998.221208,0.9338270772731919
998.462262,0.9342614078381543
998.703316,0.9347193081043984
998.94437,0.9353130433560363
999.185424,0.9358556822712563
999.426478,0.9365250583575142
999.667532,0.9366721043344834
999.908586,0.9377001974389049
1000.14964,0.9384328273478444
1000.390694,0.939149124827849
1000.631748,0.9405109383053168
1000.872802,0.9407263399727384
1001.113856,0.9414876955085661
1001.35491,0.9417306306712958
1001.595964,0.942630413001264
1001.837018,0.942989623613894
1002.078072,0.943057521311082
1002.319126,0.9430528060352636
1002.56018,0.9435980481169338
1002.801234,0.943536716237114
1003.042288,0.9433301043210887
1003.283342,0.944068076972367
1003.524396,0.943386705825376
1003.76545,0.9428038729550827
1004.006504,0.9428679857982556
1004.247558,0.9429123016350022
1004.488612,0.942066888524901
1004.729666,0.9415215896756958
1004.97072,0.9404714376754271
1005.211774,0.9400285799294681
1005.452828,0.9394919768250942
1005.693882,0.9382245183833238
1005.934936,0.9360531686542962
1006.17599,0.9361055890994996
1006.417044,0.9357256073718355
1006.658098,0.935298078467062
1006.899152,0.9346239715972162
1007.140206,0.9338074671104767
1007.38126,0.9337206270541606
1007.622314,0.9330308624101947
1007.863368,0.9322409198576304
1008.104422,0.9317190110906041
1008.345476,0.9320498300564334
1008.58653,0.9311694590078665
1008.827584,0.9309311101363178
1009.068638,0.9300248246677159
1009.309692,0.9294056343477508
1009.550746,0.9284163442376606
1009.7918,0.9268245479427775
1010.032854,0.9260667154583034
1010.273908,0.9249986508604674
1010.514962,0.923849591825584
1010.756016,0.9227453281950414
1010.99707,0.9217271794742192
1011.238124,0.9198634903525832
1011.479178,0.9189367351174165
1011.720232,0.9185628039663747
1011.961286,0.9171621461012797
1012.20234,0.9164534537072423
1012.443394,0.9139640873861324
1012.684448,0.9132341217404206
1012.925502,0.9118288235502806
1013.166556,0.9118798873941737
1013.40761,0.9099396503200631
1013.648664,0.909695819168611
1013.889718,0.9087193303271948
1014.130772,0.9078428391484403
1014.371826,0.9072692637430183
1014.61288,0.9072429533158728
1014.853934,0.9059583004425383
1015.094988,0.9051686491425557
1015.336042,0.904556961909314
1015.577096,0.9042765927105932
1015.81815,0.9034721445756012
1016.059204,0.9032463047706092
1016.300258,0.9026864656297185
1016.541312,0.9012343097192405
1016.782366,0.9009910093026505
1017.02342,0.8997215071888488
1017.264474,0.9003155193860558
1017.505528,0.8989390898784755
1017.746582,0.8980765224508026
1017.987636,0.8980495805592594
1018.22869,0.897178894816971
1018.469744,0.8964345452820618
1018.710798,0.8958430936826731
1018.951852,0.894393002761688
1019.192906,0.8943393407913975
1019.43396,0.8938118362094842
1019.675014,0.8931238659981258
1019.916068,0.8935973471085157
1020.157122,0.8938833440166551
1020.398176,0.8939191000655321
1020.63923,0.894759779076827
1020.880284,0.8950909014489467
1021.121338,0.8957087272963515
1021.362392,0.8961566936422536
1021.603446,0.8962732015852793
1021.8445,0.8971878666507782
1022.085554,0.8981393900077129
1022.326608,0.8987413450314329
1022.567662,0.8995595718921687
1022.808716,0.9004055554397221
1023.04977,0.9008738880844853
1023.290824,0.9014326030788484
1023.531878,0.9024157003068588
1023.772932,0.9032192077879228
1024.013986,0.903074704275266
1024.25504,0.904104796479137
1024.496094,0.9044393771474409
1024.737148,0.9057264048015335
1024.978202,0.9061150447865097
1025.219256,0.9073218868863718
1025.46031,0.9084830940133614
1025.701364,0.9087066083456243
1025.942418,0.9103191742794925
1026.183472,0.9116090992816428
1026.424526,0.9122164331614975
1026.66558,0.9131884611758573
1026.906634,0.9145848797366197
1027.147688,0.9155667559949845
1027.388742,0.9172410254376072
1027.629796,0.918174334067473
1027.87085,0.9192556614950287
1028.111904,0.9206153259072052
1028.352958,0.9220415420381909
1028.594012,0.9232760593293319
1028.835066,0.924826617111042
1029.07612,0.9263112293455974
1029.317174,0.9270961473226907
1029.558228,0.9289438345142443
1029.799282,0.9299113685600697
1030.040336,0.931678948034489
1030.28139,0.9326260148741786
1030.522444,0.9339821054350007
1030.763498,0.93522606328764
1031.004552,0.9367760807086466
1031.245606,0.9374704890309613
1031.48666,0.9402852427646717
1031.727714,0.9400069595207654
1031.968768,0.9415037009354356
1032.209822,0.9427444781820415
1032.450876,0.9435272809171282
1032.69193,0.9438198197153835
1032.932984,0.9444268910119663
1033.174038,0.945193131889255
1033.415092,0.9454587684795089
1033.656146,0.9456582813275234
1033.8972,0.9460299980696406
1034.138254,0.9459713460279924
1034.379308,0.9460318901315289
1034.620362,0.9461340670931196
1034.861416,0.9469566149427012
1035.10247,0.9471100343409576
1035.343524,0.947588445697
1035.584578,0.9485611703647093
1035.825632,0.9495814219098045
1036.066686,0.9512855486924069
1036.30774,0.9524058709635399
1036.548794,0.9535103492895411
1036.789848,0.9556763206373063
1037.030902,0.956338833861826
1037.271956,0.9576336360401917
1037.51301,0.9584767245444417
1037.754064,0.9601632086113366
1037.995118,0.9609633577799708
1038.236172,0.9614304994780898
1038.477226,0.9617497473961385
1038.71828,0.9629806122933683
1038.959334,0.9635508655941686
1039.200388,0.9644174873104321
1039.441442,0.9647695639433772
1039.682496,0.965172921917049
1039.92355,0.965773446218178
1040.164604,0.9665831035651558
1040.405658,0.9663530841599022
1040.646712,0.9665995356175884
1040.887766,0.9677407962809843
1041.12882,0.9676749921442032
1041.369874,0.9683196783456468
1041.610928,0.9687593952878089
1041.851982,0.9700234815443807
1042.093036,0.9700457923410294
1042.33409,0.9716204833453753
1042.575144,0.9722852990970507
1042.816198,0.9713882937976119
1043.057252,0.9727141714733609
1043.298306,0.9738110383129787
1043.53936,0.9745582378937732
1043.780414,0.9754025708712007
1044.021468,0.9752406674827891
1044.262522,0.9760553335158723
1044.503576,0.976674348804433
1044.74463,0.9769283171495764
1044.985684,0.9781297001499888
1045.226738,0.9782421915336367
1045.467792,0.9785660432935437
1045.708846,0.9796068120681655
1045.9499,0.9799595340066495
1046.190954,0.9804202232411222
1046.432008,0.9807330271819121
1046.673062,0.9811999672257646
1046.914116,0.9829441267227421
1047.15517,0.9829254509617547
1047.396224,0.9836216085917567
1047.637278,0.9828448543792808
1047.878332,0.9840230080879911
1048.119386,0.9837130896551592
1048.36044,0.985199618467339
1048.601494,0.9847593326490954
1048.842548,0.9855888491846394
1049.083602,0.9861083913955079
1049.324656,0.9858825984281598
1049.56571,0.9863352224100956
1049.806764,0.9866666867277123
1050.047818,0.9876015026455179
1050.288872,0.9874513986253104
1050.529926,0.9872361576825253
1050.77098,0.9880598560725171
1051.012034,0.9881359396106133
1051.253088,0.9884314364311301
1051.494142,0.9886914280863155
1051.735196,0.9883790509532266
1051.97625,0.9892007353071326
1052.217304,0.9886765978261214
1052.458358,0.9892571213560322
1052.699412,0.9897449453555962
1052.940466,0.9896736862848879
1053.18152,0.9900231027645268
1053.422574,0.9902393474232277
1053.663628,0.9903390695464378
1053.904682,0.9905317092290664
1054.145736,0.990169835060951
1054.38679,0.9905747982955984
1054.627844,0.9909623869640922
1054.868898,0.9911803235542355
1055.109952,0.9905180399857971
1055.351006,0.9914081229657381
1055.59206,0.9911417673895715
1055.833114,0.9916421228936635
1056.074168,0.9918069475110347
1056.315222,0.991282618641962
1056.556276,0.9911949931315787
1056.79733,0.9920147528333857
1057.038384,0.9922897774395205
1057.279438,0.9924100502489311
1057.520492,0.9914697904688261
1057.761546,0.9924194781891912
1058.0026,0.9922168468211117
1058.243654,0.992487262754368
1058.484708,0.9923278820985789
1058.725762,0.9922260744806957
1058.966816,0.99206802545597
1059.20787,0.9924595727460146
1059.448924,0.9919143660200574
1059.689978,0.9920433232696796
1059.931032,0.9925671611948889
1060.172086,0.9919368827317298
1060.41314,0.9931630788220285
1060.654194,0.9923990345585106
1060.895248,0.9921638638561492
1061.136302,0.9926737686327182
1061.377356,0.9919577136249907
1061.61841,0.9922026582216509
1061.859464,0.9927756221863778
1062.100518,0.9925520742886995
1062.341572,0.9930618806604304
1062.582626,0.9927313453810084
1062.82368,0.9926689045431688
1063.064734,0.9928039166948049
1063.305788,0.9923542783713116
1063.546842,0.9927349192202847
1063.787896,0.9916237776840836
1064.02895,0.9920074119513761
1064.270004,0.9918945279311185
1064.511058,0.9924017140395212
1064.752112,0.9923466372727864
1064.993166,0.9924048897300872
1065.23422,0.9927668857993427
1065.475274,0.9918186509020652
1065.716328,0.9926812137139018
1065.957382,0.9912236390808121
1066.198436,0.992625625122429
1066.43949,0.9922536587489859
1066.680544,0.9924174933522196
1066.921598,0.9917918721600055
1067.162652,0.9917734250027423
1067.403706,0.9920123720008359
1067.64476,0.9922494912923707
1067.885814,0.9917616229692071
1068.126868,0.9914905124039903
1068.367922,0.9915954176495922
1068.608976,0.9922593146109598
1068.85003,0.9915585309861519
1069.091084,0.9919570192548343
1069.332138,0.9920351885477812
1069.573192,0.9912529797347684
1069.814246,0.9915434594110252
1070.0553,0.9915249177216996
1070.296354,0.9916892270132149
1070.537408,0.991649461072524
1070.778462,0.9917907811895461
1071.019516,0.9914695921748878
1071.26057,0.9918091294887194
1071.501624,0.9919584079956333
1071.742678,0.991174475607578
1071.983732,0.9915153991281788
1072.224786,0.991494379224529
1072.46584,0.9921584069699044
1072.706894,0.9915025095117728
1072.947948,0.9910315585527626
1073.189002,0.9916876403117211
1073.430056,0.9909775488046005
1073.67111,0.9923368130897072
1073.912164,0.9917482342776709
1074.153218,0.9919887623873378
1074.394272,0.9914277530409099
1074.635326,0.9915249177216996
1074.87638,0.9913540926953748
1075.117434,0.9918786577456334
1075.358488,0.9917006315049013
1075.599542,0.9916208028172129
1075.840596,0.9912832134117116
1076.08165,0.9918175599021493
1076.322704,0.9922118857492803
1076.563758,0.9916525351906184
1076.804812,0.9919837032575505
1077.045866,0.9912467348606675
1077.28692,0.9910895355947499
1077.527974,0.9923867288867774
1077.769028,0.9918378923705343
1078.010082,0.9920229865900043
1078.251136,0.9917916738016509
1078.49219,0.9917887976099673
1078.733244,0.9915472272833299
1078.974298,0.9915115322256626
1079.215352,0.9914541253698913
1079.456406,0.9922500866422441
1079.69746,0.9910642631338175
1079.938514,0.9921370757934656
1080.179568,0.991679409338465
1080.420622,0.9916743517863742
1080.661676,0.9903834377305935
1080.90273,0.9906166014341264
1081.143784,0.9913281195583957
1081.384838,0.9915402864770317
1081.625892,0.9915368160921023
1081.866946,0.9911436505607185
1082.108,0.9915033027140977
1082.349054,0.9910277926399954
1082.590108,0.9912103567730401
1082.831162,0.9904589078239225
1083.072216,0.9908666646209751
1083.31327,0.9908341647273766
1083.554324,0.9907155689759561
1083.795378,0.9906219507782174
1084.036432,0.9900994364883772
1084.277486,0.9900768624785699
1084.51854,0.9904273126887081
1084.759594,0.9899231154805903
1085.000648,0.9904597992373407
1085.241702,0.9900132025830001
1085.482756,0.9898261077687288
1085.72381,0.9900330030450557
1085.964864,0.9896400379515791
1086.205918,0.9893708924667016
1086.446972,0.9902857907377091
1086.688026,0.9895489952561157
1086.92908,0.9891483090574692
1087.170134,0.9899270751809717
1087.411188,0.9894688450336279
1087.652242,0.989110722135881
1087.893296,0.9889643445812111
1088.13435,0.988599484058967
1088.375404,0.9888436982907456
1088.616458,0.9886014612599123
1088.857512,0.9887161456809863
1089.098566,0.9883632370149232
1089.33962,0.9888624864995005
1089.580674,0.9879659948446691
1089.821728,0.9886350742810133
1090.062782,0.9879600670664834
1090.303836,0.9875926142719919
1090.54489,0.987692366163419
1090.785944,0.9878326284378001
1091.026998,0.9871404004195324
1091.268052,0.9875303978971292
1091.509106,0.9866795134780135
1091.75016,0.9873319242344232
1091.991214,0.9868117373916239
1092.232268,0.9870367561189093
1092.473322,0.9863085917186065
1092.714376,0.9866992472656203
1092.95543,0.9860738782057934
1093.196484,0.9869074627727569
1093.437538,0.9860028834424047
1093.678592,0.9851976480700724
1093.919646,0.9849375902201285
1094.1607,0.9855070487049239
1094.401754,0.9856598141364883
1094.642808,0.9855474553222509
1094.883862,0.9855425275972935
1095.124916,0.984526956868011
1095.36597,0.9850193434328282
1095.607024,0.9848814503774866
1095.848078,0.9849917632773361
1096.089132,0.984202116573841
1096.330186,0.9839885678854152
1096.57124,0.9840417047027621
1096.812294,0.9845358176504962
1097.053348,0.9843497579641546
1097.294402,0.9832980503107858
1097.535456,0.9830217823761112
1097.77651,0.9836078379856309
1098.017564,0.9832066078442475
1098.258618,0.9836353793906724
1098.499672,0.9833649168516435
1098.740726,0.9828605800227558
1098.98178,0.9827986617566602
1099.222834,0.9826188260570271
1099.463888,0.9822779164756184
1099.704942,0.9820392519408302
1099.945996,0.9825441498639781
1100.18705,0.9819999711563735
1100.428104,0.9823732020547924
1100.669158,0.9823358725823788
1100.910212,0.9811077387636511
1101.151266,0.9811008710335168
1101.39232,0.9805290559260043
1101.633374,0.9807850074098166
1101.874428,0.9806898758780518
1102.115482,0.9796117101144709
1102.356536,0.9800859569406403
1102.59759,0.9786306307837649
1102.838644,0.979375652138462
1103.079698,0.97865705416751
1103.320752,0.9781042691083899
1103.561806,0.9770885465320391
1103.80286,0.9771246994770862
1104.043914,0.9778069706022434
1104.284968,0.9765395770437634
1104.526022,0.9759957959564418
1104.767076,0.97480483232084
1105.00813,0.9737204780975308
1105.249184,0.9738733642138383
1105.490238,0.9732025965718832
1105.731292,0.9719265920072122
1105.972346,0.9716049375420085
1106.2134,0.9712736767414831
1106.454454,0.9708745652833652
1106.695508,0.9700205714783012
1106.936562,0.9698391945907022
1107.177616,0.9689502596882067
1107.41867,0.9676498329214788
1107.659724,0.9662303651110384
1107.900778,0.9657193644194942
1108.141832,0.9635845904646462
1108.382886,0.9627514501790158
1108.62394,0.9618690117590533
1108.864994,0.9598848016517997
1109.106048,0.9583952574852544
1109.347102,0.9573684082587522
1109.588156,0.9563024936766071
1109.82921,0.9540616375783979
1110.070264,0.952976532976457
1110.311318,0.9505162698987434
1110.552372,0.9485725531670504
1110.793426,0.9470342685688816
1111.03448,0.9451420928381998
1111.275534,0.9428500714767121
1111.516588,0.9404780209985324
1111.757642,0.9386975027226303
1111.998696,0.936577505229281
1112.23975,0.9347538933586215
1112.480804,0.931704103705686
1112.721858,0.9294734834355198
1112.962912,0.9271443575758073
1113.203966,0.9246564646679983
1113.44502,0.9222149021434334
1113.686074,0.9206116434532664
1113.927128,0.9176547944379757
1114.168182,0.9155466137479181
1114.409236,0.9131473686196938
1114.65029,0.911063208941652
1114.891344,0.9080226098273017
1115.132398,0.9059157214030328
1115.373452,0.904294678423304
1115.614506,0.9028670209777775
1115.85556,0.9009279421393758
1116.096614,0.8979867192887904
1116.337668,0.8971340369936851
1116.578722,0.8951804150146953
1116.819776,0.8940800199859023
1117.06083,0.8918743674388048
1117.301884,0.889914400584499
1117.542938,0.8890871649161642
1117.783992,0.8872397855537173
1118.025046,0.8862111841066548
1118.2661,0.8833710071285109
1118.507154,0.8818970086778821
1118.748208,0.8797390056397939
1118.989262,0.8776740462541299
1119.230316,0.8743189837030174
1119.47137,0.8712990674872269
1119.712424,0.8681680300931018
1119.953478,0.8656626465091792
1120.194532,0.8623707468769064
1120.435586,0.85861899518249
1120.67664,0.8552341396422274
1120.917694,0.852254574859704
1121.158748,0.8497526260764813
1121.399802,0.846792158432412
1121.640856,0.8446693753220289
1121.88191,0.843352718355978
1122.122964,0.8421475858438398
1122.364018,0.8427457229433325
1122.605072,0.8434961005052359
1122.846126,0.8461065344992611
1123.08718,0.8485892620650641
1123.328234,0.8514793759655737
1123.569288,0.8531413806766521
1123.810342,0.8550973131262978
1124.051396,0.8573320321532937
1124.29245,0.8576407272466517
1124.533504,0.8597015369745287
1124.774558,0.861000666891602
1125.015612,0.8620344878603947
1125.256666,0.8617155940988703
1125.49772,0.862068969929546
1125.738774,0.862068969929546
1125.979828,0.862500112191094
1126.220882,0.8623707468769064
1126.461936,0.8618793356167007
1126.70299,0.8624569882635916
1126.944044,0.862344876142563
1127.185098,0.862681256234113
1127.426152,0.8626726294646845
1127.667206,0.8635875472726885
1127.90826,0.8637775574334398
1128.149314,0.864615828159725
1128.390368,0.8656972737075789
1128.631422,0.8659916608236132
1128.872476,0.8677947980907932
1129.11353,0.8692626112523364
1129.354584,0.8705761892971605
1129.595638,0.8724063202596221
1129.836692,0.8746862748019043
1130.077746,0.8759029341062031
1130.3188,0.8787981883307815
1130.559854,0.8800733699871395
1130.800908,0.8823115976927473
1131.041962,0.8843344064835449
1131.283016,0.8866810005245844
1131.52407,0.8885272164045684
1131.765124,0.8903594690426335
1132.006178,0.892186578101087
1132.247232,0.8948582080660206
1132.488286,0.8960939648692313
1132.72934,0.8984358249154851
1132.970394,0.899289744496734
1133.211448,0.9008018210561581
1133.452502,0.9018293206956784
1133.693556,0.9022532800990608
1133.93461,0.902894107394701
1134.175664,0.9026954925395093
1134.416718,0.9039149544059918
1134.657772,0.9038878373641173
1134.898826,0.9048537052560688
1135.13988,0.9050283588747152
1135.380934,0.9053017187143536
1135.621988,0.9051632181469539
1135.863042,0.9054619713005015
1136.104096,0.9055316945566025
1136.34515,0.904475555446088
1136.586204,0.904475555446088
1136.827258,0.9040686330105521
1137.068312,0.9049550545465118
1137.309366,0.9036890039123788
1137.55042,0.9030476124405173
1137.791474,0.9021811027237864
1138.032528,0.9017211076701064
1138.273582,0.9010630914666429
1138.514636,0.8999104685456064
1138.75569,0.8985346582919619
1138.996744,0.8978610099479492
1139.237798,0.8968111268676774
1139.478852,0.8952520323125501
1139.719906,0.8934007773156218
1139.96096,0.8918208565821002
1140.202014,0.8915800974547677
1140.443068,0.8887849266635072
1140.684122,0.887372881503497
1140.925176,0.8850598580913711
1141.16623,0.8839984232499385
1141.407284,0.8813768429067538
1141.648338,0.8798621777224281
1141.889392,0.8777881512968101
1142.130446,0.8764023410961144
1142.3715,0.8738382404784862
1142.612554,0.8726768081423583
1142.853608,0.870019198791984
1143.094662,0.8678555458528064
1143.335716,0.8665460728794744
1143.57677,0.8644775006937119
1143.817824,0.8624914872330969
1144.058878,0.8607596204529486
1144.299932,0.8590054606785371
1144.540986,0.8569548890367165
1144.78204,0.8551315177029098
1145.023094,0.8531755070144014
1145.264148,0.8509260942072476
1145.505202,0.8489712131655456
1145.746256,0.8471733006542747
1145.98731,0.8459711682833273
1146.228364,0.8445173485172938
1146.469418,0.8420212731796498
1146.710472,0.8403893354011566
1146.951526,0.8388276640419043
1147.19258,0.8371014576569985
1147.433634,0.8360473740324894
1147.674688,0.8341600404574278
1147.915742,0.8329263967190983
1148.156796,0.830946389038676
1148.39785,0.8302652922874965
1148.638904,0.82983366656792
1148.879958,0.8287307214124963
1149.121012,0.8281922214750176
1149.362066,0.8269425949260741
1149.60312,0.8268516362434516
1149.844174,0.8261904194564366
1150.085228,0.825843492340059
1150.326282,0.8257774275033006
1150.567336,0.8257609121199049
1150.80839,0.8256205446964135
1151.049444,0.8257443970668136
1151.290498,0.8260747608940009
1151.531552,0.8264300494227446
1151.772606,0.8270004829337756
1152.01366,0.8274306350147494
1152.254714,0.8276871782737547
1152.495768,0.827968639760109
1152.736822,0.829070570672613
1152.977876,0.8302237800606964
1153.21893,0.8307968321491729
1153.459984,0.8321604568204943
1153.701038,0.8328930803295617
1153.942092,0.8337347273008681
1154.183146,0.8352451536807975
1154.4242,0.8367666840331242
1154.665254,0.838886384033563
1154.906308,0.8391716538972631
1155.147362,0.841676115219863
1155.388416,0.8442302614263689
1155.62947,0.8466990164178891
1155.870524,0.8484025929617641
1156.111578,0.8506028037205317
1156.352632,0.8530731320961776
1156.593686,0.8561582914651978
1156.83474,0.8587735605120852
1157.075794,0.8611642725603578
1157.316848,0.8638984947568956
1157.557902,0.8664507580538691
1157.798956,0.8690192517931
1158.04001,0.8715169194844636
1158.281064,0.8745113550395033
1158.522118,0.8772967275435773
1158.763172,0.880090971630555
1159.004226,0.88188818975189
1159.24528,0.8848386207826642
1159.486334,0.8868317491079402
1159.727388,0.8897898212891713
1159.968442,0.8922579558824083
1160.209496,0.8950192970410453
1160.45055,0.8968739058437967
1160.691604,0.8992987374391437
1160.932658,0.9008288455161546
1161.173712,0.9038064911193904
1161.414766,0.9060090355279322
1161.65582,0.9075886787375969
1161.896874,0.9101580620444985
1162.137928,0.9121781208758684
1162.378982,0.914080168196206
1162.620036,0.9160612955568862
1162.86109,0.9178392615899855
1163.102144,0.9201716962434556
1163.343198,0.921445174106322
1163.584252,0.9241997971806087
1163.825306,0.925414993923518
1164.06636,0.9272046239176847
1164.307414,0.9288249373130097
1164.548468,0.9304564563171603
1164.789522,0.9322222752256801
1165.030576,0.9338252096209051
1165.27163,0.9353654223530624
1165.512684,0.9372089712479488
1165.753738,0.9381813610481045
1165.994792,0.9402260066603345
1166.235846,0.9408749864772187
1166.4769,0.9426285277423233
1166.717954,0.943305578057219
1166.959008,0.945783116459596
1167.200062,0.9464775761025876
1167.441116,0.9472274832668989
1167.68217,0.9489549049446852
1167.923224,0.9499584805754956
1168.164278,0.9508708785978266
1168.405332,0.9523382525471836
1168.646386,0.9531147245923887
1168.88744,0.9543984807857914
1169.128494,0.9553657762992877
1169.369548,0.9561380237925103
1169.610602,0.9566152557258475
1169.851656,0.9583185889314386
1170.09271,0.9586128379031467
1170.333764,0.9593925070329185
1170.574818,0.9597408297297161
1170.815872,0.9608048119063314
1171.056926,0.9611526862096914
1171.29798,0.9613372452425439
1171.539034,0.9616901207602447
1171.780088,0.9619074872890291
1172.021142,0.9624135837190355
1172.262196,0.9623067617399722
1172.50325,0.9631905649508564
1172.744304,0.9634044169929739
1172.985358,0.9631481854983533
1173.226412,0.9635103973076535
1173.467466,0.9631279595988306
1173.70852,0.9632396889223196
1173.949574,0.9634795654682518
1174.190628,0.9632473948706547
1174.431682,0.9632339095015243
1174.672736,0.9623895236801943
1174.91379,0.9621297135847419
1175.154844,0.9610642642300335
1175.395898,0.9616372292581326
1175.636952,0.9608855229003458
1175.878006,0.9603206882905296
1176.11906,0.9598128129912843
1176.360114,0.9596966826669386
1176.601168,0.9585045207724968
1176.842222,0.9581154469243988
1177.083276,0.9574335115239997
1177.32433,0.9565129033694336
1177.565384,0.9556084700272662
1177.806438,0.9546982089636193
1178.047492,0.9540959844155901
1178.288546,0.9528069182497457
1178.5296,0.9519335947857164
1178.770654,0.9508052707706994
1179.011708,0.9498473419350054
1179.252762,0.9486180857423755
1179.493816,0.9472871604781571
1179.73487,0.9460555412244196
1179.975924,0.9447537192542819
1180.216978,0.9440406993951116
1180.458032,0.9426011919113902
1180.699086,0.9406247470141398
1180.94014,0.9396282130386207
1181.181194,0.9383896604306331
1181.422248,0.9371555518590546
1181.663302,0.9363508808956658
1181.904356,0.9348408295131724
1182.14541,0.9331549637674527
1182.386464,0.9321393111351418
1182.627518,0.9310186217736531
1182.868572,0.9294957910668128
1183.109626,0.9279726672723574
1183.35068,0.9271007828150162
1183.591734,0.9262287913147325
1183.832788,0.9253529931959726
1184.073842,0.9248497380654804
1184.314896,0.9232520544638539
1184.55595,0.9231172695034437
1184.797004,0.922095021998533
1185.038058,0.9218617614666689
1185.279112,0.9203382623942576
1185.520166,0.9192602577848268
1185.76122,0.918827388152211
1186.002274,0.9182817667492482
1186.243328,0.9177025137279773
1186.484382,0.9173244981688737
1186.725436,0.9166312629241979
1186.96649,0.9160594634361272
1187.207544,0.9147778775067928
1187.448598,0.914107591012592
1187.689652,0.9137127818182006
1187.930706,0.9126726554241392
1188.17176,0.9119747278340801
1188.412814,0.9115106508152333
1188.653868,0.9105713676179328
1188.894922,0.9100188185134074
1189.135976,0.9098632185996134
1189.37703,0.9098195462132662
1189.618084,0.9094074912963168
1189.859138,0.9094074912963168
1190.100192,0.9100825220603015
1190.341246,0.910411121159334
1190.5823,0.9109037868299289
1190.823354,0.9116637974685289
1191.064408,0.9115790166777322
1191.305462,0.9125038266000335
1191.546516,0.9125549282451558
1191.78757,0.9135136141418297
1192.028624,0.9134460166355218
1192.269678,0.9137502448102413
1192.510732,0.9142511171708896
1192.751786,0.9151209835392182
1192.99284,0.9157343200429744
1193.233894,0.9161153447677601
1193.474948,0.9157150898241715
1193.716002,0.9162591861681432
1193.957056,0.9171768208130147
1194.19811,0.9171153720245776
1194.439164,0.9172511151443803
1194.680218,0.9182064707315537
1194.921272,0.9179108558445291
1195.162326,0.9192363573288317
1195.40338,0.9194551616185536
1195.644434,0.9211697031842193
1195.885488,0.9217069016993271
1196.126542,0.9226096946011101
1196.367596,0.92416560242072
1196.60865,0.924528870880048
1196.849704,0.9258472636528059
1197.090758,0.9267031418792677
1197.331812,0.928396847699146
1197.572866,0.929893700411915
1197.81392,0.9309162153577142
1198.054974,0.9325178365309185
1198.296028,0.9336095209104878
1198.537082,0.9344286555983853
1198.778136,0.9361186946694857
1199.01919,0.9366027931633077
1199.260244,0.9378915077921749
1199.501298,0.9394797635087823
1199.742352,0.9397400354492736
1199.983406,0.9407423324564536
1200.22446,0.9420857300510861
1200.465514,0.9422826465457237
1200.706568,0.9432320030915916
1200.947622,0.9436414546254893
1201.188676,0.9443768377131668
1201.42973,0.944246522701505
1201.670784,0.9444080026630302
1201.911838,0.9447140404313342
1202.152892,0.9450787704393037
1202.393946,0.9446186291316024
1202.635,0.9443447294465281
1202.876054,0.9442965690934259
1203.117108,0.9439991625181562
1203.358162,0.9439585714268827
1203.599216,0.9434876536035092
1203.84027,0.9429999965568048
1204.081324,0.9425842252426363
1204.322378,0.9417777183800122
1204.563432,0.9414142623322476
1204.804486,0.9406736607727312
1205.04554,0.939920482858477
1205.286594,0.9394215175690874
1205.527648,0.9394543978976048
1205.768702,0.9383136539464424
1206.009756,0.937822106388482
1206.25081,0.9371911644466602
1206.491864,0.9362432067357457
1206.732918,0.9348314811516191
1206.973972,0.934693136330178
1207.215026,0.933632861440266
1207.45608,0.9320479659586374
1207.697134,0.9313817898493165
1207.938188,0.9304034218106481
1208.179242,0.9295199582715528
1208.420296,0.9288583756126388
1208.66135,0.9272213137511232
1208.902404,0.9266846080017695
1209.143458,0.9257093226873788
1209.384512,0.9245353426047952
1209.625566,0.924010355640608
1209.86662,0.9222453357373557
1210.107674,0.9217483794431459
1210.348728,0.9207451418199648
1210.589782,0.9189578709053848
1210.830836,0.9176896659827195
1211.07189,0.917350183614417
1211.312944,0.9161199253559354
1211.553998,0.9156656425444095
1211.795052,0.9143416325119249
1212.036106,0.9142410604639127
1212.27716,0.9137255738866903
1212.518214,0.9130487540291666
1212.759268,0.9117157637860106
1213.000322,0.9115817514188843
1213.241376,0.9107225350115038
1213.48243,0.9105112718908508
1213.723484,0.910442075663677
1213.964538,0.9090310745185695
1214.205592,0.9086529962373047
1214.446646,0.9075977546697638
1214.6877,0.908104335539788
1214.928754,0.9067341327565741
1215.169808,0.906208379442775
1215.410862,0.9053252568650347
1215.651916,0.9043308509338863
1215.89297,0.9040776737420858
1216.134024,0.9031379217171499
1216.375078,0.9020728474869036
1216.616132,0.9020457857074078
1216.857186,0.9013514777952638
1217.09824,0.9005496318543983
1217.339294,0.9000904686387249
1217.580348,0.8999374662646266
1217.821402,0.8996675255178838
1218.062456,0.8988581890009805
1218.30351,0.8988851551511408
1218.544564,0.8983010696486454
1218.785618,0.8979418210752906
1219.026672,0.8977802060932819
1219.267726,0.8973404015532083
1219.50878,0.897098152349903
1219.749834,0.8964345452820618
1219.990888,0.896165655253998
1220.231942,0.8954937829961482
1220.472996,0.8950461480227192
1220.71405,0.8941068427888418
1220.955104,0.8930881417579755
1221.196158,0.8928202555003959
1221.437212,0.8923561096559139
1221.678266,0.8914641995756241
1221.91932,0.8904485094414836
1222.160374,0.8900478977566243
1222.401428,0.8888826983827862
1222.642482,0.8883850634224856
1222.883536,0.8878078007619501
1223.12459,0.8861491514949341
1223.365644,0.8860605410103827
1223.606698,0.8853165626705826
1223.847752,0.8836360581863203
1224.088806,0.8836095495022069
1224.32986,0.8822939516372545
1224.570914,0.8808481754171166
1224.811968,0.8801525801548424
1225.053022,0.8787718247805868
1225.294076,0.8774809792021085
1225.53513,0.8757628008477059
1225.776184,0.8744763752849014
1226.017238,0.8727815356428597
1226.258292,0.8703933874922695
1226.499346,0.868723835471111
1226.7404,0.8662774852301183
1226.981454,0.8645380162367797
1227.222508,0.861706976986015
1227.463562,0.8587048613752463
1227.704616,0.8564066133746593
1227.94567,0.8533888275551116
1228.186724,0.8497526260764813
1228.427778,0.846826030796192
1228.668832,0.8428131452980262
1228.909886,0.8391296963635153
1229.15094,0.8347525043859587
1229.391994,0.8310793510976033
1229.633048,0.8262152055408096
1229.874102,0.8217903213344729
1230.115156,0.8164415134005483
1230.35621,0.8116143419350534
1230.597264,0.8060899034129217
1230.838318,0.8004989966101956
1231.079372,0.7942714496721041
1231.320426,0.7881554003510413
1231.56148,0.7815860706471087
1231.802534,0.7748545071209108
1232.043588,0.7677892481230573
1232.284642,0.7604993667188251
1232.525696,0.7529548598932909
1232.76675,0.7446730619071742
1233.007804,0.7365265462064171
1233.248858,0.7283016224781536
1233.489912,0.72016854794485
1233.730966,0.7117347351361697
1233.97202,0.7026193492735084
1234.213074,0.6943424474827709
1234.454128,0.6853127332598071
1234.695182,0.67621784428003
1234.936236,0.6668701031055849
1235.17729,0.6574148690783286
1235.418344,0.6485021239873049
1235.659398,0.6400173459172475
1235.900452,0.6309743922938524
1236.141506,0.6218664001931716
1236.38256,0.6125467579296408
1236.623614,0.6036443976733351
1236.864668,0.5953653668277431
1237.105722,0.5869122260864781
1237.346776,0.5781568964497349
1237.58783,0.570318672395116
1237.828884,0.5625529590011245
1238.069938,0.5546599809042178
1238.310992,0.547299004370404
1238.552046,0.5404841321814291
1238.7931,0.5338341867205341
1239.034154,0.5266389866521446
1239.275208,0.5213414904626036
1239.516262,0.515370097753161
1239.757316,0.5097626773993199
1239.99837,0.5042364369404455
1240.239424,0.4987252181162607
1240.480478,0.4942271745454286
1240.721532,0.4893633590019731
1240.962586,0.4855854512713602
1241.20364,0.48106638685041875
1241.444694,0.47711868668404533
1241.685748,0.47383316112299523
1241.926802,0.4705373215197797
1242.167856,0.467717873146366
1242.40891,0.46491996801658747
1242.649964,0.4622682170374165
1242.891018,0.4601144574068484
1243.132072,0.4574397943387437
1243.373126,0.45560002159959107
1243.61418,0.45377672366856214
1243.855234,0.45161284671543667
1244.096288,0.44978301562839496
1244.337342,0.44869136978728646
1244.578396,0.4478486224428074
1244.81945,0.44783070885618376
1245.060504,0.4475441888986821
1245.301558,0.4479605985948539
1245.542612,0.4483011780535871
1245.783666,0.4501970064093322
1246.02472,0.45155414086132684
1246.265774,0.45332770701204866
1246.506828,0.45538593990257886
1246.747882,0.4571882716269436
1246.988936,0.45945696395261876
1247.22999,0.4614645697157015
1247.471044,0.4643902612432766
1247.712098,0.46712424847892203
1247.953152,0.47017984901218396
1248.194206,0.47386159196557937
1248.43526,0.47712345789476823
1248.676314,0.4807874492457704
1248.917368,0.48531845270449747
1249.158422,0.4892606034862894
1249.399476,0.4940196427168542
1249.64053,0.49831144792360804
1249.881584,0.5028718061062826
1250.122638,0.5084491848256439
1250.363692,0.5136721795364935
1250.604746,0.5195823308793139
1250.8458,0.5258128121597804
1251.086854,0.5324054264939871
1251.327908,0.5391615668616594
1251.568962,0.5465114609714454
1251.810016,0.5541388454941835
1252.05107,0.5618333518604234
1252.292124,0.569948085711779
1252.533178,0.5783766378186017
1252.774232,0.5875288075725006
1253.015286,0.5961636911771505
1253.25634,0.6049859768380562
1253.497394,0.6146575472530357
1253.738448,0.623834606145377
1253.979502,0.6332436612627733
1254.220556,0.6428460551321444
1254.46161,0.6523265492677469
1254.702664,0.6617086008087567
1254.943718,0.6708095583194905
1255.184772,0.6796753644681661
1255.425826,0.6891543587784343
1255.66688,0.6975577311764506
1255.907934,0.7058941372288701
1256.148988,0.7138802841202434
1256.390042,0.7216391913288901
1256.631096,0.7289500994516074
1256.87215,0.7361730982985221
1257.113204,0.7429474229187826
1257.354258,0.7493718175612761
1257.595312,0.7551642528127874
1257.836366,0.7608721027213802
1258.07742,0.7659640825211296
1258.318474,0.7707740571908246
1258.559528,0.7754979033343133
1258.800582,0.779439661617929
1259.041636,0.7833779536718862
1259.28269,0.7861874727845839
1259.523744,0.7898833520943499
1259.764798,0.7927637666701403
1260.005852,0.7945018217948523
1260.246906,0.7967295442518726
1260.48796,0.7981010982663044
1260.729014,0.7992511917163558
1260.970068,0.8003549197581116
1261.211122,0.799914845583736
1261.452176,0.8001628576257473
1261.69323,0.8000668438437744
1261.934284,0.7993391141830916
1262.175338,0.7981649489081574
1262.416392,0.7965781800185222
1262.657446,0.7952251475159732
1262.8985,0.792732056753676
1263.139554,0.7911323542425219
1263.380608,0.7876668954549898
1263.621662,0.784381319469704
1263.862716,0.7807814514443666
1264.10377,0.7762970776788815
1264.344824,0.7721935870230047
1264.585878,0.7673594065109929
1264.826932,0.7620752308646223
1265.067986,0.7567214945819114
1265.30904,0.7508044854951521
1265.550094,0.7441891816950401
1265.791148,0.7376616709092577
1266.032202,0.7304825031211505
1266.273256,0.7225345789517351
1266.51431,0.7152665561204958
1266.755364,0.7065509241350664
1266.996418,0.6981997795861156
1267.237472,0.6893197756737747
1267.478526,0.6797637280090526
1267.71958,0.6700184698746486
1267.960634,0.6601884199050821
1268.201688,0.6497094604127218
1268.442742,0.639460772970637
1268.683796,0.6294618695057038
1268.92485,0.6186472744334035
1269.165904,0.6088520378420904
1269.406958,0.598206061463468
1269.648012,0.5875699360285098
1269.889066,0.5777581057897844
1270.13012,0.5677580041939168
1270.371174,0.5580649084381523
1270.612228,0.5485482697216872
1270.853282,0.5400735202932528
1271.094336,0.531341679742333
1271.33539,0.5234833784434337
1271.576444,0.5161643791433949
1271.817498,0.5088510183850135
1272.058552,0.5027913530537215
1272.299606,0.497146762349035
1272.54066,0.49161961586563707
1272.781714,0.4869129107110144
1273.022768,0.48300899611795717
1273.263822,0.4795342301655596
1273.504876,0.47587503058899644
1273.74593,0.4728486124334591
1273.986984,0.47059378938636637
1274.228038,0.4680594318475207
1274.469092,0.4659206212646048
1274.710146,0.46396321867263596
1274.9512,0.46136305867698774
1275.192254,0.4598108820558455
1275.433308,0.45693231786857375
1275.674362,0.4544306328522616
1275.915416,0.45184774646437037
1276.15647,0.44887088223529753
1276.397524,0.44619018236213837
1276.638578,0.4433614178087879
1276.879632,0.4404008253692162
1277.120686,0.43714951623050957
1277.36174,0.43468658579419434
1277.602794,0.4319523490270477
1277.843848,0.4301161459097215
1278.084902,0.4284976608010186
1278.325956,0.4290379081379754
1278.56701,0.43148177747469474
1278.808064,0.43491268159862184
1279.049118,0.4393187708115939
1279.290172,0.44404472040016546
1279.531226,0.44862855739248647
1279.77228,0.45332317375764486
1280.013334,0.4572248481517152
1280.254388,0.46103560716436975
1280.495442,0.46465503914671885
1280.736496,0.4678301389072735
1280.97755,0.47090448380524136
1281.218604,0.4739705926663315
1281.459658,0.47668470617024494
1281.700712,0.4799468069861064
1281.941766,0.4832988884746382
1282.18282,0.4867911976980972
1282.423874,0.48947103078441534
1282.664928,0.4933284991304479
1282.905982,0.49748493711382136
1283.147036,0.5018570303265429
1283.38809,0.5063029871819885
1283.629144,0.5116318272563082
1283.870198,0.5175599060806648
1284.111252,0.5232687942510373
1284.352306,0.5303702136310083
1284.59336,0.5375303798104314
1284.834414,0.5447981063584865
1285.075468,0.553098043125432
1285.316522,0.5609912335792409
1285.557576,0.5702331310100209
1285.79863,0.5790421535502934
1286.039684,0.5879343423431319
1286.280738,0.5969809951594579
1286.521792,0.605779027802683
1286.762846,0.6147251633020481
1287.0039,0.623030378341909
1287.244954,0.6308482100340402
1287.486008,0.638898295017021
1287.727062,0.6459132965979033
1287.968116,0.6529530834433304
1288.20917,0.658955021147121
1288.450224,0.6646863524762356
1288.691278,0.669629971837443
1288.932332,0.6738147887312165
1289.173386,0.6777410473905581
1289.41444,0.6809407370777969
1289.655494,0.6837178133945099
1289.896548,0.6859983887636809
1290.137602,0.6868564229092533
1290.378656,0.6884724335719172
1290.61971,0.6889200861250576
1290.860764,0.6895817669637232
1291.101818,0.6892370622635977
1291.342872,0.6893266689059975
1291.583926,0.6889958715026507
1291.82498,0.688369170451809
1292.066034,0.6878393302052346
1292.307088,0.6871999369920722
1292.548142,0.6867327998795362
1292.789196,0.6858817789497061
1293.03025,0.6851345751107226
1293.271304,0.684087120717746
1293.512358,0.6839024421278838
1293.753412,0.6824745786609137
1293.994466,0.6817106350211093
1294.23552,0.680811370627954
1294.476574,0.6797297406723427
1294.717628,0.678168158776374
1294.958682,0.6766575287607877
1295.199736,0.6745496472760834
1295.44079,0.6716821778250905
1295.681844,0.6690409566669122
1295.922898,0.6654245639590614
1296.163952,0.6615564253314214
1296.405006,0.6577568137081479
1296.64606,0.6529596130068126
1296.887114,0.6478021197637197
1297.128168,0.6430775213734157
1297.369222,0.6388471851978397
1297.610276,0.6344796911396987
1297.85133,0.6316498962237607
1298.092384,0.6301546585262652
1298.333438,0.6302239793512786
1298.574492,0.633997669765756
1298.815546,0.6393904361542061
1299.0566,0.646223409401389
1299.297654,0.6519678683119543
1299.538708,0.6571059566899596
1299.779762,0.6612984686303686
1300.020816,0.6644005987861172
1300.26187,0.6660370362519586
1300.502924,0.6671302331678611
1300.743978,0.6684524596017316
1300.985032,0.6691078641078951
1301.226086,0.6694692799280024
1301.46714,0.669857684736867
1301.708194,0.6701390840541765
1301.949248,0.6701323826968428
1302.190302,0.6706687031025588
1302.431356,0.6714605592754802
1302.67241,0.6719173077326629
1302.913464,0.6728922945234728
1303.154518,0.6739900033532004
1303.395572,0.6756635729300315
1303.636626,0.6781613771286945
1303.87768,0.6800764912539681
1304.118734,0.6828978440984104
1304.359788,0.6868083446424087
1304.600842,0.6899059465704361
1304.841896,0.6939814832689092
1305.08295,0.6978228534843459
1305.324004,0.7026896147216496
1305.565058,0.7069325646677692
1305.806112,0.7117560874985076
1306.047166,0.7164190627947716
1306.28822,0.7215020929073002
1306.529274,0.72638870579909
1306.770328,0.7313669219153911
1307.011382,0.7365265462064171
1307.252436,0.7409738088442464
1307.49349,0.7459699209750842
1307.734544,0.7499640552002157
1307.975598,0.7544320986397399
1308.216652,0.7589798879706285
1308.457706,0.7627537797295468
1308.69876,0.7662552041821
1308.939814,0.7688110871954165
1309.180868,0.772394383458036
1309.421922,0.7756142367446012
1309.662976,0.7779912512865046
1309.90403,0.7798918677487685
1310.145084,0.7819065866373621
1310.386138,0.7840911520657803
1310.627192,0.7854252406783198
1310.868246,0.7865413367607602
1311.1093,0.7873597652600433
1311.350354,0.7887073022744242
1311.591408,0.7891964524227112
1311.832462,0.7899465452902116
1312.073516,0.7902704897778626
1312.31457,0.7904997014539848
1312.555624,0.7901045503992539
1312.796678,0.7898833520943499
1313.037732,0.7901124514842632
1313.278786,0.7902072706674785
1313.51984,0.7894569302284848
1313.760894,0.7895753576498536
1314.001948,0.7891096455874081
1314.243002,0.7892438056304386
1314.484056,0.7889991779699396
1314.72511,0.7887625137179614
1314.966164,0.7891806686515009
1315.207218,0.789330627224158
1315.448272,0.7890544098454906
1315.689326,0.7895911493149227
1315.93038,0.789330627224158
1316.171434,0.7904048471811805
1316.412488,0.7905787553767605
1316.653542,0.7906340978266
1316.894596,0.791124442958536
1317.13565,0.792288251079081
1317.376704,0.7927399841138802
1317.617758,0.7931919747099074
1317.858812,0.7939696838603642
1318.099866,0.7949309686378409
1318.34092,0.7957422118895751
1318.581974,0.7967932851650152
1318.823028,0.7983086315300089
1319.064082,0.7986919116530138
1319.305136,0.7997228890565007
1319.54619,0.8005150067502288
1319.787244,0.8021497242088871
1320.028298,0.8029924237591473
1320.269352,0.8048897238126819
1320.510406,0.806033479094557
1320.75146,0.8070900748713027
1320.992514,0.8091507808456969
1321.233568,0.8103330037984849
1321.474622,0.811955291553074
1321.715676,0.8137679722410145
1321.95673,0.8159028397835514
1322.197784,0.8175199277951517
1322.438838,0.8193859997441643
1322.679892,0.8213466743564171
1322.920946,0.8236002502331928
1323.162,0.8257113679515176
1323.403054,0.8283081765026866
1323.644108,0.8307636009405156
1323.885162,0.8334679748707969
1324.126216,0.8370010115089691
1324.36727,0.8399272483522727
1324.608324,0.8433189849219169
1324.849378,0.8464450448106097
1325.090432,0.8487420218802068
1325.331486,0.851675238745402
1325.57254,0.85460150048425
1325.813594,0.8575035157075082
1326.054648,0.8601486980255526
1326.295702,0.8626381232496348
1326.536756,0.8649617436694788
1326.77781,0.8675344986982271
1327.018864,0.8704543171619075
1327.259918,0.8728513609586865
1327.500972,0.875403811697163
1327.742026,0.8780339663916805
1327.98308,0.8804078614170813
1328.224134,0.8833268396823498
1328.465188,0.8859276418969138
1328.706242,0.8884561370704673
1328.947296,0.8911433302237255
1329.18835,0.8932042507633258
1329.429404,0.8962642388980769
1329.670458,0.8984987176244483
1329.911512,0.9010450703850249
1330.152566,0.904104796479137
1330.39362,0.9061712256608755
1330.634674,0.9084476638635872
1330.875728,0.9111233410977816
1331.116782,0.9135145276559007
1331.357836,0.915509077106261
1331.59889,0.9175189915780584
1331.839944,0.9194156258966282
1332.080998,0.9211733878704014
1332.322052,0.9232631335549819
1332.563106,0.9248441889836994
1332.80416,0.9260417119945343
1333.045214,0.9279930828956084
1333.286268,0.9296138445285144
1333.527322,0.9307188820381292
1333.768376,0.9325047813725934
1334.00943,0.9328349465009791
1334.250484,0.9337299643071173
1334.491538,0.9346707039640956
1334.732592,0.935641395856747
1334.973646,0.9360737620505332
1335.2147,0.9358949890353478
1335.455754,0.9360709538334593
1335.696808,0.9368238575070608
1335.937862,0.9373954943916644
1336.178916,0.9374920511001719
1336.41997,0.93733081633397
1336.661024,0.9369625176985729
1336.902078,0.9368229206836717
1337.143132,0.9365138201242434
1337.384186,0.9365643932359919
1337.62524,0.9362207371684199
1337.866294,0.9356198763521176
1338.107348,0.9350960758991759
1338.348402,0.935189590182402
1338.589456,0.9342277750328662
1338.83051,0.9333416134245497
1339.071564,0.9325961713192021
1339.312618,0.9321262612761352
1339.553672,0.9308240592141981
1339.794726,0.930306664886227
1340.03578,0.9293749644678732
1340.276834,0.9287051266240519
1340.517888,0.927789874662568
1340.758942,0.9261556221304393
1340.999996,0.9251124326919624
1341.24105,0.9238800793651559
1341.482104,0.9225202058010108
1341.723158,0.9214055528156992
1341.964212,0.9197181634022389
1342.205266,0.9179081021160922
1342.44632,0.916751349485139
1342.687374,0.9151530133341602
1342.928428,0.9134195270851397
1343.169482,0.9112509072949607
1343.410536,0.9095630132740786
1343.65159,0.9082087735434452
1343.892644,0.9059211569136677
1344.133698,0.9040776737420858
1344.374752,0.9013064113480447
1344.615806,0.8991368782341701
1344.85686,0.897151979853853
1345.097914,0.8940979017651192
1345.338968,0.8914641995756241
1345.580022,0.8894428709185884
1345.821076,0.8868140126503232
1346.06213,0.8833975086562457
1346.303184,0.8804871016903676
1346.544238,0.8775775074187753
1346.785292,0.8739955455188013
1347.026346,0.8703498689108684
1347.2674,0.8664594226047724
1347.508454,0.8627934120873959
1347.749508,0.8579581130284818
1347.990562,0.8537644012593915
1348.231616,0.8494552646986312
1348.47267,0.8444582343719168
1348.713724,0.8392807533035775
1348.954778,0.8335596613906988
1349.195832,0.8281922214750176
1349.436886,0.8220615568919188
1349.67794,0.8153563679693968
1349.918994,0.8091103243180763
1350.160048,0.8020695132470811
1350.401102,0.7948435310404467
1350.642156,0.7871550783315294
1350.88321,0.779494224303914
1351.124264,0.7713677817694894
1351.365318,0.7625478640088931
1351.606372,0.7543189423118807
1351.847426,0.745008240194491
1352.08848,0.7363277108829179
1352.329534,0.7268464748658587
1352.570588,0.7170211076309502
1352.811642,0.7075337127994987
1353.052696,0.6980880765578624
1353.29375,0.6887823158853158
1353.534804,0.6790163990145454
1353.775858,0.6695630121882975
1354.016912,0.6597726321874252
1354.257966,0.6503855097362646
1354.49902,0.6413050745162371
1354.740074,0.6318331012571115
1354.981128,0.6231113775559283
1355.222182,0.6148542691419802
1355.463236,0.6062214079420845
1355.70429,0.5985770642205456
1355.945344,0.5907632110398252
1356.186398,0.583523823189914
1356.427452,0.5768632743992904
1356.668506,0.570392818641929
1356.90956,0.5643616554041628
1357.150614,0.5581709508444651
1357.391668,0.5532308025862802
1357.632722,0.5479287602656654
1357.873776,0.5428620732834324
1358.11483,0.5378045902218461
1358.355884,0.5331886379903463
1358.596938,0.5286651681395735
1358.837992,0.5239337677885545
1359.079046,0.519135682161235
1359.3201,0.5139856151541551
1359.561154,0.5088815503620667
1359.802208,0.5035511414927379
1360.043262,0.4978880631568901
1360.284316,0.4918359760923772
1360.52537,0.4851680273013012
1360.766424,0.47816950326916463
1361.007478,0.4711729758739805
1361.248532,0.46317978302266766
1361.489586,0.4557640671337913
1361.73064,0.44795611901126586
1361.971694,0.43989025659892644
1362.212748,0.4332371544953502
1362.453802,0.42748332380904136
1362.694856,0.4234838077404852
1362.93591,0.4210136596927923
1363.176964,0.4215613333611467
1363.418018,0.42320016861901527
1363.659072,0.4251981429491545
1363.900126,0.42666760991531844
1364.14118,0.4273978356933761
1364.382234,0.42745340102368445
1364.623288,0.42636478342840267
1364.864342,0.42482838143437035
1365.105396,0.422874429914674
1365.34645,0.41993304377361795
1365.587504,0.4176130470357739
1365.828558,0.41511902194632383
1366.069612,0.4126316386981271
1366.310666,0.4110213990607666
1366.55172,0.40980657454681113
1366.792774,0.4096222030749575
1367.033828,0.409904939928076
1367.274882,0.41127631134282605
1367.515936,0.41329237777034417
1367.75699,0.41580869179035407
1367.998044,0.42074850461980384
1368.239098,0.42594289116393746
1368.480152,0.4325531802731725
1368.721206,0.44021589586047644
1368.96226,0.4484670801794675
1369.203314,0.4569049027519634
1369.444368,0.4663494654742568
1369.685422,0.47519976759575194
1369.926476,0.4836131348711615
1370.16753,0.49108404242489495
1370.408584,0.49754961435957606
1370.649638,0.5015108684152111
1370.890692,0.5020327110294869
1371.131746,0.4987850687333999
1371.3728,0.4889769146139931
1371.613854,0.47017044550923903
1371.854908,0.437136401941738
1372.095962,0.3855709716770541
1372.337016,0.3336709337350714
1372.57807,0.2995721466856046
1372.819124,0.27971053895169634
1373.060178,0.2830023719288485
1373.301232,0.31058427418201723
1373.542286,0.3526779363918818
1373.78334,0.39586976424069836
1374.024394,0.4336012265940003
1374.265448,0.4626011700023673
1374.506502,0.4834584034263542
1374.747556,0.49776858435976157
1374.98861,0.5063738745621948
1375.229664,0.5097983620356855
1375.470718,0.5095333358002202
1375.711772,0.5061005064859546
1375.952826,0.5002636597720195
1376.19388,0.4927861361357398
1376.434934,0.48436816012814177
1376.675988,0.4756989893973073
1376.917042,0.466447409145732
1377.158096,0.45764111213492
1377.39915,0.4493828868282136
1377.640204,0.44136636005135166
1377.881258,0.434260801608444
1378.122312,0.42847195171265084
1378.363366,0.42321709696432463
1378.60442,0.41972312973461406
1378.845474,0.41676198479845133
1379.086528,0.41503600644376154
1379.327582,0.4140576763521379
1379.568636,0.4146045933707427
1379.80969,0.41568396789233714
1380.050744,0.4173792491989381
1380.291798,0.4198322719362165
1380.532852,0.42240952378701613
1380.773906,0.4253937790877732
1381.01496,0.42806509664527975
1381.256014,0.42986245223062935
1381.497068,0.43169325535350633
1381.738122,0.43231101830389945
1381.979176,0.43137392051300805
1382.22023,0.4289177943404132
1382.461284,0.42407285952939555
1382.702338,0.4157629553498075
1382.943392,0.40326958309264516
1383.184446,0.38606481851535074
1383.4255,0.36611785105235695
1383.666554,0.3470799923839709
1383.907608,0.34112714907845315
1384.148662,0.3601624857694073
1384.389716,0.3918720090626858
1384.63077,0.4157130667885391
1384.871824,0.4296475747283662
1385.112878,0.43930559144616105
1385.353932,0.44826979806943557
1385.594986,0.45659887899652546
1385.83604,0.46379622197512294
1386.077094,0.46949858226886876
1386.318148,0.4735915678223507
1386.559202,0.4753185823888812
1386.800256,0.4757798650997448
1387.04131,0.4747295526206497
1387.282364,0.47327436774580134
1387.523418,0.4714793378651592
1387.764472,0.46863549915746106
1388.005526,0.46659203025768137
1388.24658,0.4647108010970666
1388.487634,0.46299917812753255
1388.728688,0.4607774995012486
1388.969742,0.45909872725121187
1389.210796,0.45733459528440074
1389.45185,0.454217100638822
1389.692904,0.4498414912212578
1389.933958,0.44674826882146057
1390.175012,0.44668572844175436
1390.416066,0.45040864873439496
1390.65712,0.456585181235623
1390.898174,0.4669607835999769
1391.139228,0.4813695541618103
1391.380282,0.49879005660902653
1391.621336,0.5186531104074719
1391.86239,0.5396848073121072
1392.103444,0.5611371102631185
1392.344498,0.5825268501071824
1392.585552,0.6034029881993793
1392.826606,0.6235102964780027
1393.06766,0.6420751025300615
1393.308714,0.6593636999375659
1393.549768,0.6756095220062629
1393.790822,0.690043941558789
1394.031876,0.7033926557983229
1394.27293,0.7153810079253754
1394.513984,0.72638870579909
1394.755038,0.7362172700095581
1394.996092,0.7453808374561411
1395.237146,0.7531883120830776
1395.4782,0.7604005082270928
1395.719254,0.7678583522650281
1395.960308,0.7731748958777506
1396.201362,0.7794708398279537
1396.442416,0.7841617234451306
1396.68347,0.789930746517294
1396.924524,0.7944779870977207
1397.165578,0.799714891867596
1397.406632,0.8050829205290756
1397.647686,0.8094745058987295
1397.88874,0.8143785271496662
1398.129794,0.819140220812924
1398.370848,0.8238885607721755
1398.611902,0.8284655700081316
1398.852956,0.8329847036075859
1399.09401,0.8375703657552999
1399.335064,0.8417013658820777
1399.576118,0.8464619738807959
1399.817172,0.8508324974847989
1400.058226,0.8549348600703328
1400.29928,0.8594178822729269
1400.540334,0.863501192835755
1400.781388,0.8673957042822847
1401.022442,0.8712206540998083
1401.263496,0.8746950217083868
1401.50455,0.8786663784885171
1401.745604,0.8817647340474257
1401.986658,0.8846793641644489
1402.227712,0.8876391333037212
1402.468766,0.8903772764100875
1402.70982,0.8926595623172261
1402.950874,0.8949566478829986
1403.191928,0.8968649371495818
1403.432982,0.8985885719888541
1403.674036,0.9000274645110904
1403.91509,0.9013424643255533
1404.156144,0.9024878964506906
1404.397198,0.9032914682149243
1404.638252,0.9038516825737233
1404.879306,0.9045479163849226
1405.12036,0.9047288440603641
1405.361414,0.9045207803544736
1405.602468,0.9046745619581998
1405.843522,0.9036528570751639
1406.084576,0.9029392532287072
1406.32563,0.9019736249310207
1406.566684,0.9005136105895541
1406.807738,0.8984807478297944
1407.048792,0.8965959180233235
1407.289846,0.8942320265094882
1407.5309,0.8918030203433315
1407.771954,0.8889182544018371
1408.013008,0.8855024986713401
1408.254062,0.8816765619826977
1408.495116,0.8784203863430479
1408.73617,0.8738295021397733
1408.977224,0.8697669298051054
1409.218278,0.8654895312919761
1409.459332,0.8610092769413211
1409.700386,0.855781664680922
1409.94144,0.8509686415756333
1410.182494,0.8455060120704558
1410.423548,0.8403557205000429
1410.664602,0.8354205735815153
1410.905656,0.8304562752669232
1411.14671,0.8254636916944282
1411.387764,0.8204683034271067
1411.628818,0.8158946807959486
1411.869872,0.8119715308212972
1412.110926,0.807162716246854
1412.35198,0.803844047008914
1412.593034,0.8003789307658676
1412.834088,0.7971200373915621
1413.075142,0.7947402080975482
1413.316196,0.7919001249347233
1413.55725,0.789875453300323
1413.798304,0.7882893981585919
1414.039358,0.7865649333548101
1414.280412,0.7849855256752319
1414.521466,0.7837227158136109
1414.76252,0.7827045382418681
1415.003574,0.780929814014139
1415.244628,0.7793071681377188
1415.485682,0.7777967777838837
1415.726736,0.7757616174503063
1415.96779,0.7733140798851934
1416.208844,0.7704272868942572
1416.449898,0.766991162381529
1416.690952,0.7632955272107528
1416.932006,0.7595265502647774
1417.17306,0.7559349133206992
1417.414114,0.7519240180231503
1417.655168,0.74735124265748
1417.896222,0.7424943631880686
1418.137276,0.7377280634472589
1418.37833,0.7331536361097334
1418.619384,0.7294532485867181
1418.860438,0.7268828180981752
1419.101492,0.7252201609138015
1419.342546,0.7240896994519738
1419.5836,0.7237494572564106
1419.824654,0.7248938852589185
1420.065708,0.7267229214674679
1420.306762,0.7286367182906215
1420.547816,0.7310451912556841
1420.78887,0.7328018068101877
1421.029924,0.7349153180090687
1421.270978,0.7364970857337823
1421.512032,0.737683801091336
1421.753086,0.7375879084303522
1421.99414,0.7381044007174639
1422.235194,0.7378682450961489
1422.476248,0.7369243779462711
1422.717302,0.7362025458114003
1422.958356,0.7350035131388317
1423.19941,0.7344377782695916
1423.440464,0.7330143501514577
1423.681518,0.7321059756658439
1423.922572,0.731418119391816
1424.163626,0.7310378808403236
1424.40468,0.7308843790036041
1424.645734,0.7310963662101745
1424.886788,0.7313303544834888
1425.127842,0.7321279391745649
1425.368896,0.732684567900461
1425.60995,0.7342541917742922
1425.851004,0.7362246322190692
1426.092058,0.7375215285057348
1426.333112,0.7399223727320035
1426.574166,0.7416929021426921
1426.81522,0.74376511473204
1427.056274,0.7463579262066085
1427.297328,0.7487351221502331
1427.538382,0.7508044854951521
1427.779436,0.7525333232130372
1428.02049,0.7545377265273291
1428.261544,0.756411302362883
1428.502598,0.7577437584724668
1428.743652,0.7590481992345066
1428.984706,0.7594050357381564
1429.22576,0.7597848331974779
1429.466814,0.7592000240563296
1429.707868,0.7585398072713453
1429.948922,0.7567668992337122
1430.189976,0.7549301881763085
1430.43103,0.75211202252724
1430.672084,0.7482037088875385
1430.913138,0.7443901399022349
1431.154192,0.7396116705874737
1431.395246,0.7347389594966146
1431.6363,0.7301538599450065
1431.877354,0.725619141711966
1432.118408,0.722007321181601
1432.359462,0.7190675325580459
1432.600516,0.7177528422819645
1432.84157,0.7165910240043621
1433.082624,0.7151950330410974
1433.323678,0.7151235171136493
1433.564732,0.7151378197270172
1433.805786,0.7153810079253754
1434.04684,0.7158461567375137
1434.287894,0.7157602603525914
1434.528948,0.7163545879805303
1434.770002,0.7162543053581604
1435.011056,0.7156385914504811
1435.25211,0.7149876565525597
1435.493164,0.7138660066573361
1435.734218,0.7127389889452673
1435.975272,0.7107176818313522
1436.216326,0.7089005714595243
1436.45738,0.7062683602819504
1436.698434,0.7035896333175121
1436.939488,0.700668780030008
1437.180542,0.6978577454993132
1437.421596,0.6942105349498366
1437.66265,0.6907481454621152
1437.903704,0.686506215444064
1438.144758,0.6825974351418241
1438.385812,0.6783038059723967
1438.626866,0.6744349835827365
1438.86792,0.6705412881537728
1439.108974,0.6664967603935619
1439.350028,0.6626621475828258
1439.591082,0.6589418421784882
1439.832136,0.6557078105564462
1440.07319,0.6526723739743109
1440.314244,0.6499498973911725
1440.555298,0.6476401894759082
1440.796352,0.646023111192301
1441.037406,0.6445131844154195
1441.27846,0.6433283705191551
1441.519514,0.6425696907510379
1441.760568,0.6423897964240087
1442.001622,0.6417926516287035
1442.242676,0.6426532302407847
1442.48373,0.6428653408030821
1442.724784,0.6430003567008238
1442.965838,0.6430582293371564
1443.206892,0.6429103429519951
1443.447946,0.6432769063081095
1443.689,0.6429167720875703
1443.930054,0.6428203418042092
1444.171108,0.6418119056970618
1444.412162,0.6410037319522641
1444.653216,0.6399021531626412
1444.89427,0.6390324777476682
1445.135324,0.6375197640492023
1445.376378,0.6363159896203181
1445.617432,0.6352605813088039
1445.858486,0.6340547321238025
1446.09954,0.6328575004204341
1446.340594,0.6315362094745547
1446.581648,0.6303059137942176
1446.822702,0.6287132553947308
1447.063756,0.6268988970971883
1447.30481,0.6250085183366338
1447.545864,0.6233108051034519
1447.786918,0.6215741916594654
1448.027972,0.6200780014908875
1448.269026,0.6187710162620605
1448.51008,0.6178929849687252
1448.751134,0.6174482621389785
1448.992188,0.6169976893866809
1449.233242,0.6173556518456033
1449.474296,0.617577939889715
1449.71535,0.6178435555071325
1449.956404,0.6183071119857132
1450.197458,0.6185668555150701
1450.438512,0.6186472744334035
1450.679566,0.6186534609370803
1450.92062,0.619470622713638
1451.161674,0.619761842337564
1451.402728,0.6204439554575716
1451.643782,0.6225570551399685
1451.884836,0.6239718648566336
1452.12589,0.6254649411290698
1452.366944,0.627519834318524
1452.607998,0.6290214003792299
1452.849052,0.6305202542407188
1453.090106,0.6327752342927936
1453.33116,0.6349176331992203
1453.572214,0.6374878888578862
1453.813268,0.6399853458499599
1454.054322,0.6425889681309197
1454.295376,0.6454096806623052
1454.53643,0.6483918879965517
1454.777484,0.651075283892302
1455.018538,0.6542733817242042
1455.259592,0.6568563038634586
1455.500646,0.6588430083148865
1455.7417,0.6601686145495669
1455.982754,0.6611331646770661
1456.223808,0.6609546828187384
1456.464862,0.6604459436027021
1456.705916,0.6587837151123723
1456.94697,0.6561472819960114
1457.188024,0.6529987917589438
1457.429078,0.649228853258595
1457.670132,0.6449580519743239
1457.911186,0.6416386398744623
1458.15224,0.6400429471231048
1458.393294,0.6428653408030821
1458.634348,0.6504700653485261
1458.875402,0.6588100669880108
1459.116456,0.6664367783843573
1459.35751,0.6735924665361149
1459.598564,0.6794239311013541
1459.839618,0.6848468790095865
1460.080672,0.6893542425242224
1460.321726,0.6934611922899633
1460.56278,0.6968187117309066
1460.803834,0.7000524627229697
1461.044888,0.7022891957715004
1461.285942,0.7045612572778261
1461.526996,0.7062966115813839
1461.76805,0.7074841871730199
1462.009104,0.7087942443485381
1462.250158,0.7097446652757717
1462.491212,0.7103766192056518
1462.732266,0.7110802402936357
1462.97332,0.7116849154484196
1463.214374,0.7121761474956456
1463.455428,0.7126677186099489
1463.696482,0.7125679521131613
1463.937536,0.7127674990750239
1464.17859,0.7129884912517548
1464.419644,0.712952842718413
1464.660698,0.7123470902833585
1464.901752,0.7123470902833585
1465.142806,0.71216190411513
1465.38386,0.7121262969101118
1465.624914,0.7123969563249695
1465.865968,0.7126392124713311
1466.107022,0.7125394499651235
1466.348076,0.7136233334718519
1466.58913,0.7142587409530289
1466.830184,0.7152379460304567
1467.071238,0.7160323009359627
1467.312292,0.7165981899504319
1467.553346,0.7174084035895685
1467.7944,0.7187080886602297
1468.035454,0.7194847126974749
1468.276508,0.720636809669588
1468.517562,0.7218557155633
1468.758616,0.7224840033013769
1468.99967,0.7235613068581356
1469.240724,0.7237205078571122
1469.481778,0.7250316281822811
1469.722832,0.725931225036008
1469.963886,0.7262724929034416
1470.20494,0.7273408985537696
1470.445994,0.7279011667212185
1470.687048,0.7287751724198225
1470.928102,0.7297596832979094
1471.169156,0.7304459799090823
1471.41021,0.7319376106541593
1471.651264,0.7326772410914161
1471.892318,0.7338504630044054
1472.133372,0.7344745010765675
1472.374426,0.7354520020570596
1472.61548,0.7369833342547276
1472.856534,0.737455154555042
1473.097588,0.7391976040014098
1473.338642,0.7410553204462751
1473.579696,0.7424943631880686
1473.82075,0.7446581685948697
1474.061804,0.7471718998812361
1474.302858,0.7498440705504116
1474.543912,0.7530678115934406
1474.784966,0.755897117519936
1475.02602,0.7589115828544875
1475.267074,0.7623038877306967
1475.508128,0.765320942848291
1475.749182,0.7685343650170068
1475.990236,0.7715220707542274
1476.23129,0.7746840578794482
1476.472344,0.7778901189975785
1476.713398,0.7807970672295529
1476.954452,0.7834641299864006
1477.195506,0.7862189209124536
1477.43656,0.7888019528296168
1477.677614,0.7919159630956031
1477.918668,0.7942158526165467
1478.159722,0.7965702142765508
1478.400776,0.7995629604720809
1478.64183,0.8017808201901803
1478.882884,0.8042943257415168
1479.123938,0.8069609507895252
1479.364992,0.8103086941730172
1479.606046,0.8134832032882039
1479.8471,0.8159762743436376
1480.088154,0.8197384114871489
1480.329208,0.8226536543423846
1480.570262,0.8265044314743347
1480.811316,0.8298751592885577
1481.05237,0.8337764150794189
1481.293424,0.8371768001785502
1481.534478,0.8411628493515843
1481.775532,0.8450495620765278
1482.016586,0.8491834825013984
1482.25764,0.8530731320961776
1482.498694,0.8576064223036653
1482.739748,0.8614398892238914
1482.980802,0.865108799665308
1483.221856,0.8696799574608145
1483.46291,0.8736634903059903
1483.703964,0.8772002302109981
1483.945018,0.8813327751663111
1484.186072,0.8852811507163195
1484.427126,0.8886516189228382
1484.66818,0.8924810482567638
1484.909234,0.8959058048940977
1485.150288,0.8993077304714832
1485.391342,0.9025962014964375
1485.632396,0.9054981905037328
1485.87345,0.9088111156146368
1486.114504,0.9119765517853596
1486.355558,0.914394665864563
1486.596612,0.9172162602642517
1486.837666,0.9199186838177917
1487.07872,0.9225303535790872
1487.319774,0.9246795813685726
1487.560828,0.9265576609065479
1487.801882,0.9292903951940669
1488.042936,0.9312011193076949
1488.28399,0.9332650825500576
1488.525044,0.9353149139839937
1488.766098,0.9368416573294512
1489.007152,0.938715338144618
1489.248206,0.9409352044033062
1489.48926,0.9426285277423233
1489.730314,0.9441785393992987
1489.971368,0.9455230618617158
1490.212422,0.9470588917799648
1490.453476,0.9485611703647093
1490.69453,0.950057281395029
1490.935584,0.9511086260346674
1491.176638,0.952738318621248
1491.417692,0.9538393671123571
1491.658746,0.9554183228620013
1491.8998,0.9562632860781277
1492.140854,0.9575637313363136
1492.381908,0.9581154469243988
1492.622962,0.9592936946936169
1492.864016,0.9608115375635544
1493.10507,0.9614776107267803
1493.346124,0.9624992423397386
1493.587178,0.9630422450247814
1493.828232,0.9643229790276572
1494.069286,0.9649615721907889
1494.31034,0.9659260504780994
1494.551394,0.9666227342848261
1494.792448,0.9677485382383223
1495.033502,0.9685753484877039
1495.274556,0.9690510357554789
1495.51561,0.9699051458982535
1495.756664,0.9705416124121548
1495.997718,0.9713222416394326
1496.238772,0.9719421429570916
1496.479826,0.9726849904859337
1496.72088,0.9731841058982102
1496.961934,0.9739561469680137
1497.202988,0.973923033021957
1497.444042,0.9751597258665116
1497.685096,0.975344048472638
1497.92615,0.97574109429371
1498.167204,0.9760367886407123
1498.408258,0.9770250378405694
1498.649312,0.9772312118741494
1498.890366,0.9769605563159857
1499.13142,0.9782852351370165
1499.372474,0.978237300334907
1499.613528,0.978327302306565
1499.854582,0.9786824995817074
1500.095636,0.9789311165096143
1500.33669,0.9791034235486947
1500.577744,0.9790564277122734
1500.818798,0.9795764447276876
1501.059852,0.9797958944287555
1501.300906,0.9804123799107096
1501.54196,0.980376105323737
1501.783014,0.9803525765795552
1502.024068,0.9803780660779083
1502.265122,0.9808968232740445
1502.506176,0.9811666069940062
1502.74723,0.9813805246305061
1502.988284,0.9812578597316431
1503.229338,0.9814335206097147
1503.470392,0.9816700745917915
1503.711446,0.9821944264010964
1503.9525,0.9818703557149882
1504.193554,0.9820392519408302
1504.434608,0.9820255034875425
1504.675662,0.9812863166221982
1504.916716,0.9818526822076473
1505.15777,0.98238597298943
1505.398824,0.9821531751014709
1505.639878,0.981856609626231
1505.880932,0.9817878820690498
1506.121986,0.981781009577929
1506.36304,0.9816582946215764
1506.604094,0.9818183179651478
1506.845148,0.9817446843525954
1507.086202,0.9813785618714196
1507.327256,0.9813893570949738
1507.56831,0.9810066898706657
1507.809364,0.9812990734272334
1508.050418,0.9813569717805503
1508.291472,0.9812578597316431
1508.532526,0.9811263799877786
1508.77358,0.9811921176574252
1509.014634,0.9811126443146088
1509.255688,0.9807653919058241
1509.496742,0.9811617011732358
1509.737796,0.9816651662536894
1509.97885,0.9809929558731457
1510.219904,0.9807526420386037
1510.460958,0.9808781864114531
1510.702012,0.981136191300635
1510.943066,0.9809978608501876
1511.18412,0.9806192687488756
1511.425174,0.9809880509206288
1511.666228,0.9808016808966669
1511.907282,0.9807810842776332
1512.148336,0.9805212117249337
1512.38939,0.980448655839867
1512.630444,0.9809654884549269
1512.871498,0.9804290470628385
1513.112552,0.9803751249481218
1513.353606,0.9809556788490905
1513.59466,0.9800781162843475
1513.835714,0.9803437534460702
1514.076768,0.9804957185048422
1514.317822,0.9800144132771591
1514.558876,0.9803476748289267
1514.79993,0.98046924547783
1515.040984,0.9801045787507288
1515.282038,0.9803055207852275
1515.523092,0.9799948131848951
1515.764146,0.9806379006919848
1516.0052,0.980568277872675
1516.246254,0.9804427731655799
1516.487308,0.9804427731655799
1516.728362,0.9801653471184113
1516.969416,0.9800986981408981
1517.21047,0.9804290470628385
1517.451524,0.9799761934603326
1517.692578,0.9802545462234968
1517.933632,0.9804908160385057
1518.174686,0.9807055670415947
1518.41574,0.9806290749905943
1518.656794,0.9806369200545744
1518.897848,0.9807918729288978
1519.138902,0.9810518172163208
1519.379956,0.9808438562757095
1519.62101,0.980907613198445
1519.862064,0.9808928996945986
1520.103118,0.9812941669441325
1520.344172,0.9811067576564029
1520.585226,0.9813167369695265
1520.82628,0.9816700745917915
1521.067334,0.981975421463967
1521.308388,0.9815660230787123
1521.549442,0.9816190290751077
1521.790496,0.9814629640569824
1522.03155,0.9817152324538456
1522.272604,0.9821934442071611
1522.513658,0.9820480903338704
1522.754712,0.9822612178929767
1522.995766,0.982338819594417
1523.23682,0.9827053003185319
1523.477874,0.9825127089542396
1523.718928,0.9829519903072103
1523.959982,0.9830689685541244
1524.201036,0.9831466340703877
1524.44209,0.9828546828769671
1524.683144,0.9834160531568522
1524.924198,0.9835084986107172
1525.165252,0.983959048671169
1525.406306,0.9840436727881396
1525.64736,0.983849835278222
1525.888414,0.9840013598199451
1526.129468,0.9840348164349382
1526.370522,0.9841775118284872
1526.611576,0.9844915145355295
1526.85263,0.9848972086067582
1527.093684,0.9842582176933524
1527.334738,0.9846500304295569
1527.575792,0.9846549536920172
1527.816846,0.9849375902201285
1528.0579,0.9847317597738033
1528.298954,0.9848440255934477
1528.540008,0.9849198615030634
1528.781062,0.985039044016702
1529.022116,0.9850676105631914
1529.26317,0.9853296734004133
1529.504224,0.9852262192161461
1529.745278,0.9854222987430359
1529.986332,0.9854370801883776
1530.227386,0.9860176735965822
1530.46844,0.9856509432380801
1530.709494,0.9853198201529456
1530.950548,0.9855543541785841
1531.191602,0.9858776690274912
1531.432656,0.9856805132099247
1531.67371,0.985394707304953
1531.914764,0.9862868931682736
1532.155818,0.9860157015632071
1532.396872,0.9859042880839106
1532.637926,0.986353962957356
1532.87898,0.9860837389938794
1533.120034,0.9866814868390138
1533.361088,0.9866548467985113
1533.602142,0.9864969946515321
1533.843196,0.9865561862469413
1534.08425,0.986233635114023
1534.325304,0.9863549493118122
1534.566358,0.9867910145627291
1534.807412,0.986682473520994
1535.048466,0.986523630429969
1535.28952,0.9863381814202014
1535.530574,0.9866143947790647
1535.771628,0.9867436497307952
1536.012682,0.9865098191958219
1536.253736,0.9867367425494222
1536.49479,0.986765358329883
1536.735844,0.9867199681673816
1536.976898,0.9866213011040003
1537.217952,0.9867120744392112
1537.459006,0.9868146978312767
1537.70006,0.9864969946515321
1537.941114,0.986350017549395
1538.182168,0.9864910756873211
1538.423222,0.9865502669275817
1538.664276,0.9865936760943212
1538.90533,0.9872243109197137
1539.146384,0.9864506303823524
1539.387438,0.986480224345171
1539.628492,0.9863154959029131
1539.869546,0.9863342360753664
1540.1106,0.9866962871723186
1540.351654,0.9860107714970244
1540.592708,0.98649798114902
1540.833762,0.9860669757128048
1541.074816,0.9860403522638786
1541.31587,0.9860728921324082
1541.556924,0.9861675596740223
1541.797978,0.9859575283529415
1542.039032,0.9862060209588397
1542.280086,0.9856401011373362
1542.52114,0.9852626732606526
1542.762194,0.9857090983592904
1543.003248,0.9850626852374519
1543.244302,0.9850942077477369
1543.485356,0.9850646553647925
1543.72641,0.9850528346598525
1543.967464,0.9850804165253673
1544.208518,0.9848479649774289
1544.449572,0.9848509195257557
1544.690626,0.9849050878159439
1544.93168,0.9843999610819794
1545.172734,0.9837721142112575
1545.413788,0.9840348164349382
1545.654842,0.9841706226100168
1545.895896,0.9839246107071334
1546.13695,0.9839413375676934
1546.378004,0.9833039501167871
1546.619058,0.9831977590245966
1546.860112,0.9825362895422205
1547.101166,0.9829667346976475
1547.34222,0.9828772887946403
1547.583274,0.9829244680367952
1547.824328,0.9822121060598881
1548.065382,0.9819567641082046
1548.306436,0.981863482646554
1548.54749,0.9818762469547961
1548.788544,0.9815630783850602
1549.029598,0.9814187992173162
1549.270652,0.9814806305493334
1549.511706,0.981207816856901
1549.75276,0.9810341584425404
1549.993814,0.9807114512926497
1550.234868,0.9804564994604881
1550.475922,0.98039571304192
1550.716976,0.9798987783989844
1550.95803,0.9799516943617361
1551.199084,0.9798125511005421
1551.440138,0.9800614550979911
1551.681192,0.9795176719042062
1551.922246,0.9795715468577086
1552.1633,0.9794236427211764
1552.404354,0.9792209230093472
1552.645408,0.9791807757745278
1552.886462,0.9790299935455881
1553.127516,0.9792816365886753
1553.36857,0.9785699575655454
1553.609624,0.9782823002857133
1553.850678,0.9784114420725214
1554.091732,0.9784544931230887
1554.332786,0.9780719922000812
1554.57384,0.9780152656696189
1554.814894,0.9778206599956574
1555.055948,0.9777453707035126
1555.297002,0.9777561259617442
1555.538056,0.9777043062603025
1555.77911,0.9774491587345691
1556.020164,0.9776739978965905
1556.261218,0.977459910734451
1556.502272,0.9772781200981077
1556.743326,0.9772849610688917
1556.98438,0.9771501050495436
1557.225434,0.9770592343153286
1557.466488,0.9771168825107582
1557.707542,0.9768775181978688
1557.948596,0.9767309975594617
1558.18965,0.9765415301248705
1558.430704,0.9774198356996547
1558.671758,0.9764819629083515
1558.912812,0.9764878218177057
1559.153866,0.9764448572987721
1559.39492,0.9765288351674963
1559.635974,0.9769986585206701
1559.877028,0.9767700675807593
1560.118082,0.9773269852257306
1560.359136,0.9761597770241865
1560.60019,0.9767563928955362
1560.841244,0.9770514178727199
1561.082298,0.9762222532491339
1561.323352,0.9766587221398658
1561.564406,0.9767876496002135
1561.80546,0.9763159750840219
1562.046514,0.9764399750866911
1562.287568,0.976360886651834
1562.528622,0.9763872487516603
1562.769676,0.9762495878549076
1563.01073,0.976418493643536
1563.251784,0.9760787591249829
1563.492838,0.9763364779347778
1563.733892,0.9760855917002107
1563.974946,0.976192967020832
1564.216,0.9758913699931632
1564.457054,0.9763823668276214
1564.698108,0.9759626126634985
1564.939162,0.9759343101581195
1565.180216,0.9754962140128032
1565.42127,0.9756113293577285
1565.662324,0.9757547547646532
1565.903378,0.9753557526714447
1566.144432,0.9750241880847103
1566.385486,0.9750817162088702
1566.62654,0.9749520389643423
1566.867594,0.974840900766898
1567.108648,0.9747541437874726
1567.349702,0.974972513172139
1567.590756,0.974201614844703
1567.83181,0.9743302179454805
1568.072864,0.9740184821561243
1568.313918,0.9738792074715533
1568.554972,0.9736513463977903
1568.796026,0.9732308198564195
1569.03708,0.9731480987524284
1569.278134,0.972667482313679
1569.519188,0.9727540535719688
1569.760242,0.9728805198190611
1570.001296,0.9725400712191048
1570.24235,0.9723319699114981
1570.483404,0.9715816193033275
1570.724458,0.9718692500298888
1570.965512,0.9717730397366239
1571.206566,0.9712863033813538
1571.44762,0.9711377079447772
1571.688674,0.9706134351488818
1571.929728,0.9702922152666708
1572.170782,0.9700516126332444
1572.411836,0.9698624710106883
1572.65289,0.9695957955007236
1572.893944,0.9694174062866625
1573.134998,0.9691343777282073
1573.376052,0.9691692671938122
1573.617106,0.9686944905826564
1573.85816,0.9686286215968677
1574.099214,0.968186059449951
1574.340268,0.9678908077299948
1574.581322,0.9680979585271937
1574.822376,0.9673944070832816
1575.06343,0.9670529771235146
1575.304484,0.9667735391938516
1575.545538,0.9664883830623868
1575.786592,0.966669133289639
1576.027646,0.9667841737612728
1576.2687,0.9652221469912955
1576.509754,0.9657010159258814
1576.750808,0.9652607566493632
1576.991862,0.9649393783298589
1577.232916,0.9649924514551645
1577.47397,0.9643605883572165
1577.715024,0.9639999849342142
1577.956078,0.9641590580549
1578.197132,0.9639566059109276
1578.438186,0.9637127557379797
1578.67924,0.9636106075998184
1578.920294,0.9633938196026728
1579.161348,0.963542193675402
1579.402402,0.9624915423765997
1579.643456,0.9629883161690821
1579.88451,0.9625868337561405
1580.125564,0.9622268935933217
1580.366618,0.961966165435419
1580.607672,0.9620594806791823
1580.848726,0.9618940206784735
1581.08978,0.9614699189366617
1581.330834,0.9615641476058469
1581.571888,0.9612939860398474
1581.812942,0.9610825246245271
1582.053996,0.9602832365140007
1582.29505,0.9605675224242479
1582.536104,0.9609575920171214
1582.777158,0.9605089295924796
1583.018212,0.960263070777775
1583.259266,0.9601468859755331
1583.50032,0.9600095947873925
1583.741374,0.9595872834809868
1583.982428,0.9596458200906275
1584.223482,0.9591622804595245
1584.464536,0.959117200891721
1584.70559,0.9587911564741097
1584.946644,0.958605169031119
1585.187698,0.9582342606061134
1585.428752,0.9582448012409535
1585.669806,0.9585514886447181
1585.91086,0.9581058658178352
1586.151914,0.9577648408356525
1586.392968,0.9571932258697183
1586.634022,0.956961613135329
1586.875076,0.9569778816210341
1587.11613,0.9569319477851371
1587.357184,0.9564392547113839
1587.598238,0.9562106930437151
1587.839292,0.9560969107414241
1588.080346,0.9560433708135546
1588.3214,0.9559449034175188
1588.562454,0.9554832935169332
1588.803508,0.9552492287841221
1589.044562,0.9551871396021714
1589.285616,0.9550362319561322
1589.52667,0.9547268503395068
1589.767724,0.9547373523926217
1590.008778,0.954772678328186
1590.249832,0.9538078909326021
1590.490886,0.9542018949477861
1590.73194,0.953875613696988
1590.972994,0.9537869073898214
1591.214048,0.954039694413081
1591.455102,0.9538097985502916
1591.696156,0.9537649705432262
1591.93721,0.9535475369183175
1592.178264,0.9536715061559428
1592.419318,0.953955742613906
1592.660372,0.9534569542050573
1592.901426,0.953503674740457
1593.14248,0.9534683957571569
1593.383534,0.9539547886586404
1593.624588,0.9536047514869525
1593.865642,0.9540969385120516
1594.106696,0.953642896439906
1594.34775,0.9539776838483094
1594.588804,0.9544357030523716
1594.829858,0.9539242625938229
1595.070912,0.9544576553259919
1595.311966,0.9544099336362778
1595.55302,0.9541847194682568
1595.794074,0.9545588331997891
1596.035128,0.9546523845493838
1596.276182,0.9548127796227971
1596.517236,0.9550314567869104
1596.75829,0.9551135930240016
1596.999344,0.9551756774252693
1597.240398,0.9554250108136692
1597.481452,0.9555511352391255
1597.722506,0.9560108658915337
1597.96356,0.9556113368569766
1598.204614,0.9565530777550313
1598.445668,0.9565454253610188
1598.686722,0.9565588170907158
1598.927776,0.9568764473416941
1599.16883,0.9573626640655353
1599.409884,0.9572841635456472
1599.650938,0.9576393818592454
1599.891992,0.95744691568699
1600.133046,0.957218113217125
1600.3741,0.9574689372192975
1600.615154,0.9575541557468782
1600.856208,0.9579659925724211
1601.097262,0.9578127302749203
1601.338316,0.9577073766691446
1601.57937,0.9576058650674276
1601.820424,0.9571597246930869
1602.061478,0.9572564027074384
1602.302532,0.9571262246889761
1602.543586,0.9566774377383632
1602.78464,0.9562508547362126
1603.025694,0.9559353440162817
1603.266748,0.9553170538871284
1603.507802,0.9551527534840996
1603.748856,0.9547173031187396
1603.98991,0.9540311080944698
1604.230964,0.9535647009284577
1604.472018,0.9534216769503849
1604.713072,0.9521639905924227
1604.954126,0.9517660692157167
1605.19518,0.9511951808578213
1605.436234,0.9506883289144662
1605.677288,0.9498568404559173
1605.918342,0.9496260532854635
1606.159396,0.9487471065752542
1606.40045,0.9480102163923548
1606.641504,0.9474216848059462
1606.882558,0.9467255857153671
1607.123612,0.946105683496863
1607.364666,0.9455145521924526
1607.60572,0.9444788359194438
1607.846774,0.944128499262786
1608.087828,0.9431593770234931
1608.328882,0.9425003389795839
1608.569936,0.9417683006499171
1608.81099,0.9411045879841639
1609.052044,0.9400172996541907
1609.293098,0.9400351601525584
1609.534152,0.9387190930134803
1609.775206,0.9382160744006564
1610.01626,0.9373158191608864
1610.257314,0.9367123821009357
1610.498368,0.9362853386280092
1610.739422,0.9353186552511321
1610.980476,0.9345781761446057
1611.22153,0.9338616295142635
1611.462584,0.9326866375353606
1611.703638,0.9321989699601165
1611.944692,0.9313827212315721
1612.185746,0.9305718400713885
1612.4268,0.9300238946433562
1612.667854,0.9295255354080338
1612.908908,0.9287970729828574
1613.149962,0.9281824127955124
1613.391016,0.9278789467659282
1613.63207,0.9272231681956051
1613.873124,0.9265789719778251
1614.114178,0.9265159667499326
1614.355232,0.9263380927607661
1614.596286,0.9259231862412091
1614.83734,0.9258102305029278
1615.078394,0.925529752497649
1615.319448,0.9250476770881465
1615.560502,0.9250560025547049
1615.801556,0.9246925269733308
1616.04261,0.9243744874499863
1616.283664,0.9240694941957825
1616.524718,0.92416560242072
1616.765772,0.9234173313734451
1617.006826,0.9233120677978063
1617.24788,0.9230646533186575
1617.488934,0.9228394530188017
1617.729988,0.9222149021434334
1617.971042,0.9220350877699867
1618.212096,0.9219143090846653
1618.45315,0.9214147669172978
1618.694204,0.9209781198113185
1618.935258,0.9207681607362456
1619.176312,0.920386121228221
1619.417366,0.9198487726544794
1619.65842,0.919787144851266
1619.899474,0.9196022862140664
1620.140528,0.9193604626139894
1620.381582,0.918786041850043
1620.622636,0.9184029879428819
1620.86369,0.9172621222238043
1621.104744,0.9172850540635068
1621.345798,0.9164699500178755
1621.586852,0.9160246538379032
1621.827906,0.915367184196294
1622.06896,0.9144833664490607
1622.310014,0.9139202181628078
1622.551068,0.9133528498934096
1622.792122,0.9117504096433016
1623.033176,0.911577193521522
1623.27423,0.9101689840067746
1623.515284,0.9092710904029451
1623.756338,0.9077756612639557
1623.997392,0.9062527847412886
1624.238446,0.9049478149350338
1624.4795,0.9032553372788193
1624.720554,0.9013875325754664
1624.961608,0.8995415808806415
1625.202662,0.8977083865496145
1625.443716,0.8958968458808438
1625.68477,0.8932131828504938
1625.925824,0.8909205722370781
1626.166878,0.8878788282270718
1626.407932,0.8850510075370431
1626.648986,0.8824969025845955
1626.89004,0.8797038167833502
1627.131094,0.8759642494576029
1627.372148,0.8723714247047274
1627.613202,0.8690192517931
1627.854256,0.8648233608614114
1628.09531,0.8610437180012154
1628.336364,0.8566036095494272
1628.577418,0.8520074568668355
1628.818472,0.8471563573576951
1629.059526,0.8426445995241058
1629.30058,0.8372688946916752
1629.541634,0.8323851704788146
1629.782688,0.8266614822356647
1630.023742,0.8212809692507078
1630.264796,0.8148835983924052
1630.50585,0.8090779605523831
1630.746904,0.8031048505681666
1630.987958,0.7964029520946965
1631.229012,0.7902230749709344
1631.470066,0.7833387857534088
1631.71112,0.7762582637953527
1631.952174,0.7698034934623187
1632.193228,0.7625936182533473
1632.434282,0.7553304072247213
1632.675336,0.7480166813397342
1632.91639,0.7404775226667554
1633.157444,0.7331243105508041
1633.398498,0.7256771935653461
1633.639552,0.7182841759544654
1633.880606,0.7107887571532422
1634.12166,0.7033856219069343
1634.362714,0.6961779333193797
1634.603768,0.6887409901861461
1634.844822,0.6818810839850973
1635.085876,0.6743270826176706
1635.32693,0.6679112323360884
1635.567984,0.6607828569395378
1635.809038,0.6536128992084798
1636.050092,0.6472970311204829
1636.291146,0.6403630486153706
1636.5322,0.6346065997683665
1636.773254,0.62809741821395
1637.014308,0.6224076593749438
1637.255362,0.6160236027685206
1637.496416,0.610809593078815
1637.73747,0.605294598378047
1637.978524,0.6000753789941918
1638.219578,0.59505585731644
1638.460632,0.5900665215784197
1638.701686,0.5849493597658639
1638.94274,0.5808225444634109
1639.183794,0.5762348359913483
1639.424848,0.5721294511545812
1639.665902,0.5680817185061218
1639.906956,0.564372942750144
1640.14801,0.5608173532496749
1640.389064,0.5572674459406657
1640.630118,0.5542330571056776
1640.871172,0.5512592898651483
1641.112226,0.5482795469119888
1641.35328,0.5459324657444992
1641.594334,0.5438455434080427
1641.835388,0.5416745062035351
1642.076442,0.5396254452482763
1642.317496,0.537971335488996
1642.55855,0.5365690610675258
1642.799604,0.5352239615303538
1643.040658,0.5341492418228151
1643.281712,0.5334019561063214
1643.522766,0.5326024529494364
1643.76382,0.5319530741584452
1644.004874,0.5317616055181713
1644.245928,0.5318466941819657
1644.486982,0.531809466216367
1644.728036,0.5323202484401741
1644.96909,0.5329807349652551
1645.210144,0.5337434426222585
1645.451198,0.5348601329522492
1645.692252,0.53597379984084
1645.933306,0.5376271439873119
1646.17436,0.5388058376310898
1646.415414,0.5408571949244794
1646.656468,0.5428349308583346
1646.897522,0.5450215193786329
1647.138576,0.5479945156621422
1647.37963,0.5512096787615935
1647.620684,0.5543938079999913
1647.861738,0.5579700454672987
1648.102792,0.5619063949438629
1648.343846,0.5662214629563042
1648.5849,0.570415634810995
1648.825954,0.574686847260824
1649.067008,0.5794765980617834
1649.308062,0.5848031407040668
1649.549116,0.5902199588200071
1649.79017,0.5953891819187149
1650.031224,0.6009040546719107
1650.272278,0.6069917982244534
1650.513332,0.6126508997302911
1650.754386,0.6189133499635491
1650.99544,0.6247960515617978
1651.236494,0.630595921211155
1651.477548,0.6372074558865668
1651.718602,0.6430839521807834
1651.959656,0.6495405579112912
1652.20071,0.6557340393934418
1652.441764,0.6619336199841238
1652.682818,0.6684791982348848
1652.923872,0.6749612480864058
1653.164926,0.6818742652083514
1653.40598,0.6877155302681263
1653.647034,0.6941897089461798
1653.888088,0.7003325397197239
1654.129142,0.7062824857904106
1654.370196,0.7124539503612065
1654.61125,0.7179969197391567
1654.852304,0.7237711700658188
1655.093358,0.7292271531262633
1655.334412,0.7343716818439311
1655.575466,0.7399445707361538
1655.81652,0.7449262937952041
1656.057574,0.749364323880569
1656.298628,0.7536780436314422
1656.539682,0.7574785945633924
1656.780736,0.7619761675238665
1657.02179,0.7650225258756723
1657.262844,0.768618908446962
1657.503898,0.7713523545681266
1657.744952,0.7738633278418635
1657.986006,0.7765532979885413
1658.22706,0.778730694154977
1658.468114,0.7807580283521715
1658.709168,0.7829237261974576
1658.950222,0.784083311193464
1659.191276,0.7854173864651841
1659.43233,0.7867852023723728
1659.673384,0.7875802568616997
1659.914438,0.7882893981585919
1660.155492,0.78890450374915
1660.396546,0.7889597289972736
1660.6376,0.7888335055387801
1660.878654,0.7886599812559325
1661.119708,0.7884786103187009
1661.360762,0.7877299113272275
1661.601816,0.7869268364554849
1661.84287,0.7861874727845839
1662.083924,0.7859595114734641
1662.324978,0.7846166691662343
1662.566032,0.7835424803168505
1662.807086,0.7826262717014362
1663.04814,0.781148504977369
1663.289194,0.7790734110525935
1663.530248,0.7774546224813453
1663.771302,0.7754203574213402
1664.012356,0.7732908808107848
1664.25341,0.7711132723978614
1664.494464,0.7685651070064431
1664.735518,0.766186244316964
1664.976572,0.7632649960002926
1665.217626,0.7601420160004643
1665.45868,0.7573725549830973
1665.699734,0.754439642998448
1665.940788,0.7513152061706386
1666.181842,0.7483458810981595
1666.422896,0.7447251908459993
1666.66395,0.7414407694209552
1666.905004,0.7379641742032682
1667.146058,0.7343569945571675
1667.387112,0.7301757648893773
1667.628166,0.7267810616267607
1667.86922,0.7225851581425128
1668.110274,0.7188302794212224
1668.351328,0.7143516006251006
1668.592382,0.7100854244907732
1668.833436,0.7056753439610377
1669.07449,0.7007248357746102
1669.315544,0.6959830307856784
1669.556598,0.690761960563175
1669.797652,0.6861150184030093
1670.038706,0.6809066908921048
1670.27976,0.6752245343106361
1670.520814,0.6700452711494655
1670.761868,0.6641548160371789
1671.002922,0.6585597667226177
1671.243976,0.6526919544392357
1671.48503,0.6473229235195722
1671.726084,0.6407858277292174
1671.967138,0.6348160545044208
1672.208192,0.6281916398931314
1672.449246,0.6217482568011126
1672.6903,0.615530980961302
1672.931354,0.608949461961867
1673.172408,0.6022214766021151
1673.413462,0.5953832280566651
1673.654516,0.5885108004169485
1673.89557,0.5815490266007319
1674.136624,0.5745489389671387
1674.377678,0.567054420580709
1674.618732,0.5600607606377084
1674.859786,0.5524733953291728
1675.10084,0.5454304388437982
1675.341894,0.5374228844843603
1675.582948,0.529856003955797
1675.824002,0.5218735300769509
1676.065056,0.5139188013671753
1676.30611,0.5060347176964755
1676.547164,0.4974302167804123
1676.788218,0.48912362969453904
1677.029272,0.4810279030788421
1677.270326,0.4721021015247313
1677.51138,0.46372202051588196
1677.752434,0.4542488969487246
1677.993488,0.445329865782728
1678.234542,0.4356483054575997
1678.475596,0.4262155818659992
1678.71665,0.4166453077782529
1678.957704,0.40628516056510916
1679.198758,0.3964085133864456
1679.439812,0.3859721740766844
1679.680866,0.37541995485342383
1679.92192,0.36443757653179637
1680.162974,0.35349002919430833
1680.404028,0.3419810338623976
1680.645082,0.33064830207080315
1680.886136,0.3189247810764912
1681.12719,0.30721728899857614
1681.368244,0.2951120984725092
1681.609298,0.28322886441130496
1681.850352,0.2706307319591961
1682.091406,0.25823119259107286
1682.33246,0.2458582816272648
1682.573514,0.23356380135231636
1682.814568,0.22135224002994683
1683.055622,0.20902529617735074
1683.296676,0.19677388526365674
1683.53773,0.18503690265227193
1683.778784,0.17346143169719042
1684.019838,0.1619123725952752
1684.260892,0.15111713717793304
1684.501946,0.14056292861262806
1684.743,0.13043242531621968
1684.984054,0.12065741862389559
1685.225108,0.11134742620553635
1685.466162,0.10267362612934151
1685.707216,0.09451469064535088
1685.94827,0.0867608322947078
1686.189324,0.07952371499349657
1686.430378,0.07288299003843232
1686.671432,0.06677009355233778
1686.912486,0.06098666776050652
1687.15354,0.05579338304775513
1687.394594,0.05108828829089351
1687.635648,0.046808053852457204
1687.876702,0.04288213385706832
1688.117756,0.03932872936806158
1688.35881,0.03626145309986128
1688.599864,0.03335658749630947
1688.840918,0.030881437615596342
1689.081972,0.028535681281071302
1689.323026,0.026532098893407435
1689.56408,0.024679064150785204
1689.805134,0.023047453335578658
1690.046188,0.021571117755753738
1690.287242,0.02025000982995156
1690.528296,0.019032637696522806
1690.76935,0.01803213202510213
1691.010404,0.016954872895700312
1691.251458,0.016092531445379237
1691.492512,0.015252680818517708
1691.733566,0.014469677877347147
1691.97462,0.013763983359979628
1692.215674,0.013092705970350829
1692.456728,0.012430526713261053
1692.697782,0.0118491398563205
1692.938836,0.011319821215676215
1693.17989,0.010804419668481849
1693.420944,0.01034657222619284
1693.661998,0.009936901770586443
1693.903052,0.00957978624383872
1694.144106,0.009276230600412494
1694.38516,0.00896165821930153
1694.626214,0.008735151425997593
1694.867268,0.008496508199042463
1695.108322,0.008228924115462494
1695.349376,0.007991314616576465
1695.59043,0.007775325164427717
1695.831484,0.007575014601483355
1696.072538,0.007362174069372154
1696.313592,0.0072359038446844865
1696.554646,0.007155313867925999
1696.7957,0.007151021967304185
1697.036754,0.0071567450738154
1697.277808,0.007273628543888495
1697.518862,0.007402777584064467
1697.759916,0.007596254364158616
1698.00097,0.00775436010205424
1698.242024,0.007951457768648468
1698.483078,0.00815845880321286
1698.724132,0.008380899762711079
1698.965186,0.008623191665654109
1699.20624,0.008837069162576336
1699.447294,0.009110752222894798
1699.688348,0.009364774709711095
1699.929402,0.009703195642969233
1700.170456,0.01002874308915474
1700.41151,0.010446377618945272
1700.652564,0.010919555659666392
1700.893618,0.011461060874891545
1701.134672,0.012124828337388099
1701.375726,0.012878448804396562
1701.61678,0.013740604465958005
1701.857834,0.014739858382017069
1702.098888,0.01586880573926136
1702.339942,0.017180160847232114
1702.580996,0.01863898358338125
1702.82205,0.020274324427588333
1703.063104,0.022176990313005244
1703.304158,0.024200064028916515
1703.545212,0.02646849820741477
1703.786266,0.029051068934292462
1704.02732,0.03175198614029861
1704.268374,0.034679726967855304
1704.509428,0.03776773924073868
1704.750482,0.041118382282007024
1704.991536,0.044605415658820764
1705.23259,0.0483784893000432
1705.473644,0.05222468516459977
1705.714698,0.05625276969992697
1705.955752,0.060301397483708004
1706.196806,0.06461556195942061
1706.43786,0.0688241897936662
1706.678914,0.07315315660150123
1706.919968,0.07746725097456589
1707.161022,0.0818145645900147
1707.402076,0.08596629312193295
1707.64313,0.0901752752318818
1707.884184,0.09419388637346028
1708.125238,0.09818517916618222
1708.366292,0.10214110901789668
1708.607346,0.10589576687769602
1708.8484,0.10956908669017543
1709.089454,0.11318858019178132
1709.330508,0.11649580677171449
1709.571562,0.11974389801773234
1709.812616,0.12288577667330985
1710.05367,0.1259084781310648
1710.294724,0.12885081715431398
1710.535778,0.13153267225658102
1710.776832,0.13431063368428836
1711.017886,0.13676379024802296
1711.25894,0.13941502543311746
1711.499994,0.14172028329641834
1711.741048,0.14394845426225206
1711.982102,0.14621165723435547
1712.223156,0.14854014805597995
1712.46421,0.15090572121159163
1712.705264,0.1528344453456401
1712.946318,0.15520631230372822
1713.187372,0.15715856738184122
1713.428426,0.15961350176811803
1713.66948,0.16163735539271867
1713.910534,0.16419508753194353
1714.151588,0.16652663706251564
1714.392642,0.16916173666939163
1714.633696,0.17161528885593874
1714.87475,0.17413925217159731
1715.115804,0.17693019548249692
1715.356858,0.17972991987965384
1715.597912,0.18244618977217303
1715.838966,0.18537026901676518
1716.08002,0.18828471881706685
1716.321074,0.19132150381364235
1716.562128,0.19452394752127758
1716.803182,0.19744405511670649
1717.044236,0.2006085063132802
1717.28529,0.20390522019263407
1717.526344,0.20692476621847655
1717.767398,0.21045151182889185
1718.008452,0.21382443454380493
1718.249506,0.21740354458263497
1718.49056,0.2209983596257168
1718.731614,0.2248099276035974
1718.972668,0.22861863797400267
1719.213722,0.23253837821162446
1719.454776,0.23650167230927283
1719.69583,0.24074909196587688
1719.936884,0.24529345737640393
1720.177938,0.24949909276739507
1720.418992,0.25413237151933277
1720.660046,0.259136585278089
1720.9011,0.2642393388458182
1721.142154,0.2692001833822156
1721.383208,0.27441876497258016
1721.624262,0.2801584340345344
1721.865316,0.2857608519358442
1722.10637,0.29211725473639394
1722.347424,0.2993325848057847
1722.588478,0.30657280963186034
1722.829532,0.3139881602484212
1723.070586,0.32184024181155096
1723.31164,0.3293612850072946
1723.552694,0.33688959957564707
1723.793748,0.34490026179276834
1724.034802,0.352431148222344
1724.275856,0.3604507310407583
1724.51691,0.3682843312054232
1724.757964,0.37683042265836686
1724.999018,0.3852587856424085
1725.240072,0.3940962934206933
1725.481126,0.40338251438555434
1725.72218,0.41288342078346163
1725.963234,0.4224390934886087
1726.204288,0.4324623536424452
1726.445342,0.4430290214096621
1726.686396,0.453545356543123
1726.92745,0.46454353531831827
1727.168504,0.47551350296364797
1727.409558,0.48692264906661187
1727.650612,0.4984260727379788
1727.891666,0.5096301563316814
1728.13272,0.5211642644859696
1728.373774,0.5323734831267081
1728.614828,0.5433074027436503
1728.855882,0.5543383713910679
1729.096936,0.5653105798585966
1729.33799,0.5754977272515127
1729.579044,0.5859973567973641
1729.820098,0.5954368149585646
1730.061152,0.6048649917416016
1730.302206,0.6140124955398336
1730.54326,0.6221711893965227
1730.784314,0.6305265594747873
1731.025368,0.6376409043123322
1731.266422,0.6453838647913995
1731.507476,0.6518505246569039
1731.74853,0.658507084048615
1731.989584,0.6642411617756151
1732.230638,0.6700653728091234
1732.471692,0.6751637668371255
1732.712746,0.6798521030379463
1732.9538,0.6841623744399038
1733.194854,0.6887892037429139
1733.435908,0.692324847991625
1733.676962,0.6961709715748553
1733.918016,0.6996745364423786
1734.15907,0.7029285698107182
1734.400124,0.7055836121290211
1734.641178,0.7091416386329178
1734.882232,0.7108953834635886
1735.123286,0.7134592189790435
1735.36434,0.7157888913356213
1735.605394,0.7178389777910654
1735.846448,0.7197725641490063
1736.087502,0.721913466330545
1736.328556,0.7236191940781421
1736.56961,0.7258150853314265
1736.810664,0.72742818469866
1737.051718,0.7291761090121093
1737.292772,0.7308259105920515
1737.533826,0.7329557113490288
1737.77488,0.7344157454667372
1738.015934,0.7361951838227523
1738.256988,0.7380453547272775
1738.498042,0.7403886706952603
1738.739096,0.7414555983846327
1738.98015,0.7435048424921827
1739.221204,0.7452690387156379
1739.462258,0.7469776604394887
1739.703312,0.7490646380921703
1739.944366,0.7508044854951521
1740.18542,0.7527214800624668
1740.426474,0.7547641218028807
1740.667528,0.7566079948704153
1740.908582,0.7586384238562297
1741.149636,0.7609710225243818
1741.39069,0.7630207902765722
1741.631744,0.7655965079864652
1741.872798,0.7673133663278215
1742.113852,0.7697419116461472
1742.354906,0.7721240927274629
1742.59596,0.7747150458615188
1742.837014,0.7773069201352412
1743.078068,0.7801414730811713
1743.319122,0.7822741691081958
1743.560176,0.7849933755697381
1743.80123,0.7880135451463295
1744.042284,0.7906657238230288
1744.283338,0.7933268288078816
1744.524392,0.7964427732378215
1744.765446,0.799243199244401
1745.0065,0.802334239863942
1745.247554,0.8053244816375889
1745.488608,0.8087463065822665
1745.729662,0.8115737622324577
1745.970716,0.8145006930909552
1746.21177,0.8178142879508069
1746.452824,0.8211495748074634
1746.693878,0.824341824116594
1746.934932,0.8275299326486901
1747.175986,0.8309879373968283
1747.41704,0.8338097668030521
1747.658094,0.8368587334309918
1747.899148,0.8399524465476944
1748.140202,0.8435382763646488
1748.381256,0.8466820826068995
1748.62231,0.8496931454745013
1748.863364,0.8526125969605233
1749.104418,0.8556447505679942
1749.345472,0.8588250884715393
1749.586526,0.8618362427272511
1749.82758,0.8644861455119428
1750.068634,0.8672829501699042
1750.309688,0.8699756989195502
1750.550742,0.8729561094067827
1750.791796,0.8753600426008147
1751.03285,0.8778759345010269
1751.273904,0.8803726458069415
1751.514958,0.8825586795299442
1751.756012,0.8851395170631994
1751.997066,0.8869825233207335
1752.23812,0.8890516021408278
1752.479174,0.8911700649246508
1752.720228,0.8927666878921101
1752.961282,0.8944466679517933
1753.202336,0.8963628333869532
1753.44339,0.8978699886029419
1753.684444,0.8990020178172191
1753.925498,0.9005946604616968
1754.166552,0.9021269734815165
1754.407606,0.9025691240165568
1754.64866,0.904104796479137
1754.889714,0.9052492127373561
1755.130768,0.9058514036701197
1755.371822,0.906722345289467
1755.612876,0.9074108087883886
1755.85393,0.9084394878714045
1756.094984,0.9090065310108963
1756.336038,0.9093965784718983
1756.577092,0.9101680738382457
1756.818146,0.910540408717738
1757.0592,0.9106678932986709
1757.300254,0.9111743654335511
1757.541308,0.9117294396250359
1757.782362,0.9115051817677355
1758.023416,0.9120841713679009
1758.26447,0.9120960285392
1758.505524,0.9122410633376987
1758.746578,0.9123943327106063
1758.987632,0.9127064249371221
1759.228686,0.9122492735442146
1759.46974,0.9124965265986208
1759.710794,0.9126306734475826
1759.951848,0.9126589654369831
1760.192902,0.9121069737572137
1760.433956,0.9121325131100282
1760.67501,0.912628848188061
1760.916064,0.9121334252429973
1761.157118,0.9123295550126194
1761.398172,0.9118215289488706
1761.639226,0.9119893195464588
1761.88028,0.9116282432737389
1762.121334,0.9119154514032757
1762.362388,0.9117321748174576
1762.603442,0.911496066761493
1762.844496,0.9114586961888577
1763.08555,0.911524323577541
1763.326604,0.9115124738383579
1763.567658,0.9113301895726245
1763.808712,0.9112755114016116
1764.049766,0.9114331757026529
1764.29082,0.9110386105670902
1764.531874,0.9112126355605663
1764.772928,0.9111953226849635
1765.013982,0.910611433639554
1765.255036,0.9109666413596765
1765.49609,0.9110969189040133
1765.737144,0.9113320122348262
1765.978198,0.9111998786729669
1766.219252,0.9115070047799221
1766.460306,0.9117713801438831
1766.70136,0.9114131243933526
1766.942414,0.9120504248778741
1767.183468,0.9123888583610331
1767.424522,0.9122456245544185
1767.665576,0.9127557124148186
1767.90663,0.9126507515432567
1768.147684,0.9124098435461041
1768.388738,0.9133090100087804
1768.629792,0.9134651992032874
1768.870846,0.9139229599275749
1769.1119,0.9144184404349436
1769.352954,0.914637927198006
1769.594008,0.9148830830119068
1769.835062,0.9152811437249451
1770.076116,0.9156546546226266
1770.31717,0.9159999215061376
1770.558224,0.9162234527566886
1770.799278,0.916751349485139
1771.040332,0.917452932588817
1771.281386,0.917729127486773
1771.52244,0.9178741401446142
1771.763494,0.9188393329858983
1772.004548,0.9190957249248136
1772.245602,0.9195121696058033
1772.486656,0.9200263206004274
1772.72771,0.9208869474905614
1772.968764,0.9211761513947103
1773.209818,0.9215281079039565
1773.450872,0.9221134640833932
1773.691926,0.922079346516401
1773.93298,0.9230028100586576
1774.174034,0.9233351508880386
1774.415088,0.924396672703907
1774.656142,0.9245723247581376
1774.897196,0.925432576975441
1775.13825,0.9254001874020676
1775.379304,0.9255473377300056
1775.620358,0.9264066443160066
1775.861412,0.9266049165522628
1776.102466,0.9268885010429421
1776.34352,0.9279327653055631
1776.584574,0.9281211547778047
1776.825628,0.9290469530028457
1777.066682,0.9295534215923867
1777.307736,0.9300248246677159
1777.54879,0.9310437596158003
1777.789844,0.9317301917858212
1778.030898,0.9324479003158195
1778.271952,0.9331353677189728
1778.513006,0.9342473940221405
1778.75406,0.9347277206160275
1778.995114,0.9358416445413054
1779.236168,0.9367123821009357
1779.477222,0.9376767552269977
1779.718276,0.9383436804637904
1779.95933,0.9392552546751779
1780.200384,0.9397870236257407
1780.441438,0.9408016010903407
1780.682492,0.9414321493731582
1780.923546,0.9417560577415878
1781.1646,0.9423278771982848
1781.405654,0.9428453572381402
1781.646708,0.9437707423607806
1781.887762,0.9438887210770919
1782.128816,0.9443853371429536
1782.36987,0.9448765452212997
1782.610924,0.9451326414645284
1782.851978,0.9458956713473378
1783.093032,0.9462589650330586
1783.334086,0.9462154381217938
1783.57514,0.9463157422742609
1783.816194,0.9466678372159857
1784.057248,0.9470816214661227
1784.298302,0.9474036839649435
1784.539356,0.9470304804393836
1784.78041,0.9474027365617331
1785.021464,0.9472397973042224
1785.262518,0.9476178213941375
1785.503572,0.9478414855913238
1785.744626,0.9479012014859469
1785.98568,0.9476178213941375
1786.226734,0.9478102073383933
1786.467788,0.9479846204620588
1786.708842,0.9477125879145241
1786.949896,0.9477940947018263
1787.19095,0.9480670987117908
1787.432004,0.9475107466301581
1787.673058,0.9473496834939855
1787.914112,0.9474141054627851
1788.155166,0.9472435862709896
1788.39622,0.9472805294912422
1788.637274,0.9474804267713863
1788.878328,0.9470939336072305
1789.119382,0.9471157170182117
1789.360436,0.9468571897180479
1789.60149,0.9470787802255202
1789.842544,0.946022429859929
1790.083598,0.9462107070564308
1790.324652,0.9460943302967804
1790.565706,0.9461927292237867
1790.80676,0.9464472893047438
1791.047814,0.9459722919998114
1791.288868,0.945789736964583
1791.529922,0.9457377199595307
1791.770976,0.9456176188956749
1792.01203,0.9452592977242645
1792.253084,0.9454540411974848
1792.494138,0.9454341868710907
1792.735192,0.9445468408437779
1792.976246,0.944795289332464
1793.2173,0.9446790866584871
1793.458354,0.9449483585676092
1793.699408,0.9446479127629994
1793.940462,0.9444996146823996
1794.181516,0.9443447294465281
1794.42257,0.9445336172805713
1794.663624,0.9440633566437829
1794.904678,0.9438896649662849
1795.145732,0.9441067845570229
1795.386786,0.9444646688431584
1795.62784,0.9437613047005454
1795.868894,0.9439057112269822
1796.109948,0.9440803499371417
1796.351002,0.9439793387438937
1796.592056,0.9441813719391657
1796.83311,0.9437848990280908
1797.074164,0.944378726468731
1797.315218,0.9442153630803924
1797.556272,0.9446781419798728
1797.797326,0.9445827343057015
1798.03838,0.9450730999836924
1798.279434,0.944809461368094
1798.520488,0.945057033877555
1798.761542,0.9451241353090329
1799.002596,0.9453387028402415
1799.24365,0.9456128908194006
1799.484704,0.9457935201310972
1799.725758,0.9459533727431646
1799.966812,0.9462305776899199
1800.207866,0.9464577002821863
1800.44892,0.9469897590042419
1800.689974,0.9473506308441426
1800.931028,0.9475401199185873
1801.172082,0.9480244366522523
1801.413136,0.9482700067813042
1801.65419,0.948960598691196
1801.895244,0.9493070325300478
1802.136298,0.9497381157713077
1802.377352,0.9502492123502446
1802.618406,0.9509536079629398
1802.85946,0.9510258831835686
1803.100514,0.9518821917594922
1803.341568,0.9526087550204401
1803.582622,0.9529374617395708
1803.823676,0.9536200092850383
1804.06473,0.9540845353324717
1804.305784,0.9547258956131338
1804.546838,0.9553380710935023
1804.787892,0.956249898485836
1805.028946,0.9566611743601607
1805.27,0.9568659217586641
1805.511054,0.9575886283169877
1805.752108,0.9581930574187822
1805.993162,0.9591085688757571
1806.234216,0.959617990765372
1806.47527,0.9602006557066861
1806.716324,0.9604685890645938
1806.957378,0.9610930965904437
1807.198432,0.9616535772299873
1807.439486,0.9625993474663183
1807.68054,0.9634525884180991
1807.921594,0.9638062404092196
1808.162648,0.9643750538745329
1808.403702,0.9647985074644462
1808.644756,0.965855540450062
1808.88581,0.965983041796305
1809.126864,0.966487416574487
1809.367918,0.9678608035800219
1809.608972,0.9675946784529195
1809.850026,0.9683961786219571
1810.09108,0.9686780229162921
1810.332134,0.9692652197008351
1810.573188,0.970123399108646
1810.814242,0.9701495927940351
1811.055296,0.9708153437411584
1811.29635,0.9711649001812892
1811.537404,0.9715553869537447
1811.778458,0.9719975452381902
1812.019512,0.9722891882460255
1812.260566,0.9728484152916347
1812.50162,0.9731870254549073
1812.742674,0.9734391135384978
1812.983728,0.9740632880368308
1813.224782,0.9744656592587281
1813.465836,0.97457285637698
1813.70689,0.9746673945290748
1813.947944,0.9752289646649963
1814.188998,0.9756825515843512
1814.430052,0.9758318424352025
1814.671106,0.9757801247180851
1814.91216,0.9762466591105372
1815.153214,0.9765630142748581
1815.394268,0.9764780569883117
1815.635322,0.9766264929338201
1815.876376,0.9768247682361479
1816.11743,0.9769976815225001
1816.358484,0.9771461964569406
1816.599538,0.9771931006000609
1816.840592,0.9775126949947929
1817.081646,0.9776231601704922
1817.3227,0.9773582601896547
1817.563754,0.9773543507644327
1817.804808,0.9774051745120784
1818.045862,0.9778548843176794
1818.286916,0.9780543870626683
1818.52797,0.9781561100084243
1818.769024,0.9777502594425881
1819.010078,0.97802211180044
1819.251132,0.9780328701028403
1819.492186,0.9779888596139291
1819.73324,0.9779448511054454
1819.974294,0.9784133988973625
1820.215348,0.977975167865737
1820.456402,0.9776700872084203
1820.697456,0.9781541536981606
1820.93851,0.9779820137158726
1821.179564,0.9782421915336367
1821.420618,0.9785269014346544
1821.661672,0.9787823302879441
1821.902726,0.9785151591822908
1822.14378,0.978918390487819
1822.384834,0.9783850253202132
1822.625888,0.9785406009071705
1822.866942,0.9788537840060841
1823.107996,0.978997686088877
1823.34905,0.9790926534702712
1823.590104,0.9787745000606228
1823.831158,0.9788948967283736
1824.072212,0.9785034170708334
1824.313266,0.9790260774334462
1824.55432,0.9787020734274369
1824.795374,0.9787187115041084
1825.036428,0.978917411569918
1825.277482,0.9791856716906464
1825.518536,0.9790965698487178
1825.75959,0.9788684669229659
1826.000644,0.9794824099027375
1826.241698,0.9792640096778593
1826.482752,0.9789369901139342
1826.723806,0.9794491080669352
1826.96486,0.9798007934204751
1827.205914,0.979486327840213
1827.446968,0.9795362829167764
1827.688022,0.9795891793042436
1827.929076,0.9799036779051251
1828.17013,0.9799918732048656
1828.411184,0.9800251934949963
1828.652238,0.9803810072165183
1828.893292,0.9800624351599362
1829.134346,0.9804780697407484
1829.3754,0.9807340079154296
1829.616454,0.9808007000954763
1829.857508,0.9810341584425404
1830.098562,0.9812166477669917
1830.339616,0.9810115949163777
1830.58067,0.9816592762803618
1830.821724,0.9818232270690105
1831.062778,0.9815355950036345
1831.303832,0.9819940791742225
1831.544886,0.9823201553341558
1831.78594,0.9821021044642138
1832.026994,0.982416427426634
1832.268048,0.9824449179161395
1832.509102,0.9828399401672945
1832.750156,0.9831102583178827
1832.99121,0.983341316376846
1833.232264,0.9832380709591056
1833.473318,0.9836098052032741
1833.714372,0.9837819519815885
1833.955426,0.9838714802126916
1834.19648,0.9834907956170696
1834.437534,0.9840308803035447
1834.678588,0.9840328483672733
1834.919642,0.9845180961652724
1835.160696,0.9844777317508058
1835.40175,0.9850745060605995
1835.642804,0.984900163302816
1835.883858,0.9856036331282565
1836.124912,0.9854636873487377
1836.365966,0.9855169038246865
1836.60702,0.9856381298591051
1836.848074,0.9857988019686934
1837.089128,0.9858687961683978
1837.330182,0.9861734766971314
1837.571236,0.9860531708717789
1837.81229,0.9862691401639742
1838.053344,0.9864871297309102
1838.294398,0.9868324606557026
1838.535452,0.9868443027162828
1838.776506,0.9870318209474667
1839.01756,0.9871325033279175
1839.258614,0.9869420051384418
1839.499668,0.987215425940898
1839.740722,0.9876103910990398
1839.981776,0.9877447152460642
1840.22283,0.9871394132796255
1840.463884,0.9876163167791634
1840.704938,0.9875797756514576
1840.945992,0.9879729106308383
1841.187046,0.9877624948109542
1841.4281,0.9880934506787286
1841.669154,0.9881250701750596
1841.910208,0.9880835697936263
1842.151262,0.9883533534319711
1842.392316,0.9881576788404154
1842.63337,0.9882436522982657
1842.874424,0.9882901008414559
1843.115478,0.9882228993994736
1843.356532,0.9880855459627421
1843.597586,0.9884096911787272
1843.83864,0.9886370515531391
1844.079694,0.9887388864138543
1844.320748,0.9884274827132917
1844.561802,0.9885372042533057
1844.802856,0.9885826780105899
1845.04391,0.9884472514606328
1845.284964,0.9884838246855374
1845.526018,0.9882644056328732
1845.767072,0.9881023435598026
1846.008126,0.9886182676276074
1846.24918,0.9887013150500311
1846.490234,0.9884482399083785
1846.731288,0.9886499039183495
1846.972342,0.9884334132959798
1847.213396,0.9885372042533057
1847.45445,0.988487778628744
1847.695504,0.9882871359756007
1847.936558,0.9886301311179998
1848.177612,0.9887952461366168
1848.418666,0.9884650436712885
1848.65972,0.9888436982907456
1848.900774,0.9885668608142796
1849.141828,0.9886321083802393
1849.382882,0.988741852634963
1849.623936,0.9886103587131021
1849.86499,0.9883078902233751
1850.106044,0.9890335745083509
1850.347098,0.989056322542166
1850.588152,0.98888424171351
1850.829206,0.9888970972922133
1851.07026,0.9888486425215975
1851.311314,0.9891908433492393
1851.552368,0.9886874733285127
1851.793422,0.9890078599697042
1852.034476,0.9892442610970464
1852.27553,0.9888179886888163
1852.516584,0.9892838316588962
1852.757638,0.989358030728701
1852.998692,0.9891760055978726
1853.239746,0.989240304127916
1853.4808,0.9892294225444194
1853.721854,0.9896598309502674
1853.962908,0.9898389755917705
1854.203962,0.9896548826634834
1854.445016,0.9899528136195246
1854.68607,0.9896825933881463
1854.927124,0.9899934025169498
1855.168178,0.9899082667452239
1855.409232,0.9902702433728416
1855.650286,0.9897686995193336
1855.89134,0.9898340264092654
1856.132394,0.9902986645366681
1856.373448,0.9902159780503882
1856.614502,0.9902697482378437
1856.855556,0.9902846023954732
1857.09661,0.9904896125259856
1857.337664,0.9903225310220735
1857.578718,0.9907464797839143
1857.819772,0.9909922153808552
1858.060826,0.9910213509802787
1858.30188,0.9911210527431018
1858.542934,0.9910987527702907
1858.783988,0.9912380119277817
1859.025042,0.9914014805535664
1859.266096,0.9913088879794232
1859.50715,0.99142438219228
1859.748204,0.9916638400939572
1859.989258,0.9915665626427811
1860.230312,0.991692003746938
1860.471366,0.9918995866061107
1860.71242,0.9917711439264881
1860.953474,0.9921253686450435
1861.194528,0.9918971068602438
1861.435582,0.9920930258852155
1861.676636,0.9921715035473136
1861.91769,0.992444983697525
1862.158744,0.9924788266484881
1862.399798,0.992603192036796
1862.640852,0.9927606313876636
1862.881906,0.9926908427683757
1863.12296,0.9925404614973653
1863.364014,0.9928519695672431
1863.605068,0.9925407592595483
1863.846122,0.9926468675380996
1864.087176,0.9931231544687447
1864.32823,0.9930034903385399
1864.569284,0.9929170035010878
1864.810338,0.9931819490997932
1865.051392,0.9935430363619249
1865.292446,0.9932148239663844
1865.5335,0.9928474024586874
1865.774554,0.9936000673689863
1866.015608,0.9935904294950766
1866.256662,0.9935599267371108
1866.497716,0.9935757244655375
1866.73877,0.9931742023108027
1866.979824,0.9938507842925934
1867.220878,0.9940528546968007
1867.461932,0.9937716769186791
1867.702986,0.9938424359810684
1867.94404,0.9939930145161555
1868.185094,0.9937605467382267
1868.426148,0.9941277096950147
1868.667202,0.9942450236861481
1868.908256,0.9942015761279491
1869.14931,0.9941235343674022
1869.390364,0.9943499220694394
1869.631418,0.9942915554420912
1869.872472,0.9941239320168955
1870.113526,0.9947211821867374
1870.35458,0.9942127112479583
1870.595634,0.994505550009812
1870.836688,0.9945448337548862
1871.077742,0.9943615560315862
1871.318796,0.9945563705418711
1871.55985,0.9946042098538204
1871.800904,0.9948242406395477
1872.041958,0.9948103131976711
1872.283012,0.994706957775537
1872.524066,0.9948034490301915
1872.76512,0.9948940797525648
1873.006174,0.9952399650460682
1873.247228,0.994781464116902
1873.488282,0.9951863230576168
1873.729336,0.9949374580800827
1873.97039,0.9943836311031624
1874.211444,0.9951464168861862
1874.452498,0.9949107941135049
1874.693552,0.9951581596831879
1874.934606,0.9953440725911417
1875.17566,0.994781066204396
1875.416714,0.9949445221611125
1875.657768,0.9947885270903708
1875.898822,0.9949378560551455
1876.139876,0.995122135609847
1876.38093,0.9947402810167837
1876.621984,0.9945990379253761
1876.863038,0.9951966730491963
1877.104092,0.9950015341156092
1877.345146,0.9950558626825283
1877.5862,0.9949820322766592
1877.827254,0.9950105886707679
1878.068308,0.9948818426306423
1878.309362,0.9950015341156092
1878.550416,0.9951217375610724
1878.79147,0.9953035629117648
1879.032524,0.9949438257001908
1879.273578,0.9950448176237527
1879.514632,0.9953444707288504
1879.755686,0.9952350883821872
1879.99674,0.9952680312088135
1880.237794,0.9951108907932479
1880.478848,0.9950300910694286
1880.719902,0.9950415339812726
1880.960956,0.9950408374524425
1881.20201,0.9954075775687602
1881.443064,0.9955463470570819
1881.684118,0.9955459488386227
1881.925172,0.9953084399111717
1882.166226,0.9954419197225851
1882.40728,0.9951964740098816
1882.648334,0.9954343543927435
1882.889388,0.9956958893487549
1883.130442,0.9954126541603511
1883.371496,0.9949831267574967
1883.61255,0.9951751770332163
1883.853604,0.9951688079324644
1884.094658,0.9951226331710391
1884.335712,0.995487213360355
1884.576766,0.9954724802586223
1884.81782,0.9953156061577375
1885.058874,0.995253500401633
1885.299928,0.9952799744968476
1885.540982,0.9954353498275956
1885.782036,0.9954070798650958
1886.02309,0.9954640187785015
1886.264144,0.9956412271449209
1886.505198,0.9958323090301304
1886.746252,0.9953715444666553
1886.987306,0.9956166351103232
1887.22836,0.9955308166552053
1887.469414,0.995653174911333
1887.710468,0.9956387380449644
1887.951522,0.9957987500467882
1888.192576,0.995507621057407
1888.43363,0.9957220764950042
1888.674684,0.9955655612869968
1888.915738,0.9959222367478112
1889.156792,0.9955124990567012
1889.397846,0.9954983628795817
1889.6389,0.9956257948255008
1889.879954,0.9962979694742498
1890.121008,0.9960400613176044
1890.362062,0.9960426510251303
1890.603116,0.9957373111593194
1890.84417,0.9963879392429672
1891.085224,0.9961726430728858
1891.326278,0.9964573899026598
1891.567332,0.9964200234511638
1891.808386,0.9964925654693685
1892.04944,0.996390529854977
1892.290494,0.9967181969267079
1892.531548,0.9966483294299877
1892.772602,0.9961610875372484
1893.013656,0.9963249695150714
1893.25471,0.9963564538815585
1893.495764,0.9965404979145336
1893.736818,0.9968770864704583
1893.977872,0.9966020860203576
1894.218926,0.9967561726134431
1894.45998,0.9967165025072134
1894.701034,0.9969268318782107
1894.942088,0.9970399894952022
1895.183142,0.9966428478792502
1895.424196,0.9969384959903786
1895.66525,0.9970540478581653
1895.906304,0.9967928539155271
1896.147358,0.9972737230612436
1896.388412,0.9969521541413319
1896.629466,0.9971256389088895
1896.87052,0.9971744992622649
1897.111574,0.9973184019248359
1897.352628,0.9971798840190997
1897.593682,0.9973910093473741
1897.834736,0.9972133898260972
1898.07579,0.9974297088693026
1898.316844,0.9971556528423281
1898.557898,0.9969614258394787
1898.798952,0.9978452248682468
1899.040006,0.997361187802029
1899.28106,0.9977213001872002
1899.522114,0.9975286588042581
1899.763168,0.9974452688941289
1900.004222,0.9976516616708596
1900.245276,0.9973407421072481
1900.48633,0.9977714868307831
1900.727384,0.9976656288918933
1900.968438,0.9975225738979984
1901.209492,0.9979222614931821
1901.450546,0.9978906278588885
1901.6916,0.9975935002744053
1901.932654,0.9976608401083676
1902.173708,0.9976817912059958
1902.414762,0.9979486069886445
1902.655816,0.9974500566429102
1902.89687,0.9977495360995318
1903.137924,0.9981231634645257
1903.378978,0.9975678624508957
1903.620032,0.9980373285634213
1903.861086,0.998022657522524
1904.10214,0.9976632344972572
1904.343194,0.9975001298925817
1904.584248,0.9975465147270608
1904.825302,0.9976965570057722
1905.066356,0.9980723602884571
1905.30741,0.9979864299575901
1905.548464,0.9976588447886828
1905.789518,0.9978051122964752
1906.030572,0.9978797509103243
1906.271626,0.9980863333993127
1906.51268,0.9976186399473708
1906.753734,0.9976468729543765
1906.994788,0.9976878770834839
1907.235842,0.9978378408409037
1907.476896,0.9978780545161897
1907.71795,0.998042717979547
1907.959004,0.9978376412733555
1908.200058,0.9977903448900922
1908.441112,0.9979214631556922
1908.682166,0.997994314081529
1908.92322,0.9982006208273173
1909.164274,0.997833450364063
1909.405328,0.9976562508790584
1909.646382,0.997840135870577
1909.887436,0.997671914205154
1910.12849,0.9979008063952031
1910.369544,0.9980008010656533
1910.610598,0.9980547943694966
1910.851652,0.9979263529828417
1911.092706,0.9980048928773259
1911.33376,0.998136538404528
1911.574814,0.9985451593082604
1911.815868,0.9980516005992647
1912.056922,0.998143126127421
1912.297976,0.9980881299563297
1912.53903,0.9979562912225026
1912.780084,0.9979513014535208
1913.021138,0.9984274377737987
1913.262192,0.9980189648455225
1913.503246,0.9981039996837601
1913.7443,0.9981909383282555
1913.985354,0.9976266209284143
1914.226408,0.9985656296938469
1914.467462,0.9981395328186348
1914.708516,0.9981306494163239
1914.94957,0.9979309434546235
1915.190624,0.9982678019897198
1915.431678,0.998418451967295
1915.672732,0.9985787109892782
1915.913786,0.9981323462398702
1916.15484,0.9982841737159202
1916.395894,0.9980669707122635
1916.636948,0.9984769610028782
1916.878002,0.9983915948721666
1917.119056,0.998418052599994
1917.36011,0.9980863333993127
1917.601164,0.9982421468368787
1917.842218,0.998781642800525
1918.083272,0.9980895272806898
1918.324326,0.998443612429305
1918.56538,0.9984701713826282
1918.806434,0.9983958879652547
1919.047488,0.9986237479047186
1919.288542,0.9984220462801918
1919.529596,0.9980544949531032
1919.77065,0.9984371225669163
1920.011704,0.9983089314704232
1920.252758,0.9983831085796769
1920.493812,0.997930544282326
1920.734866,0.9984287357303115
1920.97592,0.9983570511205944
1921.216974,0.9984561928980784
1921.458028,0.9980316397668616
1921.699082,0.9977979281255297
1921.940136,0.9980382267974213
1922.18119,0.9978396369506337
1922.422244,0.9981811561049928
1922.663298,0.9982127989491778
1922.904352,0.997968665957237
1923.145406,0.997750134749433
1923.38646,0.9979167729358374
1923.627514,0.9975887118370963
1923.868568,0.9977322751818646
1924.109622,0.9978127954254199
1924.350676,0.9977417536835016
1924.59173,0.9976925662275258
1924.832784,0.9975481108027612
1925.073838,0.99786328603027
1925.314892,0.9976444786047546
1925.555946,0.9971045000694171
1925.797,0.9975756435105689
1926.038054,0.9972097998643558
1926.279108,0.9974003848669268
1926.520162,0.9971736018056194
1926.761216,0.9975003293926277
1927.00227,0.9969546465248327
1927.243324,0.9969544471339233
1927.484378,0.9970170578391588
1927.725432,0.9970248346025393
1927.966486,0.9972570687291326
1928.20754,0.9965691986941628
1928.448594,0.9967737156764596
1928.689648,0.9967373340998052
1928.930702,0.9966646745966204
1929.171756,0.9966147429472214
1929.41281,0.9967303569628865
1929.653864,0.9966735449516974
1929.894918,0.9961938617761616
1930.135972,0.996474429469715
1930.377026,0.9965921200493273
1930.61808,0.9957655905005212
1930.859134,0.9962840214003138
1931.100188,0.9962555280847581
1931.341242,0.9959281127063421
1931.582296,0.9959254237040679
1931.82335,0.9962887039462184
1932.064404,0.9958577030777834
1932.305458,0.9959482306574093
1932.546512,0.9960977337067543
1932.787566,0.9961034114800179
1933.02862,0.995844259089539
1933.269674,0.9961189508144436
1933.510728,0.9958711472475229
1933.751782,0.9960388660702479
1933.992836,0.9963015561533959
1934.23389,0.9960518146596725
1934.474944,0.99587184435757
1934.715998,0.9960651618434149
1934.957052,0.9962011340178962
1935.198106,0.9958490391534548
1935.43916,0.9960113757769121
1935.680214,0.9963884374370614
1935.921268,0.996314308894932
1936.162322,0.9959611780685659
1936.403376,0.9959919537444499
1936.64443,0.9962527385731849
1936.885484,0.996173440011319
1937.126538,0.9961143686778087
1937.367592,0.9961335938706467
1937.608646,0.9962751545119811
1937.8497,0.9962874087717452
1938.090754,0.9963468889055132
1938.331808,0.9963069361963252
1938.572862,0.9966458378122787
1938.813916,0.9965751781272932
1939.05497,0.9967609570545543
1939.296024,0.9965158836682223
1939.537078,0.9964961528490615
1939.778132,0.9964431406638665
1940.019186,0.9968317295949006
1940.26024,0.9969882444625426
1940.501294,0.9969511571896762
1940.742348,0.9968696099203468
1940.983402,0.9969517553605499
1941.224456,0.9973990882472693
1941.46551,0.9970851564297497
1941.706564,0.9973588938739351
1941.947618,0.9974859654913047
1942.188672,0.9975307536166411
1942.429726,0.9980091843075918
1942.67078,0.9975743466630753
1942.911834,0.9978625875262142
1943.152888,0.9982022179495883
1943.393942,0.9978672774913969
1943.634996,0.9983832084179928
1943.87605,0.9981140805850653
1944.117104,0.9985515500177301
1944.358158,0.9981745681311028
1944.599212,0.9983428745511224
1944.840266,0.9987797451172065
1945.08132,0.9982246777521641
1945.322374,0.9986158588082721
1945.563428,0.9985627338577198
1945.804482,0.9989561451958626
1946.045536,0.9988312834817329
1946.28659,0.999275392654791
1946.527644,0.9989068978718609
1946.768698,0.9992050761195262
1947.009752,0.9990904039335293
1947.250806,0.9991801762392832
1947.49186,0.99937729396193
1947.732914,0.9992768216196243
1947.973968,0.9989171866658962
1948.215022,0.9992765718004502
1948.456076,0.9995794584523962
1948.69713,0.9994099841278602
1948.938184,0.9993932741326215
1949.179238,0.9992598240654531
1949.420292,0.9998183864937299
1949.661346,0.9997312061315466
1949.9024,0.9993609143023136
1950.143454,1.000001887901782
1950.384508,0.999522833879981
1950.625562,0.9994793056084005
1950.866616,0.9995563184557794
1951.10767,0.9997066730287706
1951.348724,0.999880167180526
1951.589778,0.9999912814380069
1951.830832,1.0003443192642745
1952.071886,0.9998796272453815
1952.31294,0.9999186823064629
1952.553994,1.0000889329543008
1952.795048,0.9999935283209415
1953.036102,0.9999205801539229
1953.277156,1.0001701344712277
1953.51821,1.000221544537367
1953.759264,0.9998087582890278
1954.000318,1.0006577162005064
1954.241372,1.0000315094964138
1954.482426,1.000321091538856
1954.72348,1.000152851680628
1954.964534,1.0004614264244358
1955.205588,1.0004134354408831
1955.446642,1.0003788217348375
1955.687696,1.0000212332254217
1955.92875,1.0000050312126565
1956.169804,0.9999808861826713
1956.410858,1.0003065069636632
1956.651912,1.0006321797414355
1956.892966,1.0004033113081447
1957.13402,1.0003521219803952
1957.375074,1.0006049829283965
1957.616128,1.000493651805968
1957.857182,1.00024087900669
1958.098236,1.0003218517831745
1958.33929,1.0002914024494474
1958.580344,1.0003508615375156
1958.821398,1.0003888956002942
1959.062452,1.0000032098051514
1959.303506,1.000476613544159
1959.54456,1.0004774839591912
1959.785614,1.0002742576017412
1960.026668,1.0004522322261744
1960.267722,1.0002389585460458
1960.508776,1.0000987288733745
1960.74983,1.0004586451455364
1960.990884,1.0003714889849487
1961.231938,1.0005471796481966
1961.472992,0.9999939973180162
1961.714046,1.0001993698715317
1961.9551,0.9998508111297665
1962.196154,1.0000721376017916
1962.437208,1.0000898910399574
1962.678262,1.0000182251660763
1962.919316,1.000088294897765
1963.16037,0.9999483143357499
1963.401424,1.0001246877728742
1963.642478,1.000273617426421
1963.883532,1.0001685342002928
1964.124586,1.0000607998482358
1964.36564,1.0003603949266526
1964.606694,0.9999196272300641
1964.847748,1.0001649936099486
1965.088802,0.9997564796558936
1965.329856,0.9996917375226441
1965.57091,0.9994019788859484
1965.811964,1.000035435627827
1966.053018,0.9994668022004962
1966.294072,1.000044444987649
1966.535126,0.9996323775896838
1966.77618,0.9995840265409593
1967.017234,0.9994738084873367
1967.258288,0.9992821577720993
1967.499342,0.999674233073572
1967.740396,0.999353259227029
1967.98145,0.9993996502820504
1968.222504,0.9991175795621032
1968.463558,0.999632537530877
1968.704612,0.9992943390958475
1968.945666,0.9990939706926381
1969.18672,0.9993112373059956
1969.427774,0.9988104081260564
1969.668828,0.9990862477260939
1969.909882,0.9988442683728197
1970.150936,0.9988183986412833
1970.39199,0.9989216818033503
1970.633044,0.99889780786045
1970.874098,0.99881460313858
1971.115152,0.9986317369266579
1971.356206,0.9983382821844619
1971.59726,0.9987120301460509
1971.838314,0.9986845659428565
1972.079368,0.9982941566075717
1972.320422,0.9983133240393853
1972.561476,0.9981721725150141
1972.80253,0.9984013791577392
1973.043584,0.9983596468523017
1973.284638,0.9984185518091452
1973.525692,0.9976773016480368
1973.766746,0.9980177672234832
1974.0078,0.9982760876468617
1974.248854,0.9979744541922854
1974.489908,0.9969475681719705
1974.730962,0.9987768486601455
1974.972016,0.9971235449472464
1975.21307,0.9973762480696695
1975.454124,0.9975451181629177
1975.695178,0.9977168104514512
1975.936232,0.9971276331621616
1976.177286,0.997323887191131
1976.41834,0.997224060066454
1976.659394,0.9974496576629673
1976.900448,0.9971036026757709
1977.141502,0.9974411793769099
1977.382556,0.9969717942922233
1977.62361,0.9972311403824156
1977.864664,0.9973289735559258
1978.105718,0.997128331151749
1978.346772,0.9970070877184312
1978.587826,0.9970627222661153
1978.82888,0.9967000568205994
1979.069934,0.9965313297841263
1979.310988,0.9966803223548462
1979.552042,0.9967013525315154
1979.793096,0.9966802226868189
1980.03415,0.996510004241853
1980.275204,0.9966358714037327
1980.516258,0.9962742578647455
1980.757312,0.9963502764906943
1980.998366,0.9965584358049366
1981.23942,0.9964410481354683
1981.480474,0.9965401989524291
1981.721528,0.9965444840844976
1981.962582,0.9965665079609588
1982.203636,0.9965268454032321
1982.44469,0.9964346709331673
1982.685744,0.9963313460152811
1982.926798,0.996773615999093
1983.167852,0.9962789403647614
1983.408906,0.9961965515032196
1983.64996,0.996510004241853
1983.891014,0.9965939139167579
1984.132068,0.9967274664490425
1984.373122,0.9967264697220745
1984.614176,0.996379669257392
1984.85523,0.9963260654731406
1985.096284,0.9966903888769377
1985.337338,0.9965040251997647
1985.578392,0.9965243540892327
1985.819446,0.9967214861021849
1986.0605,0.9968535604488257
1986.301554,0.9969551450022806
1986.542608,0.9967625518733614
1986.783662,0.996685604774553
1987.024716,0.9965999931581745
1987.26577,0.9965500647492344
1987.506824,0.9966660699281416
1987.747878,0.9964545998258741
1987.988932,0.9968476790301692
1988.229986,0.9971592426091399
1988.47104,0.9972538775116186
1988.712094,0.9969689030782121
1988.953148,0.9968951301090178
1989.194202,0.9974234250819307
1989.435256,0.9972819007393012
1989.67631,0.9974418775859799
1989.917364,0.9970035981997308
1990.158418,0.9976285164207948
1990.399472,0.9976430819034623
1990.640526,0.9975989870537455
1990.88158,0.9977119216510576
1991.122634,0.9976227301921796
1991.363688,0.9978449255147243
1991.604742,0.9976059702710961
1991.845796,0.9978127954254199
1992.08685,0.9979336378718083
1992.327904,0.998603276327721
1992.568958,0.9982207846835123
1992.810012,0.9980781491249344
1993.051066,0.9980383266012489
1993.29212,0.9985428626570351
1993.533174,0.9981914374238494
1993.774228,0.9982474375342774
1994.015282,0.9980932202187727
1994.256336,0.9986215509348899
1994.49739,0.998529382419381
1994.738444,0.9979907213084653
1994.979498,0.9983534570416797
1995.220552,0.9988795281978256
1995.461606,0.9989118924188367
1995.70266,0.9987713554025843
1995.943714,0.9987464863054564
1996.184768,0.9989824180879683
1996.425822,0.9987496822993261
1996.666876,0.9987251133593408
1996.90793,0.9988069122957456
1997.148984,0.999228727583592
1997.390038,0.998918285475406
1997.631092,0.9987629657584355
1997.872146,0.9986897591161016
1998.1132,0.998712130017259
1998.354254,0.9990338270459442
1998.595308,0.9989577435269736
1998.836362,0.9989815190041966
1999.077416,0.9989474543152048
1999.31847,0.9989589422769851
1999.559524,0.9988976080809083
1999.800578,0.9988419710336444
2000.041632,0.9989403618134576
2000.282686,0.999270256392473
2000.52374,0.9988750332500623
2000.764794,0.9989993010334944
2001.005848,0.9992684477149458
2001.246902,0.9994152610265074
2001.487956,0.9991068890611962
2001.72901,0.9989033018135015
2001.970064,0.9994308620204975
2002.211118,0.9997823536883956
2002.452172,0.9992811884688764
2002.693226,0.9989644365662769
2002.93428,0.9989900103831965
2003.175334,0.9993824907373702
2003.416388,0.9991718630947996
2003.657442,0.9992541782633966
2003.898496,0.9997081925840684
2004.13955,0.9995025037922975
2004.380604,0.9994770168034113
2004.621658,0.999392934338966
2004.862712,0.9994223169231575
2005.103766,0.9990538179128314
2005.34482,0.9991550271907493
2005.585874,0.9996890083679258
2005.826928,0.9993057111301332
2006.067982,0.9990861278357513
2006.309036,0.9995551089933659
2006.55009,0.9990941105658037
2006.791144,0.9996309581127154
2007.032198,0.9992690872469571
2007.273252,0.9992465339981722
2007.514306,0.9993614839381971
2007.75536,0.9993120567415461
2007.996414,0.9992343232801344
2008.237468,0.9991655183736134
2008.478522,0.9996804510666396
2008.719576,0.9998711583008048
2008.96063,0.9997925115287108
2009.201684,0.9994111134617804
2009.442738,0.9995581276543531
2009.683792,0.999651830625029
2009.924846,0.9992850856731109
2010.1659,0.9997885623560899
2010.406954,0.9996591181134372
2010.648008,0.9997481017316977
2010.889062,1.0002101320746521
2011.130116,1.0000167781407514
2011.37117,1.000167243983716
2011.612224,1.0001295283880773
2011.853278,1.000196019209255
2012.094332,0.999634446830847
2012.335386,1.0001422101108992
2012.57644,0.9998759476951236
2012.817494,1.0000398507940218
2013.058548,1.0006248651469365
2013.299602,1.0002101220725508
2013.540656,1.0001680541195117
2013.78171,1.0005188745688616
2014.022764,0.9999208991286389
2014.263818,1.0002178737310345
2014.504872,1.0002440397728616
2014.745926,1.0006345312298208
2014.98698,1.0001908082015696
2015.228034,1.0003247127077617
2015.469088,1.000445339134041
2015.710142,1.0002032306485507
2015.951196,1.000395518196704
2016.19225,1.0004103941886622
2016.433304,1.0006765887830018
2016.674358,1.0002071414508282
2016.915412,1.0007529733422031
2017.156466,1.0007893313581642
2017.39752,1.000546039025062
2017.638574,1.0004246901553395
2017.879628,1.0006843040292435
2018.120682,1.0008172037291634
2018.361736,1.0009188418767916
2018.60279,1.000771507458895
2018.843844,1.000686985866772
2019.084898,1.00088418065746
2019.325952,1.000866174913012
2019.567006,1.0007826260921067
2019.80806,1.0006585867730982
2020.049114,1.001272408826078
2020.290168,1.0009856254097955
2020.531222,1.000497383654249
2020.772276,1.001214937439256
2021.01333,1.0007326182337375
2021.254384,1.0010317318695257
2021.495438,1.0008004501894006
2021.736492,1.0007447171642299
2021.977546,1.0011472575970897
2022.2186,1.000860920379387
2022.459654,1.001158670740881
2022.700708,1.0007087910737609
2022.941762,1.0008243996307273
2023.182816,1.000902066617579
2023.42387,1.0009181011971227
2023.664924,1.0012232475577236
2023.905978,1.0007898817924477
2024.147032,1.0011119177226488
2024.388086,1.0007918933821318
2024.62914,1.0006323498489205
2024.870194,1.000519224750529
2025.111248,1.001075177589454
2025.352302,1.0009435448586428
2025.593356,1.0010581594560894
2025.83441,1.0008232486833297
2026.075464,1.0007774620670793
2026.316518,1.000477213830307
2026.557572,1.0006264761542663
2026.798626,1.0005632885874656
2027.03968,1.0008202262016825
2027.280734,1.0008822789793232
2027.521788,1.0002789188906425
2027.762842,1.0009408723429458
2028.003896,1.0006354618203677
2028.24495,1.0005161231457398
2028.486004,1.0007023065018048
2028.727058,1.0002351776499285
2028.968112,1.0003001350315084
2029.209166,1.0004725115984523
2029.45022,1.000354212718515
2029.691274,1.0008305046781856
2029.932328,1.0002208943935744
2030.173382,1.0000028341040161
2030.414436,1.000512681376196
2030.65549,1.000357133757081
2030.896544,0.9999924633284009
2031.137598,1.0001966193270466
2031.378652,1.0000806322506053
2031.619706,0.9999977171026058
2031.86076,1.0000882278918515
2032.101814,0.9999899650503504
2032.342868,0.9999638396538011
2032.583922,0.9997807740335247
2032.824976,0.9993213703733165
2033.06603,0.9997985802876745
2033.307084,0.999686139264589
2033.548138,0.9995923631065041
2033.789192,0.9996589781611704
2034.030246,0.9993417467437947
2034.2713,0.9997690866645891
2034.512354,0.9993342716954858
2034.753408,0.9993196715284308
2034.994462,0.9994913594015103
2035.235516,0.9994184491662751
2035.47657,0.9987022428161135
2035.717624,0.9990103899872795
2035.958678,0.9988356783490488
2036.199732,0.9988476644491056
2036.440786,0.99894895273751
2036.68184,0.9988985070891602
2036.922894,0.9990085318296822
2037.163948,0.9986971494476633
2037.405002,0.9989163875324666
2037.646056,0.9989128913312286
2037.88711,0.9987092337562815
2038.128164,0.9986285413102127
2038.369218,0.9982756883365065
2038.610272,0.9985051184501966
2038.851326,0.9982009202875485
2039.09238,0.9986028768864903
2039.333434,0.9981773630238066
2039.574488,0.9985531477014883
2039.815542,0.9984885434028037
2040.056596,0.9984848490020277
2040.29765,0.9983772181367132
2040.538704,0.9980734581686572
2040.779758,0.9980810435557638
2041.020812,0.9980426181752802
2041.261866,0.9978872350365215
2041.50292,0.9980766520088336
2041.743974,0.9980853353134783
2041.985028,0.9979353343604347
2042.226082,0.9979764501431897
2042.467136,0.9979840347930324
2042.70819,0.9978671777046741
2042.949244,0.9979684663635237
2043.190298,0.9980916232708978
2043.431352,0.9979845337851746
2043.672406,0.9978655811184671
2043.91346,0.9979227604544375
2044.154514,0.9976232290036694
2044.395568,0.9977182072559636
2044.636622,0.997819281229669
2044.877676,0.9977331731413163
2045.11873,0.9982429454309156
2045.359784,0.9976980535517301
2045.600838,0.9983288978487157
2045.841892,0.9976358988991314
2046.082946,0.9973825315598253
2046.324,0.9979263529828417
2046.565054,0.9981401317025341
2046.806108,0.9981555031789224
2047.047162,0.9981893412240318
2047.288216,0.9976540560377208
2047.52927,0.9980305419326617
2047.770324,0.9981931343507354
2048.011378,0.9983701296836284
2048.252432,0.9978207779597134
2048.493486,0.9980704639527741
2048.73454,0.998098310507176
2048.975594,0.998473566186982
2049.216648,0.9980383266012489
2049.457702,0.9980981108875339
2049.698756,0.9982083070016894
2049.93981,0.9985812074391762
2050.180864,0.9983772181367132
2050.421918,0.9980157711899449
2050.662972,0.9984647796582603
2050.904026,0.9984097657645479
2051.14508,0.9986390269649461
2051.386134,0.9984420149208031
2051.627188,0.9984050732496762
2051.868242,0.998133444186055
2052.109296,0.9986892597713469
2052.35035,0.9985533474121379
2052.591404,0.9989650359451187
2052.832458,0.9988513601923011
2053.073512,0.9987411929631063
2053.314566,0.9984918384204337
2053.55562,0.9987649632863645
2053.796674,0.9988919143807694
2054.037728,0.9985275850681102
2054.278782,0.9989068978718609
2054.519836,0.99885345778236
2054.76089,0.9989199836379347
2055.001944,0.9992562167439994
2055.242998,0.9986970495779534
2055.484052,0.9987074360812787
2055.725106,0.9994117430909801
2055.96616,0.9987923298212784
2056.207214,0.9988585519479848
2056.448268,0.9990428283812769
2056.689322,0.9989730276973732
2056.930376,0.999093181408713
2057.17143,0.9992648703403065
2057.412484,0.9989849155471353
2057.653538,0.9990788645060042
2057.894592,0.9992379205301732
2058.135646,0.9994042475310153
2058.3767,0.9991556067008331
2058.617754,0.998983017477599
2058.858808,0.9986722821982406
2059.099862,0.9990313794160663
2059.340916,0.9988317828974994
2059.58197,0.9987566735715716
2059.823024,0.9989562450914822
2060.064078,0.9988398734677076
2060.305132,0.9990109294530358
2060.546186,0.9987842396361721
2060.78724,0.9986714832607344
2061.028294,0.998107393243128
2061.269348,0.9985833044619137
2061.510402,0.9985010245876034
2061.751456,0.9982378544048761
2061.99251,0.9981383350519141
2062.233564,0.9981514107497489
2062.474618,0.9979581873412572
2062.715672,0.9981618913945851
2062.956726,0.9979958110741229
2063.19778,0.998217390738614
2063.438834,0.9980954160262725
2063.679888,0.9978251683807953
2063.920942,0.9977569194734173
2064.161996,0.9976181411381755
2064.40305,0.9977656997729419
2064.644104,0.9973093263686722
2064.885158,0.9973447314781952
2065.126212,0.9971947421100641
2065.367266,0.9969517553605499
2065.60832,0.9972756178831176
2065.849374,0.9969288257338683
2066.090428,0.996801725411405
2066.331482,0.9969036037536366
2066.572536,0.9968534607634747
2066.81359,0.9968891487561813
2067.054644,0.9970702002645747
2067.295698,0.9967519862463095
2067.536752,0.9965268454032321
2067.777806,0.996946870308917
2068.01886,0.996389433825997
2068.259914,0.9965277422777965
2068.500968,0.9968249511621861
2068.742022,0.996630190595456
2068.983076,0.9962700735216496
2069.22413,0.9965486695801203
2069.465184,0.996328157760075
2069.706238,0.9966853057689165
2069.947292,0.996313711106526
2070.188346,0.9963977038926185
2070.4294,0.9962811321808411
2070.670454,0.996131501992296
2070.911508,0.9963984013712553
2071.152562,0.996193562918048
2071.393616,0.9962759515324235
2071.63467,0.9962567235921092
2071.875724,0.9962187669340192
2072.116778,0.996154512895767
2072.357832,0.9963920244418928
2072.598886,0.9964278952004424
2072.83994,0.996348582696664
2073.080994,0.9960145630184143
2073.322048,0.9962802355282256
2073.563102,0.9964759241824802
2073.804156,0.9961570032851622
2074.04521,0.9959751216226636
2074.286264,0.9966918839136424
2074.527318,0.9964381584606187
2074.768372,0.9961764285361219
2075.009426,0.9967075320990577
2075.25048,0.9967050403333422
2075.491534,0.9967227818409591
2075.732588,0.9963750859214551
2075.973642,0.9967078311113622
2076.214696,0.9967651434593654
2076.45575,0.9967612560828862
2076.696804,0.9972564703750708
2076.937858,0.9968213625988213
2077.178912,0.9966040792265228
2077.419966,0.9968011273305492
2077.66102,0.9967235792195035
2077.902074,0.9971884598029781
2078.143128,0.996863628720631
2078.384182,0.9967331478117932
2078.625236,0.9971485730623262
2078.86629,0.9974478622551993
2079.107344,0.9966599902836579
2079.348398,0.9969652143000949
2079.589452,0.9972727257880192
2079.830506,0.9977546246351415
2080.07156,0.9972777121641141
2080.312614,0.9973182024611754
2080.553668,0.9973945999614708
2080.794722,0.9972498885040866
2081.035776,0.997543322583321
2081.27683,0.9976767030418354
2081.517884,0.997705237003576
2081.758938,0.9974212307528093
2081.999992,0.9974333993660529
2082.241046,0.9977840588307205
2082.4821,0.9973802375826408
2082.723154,0.9975589841364285
2082.964208,0.9978662796246184
2083.205262,0.9975913055711189
2083.446316,0.9977467424047418
2083.68737,0.9977719857166512
2083.928424,0.9974519517998182
2084.169478,0.9978952181663343
2084.410532,0.9975041199010812
2084.651586,0.9974387855209521
2084.89264,0.9977167106797752
2085.133694,0.9976273192672933
2085.374748,0.997475392196109
2085.615802,0.9977517311509256
2085.856856,0.9977404566200649
2086.09791,0.9976725128084821
2086.338964,0.9977275858511911
2086.580018,0.9976875777771658
2086.821072,0.9974805790816343
2087.062126,0.9977055363151921
2087.30318,0.9975149927552451
2087.544234,0.9969318165248318
2087.785288,0.997462923831634
2088.026342,0.9976447778981431
2088.267396,0.9976064690742059
2088.50845,0.9970763821189801
2088.749504,0.9974648190129898
2088.990558,0.997199528656314
2089.231612,0.9973704633042065
2089.472666,0.9971018078909014
2089.71372,0.996950758409293
2089.954774,0.9974309057856714
2090.195828,0.9971065939910658
2090.436882,0.9968564513283428
2090.677936,0.9968807749225018
2090.91899,0.997061625497724
2091.160044,0.9969709967151068
2091.401098,0.9969323149908647
2091.642152,0.9968696099203468
2091.883206,0.9969320159112149
2092.12426,0.9968060116680397
2092.365314,0.9965337214621878
2092.606368,0.9965795630677239
2092.847422,0.9963726946241184
2093.088476,0.9967028475846655
2093.32953,0.9967163031639329
2093.570584,0.9971147702986595
2093.811638,0.9969475681719705
2094.052692,0.997275318700477
2094.293746,0.9970597310824353
2094.5348,0.9974438724717299
2094.775854,0.997555492686094
2095.016908,0.9972890811948361
2095.257962,0.997443274005586
2095.499016,0.9975389334023579
2095.74007,0.9973819331304858
2095.981124,0.9974483609792552
2096.222178,0.9975205788548457
2096.463232,0.9974699060965387
2096.704286,0.9979328395252174
2096.94534,0.9976656288918933
2097.186394,0.9974718012911608
2097.427448,0.9974702053375555
2097.668502,0.9976543553339825
2097.909556,0.9979803422589348
2098.15061,0.9978473203454192
2098.391664,0.997434895517274
2098.632718,0.9980711626023434
2098.873772,0.9978427302583028
2099.114826,0.9977809657049326
2099.35588,0.9981276550288672
2099.596934,0.9976937634593236
2099.837988,0.9980366299375358
2100.079042,0.9980371289559756
2100.320096,0.9983034407863995
2100.56115,0.9981544052084729
2100.802204,0.9982670033757977
2101.043258,0.9984982287886487
2101.284312,0.998192635254293
2101.525366,0.9983061362093285
2101.76642,0.9985709221057092
2102.007474,0.9986028768864903
2102.248528,0.9988407724239984
2102.489582,0.9983344885061975
2102.730636,0.998394390372546
2102.97169,0.9987175230773223
2103.212744,0.9980442150447468
2103.453798,0.9986485140807659
2103.694852,0.9987795453612774
2103.935906,0.9986871625261035
2104.17696,0.9987294078865614
2104.418014,0.9989044006077379
2104.659068,0.9990195309741678
2104.900122,0.9988860209358602
2105.141176,0.998565529837289
2105.38223,0.9989681327415301
2105.623284,0.9991593635329772
2105.864338,0.9990168835759186
2106.105392,0.9988134045617754
2106.346446,0.9992487523279401
2106.5875,0.9990207897395699
2106.828554,0.9992883333549168
2107.069608,0.9991328961519992
2107.310662,0.9992557870639187
2107.551716,0.9987749509859358
2107.79277,0.9989580432143417
2108.033824,0.998786836478571
2108.274878,0.9989408612837634
2108.515932,0.9994773966047499
2108.756986,0.9990884856817953
2108.99804,0.9988985070891602
2109.239094,0.9990510505375886
2109.480148,0.9991224352853393
2109.721202,0.9995553688777279
2109.962256,0.9992311856892854
2110.20331,0.999475717484134
2110.444364,0.9991406394619496
2110.685418,0.9989892111915079
2110.926472,0.9991331259525917
2111.167526,0.9994351196050383
2111.40858,0.9996159337723232
2111.649634,0.9991587540459513
2111.890688,0.9991318970196026
2112.131742,0.9995372271124199
2112.372796,0.9996322976190968
2112.61385,0.9991146121872985
2112.854904,0.9990414696839542
2113.095958,0.999040720403133
2113.337012,0.9991856117942266
2113.578066,0.9992704262684311
2113.81912,0.9991248931295532
2114.060174,0.9994010394485298
2114.301228,0.9990398212668892
2114.542282,0.999294858729039
2114.783336,0.9991207667522656
2115.02439,0.9991573052668083
2115.265444,0.9989029022522607
2115.506498,0.9986491132700541
2115.747552,0.9986828681805374
2115.988606,0.998871537193564
2116.22966,0.9988636461395899
2116.470714,0.9986293402133654
2116.711768,0.9986271432312336
2116.952822,0.9983505618208524
2117.193876,0.9989974029366258
2117.43493,0.9987228162942217
2117.675984,0.9986303388432048
2117.917038,0.9985377701014215
2118.158092,0.998214595733833
2118.399146,0.9981811561049928
2118.6402,0.9984925373649651
2118.881254,0.9988774305530188
2119.122308,0.9979742545974145
2119.363362,0.9983843066401261
2119.604416,0.998203315972632
2119.84547,0.9981154779457563
2120.086524,0.9979109850353393
2120.327578,0.997806708785932
2120.568632,0.9979492057579883
2120.809686,0.9978461229293533
2121.05074,0.9979166731441651
2121.291794,0.9974373891076298
2121.532848,0.9974129521909502
2121.773902,0.9975336464600213
2122.014956,0.9979187687713791
2122.25601,0.997316606753328
2122.497064,0.9974689086271314
2122.738118,0.9973845263268831
2122.979172,0.9970639187420999
2123.220226,0.9970822648869888
2123.46128,0.9969253364890844
2123.702334,0.9967191936454032
2123.943388,0.9964668562928292
2124.184442,0.9966997578106271
2124.425496,0.9962649925572311
2124.66655,0.9965081108746436
2124.907604,0.9965144885469618
2125.148658,0.9967139110476758
2125.389712,0.9962577198493309
2125.630766,0.9958116955146841
2125.87182,0.9963949139829534
2126.112874,0.9959414582324672
2126.353928,0.9961083920095267
2126.594982,0.9957568278018807
2126.836036,0.9962894013485553
2127.07709,0.9956856337339111
2127.318144,0.9960527111067091
2127.559198,0.9957640968532556
2127.800252,0.9956690059226703
2128.041306,0.995466905628342
2128.28236,0.9955061277970954
2128.523414,0.9956130508968885
2128.764468,0.9953403898248862
2129.005522,0.9950415339812726
2129.246576,0.995372937987793
2129.48763,0.9951717934433665
2129.728684,0.9950642211868805
2129.969738,0.9952187666605763
2130.210792,0.9950205388264053
2130.451846,0.9951336790935721
2130.6929,0.9947982760657061
2130.933954,0.9948590600973071
2131.175008,0.9949444226666653
2131.416062,0.9948563739814711
2131.657116,0.9950972578674298
2131.89817,0.9949475069991562
2132.139224,0.9949268123062363
2132.380278,0.9949040287431072
2132.621332,0.9948747789946355
2132.862386,0.9953087385037485
2133.10344,0.994785244293648
2133.344494,0.9944648755646146
2133.585548,0.9948318013325071
2133.826602,0.9953506418836994
2134.067656,0.9950766595673851
2134.30871,0.9947253600244761
2134.549764,0.9949033323105309
2134.790818,0.9945864065978035
2135.031872,0.9946587156579657
2135.272926,0.9947804693359353
2135.51398,0.9946902468390186
2135.755034,0.9942699795494374
2135.996088,0.9947169048948503
2136.237142,0.9948367755039492
2136.478196,0.9950267079728703
2136.71925,0.9948176748212267
2136.960304,0.995074669416056
2137.201358,0.9949486014420159
2137.442412,0.9950419319979658
2137.683466,0.9950214343452932
2137.92452,0.9953587042565513
2138.165574,0.9955298211248864
2138.406628,0.9953975240029973
2138.647682,0.9952647468297298
2138.888736,0.9951381572052038
2139.12979,0.9954926885550851
2139.370844,0.9950776546445422
2139.611898,0.9954813400031225
2139.852952,0.9955550083479778
2140.094006,0.9956319677245647
2140.33506,0.995452371917616
2140.576114,0.995591944123942
2140.817168,0.9955168793213337
2141.058222,0.9957966588716088
2141.299276,0.9960543047923218
2141.54033,0.9959461391683211
2141.781384,0.9959233322628741
2142.022438,0.9959668550634603
2142.263492,0.9958947496734003
2142.504546,0.9962603101227698
2142.7456,0.9959446452502327
2142.986654,0.9960925540120061
2143.227708,0.9962826266036603
2143.468762,0.9964418452886257
2143.709816,0.9964808069264715
2143.95087,0.9965326252756971
2144.191924,0.9965267457505526
2144.432978,0.9965350169568677
2144.674032,0.9964979465437509
2144.915086,0.9966744419582915
2145.15614,0.9962727634544796
2145.397194,0.996667265928143
2145.638248,0.9967129143342631
2145.879302,0.996929623277248
2146.120356,0.9967640470183106
2146.36141,0.9969414868103529
2146.602464,0.9967047413218749
2146.843518,0.9966514190445979
2147.084572,0.9965487692349922
2147.325626,0.9968867562250953
2147.56668,0.9964491193406465
2147.807734,0.9971150694331353
2148.048788,0.9963184934238168
2148.289842,0.9966709536038492
2148.530896,0.9963154048412746
2148.77195,0.996520567303882
2149.013004,0.9965742812100365
2149.254058,0.9964320802063907
2149.495112,0.9965608275480526
2149.736166,0.9961416625854354
2149.97722,0.9963413093785579
2150.218274,0.9963833558689884
2150.459328,0.9960565957198574
2150.700382,0.9963023531949596
2150.941436,0.9962034252831394
2151.18249,0.9960719351095445
2151.423544,0.9964104578648536
2151.664598,0.995904609080226
2151.905652,0.9957324320584485
2152.146706,0.9962175714722162
2152.38776,0.9956700015921741
2152.628814,0.9958423669872443
2152.869868,0.995802832830033
2153.110922,0.9954431142536054
2153.351976,0.9953086389728796
2153.59303,0.9955233502020796
2153.834084,0.9953031647904192
2154.075138,0.9952013504845517
2154.316192,0.9952863443090677
2154.557246,0.9947065598928335
2154.7983,0.9951528853589184
2155.039354,0.9949910866543503
2155.280408,0.9946510568153417
2155.521462,0.9943483311108369
2155.762516,0.9944297715740963
2156.00357,0.9945445353914808
2156.244624,0.9945425463043992
2156.485678,0.9944847650610202
2156.726732,0.9947046699521651
2156.967786,0.994553983609446
2157.20884,0.9943990441688955
2157.449894,0.9939177720929183
2157.690948,0.9947159101784427
2157.932002,0.9944743230258078
2158.173056,0.9942330928174492
2158.41411,0.9940718412876468
2158.655164,0.994136756298335
2158.896218,0.9937239770229935
2159.137272,0.9938897440069432
2159.378326,0.9938112298185179
2159.61938,0.9938794076073548
2159.860434,0.9941269143931651
2160.101488,0.9939410300409022
2160.342542,0.9939880445635079
2160.583596,0.9938482996687386
2160.82465,0.9940035508979521
2161.065704,0.9941386451599663
2161.306758,0.9940601113091266
2161.547812,0.9936170580754085
2161.788866,0.993804471925132
2162.02992,0.9939220459485271
2162.270974,0.9935325048615565
2162.512028,0.9937929438601205
2162.753082,0.993551779579115
2162.994136,0.9939385451914332
2163.23519,0.9940707478092228
2163.476244,0.99418576844856
2163.717298,0.9938048694470002
2163.958352,0.9941278091077906
2164.199406,0.9938786125041468
2164.44046,0.993935265199646
2164.681514,0.9938153044529131
2164.922568,0.993560622229303
2165.163622,0.9934028573293575
2165.404676,0.9937528948114768
2165.64573,0.9936356388881246
2165.886784,0.9934608737502886
2166.127838,0.9934400112909965
2166.368892,0.9928847342228526
2166.609946,0.9936078174797371
2166.851,0.9932508783188769
2167.092054,0.993541247986069
2167.333108,0.993320904974209
2167.574162,0.9929741971676512
2167.815216,0.9932860400223279
2168.05627,0.9932449188314855
2168.297324,0.9934329578919558
2168.538378,0.9931230551564342
2168.779432,0.9937591554744352
2169.020486,0.9930114343982388
2169.26154,0.9931067680718841
2169.502594,0.9936739939640338
2169.743648,0.9935628080650762
2169.984702,0.9938706615070508
2170.225756,0.9934859092797534
2170.46681,0.993912901907767
2170.707864,0.9938537658494186
2170.948918,0.9937895649698555
2171.189972,0.9936600826254979
2171.431026,0.993935463986719
2171.67208,0.9937191077874358
2171.913134,0.9940474868258786
2172.154188,0.9936685287720963
2172.395242,0.9939222447329561
2172.636296,0.9935452221590093
2172.87735,0.9934200433474479
2173.118404,0.9936756832112594
2173.359458,0.9938749351600836
2173.600512,0.9935572441289302
2173.841566,0.9938848739591292
2174.08262,0.9935815865796052
2174.323674,0.9935374725365
2174.564728,0.9933526917517539
2174.805782,0.993580990430832
2175.046836,0.9934665364934078
2175.28789,0.9935301203864062
2175.528944,0.993786086712465
2175.769998,0.993352393745991
2176.011052,0.9937048977057967
2176.252106,0.992879074795997
2176.49316,0.9933318315642599
2176.734214,0.992969033715251
2176.975268,0.9933198123218145
2177.216322,0.9933677908274212
2177.457376,0.9935319087422324
2177.69843,0.9929810487132495
2177.939484,0.9935490969929316
2178.180538,0.9930801531671412
2178.421592,0.9931096480856876
2178.662646,0.9934290835109751
2178.9037,0.9933429569430754
2179.144754,0.9930823379458813
2179.385808,0.9937555779479149
2179.626862,0.9936801547618949
2179.867916,0.9932708428621742
2180.10897,0.9934285867965575
2180.350024,0.9934876975559996
2180.591078,0.9940810861987596
2180.832132,0.9933235869442731
2181.073186,0.9937522985599188
2181.31424,0.9936273917465475
2181.555294,0.9939478882576703
2181.796348,0.9937736644640204
2182.037402,0.9931982374173223
2182.278456,0.9934212354522153
2182.51951,0.9937265607086926
2182.760564,0.9935093558238806
2183.001618,0.9935607215853701
2183.242672,0.9938614185528786
2183.483726,0.9937203996231156
2183.72478,0.9938681768335029
2183.965834,0.9936991342341042
2184.206888,0.993626596844952
2184.447942,0.9939944061073499
2184.688996,0.9938560517157089
2184.93005,0.9940156778152471
2185.171104,0.9942902628639093
2185.412158,0.9941610135311256
2185.653212,0.9940401309016931
2185.894266,0.99392303987107
2186.13532,0.994503759901433
2186.376374,0.9940989798193532
2186.617428,0.9941839789157874
2186.858482,0.9947868359513122
2187.099536,0.9943452486357882
2187.34059,0.9945060472627113
2187.581644,0.994933378844867
2187.822698,0.9950788487384442
2188.063752,0.994743464190776
2188.304806,0.994461892174463
2188.54586,0.9952013504845517
2188.786914,0.9949805398047301
2189.027968,0.9952829603412499
2189.269022,0.9953999129599217
2189.510076,0.9953351145347996
2189.75113,0.9953325266668661
2189.992184,0.994925120932093
2190.233238,0.9953797065467844
2190.474292,0.9955024444312367
2190.715346,0.9957704697638687
2190.9564,0.9960147622213468
2191.197454,0.9954945799929903
2191.438508,0.9957634993949768
2191.679562,0.9957167991819836
2191.920616,0.99577664355992
2192.16167,0.9958862846040047
2192.402724,0.9958177699845538
2192.643778,0.9957785355373402
2192.884832,0.9957999450060052
2193.125886,0.9967724198714715
2193.36694,0.9957067424930983
2193.607994,0.9963877399653993
2193.849048,0.996626602733228
2194.090102,0.9964854903972702
2194.331156,0.9964645644216953
2194.57221,0.9966944753159094
2194.813264,0.9962948809553316
2195.054318,0.9959987265127628
2195.295372,0.996534219729173
2195.536426,0.9969220466409023
2195.77748,0.9967524846224272
2196.018534,0.9967291608871758
2196.259588,0.9969694015627882
2196.500642,0.9970733908943206
2196.741696,0.9971230463855986
2196.98275,0.9969437797784094
2197.223804,0.9972265531297205
2197.464858,0.9974013822678104
2197.705912,0.9971571485769292
2197.946966,0.9967076317698159
2198.18802,0.9973531092091261
2198.429074,0.9970376963058636
2198.670128,0.9970097796412021
2198.911182,0.9973040406432496
2199.152236,0.9971618352265411
2199.39329,0.9973670722503961
2199.634344,0.9975408287281319
2199.875398,0.9973932036100084
2200.116452,0.9971125766485778
2200.357506,0.99754681399106
2200.59856,0.9971816789445064
2200.839614,0.9972209686766594
2201.080668,0.9970551446182212
2201.321722,0.9974929479175016
2201.562776,0.9973840276347447
2201.80383,0.9976706172325086
2202.044884,0.997484968005838
2202.285938,0.997701844811537
2202.526992,0.997506314412559
2202.768046,0.99761315305994
2203.0091,0.997769491289805
2203.250154,0.997374552531489
2203.491208,0.9977399577499613
2203.732262,0.9974868632290776
2203.973316,0.997568760262376
2204.21437,0.9975058156595265
2204.455424,0.9976862807841577
2204.696478,0.9974925489204023
2204.937532,0.9975673636670892
2205.178586,0.9974130519322504
2205.41964,0.9975553929305497
2205.660694,0.9976346019733058
2205.901748,0.9971552539801467
2206.142802,0.9973952981379351
2206.383856,0.9975865171443444
2206.62491,0.9976415854399617
2206.865964,0.9973849252807735
2207.107018,0.9974949429053924
2207.348072,0.9973872192687397
2207.589126,0.9978002230634035
2207.83018,0.9972928709005451
2208.071234,0.9975329481867131
2208.312288,0.99738103548715
2208.553342,0.9975051174056999
2208.794396,0.9975387338945911
2209.03545,0.99761125759675
2209.276504,0.9971712085918469
2209.517558,0.997214586482883
2209.758612,0.9976945616146536
2209.999666,0.9977235949488296
2210.24072,0.9974440719605244
2210.481774,0.9972456003387855
2210.722828,0.9974323021899171
2210.963882,0.9974612281461048
2211.204936,0.99749633939929
2211.44599,0.9972827982934157
2211.687044,0.9973853242348234
2211.928098,0.9973590933457337
2212.169152,0.9972274506340222
2212.410206,0.9970444761852499
2212.65126,0.9972493898792669
2212.892314,0.9970910392495269
2213.133368,0.9971185593419857
2213.374422,0.9971198555969555
2213.615476,0.9968546569883453
2213.85653,0.9967384305114757
2214.097584,0.9971473764847564
2214.338638,0.9969219469487026
2214.579692,0.9970492620102216
2214.820746,0.9967401249682479
2215.0618,0.996556442690058
2215.302854,0.9968882515563511
2215.543908,0.9968053139040758
2215.784962,0.9966132480262281
2216.026016,0.9965385048355309
2216.26707,0.9963352317151076
2216.508124,0.9965678034982612
2216.749178,0.9966713522723104
2216.990232,0.9966782293283669
2217.231286,0.996614643285752
2217.47234,0.9964827002418033
2217.713394,0.9964933626637397
2217.954448,0.9964531051450954
2218.195502,0.9964621729096106
2218.436556,0.9963141096320901
2218.67761,0.9962632989081834
2218.918664,0.9963864446621793
2219.159718,0.9961722446039083
2219.400772,0.9964386566798225
2219.641826,0.9963239731906001
2219.88288,0.9962900987513803
2220.123934,0.9959223363400399
2220.364988,0.9957092317630661
2220.606042,0.99608169666234
2220.847096,0.9960663571223263
2221.08815,0.9964851914516679
2221.329204,0.9960966379998497
2221.570258,0.996062671683623
2221.811312,0.9962221540835849
2222.052366,0.9960742260776299
2222.29342,0.9960403601296676
2222.534474,0.9962977702146758
2222.775528,0.9964797107981868
2223.016582,0.9963014565232452
2223.257636,0.9961804132498054
2223.49869,0.996141961427979
2223.739744,0.996118253531422
2223.980798,0.9962107972157627
2224.221852,0.9958208570244257
2224.462906,0.9964492189855634
2224.70396,0.9957834148641187
2224.945014,0.9962733612183169
2225.186068,0.996424009139229
2225.427122,0.9960695445397689
2225.668176,0.9959851810221918
2225.90923,0.9965177770502
2226.150284,0.9962021302195284
2226.391338,0.9964073689972219
2226.632392,0.9959661578869058
2226.873446,0.9962007355375223
2227.1145,0.9965465768301116
2227.355554,0.9964518097569007
2227.596608,0.9959090906610505
2227.837662,0.9961539152032386
2228.078716,0.9963610371317878
2228.31977,0.996049424138186
2228.560824,0.9964652619471346
2228.801878,0.9962301238926968
2229.042932,0.996328157760075
2229.283986,0.9960329894582741
2229.52504,0.9966114541239962
2229.766094,0.9968224591029232
2230.007148,0.9962802355282256
2230.248202,0.9963663178592784
2230.489256,0.9967242769262532
2230.73031,0.9960211367362234
2230.971364,0.996344597310304
2231.212418,0.9963566531528691
2231.453472,0.9960828919610932
2231.694526,0.9963551586190104
2231.93558,0.9965810579381896
2232.176634,0.9961686583902829
2232.417688,0.9962805344123412
2232.658742,0.9962560262126468
2232.899796,0.9957009674107395
2233.14085,0.9960825931362705
2233.381904,0.9960181486772953
2233.622958,0.9965039255493672
2233.864012,0.996437560597903
2234.105066,0.9961086908420891
2234.34612,0.9959735280637437
2234.587174,0.9959174563325478
2234.828228,0.9960323918386598
2235.069282,0.9959829898572038
2235.310336,0.9961142690663768
2235.55139,0.995581092230894
2235.792444,0.995799048786458
2236.033498,0.9957006687004941
2236.274552,0.9957202841968795
2236.515606,0.9954514760108846
2236.75666,0.9955264363292488
2236.997714,0.9955304184429582
2237.238768,0.995170499720876
2237.479822,0.9954492860200463
2237.720876,0.9951055172089464
2237.96193,0.9951798543675401
2238.202984,0.9954105637959723
2238.444038,0.994970689546145
2238.685092,0.9949695950789884
2238.926146,0.9948263297726466
2239.1672,0.9951425358227284
2239.408254,0.9947377941691897
2239.649308,0.9949105951313659
2239.890362,0.9943600644903707
2240.131416,0.9946657777599173
2240.37247,0.994726752640955
2240.613524,0.9946923356907302
2240.854578,0.9945803396392275
2241.095632,0.9949523822538849
2241.336686,0.9943378905081734
2241.57774,0.9943265551208335
2241.818794,0.9944131647355785
2242.059848,0.9940047437029289
2242.300902,0.994263815094674
2242.541956,0.9945124121217813
2242.78301,0.9944666656030017
2243.024064,0.9944770081101049
2243.265118,0.9941890492670092
2243.506172,0.9941994883068315
2243.747226,0.9943182028128502
2243.98828,0.9941795050979484
2244.229334,0.9940108071503589
2244.470388,0.9943611582870433
2244.711442,0.9940952022504074
2244.952496,0.9944123692053649
2245.19355,0.9944299704600705
2245.434604,0.9939514664765088
2245.675658,0.9944328543111665
2245.916712,0.9943352057994934
2246.157766,0.9942956320458256
2246.39882,0.9942232499585526
2246.639874,0.9942097286142985
2246.880928,0.9936912840419521
2247.121982,0.9939084293097717
2247.363036,0.9943093534202251
2247.60409,0.9940701513669531
2247.845144,0.9937821115760685
2248.086198,0.9937115555509152
2248.327252,0.9940891382881687
2248.568306,0.994173540038813
2248.80936,0.9942859874249712
2249.050414,0.9938909366753516
2249.291468,0.9943177056538731
2249.532522,0.9937189090436341
2249.773576,0.9941017633003936
2250.01463,0.9939211514190882
2250.255684,0.994091225877551
2250.496738,0.9944408098058228
2250.737792,0.9941361598164601
2250.978846,0.9936800553938844
2251.2199,0.9935435331335672
2251.460954,0.9942103251403146
2251.702008,0.9940067317144043
2251.943062,0.9938906385081153
2252.184116,0.994173639456172
2252.42517,0.9940631929002481
2252.666224,0.9937561742014406
2252.907278,0.9940406279218829
2253.148332,0.994052158860046
2253.389386,0.9938472064362102
2253.63044,0.9941382475045878
2253.871494,0.9938197766318455
2254.112548,0.9943081602497168
2254.353602,0.9939236362250728
2254.594656,0.9941652884326749
2254.83571,0.9942304083917226
2255.076764,0.9940447034968122
2255.317818,0.9939736318413541
2255.558872,0.9942960297641579
2255.799926,0.9940239281796119
2256.04098,0.9941701598545232
2256.282034,0.9941253237913745
2256.523088,0.9942242441822996
2256.764142,0.9940649822156058
2257.005196,0.9938711584425057
2257.24625,0.9942375668764335
2257.487304,0.9939196605384792
2257.728358,0.9943701075777397
2257.969412,0.994356484800582
2258.210466,0.9943565842362355
2258.45152,0.9942367714866982
2258.692574,0.9940283018945181
2258.933628,0.9941142890615233
2259.174682,0.9947213811309938
2259.415736,0.9947240668823486
2259.65679,0.9941938213858988
2259.897844,0.9940936116993562
2260.138898,0.9941080261612304
2260.379952,0.9938677792863116
2260.621006,0.9937994035352495
2260.86206,0.9939477888628865
2261.103114,0.9939202568904545
2261.344168,0.9941590252110869
2261.585222,0.9940540475609421
2261.826276,0.9941992894669537
2262.06733,0.9938125217739564
2262.308384,0.994134469786425
2262.549438,0.9943730906925371
2262.790492,0.9944551298565881
2263.031546,0.9940777063288123
2263.2726,0.9941347680268107
2263.513654,0.9942098280352764
2263.754708,0.9942928480219535
2263.995762,0.9941663820150937
2264.236816,0.9942147990968442
2264.47787,0.9945430435757966
2264.718924,0.9940527552915203
2264.959978,0.9942707749657392
2265.201032,0.9942256360972158
2265.442086,0.994297421779574
2265.68314,0.9944284788162335
2265.924194,0.9941043479683382
2266.165248,0.9938679780598874
2266.406302,0.9945597520392794
2266.647356,0.9942364732157115
2266.88841,0.994167873265785
2267.129464,0.9942437311684574
2267.370518,0.9941394404712006
2267.611572,0.9940911264684335
2267.852626,0.9943080608189058
2268.09368,0.9942090326677321
2268.334734,0.9942569546980182
2268.575788,0.9941707563567981
2268.816842,0.9946008282052556
2269.057896,0.9943262568229118
2269.29895,0.9941879556596566
2269.540004,0.994437627600323
2269.781058,0.9941314873874892
2270.022112,0.9944405114736247
2270.263166,0.9942435323197311
2270.50422,0.9941973010703631
2270.745274,0.9946412098186219
2270.986328,0.9944852623035271
2271.227382,0.9945633324608315
2271.468436,0.9949035312912172
2271.70949,0.9948169784490981
2271.950544,0.9943165124733423
2272.191598,0.9945027653981704
2272.432652,0.9948004646243209
2272.673706,0.994875375919682
2272.91476,0.994750228469331
2273.155814,0.9950341707011653
2273.396868,0.9949375575738335
2273.637922,0.9949665106780244
2273.878976,0.9945886941491694
2274.12003,0.994904725176171
2274.361084,0.9946976075740799
2274.602138,0.9948340894482816
2274.843192,0.9953494474636457
2275.084246,0.9953031647904192
2275.3253,0.9955903511781058
2275.566354,0.9948072292904803
2275.807408,0.9956430193007426
2276.048462,0.9955930392756829
2276.289516,0.9957695735708493
2276.53057,0.9951500989347405
2276.771624,0.9955104084826483
2277.012678,0.9956211153952619
2277.253732,0.9956208167089721
2277.494786,0.9959038123568575
2277.73584,0.9957569273775684
2277.976894,0.9962608082530494
2278.217948,0.9961174566371379
2278.459002,0.9960105789681303
2278.700056,0.9964228134311355
2278.94111,0.9961847964532667
2279.182164,0.9959218383789962
2279.423218,0.9963690080519685
2279.664272,0.9962802355282256
2279.905326,0.9962585168558256
2280.14638,0.996344896213728
2280.387434,0.9962210582398182
2280.628488,0.9965519581961562
2280.869542,0.9962644944248594
2281.110596,0.9964630697259698
2281.35165,0.9970580360823332
2281.592704,0.9967794969807763
2281.833758,0.9965182753092131
2282.074812,0.9969114793232148
2282.315866,0.996843791331802
2282.55692,0.9968628312300469
2282.797974,0.9968577472425718
2283.039028,0.9973780433485318
2283.280082,0.9968282406899526
2283.521136,0.9974452688941289
2283.76219,0.9970843587619436
2284.003244,0.997424621990759
2284.244298,0.9974631233242388
2284.485352,0.9971044003589721
2284.726406,0.9975294568275044
2284.96746,0.9973861221434019
2285.208514,0.9973695656711935
2285.449568,0.9972692353395872
2285.690622,0.9975126984734002
2285.931676,0.9978550037993672
2286.17273,0.9972893803816053
2286.413784,0.997496239649661
2286.654838,0.9975984882543767
2286.895892,0.997657348301538
2287.136946,0.9971587440296432
2287.378,0.9973187011204013
2287.619054,0.9969625224976503
2287.860108,0.9968691114856665
2288.101162,0.9972636506475065
2288.342216,0.9968889493783715
2288.58327,0.9967174992242143
2288.824324,0.9970677075921899
2289.065378,0.9970825640117131
2289.306432,0.9973854239733608
2289.547486,0.9966614852747646
2289.78854,0.9968149829625155
2290.029594,0.9971930468804435
2290.270648,0.9972243592337169
2290.511702,0.9972042155051127
2290.752756,0.9973869200526189
2290.99381,0.9971884598029781
2291.234864,0.9974656169851641
2291.475918,0.9969630209790361
2291.716972,0.9975747456928938
2291.958026,0.9973269788999733
2292.19908,0.996755375208824
2292.440134,0.9972856904177244
2292.681188,0.9968964260735294
2292.922242,0.9972461986863252
2293.163296,0.9971882603653062
2293.40435,0.9969881447637231
2293.645404,0.9969240404869895
2293.886458,0.9970580360823332
2294.127512,0.99632895482292
2294.368566,0.9965306322124395
2294.60962,0.9963882381593938
2294.850674,0.9963350324480812
2295.091728,0.9966946746548243
2295.332782,0.9962391896280732
2295.573836,0.9963151059466979
2295.81489,0.9961682599228993
2296.055944,0.9962041226257812
2296.296998,0.9959174563325478
2296.538052,0.9960441450902274
2296.779106,0.9957821203465208
2297.02016,0.9957684782249208
2297.261214,0.9959107837079437
2297.502268,0.9957423894325559
2297.743322,0.9957635989713316
2297.984376,0.9953136155285158
2298.22543,0.9954655119756496
2298.466484,0.9953750282731576
2298.707538,0.9952021466459505
2298.948592,0.9951618417751905
2299.189646,0.9954953763889728
2299.4307,0.9946584172603957
2299.671754,0.9946540407729881
2299.912808,0.9947946947983586
2300.153862,0.9949543721606393
2300.394916,0.9948999496449515
2300.63597,0.9943395808840242
2300.877024,0.9941323821062304
2301.118078,0.9944259927481441
2301.359132,0.9942376663001952
2301.600186,0.994368616023697
2301.84124,0.9944278821593252
2302.082294,0.9941672767652401
2302.323348,0.9941286044103561
2302.564402,0.9942965269122971
2302.805456,0.9939867523798899
2303.04651,0.9940414231547032
2303.287564,0.993846908282093
2303.528618,0.993754385441937
2303.769672,0.9937916519301333
2304.010726,0.9933295469036746
2304.25178,0.9934533234763392
2304.492834,0.9933174283571257
2304.733888,0.9933812013831185
2304.974942,0.9935096538767321
2305.215996,0.9932674657470495
2305.45705,0.9932354830495767
2305.698104,0.9932822655425473
2305.939158,0.9928109656276372
2306.180212,0.9933149450666588
2306.421266,0.992695012078671
2306.66232,0.9928126534077133
2306.903374,0.992827644991966
2307.144428,0.992670592081741
2307.385482,0.9931080591115218
2307.626536,0.9929749915473267
2307.86759,0.9932667704600668
2308.108644,0.9927473284843327
2308.349698,0.9929464935740172
2308.590752,0.9932298216234583
2308.831806,0.9930859130487332
2309.07286,0.9928877128815233
2309.313914,0.9932204853070158
2309.554968,0.9927402800033226
2309.796022,0.993066845982247
2310.037076,0.9928849327998194
2310.27813,0.9924409146814334
2310.519184,0.9931992306160563
2310.760238,0.9930940563866077
2311.001292,0.9927511009313486
2311.242346,0.9929960428402905
2311.4834,0.9930085546692546
2311.724454,0.9931186854246049
2311.965508,0.992958706891
2312.206562,0.9932712401705908
2312.447616,0.9931297091031944
2312.68867,0.992996638638095
2312.929724,0.9929986246333582
2313.170778,0.9934487536015619
2313.411832,0.9933140510836106
2313.652886,0.9932170090414008
2313.89394,0.9939456021801563
2314.134994,0.9932078714869503
2314.376048,0.993715431033539
2314.617102,0.9938687731545879
2314.858156,0.9937251694924815
2315.09921,0.9936752857410656
2315.340264,0.9940133915818173
2315.581318,0.9938283235186761
2315.822372,0.9941127978912081
2316.063426,0.9939926169190292
2316.30448,0.9942614288643813
2316.545534,0.994263815094674
2316.786588,0.993872947412201
2317.027642,0.9946334516474423
2317.268696,0.9943675222188209
2317.50975,0.994624599449115
2317.750804,0.994568902031088
2317.991858,0.9943867136971969
2318.232912,0.9951298975927764
2318.473966,0.995430671292446
2318.71502,0.9948388646633715
2318.956074,0.9949465120521467
2319.197128,0.995129300515017
2319.438182,0.9954798467822324
2319.679236,0.9953102314679759
2319.92029,0.9955584927966049
2320.161344,0.995607077236504
2320.402398,0.9951002431636813
2320.643452,0.9956311712193092
2320.884506,0.9953453665392771
2321.12556,0.9954321644395727
2321.366614,0.9958468482879785
2321.607668,0.9960316946162295
2321.848722,0.9959318972403609
2322.089776,0.9956426210436146
2322.33083,0.9962056169330858
2322.571884,0.9959646639387894
2322.812938,0.995852425045944
2323.053992,0.9959022189120325
2323.295046,0.9961603902247311
2323.5361,0.996385248999163
2323.777154,0.9962264378480576
2324.018208,0.9960992278544754
2324.259262,0.9963946150645241
2324.500316,0.9966560036516701
2324.74137,0.996536412106868
2324.982424,0.9963772779490553
2325.223478,0.9965475733771867
2325.464532,0.9968901456458285
2325.705586,0.9963995970500543
2325.94664,0.9970403883112777
2326.187694,0.9965098049398721
2326.428748,0.997088745942774
2326.669802,0.9966347751048771
2326.910856,0.9964966510972624
2327.15191,0.996517278791436
2327.392964,0.9970941302365396
2327.634018,0.9967080304529484
2327.875072,0.9970760829961104
2328.116126,0.9970040967016546
2328.35718,0.9968785817872095
2328.598234,0.9971437867606626
2328.839288,0.9967989343704813
2329.080342,0.9970684055398296
2329.321396,0.9968945319721192
2329.56245,0.9968559529002418
2329.803504,0.9970801710164311
2330.044558,0.9971137731843877
2330.285612,0.9973695656711935
2330.526666,0.9972279492478722
2330.76772,0.9973043398345067
2331.008774,0.997330669016622
2331.249828,0.9971908530581536
2331.490882,0.9974175403010829
2331.731936,0.9971156677023565
2331.97299,0.9972708309716403
2332.214044,0.9975659670737577
2332.455098,0.9971670204815659
2332.696152,0.9976568494729885
2332.937206,0.9979882263347808
2333.17826,0.9975164890288565
2333.419314,0.9977024434328235
2333.660368,0.9975450184084109
2333.901422,0.9978444265923861
2334.142476,0.9976404880348213
2334.38353,0.9976789977008913
2334.624584,0.9979321409724742
2334.865638,0.9974289109258547
2335.106692,0.9980334362254301
2335.347746,0.9977611100612793
2335.5888,0.9981392333768199
2335.829854,0.9980430173924073
2336.070908,0.998294356266423
2336.311962,0.9981941325443688
2336.553016,0.9983170178055177
2336.79407,0.99847546328856
2337.035124,0.9984066706990713
2337.276178,0.9986179559037776
2337.517232,0.9984227451758688
2337.758286,0.9983503621507599
2337.99934,0.9981317473606421
2338.240394,0.9985025223402636
2338.481448,0.9989383639347318
2338.722502,0.9989767239044136
2338.963556,0.9987392953566424
2339.20461,0.9986035759087488
2339.445664,0.9984571913547705
2339.686718,0.9988918144915829
2339.927772,0.9990728500693433
2340.168826,0.9995581776322607
2340.40988,0.9994605755417146
2340.650934,0.9999060114172036
2340.891988,0.9990827009762099
2341.133042,0.9986414237014869
2341.374096,0.9993802621169007
2341.61515,0.9993885470136146
2341.856204,0.9995518904310967
2342.097258,0.9992431265733009
2342.338312,0.9993244782676111
2342.579366,0.9996536799826264
2342.82042,0.9996299085007605
2343.061474,0.9995793884818365
2343.302528,0.9994802451193893
2343.543582,0.9997206290313387
2343.784636,0.9998849766156968
2344.02569,0.9998654890474095
2344.266744,0.9997228584108272
2344.507798,0.9995389862994877
2344.748852,0.999808218392444
2344.989906,0.9997462821918083
2345.23096,0.9998420024829225
2345.472014,0.9998104979577808
2345.713068,0.99992958247943
2345.954122,0.9995267120361
2346.195176,0.99981300748528
2346.43623,1.0004020307927257
2346.677284,0.9999834481369836
2346.918338,0.999946924408559
2347.159392,1.0004707707777967
2347.400446,1.0001081058430155
2347.6415,1.0004785644754575
2347.882554,0.9999065333682778
2348.123608,0.999901298871277
2348.364662,1.0002848205536736
2348.605716,1.0001083858733244
2348.84677,1.0005045972663902
2349.087824,1.0003063069023819
2349.328878,1.0003061668595086
2349.569932,0.9999869200855428
2349.810986,1.0003486207540955
2350.05204,1.0000095795458837
2350.293094,0.99996568858865
2350.534148,1.0006121973163313
2350.775202,0.9998629793881816
2351.016256,1.0004597656598464
2351.25731,1.0001235576326155
2351.498364,1.0003386273212913
2351.739418,1.0001765255788067
2351.980472,1.0000921072416116
2352.221526,1.0001920784447027
2352.46258,0.9998912459141543
2352.703634,0.9998614296017646
2352.944688,0.9999517151657501
2353.185742,0.9998183764955461
2353.426796,1.000098236824921
2353.66785,0.9997517308238938
2353.908904,0.9998868963966949
2354.149958,0.9996759825050106
2354.391012,1.0001413199847284
2354.632066,0.9995461430242506
2354.87312,0.999971006420322
2355.114174,0.9992951585175416
2355.355228,0.9998284647138599
2355.596282,0.9992412979600525
2355.837336,0.9993055512412322
2356.07839,0.9996326974720958
2356.319444,0.9997366046946359
2356.560498,0.9994793255979868
2356.801552,0.999321190495486
2357.042606,0.9994032781093654
2357.28366,0.9991403197369962
2357.524714,0.9996461626152183
2357.765768,0.999426354597474
2358.006822,0.9993188720730134
2358.247876,0.9987894333277219
2358.48893,0.9994046173106553
2358.729984,0.9986932545363755
2358.971038,0.9991969326313407
2359.212092,0.9993889467691133
2359.453146,0.9989010043385494
2359.6942,0.9992867544805975
2359.935254,0.9985538466889363
2360.176308,0.9985872988031202
2360.417362,0.998717123590393
2360.658416,0.9988054140865008
2360.89947,0.9990859280185458
2361.140524,0.9987089341435563
2361.381578,0.9984919382696225
2361.622632,0.9983967865219582
2361.863686,0.9983359860090534
2362.10474,0.9986530080091907
2362.345794,0.9986635937871801
2362.586848,0.9983214104100598
2362.827902,0.9980019986673331
2363.068956,0.9983221092352916
2363.31001,0.9987149264151379
2363.551064,0.9983499628106949
2363.792118,0.9980674697458736
2364.033172,0.9980184658361648
2364.274226,0.9980873314861451
2364.51528,0.9981491150041443
2364.756334,0.9982476371837847
2364.997388,0.9981693776368439
2365.238442,0.9981973267707038
2365.479496,0.9981989238877043
2365.72055,0.9985228919994892
2365.961604,0.997934436219038
2366.202658,0.997958586524612
2366.443712,0.9978463224985978
2366.684766,0.9979836355994983
2366.92582,0.9982029166913855
2367.166874,0.9982818776649611
2367.407928,0.9979486069886445
2367.648982,0.997858296726313
2367.890036,0.9971881606464851
2368.13109,0.9978578975830742
2368.372144,0.9979083904701511
2368.613198,0.997736764987205
2368.854252,0.9982135975197364
2369.095306,0.9977218988201598
2369.33636,0.998274091096683
2369.577414,0.9975258657279238
2369.818468,0.9977580170066324
2370.059522,0.9973384482261792
2370.300576,0.9976046733841777
2370.54163,0.9980545947585576
2370.782684,0.9977800677024675
2371.023738,0.9977603118527105
2371.264792,0.9974687091333696
2371.505846,0.9980336358321372
2371.7469,0.9978210773059917
2371.987954,0.9975346439941665
2372.229008,0.997537736356356
2372.470062,0.9975585851129146
2372.711116,0.9978780545161897
2372.95217,0.9983058367175325
2373.193224,0.9978650821858013
2373.434278,0.9975730498172676
2373.675332,0.99770403975801
2373.916386,0.9979987052661716
2374.15744,0.9977388602366114
2374.398494,0.9976474715426799
2374.639548,0.9975019253944315
2374.880602,0.9977864535153353
2375.121656,0.9981172745552335
2375.36271,0.9982246777521641
2375.603764,0.9980015994666135
2375.844818,0.997367969881165
2376.085872,0.9985198964353065
2376.326926,0.9977164113648068
2376.56798,0.9979660712420786
2376.809034,0.9979505030927991
2377.050088,0.9978702710977199
2377.291142,0.9977747794821225
2377.532196,0.9979887253290187
2377.77325,0.9978297583871268
2378.014304,0.9979939148838832
2378.255358,0.9977878504173481
2378.496412,0.9981615919460626
2378.737466,0.9976171435205332
2378.97852,0.9973217928131669
2379.219574,0.997426517099341
2379.460628,0.9976651300592035
2379.701682,0.997670816766652
2379.942736,0.9975084091780188
2380.18379,0.9973958965752936
2380.424844,0.9977403568460242
2380.665898,0.997541926023647
2380.906952,0.9974237243090032
2381.148006,0.9972169798007625
2381.38906,0.9976042743423882
2381.630114,0.9971535588176559
2381.871168,0.9968424954357157
2382.112222,0.9972626533843545
2382.353276,0.9972566698263848
2382.59433,0.9976851833298525
2382.835384,0.9974581360210905
2383.076438,0.997249190429409
2383.317492,0.9970945290742714
2383.558546,0.997068006712547
2383.7996,0.9971315219675141
2384.040654,0.9970707985068744
2384.281708,0.9971492710665716
2384.522762,0.9971857673977714
2384.763816,0.9971173628004324
2385.00487,0.9967058376976934
2385.245924,0.9967787992353726
2385.486978,0.9968022238123924
2385.728032,0.9965867384664093
2385.969086,0.9962743574921763
2386.21014,0.996748397945618
2386.451194,0.9962322159781537
2386.692248,0.9969575376974997
2386.933302,0.9964435392412024
2387.174356,0.9962723649454539
2387.41541,0.9961683595397302
2387.656464,0.9960938489331681
2387.897518,0.9960327902516961
2388.138572,0.9957757473613441
2388.379626,0.996466059119663
2388.62068,0.9962986668830724
2388.861734,0.9964269984157403
2389.102788,0.9959320964267603
2389.343842,0.9955179743905032
2389.584896,0.9958522258754788
2389.82595,0.9954395306648446
2390.067004,0.9960671539757306
2390.308058,0.9957785355373402
2390.549112,0.9958038286333638
2390.790166,0.9957413936906644
2391.03122,0.9954736748263154
2391.272274,0.9952893301725795
2391.513328,0.9954095683859061
2391.754382,0.9956171329187652
2391.995436,0.9951876168006777
2392.23649,0.9952032413689139
2392.477544,0.9957667854199467
2392.718598,0.9951537809969183
2392.959652,0.9953172981957061
2393.200706,0.9946541402383972
2393.44176,0.9946606055113208
2393.682814,0.9949971561184907
2393.923868,0.9952054308184534
2394.164922,0.9946489680503156
2394.405976,0.9948774651601652
2394.64703,0.9948281204616518
2394.888084,0.9947540085273813
2395.129138,0.9950255139415372
2395.370192,0.994871495913282
2395.611246,0.9945214622259095
2395.8523,0.9946844776523176
2396.093354,0.9943166119049984
2396.334408,0.9946708505683195
2396.575462,0.9946463819663606
2396.816516,0.9947757938787167
2397.05757,0.9948764702831975
2397.298624,0.9944451853550121
2397.539678,0.9947945953188941
2397.780732,0.9944448870215014
2398.021786,0.9948279214960477
2398.26284,0.994666175626308
2398.503894,0.9949138783417472
2398.744948,0.9949227331146681
2398.986002,0.9948373724061936
2399.227056,0.9948953731157092
2399.46811,0.9944384231507433
2399.709164,0.9947536106258574
2399.950218,0.9947738043291185
2400.191272,0.9949572575325024
2400.432326,0.9950963622803007
2400.67338,0.9948212561713025
2400.914434,0.9951185531766071
2401.155488,0.9951768688324554
2401.396542,0.9948663225949539
2401.637596,0.9950013351153223
2401.87865,0.994560647143459
2402.119704,0.995115368802332
2402.360758,0.9951440285376517
2402.601812,0.9950271059836331
2402.842866,0.9950337726875766
2403.08392,0.9948847277921694
2403.324974,0.9948939802631618
2403.566028,0.9948812457017158
2403.807082,0.9948826385364348
2404.048136,0.9955463470570819
2404.28919,0.995121240000328
2404.530244,0.9952982878168604
2404.771298,0.9956158386173337
2405.012352,0.9954558560070149
2405.253406,0.9953007760656902
2405.49446,0.995170499720876
2405.735514,0.9958629811375966
2405.976568,0.995138953316048
2406.217622,0.9957341248050219
2406.458676,0.9955731276140146
2406.69973,0.9960983313655737
2406.940784,0.9956502875213125
2407.181838,0.9958460516108186
2407.422892,0.9960881712144106
2407.663946,0.99589504844187
2407.905,0.9957811245648983
2408.146054,0.9960027105156368
2408.387108,0.9959118792104084
2408.628162,0.9964828995383632
2408.869216,0.9960617752276218
2409.11027,0.996476123477685
2409.351324,0.9960575917769511
2409.592378,0.9962905968965542
2409.833432,0.996621121301987
2410.074486,0.996287508400491
2410.31554,0.9964167352705119
2410.556594,0.9965755767574442
2410.797648,0.9967447099833683
2411.038702,0.9967763072914895
2411.279756,0.9965424909975226
2411.52081,0.9968986192480792
2411.761864,0.9967711240681679
2412.002918,0.9968148832810222
2412.243972,0.9966985617716354
2412.485026,0.996135187685672
2412.72608,0.9967576677488234
2412.967134,0.996621121301987
2413.208188,0.9967808924730489
2413.449242,0.9967552755332915
2413.690296,0.9966551066616705
2413.93135,0.9965963057450214
2414.172404,0.9963573506027704
2414.413458,0.9965876353948776
2414.654512,0.9966566016454517
2414.895566,0.9963371247538463
2415.13662,0.9966873988102563
2415.377674,0.9966158392240415
2415.618728,0.9969052984912036
2415.859782,0.996665471928679
2416.100836,0.996904002515158
2416.34189,0.9966679635954734
2416.582944,0.996651120049217
2416.823998,0.9967493946945143
2417.065052,0.9971928474418541
2417.306106,0.996654309337904
2417.54716,0.9972552736680245
2417.788214,0.9972270517431218
2418.029268,0.9969925315212109
2418.270322,0.9968489749329943
2418.511376,0.9972371237872081
2418.75243,0.9967807927949647
2418.993484,0.997356799422457
2419.234538,0.997280205361511
2419.475592,0.9970227408525851
2419.716646,0.9971712085918469
2419.9577,0.9974308060425858
2420.198754,0.9968343213607669
2420.439808,0.9973642796265034
2420.680862,0.9970590331408677
2420.921916,0.9969126756177078
2421.16297,0.9974805790816343
2421.404024,0.9972499882290804
2421.645078,0.9965410958390117
2421.886132,0.9968689121118641
2422.127186,0.9972884828215669
2422.36824,0.9967305563089779
2422.609294,0.997105995727289
2422.850348,0.9971605389169979
2423.091402,0.9970548455017226
2423.332456,0.9967596612661523
2423.57351,0.9969030056116539
2423.814564,0.9966972660643473
2424.055618,0.9966461368060748
2424.296672,0.9966536116801317
2424.537726,0.9966746412931997
2424.77878,0.9966948739937792
2425.019834,0.9967504911194515
2425.260888,0.9964804083342285
2425.501942,0.996988344161372
2425.742996,0.9965281408889732
2425.98405,0.996756670991654
2426.225104,0.9965676041847205
2426.466158,0.9964885795070785
2426.707212,0.9964900742410688
2426.948266,0.9964067711529798
2427.18932,0.9959715361186796
2427.430374,0.9966075673469044
2427.671428,0.996587535736119
2427.912482,0.9963806656375594
2428.153536,0.9967629505784619
2428.39459,0.9961873865371047
2428.635644,0.996403084454747
2428.876698,0.9964178313295236
2429.117752,0.9965935152792721
2429.358806,0.9964501157902641
2429.59986,0.9960587870467784
2429.840914,0.9964384573921111
2430.081968,0.9963556567967141
2430.323022,0.9961147671236359
2430.564076,0.9963344346472411
2430.80513,0.9962024290802123
2431.046184,0.9960994270743408
2431.287238,0.9964024866130757
2431.528292,0.9959690461929517
2431.769346,0.9961618844664372
2432.0104,0.9961570032851622
2432.251454,0.996255627710316
2432.492508,0.9961143686778087
2432.733562,0.9958931562430756
2432.974616,0.9957670841500271
2433.21567,0.9964247066362795
2433.456724,0.9964347705766393
2433.697778,0.9966395589632788
2433.938832,0.9958259357237472
2434.179886,0.9963084306578504
2434.42094,0.9959955393219375
2434.661994,0.9963974049733522
2434.903048,0.9963196890067263
2435.144102,0.9962420787259124
2435.385156,0.9961869880622297
2435.62621,0.9964401513389285
2435.867264,0.9962495505695222
2436.108318,0.9962441708364744
2436.349372,0.9965479719962957
2436.590426,0.9964562938001338
2436.83148,0.9961844975978726
2437.072534,0.9960513166338897
2437.313588,0.9961813098125808
2437.554642,0.9962139850954144
2437.795696,0.9965293367234598
2438.03675,0.9965302336002664
2438.277804,0.9957900866353486
2438.518858,0.9964797107981868
2438.759912,0.9963657200396671
2439.000966,0.9964099596597492
2439.24202,0.9962160771469797
2439.483074,0.9961566048224406
2439.724128,0.9962751545119811
2439.965182,0.9964436388855614
2440.206236,0.9962381933893818
2440.44729,0.9960202403176037
2440.688344,0.9964367634481733
2440.929398,0.9966658705949475
2441.170452,0.9966221179236066
2441.411506,0.9960508186083559
2441.65256,0.9961616852340802
2441.893614,0.9972636506475065
2442.134668,0.9965737829230205
2442.375722,0.9961657695053624
2442.616776,0.9962324152246168
2442.85783,0.9957218773506088
2443.098884,0.9973561012729418
2443.339938,0.9964035826564138
2443.580992,0.9966548076651833
2443.822046,0.9966072683646789
2444.0631,0.9962104983525684
2444.304154,0.9962362009149874
2444.545208,0.9968050148625265
2444.786262,0.9965937145979951
2445.027316,0.9961701526443911
2445.26837,0.9970822648869888
2445.509424,0.9971327185260583
2445.750478,0.9965403982604888
2445.991532,0.9971377042021151
2446.232586,0.9966911862295679
2446.47364,0.9968223594206823
2446.714694,0.9968504702075782
2446.955748,0.9970068883170335
2447.196802,0.99676205349221
2447.437856,0.9967543784539471
2447.67891,0.9968406014367737
2447.919964,0.9970462708669223
2448.161018,0.9966703556014564
2448.402072,0.9970837605115078
2448.643126,0.9971187587657175
2448.88418,0.9969622234089384
2449.125234,0.9972540769624141
2449.366288,0.9966216196126721
2449.607342,0.9970274268704793
2449.848396,0.9969091864294491
2450.08945,0.9968183721392192
2450.330504,0.9966406552673966
2450.571558,0.9970480655518251
2450.812612,0.9968814727392885
2451.053666,0.9966634785997285
2451.29472,0.996813986148031
2451.535774,0.9968504702075782
2451.776828,0.9965379069126074
2452.017882,0.9968145842366021
2452.258936,0.9969447767226877
2452.49999,0.9967038442880114
2452.741044,0.996389732742872
2452.982098,0.9962198627752655
2453.223152,0.9968991176975134
2453.464206,0.99660587311548
2453.70526,0.9963610371317878
2453.946314,0.9967313536937419
2454.187368,0.9966693589315991
2454.428422,0.9967295595789198
2454.669476,0.9965363124532318
2454.91053,0.996298467623359
2455.151584,0.9962852169418569
2455.392638,0.9964386566798225
2455.633692,0.9962509453198694
2455.874746,0.9965388037971271
2456.1158,0.996398202091595
2456.356854,0.9964764224205669
2456.597908,0.9958816039494666
2456.838962,0.9964521086924886
2457.080016,0.9960014157129549
2457.32107,0.9961676622221226
2457.562124,0.995998228513524
2457.803178,0.9959147673590458
2458.044232,0.9955663577397644
2458.285286,0.9958533213135298
2458.52634,0.9956646249886824
2458.767394,0.9960317942194039
2459.008448,0.9961676622221226
2459.249502,0.9961111811169291
2459.490556,0.9956030948161599
2459.73161,0.9960763178357009
2459.972664,0.9963832562306578
2460.213718,0.9954972678319848
2460.454772,0.9960536075545525
2460.695826,0.9957364149961426
2460.93688,0.9956952919314005
2461.177934,0.9953840862271285
2461.418988,0.996054603608658
2461.660042,0.9960808001892165
2461.901096,0.9960722339311698
2462.14215,0.9957772410260854
2462.383204,0.9960895657388266
2462.624258,0.9958655703847136
2462.865312,0.995953310006338
2463.106366,0.9955686475450205
2463.34742,0.9954634215002695
2463.588474,0.9960658590892721
2463.829528,0.9961494325207062
2464.070582,0.9955738245154478
2464.311636,0.996063468534079
2464.55269,0.9957411945424055
2464.793744,0.9958446574273223
2465.034798,0.9962885046884975
2465.275852,0.9958184670572369
2465.516906,0.9956606423381477
2465.75796,0.9961047064152946
2465.999014,0.9958046252767453
2466.240068,0.9955789019549004
2466.481122,0.995461131937033
2466.722176,0.9960265152648838
2466.96323,0.9964267991303606
2467.204284,0.996150030210545
2467.445338,0.9960912590925276
2467.686392,0.9960114753780547
2467.927446,0.9956606423381477
2468.1685,0.9967338455252409
2468.409554,0.9962242461523052
2468.650608,0.9957863026402091
2468.891662,0.9959311004951619
2469.132716,0.9960797045009389
2469.37377,0.9966215199505152
2469.614824,0.9966922825904757
2469.855878,0.9960166546511928
2470.096932,0.9964611764479359
2470.337986,0.9961907735799769
2470.57904,0.9964697460509025
2470.820094,0.9967806931168903
2471.061148,0.99651897287225
2471.302202,0.9967082297945744
2471.543256,0.9968072078359714
2471.78431,0.9963393166979319
2472.025364,0.9967695292356453
2472.266418,0.9966268020585685
2472.507472,0.9972097998643558
2472.748526,0.9965592330520041
2472.98958,0.9970411859439074
2473.230634,0.9967647447533877
2473.471688,0.9966931796139337
2473.712742,0.9970248346025393
2473.953796,0.9966697575994224
2474.19485,0.99671430973332
2474.435904,0.9968395049127151
2474.676958,0.9964575891941577
2474.918012,0.9965814565706925
2475.159066,0.9968261473528451
2475.40012,0.9968728995954875
2475.641174,0.9969030056116539
2475.882228,0.9970714964566776
2476.123282,0.9969129746915553
2476.364336,0.9971696131191896
2476.60539,0.9968399036485969
2476.846444,0.996765342812414
2477.087498,0.9965311304778802
2477.328552,0.9962530374490512
2477.569606,0.9971684165163718
2477.81066,0.9966290943028493
2478.051714,0.9971705105722453
2478.292768,0.9968997158371635
2478.533822,0.9966905882150355
2478.774876,0.9970031993983713
2479.01593,0.9970916375043299
2479.256984,0.9965240551319714
2479.498038,0.9967017512121361
2479.739092,0.9967764069691252
2479.980146,0.9966808206951319
2480.2212,0.996364424765073
2480.462254,0.9964005934501496
2480.703308,0.9967432148674247
2480.944362,0.9967157051343304
2481.185416,0.9965332231954516
2481.42647,0.9963621331295314
2481.667524,0.9960867766919471
2481.908578,0.9963459921937167
2482.149632,0.996448023247218
2482.390686,0.9966365690490868
2482.63174,0.9966338781339832
2482.872794,0.9961428579561477
2483.113848,0.9960631697150832
2483.354902,0.9964203223772157
2483.595956,0.9963442984069696
2483.83701,0.9963291540887309
2484.078064,0.9961461452330029
2484.319118,0.995753243083753
2484.560172,0.9960884700409068
2484.801226,0.9959853802192479
2485.04228,0.9959596841279192
2485.283334,0.9959199461293009
2485.524388,0.9958405744725969
2485.765442,0.9960470336224366
2486.006496,0.9957100283307702
2486.24755,0.9956124535292371
2486.488604,0.9956834432279265
2486.729658,0.9957294448656332
2486.970712,0.9957448787916412
2487.211766,0.9955802957663388
2487.45282,0.9959383708187322
2487.693874,0.9953865746904547
2487.934928,0.9951707982720707
2488.175982,0.9955387809335956
2488.417036,0.9959188506179627
2488.65809,0.9953312327354225
2488.899144,0.9956942962366063
2489.140198,0.9954667065349807
2489.381252,0.9957537409604991
2489.622306,0.9955525194635682
2489.86336,0.99528445326681
2490.104414,0.9952922165158221
2490.345468,0.9956172324804835
2490.586522,0.995438833857417
2490.827576,0.9955991124117455
2491.06863,0.9949887981774828
2491.309684,0.9957938706448675
2491.550738,0.9951032284688888
2491.791792,0.9951521887521425
2492.032846,0.995567751533641
2492.2739,0.995765988806837
2492.514954,0.9955872648528009
2492.756008,0.9953436744535923
2492.997062,0.9952798749688551
2493.238116,0.9946828861584266
2493.47917,0.9954238028445103
2493.720224,0.9951757741385017
2493.961278,0.9951231307324802
2494.202332,0.9954318658099682
2494.443386,0.9955159833565455
2494.68444,0.9956207171468954
2494.925494,0.9950705896182751
2495.166548,0.9956048869033435
2495.407602,0.995180949065982
2495.648656,0.9951370625538329
2495.88971,0.9951800534035309
2496.130764,0.9951922941934684
2496.371818,0.9956759756301057
2496.612872,0.9951678127641541
2496.853926,0.9950828290617998
2497.09498,0.9950572557617112
2497.336034,0.995154378089366
2497.577088,0.9948481167078347
2497.818142,0.995142635336987
2498.059196,0.9951802524395614
2498.30025,0.995184034131706
2498.541304,0.9952515098966227
2498.782358,0.9950125786939352
2499.023412,0.9951319873677557
2499.264466,0.9948141929654581
2499.50552,0.995019941814261
2499.746574,0.9954068807836998
2499.987628,0.9951169609881958
2500.228682,0.9945540830648494
2500.469736,0.9951371620675441
2500.71079,0.9945107214521177
2500.951844,0.9943755766283712
2501.192898,0.994701785312805
2501.433952,0.9945856109289966
2501.675006,0.9947179990840475
2501.91606,0.9946502610948146
2502.157114,0.9946052044585275
2502.398168,0.994534589995854
2502.639222,0.9945124121217813
2502.880276,0.9942386605383586
2503.12133,0.9947350089072654
2503.362384,0.994471836843108
2503.603438,0.9940890388792598
2503.844492,0.9939862553866379
2504.085546,0.9943248647671266
2504.3266,0.9936159650972457
2504.567654,0.9936392159828633
2504.808708,0.9942921520172034
2505.049762,0.9939405330705114
2505.290816,0.9936887998168472
2505.53187,0.9935377705977865
2505.772924,0.9936356388881246
2506.013978,0.9937764470341766
2506.255032,0.9935598273811231
2506.496086,0.993496539635855
2506.73714,0.9933965989110705
2506.978194,0.9936537232213192
2507.219248,0.9937354049144396
2507.460302,0.9937378892560573
2507.701356,0.9932820668861141
2507.94241,0.992853657417026
2508.183464,0.9931529486102887
2508.424518,0.9930917722729048
2508.665572,0.9931954564661508
2508.906626,0.9930522480069065
2509.14768,0.993149671210966
2509.388734,0.9930173924847194
2509.629788,0.9932343904911461
2509.870842,0.992986212228128
2510.111896,0.9929794599448426
2510.35295,0.9923948664913184
2510.594004,0.9925878068065553
2510.835058,0.992175373023723
2511.076112,0.9929658562194271
2511.317166,0.9927165537941598
2511.55822,0.99270851282264
2511.799274,0.992569841129842
2512.040328,0.9924390290454868
2512.281382,0.9929861129295117
2512.522436,0.9927778062951491
2512.76349,0.992535995075338
2513.004544,0.9928420410971899
2513.245598,0.9926550072757864
2513.486652,0.9929043935352169
2513.727706,0.9931510616214789
2513.96876,0.9928992304457944
2514.209814,0.9925844320137494
2514.450868,0.9932141287162509
2514.691922,0.9927171494242708
2514.932976,0.9930421189256352
2515.17403,0.9928695432026307
2515.415084,0.9928309213286004
2515.656138,0.9929029041797436
2515.897192,0.9927903153743155
2516.138246,0.9929818430984063
2516.3793,0.9934332559218879
2516.620354,0.9931789695584152
2516.861408,0.9927858478279483
2517.102462,0.9932862386795558
2517.343516,0.9938184846669758
2517.58457,0.9933290502390253
2517.825624,0.9936656471375412
2518.066678,0.9935263449791221
2518.307732,0.9935760225382996
2518.548786,0.9933559698210455
2518.78984,0.9939256240743332
2519.030894,0.9937970184195433
2519.271948,0.9939605114760084
2519.513002,0.9941919324194327
2519.754056,0.9938746369976478
2519.99511,0.9939699541457201
2520.236164,0.9938731461868104
2520.477218,0.9942422398039792
2520.718272,0.9942696812684882
2520.959326,0.9945685042036068
2521.20038,0.9944678589637165
2521.441434,0.9946704527000588
2521.682488,0.994686566491914
2521.923542,0.9945262359403851
2522.164596,0.9946231075133347
2522.40565,0.9950381508458084
2522.646704,0.9952838560963172
2522.887758,0.9957030583849666
2523.128812,0.9953017713669638
2523.369866,0.9950925809213087
2523.61092,0.9950185487873177
2523.851974,0.995042031502164
2524.093028,0.9950627285916682
2524.334082,0.9958341015298999
2524.575136,0.9954861183250224
2524.81619,0.99554455507527
2525.057244,0.9954259927792855
2525.298298,0.995718093614664
2525.539352,0.995986077409258
2525.780406,0.9953954336703918
2526.02146,0.996022531166791
2526.262514,0.9957697727247838
2526.503568,0.9961231345228228
2526.744622,0.996031096997392
2526.985676,0.9962704720297587
2527.22673,0.9961601909926731
2527.467784,0.9961498309805589
2527.708838,0.9961776239485534
2527.949892,0.9961638767921984
2528.190946,0.9957924765344245
2528.432,0.9965078119222552
2528.673054,0.9963968071350885
2528.914108,0.9965307318655078
2529.155162,0.9966293932916225
2529.396216,0.9961986435181743
2529.63727,0.9967966417355688
2529.878324,0.9959605804920383
2530.119378,0.996232913340949
2530.360432,0.9963958107387796
2530.601486,0.9962479565715165
2530.84254,0.9963709011548822
2531.083594,0.9968472802911774
2531.324648,0.9966370673674959
2531.565702,0.9965517588857844
2531.806756,0.9964606782174722
2532.04781,0.9971864654280529
2532.288864,0.9966380640050616
2532.529918,0.9965221617380653
2532.770972,0.9965662089910513
2533.012026,0.9972426086064722
2533.25308,0.9967690308510052
2533.494134,0.9969114793232148
2533.735188,0.9968318292780786
2533.976242,0.9966530136881441
2534.217296,0.9967024489036062
2534.45835,0.9965855425630408
2534.699404,0.9969502599340384
2534.940458,0.9966925815982053
2535.181512,0.996396607855747
2535.422566,0.9965430889231965
2535.66362,0.9966284963255722
2535.904674,0.996490771784365
2536.145728,0.99673962659831
2536.386782,0.996274756001999
2536.627836,0.9967986353308459
2536.86889,0.9968544576174339
2537.109944,0.9962973716956474
2537.350998,0.9961107826725363
2537.592052,0.9962387911324772
2537.833106,0.996360240043277
2538.07416,0.996572387720701
2538.315214,0.996160091376659
2538.556268,0.9959822926693549
2538.797322,0.9962325148478633
2539.038376,0.9966879968228749
2539.27943,0.9960229295758831
2539.520484,0.9957548362902165
2539.761538,0.9958857866609869
2540.002592,0.9953707481697383
2540.243646,0.9959254237040679
2540.4847,0.9962648929307368
2540.725754,0.9956736855779953
2540.966808,0.9962474584476627
2541.207862,0.9957256611009319
2541.448916,0.995547442158666
2541.68997,0.9958711472475229
2541.931024,0.9955871652940794
2542.172078,0.9952816664742424
2542.413132,0.995228420329433
2542.654186,0.9948886078501739
2542.89524,0.9951128810170197
2543.136294,0.9952094116481383
2543.377348,0.9949351697265607
2543.618402,0.9949559640889083
2543.859456,0.9949291006405361
2544.10051,0.9948193660127114
2544.341564,0.9947242658271819
2544.582618,0.9951516911761725
2544.823672,0.9951224341465325
2545.064726,0.9947779823878706
2545.30578,0.9947787782105749
2545.546834,0.9945907827876201
2545.787888,0.9947893229215108
2546.028942,0.994364240811412
2546.269996,0.9943521096416743
2546.51105,0.9942805188670789
2546.752104,0.9945356839845046
2546.993158,0.9940600119031204
2547.234212,0.9939667734469559
2547.475266,0.9942395553535558
2547.71632,0.993618747225843
2547.957374,0.9937628323901126
2548.198428,0.993595695538308
2548.439482,0.9936260006691727
2548.680536,0.9938383612354341
2548.92159,0.9937225858103996
2549.162644,0.9935065740015788
2549.403698,0.9938320006902759
2549.644752,0.9931357672128972
2549.885806,0.9935250533957131
2550.12686,0.9935444273231495
2550.367914,0.9933464336495089
2550.608968,0.9934505418109277
2550.850022,0.9934536215123809
2551.091076,0.9934469653954148
2551.33213,0.9936173561605706
2551.573184,0.9931555308113119
2551.814238,0.9931832402371662
2552.055292,0.9936806516020964
2552.296346,0.9929153155436167
2552.5374,0.9926341617395125
2552.778454,0.992825162925956
2553.019508,0.9927692684427278
2553.260562,0.9930231520022984
2553.501616,0.9933752411137909
2553.74267,0.9929579125243522
2553.983724,0.9928920815970712
2554.224778,0.9927480234077058
2554.465832,0.9934287854822947
2554.706886,0.9929538414052567
2554.94794,0.9933734530399663
2555.188994,0.992766786522659
2555.430048,0.9925880053241365
2555.671102,0.9925235884529411
2555.912156,0.9926324742628718
2556.15321,0.9926675148076753
2556.394264,0.9932827621838043
2556.635318,0.9933348115642245
2556.876372,0.9928662667385443
2557.117426,0.9929691330121593
2557.35848,0.9930480771962236
2557.599534,0.9929084644515757
2557.840588,0.992939940148786
2558.081642,0.9926396212424157
2558.322696,0.9933154417242556
2558.56375,0.993139441822034
2558.804804,0.993211645684033
2559.045858,0.9935416454026477
2559.286912,0.9936085130054528
2559.527966,0.9937279519268515
2559.76902,0.9930911764180201
2560.010074,0.993290410490519
2560.251128,0.9936030481736596
2560.492182,0.9934670332268002
2560.733236,0.9936407064428051
2560.97429,0.993494353945872
2561.215344,0.99398744817086
2561.456398,0.9935815865796052
2561.697452,0.9937652174237724
2561.938506,0.9937634286479909
2562.17956,0.993751106057876
2562.420614,0.9943118391967158
2562.661668,0.993954448335381
2562.902722,0.993951864057175
2563.143776,0.9940818814639466
2563.38483,0.994519870992843
2563.625884,0.994597247648719
2563.866938,0.9945252414146465
2564.107992,0.9941974999098432
2564.349046,0.994598242246464
2564.5901,0.9948352832499052
2564.831154,0.9950092951578433
2565.072208,0.9945806380133742
2565.313262,0.9947807677701209
2565.554316,0.9946619980371433
2565.79537,0.9947589823098584
2566.036424,0.9944621905130755
2566.277478,0.9945367779743588
2566.518532,0.994331825065541
2566.759586,0.9949804403066811
2567.00064,0.9943964587347417
2567.241694,0.9946282795669411
2567.482748,0.9947007906115171
2567.723802,0.9948365765366141
2567.964856,0.9953456651429319
2568.20591,0.9951333805535132
2568.446964,0.9951081044866545
2568.688018,0.9953454660738187
2568.929072,0.9950362602751178
2569.170126,0.9954879102016482
2569.41118,0.9952359840941699
2569.652234,0.9954491864751227
2569.893288,0.9953824936138647
2570.134342,0.9950176532710268
2570.375396,0.9953496465335552
2570.61645,0.9953568130768098
2570.857504,0.9957911820050463
2571.098558,0.9949881016855677
2571.339612,0.9955227528882487
2571.580666,0.995448489660936
2571.82172,0.9951447251387154
2572.062774,0.9953343182670266
2572.303828,0.994768432565079
2572.544882,0.9948259318421944
2572.785936,0.9953821949991614
2573.02699,0.9955195672205365
2573.268044,0.9956299764626205
2573.509098,0.9949926786413625
2573.750152,0.9952248375135689
2573.991206,0.9953881673102483
2574.23226,0.9949821317748674
2574.473314,0.9952598700444184
2574.714368,0.9958038286333638
2574.955422,0.9955860701487999
2575.196476,0.9952845527952603
2575.43753,0.9950665098372212
2575.678584,0.9952186671387045
2575.919638,0.9950498923652632
2576.160692,0.9951147717332898
2576.401746,0.9947955901139869
2576.6428,0.9946227096641713
2576.883854,0.9947844484657709
2577.124908,0.9945233518184828
2577.365962,0.9947613697342809
2577.607016,0.9943492260247376
2577.84807,0.9946415082110297
2578.089124,0.9945080362767948
2578.330178,0.9939303949287788
2578.571232,0.9947895218793953
2578.812286,0.995013474205659
2579.05334,0.9940588190318219
2579.294394,0.994358672387255
2579.535448,0.994691639406339
2579.776502,0.9944585110097777
2580.017556,0.9942397542014867
2580.25861,0.9942460179316689
2580.499664,0.9943400780539389
2580.740718,0.9938810972037839
2580.981772,0.9944263905186207
2581.222826,0.9937456404418231
2581.46388,0.9939864541839089
2581.704934,0.9939312894665366
2581.945988,0.9943737867539442
2582.187042,0.9938239506836729
2582.428096,0.9938453181283118
2582.66915,0.9941364580573528
2582.910204,0.993494353945872
2583.151258,0.9934399119470002
2583.392312,0.9934350441033579
2583.633366,0.9938402495301143
2583.87442,0.9936300745441269
2584.115474,0.9937687949849948
2584.356528,0.9938778174015749
2584.597582,0.9933183223432135
2584.838636,0.9932792857002205
2585.07969,0.9936598838935012
2585.320744,0.9935958942574669
2585.561798,0.9930524466173759
2585.802852,0.9928530617050103
2586.043906,0.9934469653954148
2586.28496,0.9931281200969311
2586.526014,0.9932511762941851
2586.767068,0.9929300107990313
2587.008122,0.9932231670059465
2587.249176,0.9928707346467973
2587.49023,0.9933181236795688
2587.731284,0.9927942865435193
2587.972338,0.9924934161944727
2588.213392,0.9925722233003192
2588.454446,0.9928845356459257
2588.6955,0.9928160289764734
2588.936554,0.9926250295472326
2589.177608,0.9921835088951388
2589.418662,0.9922628867509223
2589.659716,0.9926352536376909
2589.90077,0.9923520951943007
2590.141824,0.9919900519735672
2590.382878,0.9925800646518567
2590.623932,0.992450442159946
2590.864986,0.9928395589951897
2591.10604,0.9925077082025682
2591.347094,0.9926538160904923
2591.588148,0.9927102004285463
2591.829202,0.9923381031284028
2592.070256,0.9921777542474757
2592.31131,0.9918966109118144
2592.552364,0.9923544768421871
2592.793418,0.9922709241128563
2593.034472,0.9924355555149638
2593.275526,0.9923675760077357
2593.51658,0.9923426678941761
2593.757634,0.9919898535755766
2593.998688,0.9921209040909299
2594.239742,0.9925033411782596
2594.480796,0.992315974235441
2594.72185,0.9926101402834592
2594.962904,0.9921675348692368
2595.203958,0.9926565955250686
2595.445012,0.9924329751858739
2595.686066,0.9928216880439669
2595.92712,0.9923750187924663
2596.168174,0.9926098425004617
2596.409228,0.9923540799004757
2596.650282,0.9930899847093235
2596.891336,0.9925865164432452
2597.13239,0.9928426368025932
2597.373444,0.9928964503318414
2597.614498,0.9925535631179275
2597.855552,0.9925184273437
2598.096606,0.9931039873768265
2598.33766,0.9929777718811955
2598.578714,0.9937216914604748
2598.819768,0.9935527731313913
2599.060822,0.9930077602627286
2599.301876,0.9934397132590377
2599.54293,0.9927735373597603
2599.783984,0.9932043952654835
2600.025038,0.9936862162293263
2600.266092,0.9943283449102436
2600.507146,0.9932382641128227
2600.7482,0.9935563499278128
2600.989254,0.9936465689402675
2601.230308,0.994103552685178
2601.471362,0.9941338733059221
2601.712416,0.9938690713152646
2601.95347,0.9939549453127294
2602.194524,0.9942382628429739
2602.435578,0.9945453310274274
2602.676632,0.9943778636948276
2602.917686,0.994263119110247
2603.15874,0.9949748684318167
2603.399794,0.9945805385553154
2603.640848,0.994548115758253
2603.881902,0.9949247229621242
2604.122956,0.9950486983061088
2604.36401,0.9950730772978588
2604.605064,0.9950560616937207
2604.846118,0.9952046346544272
2605.087172,0.9954187261960612
2605.328226,0.9956588501506044
2605.56928,0.9949872061966792
2605.810334,0.9956523783891117
2606.051388,0.9953356122024813
2606.292442,0.9955936366316857
2606.533496,0.996024423611398
2606.77455,0.9957919786383107
2607.015604,0.996093251277038
2607.256658,0.9959721337017805
2607.497712,0.9960994270743408
2607.738766,0.9958534208988669
2607.97982,0.9962815306933738
2608.220874,0.9957032575255983
2608.461928,0.9962437723388858
2608.702982,0.9962605093748518
2608.944036,0.9960488265087107
2609.18509,0.9965673052144841
2609.426144,0.9962547310806545
2609.667198,0.9964148420805135
2609.908252,0.997182676126684
2610.149306,0.9964977472441815
2610.39036,0.9969218472565129
2610.631414,0.997086253224025
2610.872468,0.9967216854465021
2611.113522,0.996900214287146
2611.354576,0.9971282314389209
2611.59563,0.9967495940444131
2611.836684,0.9965281408889732
2612.077738,0.9969397920112658
2612.318792,0.9964861879373575
2612.559846,0.9969120774702819
2612.8009,0.9966598906176639
2613.041954,0.9970150638070372
2613.283008,0.9965915220942346
2613.524062,0.9964768210112156
2613.765116,0.9968056129457148
2614.00617,0.9973480227212397
2614.247224,0.9966230148839164
2614.488278,0.9972711301529344
2614.729332,0.9973773451841458
2614.970386,0.9968785817872095
2615.21144,0.9970102781462166
2615.452494,0.9970320132071915
2615.693548,0.9967730179351029
2615.934602,0.9967272671035692
2616.175656,0.996760658026312
2616.41671,0.9966976647433334
2616.657764,0.9971565502828195
2616.898818,0.9969768788613398
2617.139872,0.9971473764847564
2617.380926,0.9969478672562858
2617.62198,0.9970726929431912
2617.863034,0.9973587941380506
2618.104088,0.9974020804490223
2618.345142,0.9970170578391588
2618.586196,0.9972381210248304
2618.82725,0.9970519540468633
2619.068304,0.9968616349953672
2619.309358,0.9967487966450569
2619.550412,0.9971133743389582
2619.791466,0.9971592426091399
2620.03252,0.9969144700621388
2620.273574,0.9970658131653453
2620.514628,0.9972744211530942
2620.755682,0.9966180317812997
2620.996736,0.9969280281911268
2621.23779,0.9970453735256823
2621.478844,0.9965967043836235
2621.719898,0.9968587441008175
2621.960952,0.9967207883973889
2622.202006,0.9967145090762018
2622.44306,0.9970206471070278
2622.684114,0.9967720211625832
2622.925168,0.9964318809199947
2623.166222,0.9963373240212912
2623.407276,0.9970372974908648
2623.64833,0.9967032462658842
2623.889384,0.9967641466947202
2624.130438,0.996179516687837
2624.371492,0.9966877974852955
2624.612546,0.996632682174047
2624.8536,0.9961631794777288
2625.094654,0.9964466282209621
2625.335708,0.9970662119917503
2625.576762,0.996922943871148
2625.817816,0.9964485214713542
2626.05887,0.996770924713963
2626.299924,0.9959029160438297
2626.540978,0.9962922905920085
2626.782032,0.9961162612969072
2627.023086,0.9959486290367813
2627.26414,0.9965860408559366
2627.505194,0.996123831809261
2627.746248,0.9967445106344462
2627.987302,0.9958640765874783
2628.228356,0.9958509312684267
2628.46941,0.9961749342725997
2628.710464,0.9961310039266695
2628.951518,0.9959165600072405
2629.192572,0.9958078118566448
2629.433626,0.9958867825472715
2629.67468,0.996033188664892
2629.915734,0.995927813927953
2630.156788,0.9961467429208694
2630.397842,0.996229127663071
2630.638896,0.9960274116891509
2630.87995,0.9960015153131013
2631.121004,0.9960960403420462
2631.362058,0.9959260212595014
2631.603112,0.9956861315768524
2631.844166,0.995954007173899
2632.08522,0.9954138486562528
2632.326274,0.9958497362480262
2632.567328,0.9956078737224844
2632.808382,0.9956094666963567
2633.049436,0.9958031315709277
2633.29049,0.9960319934257826
2633.531544,0.9959320964267603
2633.772598,0.9958022353485126
2634.013652,0.9958525246311914
2634.254706,0.9958693546810712
2634.49576,0.996277047436573
2634.736814,0.9956240027006831
2634.977868,0.9955883599993945
2635.218922,0.99539742446325
2635.459976,0.9955368894117087
2635.70103,0.9955065259996261
2635.942084,0.9962036245238445
2636.183138,0.9955747205322931
2636.424192,0.9959407610736905
2636.665246,0.9959020197316086
2636.9063,0.9953599982237078
2637.147354,0.9959673530470123
2637.388408,0.9960477308556042
2637.629462,0.9956275869535445
2637.870516,0.9955397764728743
2638.11157,0.9960226307690491
2638.352624,0.9956953915009347
2638.593678,0.996065261449936
2638.834732,0.9961074955123773
2639.075786,0.9960772143047903
2639.31684,0.995875230327597
2639.557894,0.9961095873403143
2639.798948,0.9958591968654584
2640.040002,0.9963353313486358
2640.281056,0.9955802957663388
2640.52211,0.9960056985282504
2640.763164,0.9954579464665075
2641.004218,0.9955318121865196
2641.245272,0.9957534422344215
2641.486326,0.9960032085171167
2641.72738,0.9956744821172624
2641.968434,0.9957403979497685
2642.209488,0.9957749507410649
2642.450542,0.9958133883960054
2642.691596,0.9956194228408044
2642.93265,0.9955210605010073
2643.173704,0.9962437723388858
2643.414758,0.9954721816169231
2643.655812,0.9957271546905437
2643.896866,0.9955734262859977
2644.13792,0.9950037231213922
2644.378974,0.9956309720930948
2644.620028,0.9958345994470752
2644.861082,0.9955714351411363
2645.102136,0.9956767721712049
2645.34319,0.9953731370624005
2645.584244,0.9955122004029963
2645.825298,0.995448489660936
2646.066352,0.995486317422266
2646.307406,0.9955467452757004
2646.54846,0.9950785502148344
2646.789514,0.9950647187191155
2647.030568,0.9951750775157037
2647.271622,0.995413649573503
2647.512676,0.9948695061722799
2647.75373,0.9952269274879222
2647.994784,0.9949390499812891
2648.235838,0.9946585167262425
2648.476892,0.9943941716255168
2648.717946,0.9947087482496724
2648.959,0.9945531879665774
2649.200054,0.9943185011083558
2649.441108,0.9937791302342058
2649.682162,0.994100272148867
2649.923216,0.9936389178911432
2650.16427,0.994092319378501
2650.405324,0.9937381873774688
2650.646378,0.9939863547852684
2650.887432,0.9933018333959213
2651.128486,0.9934392165393053
2651.36954,0.9934141821864827
2651.610594,0.9935025999832309
2651.851648,0.9932940856718369
2652.092702,0.9931896959492088
2652.333756,0.9931457979348012
2652.57481,0.9927352170408051
2652.815864,0.9933289509061253
2653.056918,0.9932478985707116
2653.297972,0.9926761510526217
2653.539026,0.9926687060094078
2653.78008,0.9926061698508388
2654.021134,0.99292951433415
2654.262188,0.9920127688058641
2654.503242,0.9923888129010963
2654.744296,0.9924472663236126
2654.98535,0.9921665427021981
2655.226404,0.9916431145362822
2655.467458,0.99167098009931
2655.708512,0.9918637796773531
2655.949566,0.9916719717707859
2656.19062,0.9916122749149787
2656.431674,0.9911978676012267
2656.672728,0.9911615904231489
2656.913782,0.9908552697198527
2657.154836,0.9906141248957185
2657.39589,0.9908521980732776
2657.636944,0.9911843874018929
2657.877998,0.9911149078116241
2658.119052,0.9906054075297759
2658.360106,0.990869538138469
2658.60116,0.9907283492892287
2658.842214,0.9902450908280986
2659.083268,0.9908317867282349
2659.324322,0.9906420606079323
2659.565376,0.9909258211266571
2659.80643,0.9907691681380819
2660.047484,0.9903108452851535
2660.288538,0.9906661335024896
2660.529592,0.9905569681097012
2660.770646,0.9907650069163143
2661.0117,0.9907270613432119
2661.252754,0.9904526679524589
2661.493808,0.9909883505187517
2661.734862,0.9902936140263578
2661.975916,0.990129139917021
2662.21697,0.9904341466607428
2662.458024,0.9906443390872919
2662.699078,0.9903862108081014
2662.940132,0.9902580631237569
2663.181186,0.9899953825057348
2663.42224,0.9907408325450742
2663.663294,0.9908968865151275
2663.904348,0.9910684256124639
2664.145402,0.9909874586296376
2664.386456,0.9908094932638359
2664.62751,0.9910435501071698
2664.868564,0.9907209188544732
2665.109618,0.9911281888403715
2665.350672,0.9906274982766747
2665.591726,0.9909893415075978
2665.83278,0.9907451918143277
2666.073834,0.9910751649006716
2666.314888,0.9907602512556948
2666.555942,0.9913830406575196
2666.796996,0.9915064755297428
2667.03805,0.9912576386347216
2667.279104,0.991501022259124
2667.520158,0.9915934344607402
2667.761212,0.9918996857960742
2668.002266,0.9910550462790287
2668.24332,0.991782152647284
2668.484374,0.9917483334524992
2668.725428,0.9913413043100642
2668.966482,0.9916575926314443
2669.207536,0.9919987815244344
2669.44859,0.9919746762469237
2669.689644,0.9924283107618519
2669.930698,0.9922628867509223
2670.171752,0.9920123720008359
2670.412806,0.9918676479536369
2670.65386,0.9930336781034979
2670.894914,0.9922349053320558
2671.135968,0.9926734708306322
2671.377022,0.9928697417765592
2671.618076,0.9929447062719373
2671.85913,0.9932670684401427
2672.100184,0.9933508043834326
2672.341238,0.993644979107029
2672.582292,0.9926611617559103
2672.823346,0.9935349886959235
2673.0644,0.993756770455324
2673.305454,0.9933369969032139
2673.546508,0.9935446260320548
2673.787562,0.99363275734895
2674.028616,0.9937548823192539
2674.26967,0.9934181558511588
2674.510724,0.9943522090768903
2674.751778,0.9940371487857735
2674.992832,0.9939004780741423
2675.233886,0.993924630149206
2675.47494,0.9941796045159038
2675.715994,0.9942514862998055
2675.957048,0.9943821395288345
2676.198102,0.9945064450652098
2676.439156,0.9938270315426954
2676.68021,0.9940467909928814
2676.921264,0.994521860034574
2677.162318,0.9942729623638503
2677.403372,0.994523451270823
2677.644426,0.994000767691906
2677.88548,0.9947905166694145
2678.126534,0.9941713528594308
2678.367588,0.9941375516080581
2678.608642,0.9947667414601811
2678.849696,0.9939421233766366
2679.09075,0.9946503605598457
2679.331804,0.9942702778304761
2679.572858,0.9951087015516963
2679.813912,0.9948663225949539
2680.054966,0.9944368320505391
2680.29602,0.9950049171265763
2680.537074,0.9945871028085318
2680.778128,0.9945269321089939
2681.019182,0.9942450236861481
2681.260236,0.9941475924480355
2681.50129,0.9944364342758859
2681.742344,0.9946322580880165
2681.983398,0.9942614288643813
2682.224452,0.9945252414146465
2682.465506,0.9939564362462656
2682.70656,0.9945487124873014
2682.947614,0.9941821893862359
2683.188668,0.9943969559330954
2683.429722,0.9938374667813115
2683.670776,0.9944489642538964
2683.91183,0.9939932133147783
2684.152884,0.9939374518596348
2684.393938,0.9939395391304753
2684.634992,0.9939037579511317
2684.876046,0.993978005334956
2685.1171,0.9936192440353407
2685.358154,0.9936248083186874
2685.599208,0.9932706442080255
2685.840262,0.993593708348904
2686.081316,0.9933635193551044
2686.32237,0.9929036985023846
2686.563424,0.993015704356587
2686.804478,0.9928184117378023
2687.045532,0.9932738226791724
2687.286586,0.9927644038852306
2687.52764,0.9929370606271348
2687.768694,0.9925026464261639
2688.009748,0.993101405309816
2688.250802,0.9924068745418515
2688.491856,0.9925390719416919
2688.73291,0.9926383308117468
2688.973964,0.9922378820412369
2689.215018,0.9920229865900043
2689.456072,0.9919193256042864
2689.697126,0.9918458271054121
2689.93818,0.9922827322071113
2690.179234,0.9914626519120335
2690.420288,0.9923085318935431
2690.661342,0.9920801287597105
2690.902396,0.9916948796579189
2691.14345,0.9919073234530598
2691.384504,0.9918190476296049
2691.625558,0.9920104871791197
2691.866612,0.9913613296066661
2692.107666,0.9912636853247597
2692.34872,0.9908264362510328
2692.589774,0.9911106460266834
2692.830828,0.9910297746975627
2693.071882,0.9911576257847166
2693.312936,0.9908674573146238
2693.55399,0.9907180457679745
2693.795044,0.9910732818596472
2694.036098,0.9903798723566353
2694.277152,0.9905691520353399
2694.518206,0.9906774271607852
2694.75926,0.9902146907704534
2695.000314,0.9901039909562602
2695.241368,0.9904304820611797
2695.482422,0.9904941687886826
2695.723476,0.9905307186978525
2695.96453,0.9899874625743545
2696.205584,0.9898666914711075
2696.446638,0.9901604284921992
2696.687692,0.9900102325478474
2696.928746,0.9899488538161898
2697.1698,0.9896519137032889
2697.410854,0.9896618102719087
2697.651908,0.9899458839740831
2697.892962,0.9898261077687288
2698.134016,0.9900132025830001
2698.37507,0.9892264548606032
2698.616124,0.9887794255392437
2698.857178,0.9890029149427669
2699.098232,0.9888654530914099
2699.339286,0.9890276403247065
2699.58034,0.988645949326643
2699.821394,0.9891690813900681
2700.062448,0.98845713598257
2700.303502,0.9883602719296598
2700.544556,0.9879778505077411
2700.78561,0.9882278405263234
2701.026664,0.9882604525831568
2701.267718,0.988008478295835
2701.508772,0.9875353355614628
2701.749826,0.9873013174191799
2701.99088,0.9873013174191799
2702.231934,0.9876963169407853
2702.472988,0.9867298354163994
2702.714042,0.9868808166309865
2702.955096,0.9868916723796759
2703.19615,0.9865561862469413
2703.437204,0.9862632225668859
2703.678258,0.986087683336724
2703.919312,0.9855129617649553
2704.160366,0.9853050404664913
2704.40142,0.9854183570617243
2704.642474,0.9851808998524154
2704.883528,0.9851493745680274
2705.124582,0.9846972947653524
2705.365636,0.9847741041498712
2705.60669,0.9840535132740699
2705.847744,0.9837770330841258
2706.088798,0.9837406340072887
2706.329852,0.9837091548106703
2706.570906,0.9834730929420731
2706.81196,0.982897929434431
2707.053014,0.9825824698330573
2707.294068,0.9826316001847974
2707.535122,0.9822258571256302
2707.776176,0.9817525383414862
2708.01723,0.981863482646554
2708.258284,0.9811577765342804
2708.499338,0.9813942640540266
2708.740392,0.9809978608501876
2708.981446,0.9806339781482272
2709.2225,0.9804153211522613
2709.463554,0.9798027530240215
2709.704608,0.9797704200666685
2709.945662,0.9795656694460597
2710.186716,0.9788909811566178
2710.42777,0.9789037068220895
2710.668824,0.9790427210182325
2710.909878,0.9779732119173572
2711.150932,0.9777316823641414
2711.391986,0.9777844813005475
2711.63304,0.9772722564469781
2711.874094,0.9772536884505021
2712.115148,0.9771266537284394
2712.356202,0.9768120695967022
2712.597256,0.9765532486935433
2712.83831,0.9764692687253461
2713.079364,0.9762329917529813
2713.320418,0.976214443502347
2713.561472,0.9759626126634985
2713.802526,0.9759538290395109
2714.04358,0.9750163879224062
2714.284634,0.975220187643811
2714.525688,0.975356728027685
2714.766742,0.975181179616471
2715.007796,0.9756649894564824
2715.24885,0.9752650488042415
2715.489904,0.9751568003917221
2715.730958,0.9750768408124776
2715.972012,0.9748019079107296
2716.213066,0.975027113161662
2716.45412,0.9744403234809539
2716.695174,0.9745426450867096
2716.936228,0.9738908940921626
2717.177282,0.9734021235549974
2717.418336,0.9741860277435627
2717.65939,0.9738928418758985
2717.900444,0.9740087420200035
2718.141498,0.9740652361653551
2718.382552,0.9740028979850835
2718.623606,0.9730323010187786
2718.86466,0.9732240072645245
2719.105714,0.9735189388185996
2719.346768,0.9737740341966055
2719.587822,0.9735033626401883
2719.828876,0.9732522311699798
2720.06993,0.9734692906187598
2720.310984,0.9732648835312252
2720.552038,0.972518675572891
2720.793092,0.9722007139555363
2721.034146,0.9721005824388605
2721.2752,0.9721044708489671
2721.516254,0.9718818844122624
2721.757308,0.9715009813754456
2721.998362,0.9720762802280785
2722.239416,0.9715252692035766
2722.48047,0.9713795513423089
2722.721524,0.971114400919472
2722.962578,0.9709522383554694
2723.203632,0.9705988760565479
2723.444686,0.9707124427685697
2723.68574,0.9702175056424527
2723.926794,0.9707192377794516
2724.167848,0.9703203541489253
2724.408902,0.9698731395565464
2724.649956,0.9704824111794536
2724.89101,0.9694018957322467
2725.132064,0.9693175614359131
2725.373118,0.9697713082231315
2725.614172,0.9694532753942695
2725.855226,0.9691615138706879
2726.09628,0.9694086815692672
2726.337334,0.9699604320672105
2726.578388,0.9693602123469294
2726.819442,0.9692274190943834
2727.060496,0.9687235518532908
2727.30155,0.9687962088442829
2727.542604,0.9683777792693578
2727.783658,0.968954135496997
2728.024712,0.9680059935895373
2728.265766,0.967775635576754
2728.50682,0.9676517682230799
2728.747874,0.967623706728695
2728.988928,0.9668721551241763
2729.229982,0.9667068341209987
2729.471036,0.9664274962122098
2729.71209,0.9661617651904416
2729.953144,0.9661240856163557
2730.194198,0.9660245799601664
2730.435252,0.9651574792738398
2730.676306,0.9652742703945523
2730.91736,0.9651458974535796
2731.158414,0.9642815140310629
2731.399468,0.9641098871968067
2731.640522,0.9634516249659925
2731.881576,0.9634198315869622
2732.12263,0.9632290933440172
2732.363684,0.9632377624448681
2732.604738,0.9628352131988199
2732.845792,0.9622374781473662
2733.086846,0.9618036068900444
2733.3279,0.9620315813587847
2733.568954,0.9622653834388573
2733.810008,0.9618151486025772
2734.051062,0.9618690117590533
2734.292116,0.9621556914377081
2734.53317,0.9618863255570886
2734.774224,0.9623471794727317
2735.015278,0.9620537083396153
2735.256332,0.9616631938138425
2735.497386,0.9617545561568973
2735.73844,0.9616901207602447
2735.979494,0.961650692273583
2736.220548,0.9610767581466788
2736.461602,0.9616381908958426
2736.702656,0.9607404401404118
2736.94371,0.9607164219296372
2737.184764,0.9612055510612031
2737.425818,0.9613651244269021
2737.666872,0.9609431777613483
2737.907926,0.9607250684163438
2738.14898,0.9608663053820636
2738.390034,0.9606645446435523
2738.631088,0.9604858776547938
2738.872142,0.960169929777321
2739.113196,0.9600441557548985
2739.35425,0.9599462362449914
2739.595304,0.9604580239682221
2739.836358,0.9595345076317444
2740.077412,0.9601680094393819
2740.318466,0.9598128129912843
2740.55952,0.959601677398193
2740.800574,0.9594001822036754
2741.041628,0.9585438202634825
2741.282682,0.9581681447231558
2741.523736,0.9581192793938514
2741.76479,0.9571137821289321
2742.005844,0.9566200388140839
2742.246898,0.9560710964733283
2742.487952,0.9562240800871268
2742.729006,0.9558464461631024
2742.97006,0.9554985813719319
2743.211114,0.9552396763395965
2743.452168,0.9555234246580089
2743.693222,0.9552215269581658
2743.934276,0.9556094256362141
2744.17533,0.9562470297404436
2744.416384,0.9566525644483362
2744.657438,0.9563541354055799
2744.898492,0.9573080959488897
2745.139546,0.9577983631917195
2745.3806,0.9583099641029501
2745.621654,0.958438386242231
2745.862708,0.9582850483677894
2746.103762,0.9587470530952974
2746.344816,0.9588937526166482
2746.58587,0.9592323018617481
2746.826924,0.9586109206793881
2747.067978,0.9594481534120558
2747.309032,0.9595661727929686
2747.550086,0.9604829962014829
2747.79114,0.9600633568300238
2748.032194,0.9597830592552669
2748.273248,0.9601843324342874
2748.514302,0.9597321921011178
2748.755356,0.9605214162897276
2748.99641,0.960478193798508
2749.237464,0.9604186459964934
2749.478518,0.9611123186445955
2749.719572,0.9609623968170935
2749.960626,0.9611546085169862
2750.20168,0.9610661863604841
2750.442734,0.9612632251244714
2750.683788,0.9613237866153211
2750.924842,0.9617074313382131
2751.165896,0.9611440358744421
2751.40695,0.9620488980830993
2751.648004,0.9620893049853578
2751.889058,0.9619353830106465
2752.130112,0.9625743202086399
2752.371166,0.9629026140227451
2752.61222,0.9629430567818261
2752.853274,0.9636202437540752
2753.094328,0.9637532325237272
2753.335382,0.9641021743485606
2753.576436,0.9641474882156225
2753.81749,0.9648477134430686
2754.058544,0.9648226277286348
2754.299598,0.9657473706871513
2754.540652,0.9660245799601664
2754.781706,0.9664014030220717
2755.02276,0.9672599486057777
2755.263814,0.9672260951000163
2755.504868,0.9673479732661622
2755.745922,0.9675859701400009
2755.986976,0.9686954592776313
2756.22803,0.9691479457044712
2756.469084,0.9696791843248047
2756.710138,0.9697635500836983
2756.951192,0.9708250519431367
2757.192246,0.9708444686383418
2757.4333,0.971950890475742
2757.674354,0.9717788703923542
2757.915408,0.9718138550614086
2758.156462,0.9729223545808542
2758.397516,0.9730060295013182
2758.63857,0.9736377153743582
2758.879624,0.9745582378937732
2759.120678,0.9753186898570411
2759.361732,0.9757606093107455
2759.602786,0.9762261581459567
2759.84384,0.9765063752625774
2760.084894,0.9772790973767165
2760.325948,0.9771628080834788
2760.567002,0.9781512192401012
2760.808056,0.9786365025851649
2761.04911,0.9789790853095494
2761.290164,0.9793834871750192
2761.531218,0.9798370467205135
2761.772272,0.9801369227355003
2762.013326,0.9801496645983179
2762.25438,0.9810822302940547
2762.495434,0.9810537793219173
2762.736488,0.9813147743380152
2762.977542,0.9816141209922324
2763.218596,0.9816013600916056
2763.45965,0.982509761420534
2763.700704,0.9823289962553379
2763.941758,0.981858573341414
2764.182812,0.9826551836262021
2764.423866,0.982964768766144
2764.66492,0.9830787992929636
2764.905974,0.9826070347018627
2765.147028,0.9830679854856474
2765.388082,0.9830896132192323
2765.629136,0.982982462291223
2765.87019,0.9827298682581378
2766.111244,0.9829205363467864
2766.352298,0.9830050711478566
2766.593352,0.9830345617423477
2766.834406,0.9825136914674398
2767.07546,0.9829136559271135
2767.316514,0.9833796674360255
2767.557568,0.9829283997425308
2767.798622,0.9831112414286325
2768.039676,0.9828448543792808
2768.28073,0.9830768331373312
2768.521784,0.9829863942289361
2768.762838,0.98310534277888
2769.003892,0.9831466340703877
2769.244946,0.9824802865698165
2769.486,0.9824871639558932
2769.727054,0.9828360088153966
2769.968108,0.9827151274206705
2770.209162,0.9825294118122657
2770.450216,0.9823348902469974
2770.69127,0.9822592533725054
2770.932324,0.9820588929222782
2771.173378,0.9822739873718107
2771.414432,0.9826630448991162
2771.655486,0.9819223962229023
2771.89654,0.9816867631249117
2772.137594,0.9811587576925475
2772.378648,0.9810086518860075
2772.619702,0.9807340079154296
2772.860756,0.9813736549908774
2773.10181,0.9811018521348784
2773.342864,0.981275522532083
2773.583918,0.9810763438183324
2773.824972,0.9808654350779136
2774.066026,0.9810429877896983
2774.30708,0.9805829865071576
2774.548134,0.981275522532083
2774.789188,0.9809340980615454
2775.030242,0.9810773248951667
2775.271296,0.981354027714051
2775.51235,0.9807438153045457
2775.753404,0.9812048732378659
2775.994458,0.9809154604907397
2776.235512,0.9806437845370405
2776.476566,0.9814305763135692
2776.71762,0.981364822667728
2776.958674,0.9812333285917904
2777.199728,0.9811067576564029
2777.440782,0.9808840716982273
2777.681836,0.980963526525912
2777.92289,0.9813137930237315
2778.163944,0.980964507489929
2778.404998,0.9815689677811986
2778.646052,0.9813471582599002
2778.887106,0.980816393032221
2779.12816,0.9804143407374303
2779.369214,0.9809870699330684
2779.610268,0.9804996404955602
2779.851322,0.9810655520379054
2780.092376,0.9803996346326153
2780.33343,0.9805761224502763
2780.574484,0.9801516248996074
2780.815538,0.9806702622766709
2781.056592,0.9806977214284409
2781.297646,0.981001784849479
2781.5387,0.9810675141709716
2781.779754,0.9807810842776332
2782.020808,0.9807683342064133
2782.261862,0.980911536836745
2782.502916,0.9807604880911241
2782.74397,0.9812500097001654
2782.985024,0.9808369903927462
2783.226078,0.9806575136461275
2783.467132,0.9807683342064133
2783.708186,0.9808850525827895
2783.94924,0.9815336319344076
2784.190294,0.9814305763135692
2784.431348,0.9808928996945986
2784.672402,0.9813098677764099
2784.913456,0.9813314568309797
2785.15451,0.9815748572126737
2785.395564,0.9810361205128193
2785.636618,0.9817927910207325
2785.877672,0.9815179275219322
2786.118726,0.9807036056324221
2786.35978,0.9811528707576621
2786.600834,0.9806369200545744
2786.841888,0.9807487190358815
2787.082942,0.9811165687730349
2787.323996,0.980609462605219
2787.56505,0.9810027658517543
2787.806104,0.9806241718574772
2788.047158,0.9808801481697876
2788.288212,0.9803447337903138
2788.529266,0.9804427731655799
2788.77032,0.9801643669535542
2789.011374,0.9803153238894509
2789.252428,0.9801614264648641
2789.493482,0.9804633626800056
2789.734536,0.9805055235110521
2789.97559,0.9799957931801984
2790.216644,0.9794451902783385
2790.457698,0.9792346321982334
2790.698752,0.979560771629957
2790.939806,0.9790603439458168
2791.18086,0.9785905077504305
2791.421914,0.9786991373256207
2791.662968,0.9785944221202902
2791.904022,0.978396766010961
2792.145076,0.9781815423979042
2792.38613,0.977596764701508
2792.627184,0.9778959550853008
2792.868238,0.9777453707035126
2793.109292,0.9774608881948506
2793.350346,0.976963487202051
2793.5914,0.9769556715254161
2793.832454,0.9765171168917841
2794.073508,0.9762886386194318
2794.314562,0.9759069843799978
2794.555616,0.9754932875285509
2794.79667,0.9751616761879136
2795.037724,0.9755245038132098
2795.278778,0.9749783630247676
2795.519832,0.9745007406539227
2795.760886,0.9744013466475565
2796.00194,0.9740808213338148
2796.242994,0.9738665471241486
2796.484048,0.9732055161840524
2796.725102,0.9728221487390218
2796.966156,0.9722872436695935
2797.20721,0.9718848000622892
2797.448264,0.9715689888243749
2797.689318,0.9711493616671948
2797.930372,0.9700108713210872
2798.171426,0.9695560428880423
2798.41248,0.9696084003279963
2798.653534,0.9687061149862897
2798.894588,0.9683322665832886
2799.135642,0.9678937114067735
2799.376696,0.9666024354205449
2799.61775,0.9665947026319928
2799.858804,0.9659917356828036
2800.099858,0.965220216548932
2800.340912,0.9646769505107545
2800.581966,0.9642284800062402
2800.82302,0.9633167511798826
2801.064074,0.9627764820421333
2801.305128,0.9619709752782708
2801.546182,0.9614862640642168
2801.787236,0.9610902133154788
2802.02829,0.959736990774075
2802.269344,0.9595287504419703
2802.510398,0.9574852143295852
2802.751452,0.9577792074160141
2802.992506,0.9565922972352131
2803.23356,0.9562317299103668
2803.474614,0.9546352009611148
2803.715668,0.954132240751864
2803.956722,0.9537001167302839
2804.197776,0.9525239766139384
2804.43883,0.951321698230094
2804.679884,0.9500230799485285
2804.920938,0.9493089311460114
2805.161992,0.9488277535067592
2805.403046,0.9475846553507979
2805.6441,0.9461643438676924
2805.885154,0.9453434295455725
2806.126208,0.9441133933276455
2806.367262,0.9431273101498142
2806.608316,0.941770184188402
2806.84937,0.940086863508196
2807.090424,0.938741622542066
2807.331478,0.93738612048359
2807.572532,0.935850067154008
2807.813586,0.9341072674227949
2808.05464,0.9326922336719742
2808.295694,0.9318000741707617
2808.536748,0.9302834075103232
2808.777802,0.9285927601020422
2809.018856,0.9275598113026875
2809.25991,0.9254557130790655
2809.500964,0.9243190266445801
2809.742018,0.9224048979821744
2809.983072,0.9211991810863651
2810.224126,0.919241872763522
2810.46518,0.9175878080830134
2810.706234,0.9157608767233256
2810.947288,0.9145519552735931
2811.188342,0.9123414153739267
2811.429396,0.9105076298530472
2811.67045,0.9084349456853206
2811.911504,0.9071640266122957
2812.152558,0.9051089099831262
2812.393612,0.9032914682149243
2812.634666,0.9010180394383795
2812.87572,0.8991638527451328
2813.116774,0.89720581058755
2813.357828,0.8957176844284102
2813.598882,0.8936599011121779
2813.839936,0.8913304899741585
2814.08099,0.8888826983827862
2814.322044,0.8868583544594917
2814.563098,0.8842901908686204
2814.804152,0.8818176415186768
2815.045206,0.8795190983779371
2815.28626,0.8767617397276487
2815.527314,0.8740042855179564
2815.768368,0.8711335363903564
2816.009422,0.8683243144036846
2816.250476,0.8652731859534473
2816.49153,0.8614743475086214
2816.732584,0.85784658572322
2816.973638,0.853875397846177
2817.214692,0.8501436022020912
2817.455746,0.8460388486839698
2817.6968,0.8421307430605512
2817.937854,0.8379054609161661
2818.178908,0.8336430215247751
2818.419962,0.8294354419895121
2818.661016,0.8250758149175147
2818.90207,0.8214534563647635
2819.143124,0.8176098599333861
2819.384178,0.8135401491055144
2819.625232,0.8103249005089636
2819.866286,0.8065172442970616
2820.10734,0.802566950534919
2820.348394,0.799706894758663
2820.589448,0.7956228595094439
2820.830502,0.7926131558629527
2821.071556,0.7895200893092326
2821.31261,0.7859516519176473
2821.553664,0.7822663464056183
2821.794718,0.7791435308149302
2822.035772,0.7763358935031529
2822.276826,0.773113044360174
2822.51788,0.770034469154979
2822.758934,0.7670065023581758
2822.999988,0.7641050494405797
2823.241042,0.7611003985948653
2823.482096,0.7591165166466751
2823.72315,0.7572059513480729
2823.964204,0.7547263845402299
2824.205258,0.7528268684466902
2824.446312,0.7514203976627352
2824.687366,0.7489298185914328
2824.92842,0.7475754816644464
2825.169474,0.7455075629698722
2825.410528,0.7436238127843511
2825.651582,0.7417003191087983
2825.892636,0.740299829385362
2826.13369,0.7386286409252245
2826.374744,0.737374038949481
2826.615798,0.7356211754717297
2826.856852,0.734709570526018
2827.097906,0.7331169793443547
2827.33896,0.7322157997987978
2827.580014,0.7315205250967629
2827.821068,0.7297669809312305
2828.062122,0.7294970170946755
2828.303176,0.7286512911707156
2828.54423,0.7279011667212185
2828.785284,0.7274572824079982
2829.026338,0.7281050075842895
2829.267392,0.7286804378052912
2829.508446,0.7285274309796311
2829.7495,0.7301173531646863
2829.990554,0.7306359205550726
2830.231608,0.7317107451608248
2830.472662,0.7331682993290873
2830.713716,0.7341881118706728
2830.95477,0.7364160755099955
2831.195824,0.7377870840531275
2831.436878,0.7399075744325323
2831.677932,0.7417819106313517
2831.918986,0.74376511473204
2832.16004,0.7459624613131729
2832.401094,0.7486976863300289
2832.642148,0.7501890781685333
2832.883202,0.752480647724076
2833.124256,0.754771669481837
2833.36531,0.7572892485839852
2833.606364,0.7594581959512439
2833.847418,0.7620752308646223
2834.088472,0.7644336852634773
2834.329526,0.7667841027219978
2834.57058,0.768757272302856
2834.811634,0.7717767150515745
2835.052688,0.7740490773295925
2835.293742,0.7768173709997255
2835.534796,0.7795409953604899
2835.77585,0.7827201924891749
2836.016904,0.7853388486534936
2836.257958,0.7886047769894164
2836.499012,0.7919397209308617
2836.740066,0.7948753254175717
2836.98112,0.7977819216665735
2837.222174,0.8010835742225896
2837.463228,0.8043828029835075
2837.704282,0.8078087047808123
2837.945336,0.8106896287718969
2838.18639,0.8143948148830861
2838.427444,0.8176180360728661
2838.668498,0.820640619863419
2838.909552,0.8236002502331928
2839.150606,0.8272238032110485
2839.39166,0.8300992558332378
2839.632714,0.8332429688947555
2839.873768,0.8363149520023716
2840.114822,0.8385341257316904
2840.355876,0.8415835359391426
2840.59693,0.8438588818208461
2840.837984,0.8465042980375851
2841.079038,0.8484450141519331
2841.320092,0.8508239892023656
2841.561146,0.8533205591796785
2841.8022,0.8540632710990033
2842.043254,0.8562096625038015
2842.284308,0.8583614481179265
2842.525362,0.8594350708024572
2842.766416,0.8606907624376697
2843.00747,0.8616208105967077
2843.248524,0.8624483637368316
2843.489578,0.8634752881885416
2843.730632,0.8641749865115391
2843.971686,0.8643219087472823
2844.21274,0.8646504134845533
2844.453794,0.8653770249659778
2844.694848,0.8652991445384027
2844.935902,0.865619364458914
2845.176956,0.8660003207835213
2845.41801,0.8657232450153578
2845.659064,0.8657578746377462
2845.900118,0.8651520561866953
2846.141172,0.8646071820446741
2846.382226,0.8644342778992561
2846.62328,0.8635443689747913
2846.864334,0.8632421813315725
2847.105388,0.862698510031775
2847.346442,0.8619827673427541
2847.587496,0.8611814960180431
2847.82855,0.8604756166414055
2848.069604,0.8591257298616785
2848.310658,0.8577179183856531
2848.551712,0.8568349237500174
2848.792766,0.8553538808034631
2849.03382,0.8536363462035719
2849.274874,0.8524591405045658
2849.515928,0.8502541280544021
2849.756982,0.848835388637691
2849.998036,0.84576815956496
2850.23909,0.8445089033860343
2850.480144,0.8417518694791234
2850.721198,0.839196829424511
2850.962252,0.8363651324048887
2851.203306,0.833301297944071
2851.44436,0.8304479707456932
2851.685414,0.8279024049183572
2851.926468,0.8240039132451684
2852.167522,0.8211659979631907
2852.408576,0.8180514884867279
2852.64963,0.8146636095206733
2852.890684,0.8118416257690471
2853.131738,0.8095068855265537
2853.372792,0.8064849842524949
2853.613846,0.8043828029835075
2853.8549,0.8026953715204094
2854.095954,0.8006110743149774
2854.337008,0.798117060447891
2854.578062,0.7963949881049955
2854.819116,0.7947322607352041
2855.06017,0.7927399841138802
2855.301224,0.7900097435417311
2855.542278,0.7876984027609499
2855.783332,0.7854409493402194
2856.024386,0.782931555473866
2856.26544,0.7799620611755227
2856.506494,0.7774390735443857
2856.747548,0.774118744881545
2856.988602,0.7717767150515745
2857.229656,0.7687649599140169
2857.47071,0.7658109050228857
2857.711764,0.7626622547675869
2857.952818,0.759518955037251
2858.193872,0.7564869472753019
2858.434926,0.752939800946683
2858.67598,0.7501290654428209
2858.917034,0.7466266634298406
2859.158088,0.7428211325918683
2859.399142,0.7393898203654946
2859.640196,0.7361362905638082
2859.88125,0.732772495324149
2860.122304,0.7290959040514716
2860.363358,0.7253652194513545
2860.604412,0.7213361665081988
2860.845466,0.7178030867394596
2861.08652,0.7136946993734348
2861.327574,0.7095104881775771
2861.568628,0.7060282698571396
2861.809682,0.7017696940059893
2862.050736,0.6970835531580486
2862.29179,0.6928235013758555
2862.532844,0.6888511975609307
2862.773898,0.6839092811865003
2863.014952,0.6796141964379666
2863.256006,0.6743270826176706
2863.49706,0.669368867067166
2863.738114,0.6642079505478139
2863.979168,0.6592450251526283
2864.220222,0.6530379728618707
2864.461276,0.6478669032148147
2864.70233,0.6423705250191886
2864.943384,0.6361442074947512
2865.184438,0.6304635099713675
2865.425492,0.6237909392513059
2865.666546,0.6182576493952843
2865.9076,0.6110661869888573
2866.148654,0.6048589431219273
2866.389708,0.5982180257043392
2866.630762,0.5910113837010726
2866.871816,0.5842770546516676
2867.11287,0.5771748646892727
2867.353924,0.5697258492972691
2867.594978,0.5626486011335056
2867.836032,0.5553815077702412
2868.077086,0.5478684914168837
2868.31814,0.540716590333188
2868.559194,0.5334552989690307
2868.800248,0.5262599430538252
2869.041302,0.5186997912880167
2869.282356,0.5110080170286676
2869.52341,0.503752602238798
2869.764464,0.4972014515007416
2870.005518,0.4897305191890841
2870.246572,0.4828592865353448
2870.487626,0.47584647894371906
2870.72868,0.4692873554364495
2870.969734,0.46264743243245043
2871.210788,0.45634325520562913
2871.451842,0.4503050666575815
2871.692896,0.4444178746681527
2871.93395,0.43874802747308855
2872.175004,0.4331895010293444
2872.416058,0.4277698336060576
2872.657112,0.4229294071640067
2872.898166,0.41799742782709914
2873.13922,0.41306512946158397
2873.380274,0.40882012984546584
2873.621328,0.40462684781966346
2873.862382,0.40061276161688225
2874.103436,0.3971624055326229
2874.34449,0.3939859619056684
2874.585544,0.3906864339286078
2874.826598,0.3880348980405693
2875.067652,0.38528575470130955
2875.308706,0.3829350065091562
2875.54976,0.38051487848027576
2875.790814,0.37728289059202097
2876.031868,0.3739624079956606
2876.272922,0.36983807657891504
2876.513976,0.3657153428363044
2876.75503,0.3605588824819756
2876.996084,0.35476488666601114
2877.237138,0.34777484699172845
2877.478192,0.34112714907845315
2877.719246,0.33317080252664966
2877.9603,0.3265409228961203
2878.201354,0.3194035272179471
2878.442408,0.312609647295824
2878.683462,0.30706371874983834
2878.924516,0.3030977252182971
2879.16557,0.30032201399590064
2879.406624,0.2992427984989624
2879.647678,0.30008185246212604
2879.888732,0.302250238622611
2880.129786,0.3057767556454435
2880.37084,0.30987075121735264
2880.611894,0.31464822821373145
2880.852948,0.3197230905001759
2881.094002,0.32494478610267563
2881.335056,0.3301857183320765
2881.57611,0.3352764042637663
2881.817164,0.3398673107650079
2882.058218,0.344073493683046
2882.299272,0.3480183746093447
2882.540326,0.3513403033459978
2882.78138,0.3544811882511749
2883.022434,0.3570426630502986
2883.263488,0.3593709992551132
2883.504542,0.36128072184569016
2883.745596,0.3630916490000412
2883.98665,0.36494814645449375
2884.227704,0.3658982462297604
2884.468758,0.3677323188214054
2884.709812,0.36904008847091896
2884.950866,0.37028955437780037
2885.19192,0.37166216348993775
2885.432974,0.3726968218131547
2885.674028,0.37423924259374586
2885.915082,0.3757880467447473
2886.156136,0.37713955032997065
2886.39719,0.37923090932127235
2886.638244,0.38074325591374264
2886.879298,0.3825063593890611
2887.120352,0.3842699417719489
2887.361406,0.3869537895227065
2887.60246,0.3884930494764435
2887.843514,0.39123769034489114
2888.084568,0.3935134623078403
2888.325622,0.39579851409584044
2888.566676,0.3980132431520074
2888.80773,0.4005486687025935
2889.048784,0.4031808735427731
2889.289838,0.4053396181257056
2889.530892,0.40795026969882353
2889.771946,0.4100607334041344
2890.013,0.41182367275156323
2890.254054,0.4140742389904426
2890.495108,0.41546371376185454
2890.736162,0.4167244779076549
2890.977216,0.4164203800480056
2891.21827,0.41634126769170826
2891.459324,0.41561746377794534
2891.700378,0.41441391911623293
2891.941432,0.41223570240480556
2892.182486,0.40866480770919955
2892.42354,0.4049425798804589
2892.664594,0.4006848784042895
2892.905648,0.39569166292259206
2893.146702,0.3901359542361523
2893.387756,0.38486602202455095
2893.62881,0.3792840053652137
2893.869864,0.3751047345024293
2894.110918,0.3711422005200581
2894.351972,0.36911021274932393
2894.593026,0.36721785378461047
2894.83408,0.3668141362308102
2895.075134,0.36721785378461047
2895.316188,0.36807446895306006
2895.557242,0.3692468087967516
2895.798296,0.3711867402564512
2896.03935,0.37273782071845263
2896.280404,0.37438896823391504
2896.521458,0.37515350128768704
2896.762512,0.3760399091005337
2897.003566,0.3765290788738257
2897.24462,0.3760511904670264
2897.485674,0.3751234902080432
2897.726728,0.37367456777421093
2897.967782,0.37179598595539265
2898.208836,0.3695349336617025
2898.44989,0.36677745665119665
2898.690944,0.36352762050943027
2898.931998,0.36037864810308423
2899.173052,0.35622240857951976
2899.414106,0.35271320594896943
2899.65516,0.34920365091091327
2899.896214,0.34469338370532526
2900.137268,0.3409225341796141
2900.378322,0.3368222283930748
2900.619376,0.333470791223588
2900.86043,0.329888684870685
2901.101484,0.3265082704364809
2901.342538,0.32380946731816024
2901.583592,0.32084408190754427
2901.824646,0.31873348360282633
2902.0657,0.3161621702633088
2902.306754,0.31464822821373145
2902.547808,0.3131102230853395
2902.788862,0.31186028373827757
2903.029916,0.31117494526279627
2903.27097,0.31061533416240855
2903.512024,0.3105221635384522
2903.753078,0.31070853274174515
2903.994132,0.3104911128746574
2904.235186,0.3109571990211882
2904.47624,0.31148627584740707
2904.717294,0.3123596595864038
2904.958348,0.312547131618141
2905.199402,0.3131415356732513
2905.440456,0.31329814559030444
2905.68151,0.3137370701696454
2905.922564,0.313893977928401
2906.163618,0.3145853048606338
2906.404672,0.3148370737986699
2906.645726,0.315341216323217
2906.88678,0.3163202908752992
2907.127834,0.3173976102694278
2907.368888,0.3193715884621897
2907.609942,0.3216793619139712
2907.850996,0.32458754335749457
2908.09205,0.3279480720671096
2908.333104,0.3310122153186728
2908.574158,0.3346734495581244
2908.815212,0.33796937301037827
2909.056266,0.3403774942731271
2909.29732,0.3431114354108592
2909.538374,0.34607491846762534
2909.779428,0.34850594155102105
2910.020482,0.3519380898362358
2910.261536,0.35402066211329536
2910.50259,0.35718550868274057
2910.743644,0.36037864810308423
2910.984698,0.36291014855443376
2911.225752,0.3660080321706971
2911.466806,0.3677323188214054
2911.70786,0.36986766480855476
2911.948914,0.3715135283535509
2912.189968,0.37238388793346167
2912.431022,0.37384275916993515
2912.672076,0.3747448067502705
2912.91313,0.375641517981483
2913.154184,0.37649142784852097
2913.395238,0.37749045325634695
2913.636292,0.37835968052701346
2913.877346,0.3792081561493151
2914.1184,0.380290440917564
2914.359454,0.3821622585342224
2914.600508,0.38349066502366147
2914.841562,0.3854437542484309
2915.082616,0.3875966662533747
2915.32367,0.3900618354463555
2915.564724,0.39270365895930853
2915.805778,0.39566396547560945
2916.046832,0.39843934524614677
2916.287886,0.40141880306801664
2916.52894,0.40488994076669094
2916.769994,0.40871793758756897
2917.011048,0.4118319093073835
2917.252102,0.41555928140587756
2917.493156,0.4192239562773436
2917.73421,0.42261655517221874
2917.975264,0.4262070576396045
2918.216318,0.43012474831866354
2918.457372,0.4336272434480937
2918.698426,0.43655976255689694
2918.93948,0.4398638639753172
2919.180534,0.44243576009482577
2919.421588,0.44538776242848016
2919.662642,0.4478799729436331
2919.903696,0.45006646820642776
2920.14475,0.4521686722795429
2920.385804,0.4543261258254744
2920.626858,0.45562735842098345
2920.867912,0.45757247111630484
2921.108966,0.45947534259874734
2921.35002,0.4613123115316774
2921.591074,0.46288807165809154
2921.832128,0.4640513800592503
2922.073182,0.465692376084821
2922.314236,0.4663821110794229
2922.55529,0.4679471110629106
2922.796344,0.4684246606250679
2923.037398,0.46970990417475256
2923.278452,0.4704149977189678
2923.519506,0.4709751247757525
2923.76056,0.4717528751992798
2924.001614,0.4721304285006236
2924.242668,0.4735157992331479
2924.483722,0.4736957694290281
2924.724776,0.4741270287724492
2924.96583,0.4748767415950743
2925.206884,0.4757893807922034
2925.447938,0.4759273797215107
2925.688992,0.4759273797215107
2925.930046,0.4762654081470041
2926.1711,0.4769088006402202
2926.412154,0.4769803423258085
2926.653208,0.4770900604216408
2926.894262,0.47799261327962106
2927.135316,0.4783034094760741
2927.37637,0.47837994414420043
2927.617424,0.478983082771362
2927.858478,0.47962055409591015
2928.099532,0.47984123030243053
2928.340586,0.48077783359294235
2928.58164,0.4815428783977992
2928.822694,0.4825696578607149
2929.063748,0.48341489412799366
2929.304802,0.48408246720136705
2929.545856,0.4854203802815864
2929.78691,0.48631437600514427
2930.027964,0.487229506985619
2930.269018,0.48878136296108543
2930.510072,0.4893780401229588
2930.751126,0.4899068539143383
2930.99218,0.4908091123487432
2931.233234,0.4914819816428851
2931.474288,0.4919491113769374
2931.715342,0.4921410089479685
2931.956396,0.491649113927522
2932.19745,0.4912461269013628
2932.438504,0.490843470189118
2932.679558,0.48959830979797403
2932.920612,0.4882684118764231
2933.161666,0.4866646484388123
2933.40272,0.48462978956820224
2933.643774,0.48204876396356067
2933.884828,0.4796541287097946
2934.125882,0.4762082597270002
2934.366936,0.47337849956078504
2934.60799,0.46922635204554913
2934.849044,0.4660138147078914
2935.090098,0.4625595377705456
2935.331152,0.458410595388257
2935.572206,0.4548216112931468
2935.81326,0.451639944299159
2936.054314,0.44813533730013855
2936.295368,0.44540112426177947
2936.536422,0.4427101553198145
2936.777476,0.4404624858008974
2937.01853,0.4381429727789368
2937.259584,0.4359054137973216
2937.500638,0.43304657207857866
2937.741692,0.43110224053126495
2937.982746,0.4290379081379754
2938.2238,0.4270090805733021
2938.464854,0.42482413317179735
2938.705908,0.42271376815897327
2938.946962,0.4207316750162134
2939.188016,0.4185369924533559
2939.42907,0.4161373104441458
2939.670124,0.41455484380457186
2939.911178,0.4122769280362933
2940.152232,0.41072967744086325
2940.393286,0.4084727803795336
2940.63434,0.4066062526566323
2940.875394,0.40470778128230384
2941.116448,0.40265305239676547
2941.357502,0.4007610157640064
2941.598556,0.39870240201319335
2941.83961,0.3966543628702098
2942.080664,0.39405294521261214
2942.321718,0.3907567638162149
2942.562772,0.38762379896964644
2942.803826,0.38363258282289403
2943.04488,0.37875337928262914
2943.285934,0.37306970504551046
2943.526988,0.3665574561839461
2943.768042,0.357793240473161
2944.009096,0.34739250498669316
2944.25015,0.33574611995399856
2944.491204,0.322549069768395
2944.732258,0.30903522865210875
2944.973312,0.2952301669240142
2945.214366,0.28516138380861705
2945.45542,0.27770385579945595
2945.696474,0.2732412976522171
2945.937528,0.2707119333583847
2946.178582,0.2695234175039592
2946.419636,0.2696042866589771
2946.66069,0.27100988032586804
2946.901744,0.27277718205623946
2947.142798,0.274830701995568
2947.383852,0.2775372834626744
2947.624906,0.27971053895169634
2947.86596,0.2820700033557532
2948.107014,0.2842503258505983
2948.348068,0.2855037828675348
2948.589122,0.2862756846797935
2948.830176,0.28661942170237426
2949.07123,0.2860181524704592
2949.312284,0.28490485401891036
2949.553338,0.2839662176025474
2949.794392,0.2811407065277821
2950.035446,0.27904003858049786
2950.2765,0.2759598209859731
2950.517554,0.2728317429485581
2950.758608,0.26882356681858904
2950.999662,0.2649272550303311
2951.240716,0.26077429914729394
2951.48177,0.2564811772769089
2951.722824,0.2515282423803802
2951.963878,0.24637512651587462
2952.204932,0.2413999928349357
2952.445986,0.23695145264266826
2952.68704,0.23130918504632592
2952.928094,0.22663828285945128
2953.169148,0.22172885887331226
2953.410202,0.21729486998125805
2953.651256,0.21333320347663243
2953.89231,0.2098630717962641
2954.133364,0.20680064859775515
2954.374418,0.20404800381520652
2954.615472,0.20149312848264125
2954.856526,0.19889067044081962
2955.09758,0.1958512179695348
2955.338634,0.1934570025980384
2955.579688,0.19019603035266078
2955.820742,0.1869152450306222
2956.061796,0.18391161316835203
2956.30285,0.18016178972388058
2956.543904,0.17606535810659837
2956.784958,0.1723203559400894
2957.026012,0.16838537967078487
2957.267066,0.1637359843312824
2957.50812,0.15945396804650516
2957.749174,0.15437045705757993
2957.990228,0.14931456857419162
2958.231282,0.1437901980194546
2958.472336,0.13775204297838997
2958.71339,0.13173011931323708
2958.954444,0.12533062920313606
2959.195498,0.1177607800450085
2959.436552,0.11027257761470363
2959.677606,0.10223307739557488
2959.91866,0.09441078164606809
2960.159714,0.08779945374004491
2960.400768,0.08364279399249695
2960.641822,0.08286852195390385
2960.882876,0.08470336073602575
2961.12393,0.0886907215487471
2961.364984,0.09274513794006527
2961.606038,0.09653979231852812
2961.847092,0.09849987498428259
2962.088146,0.0995196666076894
2962.3292,0.09923147765048747
2962.570254,0.09700429724162336
2962.811308,0.09307962214697908
2963.052362,0.08765908693744785
2963.293416,0.08109775500958162
2963.53447,0.07407331003685767
2963.775524,0.06738047442450155
2964.016578,0.06245556094611523
2964.257632,0.0603134589693131
2964.498686,0.060901346164694725
2964.73974,0.06362810523736458
2964.980794,0.067313127629087
2965.221848,0.07146124530045649
2965.462902,0.07516271365846261
2965.703956,0.07881121262858166
2965.94501,0.0817001043404585
2966.186064,0.0844580768234676
2966.427118,0.08709115066484795
2966.668172,0.08885939410787858
2966.909226,0.09052764548064207
2967.15028,0.0914008957721033
2967.391334,0.09229179835320334
2967.632388,0.09245807319270047
2967.873442,0.09271731857179712
2968.114496,0.09312617359494471
2968.35555,0.09351812604802501
2968.596604,0.09445799884020598
2968.837658,0.09539777725625578
2969.078712,0.09699459729690454
2969.319766,0.09869707186539996
2969.56082,0.1005098044022514
2969.801874,0.10275579789456857
2970.042928,0.1050729928860772
2970.283982,0.10759296655286545
2970.525036,0.1104270673409393
2970.76609,0.1133925031116953
2971.007144,0.11643757342787782
2971.248198,0.12005563723795164
2971.489252,0.12363767085677953
2971.730306,0.1277346772935093
2971.97136,0.1318091811009895
2972.212414,0.13586412140536233
2972.453468,0.14008582618907373
2972.694522,0.14384772560341216
2972.935576,0.1475335015263417
2973.17663,0.1506042113795038
2973.417684,0.15324765593133866
2973.658738,0.15484974799157405
2973.899792,0.15615596430266698
2974.140846,0.15712713881132667
2974.3819,0.15935832436165204
2974.622954,0.163605047925363
2974.864008,0.1714266158273874
2975.105062,0.18242794606539636
2975.346116,0.19632182539568155
2975.58717,0.21066206860156067
2975.828224,0.2253050538835323
2976.069278,0.23816299185011475
2976.310332,0.24942425426590137
2976.551386,0.259655377067504
2976.79244,0.26887733690878257
2977.033494,0.27656760090491517
2977.274548,0.28362566251534327
2977.515602,0.2892395619970803
2977.756656,0.29478765364156123
2977.99771,0.2993924573097967
2978.238764,0.3040691914559916
2978.479818,0.30807870282433786
2978.720872,0.3121410843349565
2978.961926,0.31673177465994656
2979.20298,0.3207799195076166
2979.444034,0.32566045157546997
2979.685088,0.33051606919831245
2979.926142,0.33638464398765383
2980.167196,0.3428713414487622
2980.40825,0.35004274618466225
2980.649304,0.3571497919177403
2980.890358,0.36556908595249676
2981.131412,0.37466237196094476
2981.372466,0.3843006845969873
2981.61352,0.3941869459928262
2981.854574,0.404117339049344
2982.095628,0.4148451337848747
2982.336682,0.42516838012085917
2982.577736,0.4354218272282047
2982.81879,0.44543230343173607
2983.059844,0.454585165536499
2983.300898,0.4628325284221534
2983.541952,0.4711211496971264
2983.783006,0.47709960231826787
2984.02406,0.48211625551481385
2984.265114,0.48584287977306106
2984.506168,0.48737082403262627
2984.747222,0.4886689561748804
2984.988276,0.4886933902335355
2985.22933,0.48794138160783956
2985.470384,0.4883172411590342
2985.711438,0.4912608645062329
2985.952492,0.4972710645767533
2986.193546,0.5076261639731116
2986.4346,0.5230438370387762
2986.675654,0.5403274145082574
2986.916708,0.556454429116293
2987.157762,0.5695948274200241
2987.398816,0.580230407509243
2987.63987,0.5879813789719595
2987.880924,0.5938609962808545
2988.121978,0.5988464845144645
2988.363032,0.6020950233700827
2988.604086,0.6046956532524087
2988.84514,0.6067793882689854
2989.086194,0.608919015249943
2989.327248,0.6101136668959982
2989.568302,0.6122711738996297
2989.809356,0.6135889730499734
2990.05041,0.6163193650751245
2990.291464,0.6191114339272813
2990.532518,0.621835307650482
2990.773572,0.6261282854770599
2991.014626,0.6304635099713675
2991.25568,0.6362650863773054
2991.496734,0.6419531198493024
2991.737788,0.6490535851304773
2991.978842,0.6568497353332626
2992.219896,0.6646132409986683
2992.46095,0.67359920249446
2992.702004,0.6826315658668423
2992.943058,0.6922071627709936
2993.184112,0.7019451583616214
2993.425166,0.7123470902833585
2993.66622,0.7228670213139341
2993.907274,0.7339899078392161
2994.148328,0.7433487228683936
2994.389382,0.7545679086400284
2994.630436,0.7638834911037535
2994.87149,0.7744052218121151
2995.112544,0.7838794760322729
2995.353598,0.7932633652001552
2995.594652,0.8021818108395837
2995.835706,0.8107707017883574
2996.07676,0.8191238381723347
2996.317814,0.8261821575935513
2996.558868,0.8333346306626387
2996.799922,0.8401036515961191
2997.040976,0.846800626396336
2997.28203,0.8514197744953319
2997.523084,0.8577522277885721
2997.764138,0.8623793706274939
2998.005192,0.8672656046843562
2998.246246,0.8716650899549091
2998.4873,0.8754475829820209
2998.728354,0.8788509178039496
2998.969408,0.8828764578512408
2999.210462,0.8856619034671023
2999.451516,0.8884205995357399
2999.69257,0.891303750460554
2999.933624,0.8942141420478033
3000.174678,0.8964435096723364
3000.415732,0.8984358249154851
3000.656786,0.9007928130829874
3000.89784,0.9023886282419327
3001.138894,0.9036618936489175
3001.379948,0.9056285916318212
3001.621002,0.9070678723217422
3001.862056,0.9092401757114241
3002.10311,0.9107170706926868
3002.344164,0.9111698095731136
3002.585218,0.9122374143807432
3002.826272,0.9141450701921414
3003.067326,0.9148519775158808
3003.30838,0.916048470788522
3003.549434,0.9164030501533988
3003.790488,0.9179503268599511
3004.031542,0.9190966440209981
3004.272596,0.9200281606549087
3004.51365,0.9206530719093551
3004.754704,0.9220562948208855
3004.995758,0.9226023137530767
3005.236812,0.9229289727873831
3005.477866,0.9241120023701961
3005.71892,0.9246407456417111
3005.959974,0.9258056014633478
3006.201028,0.9263279030977889
3006.442082,0.9269533855089449
3006.683136,0.9275152895002767
3006.92419,0.9286206183027161
3007.165244,0.9293573065112994
3007.406298,0.9299160181285364
3007.647352,0.9304732046841089
3007.888406,0.9317013085975675
3008.12946,0.9318065967941102
3008.370514,0.9325094439081566
3008.611568,0.9327426004124822
3008.852622,0.9334116166706454
3009.093676,0.9344277211701969
3009.33473,0.9346473374885786
3009.575784,0.9355469008478438
3009.816838,0.9361767358278126
3010.057892,0.9358875019053842
3010.298946,0.9375473647629238
3010.54,0.9373711224256471
3010.781054,0.938408428411521
3011.022108,0.9396357300943932
3011.263162,0.9393961535305292
3011.504216,0.9398415328538634
3011.74527,0.9406200439021625
3011.986324,0.940903213150211
3012.227378,0.9414283836520921
3012.468432,0.9421469676137386
3012.709486,0.9419340664577948
3012.95054,0.943196160956479
3013.191594,0.9437556421497049
3013.432648,0.9439425242675696
3013.673702,0.9444599465316199
3013.914756,0.9451184645812333
3014.15581,0.9454682231144669
3014.396864,0.9456091083754021
3014.637918,0.9467350530185608
3014.878972,0.9469111621160605
3015.120026,0.9475221168273388
3015.36108,0.9476121357042663
3015.602134,0.9480035803440663
3015.843188,0.9481021778434031
3016.084242,0.9485716045949715
3016.325296,0.9491855290062753
3016.56635,0.9492984888052018
3016.807404,0.950107635765322
3017.048458,0.9498758377826991
3017.289512,0.9498577903132327
3017.530566,0.9508024183591657
3017.77162,0.9510743867404411
3018.012674,0.9511894737038575
3018.253728,0.9513616545804973
3018.494782,0.9510705824505027
3018.735836,0.9514644071877328
3018.97689,0.9513635573057091
3019.217944,0.9519973764732297
3019.458998,0.9529689091946885
3019.700052,0.9522230265899364
3019.941106,0.952089724697564
3020.18216,0.9527468933047016
3020.423214,0.9525049263249096
3020.664268,0.9525716040034439
3020.905322,0.9521706557636849
3021.146376,0.953540862108921
3021.38743,0.9526773453200228
3021.628484,0.9529222148621583
3021.869538,0.9531652410114654
3022.110592,0.953354939768827
3022.351646,0.9529355558665532
3022.5927,0.9529422264387913
3022.833754,0.9525773194502142
3023.074808,0.9520611624342592
3023.315862,0.9530918501134933
3023.556916,0.9528840987358915
3023.79797,0.9515433820109392
3024.039024,0.9525115938827303
3024.280078,0.9510819953659695
3024.521132,0.9511428665615305
3024.762186,0.9504183717647842
3025.00324,0.9511466711406058
3025.244294,0.9508651733896707
3025.485348,0.9510173239891364
3025.726402,0.9502473118537204
3025.967456,0.9497704074161988
3026.20851,0.9496023129308869
3026.449564,0.9493706382319945
3026.690618,0.9489254877986
3026.931672,0.9480699429173532
3027.172726,0.9473439994129368
3027.41378,0.9466593172437906
3027.654834,0.9469424107000092
3027.895888,0.9465021848394786
3028.136942,0.9454540411974848
3028.377996,0.9458275693107034
3028.61905,0.9446441341789056
3028.860104,0.9439963305249166
3029.101158,0.9438726751052248
3029.342212,0.9426068475355086
3029.583266,0.9419557311904667
3029.82432,0.9415686669321012
3030.065374,0.940787489172164
3030.306428,0.9394365484336151
3030.547482,0.9390138970905044
3030.788536,0.9385548315455007
3031.02959,0.9371939760243709
3031.270644,0.9367807646007599
3031.511698,0.9356151982644311
3031.752752,0.9340932559188702
3031.993806,0.9329758152132208
3032.23486,0.9319668813128321
3032.475914,0.9304108650677955
3032.716968,0.9285741884325573
3032.958022,0.9270238366433527
3033.199076,0.9256445253027256
3033.44013,0.9237692204073026
3033.681184,0.9217327098538872
3033.922238,0.9196730983163358
3034.163292,0.9177015960259224
3034.404346,0.9153461309931703
3034.6454,0.9130962337988394
3034.886454,0.9101999302783145
3035.127508,0.908426769807601
3035.368562,0.9055081510386112
3035.609616,0.9027406284425245
3035.85067,0.8995595718921687
3036.091724,0.8963717970601054
3036.332778,0.8940800199859023
3036.573832,0.8901636115045632
3036.814886,0.8868938295031662
3037.05594,0.883812803071857
3037.296994,0.8796862228829541
3037.538048,0.8757365283577697
3037.779102,0.8725808189729637
3038.020156,0.8688454653219678
3038.26121,0.8651953148709627
3038.502264,0.861500192126714
3038.743318,0.8567835151968644
3038.984372,0.8531840388121305
3039.225426,0.8501946123485123
3039.46648,0.8456751301841176
3039.707534,0.8428890018945986
3039.948588,0.8393059321038567
3040.189642,0.8361727905445975
3040.430696,0.8323768466687289
3040.67175,0.8302486871477026
3040.912804,0.8274223607497707
3041.153858,0.8246881203998518
3041.394912,0.8232708760123354
3041.635966,0.820837597248527
3041.87702,0.8181251164338997
3042.118074,0.8170459037173016
3042.359128,0.815682575753792
3042.600182,0.8146391699789827
3042.841236,0.8124263622194624
3043.08229,0.8111194081566225
3043.323344,0.8099927353982557
3043.564398,0.8082127101261223
3043.805452,0.8071304303839256
3044.046506,0.8055661152253061
3044.28756,0.8043908468517567
3044.528614,0.8026712910204731
3044.769668,0.8003789307658676
3045.010722,0.7988916095921293
3045.251776,0.7962914634857879
3045.49283,0.7940173234705699
3045.733884,0.7924467245761182
3045.974938,0.7904997014539848
3046.215992,0.7889597289972736
3046.457046,0.7877456660830011
3046.6981,0.7876747721633278
3046.939154,0.7878086882571411
3047.180208,0.788533805753241
3047.421262,0.7897490833376616
3047.662316,0.7916546739428629
3047.90337,0.7939141079276743
3048.144424,0.796267575100211
3048.385478,0.7997788716181014
3048.626532,0.8017246974970842
3048.867586,0.8037475915107186
3049.10864,0.8055902825712712
3049.349694,0.8070577919139713
3049.590748,0.8091022332552885
3049.831802,0.8100575374091333
3050.072856,0.8106085638623328
3050.31391,0.8121176988515731
3050.554964,0.8133774573454117
3050.796018,0.8149569412166381
3051.037072,0.8160415550567788
3051.278126,0.8165966520257971
3051.51918,0.8185915806799476
3051.760234,0.8205667655311262
3052.001288,0.8214452418712724
3052.242342,0.8244077741004875
3052.483396,0.826273042629472
3052.72445,0.8290954431628187
3052.965504,0.8323269055561772
3053.206558,0.8356210985812124
3053.447612,0.8394989946695846
3053.688666,0.8425856164665702
3053.92972,0.8472495496824883
3054.170774,0.8505772860191875
3054.411828,0.8549006633598688
3054.652882,0.8599680857639185
3054.893936,0.8641922701841055
3055.13499,0.8684719420851307
3055.376044,0.873750861023484
3055.617098,0.8782798503244144
3055.858152,0.8826645929261645
3056.099206,0.8869825233207335
3056.34026,0.891419627479957
3056.581314,0.8957176844284102
3056.822368,0.8995505763414275
3057.063422,0.9032553372788193
3057.304476,0.9067894452256855
3057.54553,0.9111634314067701
3057.786584,0.914385521963624
3058.027638,0.9179374756453339
3058.268692,0.9204220169869116
3058.509746,0.9224943755968729
3058.7508,0.9258380052264616
3058.991854,0.9292532243216816
3059.232908,0.9307756576215713
3059.473962,0.9328470734341084
3059.715016,0.9345884565610855
3059.95607,0.9363696081005551
3060.197124,0.9390279824046004
3060.438178,0.9404780209985324
3060.679232,0.9419698606324052
3060.920286,0.9431716381750916
3061.16134,0.9449304047193585
3061.402394,0.9464094321703193
3061.643448,0.9474036839649435
3061.884502,0.9488960715644322
3062.125556,0.9492054621116813
3062.36661,0.9504668443377843
3062.607664,0.9512532055335882
3062.848718,0.9516442509553921
3063.089772,0.953376867184606
3063.330826,0.9537163297700787
3063.57188,0.954287776982965
3063.812934,0.9554766051572878
3064.053988,0.9556753649614635
3064.295042,0.9563885647741793
3064.536096,0.957163553339643
3064.77715,0.957522556981121
3065.018204,0.9580464650955959
3065.259258,0.9585706598662026
3065.500312,0.9590423926676102
3065.741366,0.9598214513454738
3065.98242,0.9602611502535539
3066.223474,0.9602697926427969
3066.464528,0.9608317148177037
3066.705582,0.9611603754619381
3066.946636,0.960942216818651
3067.18769,0.9621210544562857
3067.428744,0.9623096486645878
3067.669798,0.9629430567818261
3067.910852,0.9629661676925186
3068.151906,0.9639460024465817
3068.39296,0.9633610647696416
3068.634014,0.9646219654916633
3068.875068,0.9645882043136952
3069.116122,0.965595760251684
3069.357176,0.965319639351423
3069.59823,0.9652897149064343
3069.839284,0.9664207312434137
3070.080338,0.9662129731209949
3070.321392,0.9666304672976324
3070.562446,0.9662951047142534
3070.8035,0.9670413725574166
3071.044554,0.9673808636563866
3071.285608,0.9679808257608872
3071.526662,0.9672996070766636
3071.767716,0.9676904750679406
3072.00877,0.9683526017744056
3072.249824,0.9678501571697379
3072.490878,0.968213169039148
3072.731932,0.9682673904948008
3072.972986,0.9687206456869945
3073.21404,0.9690452214667072
3073.455094,0.969385416040097
3073.696148,0.9690927058459169
3073.937202,0.9689434770601281
3074.178256,0.969606461113135
3074.41931,0.9693059296949664
3074.660364,0.969626823062618
3074.901418,0.969470725710279
3075.142472,0.969488176340397
3075.383526,0.9696568819600435
3075.62458,0.9696656089112523
3075.865634,0.9698120394734272
3076.106688,0.9699080556180557
3076.347742,0.9700186314390983
3076.588796,0.9695473169229232
3076.82985,0.9695734950538832
3077.070904,0.9698372549142528
3077.311958,0.9705241428203581
3077.553012,0.9712008339473664
3077.794066,0.969942002994078
3078.03512,0.9701951908964435
3078.276174,0.9701525032471792
3078.517228,0.9708367019136597
3078.758282,0.969992441289618
3078.999336,0.9702854232449359
3079.24039,0.9703776047386958
3079.481444,0.9708085480575371
3079.722498,0.9711571308931649
3079.963552,0.9708823323109556
3080.204606,0.9705154081423789
3080.44566,0.9712717341960723
3080.686714,0.9713620666677473
3080.927768,0.9713980077291196
3081.168822,0.9712999014847876
3081.409876,0.9709473836064145
3081.65093,0.9706998235888386
3081.891984,0.9702126545670521
3082.133038,0.9703290870714107
3082.374092,0.9711309100046144
3082.615146,0.9706076114857418
3082.8562,0.9705134671135036
3083.097254,0.9712416252390034
3083.338308,0.9705872289399181
3083.579362,0.9707250621123512
3083.820416,0.9711571308931649
3084.06147,0.9703737232360399
3084.302524,0.9701263094832089
3084.543578,0.9704824111794536
3084.784632,0.9710318597034452
3085.025686,0.9705571412021834
3085.26674,0.9701039968346872
3085.507794,0.9699953512713069
3085.748848,0.9696704572514178
3085.989902,0.9697945830138253
3086.230956,0.9701612346589997
3086.47201,0.9700011712608745
3086.713064,0.969136315998901
3086.954118,0.9696985781024284
3087.195172,0.9695657384969492
3087.436226,0.9690035534180537
3087.67728,0.9693989875309218
3087.918334,0.9688223666950511
3088.159388,0.9695667080631724
3088.400442,0.9687719892418081
3088.641496,0.9692312960118136
3088.88255,0.9684116730847705
3089.123604,0.9691353468630697
3089.364658,0.9688000840368687
3089.605712,0.9685191727466038
3089.846766,0.9687593952878089
3090.08782,0.9693960793383215
3090.328874,0.9681386194953262
3090.569928,0.9687506764924859
3090.810982,0.9686354020209503
3091.052036,0.9679421073022312
3091.29309,0.9684494418765075
3091.534144,0.9690365000989603
3091.775198,0.9683981154162512
3092.016252,0.9688398056546018
3092.257306,0.968620872598891
3092.49836,0.968239311147629
3092.739414,0.968466874123351
3092.980468,0.9689357255433177
3093.221522,0.9691983427079586
3093.462576,0.9694949627813839
3093.70363,0.9690810768032212
3093.944684,0.9694872068527054
3094.185738,0.9697140934038001
3094.426792,0.9697567617626068
3094.667846,0.9698944770003276
3094.9089,0.9698973866881232
3095.149954,0.9705309365131358
3095.391008,0.9705755819630528
3095.632062,0.9706969114937359
3095.873116,0.9706949701018543
3096.11417,0.9709017501517796
3096.355224,0.9714844659991434
3096.596278,0.9719071536697561
3096.837332,0.9717059897101346
3097.078386,0.9720791964612935
3097.31944,0.972216269291402
3097.560494,0.9720296216864415
3097.801548,0.9727579445959651
3098.042602,0.9721608545433877
3098.283656,0.9727297350246126
3098.52471,0.9736941879995401
3098.765764,0.9739084242860274
3099.006818,0.9742210990718415
3099.247872,0.97457285637698
3099.488926,0.9745533651147656
3099.72998,0.9753625801856096
3099.971034,0.9753108873387324
3100.212088,0.975219212424111
3100.453142,0.9763110935163505
3100.694196,0.9764145879773727
3100.93525,0.9765903584220741
3101.176304,0.9767114631348555
3101.417358,0.9773064615745399
3101.658412,0.9770465326278437
3101.899466,0.9782813220039022
3102.14052,0.9781277438925448
3102.381574,0.9782871917094433
3102.622628,0.9789986650870526
3102.863682,0.9800320536953614
3103.104736,0.9792757609164827
3103.34579,0.9802810134535508
3103.586844,0.9796577529468443
3103.827898,0.9802653290828108
3104.068952,0.980402575835931
3104.310006,0.9815876177687608
3104.55106,0.9808566073287228
3104.792114,0.9811783810639344
3105.033168,0.9824262516400293
3105.274222,0.9817427208651902
3105.515276,0.9825313768730545
3105.75633,0.9827770404239371
3105.997384,0.9827829371038697
3106.238438,0.9831171401137772
3106.479492,0.9844472134141582
3106.720546,0.984108621813838
3106.9616,0.9845200652034338
3107.202654,0.9842680603247425
3107.443708,0.9849434998633987
3107.684762,0.9854912807182888
3107.925816,0.9857781004112192
3108.16687,0.9860482406182501
3108.407924,0.9862642088306016
3108.648978,0.9860265477955785
3108.890032,0.9863746766080708
3109.131086,0.9861034608658773
3109.37214,0.9868403553469666
3109.613194,0.9864871297309102
3109.854248,0.987005171448071
3110.095302,0.9872894698744563
3110.336356,0.9875323729599
3110.57741,0.987506697451986
3110.818464,0.9881349514751677
3111.059518,0.9880845578776901
3111.300572,0.9877378010572572
3111.541626,0.9881972059381057
3111.78268,0.9884442861233265
3112.023734,0.9884057375478698
3112.264788,0.9883197499892161
3112.505842,0.9887764592054166
3112.746896,0.9885905867036486
3112.98795,0.9890365416135252
3113.229004,0.9890068709623387
3113.470058,0.9889801681373125
3113.711112,0.9882762648768961
3113.952166,0.9890632459606558
3114.19322,0.988807111750764
3114.434274,0.9886340856464333
3114.675328,0.9890296183819652
3114.916382,0.9887023037518404
3115.157436,0.9889801681373125
3115.39849,0.9883998071312358
3115.639544,0.989126548034042
3115.880598,0.9901335955081757
3116.121652,0.9894094786839341
3116.362706,0.9895262358909586
3116.60376,0.9886281538597148
3116.844814,0.9886499039183495
3117.085868,0.9891542439651282
3117.326922,0.9888318322375625
3117.567976,0.9888634753624814
3117.80903,0.9883573068532916
3118.050084,0.98903456354242
3118.291138,0.988984124065897
3118.532192,0.9888249104389633
3118.773246,0.9892501965804195
3119.0143,0.9889752232488341
3119.255354,0.9895094140879341
3119.496408,0.988584655177923
3119.737462,0.988710213401909
3119.978516,0.9893609988072453
3120.21957,0.9890652240891259
3120.460624,0.9887586613893318
3120.701678,0.9892986710276661
3120.942732,0.9894817082122238
3121.183786,0.9889366539672333
3121.42484,0.9889069863126313
3121.665894,0.9883622486521804
3121.906948,0.9889920359705371
3122.148002,0.9885905867036486
3122.389056,0.9881458210194164
3122.63011,0.9890681912892489
3122.871164,0.9888436982907456
3123.112218,0.9891888649695311
3123.353272,0.988564883682535
3123.594326,0.9884057375478698
3123.83538,0.988460101358426
3124.076434,0.9882821945522744
3124.317488,0.9888387540846146
3124.558542,0.9885826780105899
3124.799596,0.9883800393327717
3125.04065,0.9885520324225805
3125.281704,0.9881359396106133
3125.522758,0.9879215373752016
3125.763812,0.9879906943032821
3126.004866,0.9879205494541582
3126.24592,0.9878267014598104
3126.486974,0.9880776413099931
3126.728028,0.9881092603004161
3126.969082,0.9878681910525471
3127.210136,0.987843494656477
3127.45119,0.9876568098782542
3127.692244,0.9875136100230623
3127.933298,0.9873378482437406
3128.174352,0.9873832668293793
3128.415406,0.9874997849292978
3128.65646,0.9870298468857989
3128.897514,0.9873951154996731
3129.138568,0.9872055538359992
3129.379622,0.9874306623636707
3129.620676,0.9863766493593967
3129.86173,0.9873102031710226
3130.102784,0.987246030093464
3130.343838,0.9866716200734793
3130.584892,0.9868334474886568
3130.825946,0.9870564970514404
3131.067,0.9870890704533013
3131.308054,0.9863066191033957
3131.549108,0.9860235897203722
3131.790162,0.9862089795813406
3132.031216,0.9863036601879768
3132.27227,0.9858520365413203
3132.513324,0.9860610593286996
3132.754378,0.9856026475251162
3132.995432,0.9861281137605589
3133.236486,0.986350017549395
3133.47754,0.9861715043521503
3133.718594,0.9856519288895162
3133.959648,0.9855987051224109
3134.200702,0.9854203279004092
3134.441756,0.9847504698549843
3134.68281,0.9856243310218793
3134.923864,0.9850735209865861
3135.164918,0.9853661312727956
3135.405972,0.9850794314454433
3135.647026,0.9851414934045556
3135.88808,0.9843231808794818
3136.129134,0.9839570807550396
3136.370188,0.985102088532922
3136.611242,0.9850124483215571
3136.852296,0.9844127583646556
3137.09335,0.984078114919421
3137.334404,0.9848006934096366
3137.575458,0.9842483751603882
3137.816512,0.9838508191285492
3138.057566,0.983658003264572
3138.29862,0.9847622869315249
3138.539674,0.9838773834592826
3138.780728,0.9840476089707031
3139.021782,0.9845427094253411
3139.262836,0.9840682741874756
3139.50389,0.984558462234714
3139.744944,0.984513173587098
3139.985998,0.9844924990275363
3140.227052,0.9843241652031548
3140.468106,0.9845161271310491
3140.70916,0.9842414854458762
3140.950214,0.9841391296539832
3141.191268,0.9838606576859332
3141.432322,0.9847150194761801
3141.673376,0.9838340938067897
3141.91443,0.9841981797732483
3142.155484,0.9838045792266964
3142.396538,0.9848735713573997
3142.637592,0.9844137427779062
3142.878646,0.9845850456720691
3143.1197,0.9843320398279749
3143.360754,0.9842847930239955
3143.601808,0.9842690445932949
3143.842862,0.9842611704724347
3144.083916,0.9842375484878083
3144.32497,0.984586030257607
3144.566024,0.9842277061615351
3144.807078,0.9843310554964272
3145.048132,0.984620491371732
3145.289186,0.9846323068885214
3145.53024,0.9844196492780822
3145.771294,0.9845791381795176
3146.012348,0.9850410140967601
3146.253402,0.9844472134141582
3146.494456,0.9854311675836342
3146.73551,0.9847179736256698
3146.976564,0.9847248666756108
3147.217618,0.9849809284275317
3147.458672,0.9844117739523894
3147.699726,0.9851562706377855
3147.94078,0.9843340084940232
3148.181834,0.9850252535666192
3148.422888,0.9847169889081885
3148.663942,0.9855178893420831
3148.904996,0.9853572630175214
3149.14605,0.9855987051224109
3149.387104,0.9849247861146825
3149.628158,0.9850932226540218
3149.869212,0.9849937332628326
3150.110266,0.9854942371965657
3150.35132,0.9853651459071571
3150.592374,0.9851631667558165
3150.833428,0.9855149327928499
3151.074482,0.9853296734004133
3151.315536,0.985144448833469
3151.55659,0.9857189554995596
3151.797644,0.9856923414470524
3152.038698,0.9861498088177063
3152.279752,0.9857702142179607
3152.520806,0.9853020845558038
3152.76186,0.9854104737464011
3153.002914,0.9857376843376375
3153.243968,0.9863894723391875
3153.485022,0.9858342913643696
3153.726076,0.9858776690274912
3153.96713,0.9856578428188313
3154.208184,0.9857692284482394
3154.449238,0.985665728113115
3154.690292,0.9862040485487702
3154.931346,0.9854991646800704
3155.1724,0.9854252550143665
3155.413454,0.9857238841066587
3155.654508,0.9865196843433395
3155.895562,0.9856716421252257
3156.136616,0.9858727396514695
3156.37767,0.985968373945404
3156.618724,0.9858037309750258
3156.859778,0.9851582409522972
3157.100832,0.9854843823034684
3157.341886,0.985643058062075
3157.58294,0.9858924573034384
3157.823994,0.9851208056504163
3158.065048,0.9853543069501665
3158.306102,0.9856755848196795
3158.547156,0.985144448833469
3158.78821,0.9854735420348846
3159.029264,0.9850282086468125
3159.270318,0.985346424147242
3159.511372,0.9849691087273089
3159.752426,0.9848775108595642
3159.99348,0.984778043254166
3160.234534,0.9853336147269895
3160.475588,0.9845417248831239
3160.716642,0.9843566484365769
3160.957696,0.9845180961652724
3161.19875,0.9837111222309474
3161.439804,0.9841489710944868
3161.680858,0.9835743958876583
3161.921912,0.9842808558926976
3162.162966,0.9833501664885188
3162.40402,0.9831997254220811
3162.645074,0.9831535161209133
3162.886128,0.9835025975774287
3163.127182,0.9832380709591056
3163.368236,0.9837121059425615
3163.60929,0.9832439704052297
3163.850344,0.9829382290756747
3164.091398,0.983381634197327
3164.332452,0.9824409881443273
3164.573506,0.9825372720790013
3164.81456,0.9827151274206705
3165.055614,0.9822297860369165
3165.296668,0.9818742832042661
3165.537722,0.981769228276502
3165.778776,0.9820873730431326
3166.01983,0.9815866361816339
3166.260884,0.981044949877636
3166.501938,0.9812313661270956
3166.742992,0.9805486667032299
3166.984046,0.9802221983572141
3167.2251,0.9803800268360012
3167.466154,0.9804555190044788
3167.707208,0.9803261074173228
3167.948262,0.9811450215660928
3168.189316,0.9801330021956506
3168.43037,0.9796518750179605
3168.671424,0.9792150477014351
3168.912478,0.9790319516075332
3169.153532,0.9794971022490784
3169.394586,0.9794873073270306
3169.63564,0.9785582147965114
3169.876694,0.9785621290371991
3170.117748,0.9781521973918096
3170.358802,0.9785533220176694
3170.599856,0.9780729702725625
3170.84091,0.9785758290029052
3171.081964,0.9779497408419253
3171.323018,0.9780172217021063
3171.564072,0.9775214926486372
3171.805126,0.9780035295568477
3172.04618,0.9771432650227484
3172.287234,0.9771686710779163
3172.528288,0.9770094055650225
3172.769342,0.9781433940616481
3173.010396,0.9768706800791749
3173.25145,0.9773699885591469
3173.492504,0.9763745557999309
3173.733558,0.9763882251393973
3173.974612,0.9766626287825677
3174.215666,0.976600124374488
3174.45672,0.9763179277179247
3174.697774,0.9759635886265992
3174.938828,0.9754767042836209
3175.179882,0.9761539200830952
3175.420936,0.9762759469496258
3175.66199,0.9760416688368561
3175.903044,0.9753089367189083
3176.144098,0.9749939628033738
3176.385152,0.9752299398944486
3176.626206,0.975960660740225
3176.86726,0.9755908417349328
3177.108314,0.974712230260437
3177.349368,0.9753869645549176
3177.590422,0.9757362156004353
3177.831476,0.9748789203034041
3178.07253,0.9749188911585334
3178.313584,0.975105118450885
3178.554638,0.9753372210881945
3178.795692,0.9755957197013364
3179.036746,0.975577183558756
3179.2778,0.9741363455230552
3179.518854,0.9756747461551604
3179.759908,0.9752640735396803
3180.000962,0.9746537492810683
3180.242016,0.9758689247497746
3180.48307,0.9758093985609321
3180.724124,0.9750241880847103
3180.965178,0.975434759687152
3181.206232,0.9745855259064646
3181.447286,0.9757508517534402
3181.68834,0.9754815816793359
3181.929394,0.9750212630165336
3182.170448,0.975992867973446
3182.411502,0.975497189509505
3182.652556,0.9756269392638771
3182.89361,0.9764048238803135
3183.134664,0.9757118224999604
3183.375718,0.9761675863336399
3183.616772,0.9758191567037083
3183.857826,0.9767114631348555
3184.09888,0.9754845081284705
3184.339934,0.9766177033349369
3184.580988,0.9762622791820431
3184.822042,0.9771970093802809
3185.063096,0.9772859383543415
3185.30415,0.9769908425626659
3185.545204,0.9773924683274001
3185.786258,0.9775693923753107
3186.027312,0.977038716286848
3186.268366,0.9776143616016443
3186.50942,0.9778959550853008
3186.750474,0.9779878816255585
3186.991528,0.9776906184958294
3187.232582,0.9782920831576304
3187.473636,0.9784995030649932
3187.71469,0.9787324136619843
3187.955744,0.9785102666187263
3188.196798,0.9786002937044377
3188.437852,0.9788762979020251
3188.678906,0.9793070982422266
3188.91996,0.9785719147074177
3189.161014,0.9787294774691476
3189.402068,0.978850847449137
3189.643122,0.9788929389405379
3189.884176,0.979523549027869
3190.12523,0.9792062348056638
3190.366284,0.9786208445263884
3190.607338,0.9792258191262025
3190.848392,0.9790554486563353
3191.089446,0.9790123711643062
3191.3305,0.9786511822428009
3191.571554,0.9787020734274369
3191.812608,0.9791739215330871
3192.053662,0.9786365025851649
3192.294716,0.9793521474048685
3192.53577,0.9794892663036042
3192.776824,0.9794363753112935
3193.017878,0.9793266845800542
3193.258932,0.9791308388283662
3193.499986,0.9787353498636295
3193.74104,0.9790143291910065
3193.982094,0.9789888751493515
3194.223148,0.9784642777169429
3194.464202,0.9790084551226536
3194.705256,0.9785425579903294
3194.94631,0.9793531267575056
3195.187364,0.9788704246618575
3195.428418,0.9787020734274369
3195.669472,0.9782598000515604
3195.910526,0.9787167540686428
3196.15158,0.9787177327858863
3196.392634,0.9780827510511689
3196.633688,0.9784564500340319
3196.874742,0.9778157709045802
3197.115796,0.9782421915336367
3197.35685,0.9789859381871315
3197.597904,0.9780025515538071
3197.838958,0.9776798639581761
3198.080012,0.9779732119173572
3198.321066,0.9782803437230693
3198.56212,0.977482392570938
3198.803174,0.9782803437230693
3199.044228,0.9772243712796084
3199.285282,0.9772722564469781
3199.526336,0.9776300035565653
3199.76739,0.9772859383543415
3200.008444,0.9778930214018361
3200.249498,0.9770006125199412
3200.490552,0.9772624837732771
3200.731606,0.9780045075608662
3200.97266,0.9774090841405957
3201.213714,0.9769888885829346
3201.454768,0.9768648188726781
3201.695822,0.9773250305737148
3201.936876,0.9773924683274001
3202.17793,0.9774296099468829
3202.418984,0.9771755112825545
3202.660038,0.9768042551314033
3202.901092,0.9770230837924477
3203.142146,0.9774208131199792
3203.3832,0.9770084285561055
3203.624254,0.9780778606496398
3203.865308,0.9776759532465417
3204.106362,0.9781160064300429
3204.347416,0.9777688368740025
3204.58847,0.9781072034255986
3204.829524,0.9780446065677002
3205.070578,0.9784603638676598
3205.311632,0.978480911751053
3205.552686,0.9784613423285129
3205.79374,0.978433945794481
3206.034794,0.9795264876029239
3206.275848,0.9784672131141792
3206.516902,0.9791376927682267
3206.757956,0.97993993501196
3206.99901,0.9793609616138591
3207.240064,0.9794020956380554
3207.481118,0.9797204530494148
3207.722172,0.9796156285691483
3207.963226,0.980568277872675
3208.20428,0.9803447337903138
3208.445334,0.9808517030579468
3208.686388,0.9806290749905943
3208.927442,0.979993833190572
3209.168496,0.9806898758780518
3209.40955,0.9808144314013966
3209.650604,0.9804672845412999
3209.891658,0.9818448274176089
3210.132712,0.9822052305992098
3210.373766,0.9821089792030065
3210.61482,0.9820019351582798
3210.855874,0.9829451096673604
3211.096928,0.9833600000393513
3211.337982,0.9835399713862345
3211.579036,0.9832518363884568
3211.82009,0.9827308509884973
3212.061144,0.9842444381747616
3212.302198,0.9840043118284525
3212.543252,0.9842641232603753
3212.784306,0.9841558601613962
3213.02536,0.9843635389572327
3213.266414,0.9844019298838703
3213.507468,0.9855238024671584
3213.748522,0.9850951928424373
3213.989576,0.9849976732456456
3214.23063,0.9859437250441679
3214.471684,0.9861310721493377
3214.712738,0.9859249922913538
3214.953792,0.9867426629876388
3215.194846,0.9866104483293785
3215.4359,0.986170518181139
3215.676954,0.9862060209588397
3215.918008,0.9864930486714455
3216.159062,0.9863628401829702
3216.400116,0.987666686495736
3216.64117,0.9871749509381776
3216.882224,0.9870476135829426
3217.123278,0.9870713030099406
3217.364332,0.9870328079797811
3217.605386,0.9883948651445551
3217.84644,0.9875136100230623
3218.087494,0.9883701555817973
3218.328548,0.9875392857107054
3218.569602,0.9875244727325173
3218.810656,0.9885411584100311
3219.05171,0.9875758253402556
3219.292764,0.9877249605493069
3219.533818,0.988052939677732
3219.774872,0.9877249605493069
3220.015926,0.9889425876049579
3220.25698,0.9884274827132917
3220.498034,0.9879017791420371
3220.739088,0.9883760858205215
3220.980142,0.9885431354943249
3221.221196,0.987799042699394
3221.46225,0.9884541706156101
3221.703304,0.9873111904817193
3221.944358,0.9883948651445551
3222.185412,0.9874691729104538
3222.426466,0.9883671904757781
3222.66752,0.9886024498618678
3222.908574,0.9884561475259283
3223.149628,0.9882031351391288
3223.390682,0.9879422839453248
3223.631736,0.9881942413509347
3223.87279,0.9874415241606965
3224.113844,0.9875787880721757
3224.354898,0.988136927747047
3224.595952,0.9877684214037028
3224.837006,0.9878681910525471
3225.07806,0.9879719226584216
3225.319114,0.9869824705901885
3225.560168,0.9873990650880342
3225.801222,0.9878336162709225
3226.042276,0.9874780601730025
3226.28333,0.987016028564671
3226.524384,0.98720259222378
3226.765438,0.9863677720095005
3227.006492,0.9867268752313334
3227.247546,0.9865098191958219
3227.4886,0.987124606299479
3227.729654,0.9868245660275959
3227.970708,0.9868077901525688
3228.211762,0.9864013090838759
3228.452816,0.9867051674788645
3228.69387,0.9865206708635171
3228.934924,0.9865857833764834
3229.175978,0.9853158788815476
3229.417032,0.986191227979473
3229.658086,0.9859190767591467
3229.89914,0.985742613038381
3230.140194,0.9854587600426192
3230.381248,0.9857731715330393
3230.622302,0.9865039001546638
3230.863356,0.9855996907216088
3231.10441,0.9858618951109784
3231.345464,0.9853562776607511
3231.586518,0.9858776690274912
3231.827572,0.9858106316252948
3232.068626,0.985616446058771
3232.30968,0.9851493745680274
3232.550734,0.9856085611587422
3232.791788,0.9852597174770665
3233.032842,0.9851631667558165
3233.273896,0.9849385751582111
3233.51495,0.9848647075351448
3233.756004,0.9851129247154948
3233.997058,0.9852607027372767
3234.238112,0.9851188354107752
3234.479166,0.9843714138970442
3234.72022,0.9841597967927102
3234.961274,0.9850912524695467
3235.202328,0.9840692582562418
3235.443382,0.9846116298271868
3235.684436,0.9848006934096366
3235.92549,0.9841115741441319
3236.166544,0.9846224606146841
3236.407598,0.9848440255934477
3236.648652,0.985234101057427
3236.889706,0.9847268361273136
3237.13076,0.9846687389578654
3237.371814,0.9849218313447563
3237.612868,0.9852646437879697
3237.853922,0.9847051723752209
3238.094976,0.9844137427779062
3238.33603,0.9835901332038907
3238.577084,0.9846992641619113
3238.818138,0.9847278208546422
3239.059192,0.984716004191692
3239.300246,0.9851336123041328
3239.5413,0.9850114633096012
3239.782354,0.986062045390252
3240.023408,0.9852134113585475
3240.264462,0.9855671664684681
3240.505516,0.9851533151734069
3240.74657,0.984586030257607
3240.987624,0.9856962842243038
3241.228678,0.9849710786674963
3241.469732,0.9857051555307826
3241.710786,0.9855395709741457
3241.95184,0.9852607027372767
3242.192894,0.9856292591558546
3242.433948,0.9853759849833769
3242.675002,0.9854459491620096
3242.916056,0.9856085611587422
3243.15711,0.9864752919563803
3243.398164,0.9865621056018168
3243.639218,0.9864072275094857
3243.880272,0.9864930486714455
3244.121326,0.9868679872637613
3244.36238,0.9857150126316233
3244.603434,0.9868709478721641
3244.844488,0.9861774213989275
3245.085542,0.9855622386449553
3245.326596,0.9863243727823222
3245.56765,0.9870446524445435
3245.808704,0.9869597702544198
3246.049758,0.9871759381136221
3246.290812,0.9869577963368532
3246.531866,0.9872677497450414
3246.77292,0.9879847663769001
3247.013974,0.9872776224719024
3247.255028,0.9874227629499696
3247.496082,0.9879383321840925
3247.737136,0.9881151889737639
3247.97819,0.987692366163419
3248.219244,0.9871137479885305
3248.460298,0.9867870674065652
3248.701352,0.9875758253402556
3248.942406,0.9876429827797057
3249.18346,0.9879086944786948
3249.424514,0.9881507617608732
3249.665568,0.9884413207949161
3249.906622,0.9887388864138543
3250.147676,0.9890078599697042
3250.38873,0.9877931159229182
3250.629784,0.9885678493816347
3250.870838,0.988728999074427
3251.111892,0.9890493991721401
3251.352946,0.9890177500977545
3251.594,0.9889623666544999
3251.835054,0.9895767030158897
3252.076108,0.9898033420300572
3252.317162,0.989032585475271
3252.558216,0.9895816509117746
3252.79927,0.9882298169839809
3253.040324,0.9891611680690703
3253.281378,0.9891552331198668
3253.522432,0.990044883512375
3253.763486,0.990318569739872
3254.00454,0.989674675959069
3254.245594,0.9906774271607852
3254.486648,0.989354073304493
3254.727702,0.9895262358909586
3254.968756,0.9905901523239653
3255.20981,0.9906961511410995
3255.450864,0.9903562025605411
3255.691918,0.9897855257302477
3255.932972,0.9892709710526788
3256.174026,0.9902523196436468
3256.41508,0.9901476555050577
3256.656134,0.9905494399053507
3256.897188,0.9902019170833329
3257.138242,0.9901768652917373
3257.379296,0.990172409505869
3257.62035,0.9909042191792186
3257.861404,0.9899825126494164
3258.102458,0.9905891617343083
3258.343512,0.9911315586819422
3258.584566,0.9909958820588355
3258.82562,0.9906250217110247
3259.066674,0.9906967455589686
3259.307728,0.9902656881401991
3259.548782,0.9906839656533815
3259.789836,0.9907955229484718
3260.03089,0.9906427540576174
3260.271944,0.9905543926649322
3260.512998,0.9909363249960313
3260.754052,0.9902956936451309
3260.995106,0.9911780438421129
3261.23616,0.9913270290980639
3261.477214,0.9902763830673835
3261.718268,0.9903832396539257
3261.959322,0.990893319292757
3262.200376,0.9907713478326495
3262.44143,0.9902238998098996
3262.682484,0.9900458735577534
3262.923538,0.9904344437910313
3263.164592,0.9910108462096336
3263.405646,0.9899538035728332
3263.6467,0.9907615392448585
3263.887754,0.9913172150090557
3264.128808,0.9904401883274645
3264.369862,0.9904394950195753
3264.610916,0.9903621447155829
3264.85197,0.9901956788309059
3265.093024,0.9903275816798609
3265.334078,0.9906906032581873
3265.575132,0.991034828962302
3265.816186,0.9898746104363151
3266.05724,0.990602435718011
3266.298294,0.9904331562270914
3266.539348,0.9898033420300572
3266.780402,0.9905815342271289
3267.021456,0.9907634216935715
3267.26251,0.9905670718423049
3267.503564,0.989568786433932
3267.744618,0.9891740272478396
3267.985672,0.9906859470232942
3268.226726,0.99042493566601
3268.46778,0.9895064455641447
3268.708834,0.9900908226607499
3268.949888,0.9895856092462949
3269.190942,0.9896667585933309
3269.431996,0.9897251506546367
3269.67305,0.9899686529912571
3269.914104,0.9901632009452804
3270.155158,0.9897875053032787
3270.396212,0.9895727447169943
3270.637266,0.990347784568596
3270.87832,0.989578682171275
3271.119374,0.9899498437655385
3271.360428,0.9896370690359186
3271.601482,0.9895579012371499
3271.842536,0.9894124469168225
3272.08359,0.9893560520146183
3272.324644,0.9899617232349405
3272.565698,0.9896934799565497
3272.806752,0.9886538585258744
3273.047806,0.9895816509117746
3273.28886,0.9894253093622382
3273.529914,0.9884848131698563
3273.770968,0.9894619187759546
3274.012022,0.9889237978742965
3274.253076,0.9887616276697654
3274.49413,0.9896944696505244
3274.735184,0.9891671030538837
3274.976238,0.9886340856464333
3275.217292,0.9888733640466784
3275.458346,0.9890375306505613
3275.6994,0.9884166100707815
3275.940454,0.9886588018075252
3276.181508,0.9891740272478396
3276.422562,0.9890048929505748
3276.663616,0.9893471478502189
3276.90467,0.9885134796451001
3277.145724,0.9877852136096
3277.386778,0.989085005591422
3277.627832,0.9898290772515063
3277.868886,0.9883553301406547
3278.10994,0.9885915752947296
3278.350994,0.9888634753624814
3278.592048,0.9884512052575463
3278.833102,0.9884037607383714
3279.074156,0.98845713598257
3279.31521,0.9886726431276395
3279.556264,0.9886597904668213
3279.797318,0.9885253418780291
3280.038372,0.9885816894284061
3280.279426,0.9875432358757484
3280.52048,0.9881290226832453
3280.761534,0.9890009369389151
3281.002588,0.9875560740212627
3281.243642,0.9882337699111547
3281.484696,0.9887230667182296
3281.72575,0.9881902885818749
3281.966804,0.9881448328740894
3282.207858,0.9881636078042753
3282.448912,0.9884798707581465
3282.689966,0.9884017839328268
3282.93102,0.9886825299035046
3283.172074,0.987361544636454
3283.413128,0.9872657752115165
3283.654182,0.9871996306204458
3283.895236,0.9883266682516799
3284.13629,0.9887616276697654
3284.377344,0.9887596501484875
3284.618398,0.9882021469364879
3284.859452,0.9880993792572184
3285.100506,0.9872401066350539
3285.34156,0.9881240820504834
3285.582614,0.9879897063130818
3285.823668,0.9875392857107054
3286.064722,0.9886716544554908
3286.305776,0.9880312027521662
3286.54683,0.9874247377974703
3286.787884,0.9881339633407104
3287.028938,0.9882772531536551
3287.269992,0.9882021469364879
3287.511046,0.987843494656477
3287.7521,0.9882871359756007
3287.993154,0.9882831828349631
3288.234208,0.9877624948109542
3288.475262,0.9884245174352916
3288.716316,0.9878652274524193
3288.95737,0.9874355995293255
3289.198424,0.98782966494436
3289.439478,0.9882910891320509
3289.680532,0.9879235132202523
3289.921586,0.9883998071312358
3290.16264,0.9878069451233452
3290.403694,0.9882831828349631
3290.644748,0.9878889365023856
3290.885802,0.987400052487593
3291.126856,0.9880479994253842
3291.36791,0.9893352757556775
3291.608964,0.9876844646560958
3291.850018,0.9879837783926277
3292.091072,0.9884976635559548
3292.332126,0.9884047491426264
3292.57318,0.9878958517491445
3292.814234,0.9872450428479276
3293.055288,0.987495834938058
3293.296342,0.9877358255836305
3293.537396,0.9879541393238642
3293.77845,0.9880252745827341
3294.019504,0.9883395165818812
3294.260558,0.9878652274524193
3294.501612,0.9881784303695613
3294.742666,0.9883118434628424
3294.98372,0.9887121908243133
3295.224774,0.9887458076102834
3295.465828,0.9888783084258596
3295.706882,0.987805957316894
3295.947936,0.988253534784201
3296.18899,0.9885797122670044
3296.430044,0.9880302147214574
3296.671098,0.9888506202208603
3296.912152,0.9888100781765489
3297.153206,0.9881260583006238
3297.39426,0.9875007724295765
3297.635314,0.9885372042533057
3297.876368,0.9888634753624814
3298.117422,0.9882910891320509
3298.358476,0.9884304480001879
3298.59953,0.9886123359357968
3298.840584,0.988226852298977
3299.081638,0.9888298545758757
3299.322692,0.9887448188649702
3299.563746,0.9879156098637599
3299.8048,0.9889950029510954
3300.045854,0.9890157720642323
3300.286908,0.9889475323302578
3300.527962,0.9889040195961224
3300.769016,0.9891225915357629
3301.01007,0.9888852305982462
3301.251124,0.988892152819088
3301.492178,0.9887280103459223
3301.733232,0.98877250410749
3301.974286,0.9891314936791463
3302.21534,0.9886054156736662
3302.456394,0.99043464187794
3302.697448,0.9889495102273004
3302.938502,0.98866572244336
3303.179556,0.9896044115514919
3303.42061,0.9888694085611333
3303.661664,0.9887309765344027
3303.902718,0.9891077548081656
3304.143772,0.9892234871856902
3304.384826,0.9902729171061082
3304.62588,0.9893026282302646
3304.866934,0.9900023124976672
3305.107988,0.989695459345489
3305.349042,0.9895737342902338
3305.590096,0.9892778959737134
3305.83115,0.9888436982907456
3306.072204,0.989358030728701
3306.313258,0.9882614408441035
3306.554312,0.9889880800103051
3306.795366,0.9892086489446695
3307.03642,0.9885372042533057
3307.277474,0.9889554439421628
3307.518528,0.988580700847211
3307.759582,0.988963355617361
3308.000636,0.9884383554754017
3308.24169,0.9890919292106938
3308.482744,0.9888595199164909
3308.723798,0.9891492982062727
3308.964852,0.9890395087276007
3309.205906,0.9894648871661634
3309.44696,0.9885895981135562
3309.688014,0.9891216024136659
3309.929068,0.9896529033556974
3310.170122,0.9896717069394947
3310.411176,0.9899340046947512
3310.65223,0.9899656830897531
3310.893284,0.9897548428545372
3311.134338,0.9894322353636447
3311.375392,0.9898053216387208
3311.616446,0.9893629775312216
3311.8575,0.9893234038036002
3312.098554,0.9893135106190282
3312.339608,0.9889831350822673
3312.580662,0.9894262987880422
3312.821716,0.9899250953288011
3313.06277,0.9900171626437305
3313.303824,0.9887141682506724
3313.544878,0.9891908433492393
3313.785932,0.9903229271511651
3314.026986,0.9892185410806196
3314.26804,0.9894282776426186
3314.509094,0.9894055210539346
3314.750148,0.9888595199164909
3314.991202,0.9897865155162684
3315.232256,0.9900023124976672
3315.47331,0.9894678555652776
3315.714364,0.9893768287098651
3315.955418,0.9890009369389151
3316.196472,0.9891690813900681
3316.437526,0.9889188532676686
3316.67858,0.989915196127344
3316.919634,0.98934121178514
3317.160688,0.9896380586734825
3317.401742,0.9894173939914248
3317.642796,0.9894480664060585
3317.88385,0.9888802861844542
3318.124904,0.9899785527272857
3318.365958,0.9888407317641005
3318.607012,0.9888832528297627
3318.848066,0.9891512765068475
3319.08912,0.9882782414314024
3319.330174,0.9886103587131021
3319.571228,0.9896073803691798
3319.812282,0.9885243533531815
3320.053336,0.9883078902233751
3320.29439,0.9883849812453233
3320.535444,0.9888179886888163
3320.776498,0.9885856437630725
3321.017552,0.9890404977676039
3321.258606,0.9887280103459223
3321.49966,0.9890978637800727
3321.740714,0.9891918325405773
3321.981768,0.9876390322156758
3322.222822,0.9884531821619337
3322.463876,0.9891018201794406
3322.70493,0.98870922469219
3322.945984,0.9890207171554554
3323.187038,0.9888852305982462
3323.428092,0.989429267071391
3323.669146,0.9884917325877665
3323.9102,0.9879027670443102
3324.151254,0.9880855459627421
3324.392308,0.9882683586984018
3324.633362,0.9885312730478739
3324.874416,0.9885490667709318
3325.11547,0.987663723500121
3325.356524,0.988825899264368
3325.597578,0.9881655841334672
3325.838632,0.9887191118338725
3326.079686,0.9881102484101705
3326.32074,0.9879027670443102
3326.561794,0.9872578771169072
3326.802848,0.9874434990457197
3327.043902,0.9871877842959564
3327.284956,0.9882219111770684
3327.52601,0.9883049253041517
3327.767064,0.9875975522474082
3328.008118,0.987975874554016
3328.249172,0.9877516294832707
3328.490226,0.9869548354679055
3328.73128,0.9878276892870058
3328.972334,0.9877792869160985
3329.213388,0.9868739084894486
3329.454442,0.9871769252900539
3329.695496,0.9880183584300186
3329.93655,0.9873279749146249
3330.177604,0.9867397027640902
3330.418658,0.9866213011040003
3330.659712,0.98649798114902
3330.900766,0.9875422483330064
3331.14182,0.9877654581028836
3331.382874,0.987006158453736
3331.623928,0.9863727038606902
3331.864982,0.9858776690274912
3332.106036,0.9855425275972935
3332.34709,0.9869094365896562
3332.588144,0.9870328079797811
3332.829198,0.9862937972006899
3333.070252,0.98585992338916
3333.311306,0.9862434974996859
3333.55236,0.9861320582809029
3333.793414,0.9861143080636062
3334.034468,0.9852784375895391
3334.275522,0.9850725359135576
3334.516576,0.9849050878159439
3334.75763,0.9858293622052356
3334.998684,0.9854784694149132
3335.239738,0.9859614721909425
3335.480792,0.985665728113115
3335.721846,0.9861261415063035
3335.9629,0.9846963100685501
3336.203954,0.9851414934045556
3336.445008,0.9843507423144047
3336.686062,0.9844550890233679
3336.927116,0.9845456630578997
3337.16817,0.9849582741267033
3337.409224,0.9846510150800796
3337.650278,0.9839934878405545
3337.891332,0.9848302378736037
3338.132386,0.9842749502252793
3338.37344,0.9833836009625623
3338.614494,0.984078114919421
3338.855548,0.9838311423089354
3339.096602,0.9837750655320272
3339.337656,0.983580297351738
3339.57871,0.9831751457361929
3339.819764,0.9825687137747723
3340.060818,0.9841312565724384
3340.301872,0.9838596738257674
3340.542926,0.9832951004210597
3340.78398,0.9829205363467864
3341.025034,0.9824675144091103
3341.266088,0.9819597099829158
3341.507142,0.9826316001847974
3341.748196,0.9836275103391136
3341.98925,0.9831200894696215
3342.230304,0.9823319432467471
3342.471358,0.9822199637881674
3342.712412,0.9819921151880282
3342.953466,0.9821718361890777
3343.19452,0.981798681795151
3343.435574,0.9812941669441325
3343.676628,0.9824626020838191
3343.917682,0.9815954705011138
3344.158736,0.9818026089977325
3344.39979,0.9825510276970995
3344.640844,0.9816818547033671
3344.881898,0.9812215538624958
3345.122952,0.9809890319091702
3345.364006,0.9811567953769944
3345.60506,0.9808978041713582
3345.846114,0.9808830908146461
3346.087168,0.9808477796589814
3346.328222,0.9809998228478712
3346.569276,0.9812774850850906
3346.81033,0.9809900128986926
3347.051384,0.9814207620568774
3347.292438,0.9806153462796456
3347.533492,0.9808693585475008
3347.774546,0.9799801133729462
3348.0156,0.9800310736637977
3348.256654,0.9805692584414432
3348.497708,0.9798390063965666
3348.738762,0.9797400476544212
3348.979816,0.9802025941092901
3349.22087,0.9792532378329981
3349.461924,0.9789859381871315
3349.702978,0.9786355239491517
3349.944032,0.978969295567645
3350.185086,0.979377610891725
3350.42614,0.9785337511469384
3350.667194,0.9785220088123788
3350.908248,0.9789536321842234
3351.149302,0.9788263764838391
3351.390356,0.9779468069971035
3351.63141,0.9773670564535795
3351.872464,0.9778343495807242
3352.113518,0.977152059351708
3352.354572,0.9776104511520187
3352.595626,0.9764800099463787
3352.83668,0.9772927793798535
3353.077734,0.9770396933260529
3353.318788,0.9765884052433104
3353.559842,0.9762183483679306
3353.800896,0.9751207202575943
3354.04195,0.9751002429374815
3354.283004,0.9748155552329715
3354.524058,0.9748467498298498
3354.765112,0.973528674056664
3355.006166,0.9747629166142443
3355.24722,0.9740584177325665
3355.488274,0.9731763204565049
3355.729328,0.9736532937024304
3355.970382,0.9731850790828028
3356.211436,0.9725293733371598
3356.45249,0.9729301379908245
3356.693544,0.9714912664142068
3356.934598,0.9711435347885053
3357.175652,0.9710250625042175
3357.416706,0.9709706866232561
3357.65776,0.9700972061304769
3357.898814,0.9698983565859948
3358.139868,0.9687148333805573
3358.380922,0.96831580507468
3358.621976,0.9681405557745015
3358.86303,0.9672154556714871
3359.104084,0.9666817000700556
3359.345138,0.9674737366771313
3359.586192,0.966447791402729
3359.827246,0.965065793668444
3360.0683,0.9649007815266669
3360.309354,0.9634410270564064
3360.550408,0.963487273335607
3360.791462,0.9626330390330785
3361.032516,0.962804402964964
3361.27357,0.9608730314697426
3361.514624,0.9604849171693963
3361.755678,0.9599241577354616
3361.996732,0.9593685225200503
3362.237786,0.9581537723087783
3362.47884,0.958406758297349
3362.719894,0.9567922459192449
3362.960948,0.956198262385505
3363.202002,0.9556371387113952
3363.443056,0.9560424147706619
3363.68411,0.9545349695272561
3363.925164,0.9533759138082155
3364.166218,0.9530937562990998
3364.407272,0.9513759251123447
3364.648326,0.9512218146957573
3364.88938,0.949750462447066
3365.130434,0.9491950209090249
3365.371488,0.9490744807958286
3365.612542,0.9477258559836311
3365.853596,0.9470238512492227
3366.09465,0.9464747366741185
3366.335704,0.9448378060771035
3366.576758,0.9451260255591938
3366.817812,0.9435461516514533
3367.058866,0.9424899715328762
3367.29992,0.9429575625117329
3367.540974,0.941195879556768
3367.782028,0.9404958902506887
3368.023082,0.9401141264225481
3368.264136,0.9390007509879681
3368.50519,0.9386834223656925
3368.746244,0.9382836283899276
3368.987298,0.9377048859516133
3369.228352,0.936816362946179
3369.469406,0.9359417849546879
3369.71046,0.935146572450669
3369.951514,0.934615560019324
3370.192568,0.9333556136537525
3370.433622,0.9335628416014348
3370.674676,0.932926368805356
3370.91573,0.9318364150822976
3371.156784,0.9308268516905644
3371.397838,0.9304527344987786
3371.638892,0.9302796863841355
3371.879946,0.9293470836371537
3372.121,0.9300443553941058
3372.362054,0.9289336161882656
3372.603108,0.9285974030774501
3372.844162,0.9281944792453104
3373.085216,0.9278808025256775
3373.32627,0.9281146579524602
3373.567324,0.9273019855145903
3373.808378,0.9272166776561447
3374.049432,0.9267281632018848
3374.290486,0.9263631042269238
3374.53154,0.9262584311102887
3374.772594,0.926458524540721
3375.013648,0.9264965101189262
3375.254702,0.9259046679626676
3375.495756,0.9260000410550977
3375.73681,0.9262232339586566
3375.977864,0.9259620758317069
3376.218918,0.9261482129150992
3376.459972,0.9260130051464209
3376.701026,0.926453892259679
3376.94208,0.9268217674733044
3377.183134,0.9259657796874179
3377.424188,0.9273140405187594
3377.665242,0.9274716973060948
3377.906296,0.927626598013394
3378.14735,0.9280172110294281
3378.388404,0.9282278948480405
3378.629458,0.9289168955336605
3378.870512,0.9292188425884477
3379.111566,0.9294251520710075
3379.35262,0.9306472194432577
3379.593674,0.9300648165949968
3379.834728,0.9308221975679414
3380.075782,0.9313352219240318
3380.316836,0.9319734051038346
3380.55789,0.9317003768967248
3380.798944,0.9327034260459324
3381.039998,0.9335507053633796
3381.281052,0.934822132883549
3381.522106,0.9344034263652803
3381.76316,0.9352737610331499
3382.004214,0.9355225769446338
3382.245268,0.9378802531616094
3382.486322,0.937654251254921
3382.727376,0.938499458443962
3382.96843,0.9386918705545105
3383.209484,0.9396432472103023
3383.450538,0.9406548474876493
3383.691592,0.9409897802278453
3383.932646,0.942635126165112
3384.1737,0.9426436099194243
3384.414754,0.9437046807209998
3384.655808,0.9436716516351868
3384.896862,0.9453235775419988
3385.137916,0.9465059708557899
3385.37897,0.9467057046868187
3385.620024,0.9477628180127693
3385.861078,0.9479798805508063
3386.102132,0.9489084072935446
3386.343186,0.9503622987350208
3386.58424,0.9504630424780107
3386.825294,0.9511733036202508
3387.066348,0.9528335972169606
3387.307402,0.9533501730060451
3387.548456,0.9533501730060451
3387.78951,0.9543049543175461
3388.030564,0.9542295672039853
3388.271618,0.956737710315507
3388.512672,0.9569281200650015
3388.753726,0.9571262246889761
3388.99478,0.9585419031777591
3389.235834,0.9595172361660508
3389.476888,0.959585364308339
3389.717942,0.9602717131843027
3389.958996,0.96063092197289
3390.20005,0.9621075848558107
3390.441104,0.9623260080676697
3390.682158,0.96296809362678
3390.923212,0.9641956967952378
3391.164266,0.9649905214721917
3391.40532,0.9651005366623862
3391.646374,0.9656266598104024
3391.887428,0.9666749333218388
3392.128482,0.9672850976913782
3392.369536,0.9680921499568683
3392.61059,0.9684881806289524
3392.851644,0.9684194204091444
3393.092698,0.9679759858688581
3393.333752,0.9698459834888256
3393.574806,0.9699177547471075
3393.81586,0.9704746473512195
3394.056914,0.9710726438980148
3394.297968,0.9714834945151631
3394.539022,0.9720791964612935
3394.780076,0.9719858813376309
3395.02113,0.9724078147630619
3395.262184,0.9733359344610504
3395.503238,0.9734391135384978
3395.744292,0.9732824024567986
3395.985346,0.9743555508604735
3396.2264,0.9743233976578258
3396.467454,0.9743331409405188
3396.708508,0.975726458287066
3396.949562,0.9750826912910739
3397.190616,0.9748175048660315
3397.43167,0.9750193129759576
3397.672724,0.9762329917529813
3397.913778,0.9757362156004353
3398.154832,0.9768179304867024
3398.395886,0.9761666101665416
3398.63694,0.9760885199613781
3398.877994,0.9770582572565829
3399.119048,0.9776671542025581
3399.360102,0.9778490172059748
3399.601156,0.9782412132919343
3399.84221,0.9780426504804433
3400.083264,0.9777512371933363
3400.324318,0.9787784151664533
3400.565372,0.9780651457200985
3400.806426,0.9782519740044643
3401.04748,0.9786061653238147
3401.288534,0.9794040544442054
3401.529588,0.9790456581508014
3401.770642,0.9803976738353068
3402.011696,0.9798968186033874
3402.25275,0.9801878911806507
3402.493804,0.9804319883543916
3402.734858,0.9804212036618357
3402.975912,0.9803457141355377
3403.216966,0.9808536647633146
3403.45802,0.9811450215660928
3403.699074,0.9812451034623826
3403.940128,0.9817368304265364
3404.181182,0.9820068451802306
3404.422236,0.9818458092629273
3404.66329,0.982217017132696
3404.904344,0.9814933898804661
3405.145398,0.9821846045059419
3405.386452,0.9818369726904085
3405.627506,0.9830729008378631
3405.86856,0.9834475229740677
3406.109614,0.9829687006330828
3406.350668,0.9831151738814632
3406.591722,0.9828419058491406
3406.832776,0.9834160531568522
3407.07383,0.9834799772778189
3407.314884,0.9834996470740617
3407.555938,0.9839236267830147
3407.796992,0.9840417047027621
3408.038046,0.9845781536008716
3408.2791,0.9859723178267875
3408.520154,0.9840879557497743
3408.761208,0.9847455461149444
3409.002262,0.9855908203643089
3409.243316,0.9846017837601189
3409.48437,0.985786972454047
3409.725424,0.9852666143192278
3409.966478,0.984831222704334
3410.207532,0.9845978453608606
3410.448586,0.9864358337338717
3410.68964,0.9855415420552587
3410.930694,0.9854173716438599
3411.171748,0.9858086600060032
3411.412802,0.9857711999886678
3411.653856,0.9863283180877039
3411.89491,0.9864368201701986
3412.135964,0.9864318879984283
3412.377018,0.986682473520994
3412.618072,0.9867249017795564
3412.859126,0.9873773425475512
3413.10018,0.9874198006861241
3413.341234,0.9875076849591773
3413.582288,0.987683476972125
3413.823342,0.9871255934245788
3414.064396,0.9870446524445435
3414.30545,0.987666686495736
3414.546504,0.9872381321568151
3414.787558,0.9881912767726575
3415.028612,0.9869331227003666
3415.269666,0.9871423747023075
3415.51072,0.9879462357223641
3415.751774,0.9886271652320553
3415.992828,0.9886064042795761
3416.233882,0.9887715153354802
3416.474936,0.9881912767726575
3416.71599,0.9887705265644593
3416.957044,0.9888021677275654
3417.198098,0.9889791791576389
3417.439152,0.9889920359705371
3417.680206,0.9891572114323113
3417.92126,0.988161631479036
3418.162314,0.9895064455641447
3418.403368,0.9892264548606032
3418.644422,0.9895014980442857
3418.885476,0.9896222245912167
3419.12653,0.9897093151789104
3419.367584,0.9895767030158897
3419.608638,0.9898775800646008
3419.849692,0.9896756656342398
3420.090746,0.9902398425430252
3420.3318,0.9905812370527132
3420.572854,0.9902217213197163
3420.813908,0.9899349946292508
3421.054962,0.990171023265466
3421.296016,0.9899023273134417
3421.53707,0.9907382566222582
3421.778124,0.9908347592280539
3422.019178,0.990893418382094
3422.260232,0.9897845359452169
3422.501286,0.9914919004916793
3422.74234,0.9902947033499324
3422.983394,0.9899607332737121
3423.224448,0.990807016243199
3423.465502,0.9917800699069503
3423.706556,0.9908250490949931
3423.94761,0.9902305343322539
3424.188664,0.9914805975484406
3424.429718,0.9906342345665664
3424.670772,0.9908096914257544
3424.911826,0.9918527700505022
3425.15288,0.9913728294647886
3425.393934,0.9914029676569025
3425.634988,0.9913503255569801
3425.876042,0.9916295291186733
3426.117096,0.9911150069231198
3426.35815,0.9921841042054228
3426.599204,0.9906294795336525
3426.840258,0.9913953338834416
3427.081312,0.9915167872507092
3427.322366,0.9908299041496286
3427.56342,0.9914046530433801
3427.804474,0.9908003778584288
3428.045528,0.9910760568687214
3428.286582,0.9911991561592921
3428.527636,0.9924270206058865
3428.76869,0.9910831926420196
3429.009744,0.9915882781882873
3429.250798,0.9916911112245362
3429.491852,0.9919007768863287
3429.732906,0.9907120024063276
3429.97396,0.9921211025151305
3430.215014,0.9920697119730468
3430.456068,0.9912904498055823
3430.697122,0.9914831754013455
3430.938176,0.9920677278356069
3431.17923,0.9915937319388152
3431.420284,0.9918060548851836
3431.661338,0.9915051865721625
3431.902392,0.9911220438646501
3432.143446,0.9919195239881714
3432.3845,0.9927116894949637
3432.625554,0.9910642631338175
3432.866608,0.9918126008267474
3433.107662,0.9920060231419715
3433.348716,0.9913013540605035
3433.58977,0.99200641994446
3433.830824,0.9921328096132119
3434.071878,0.9918989914665371
3434.312932,0.9924074699861548
3434.553986,0.9917586476888011
3434.79504,0.9920422320226242
3435.036094,0.9910736782890391
3435.277148,0.9921306269234318
3435.518202,0.9932356816966931
3435.759256,0.9917907811895461
3436.00031,0.9920517556737651
3436.241364,0.9915954176495922
3436.482418,0.9923041657456083
3436.723472,0.9929130318410172
3436.964526,0.9922677488509796
3437.20558,0.992034097309674
3437.446634,0.9935795000604641
3437.687688,0.9920545334225698
3437.928742,0.991647576940338
3438.169796,0.992488255242127
3438.41085,0.9922937466065685
3438.651904,0.9924426018324224
3438.892958,0.9917519037529262
3439.134012,0.9914515475925164
3439.375066,0.9927650988205565
3439.61612,0.9930356641728402
3439.857174,0.9930612848234808
3440.098228,0.9927371032395094
3440.339282,0.9926044824217845
3440.580336,0.9930868068264571
3440.82139,0.9926372389101834
3441.062444,0.9931271269693076
3441.303498,0.992916804917707
3441.544552,0.9931378528001983
3441.785606,0.9928954574358875
3442.02666,0.9926009090520798
3442.267714,0.9936003654490513
3442.508768,0.9921498744442945
3442.749822,0.9936279879231613
3442.990876,0.9938129192990446
3443.23193,0.9932408465356665
3443.472984,0.9932590230094723
3443.714038,0.9926593749674273
3443.955092,0.9936618712152564
3444.196146,0.993681347178796
3444.4372,0.9937100649846997
3444.678254,0.9932257493895378
3444.919308,0.9931066687612122
3445.160362,0.9934332559218879
3445.401416,0.9942374674526818
3445.64247,0.9935950993810695
3445.883524,0.9941249261413245
3446.124578,0.9935972852926925
3446.365632,0.9939751228029201
3446.606686,0.9942284199328942
3446.84774,0.9940688590765963
3447.088794,0.994274354346972
3447.329848,0.9937388829944435
3447.570902,0.9931208702881162
3447.811956,0.9936169587137076
3448.05301,0.994631362919387
3448.294064,0.9940263138399024
3448.535118,0.994265903050878
3448.776172,0.9939336749044939
3449.017226,0.9950595443960314
3449.25828,0.9944228105900588
3449.499334,0.9931961517032136
3449.740388,0.9949032328202025
3449.981442,0.994397055372796
3450.222496,0.9941897451995874
3450.46355,0.994240151897468
3450.704604,0.9951011387543032
3450.945658,0.9941959091951159
3451.186712,0.9944746213681496
3451.427766,0.9952730075614103
3451.66882,0.9948330946146895
3451.909874,0.9947143186342596
3452.150928,0.9951687084155887
3452.391982,0.9946318602351928
3452.633036,0.9947815635950534
3452.87409,0.9945892909025649
3453.115144,0.9946968118163122
3453.356198,0.994358374079698
3453.597252,0.9954140477390424
3453.838306,0.9945510994070756
3454.07936,0.9953347164008335
3454.320414,0.9952729080341146
3454.561468,0.9950891976122851
3454.802522,0.9943027910001485
3455.043576,0.9946983038626489
3455.28463,0.9957484634796573
3455.525684,0.9948593585550698
3455.766738,0.9965105024969797
3456.007792,0.9955620768136302
3456.248846,0.995680754886259
3456.4899,0.9959389683819339
3456.730954,0.9946252956865782
3456.972008,0.9955559043478885
3457.213062,0.9950538725727931
3457.454116,0.9954589419249518
3457.69517,0.9958980361314969
3457.936224,0.9946649820276133
3458.177278,0.995906999254156
3458.418332,0.9964002945300164
3458.659386,0.9951842331685327
3458.90044,0.995232202204616
3459.141494,0.9959960373198317
3459.382548,0.9953793083949815
3459.623602,0.9960554004526597
3459.864656,0.9953490493239464
3460.10571,0.995853620069571
3460.346764,0.9955570990156906
3460.587818,0.99651897287225
3460.828872,0.996322578338014
3461.069926,0.9959875713894947
3461.31098,0.9969858516936272
3461.552034,0.9950770575981285
3461.793088,0.9961199469338924
3462.034142,0.9961802140137427
3462.275196,0.9963272610651366
3462.51625,0.9965063171616584
3462.757304,0.9958684583990552
3462.998358,0.9959626720114535
3463.239412,0.9964010916505709
3463.480466,0.9970118733639377
3463.72152,0.9963630298558548
3463.962574,0.9963856475533424
3464.203628,0.9963189915831882
3464.444682,0.99681368710388
3464.685736,0.9971865651467045
3464.92679,0.9963663178592784
3465.167844,0.9964404502710187
3465.408898,0.9959984277131897
3465.649952,0.9971626329563283
3465.891006,0.9974814768145596
3466.13206,0.9966305892476119
3466.373114,0.9963607382235214
3466.614168,0.9972815018266207
3466.855222,0.9965983985994611
3467.096276,0.9968177740483753
3467.33733,0.9959784083459879
3467.578384,0.9974912521809315
3467.819438,0.9971331173792255
3468.060492,0.996644641837991
3468.301546,0.9966582959631146
3468.5426,0.9969422843638613
3468.783654,0.9971927477225743
3469.024708,0.9970112751569932
3469.265762,0.9977833603821238
3469.506816,0.9976518612012119
3469.74787,0.9969521541413319
3469.988924,0.9968857593388375
3470.229978,0.9971713083089728
3470.471032,0.99763779440914
3470.712086,0.997327677029103
3470.95314,0.9973684685652746
3471.194194,0.9983820103588615
3471.435248,0.9970828631365272
3471.676302,0.9968752920933176
3471.917356,0.9968914416038601
3472.15841,0.9974359926962626
3472.399464,0.9976830881931673
3472.640518,0.997569757831635
3472.881572,0.9984214472271438
3473.122626,0.9973602901773638
3473.36368,0.997952698586321
3473.604734,0.9969360036472541
3473.845788,0.9967508898197276
3474.086842,0.9975569890204553
3474.327896,0.9981408304008709
3474.56895,0.9975756435105689
3474.810004,0.9984302333745383
3475.051058,0.9978204786135249
3475.292112,0.997199428936366
3475.533166,0.9980270488318779
3475.77422,0.997362783581206
3476.015274,0.9972386196440156
3476.256328,0.9970563410851125
3476.497382,0.9978671777046741
3476.738436,0.9976421840250926
3476.97949,0.9968204654599987
3477.220544,0.9976061697923101
3477.461598,0.9972210683987613
3477.702652,0.9972801056334955
3477.943706,0.9972293453679784
3478.18476,0.9969775767453992
3478.425814,0.99761125759675
3478.666868,0.9973099247544476
3478.907922,0.9980445144580562
3479.148976,0.9976338038659435
3479.39003,0.9975146935007922
3479.631084,0.9973916077821592
3479.872138,0.997944415613297
3480.113192,0.9973174046069326
3480.354246,0.9973437341339625
3480.5953,0.9970179551549148
3480.836354,0.9973895132619821
3481.077408,0.9970615257915665
3481.318462,0.9972576670835533
3481.559516,0.9974548444146727
3481.80057,0.9970762824113469
3482.041624,0.9973426370564583
3482.282678,0.997371061726664
3482.523732,0.997250187679098
3482.764786,0.997292771171263
3483.00584,0.9974308060425858
3483.246894,0.9972660440831401
3483.487948,0.997537736356356
3483.729002,0.9973023452278216
3483.970056,0.997009979043178
3484.21111,0.9969969182980005
3484.452164,0.9967670373149371
3484.693218,0.997101409050258
3484.934272,0.9969098842661239
3485.175326,0.9968336235769861
3485.41638,0.996708728148814
3485.657434,0.997391707521325
3485.898488,0.9976508635498494
3486.139542,0.997679696076434
3486.380596,0.9973786417755373
3486.62165,0.9968196680039453
3486.862704,0.9970100787441809
3487.103758,0.9973690669865353
3487.344812,0.9974103589206457
3487.585866,0.9973982903283178
3487.82692,0.9966122514134784
3488.067974,0.9971505673614666
3488.309028,0.9963481841573106
3488.550082,0.9968771861581719
3488.791136,0.9958686575727669
3489.03219,0.9974609289077813
3489.273244,0.9966291939657638
3489.514298,0.9974673126781544
3489.755352,0.9973921064780878
3489.996406,0.9972418108127044
3490.23746,0.9968899462678192
3490.478514,0.9972373232346528
3490.719568,0.9968480777693206
3490.960622,0.9962662877025633
3491.201676,0.9968381093383851
3491.44273,0.9965690990372479
3491.683784,0.9964689488754246
3491.924838,0.9969632203716603
3492.165892,0.9964205216613
3492.406946,0.9969705979267879
3492.648,0.996857149128103
3492.889054,0.996996320100029
3493.130108,0.9963399145017012
3493.371162,0.996240584363915
3493.612216,0.9960910598742957
3493.85327,0.9972550742169897
3494.094324,0.9977433500715847
3494.335378,0.9974857659941315
3494.576432,0.9974086633244768
3494.817486,0.9965824531526474
3495.05854,0.9968418973303979
3495.299594,0.996266686209158
3495.540648,0.9962088047961607
3495.781702,0.9966108561573032
3496.022756,0.996947767561504
3496.26381,0.9966518177052452
3496.504864,0.9963728938986772
3496.745918,0.9961359845941409
3496.986972,0.997201323617081
3497.228026,0.9965520578513569
3497.46908,0.9952852494946911
3497.710134,0.9961349884586543
3497.951188,0.9965143888955179
3498.192242,0.9955312148676115
3498.433296,0.9956149425634822
3498.67435,0.9964458310639783
3498.915404,0.9970247349000608
3499.156458,0.9963933197523664
3499.397512,0.996069843360677
3499.638566,0.9965543499237258
3499.87962,0.9960609783785204
3500.120674,0.9961298085701821
3500.361728,0.9950930784677235
3500.602782,0.9959654607108392
3500.843836,0.996809500495186
3501.08489,0.9959603812999421
3501.325944,0.996611653446307
3501.566998,0.9958532217282027
3501.808052,0.9962653910633078
3502.049106,0.9966817177082742
3502.29016,0.9962623026453826
3502.531214,0.9954856205820878
3502.772268,0.9961349884586543
3503.013322,0.9958125917456134
3503.254376,0.9960708394310185
3503.49543,0.9959741256480399
3503.736484,0.9964813051669995
3503.977538,0.9962685791176601
3504.218592,0.9962052184509188
3504.459646,0.9970220429369108
3504.7007,0.9958223507568316
3504.941754,0.996530133947248
3505.182808,0.9957421902840979
3505.423862,0.9960479300651702
3505.664916,0.9959938461309599
3505.90597,0.995879910952179
3506.147024,0.9963391174300885
3506.388078,0.9956346559345067
3506.629132,0.9968170762761777
3506.870186,0.9973896130009384
3507.11124,0.9967128146629767
3507.352294,0.9969589334390295
3507.593348,0.9961541144340416
3507.834402,0.9967380318161833
3508.075456,0.9961206442180993
3508.31651,0.99629986244219
3508.557564,0.9965719890918256
3508.798618,0.9964392545431958
3509.039672,0.9973040406432496
3509.280726,0.9961378772543096
3509.52178,0.9974813770664168
3509.762834,0.997476289924366
3510.003888,0.99753743709508
3510.244942,0.9968309321298359
3510.485996,0.9967339451986303
3510.72705,0.9962970728064807
3510.968104,0.9977891475423968
3511.209158,0.9961451490873557
3511.450212,0.9972950649472745
3511.691266,0.9971965370622154
3511.93232,0.9974009833073373
3512.173374,0.9971402967635165
3512.414428,0.9978126956441453
3512.655482,0.9984797567422831
3512.896536,0.9980892278538765
3513.13759,0.9975522007583999
3513.378644,0.9972681383440317
3513.619698,0.9976353003177716
3513.860752,0.9978678762119431
3514.101806,0.9976576475987874
3514.34286,0.9980297435085476
3514.583914,0.9977069331039207
3514.824968,0.9980004018654126
3515.066022,0.9983954886069794
3515.307076,0.9988456667557744
3515.54813,0.9981647860682674
3515.789184,0.9980145735717381
3516.030238,0.9986331350120683
3516.271292,0.998278483512347
3516.512346,0.9988190978144071
3516.7534,0.9991088173393529
3516.994454,0.9987322043328185
3517.235508,0.9982040147151977
3517.476562,0.9987833407307609
3517.717616,0.9978818464600016
3517.95867,0.9983902969639369
3518.199724,0.9989488528426198
3518.440778,0.9982691995656209
3518.681832,0.9983453704114285
3518.922886,0.9983270010256118
3519.16394,0.9986778747786801
3519.404994,0.9991064994095854
3519.646048,0.9987636648927563
3519.887102,0.9985196967313472
3520.128156,0.9980066892877497
3520.36921,0.9987775478041843
3520.610264,0.9999094770974453
3520.851318,0.999192716029182
3521.092372,0.9990384126217343
3521.333426,0.9992392595098839
3521.57448,1.0000029684044056
3521.815534,1.0003343758911596
3522.056588,0.9991343748697797
3522.297642,0.9994867617518317
3522.538696,0.9988666427350232
3522.77975,0.9988571535469909
3523.020804,0.9991786075276379
3523.261858,0.9991144723112625
3523.502912,0.9993440752127773
3523.743966,0.9984895418918462
3523.98502,0.9987613677389687
3524.226074,0.9991828840212298
3524.467128,0.9992300265817822
3524.708182,0.9999419146870171
3524.949236,0.9991558065319744
3525.19029,0.9996940068254638
3525.431344,0.9992160374593342
3525.672398,0.9993649717158622
3525.913452,0.9989964039397222
3526.154506,0.99925888476166
3526.39556,0.9995248629133932
3526.636614,0.9996373557713198
3526.877668,0.9997243979852146
3527.118722,0.9991021433147442
3527.359776,0.9995697126001873
3527.60083,0.9993683995435939
3527.841884,0.999813797337868
3528.082938,0.9989591420687935
3528.323992,0.9996515507225557
3528.565046,0.9999586008569682
3528.8061,0.9996291487823187
3529.047154,0.9994341201704184
3529.288208,0.9994170499814258
3529.529262,0.999441316121989
3529.770316,0.999810477961571
3530.01137,1.0005203653430952
3530.252424,0.999718829535826
3530.493478,0.9988938122772097
3530.734532,1.0005225965059978
3530.975586,1.0000263433469798
3531.21664,1.0004359850138507
3531.457694,1.000071555559977
3531.698748,0.9996554893574247
3531.939802,1.0000738667280125
3532.180856,0.9999771782604199
3532.42191,0.999425045349807
3532.662964,1.0006389340314445
3532.904018,0.9992997752718386
3533.145072,0.9997792443701107
3533.386126,0.9992604835771547
3533.62718,0.9999155005702779
3533.868234,0.998826988516448
3534.109288,0.9999718893951105
3534.350342,0.9999694174676552
3534.591396,1.0001451605347709
3534.83245,0.9986968498385633
3535.073504,0.9996750328132783
3535.314558,1.0003218917960492
3535.555612,0.9991577548876969
3535.796666,0.9989554459268057
3536.03772,0.9991120644482857
3536.278774,1.0006096257462886
3536.519828,1.0000776680160042
3536.760882,0.9998985151499358
3537.001936,0.9994312318099848
3537.24299,1.0002323569907046
3537.484044,0.9992653100169462
3537.725098,0.9992960279047076
3537.966152,0.9997823336927488
3538.207206,0.9996477820433134
3538.44826,0.9997557298388151
3538.689314,0.9999663165672995
3538.930368,1.0006479498288563
3539.171422,1.0000946874825767
3539.412476,0.99997700626436
3539.65353,0.9991638098020379
3539.894584,0.9997241480541463
3540.135638,1.0002447099365928
3540.376692,0.9992752427634934
3540.617746,1.0002905622050222
3540.8588,0.9998169567544595
3541.099854,0.9998318641364189
3541.340908,0.9995402757056117
3541.581962,0.9999812381760053
3541.823016,1.0001177769351588
3542.06407,1.0001072257482697
3542.305124,1.0001628732624097
3542.546178,0.9997448425581985
3542.787232,0.9997230483581884
3543.028286,0.9991564759665892
3543.26934,0.9996268496379205
3543.510394,1.0002831600822497
3543.751448,1.0003351261422229
3543.992502,1.000654343989685
3544.233556,1.000300745214777
3544.47461,0.999580817881384
3544.715664,0.9994179794397144
3544.956718,1.0003971688506705
3545.197772,0.9999505872208516
3545.438826,0.9986452185461071
3545.67988,1.0001120262744745
3545.920934,1.0001336689328957
3546.161988,1.0003126988801052
3546.403042,0.99961673346539
3546.644096,0.9996216715842505
3546.88515,0.9993063007206767
3547.126204,0.9996474621560744
3547.367258,1.00091362710321
3547.608312,0.9995144579137284
3547.849366,0.9994853324867843
3548.09042,0.9994004997721142
3548.331474,1.000023961287067
3548.572528,1.000021820238058
3548.813582,1.0002871012056644
3549.054636,0.9996508009841738
3549.29569,0.9995229738131874
3549.536744,0.9994091646120092
3549.777798,0.9997175199050171
3550.018852,0.9996009196537543
3550.259906,1.0004097439221173
3550.50096,0.9996361162217672
3550.742014,0.9998562103387244
3550.983068,1.000256392863033
3551.224122,0.9998722981545749
3551.465176,1.0002575531611217
3551.70623,0.9999907937423779
3551.947284,0.9993961623833573
3552.188338,1.0009258783609833
3552.429392,1.0001197671715152
3552.670446,1.0004850876169633
3552.9115,0.9996644962939599
3553.152554,0.999295718122987
3553.393608,1.000573324287579
3553.634662,0.9997683468357387
3553.875716,1.000631379236012
3554.11677,1.00054224696276
3554.357824,0.9995142280254294
3554.598878,0.9993746256281173
3554.839932,0.9997066830258373
3555.080986,0.9996080468337197
3555.32204,1.000488159110897
3555.563094,0.9998601797757588
3555.804148,0.9996427738204711
3556.045202,0.9999481023467298
3556.286256,0.9996703043615558
3556.52731,0.9998484114906994
3556.768364,0.9997978304390205
3557.009418,1.0010172170146465
3557.250472,0.9993840497752717
3557.491526,0.9996139945192928
3557.73258,0.9998503112044859
3557.973634,1.0000942294393147
3558.214688,0.9996649161531366
3558.455742,0.999782793592728
3558.696796,1.0000418918774403
3558.93785,0.999471179874677
3559.178904,1.000047905147415
3559.419958,0.9996283490793195
3559.661012,0.9996555993195345
3559.902066,1.0005463992217007
3560.14312,0.9990043360026598
3560.384174,0.9995382266501467
3560.625228,0.9999788082245489
3560.866282,0.9999119348779605
3561.107336,0.9994062363474469
3561.34839,0.9986613967296905
3561.589444,1.0001539418478305
3561.830498,0.9997573394468359
3562.071552,1.0000164531353513
3562.312606,0.9992941792087661
3562.55366,0.9993455042758267
3562.794714,0.9996700644407116
3563.035768,0.999824115469498
3563.276822,0.9997477818123564
3563.517876,0.9997465721182722
3563.75893,1.0003823430744876
3563.999984,0.9998875463233887
3564.241038,1.0001480709614228
3564.482092,0.9994029982764867
3564.723146,1.0004696402464643
3564.9642,0.9995346083283154
3565.205254,0.9994500312882637
3565.446308,0.9995655643944875
3565.687362,0.999524143255751
3565.928416,1.0000206202125936
3566.16947,0.9996708441836659
3566.410524,1.0002022004397537
3566.651578,1.000644557638056
3566.892632,1.0000632880026012
3567.133686,0.9996352065533154
3567.37474,1.0002526319060665
3567.615794,0.9998459118727951
3567.856848,1.0000370226853228
3568.097902,0.9995024338271247
3568.338956,0.9993291950902802
3568.58001,0.9997930314209521
3568.821064,0.999627059559581
3569.062118,0.999844132148656
3569.303172,0.9998012397554352
3569.544226,0.9995176863506413
3569.78528,0.9999106769895377
3570.026334,0.9992044366284822
3570.267388,0.9998705583782898
3570.508442,1.0000967976845936
3570.749496,0.9999157835464046
3570.99055,0.9999971427040821
3571.231604,1.0001385095915678
3571.472658,0.999273314164136
3571.713712,1.00030200559451
3571.954766,0.9998163368681384
3572.19582,1.0002542323115577
3572.436874,1.0007339091796477
3572.677928,1.0000076208290383
3572.918982,1.0002446399194656
3573.160036,0.9996946666237261
3573.40109,0.9999575319017953
3573.642144,1.001041742236896
3573.883198,1.000835979236019
3574.124252,1.0003747802125615
3574.365306,1.000303886164048
3574.60636,1.0006977132887593
3574.847414,1.0001723748548383
3575.088468,1.0005710429830004
3575.329522,0.9999502282386552
3575.570576,1.0004024009415455
3575.81163,1.0008399625711433
3576.052684,1.0003044263282925
3576.293738,0.9998034693146858
3576.534792,0.9993568469116695
3576.775846,1.0004345643957606
3577.0169,0.9998598098275607
3577.257954,0.9996579585095328
3577.499008,1.000183146769322
3577.740062,1.0003888555847391
3577.981116,1.0005271088730834
3578.22217,0.999895045508108
3578.463224,1.0002591035615307
3578.704278,0.9997795343061336
3578.945332,1.0001080858408535
3579.186386,0.9998143772300386
3579.42744,1.0008031923863907
3579.668494,1.000161202991806
3579.909548,0.9998859964988931
3580.150602,1.0009164096469612
3580.391656,0.9993819610647904
3580.63271,1.0005765861619331
3580.873764,1.0000695414178924
3581.114818,0.9998195362855354
3581.355872,0.9995298905360981
3581.596926,0.9997411335117129
3581.83798,1.0008241994658675
3582.079034,0.9995500012798091
3582.320088,1.0002470605144231
3582.561142,1.0000663432006127
3582.802196,1.0002168235028184
3583.04325,0.9997722759330625
3583.284304,1.0011393485649953
3583.525358,0.9999147256360653
3583.766412,1.0005126913813227
3584.007466,0.9998011497733277
3584.24852,1.0003641662924505
3584.489574,0.9990521894564354
3584.730628,1.0005493608434257
3584.971682,0.9998555304367326
3585.212736,1.0000388457544769
3585.45379,1.000926809222483
3585.694844,0.9993152345589393
3585.935898,1.0006508917381534
3586.176952,1.000906931013443
3586.418006,1.0004229394136637
3586.65906,0.9999119948726785
3586.900114,1.0009653856850742
3587.141168,1.0005650195634521
3587.382222,0.9998962753797704
3587.623276,1.000945366577552
3587.86433,0.999789172227299
3588.105384,1.0001180269646341
3588.346438,0.9996268496379205
3588.587492,1.0002806093634438
3588.828546,1.0003783315493349
3589.0696,1.0002639648325868
3589.310654,0.9990602418495335
3589.551708,0.9997863328300818
3589.792762,0.9998952454871372
3590.033816,1.0009770169704335
3590.27487,0.9999141806826883
3590.515924,0.9996887984332562
3590.756978,1.000668613422371
3590.998032,1.0000524173737426
3591.239086,1.000000253650032
3591.48014,0.9998050690015164
3591.721194,0.9994554583166679
3591.962248,0.9997546900933967
3592.203302,1.0002365979848893
3592.444356,1.0000988188822642
3592.68541,0.9998938756315893
3592.926464,1.000644427554272
3593.167518,1.00030493648368
3593.408572,0.9995841564868913
3593.649626,1.0004028511227274
3593.89068,1.00007015946106
3594.131734,0.9999513431837813
3594.372788,1.0003627057618338
3594.613842,1.0001836668646937
3594.854896,1.00070215639647
3595.09595,0.9996160237377613
3595.337004,0.9999886330646041
3595.578058,1.000514822475625
3595.819112,1.0002873712832183
3596.060166,1.0001059956171385
3596.30122,1.0003337356773638
3596.542274,1.000649921107259
3596.783328,1.0005891234651036
3597.024382,0.9995179962011721
3597.265436,0.9993880673072271
3597.50649,1.0003611251900073
3597.747544,1.0002281060122207
3597.988598,1.0003838136376126
3598.229652,0.9999307203999424
3598.470706,0.9996105658491717
3598.71176,1.000353162347143
3598.952814,0.9997518008065174
3599.193868,1.0000413308540963
3599.434922,0.999912645815599
3599.675976,1.0002122425202573
3599.91703,1.0011239311377418
3600.158084,1.0000936473846427
3600.399138,0.9999506632170991
3600.640192,1.0006100259902189
3600.881246,1.0003773111639571
3601.1223,1.0006660717273208
3601.363354,1.000018939179344
3601.604408,1.0006182610446201
3601.845462,1.0006995045392693
3602.086516,1.0005741647695243
3602.32757,1.0001771956973033
3602.568624,1.0007422853575219
3602.809678,0.9996851695695043
3603.050732,1.0009027872673262
3603.291786,1.0000512973156623
3603.53284,1.00083194587515
3603.773894,1.0003575639107407
3604.014948,1.0002197441402072
3604.256002,0.999231125735416
3604.497056,0.9999568559307321
3604.73811,1.0006419959912674
3604.979164,0.9994815744289993
3605.220218,1.0000064708209357
3605.461272,1.0006297382018956
3605.702326,1.0009152786120572
3605.94338,1.000110656121937
3606.184434,1.0012158385331051
3606.425488,0.999837433215412
3606.666542,1.0005218361091133
3606.907596,1.000085107621448
3607.14865,1.0014319242258682
3607.389704,1.0003259831209534
3607.630758,1.0000061183187168
3607.871812,0.9996032687186756
3608.112866,0.9999282185764097
3608.35392,1.0000673512679947
3608.594974,1.0010073069932526
3608.836028,1.0010156153883805
3609.077082,1.0002353276852165
3609.318136,1.0004801652424413
3609.55919,1.0010130127511638
3609.800244,0.9997944411301202
3610.041298,1.000151801520685
3610.282352,1.000626656267048
3610.523406,1.0003597947105958
3610.76446,1.0008264913559084
3611.005514,1.0011524635763647
3611.246568,1.0004313430016498
3611.487622,1.000000019168
3611.728676,1.0005116108281995
3611.96973,1.000988508252548
3612.210784,1.0013969748615827
3612.451838,1.0007428557807871
3612.692892,0.9998555104396222
3612.933946,1.0013400971287536
3613.175,1.0009952449278774
3613.416054,1.0008845209581392
3613.657108,0.9997110917420307
3613.898162,1.0004518520543983
3614.139216,0.9989538475993709
3614.38027,1.0004950124782597
3614.621324,1.0012009205282506
3614.862378,1.0011056107374343
3615.103432,1.000964985299
3615.344486,0.9998790373165755
3615.58554,1.0007052285568059
3615.826594,1.0008895554199413
3616.067648,0.9998594498780939
3616.308702,1.0011837000205142
3616.549756,1.0011703843658533
3616.79081,1.0011018065433415
3617.031864,1.0014892077702278
3617.272918,1.0004992145661364
3617.513972,1.0008692075421166
3617.755026,1.0013365924445468
3617.99608,1.0004250102912917
3618.237134,1.0003453896332686
3618.478188,0.9996880186762975
3618.719242,0.9999810211801001
3618.960296,1.0012385663906
3619.20135,1.0009827726048284
3619.442404,1.0014454436481013
3619.683458,0.9996731834161783
3619.924512,1.0006359821509432
3620.165566,1.000553813297988
3620.40662,1.0005266686412524
3620.647674,1.0012528842044717
3620.888728,1.001353314905273
3621.129782,1.000293633101762
3621.370836,1.0007660632767026
3621.61189,1.0012169398711332
3621.852944,1.000345829785337
3622.093998,1.0005209256346568
3622.335052,1.0006165099641955
3622.576106,1.0008185948660433
3622.81716,1.0007394432534673
3623.058214,1.0012217457239787
3623.299268,1.0010326327984898
3623.540322,0.9998524708834905
3623.781376,1.000421168666628
3624.02243,1.000660267880936
3624.263484,1.000891677308048
3624.504538,1.0005271488941685
3624.745592,1.0004834168082621
3624.986646,1.0013759457459173
3625.2277,1.001059761150426
3625.468754,1.0011421517590957
3625.709808,0.9998496613019948
3625.950862,1.0008908966128442
3626.191916,1.000652732937488
3626.43297,1.0008939193079163
3626.674024,1.0013661323097347
3626.915078,1.0005244174587804
3627.156132,1.0001055655716529
3627.397186,1.0011133192803148
3627.63824,1.0001147765863285
3627.879294,1.0006688836029332
3628.120348,1.0000537034419783
3628.361402,1.000464968064154
3628.602456,1.000944485746017
3628.84351,1.0003126788738514
3629.084564,1.0003896558961438
3629.325618,1.0011038087489568
3629.566672,1.000746668618331
3629.807726,0.9998789373286767
3630.04878,1.0008791061875277
3630.289834,1.0000323525233317
3630.530888,1.0002139728889337
3630.771942,1.0011151212859113
3631.012996,1.0006904282359244
3631.25405,1.000456604211982
3631.495104,1.0008624216718935
3631.736158,1.0009526434768186
3631.977212,1.0004084233821269
3632.218266,1.0008510219138325
3632.45932,1.000578737403906
3632.700374,1.0004976337786262
3632.941428,1.0008016211266122
3633.182482,1.000159652743143
3633.423536,1.0007583774228503
3633.66459,1.000285280684797
3633.905644,1.0006905082911617
3634.146698,1.0008839804806438
3634.387752,1.0006485702307775
3634.628806,1.0010029025707916
3634.86986,0.9996162936341241
3635.110914,0.9997083025519756
3635.351968,1.0000804652371535
3635.593022,1.0009144878892995
3635.834076,1.0001532917479794
3636.07513,1.0005985390530558
3636.316184,1.0006928098819776
3636.557238,1.000448810685391
3636.798292,1.0002588735019633
3637.039346,0.9999222030263415
3637.2804,1.0005838403684792
3637.521454,0.9999314033528576
3637.762508,0.99999521461145
3638.003562,0.9989099944880442
3638.244616,1.0012593923693704
3638.48567,1.0004447388670177
3638.726724,1.000721460127251
3638.967778,0.9998718982057356
3639.208832,1.0007620001747337
3639.449886,1.0009903100334845
3639.69094,0.9998925357746936
3639.931994,1.0004722714850784
3640.173048,0.9995487518430883
3640.414102,1.000196269258291
3640.655156,1.000840192764361
3640.89621,1.0001322487440942
3641.137264,1.000112916374574
3641.378318,1.0009710711846116
3641.619372,1.000732418087234
3641.860426,1.0000524753767843
3642.10148,1.000520865603403
3642.342534,0.9993213703733165
3642.583588,1.0002430695366136
3642.824642,0.9994648432474837
3643.065696,0.999499765159189
3643.30675,1.000860980431044
3643.547804,1.0006589570168438
3643.788858,0.9997812739240367
3644.029912,0.9998121676427065
3644.270966,1.0001160967387048
3644.51202,1.0003081174584358
3644.753074,1.0001931986604577
3644.994128,0.999613194828417
3645.235182,0.9996191325484293
3645.476236,1.000326213195956
3645.71729,0.9996949965230205
3645.958344,0.9998634793197964
3646.199398,0.9999848001155194
3646.440452,0.9993733364356817
3646.681506,0.9996685449433684
3646.92256,0.9993059309774138
3647.163614,1.00016670389355
3647.404668,1.0009431745095996
3647.645722,1.0001632633260065
3647.886776,0.9999184903220943
3648.12783,1.000194949000087
3648.368884,0.9995273917144952
3648.609938,0.9998005898848406
3648.850992,0.9995068516376455
3649.092046,0.9999342771598405
3649.3331,0.9981398322605396
3649.574154,1.0004508916210815
3649.815208,0.9996194024456315
3650.056262,0.999541715044645
3650.297316,0.9998114677744341
3650.53837,1.0002014002783135
3650.779424,0.9997965307026858
3651.020478,0.9999415087106822
3651.261532,0.9994016990534335
3651.502586,1.0000482621645808
3651.74364,1.0003172002973784
3651.984694,1.0006849144468553
3652.225748,0.9995730111856815
3652.466802,1.0002755679618769
3652.707856,0.9998336638353941
3652.94891,1.000125307850373
3653.189964,1.0001886577936436
3653.431018,0.9995440939567577
3653.672072,1.0000074312276115
3653.913126,0.999200569714795
3654.15418,0.9996039084649723
3654.395234,1.0002435596558377
3654.636288,1.0007291256829944
3654.877342,0.9994607554446344
3655.118396,0.9999448085231056
3655.35945,1.0003888055652976
3655.600504,1.0004959929638524
3655.841558,1.0005771264734353
3656.082612,0.9997785545226701
3656.323666,0.9990972377352638
3656.56472,1.0001746652521992
3656.805774,0.9991330560132754
3657.046828,0.9994517003712097
3657.287882,0.9996601277696564
3657.528936,0.9989727280055098
3657.76999,1.0003422985707904
3658.011044,0.9999930991238112
3658.252098,0.9994497814257871
3658.493152,1.0001896779865949
3658.734206,1.0005384649202145
3658.97526,1.0008023617200859
3659.216314,0.9999627206948906
3659.457368,0.9997629381036129
3659.698422,0.9997918216721159
3659.939476,1.0001254078629087
3660.18053,0.9992167369108051
3660.421584,0.9998042291656112
3660.662638,1.0002955836762484
3660.903692,1.0006911887609387
3661.144746,0.9992814482820191
3661.3858,0.9994245556316548
3661.626854,0.9994189588698142
3661.867908,0.9996705542791632
3662.108962,1.0003134791243147
3662.350016,0.9998752777784631
3662.59107,0.999733775444048
3662.832124,0.9999579548839207
3663.073178,0.9999179823636303
3663.314232,1.0008348382836532
3663.555286,1.0004273212757346
3663.79634,0.999590753764095
3664.037394,0.9994766270074508
3664.278448,0.9997477318249685
3664.519502,1.000062895977869
3664.760556,0.9990818717379123
3665.00161,0.9997713161521382
3665.242664,0.9999344571480265
3665.483718,0.9998618795395092
3665.724772,0.9995419249484272
3665.965826,1.000085996697504
3666.20688,1.0003949379674715
3666.447934,1.0003863846273175
3666.688988,0.999744202721704
3666.930042,1.0006260258724533
3667.171096,1.0000230272651234
3667.41215,0.9989782223706234
3667.653204,1.0002708666777556
3667.894258,1.000358364197112
3668.135312,0.9999221590297656
3668.376366,0.999568433151774
3668.61742,0.9993883371420417
3668.858474,0.9994815144601066
3669.099528,0.9998680187102968
3669.340582,0.9999076662630219
3669.581636,1.0000864927402815
3669.82269,1.0006655914077218
3670.063744,1.0006601578083127
3670.304798,0.9993845294797308
3670.545852,1.0000336475660667
3670.786906,0.9983011446911262
3671.02796,1.0000770969718187
3671.269014,0.9995497014148537
3671.510068,0.9995210647261307
3671.751122,0.9999111159504213
3671.992176,0.9995668838219034
3672.23323,0.999816156901214
3672.474284,0.9998345436894054
3672.715338,0.9993122765902228
3672.956392,0.9994819642268893
3673.197446,0.9994005997121691
3673.4385,0.9994952174456037
3673.679554,0.9988487631821408
3673.920608,0.999159753205205
3674.161662,0.9992530590993437
3674.402716,0.9990307400361881
3674.64377,0.999803999210665
3674.884824,1.0000828364307477
3675.125878,0.9987568733229263
3675.366932,0.9998591699174872
3675.607986,0.9998727280997556
3675.84904,0.9999043165779506
3676.090094,0.9977843581659831
3676.331148,0.999955919971553
3676.572202,0.999761568429326
3676.813256,0.9991019135212778
3677.05431,0.9994194285968352
3677.295364,0.9992121105480233
3677.536418,0.9995137182733032
3677.777472,0.9989880124051737
3678.018526,0.9998451219948368
3678.25958,0.9997856829691767
3678.500634,0.9998168767691061
3678.741688,0.9995985406063965
3678.982742,0.9994988256298514
3679.223796,1.0007823258573638
3679.46485,1.0000021748023649
3679.705904,0.9993016539571821
3679.946958,0.9993324229287933
3680.188012,0.9991268514162629
3680.429066,0.9996683050229465
3680.67012,1.0000397377895252
3680.911174,0.9995217244102511
3681.152228,0.9993141952716358
3681.393282,0.9997445226399001
3681.634336,0.9991617415350922
3681.87539,0.9994041775727205
3682.116444,0.999130508227231
3682.357498,1.0000532884197775
3682.598552,0.9998200961846325
3682.839606,1.0001947689650124
3683.08066,0.99998360313443
3683.321714,0.9996179130138315
3683.562768,0.9987076358227859
3683.803822,0.9994078453927826
3684.044876,0.9994376581734661
3684.28593,0.999301574013053
3684.526984,0.9987607684823279
3684.768038,0.9992032575679426
3685.009092,0.9992268590276185
3685.250146,0.9995691428456135
3685.4912,0.9993462238048487
3685.732254,0.9988910153784509
3685.973308,0.9982235797056225
3686.214362,0.9992791699229143
3686.455416,0.9995175164326491
3686.69647,0.998827587812821
3686.937524,1.0005733943277142
3687.178578,0.9992445155222122
3687.419632,0.9988268886337542
3687.660686,0.9985781118422313
3687.90174,0.9991416485945052
3688.142794,0.9991441964089576
3688.383848,0.9999372099713764
3688.624902,0.9987549756866697
3688.865956,0.9990682443541207
3689.10701,0.9989041009364626
3689.348064,0.9993280258758059
3689.589118,0.9987803443852333
3689.830172,0.9990566852014033
3690.071226,0.9994394771516593
3690.31228,0.9983364851771712
3690.553334,0.9993346814226212
3690.794388,0.9986423224791726
3691.035442,0.999441306127576
3691.276496,0.998747684801959
3691.51755,0.9985272855098797
3691.758604,0.9991141126301172
3691.999658,0.9994217172699472
3692.240712,0.9988249908644687
3692.481766,0.9989043007173029
3692.72282,0.9984732666449571
3692.963874,0.9986878616073619
3693.204928,0.998841671381098
3693.445982,0.9996274993955839
3693.687036,0.9989876128100487
3693.92809,0.9990650673221552
3694.169144,0.998722416805175
3694.410198,0.9988151025460064
3694.651252,0.9988175995868841
3694.892306,1.0001855872191776
3695.13336,0.9994782761452459
3695.374414,0.9992894925300558
3695.615468,0.9987434900704918
3695.856522,0.9993606344812968
3696.097576,0.9989855149382645
3696.33863,0.9993117769342095
3696.579684,0.9991691653344112
3696.820738,0.9986658907160872
3697.061792,0.998947254525734
3697.302846,0.9983654373550459
3697.5439,0.9990616904879345
3697.784954,0.9994752077516481
3698.026008,0.9989174863410972
3698.267062,0.999153778247746
3698.508116,0.9987054386684039
3698.74917,0.9981599948887931
3698.990224,0.9985261871304697
3699.231278,0.998455493978988
3699.472332,0.999968463497286
3699.713386,0.9989939064518343
3699.95444,0.9989614396774625
3700.195494,0.9982183889565039
3700.436548,0.9994689010829847
3700.677602,0.9983797140828784
3700.918656,0.9980328374055479
3701.15971,0.9990964884126164
3701.400764,0.9989268762096011
3701.641818,0.9986284414473636
3701.882872,0.9982611136178525
3702.123926,0.9988000205518273
3702.36498,0.9993891066713576
3702.606034,0.998955845509064
3702.847088,0.9986365303704994
3703.088142,0.9994331007481357
3703.329196,0.9987557746909699
3703.57025,0.9982366565201696
3703.811304,0.9989398623434016
3704.052358,0.9987179225644114
3704.293412,0.9987752506184661
3704.534466,0.9982172909168799
3704.77552,0.9983087318086569
3705.016574,0.9987098329820016
3705.257628,0.998835578465486
3705.498682,0.9993575764424341
3705.739736,0.9988239920399773
3705.98079,0.9984159559242851
3706.221844,0.9994779363226898
3706.462898,0.9996556792919857
3706.703952,0.9984390195992513
3706.945006,0.999497076508437
3707.18606,0.9988144033756793
3707.427114,0.9987130288585805
3707.668168,0.999206524967937
3707.909222,0.9986397260125096
3708.150276,1.000064689092249
3708.39133,0.9989045004981829
3708.632384,0.9987461866815553
3708.873438,0.9992340834639256
3709.114492,0.9980150725791496
3709.355546,0.9988470651406867
3709.5966,0.9984560930524641
3709.837654,0.9994535793421726
3710.078708,0.9980722604812261
3710.319762,0.9990639183979884
3710.560816,0.9988102083639947
3710.80187,0.9987283092848169
3711.042924,0.999299675341866
3711.283978,0.9991963830731788
3711.525032,0.9985673272568603
3711.766086,0.9992769115545422
3712.00714,0.9987826415826672
3712.248194,0.9964368630918546
3712.489248,0.9993130960266255
3712.730302,0.9987204193623388
3712.971356,0.9994422955749588
3713.21241,0.9976186399473708
3713.453464,0.9990586033920804
3713.694518,0.9992324147443996
3713.935572,0.9983344885061975
3714.176626,0.9994126325678273
3714.41768,0.9988465657172789
3714.658734,0.9996231810141143
3714.899788,0.9990619902064866
3715.140842,0.9981087905944567
3715.381896,0.9986318367898366
3715.62295,0.9987435899448458
3715.864004,0.9986821691027744
3716.105058,0.9985157026605485
3716.346112,0.9986686869844961
3716.587166,0.999018452033657
3716.82822,0.9989713294446696
3717.069274,0.9996738232072203
3717.310328,0.9982887658336811
3717.551382,0.9998828168664798
3717.792436,0.9986885606891097
3718.03349,0.9986727815345064
3718.274544,0.9986077700525753
3718.515598,0.9983924934250064
3718.756652,0.9991208666643472
3718.997706,0.9996692547082874
3719.23876,0.9987867365998925
3719.479814,0.9988027173155234
3719.720868,0.9990111492354644
3719.961922,0.9991246533396076
3720.202976,0.9990490424469951
3720.44403,0.9984377216293695
3720.685084,0.9987706562628802
3720.926138,0.9993679997963141
3721.167192,0.9986395262845844
3721.408246,0.9984882438562855
3721.6493,0.9987689583542078
3721.890354,0.9992912712669356
3722.131408,0.9991313275145837
3722.372462,0.9983084323160822
3722.613516,0.9981824537413393
3722.85457,0.9990097406307371
3723.095624,0.9991013340423359
3723.336678,0.9987112311767464
3723.577732,0.9982783836845037
3723.818786,0.9992942991240747
3724.05984,0.9985709221057092
3724.300894,0.9982286706588609
3724.541948,0.998987413012546
3724.783002,0.9983740233347268
3725.024056,0.9978209775238889
3725.26511,0.998894511503123
3725.506164,0.9979448147911432
3725.747218,0.9985637324209529
3725.988272,0.999311247299108
3726.229326,0.9985984830434984
3726.47038,0.9994098142281773
3726.711434,0.9975491083513708
3726.952488,0.9991861313708799
3727.193542,0.9990275831040375
3727.434596,0.9982867692581461
3727.67565,0.9978601926588779
3727.916704,0.9985767138338534
3728.157758,0.9981830526509912
3728.398812,0.9980610821345075
3728.639866,0.9987532778046543
3728.88092,0.9979840347930324
3729.121974,0.9981051974092783
3729.363028,0.9979425195207087
3729.604082,0.9984021778791621
3729.845136,0.997655452754377
3730.08619,0.9980955158358191
3730.327244,0.9982042143560207
3730.568298,0.9978356456000687
3730.809352,0.9983275001892371
3731.050406,0.9976557520510577
3731.29146,0.9982246777521641
3731.532514,0.998068966848201
3731.773568,0.9982303676490434
3732.014622,0.9980877307211576
3732.255676,0.9977233954041305
3732.49673,0.9977533275549727
3732.737784,0.9982848725150864
3732.978838,0.9986078699133573
3733.219892,0.9983543555601954
3733.460946,0.9983827092265134
3733.702,0.9984345266337723
3733.943054,0.9972002266962283
3734.184108,0.9983525585239726
3734.425162,0.9986621956591275
3734.666216,0.9981952305585186
3734.90727,0.998213298055702
3735.148324,0.9980752547024988
3735.389378,0.9986104662971944
3735.630432,0.9976679235254785
3735.871486,0.9980959150741053
3736.11254,0.998128852782772
3736.353594,0.9983101294418597
3736.594648,0.9976696195623902
3736.835702,0.9976909699206968
3737.076756,0.9986811704211046
3737.31781,0.9978001232833862
3737.558864,0.9984486046598477
3737.799918,0.9981123837925706
3738.040972,0.9980675695526255
3738.282026,0.9974438724717299
3738.52308,0.9985035208432852
3738.764134,0.9981523090864228
3739.005188,0.998462782730698
3739.246242,0.9982239789951342
3739.487296,0.99854326207426
3739.72835,0.9981086907835827
3739.969404,0.9986765764982868
3740.210458,0.998728209411991
3740.451512,0.9981406307727247
3740.692566,0.9978937213246297
3740.93362,0.9977973294469524
3741.174674,0.9978431293954748
3741.415728,0.9977163115931706
3741.656782,0.99825302773558
3741.897836,0.9980107811235641
3742.13889,0.9983863034107361
3742.379944,0.99819463164156
3742.620998,0.9987801446291844
3742.862052,0.9979448147911432
3743.103106,0.9981236625262322
3743.34416,0.9981894410429709
3743.585214,0.9985988824829716
3743.826268,0.9982748897162753
3744.067322,0.9976220318565129
3744.308376,0.9984760623740176
3744.54943,0.9990488326467183
3744.790484,0.9976537567415489
3745.031538,0.9983675339246657
3745.272592,0.9985332766915663
3745.513646,0.9985159023637089
3745.7547,0.9984399181947734
3745.995754,0.997393403088669
3746.236808,0.9979106856620887
3746.477862,0.9981486159297116
3746.718916,0.9985801090004521
3746.95997,0.9979408230198675
3747.201024,0.9982108025255764
3747.442078,0.9975907070165151
3747.683132,0.9983587483290238
3747.924186,0.9976622368345216
3748.16524,0.9985459581447074
3748.406294,0.9982543254653596
3748.647348,0.997621333521335
3748.888402,0.9988704384354774
3749.129456,0.9986354318709202
3749.37051,0.9972328356767952
3749.611564,0.99894245959042
3749.852618,0.9972897792974372
3750.093672,0.9982889654914543
3750.334726,0.9980785483562739
3750.57578,0.9990180324459953
3750.816834,0.997793338265617
3751.057888,0.9977547244106091
3751.298942,0.9989731275946809
3751.539996,0.9980050924783244
3751.78105,0.9974458673614698
3752.022104,0.9991976020935098
3752.263158,0.9968385080737087
3752.504212,0.9979655722591677
3752.745266,0.9976007827335382
3752.98632,0.9981741688613555
3753.227374,0.998245840339655
3753.468428,0.9982398508825814
3753.709482,0.9977958327520807
3753.950536,0.9990509905945274
3754.19159,0.9980712624094646
3754.432644,0.9975570887761592
3754.673698,0.9984716690890085
3754.914752,0.9980418197415051
3755.155806,0.9977755777022653
3755.39686,0.9985969851468973
3755.637914,0.9975414272528087
3755.878968,0.9977084296654428
3756.120022,0.9978852392640473
3756.361076,0.9977245926729233
3756.60213,0.9981057962725763
3756.843184,0.9980278472538363
3757.084238,0.9976987519406121
3757.325292,0.9982704973164238
3757.566346,0.9983004458805695
3757.8074,0.9978125958628807
3758.048454,0.9977299804002706
3758.289508,0.9985171005835107
3758.530562,0.9980308413418691
3758.771616,0.9978026177868126
3759.01267,0.998147917225925
3759.253724,0.997522474145746
3759.494778,0.9983816110061373
3759.735832,0.9972363259978282
3759.976886,0.9968876534235795
3760.21794,0.9980839379949871
3760.458994,0.9981726716012251
3760.700048,0.9976740093183737
3760.941102,0.9975244691926893
3761.182156,0.9972758173382611
3761.42321,0.9974211310106912
3761.664264,0.9978391380309399
3761.905318,0.9982883665182547
3762.146372,0.9972515838303381
3762.387426,0.9980560918415726
3762.62848,0.9976346019733058
3762.869534,0.9972630522894956
3763.110588,0.9975174865458443
3763.351642,0.9973507155645364
3763.592696,0.9974964391489289
3763.83375,0.9972325365069894
3764.074804,0.9969842565175406
3764.315858,0.9972428080550139
3764.556912,0.9977219985923547
3764.797966,0.9969491632893557
3765.03902,0.9966023850010283
3765.280074,0.9970136679869249
3765.521128,0.9967235792195035
3765.762182,0.9977051372330574
3766.003236,0.9969050991101638
3766.24429,0.9977593140928975
3766.485344,0.9979541955164914
3766.726398,0.9972788091702008
3766.967452,0.9966037802453439
3767.208506,0.997280404817572
3767.44956,0.9978564007973504
3767.690614,0.9974495579180065
3767.931668,0.9962563250894995
3768.172722,0.997365177254759
3768.413776,0.9966862027860953
3768.65483,0.9969702988356535
3768.895884,0.9968944322826709
3769.136938,0.9971693139683505
3769.377992,0.9969981146950203
3769.619046,0.9973880171788343
3769.8601,0.9967323504255939
3770.101154,0.9972433066765425
3770.342208,0.9971453821919978
3770.583262,0.9978608911612573
3770.824316,0.996806211029262
3771.06537,0.9971523622341032
3771.306424,0.997982537818103
3771.547478,0.99756197681787
3771.788532,0.9966329811638964
3772.029586,0.9984181524418043
3772.27064,0.9967682334360995
3772.511694,0.9983628416082833
3772.752748,0.9974103589206457
3772.993802,0.9968806752344294
3773.234856,0.9970695023156788
3773.47591,0.9973709619895629
3773.716964,0.9966426485507005
3773.958018,0.99718417190182
3774.199072,0.9969004136672088
3774.440126,0.9975406292199861
3774.68118,0.9973077306750265
3774.922234,0.9973114207204566
3775.163288,0.9968754914683959
3775.404342,0.9971451827629413
3775.645396,0.9976965570057722
3775.88645,0.996946870308917
3776.127504,0.9971409947619685
3776.368558,0.9976689211939009
3776.609612,0.9970611269670359
3776.850666,0.9977374634031849
3777.09172,0.9974736964893837
3777.332774,0.9983384818521382
3777.573828,0.9976804942205102
3777.814882,0.9970621240286615
3778.055936,0.996742915844505
3778.29699,0.9973712612008964
3778.538044,0.9972379215772262
3778.779098,0.997738361367306
3779.020152,0.9973608885937175
3779.261206,0.9968646255847581
3779.50226,0.9971518636580468
3779.743314,0.9965473740676919
3779.984368,0.9973647783087679
3780.225422,0.9975633734056151
3780.466476,0.9966988607812488
3780.70753,0.9967538800768825
3780.948584,0.9972911755041056
3781.189638,0.9977723848255253
3781.430692,0.9975708551589721
3781.671746,0.9977478399267621
3781.9128,0.9978396369506337
3782.153854,0.9971524619493444
3782.394908,0.9970682061261683
3782.635962,0.9967626515496216
3782.877016,0.9971153685677011
3783.11807,0.9968424954357157
3783.359124,0.997501227143328
3783.600178,0.9969116787055305
3783.841232,0.9974034768129124
3784.082286,0.9978289601236394
3784.32334,0.9977707883909868
3784.564394,0.9971919499686952
3784.805448,0.9974308060425858
3785.046502,0.9980705637598255
3785.287556,0.9979023032475354
3785.52861,0.9968992173874301
3785.769664,0.9971863657094113
3786.010718,0.9972500879540842
3786.251772,0.9977914424600753
3786.492826,0.9972000272562029
3786.73388,0.9970232393640802
3786.974934,0.9973621851637154
3787.215988,0.9977449464622218
3787.457042,0.99710230644193
3787.698096,0.9975798333370703
3787.93915,0.9972252567360441
3788.180204,0.9971376044883498
3788.421258,0.9972643487323063
3788.662312,0.9967685324666145
3788.903366,0.9982220823713759
3789.14442,0.9971259380466261
3789.385474,0.9971872631775444
3789.626528,0.9975705558877604
3789.867582,0.9973274775635874
3790.108636,0.9972308412131183
3790.34969,0.9972004261362937
3790.590744,0.9970607281426649
3790.831798,0.9972786097144589
3791.072852,0.9966036805849708
3791.313906,0.9968942329038044
3791.55496,0.9987173233338377
3791.796014,0.9971321202466067
3792.037068,0.9976322076531343
3792.278122,0.9974513533288266
3792.519176,0.9964691481692343
3792.76023,0.9969103827211907
3793.001284,0.9971917505303252
3793.242338,0.997006489514358
3793.483392,0.9972673405298401
3793.724446,0.9975275615233369
3793.9655,0.9966778306571549
3794.206554,0.998143126127421
3794.447608,0.9979076919345223
3794.688662,0.9969894408491538
3794.929716,0.9979020038768892
3795.17077,0.9974989328931441
3795.411824,0.9973928046528067
3795.652878,0.9966325825107838
3795.893932,0.9975872154551508
3796.134986,0.9960926536212665
3796.37604,0.9980478080103883
3796.617094,0.9968319289612665
3796.858148,0.9959739264532347
3797.099202,0.9961370803443266
3797.340256,0.9963203864307527
3797.58131,0.9975688600192569
3797.822364,0.996944677028215
3798.063418,0.9972996525151246
3798.304472,0.9969537492660545
3798.545526,0.9971712085918469
3798.78658,0.9968807749225018
3799.027634,0.9963885370759101
3799.268688,0.9968409004889989
3799.509742,0.9964294894863501
3799.750796,0.9967364370366082
3799.99185,0.9967913587273676
3800.232904,0.9967203897091532
3800.473958,0.9972125920557044
3800.715012,0.996414642797565
3800.956066,0.9968898465788296
3801.19712,0.9968522645400395
3801.438174,0.9955054309430498
3801.679228,0.9961432564133705
3801.920282,0.9962314189926997
3802.161336,0.9971667213315046
3802.40239,0.9971815792263435
3802.643444,0.9961075951231319
3802.884498,0.9967243765986858
3803.125552,0.9963763812099087
3803.366606,0.9959895633666295
3803.60766,0.9958773216677765
3803.848714,0.9965347179964075
3804.089768,0.9961850953087505
3804.330822,0.9958829981846881
3804.571876,0.9970876491457566
3804.81293,0.9964745291171629
3805.053984,0.9954769598948627
3805.295038,0.9955357943217327
3805.536092,0.9957122188952421
3805.777146,0.9959716357158381
3806.0182,0.9955940348692199
3806.259254,0.9959708389388483
3806.500308,0.9952533013509528
3806.741362,0.9964718386395665
3806.982416,0.9960954426846014
3807.22347,0.9956030948161599
3807.464524,0.9951531839048289
3807.705578,0.9959117796192254
3807.946632,0.9956389371727319
3808.187686,0.9949525812443812
3808.42874,0.9953421814392003
3808.669794,0.9947194911621652
3808.910848,0.9957428873038752
3809.151902,0.9948748784821184
3809.392956,0.9952191647481625
3809.63401,0.9947545059045099
3809.875064,0.9958499354179934
3810.116118,0.9950133747043166
3810.357172,0.9956175311656981
3810.598226,0.994489936395244
3810.83928,0.9938299136452658
3811.080334,0.9950307875907362
3811.321388,0.9957972563497833
3811.562442,0.9945871028085318
3811.803496,0.9946010271254412
3812.04455,0.9953326262001237
3812.285604,0.9941034532748277
3812.526658,0.9939210520269781
3812.767712,0.9953958318286449
3813.008766,0.9949512878068664
3813.24982,0.994872988221645
3813.490874,0.9940805891583407
3813.731928,0.994686566491914
3813.972982,0.9947292394609452
3814.214036,0.9937072826004132
3814.45509,0.9954162376523563
3814.696144,0.9946000325249114
3814.937198,0.9938656921661666
3815.178252,0.9940656780613368
3815.419306,0.9935144227345158
3815.66036,0.9938706615070508
3815.901414,0.9942573524008796
3816.142468,0.9922759847074738
3816.383522,0.9936919796260943
3816.624576,0.9944471742473718
3816.86563,0.9942950354686253
3817.106684,0.9947208837704276
3817.347738,0.9939401354943778
3817.588792,0.9940443058790104
3817.829846,0.9931028949630412
3818.0709,0.9936790617143257
3818.311954,0.9935227682907182
3818.553008,0.9936570022840163
3818.794062,0.9940682626354598
3819.035116,0.994280419439032
3819.27617,0.9939310906802987
3819.517224,0.993730933115179
3819.758278,0.9940114035570222
3819.999332,0.9943073648035068
3820.240386,0.9945752672924298
3820.48144,0.9938294167304333
3820.722494,0.9942362743684368
3820.963548,0.9939917223260766
3821.204602,0.9943651357396314
3821.445656,0.9943065693579332
3821.68671,0.993541247986069
3821.927764,0.99381778899428
3822.168818,0.9939602132878997
3822.409872,0.9938914336209441
3822.650926,0.993969059573164
3822.89198,0.993641401991543
3823.133034,0.9952422541006202
3823.374088,0.9942042604758285
3823.615142,0.9934902806273712
3823.856196,0.9944715385016017
3824.09725,0.9950866103837347
3824.338304,0.9937155304050871
3824.579358,0.9936573997468967
3824.820412,0.9940465921835431
3825.061466,0.9943547943959947
3825.30252,0.9951299971057711
3825.543574,0.9937304362498367
3825.784628,0.9939619030216986
3826.025682,0.9947980771060708
3826.266736,0.9942197701832673
3826.50779,0.9954588423790626
3826.748844,0.9950021311167088
3826.989898,0.9948557770678257
3827.230952,0.995082032995855
3827.472006,0.9946276827901525
3827.71306,0.9946568258082013
3827.954114,0.9951968720885509
3828.195168,0.9950376533268573
3828.436222,0.9955761143378775
3828.677276,0.9952462350775985
3828.91833,0.9950701915901188
3829.159384,0.9952123972808516
3829.400438,0.9952226480213349
3829.641492,0.9952023456863998
3829.882546,0.9955195672205365
3830.1236,0.9955726298275752
3830.364654,0.9947643540228664
3830.605708,0.9946441937467273
3830.846762,0.9955197663244698
3831.087816,0.9950409369565313
3831.32887,0.9955834816283826
3831.569924,0.9954427160764394
3831.810978,0.9950494943453858
3832.052032,0.994516986889399
3832.293086,0.9958655703847136
3832.53414,0.9958661679042351
3832.775194,0.9959991249123331
3833.016248,0.9952645477768003
3833.257302,0.9955039376860233
3833.498356,0.9955889573525898
3833.73941,0.9950395439001947
3833.980464,0.9948275235649586
3834.221518,0.9953861765359044
3834.462572,0.9953536279401041
3834.703626,0.9957250636657144
3834.94468,0.9959604808959852
3835.185734,0.9953008755957727
3835.426788,0.9950403399321482
3835.667842,0.9947936005247962
3835.908896,0.9951628369375298
3836.14995,0.996121142278546
3836.391004,0.9960435474639198
3836.632058,0.9956538718687994
3836.873112,0.9952655430418457
3837.114166,0.9950112851784237
3837.35522,0.9952960981630358
3837.596274,0.9955684484313109
3837.837328,0.996509007732347
3838.078382,0.9952630548810982
3838.319436,0.9947798724678327
3838.56049,0.9944192306743845
3838.801544,0.9951792572598066
3839.042598,0.9945652221329584
3839.283652,0.9954312685510279
3839.524706,0.994902834858989
3839.76576,0.9948514991971817
3840.006814,0.9941521655374789
3840.247868,0.9959145681761122
3840.488922,0.9957248645207216
3840.729976,0.994933378844867
3840.97103,0.9944079938005663
3841.212084,0.9953028661995146
3841.453138,0.9956672137200726
3841.694192,0.9946746303247332
3841.935246,0.9946879590540818
3842.1763,0.9955488359260606
3842.417354,0.9946633905649153
3842.658408,0.9951999572036363
3842.899462,0.995158657262392
3843.140516,0.9960926536212665
3843.38157,0.9949964596207252
3843.622624,0.9954748693954419
3843.863678,0.9942893680030754
3844.104732,0.9958526242164488
3844.345786,0.9951963744902392
3844.58684,0.9949882011843829
3844.827894,0.9954966705338033
3845.068948,0.995585472797337
3845.310002,0.9949168630878593
3845.551056,0.9956996730003234
3845.79211,0.9952473298490592
3846.033164,0.9953441721255539
3846.274218,0.995563171932517
3846.515272,0.9961120776173955
3846.756326,0.9956024974544823
3846.99738,0.9947738043291185
3847.238434,0.9955118021981958
3847.479488,0.9956579540580426
3847.720542,0.9956092675744833
3847.961596,0.9948114074896175
3848.20265,0.9956928026962821
3848.443704,0.9952398655220767
3848.684758,0.9951054176983996
3848.925812,0.9943242681723867
3849.166866,0.9957121193240251
3849.40792,0.9951853278717913
3849.648974,0.9961174566371379
3849.890028,0.9953114258409703
3850.131082,0.9950794457859325
3850.372136,0.9954341553058925
3850.61319,0.9955818886960863
3850.854244,0.9953688569671134
3851.095298,0.9953052549292599
3851.336352,0.9950743708937001
3851.577406,0.9957095304758804
3851.81846,0.9952754957470396
3852.059514,0.9951469144595191
3852.300568,0.9950008376147791
3852.541622,0.9950499918702574
3852.782676,0.9953453665392771
3853.02373,0.9959691457898613
3853.264784,0.9944942127111646
3853.505838,0.996135486526273
3853.746892,0.9953672643782163
3853.987946,0.9949847187317731
3854.229,0.9942737577825383
3854.470054,0.9946075915138827
3854.711108,0.9947551027573925
3854.952162,0.9951564679157544
3855.193216,0.9945821298854501
3855.43427,0.9948683123295887
3855.675324,0.9953347164008335
3855.916378,0.9938701645718443
3856.157432,0.9953836880735737
3856.398486,0.9951636330681178
3856.63954,0.9934083210600981
3856.880594,0.9942902628639093
3857.121648,0.9951767693147734
3857.362702,0.9959285110776668
3857.603756,0.9940646839961559
3857.84481,0.9934657417204965
3858.085864,0.9939433161079003
3858.326918,0.9941395398851496
3858.567972,0.9946142554070698
3858.809026,0.9941093185025044
3859.05008,0.9949675056450327
3859.291134,0.993136958976533
3859.532188,0.9947280457865739
3859.773242,0.9943462429815341
3860.014296,0.9948417497002623
3860.25535,0.994294339462344
3860.496404,0.9940286995059184
3860.737458,0.9944305671182317
3860.978512,0.9933275602465674
3861.219566,0.9939429185306533
3861.46062,0.9926531212330643
3861.701674,0.9935143233830785
3861.942728,0.992969530199892
3862.183782,0.9939981832932698
3862.424836,0.9938493929024694
3862.66589,0.9928784790687308
3862.906944,0.9938602259198919
3863.147998,0.9927777070173734
3863.389052,0.9919287488826402
3863.630106,0.9931208702881162
3863.87116,0.9933636186914613
3864.112214,0.9926361470098212
3864.353268,0.9926323749996294
3864.594322,0.9928850320883176
3864.835376,0.9931121308629113
3865.07643,0.9929989225329903
3865.317484,0.9927553697702606
3865.558538,0.9933427582745039
3865.799592,0.9926047802031739
3866.040646,0.9930431119682507
3866.2817,0.9929424225017393
3866.522754,0.9931562260204267
3866.763808,0.9932636913378511
3867.004862,0.9932194920870271
3867.245916,0.9928837413386149
3867.48697,0.9925070134474155
3867.728024,0.9925355980610193
3867.969078,0.991706680897204
3868.210132,0.9923053565113217
3868.451186,0.9918005999668827
3868.69224,0.9911919204318627
3868.933294,0.9937149341759477
3869.174348,0.9926204634825986
3869.415402,0.9923961566054834
3869.656456,0.9927681763971331
3869.89751,0.9928159296948754
3870.138564,0.9934635560982689
3870.379618,0.9926403160903937
3870.620672,0.9920511604428902
3870.861726,0.9921528508983825
3871.10278,0.9934073276522738
3871.343834,0.9919117870460584
3871.584888,0.9923095242025711
3871.825942,0.9923027765207487
3872.066996,0.9922119849704738
3872.30805,0.9929006205056902
3872.549104,0.9919746762469237
3872.790158,0.9920326092596441
3873.031212,0.991717887246014
3873.272266,0.9929068757993035
3873.51332,0.992101458711775
3873.754374,0.9926693016108101
3873.995428,0.99310567565504
3874.236482,0.9928619974227763
3874.477536,0.9920936211412097
3874.71859,0.9918366029821124
3874.959644,0.9933144484093105
3875.200698,0.9921492791545483
3875.441752,0.9929000247654965
3875.682806,0.9924424033439219
3875.92386,0.9926415072594877
3876.164914,0.9930020008344215
3876.405968,0.993174500263108
3876.647022,0.9919068274995221
3876.888076,0.9923919885503786
3877.12913,0.9924439912530375
3877.370184,0.9931934700772242
3877.611238,0.9933264675868522
3877.852292,0.9928594159849389
3878.093346,0.9922448277307211
3878.3344,0.9921660466190507
3878.575454,0.9923754157425532
3878.816508,0.9935565486391027
3879.057562,0.9921475925022074
3879.298616,0.9922538571997375
3879.53967,0.9922320278550026
3879.780724,0.9919669388746248
3880.021778,0.9929121382196906
3880.262832,0.992961884363946
3880.503886,0.9924412124137524
3880.74494,0.9927854507136885
3880.985994,0.9932745179710917
3881.227048,0.993541247986069
3881.468102,0.9929328903002379
3881.709156,0.9924116381062819
3881.95021,0.9927838622582382
3882.191264,0.9928186103015044
3882.432318,0.9924213637879911
3882.673372,0.9923144857625961
3882.914426,0.9912688399093252
3883.15548,0.9925338114985507
3883.396534,0.9934771666422194
3883.637588,0.9920447121313044
3883.878642,0.9921075105491313
3884.119696,0.9916425195505919
3884.36075,0.9930502619043965
3884.601804,0.9930704210293276
3884.842858,0.9920713984929906
3885.083912,0.9922832283486014
3885.324966,0.9931639726692016
3885.56602,0.9923910953979908
3885.807074,0.991637065531733
3886.048128,0.9924512361206174
3886.289182,0.991982314481338
3886.530236,0.9927795932968088
3886.77129,0.991825196926763
3887.012344,0.9929565223842477
3887.253398,0.9934862073255709
3887.494452,0.9918290650525738
3887.735506,0.9937601492340875
3887.97656,0.9926430954871699
3888.217614,0.9918291642354853
3888.458668,0.9926213568414177
3888.699722,0.9923218289169603
3888.940776,0.9929044928256612
3889.18183,0.9914609664269579
3889.422884,0.9922715194755893
3889.663938,0.991719275652028
3889.904992,0.9918061540657941
3890.146046,0.99086507923558
3890.3871,0.9919052404498677
3890.628154,0.9916480727642504
3890.869208,0.991788103358052
3891.110262,0.9913740191128977
3891.351316,0.9909067955335377
3891.59237,0.9911587160587045
3891.833424,0.9924843845454795
3892.074478,0.9906619727134665
3892.315532,0.9925003636727022
3892.556586,0.9909365231833163
3892.79764,0.9919505715551641
3893.038694,0.9911111415821303
3893.279748,0.9907664930649394
3893.520802,0.9910907249029062
3893.761856,0.9909605041373456
3894.00291,0.9915989873995213
3894.243964,0.991613564011774
3894.485018,0.991673161777866
3894.726072,0.9915102432615085
3894.967126,0.9917073750921237
3895.20818,0.9915917487533344
3895.449234,0.9925353003003846
3895.690288,0.9904994184216886
3895.931342,0.9915689424053872
3896.172396,0.9916151505947457
3896.41345,0.9914156576961046
3896.654504,0.9912771666025526
3896.895558,0.9915870882830674
3897.136612,0.9912067884221788
3897.377666,0.9908948056338508
3897.61872,0.9925669626814765
3897.859774,0.9905604350651567
3898.100828,0.9910880489615614
3898.341882,0.9903441202885719
3898.582936,0.9912470322347325
3898.82399,0.9909382077768375
3899.065044,0.9910606953088923
3899.306098,0.9913291108870109
3899.547152,0.9907530187322593
3899.788206,0.991531461807752
3900.02926,0.9902884645129536
3900.270314,0.9914226967722629
3900.511368,0.9907858131999249
3900.752422,0.9915149033706031
3900.993476,0.9903843290760885
3901.23453,0.9909927108770867
3901.475584,0.9916521385296836
3901.716638,0.9915724129027589
3901.957692,0.9912280004744192
3902.198746,0.9917282011656736
3902.4398,0.9911171873785336
3902.680854,0.9906523633389367
3902.921908,0.9908951029023371
3903.162962,0.9908824195261937
3903.404016,0.9908617103000378
3903.64507,0.9913959287208204
3903.886124,0.9912759770706664
3904.127178,0.9916185220919892
3904.368232,0.9913870061976133
3904.609286,0.9921335041064218
3904.85034,0.9919465045661581
3905.091394,0.9917896902202868
3905.332448,0.9915302719707118
3905.573502,0.9917075734336185
3905.814556,0.9918567374695172
3906.05561,0.9915214473905606
3906.296664,0.9918289658696723
3906.537718,0.9913753078999603
3906.778772,0.992157017949107
3907.019826,0.9912086717168659
3907.26088,0.9909783415869566
3907.501934,0.9920545334225698
3907.742988,0.9922102982115332
3907.984042,0.9927608299398097
3908.225096,0.9919405529049857
3908.46615,0.9926683089420048
3908.707204,0.992624136185108
3908.948258,0.9927286650099943
3909.189312,0.9918210312696838
3909.430366,0.9935656894013977
3909.67142,0.9921981933197349
3909.912474,0.9925060209408983
3910.153528,0.9922308371772837
3910.394582,0.9922587192555498
3910.635636,0.9916061269379329
3910.87669,0.9919277569543873
3911.117744,0.9931377534864179
3911.358798,0.9925477070691805
3911.599852,0.992448655750758
3911.840906,0.9924390290454868
3912.08196,0.9933159383821006
3912.323014,0.9928246665134987
3912.564068,0.9933365002348395
3912.805122,0.9926567940564075
3913.046176,0.9929720126268206
3913.28723,0.9930538368917744
3913.528284,0.9929670477791694
3913.769338,0.9931308015464754
3914.010392,0.9926726766921732
3914.251446,0.9918742934891408
3914.4925,0.9931370582902338
3914.733554,0.9926659265409222
3914.974608,0.9918436450469929
3915.215662,0.993175096167987
3915.456716,0.9926049787241498
3915.69777,0.9936202376550816
3915.938824,0.9934857105825915
3916.179878,0.9933724596670098
3916.420932,0.9922712217941781
3916.661986,0.992154934421557
3916.90304,0.9918824268916943
3917.144094,0.9931738050412012
3917.385148,0.9924047904896032
3917.626202,0.9928629902852701
3917.867256,0.9929661541092286
3918.10831,0.9931525513491887
3918.349364,0.9935433344248805
3918.590418,0.9933860689629308
3918.831472,0.9925393697034581
3919.072526,0.9923512020778169
3919.31358,0.9927329337524317
3919.554634,0.9923806753461945
3919.795688,0.9933385862436803
3920.036742,0.9934199440054486
3920.277796,0.992134694667341
3920.51885,0.9928546502711799
3920.759904,0.9927231057450362
3921.000958,0.9922706264316237
3921.242012,0.9931579143874462
3921.483066,0.9928769897521292
3921.72412,0.9929059821835174
3921.965174,0.9929975323354718
3922.206228,0.9928528631344178
3922.447282,0.9929812473094791
3922.688336,0.9933508043834326
3922.92939,0.9929184928777101
3923.170444,0.9924155085192178
3923.411498,0.9930228540953975
3923.652552,0.9932198893749035
3923.893606,0.9928761954508551
3924.13466,0.9937535904387466
3924.375714,0.9935176019857554
3924.616768,0.9932576324478135
3924.857822,0.9926876661627615
3925.098876,0.99381778899428
3925.33993,0.9933170310302338
3925.580984,0.9932044945859281
3925.822038,0.9923259966773941
3926.063092,0.9925572355729051
3926.304146,0.9925787742986113
3926.5452,0.9935680739619136
3926.786254,0.9934996194799016
3927.027308,0.9927008689965201
3927.268362,0.9933480230050742
3927.509416,0.9925178318328223
3927.75047,0.9936016571303659
3927.991524,0.9937947326890294
3928.232578,0.9931403356479338
3928.473632,0.9929935603532865
3928.714686,0.994067367974426
3928.95574,0.9926347573201881
3929.196794,0.9933347122307483
3929.437848,0.9929494724179662
3929.678902,0.9928060015852191
3929.919956,0.9939885415576544
3930.16101,0.9934134867967985
3930.402064,0.9934694175505411
3930.643118,0.9930129239165075
3930.884172,0.994340376356007
3931.125226,0.9928665645984689
3931.36628,0.9940799927101662
3931.607334,0.9930854165059008
3931.848388,0.9934306729987803
3932.089442,0.9943104471611154
3932.330496,0.9937044008534721
3932.57155,0.9929282235266205
3932.812604,0.9934047447965796
3933.053658,0.9931588082299713
3933.294712,0.9933841815311928
3933.535766,0.9933348115642245
3933.77682,0.9933633206824203
3934.017874,0.9939828758391148
3934.258928,0.99483110495049
3934.499982,0.9943772670682883
3934.741036,0.9945454304819655
3934.98209,0.9933367982358343
3935.223144,0.9940343654856536
3935.464198,0.9938276278390932
3935.705252,0.9940197532878808
3935.946306,0.9936113944743187
3936.18736,0.9939348676256194
3936.428414,0.9935544621725413
3936.669468,0.9939181696601066
3936.910522,0.9937922482053033
3937.151576,0.9937935401360658
3937.39263,0.9940833725878871
3937.633684,0.9935631061339634
3937.874738,0.9940340672753887
3938.115792,0.993054333418817
3938.356846,0.9941409316814797
3938.5979,0.9944734279993199
3938.838954,0.9936855206492184
3939.080008,0.9941069326430031
3939.321062,0.9931696337199798
3939.562116,0.9953331238665613
3939.80317,0.9940068311150825
3940.044224,0.9928156318501412
3940.285278,0.9948938807737687
3940.526332,0.9941121020124931
3940.767386,0.9932462100507192
3941.00844,0.9938363735606993
3941.249494,0.9932561425624823
3941.490548,0.9938112298185179
3941.731602,0.9938000991950755
3941.972656,0.9938420384441735
3942.21371,0.9937529941867712
3942.454764,0.9936768756227947
3942.695818,0.9938404482981841
3942.936872,0.9942157933121404
3943.177926,0.9939876469683695
3943.41898,0.9942918537296026
3943.660034,0.993829118581653
3943.901088,0.9939773095505957
3944.142142,0.9941806981140703
3944.383196,0.9935365783531771
3944.62425,0.9931805586460377
3944.865304,0.9938222611843929
3945.106358,0.9939726378682193
3945.347412,0.9937110586952616
3945.588466,0.9935386647821823
3945.82952,0.9939707493220015
3946.070574,0.9937717762958517
3946.311628,0.9942017749682842
3946.552682,0.9934973344334047
3946.793736,0.9935405525074388
3947.03479,0.9928846349343842
3947.275844,0.9933146470722201
3947.516898,0.9942546679096522
3947.757952,0.9944199267680895
3947.999006,0.9939970898958695
3948.24006,0.9942513868746619
3948.481114,0.9942178811674985
3948.722168,0.9941660837652238
3948.963222,0.9935041895886625
3949.204276,0.991353894424576
3949.44533,0.9936257025814172
3949.686384,0.9935686701029369
3949.927438,0.9950645197061917
3950.168492,0.9942412455622366
3950.409546,0.9940697537389721
3950.6506,0.9948537873582614
3950.891654,0.9942285193557412
3951.132708,0.9954397297527706
3951.373762,0.9947967838694113
3951.614816,0.9936831358068307
3951.85587,0.9940188586705055
3952.096924,0.9945866055151048
3952.337978,0.9946640868295324
3952.579032,0.994827623047716
3952.820086,0.9960645642044971
3953.06114,0.9946712484367394
3953.302194,0.9944752180531014
3953.543248,0.9941461012277653
3953.784302,0.9942505914738705
3954.025356,0.9947848463796298
3954.26641,0.9957650926178503
3954.507464,0.9957165004669887
3954.748518,0.9946863675546206
3954.989572,0.9951631354864258
3955.230626,0.995642322350873
3955.47168,0.9951125824832002
3955.712734,0.9955004534283388
3955.953788,0.9953168005371815
3956.194842,0.9944268877319403
3956.435896,0.9958771224923321
3956.67695,0.9956672137200726
3956.918004,0.9957459741116104
3957.159058,0.996567504527965
3957.400112,0.9955166802179777
3957.641166,0.9960811986216163
3957.88222,0.9949635257829698
3958.123274,0.9954008088202465
3958.364328,0.9958383836257431
3958.605382,0.9957254619558196
3958.846436,0.995746173260825
3959.08749,0.9956462053635021
3959.328544,0.9962904972674995
3959.569598,0.9953581070415078
3959.810652,0.9952616615137968
3960.051706,0.9960355791474134
3960.29276,0.9956567592692145
3960.533814,0.9959779103569083
3960.774868,0.9960299017607928
3961.015922,0.9958940525473196
3961.256976,0.9963865443008287
3961.49803,0.9960061965312241
3961.739084,0.9958770229046249
3961.980138,0.9965355152245008
3962.221192,0.9953730375250918
3962.462246,0.9967014522016556
3962.7033,0.9956952919314005
3962.944354,0.9961781220374899
3963.185408,0.9953318299343412
3963.426462,0.9958687571596376
3963.667516,0.9958011399666562
3963.90857,0.9957782368038243
3964.149624,0.997158943461412
3964.390678,0.9966322835210538
3964.631732,0.9949270112916185
3964.872786,0.9958726410553641
3965.11384,0.9952169752684086
3965.354894,0.9972455006142306
3965.595948,0.9955708377984543
3965.837002,0.9958475453810164
3966.078056,0.9967577674245951
3966.31911,0.9962784422254157
3966.560164,0.9958471470420779
3966.801218,0.9967790982690572
3967.042272,0.9958914632261491
3967.283326,0.996605374812668
3967.52438,0.9959951409238014
3967.765434,0.9951032284688888
3968.006488,0.9950228273762763
3968.247542,0.9968474796606533
3968.488596,0.9964823016488029
3968.72965,0.9960790072453898
3968.970704,0.9965506626794526
3969.211758,0.9953883663879016
3969.452812,0.9949321849255287
3969.693866,0.9959239298170528
3969.93492,0.9967460057523335
3970.175974,0.9957391034880926
3970.417028,0.9960351807332614
3970.658082,0.9954435124309308
3970.899136,0.9967569700187001
3971.14019,0.9964236105697051
3971.381244,0.9957440821960568
3971.622298,0.9961779228018853
3971.863352,0.9954745707530259
3972.104406,0.9955169788730266
3972.34546,0.9959072980263006
3972.586514,0.9962120922906409
3972.827568,0.9959606800881013
3973.068622,0.9960734292185677
3973.309676,0.995922933893621
3973.55073,0.995772859615864
3973.791784,0.9952537989777279
3974.032838,0.995934088292945
3974.273892,0.9956479975282847
3974.514946,0.9962694757597849
3974.756,0.996444934263134
3974.997054,0.9955207618447339
3975.238108,0.9956169337953585
3975.479162,0.9964428417309691
3975.720216,0.9955260381187538
3975.96127,0.9963891349092117
3976.202324,0.9956459066696853
3976.443378,0.9953354131353788
3976.684432,0.9956661184867399
3976.925486,0.9959214400103404
3977.16654,0.9957939702242595
3977.407594,0.9953622875543364
3977.648648,0.9953523339812289
3977.889702,0.9949862112099706
3978.130756,0.9955197663244698
3978.37181,0.9973808360109628
3978.612864,0.9960573925654527
3978.853918,0.9967395269243523
3979.094972,0.9959937465315802
3979.336026,0.9962863128561983
3979.57708,0.9961434556420418
3979.818134,0.9953100324059495
3980.059188,0.9961942602537861
3980.300242,0.9958398773844388
3980.541296,0.995765988806837
3980.78235,0.9954950777404047
3981.023404,0.9951600504854875
3981.264458,0.9963174971058216
3981.505512,0.9956880233822996
3981.746566,0.9964794118543183
3981.98762,0.9958064177266841
3982.228674,0.9945521934138867
3982.469728,0.9960085869489643
3982.710782,0.9947095440169893
3982.951836,0.9965103031948991
3983.19289,0.9958332052796118
3983.433944,0.9962629004029435
3983.674998,0.9965030286962377
3983.916052,0.9953508409538476
3984.157106,0.9948214551355736
3984.39816,0.995661936697824
3984.639214,0.9959035135857586
3984.880268,0.9955864683833076
3985.121322,0.9967202900371193
3985.362376,0.9956341581173032
3985.60343,0.9951061142724358
3985.844484,0.9959473343044051
3986.085538,0.9946713479038691
3986.326592,0.9948157846694402
3986.567646,0.9953818963845477
3986.8087,0.9955889573525898
3987.049754,0.9962700735216496
3987.290808,0.9950160612440551
3987.531862,0.995396528605971
3987.772916,0.994690644715197
3988.01397,0.9945809363876104
3988.255024,0.9953057525820118
3988.496078,0.9947191927463626
3988.737132,0.9947721132150886
3988.978186,0.9948959700531121
3989.21924,0.9949583519860876
3989.460294,0.9953167010055064
3989.701348,0.9949812362913518
3989.942402,0.9950649177320792
3990.183456,0.9950468077153781
3990.42451,0.9947058635984852
3990.665564,0.9950669078639047
3990.906618,0.9944878479685705
3991.147672,0.9939925175197725
3991.388726,0.9954139481976426
3991.62978,0.9952998802953948
3991.870834,0.9954360466325843
3992.111888,0.9938433304396632
3992.352942,0.9950090961560042
3992.593996,0.9946975081043241
3992.83505,0.9942830045714832
3993.076104,0.9962025287004602
3993.317158,0.9960265152648838
3993.558212,0.9937726706908528
3993.799266,0.9936249076811732
3994.04032,0.9940869512944701
3994.281374,0.9948026531877505
3994.522428,0.9939722402792437
3994.763482,0.9946803994543195
3995.004536,0.9934646489087816
3995.24559,0.9946255940742117
3995.486644,0.9939234374403655
3995.727698,0.9941763237286223
3995.968752,0.9942221563135791
3996.209806,0.993600166728998
3996.45086,0.9929200815485697
3996.691914,0.9935101506316831
3996.932968,0.994493814913559
3997.174022,0.9931116343069699
3997.415076,0.992914819086083
3997.65613,0.9937045995943722
3997.897184,0.9936916815185451
3998.138238,0.9937379886298512
3998.379292,0.9934109039250906
3998.620346,0.9933497116981488
3998.8614,0.9934142815279059
3999.102454,0.9937584598432697
3999.343508,0.994369908703738
3999.584562,0.993402658648806
3999.825616,0.993659188331826
4000.06667,0.9935894359051439
4000.307724,0.99336729414365
4000.548778,0.9932274378747469
4000.789832,0.9934207387417217
4001.030886,0.9939788999155633
4001.27194,0.9932149232878718
4001.512994,0.9940537493447725
4001.754048,0.9932850467367845
4001.995102,0.993832100073481
4002.236156,0.9941151837647861
4002.47721,0.9928260564690048
4002.718264,0.9933259709237425
4002.959318,0.9934558071127524
4003.200372,0.9932752132634975
4003.441426,0.9929263369647879
4003.68248,0.9939397379184031
4003.923534,0.9937617392515983
4004.164588,0.9929599977381579
4004.405642,0.9927646024381312
4004.646696,0.9939625987952743
4004.88775,0.993358850557535
4005.128804,0.9941307914956916
4005.369858,0.9938023849379323
4005.610912,0.9938461132048844
4005.851966,0.9943182028128502
4006.09302,0.9936302732701617
4006.334074,0.9941606158667998
4006.575128,0.9943100494370161
4006.816182,0.994058620220078
4007.057236,0.9939202568904545
4007.29829,0.9942252384070409
4007.539344,0.9944945110594732
4007.780398,0.9944030217730274
4008.021452,0.9934856112340253
4008.262506,0.9942621248476251
4008.50356,0.9941928271925745
4008.744614,0.9945793450593852
4008.985668,0.9943440554222058
4009.226722,0.9925307346485042
4009.467776,0.9943935749891929
4009.70883,0.992962778030044
4009.949884,0.9944794943057329
4010.190938,0.9944613949436413
4010.431992,0.9939031616090559
4010.673046,0.9938757302603498
4010.9141,0.9940398326896985
4011.155154,0.9950627285916682
4011.396208,0.9938180871396614
4011.637262,0.9946288763440879
4011.878316,0.9937725713135908
4012.11937,0.995060041925928
4012.360424,0.9949754654169168
4012.601478,0.9945197715408608
4012.842532,0.9946779127564292
4013.083586,0.9947013874321704
4013.32464,0.9947570922695875
4013.565694,0.9946315618456795
4013.806748,0.9955978181337406
4014.047802,0.9941556450761474
4014.288856,0.9945752672924298
4014.52991,0.9945389659576771
4014.770964,0.9947698252418594
4015.012018,0.9945554754415403
4015.253072,0.9954032973253792
4015.494126,0.9946520514668958
4015.73518,0.9954052881339647
4015.976234,0.9955746209748261
4016.217288,0.9943847249257582
4016.458342,0.994563829742622
4016.699396,0.9947720137378823
4016.94045,0.9955404733509617
4017.181504,0.9951626379049824
4017.422558,0.9946077904354208
4017.663612,0.9953657713284395
4017.904666,0.9947433647164345
4018.14572,0.9944013312893273
4018.386774,0.9962615056358592
4018.627828,0.9952971929893459
4018.868882,0.9952667373612138
4019.109936,0.9945510994070756
4019.35099,0.9952953019264758
4019.592044,0.9954690956579433
4019.833098,0.9948422471212615
4020.074152,0.9951730871675389
4020.315206,0.99503237964127
4020.55626,0.9951174585468007
4020.797314,0.994879952356937
4021.038368,0.9953794079329172
4021.279422,0.9938146087824435
4021.520476,0.9944532403936365
4021.76153,0.9946573231367385
4022.002584,0.9942305078147684
4022.243638,0.9943460441123053
4022.484692,0.995517277528165
4022.725746,0.9946392205381915
4022.9668,0.9951306936970129
4023.207854,0.9944754169481649
4023.448908,0.9948744805322466
4023.689962,0.9945640286554079
4023.931016,0.9945418501248604
4024.17207,0.9951555722753362
4024.413124,0.9949743709445068
4024.654178,0.9945831244680773
4024.895232,0.9954114596658828
4025.136286,0.9948603534149258
4025.37734,0.9943626498298994
4025.618394,0.9946875611789778
4025.859448,0.9947064604221825
4026.100502,0.9952016490450016
4026.341556,0.9948030511088914
4026.58261,0.994666374559563
4026.823664,0.9947617676389083
4027.064718,0.995288932056927
4027.305772,0.9945758640377693
4027.546826,0.9950421310063721
4027.78788,0.9948771666969703
4028.028934,0.9947713173977164
4028.269988,0.9949926786413625
4028.511042,0.9952014500046917
4028.752096,0.9945522928691111
4028.99315,0.9943417684335084
4029.234204,0.9950040216225539
4029.475258,0.9940427154093933
4029.716312,0.9941126984799333
4029.957366,0.9948190675669464
4030.19842,0.9946241021369395
4030.439474,0.9944168440710948
4030.680528,0.9950828290617998
4030.921582,0.9944747208156166
4031.162636,0.9946301693624676
4031.40369,0.9946822893488739
4031.644744,0.994495008306853
4031.885798,0.9942720675185869
4032.126852,0.9942269285913828
4032.367906,0.9945988390055884
4032.60896,0.9947512232200568
4032.850014,0.9943165124733423
4033.091068,0.995027802502851
4033.332122,0.9944790965140148
4033.573176,0.994234584168207
4033.81423,0.9945047544056902
4034.055284,0.9942073425138132
4034.296338,0.9947203864101101
4034.537392,0.9949281057119329
4034.778446,0.9943840288566944
4035.0195,0.9950618330356155
4035.260554,0.9935332996878783
4035.501608,0.9941394404712006
4035.742662,0.9946595113852565
4035.983716,0.9937999998150706
4036.22477,0.9944103803826153
4036.465824,0.9935496931225687
4036.706878,0.9944050105810598
4036.947932,0.9949276082480044
4037.188986,0.9936317637166895
4037.43004,0.9939782041305769
4037.671094,0.9947688304725316
4037.912148,0.9946079893569988
4038.153202,0.9931823463726522
4038.394256,0.9940507671879978
4038.63531,0.993781018416347
4038.876364,0.9945328992884881
4039.117418,0.9943361007015814
4039.358472,0.9940626958687759
4039.599526,0.9943619537762881
4039.84058,0.9939778065393747
4040.081634,0.9946592129874479
4040.322688,0.9934293815397449
4040.563742,0.9935627087088005
4040.804796,0.9937965215211583
4041.04585,0.9934726960050285
4041.286904,0.9936929733185708
4041.527958,0.9932696509378779
4041.769012,0.9939875475696098
4042.010066,0.9935969872135517
4042.25112,0.9933874597044008
4042.492174,0.9952115015900972
4042.733228,0.9934858099311675
4042.974282,0.9931904905012834
4043.215336,0.9925834394298136
4043.45639,0.9936585921364919
4043.697444,0.9928317155936551
4043.938498,0.9943976520112082
4044.179552,0.9927178443265186
4044.420606,0.993710363097764
4044.66166,0.994368616023697
4044.902714,0.9935279346225457
4045.143768,0.9931258359048817
4045.384822,0.9924482587713751
4045.625876,0.9932303182384933
4045.86693,0.9935720482421581
4046.107984,0.9917574575791379
4046.349038,0.9938214661269019
4046.590092,0.9935601254491161
4046.831146,0.9926747613069831
4047.0722,0.9931297091031944
4047.313254,0.993100312898871
4047.554308,0.9936781674035726
4047.795362,0.993226841938463
4048.036416,0.9930606889868886
4048.27747,0.9918815341979118
4048.518524,0.9935157143041049
4048.759578,0.9928703374985829
4049.000632,0.9937356036615405
4049.241686,0.9926051772451653
4049.48274,0.9932256500669678
4049.723794,0.9918570350265831
4049.964848,0.9930662501423182
4050.205902,0.9932563412137306
4050.446956,0.9927061303250683
4050.68801,0.9922454230777963
4050.929064,0.9923356222862459
4051.170118,0.9927587451442559
4051.411172,0.9934080230376465
4051.652226,0.9929707217640431
4051.89328,0.9921786472078564
4052.134334,0.9927994490872319
4052.375388,0.9931879082093651
4052.616442,0.992646669008746
4052.857496,0.9927652973735962
4053.09855,0.9922989065474668
4053.339604,0.9920487795229623
4053.580658,0.9931107405069013
4053.821712,0.9923902022464068
4054.062766,0.9929390465032419
4054.30382,0.9928972446493194
4054.544874,0.9919075218345443
4054.785928,0.9922676496242097
4055.026982,0.9920542358062544
4055.268036,0.9916914087319142
4055.50909,0.991500427358689
4055.750144,0.9924166001768775
4055.991198,0.9908820231733051
4056.232252,0.9916321073588008
4056.473306,0.9923820646801125
4056.71436,0.9910976625622623
4056.955414,0.9910456313008104
4057.196468,0.9914132783013814
4057.437522,0.9918369997168329
4057.678576,0.9912059954570652
4057.91963,0.9915622989157288
4058.160684,0.9912191785844724
4058.401738,0.9914246796196393
4058.642792,0.9912589272704895
4058.883846,0.990522497327006
4059.1249,0.990726565979805
4059.365954,0.9913816527222342
4059.607008,0.9915233312831003
4059.848062,0.9915302719707118
4060.089116,0.9899528136195246
4060.33017,0.9907408325450742
4060.571224,0.9900751793493343
4060.812278,0.9909217583391191
4061.053332,0.9900399333003329
4061.294386,0.9904303830181364
4061.53544,0.990901642831598
4061.776494,0.9906789131780405
4062.017548,0.9897934440461268
4062.258602,0.9897251506546367
4062.499656,0.9900502297691808
4062.74071,0.9886469379730867
4062.981764,0.9895163406780758
4063.222818,0.9898261077687288
4063.463872,0.9889603887317445
4063.704926,0.9896103491957742
4063.94598,0.9894164045745255
4064.187034,0.9891690813900681
4064.428088,0.9887349314662186
4064.669142,0.988341493262891
4064.910196,0.9887210892740737
4065.15125,0.9878474460383584
4065.392304,0.9876340940328602
4065.633358,0.9879738986042429
4065.874412,0.988226852298977
4066.115466,0.9870900575428653
4066.35652,0.9875057099457824
4066.597574,0.9865048866590573
4066.838628,0.9866637267320921
4067.079682,0.9881596551577494
4067.320736,0.9871640920734411
4067.56179,0.9861488226683905
4067.802844,0.985836263034924
4068.043898,0.9864871297309102
4068.284952,0.9869054889598051
4068.526006,0.9860245757444549
4068.76706,0.9861803799356296
4069.008114,0.9859092176176748
4069.249168,0.9851040587390694
4069.490222,0.9862188417204469
4069.731276,0.9850272236190963
4069.97233,0.984949409542127
4070.213384,0.9854154008110875
4070.454438,0.9849828983913586
4070.695492,0.9845958761671391
4070.936546,0.9846815397346768
4071.1776,0.9838065468378224
4071.418654,0.9836648888946945
4071.659708,0.9840613857336659
4071.900762,0.9828586143035615
4072.141816,0.9837544064725718
4072.38287,0.9839167393417333
4072.623924,0.9839088680393038
4072.864978,0.9825107439307867
4073.106032,0.9824734092318812
4073.347086,0.9829755814380701
4073.58814,0.9830404599674128
4073.829194,0.9836648888946945
4074.070248,0.983044392137117
4074.311302,0.9826905598495809
4074.552356,0.9822887215921277
4074.79341,0.9822209460086223
4075.034464,0.982217017132696
4075.275518,0.982469479346104
4075.516572,0.9820372878642905
4075.757626,0.982263182417377
4075.99868,0.9823771315554596
4076.239734,0.9826895771595123
4076.480788,0.9818782107092539
4076.721842,0.9816317902054328
4076.962896,0.9823456959902216
4077.20395,0.9819862232530129
4077.445004,0.9819243600696587
4077.686058,0.9818192997839568
4077.927112,0.981653386342374
4078.168166,0.9824272340667721
4078.40922,0.9819548001966404
4078.650274,0.9822828278774792
4078.891328,0.9824272340667721
4079.132382,0.9821571037220286
4079.373436,0.9825893479344194
4079.61449,0.9814982973596841
4079.855544,0.9824989538726001
4080.096598,0.9817918092284323
4080.337652,0.9821610323583008
4080.578706,0.9821816579565482
4080.81976,0.9837927736425792
4081.060814,0.9830630701580083
4081.301868,0.9830493073713659
4081.542922,0.9827849026717094
4081.783976,0.9822749696462892
4082.02503,0.9832892006681564
4082.266084,0.9837485039638406
4082.507138,0.9827593505964184
4082.748192,0.9830247314458819
4082.989246,0.9835881660255915
4083.2303,0.9837908060589996
4083.471354,0.9840308803035447
4083.712408,0.9848824352594294
4083.953462,0.9835281689773925
4084.194516,0.984427524666778
4084.43557,0.9851562706377855
4084.676624,0.9838990289998187
4084.917678,0.9854252550143665
4085.158732,0.9849238011903888
4085.399786,0.9859713318549627
4085.64084,0.9846815397346768
4085.881894,0.9865926895011384
4086.122948,0.9857159983471289
4086.364002,0.98520060366745
4086.605056,0.9851139098289121
4086.84611,0.9856824845729224
4087.087164,0.985751484761821
4087.328218,0.9854764984599453
4087.569272,0.9858372488716799
4087.810326,0.9860561290357287
4088.05138,0.9863233864584425
4088.292434,0.9865206708635171
4088.533488,0.9868235792035234
4088.774542,0.987646933359538
4089.015596,0.9871621177472314
4089.25665,0.986438793045812
4089.497704,0.9875610118139773
4089.738758,0.9870387301943957
4089.979812,0.9884077143613217
4090.220866,0.987979826465418
4090.46192,0.9886439720367216
4090.702974,0.9869735877879259
4090.944028,0.9884521937092458
4091.185082,0.9880727009341375
4091.426136,0.9881566906832306
4091.66719,0.9868847641621481
4091.908244,0.9878543609946829
4092.149298,0.9889940139565869
4092.390352,0.9882782414314024
4092.631406,0.9890978637800727
4092.87246,0.9894173939914248
4093.113514,0.9882248758472488
4093.354568,0.9893491265464933
4093.595622,0.9893560520146183
4093.836676,0.9894055210539346
4094.07773,0.9895153511622299
4094.318784,0.9896410275921119
4094.559838,0.9897964134309131
4094.800892,0.9903498643011273
4095.041946,0.9898013624253527
4095.283,0.990044883512375
4095.524054,0.9898122503002226
4095.765108,0.9897409863837326
4096.006162,0.9904425653867689
4096.247216,0.9908859867093249
4096.48827,0.9903968079972519
4096.729324,0.9897360376911725
4096.970378,0.9908309940631226
4097.211432,0.9904967440768693
4097.452486,0.9910167922925491
4097.69354,0.9905737086639195
4097.934594,0.9900488436998294
4098.175648,0.9910925088678166
4098.416702,0.9905699444909786
4098.657756,0.9908472438246729
4098.89881,0.9913316883460499
4099.139864,0.9913382311567842
4099.380918,0.991895817394843
4099.621972,0.9912496094803668
4099.863026,0.9910794265330432
4100.10408,0.9908508108811713
4100.345134,0.9912419768877593
4100.586188,0.9911991561592921
4100.827242,0.9916253642833972
4101.068296,0.990451974635834
4101.30935,0.9916848635902156
4101.550404,0.9916726659414091
4101.791458,0.9921806315671351
4102.032512,0.992227165929978
4102.273566,0.9919323198325639
4102.51462,0.9916998381447134
4102.755674,0.9921228883347223
4102.996728,0.9914258693299687
4103.237782,0.9914264641856687
4103.478836,0.9913032375348655
4103.71989,0.9920094951691285
4103.960944,0.9927589436960248
4104.201998,0.9923911946371053
4104.443052,0.9931184868008878
4104.684106,0.9925899905021324
4104.92516,0.9916519401992757
4105.166214,0.9927306504693099
4105.407268,0.9927484205069946
4105.648322,0.9932674657470495
4105.889376,0.9919098032244682
4106.13043,0.9916698892618319
4106.371484,0.9930615827419109
4106.612538,0.9926101402834592
4106.853592,0.9922324247478932
4107.094646,0.9931748975329876
4107.3357,0.9918974044294204
4107.576754,0.9926650331419904
4107.817808,0.9931080591115218
4108.058862,0.992103244496008
4108.299916,0.9922261737033081
4108.54097,0.9933042173231821
4108.782024,0.9923576523815939
4109.023078,0.9929597991461783
4109.264132,0.9932530634732128
4109.505186,0.9933873603656599
4109.74624,0.9931591061776585
4109.987294,0.9926786327461015
4110.228348,0.9933398775846819
4110.469402,0.9927792954629754
4110.710456,0.9929361669841824
4110.95151,0.993120671663962
4111.192564,0.9926332683691689
4111.433618,0.9934278913967902
4111.674672,0.9926521285804394
4111.915726,0.9922292496092142
4112.15678,0.9921784487721468
4112.397834,0.9941085232153678
4112.638888,0.9932211805615989
4112.879942,0.9934011685459355
4113.120996,0.9930251380505885
4113.36205,0.9927190355886465
4113.603104,0.9923334391502784
4113.844158,0.9938524738403629
4114.085212,0.9929941561496014
4114.326266,0.9920639579854039
4114.56732,0.992883840626994
4114.808374,0.9936593870636835
4115.049428,0.9930589014792572
4115.290482,0.9940371487857735
4115.531536,0.9926887581197948
4115.77259,0.9926615588204545
4116.013644,0.9929425217959865
4116.254698,0.992535995075338
4116.495752,0.9931502671009474
4116.736806,0.9928940673832202
4116.97786,0.9934312690573629
4117.218914,0.9937737638413918
4117.459968,0.9927371032395094
4117.701022,0.9945399604971403
4117.942076,0.9933671948069255
4118.18313,0.9932024088586794
4118.424184,0.9939735324439959
4118.665238,0.992777210628644
4118.906292,0.9933418642664237
4119.147346,0.9941816922952655
4119.3884,0.9929432168559951
4119.629454,0.9938058632523666
4119.870508,0.9928957553045694
4120.111562,0.9940057377081696
4120.352616,0.9933892478034376
4120.59367,0.9938235531541721
4120.834724,0.9938000991950755
4121.075778,0.9943589706949014
4121.316832,0.9933190176662825
4121.557886,0.9929499688928265
4121.79894,0.9933448442964865
4122.039994,0.9940830743629201
4122.281048,0.9937014197447412
4122.522102,0.9942145008324491
4122.763156,0.9936843282273091
4123.00421,0.993576221253524
4123.245264,0.9929987239332256
4123.486318,0.9934643508694316
4123.727372,0.9931290139126414
4123.968426,0.993739181116153
4124.20948,0.9921353891618704
4124.450534,0.9928507781455944
4124.691588,0.9937917513093034
4124.932642,0.9935393602594912
4125.173696,0.9929660548126182
4125.41475,0.9938917317884189
4125.655804,0.9939080317464796
4125.896858,0.9934495483608826
4126.137912,0.9930482758058589
4126.378966,0.9935728431001146
4126.62002,0.9931633767709969
4126.861074,0.9933955061754126
4127.102128,0.9923653928014701
4127.343182,0.9924710853438314
4127.584236,0.9919036534027527
4127.82529,0.9930728044011982
4128.066344,0.9925353003003846
4128.307398,0.9938778174015749
4128.548452,0.9930823379458813
4128.789506,0.9931041859976438
4129.03056,0.9931421233021468
4129.271614,0.9923786905868286
4129.512668,0.9923476296199198
4129.753722,0.9918233124606791
4129.994776,0.9927777070173734
4130.23583,0.9921688246878706
4130.476884,0.9914829771047302
4130.717938,0.9926392241866465
4130.958992,0.9932878279388091
4131.200046,0.9925734143877019
4131.4411,0.9923160734670434
4131.682154,0.9926550072757864
4131.923208,0.9917457549101844
4132.164262,0.9932184988680316
4132.405316,0.992805902304624
4132.64637,0.9915790564601813
4132.887424,0.9918335282934089
4133.128478,0.9925015546738533
4133.369532,0.9920735810524682
4133.610586,0.9914696913218519
4133.85164,0.9916868469619261
4134.092694,0.9908995619403329
4134.333748,0.9915374110143704
4134.574802,0.9916383546607561
4134.815856,0.9914486723871975
4135.05691,0.9909740803892494
4135.297964,0.9917981204684823
4135.539018,0.9903776935233128
4135.780072,0.9915745943644669
4136.021126,0.9917787805936975
4136.26218,0.9917204657158728
4136.503234,0.9915459382727723
4136.744288,0.9902312274938706
4136.985342,0.9907166587636813
4137.226396,0.9909373159328518
4137.46745,0.9909953865610183
4137.708504,0.9908791496196045
4137.949558,0.9907213151429201
4138.190612,0.9922131756255702
4138.431666,0.9904984279227654
4138.67272,0.9905412183791189
4138.913774,0.990108050390945
4139.154828,0.9906608829858958
4139.395882,0.9906208610946708
4139.636936,0.9898884687778694
4139.87799,0.9898558029973881
4140.119044,0.9898587725692514
4140.360098,0.9894549925667648
4140.601152,0.9906776252962904
4140.842206,0.990438009361447
4141.08326,0.9893303290916653
4141.324314,0.9900959711464138
4141.565368,0.9893906800824265
4141.806422,0.9896736862848879
4142.047476,0.9899211356363392
4142.28853,0.9890800601787576
4142.529584,0.9900873573489348
4142.770638,0.9885441240379548
4143.011692,0.990022112741919
4143.252746,0.9888150222393
4143.4938,0.9898053216387208
4143.734854,0.9888357875728022
4143.975908,0.9888970972922133
4144.216962,0.9882169700798652
4144.458016,0.9888684196922191
4144.69907,0.9882653938977729
4144.940124,0.9887023037518404
4145.181178,0.9885312730478739
4145.422232,0.9889554439421628
4145.663286,0.988728999074427
4145.90434,0.9882525465311603
4146.145394,0.9877457029912733
4146.386448,0.9893283504329858
4146.627502,0.9883148084028202
4146.868556,0.9874543609839498
4147.10961,0.9884432976795345
4147.350664,0.9879007912407519
4147.591718,0.9878405311304383
4147.832772,0.9874217755277003
4148.073826,0.9880410831135954
4148.31488,0.9878602881386304
4148.555934,0.9863411404391842
4148.796988,0.9882851594033053
4149.038042,0.9879027670443102
4149.279096,0.9874642355769325
4149.52015,0.987506697451986
4149.761204,0.9880697367204809
4150.002258,0.9870081324680269
4150.243312,0.9866509001870174
4150.484366,0.9871186835696094
4150.72542,0.9867722657115671
4150.966474,0.986782133483563
4151.207528,0.9859299219286393
4151.448582,0.9873487090198054
4151.689636,0.9870742642282915
4151.93069,0.9870150415491359
4152.171744,0.9859535845307157
4152.412798,0.9868196319171011
4152.653852,0.9868038429293027
4152.894906,0.9865137652429907
4153.13596,0.985793872987006
4153.377014,0.9869439790244259
4153.618068,0.9865374418574748
4153.859122,0.9854991646800704
4154.100176,0.9872124642990626
4154.34123,0.9851887813311402
4154.582284,0.9857721857603607
4154.823338,0.9861764352219993
4155.064392,0.9859910514787954
4155.305446,0.9865887431382732
4155.5465,0.9862661813609919
4155.787554,0.9852971580576972
4156.028608,0.9856706564540764
4156.269662,0.9870180025987021
4156.510716,0.985613489213868
4156.75177,0.9859092176176748
4156.992824,0.985054804767492
4157.233878,0.9856479862896859
4157.474932,0.9852754817586601
4157.715986,0.9859802056368814
4157.95704,0.9853730288598561
4158.198094,0.985706141236431
4158.439148,0.9858845701953285
4158.680202,0.9853848534071495
4158.921256,0.9851779443141492
4159.16231,0.9852764670346346
4159.403364,0.9845387712623797
4159.644418,0.9851651370841202
4159.885472,0.9848637226709297
4160.126526,0.9851286866483854
4160.36758,0.9847947846232026
4160.608634,0.9845043130084085
4160.849688,0.9845033285045877
4161.090742,0.98520060366745
4161.331796,0.9850252535666192
4161.57285,0.9840761467651593
4161.813904,0.9845683078685644
4162.054958,0.9848942539195644
4162.296012,0.9838704963417032
4162.537066,0.9840633538584055
4162.77812,0.984558462234714
4163.019174,0.9837563739833524
4163.260228,0.9845249878160663
4163.501282,0.9840476089707031
4163.742336,0.9846155682815829
4163.98339,0.9842011323722165
4164.224444,0.9836894808243146
4164.465498,0.9836855460742608
4164.706552,0.9841135423692484
4164.947606,0.9842916830416617
4165.18866,0.9830493073713659
4165.429714,0.9839885678854152
4165.670768,0.9831132076530816
4165.911822,0.9834907956170696
4166.152876,0.9826502703625671
4166.39393,0.9835655437579299
4166.634984,0.9839098519486638
4166.876038,0.9833019835108534
4167.117092,0.9834032688312595
4167.358146,0.9833363996825558
4167.5992,0.9836452157936483
4167.840254,0.9840692582562418
4168.081308,0.9827790059799835
4168.322362,0.9830453751820007
4168.563416,0.9824075857185749
4168.80447,0.9831967758273292
4169.045524,0.9818919571004283
4169.286578,0.9821433536188274
4169.527632,0.9840279282153319
4169.768686,0.9823732020547924
4170.00974,0.982540219695239
4170.250794,0.9827632816416828
4170.491848,0.9818929389928763
4170.732902,0.9816641845890139
4170.973956,0.9827524713050417
4171.21501,0.9827337991854727
4171.456064,0.9823240846226358
4171.697118,0.9821826401386973
4171.938172,0.9828930149570699
4172.179226,0.9816612396008777
4172.42028,0.9819764034398795
4172.661334,0.9828939978505764
4172.902388,0.9827269200729553
4173.143442,0.9821669253421738
4173.384496,0.9816857814386394
4173.62555,0.9826365133550813
4173.866604,0.9818890114289756
4174.107658,0.9825854175848884
4174.348712,0.9827947305698755
4174.589766,0.9829726325157491
4174.83082,0.9824606371605797
4175.071874,0.9827721265510196
4175.312928,0.9828625457458815
4175.553982,0.9821129076467803
4175.795036,0.9822013017861451
4176.03609,0.9823840082194488
4176.277144,0.9825962260839285
4176.518198,0.9828615628838272
4176.759252,0.9840239921114913
4177.000306,0.9829431437791069
4177.24136,0.9831987422228473
4177.482414,0.9829411778947852
4177.723468,0.9831043596740286
4177.964522,0.9830335787082776
4178.205576,0.9832587191754013
4178.44663,0.9839039485072625
4178.687684,0.9840466249235862
4178.928738,0.9839501930795812
4179.169792,0.9829333143968161
4179.410846,0.9834475229740677
4179.6519,0.9835694780279736
4179.892954,0.9836186577313573
4180.134008,0.98453384858083
4180.375062,0.9832125071015924
4180.616116,0.9845515703496
4180.85717,0.9838311423089354
4181.098224,0.9838232716912795
4181.339278,0.983194809435744
4181.580332,0.9841735751263133
4181.821386,0.985390765734007
4182.06244,0.9838252393397905
4182.303494,0.9841371613776922
4182.544548,0.9847888758722211
4182.785602,0.9844737938477546
4183.026656,0.9847573631323997
4183.26771,0.9848066022315235
4183.508764,0.9853533215963521
4183.749818,0.984721912505442
4183.990872,0.9850321487675273
4184.231926,0.9859486547751174
4184.47298,0.9852301601289047
4184.714034,0.9845013594998997
4184.955088,0.9850823866881705
4185.196142,0.985648971938165
4185.437196,0.9845417248831239
4185.67825,0.9850656404299404
4185.919304,0.9861162802941946
4186.160358,0.9853533215963521
4186.401412,0.9854981791813985
4186.642466,0.9861261415063035
4186.88352,0.9861241692559928
4187.124574,0.9862760440721189
4187.365628,0.9855651953361063
4187.606682,0.9859407672174295
4187.847736,0.9855691376047722
4188.08879,0.9863007012814345
4188.329844,0.9855967339269718
4188.570898,0.9869913534723967
4188.811952,0.9863865131752093
4189.053006,0.9853602190937446
4189.29406,0.9847268361273136
4189.535114,0.9863154959029131
4189.776168,0.9858086600060032
4190.017222,0.985189766520414
4190.258276,0.9861882694102269
4190.49933,0.9858796407848011
4190.740384,0.986603542080412
4190.981438,0.985921048599272
4191.222492,0.985967387977523
4191.463546,0.9870495876801438
4191.7046,0.9861419196507925
4191.945654,0.9862119382127172
4192.186708,0.9857879582415123
4192.427762,0.9865936760943212
4192.668816,0.9856223597751884
4192.90987,0.9854794548938753
4193.150924,0.9860127435205395
4193.391978,0.9861320582809029
4193.633032,0.9858816125460543
4193.874086,0.9855543541785841
4194.11514,0.9858825984281598
4194.356194,0.9854873387610499
4194.597248,0.9850833717710498
4194.838302,0.9861231831323166
4195.079356,0.9861468503727175
4195.32041,0.9856982556188436
4195.561464,0.9862356075832657
4195.802518,0.9852784375895391
4196.043572,0.9855632242076867
4196.284626,0.9852498649291547
4196.52568,0.9865088326864959
4196.766734,0.9852754817586601
4197.007788,0.9860502127167035
4197.248842,0.9865019271488366
4197.489896,0.9850380589781504
4197.73095,0.9853237614401088
4197.972004,0.9853868241788272
4198.213058,0.9857642996144192
4198.454112,0.9861961589479402
4198.695166,0.9849306956811279
4198.93622,0.9858825984281598
4199.177274,0.9848115262768448
4199.418328,0.9859614721909425
4199.659382,0.9863095780276914
4199.900436,0.9860590872085531
4200.14149,0.9859752757481779
4200.382544,0.9848184199816566
4200.623598,0.9851592261110307
4200.864652,0.9851917369019175
4201.105706,0.984644122547098
4201.34676,0.985921048599272
4201.587814,0.9852961727610319
4201.828868,0.9851405082635547
4202.069922,0.9844403223077832
4202.310976,0.984464933623481
4202.55203,0.984651999731587
4202.793084,0.9847366834449114
4203.034138,0.9848056174254137
4203.275192,0.9845289259238937
4203.516246,0.9840525292210486
4203.7573,0.9850203284526641
4203.998354,0.9840141519207712
4204.239408,0.9847425918827374
4204.480462,0.984580122759148
4204.721516,0.9849582741267033
4204.96257,0.9839964398254459
4205.203624,0.9846500304295569
4205.444678,0.9846323068885214
4205.685732,0.9837140733687408
4205.926786,0.984780012812222
4206.16784,0.9842395169648738
4206.408894,0.9827839198872981
4206.649948,0.9844777317508058
4206.891002,0.9834691590575692
4207.132056,0.9838754157064833
4207.37311,0.9829637858018667
4207.614164,0.9841912904101027
4207.855218,0.9839029646038059
4208.096272,0.9841529076982445
4208.337326,0.9828871176166722
4208.57838,0.9835724287408336
4208.819434,0.983157448742843
4209.060488,0.9836304612260709
4209.301542,0.982469479346104
4209.542596,0.9838931256233548
4209.78365,0.9832223392758241
4210.024704,0.9827298682581378
4210.265758,0.9831564655858859
4210.506812,0.9827436265726014
4210.747866,0.9826070347018627
4210.98892,0.9817761006851534
4211.229974,0.984018087985251
4211.471028,0.9830886301301106
4211.712082,0.9823456959902216
4211.953136,0.983035544777401
4212.19419,0.9822189815686948
4212.435244,0.9831427014917166
4212.676298,0.9828517343173413
4212.917352,0.9824979713741374
4213.158406,0.9833698336885199
4213.39946,0.982679750312875
4213.640514,0.9829382290756747
4213.881568,0.9828173351086298
4214.122622,0.9826551836262021
4214.363676,0.9822337149639184
4214.60473,0.9820667494248475
4214.845784,0.9814492236716685
4215.086838,0.9821796935951967
4215.327892,0.9824606371605797
4215.568946,0.9812696348966108
4215.81,0.9821188003419041
4216.051054,0.9823790963116875
4216.292108,0.9811773998860439
4216.533162,0.9818811563483044
4216.774216,0.981645533146696
4217.01527,0.9818615189215524
4217.256324,0.9808968232740445
4217.497378,0.9807536227917361
4217.738432,0.9803702230847517
4217.979486,0.980506504017066
4218.22054,0.980517289647931
4218.461594,0.9808124697744954
4218.702648,0.9806947793396897
4218.943702,0.9811293233713337
4219.184756,0.9804221840835295
4219.42581,0.9800340137614288
4219.666864,0.9796988994365383
4219.907918,0.9796577529468443
4220.148972,0.9811538519110234
4220.390026,0.9807663726717064
4220.63108,0.9802418029972271
4220.872134,0.9803408124192214
4221.113188,0.9804300274923758
4221.354242,0.979663630910996
4221.595296,0.9806143656647897
4221.83635,0.9792600926296547
4222.077404,0.979594077262385
4222.318458,0.9792551963414323
4222.559512,0.9795470578751507
4222.800566,0.9792316944987434
4223.04162,0.979711635605016
4223.282674,0.9804388514023308
4223.523728,0.9797380881762854
4223.764782,0.9793247259286437
4224.005836,0.9794500875165331
4224.24689,0.9791171310925769
4224.487944,0.9787138179227848
4224.728998,0.97908873710749
4224.970052,0.9792591133700518
4225.211106,0.978919369406699
4225.45216,0.978058299288041
4225.693214,0.977929204113004
4225.934268,0.9781433940616481
4226.175322,0.978943842696849
4226.416376,0.9786228017700347
4226.65743,0.9793031810216681
4226.898484,0.9781414377768162
4227.139538,0.9780299360086312
4227.380592,0.9780661237857333
4227.621646,0.9782989312261807
4227.8627,0.9783635010864237
4228.103754,0.9789320954412203
4228.344808,0.9776143616016443
4228.585862,0.9785425579903294
4228.826916,0.9783703496549012
4229.06797,0.9790045390966652
4229.309024,0.9775801456977701
4229.550078,0.9783732847703528
4229.791132,0.9781844769469332
4230.032186,0.9781120939738421
4230.27324,0.9788293129673733
4230.514294,0.9773025523565121
4230.755348,0.9779096457245062
4230.996402,0.9778411944451283
4231.237456,0.9787255625590675
4231.47851,0.9783038227330656
4231.719564,0.9776094735420564
4231.960618,0.9784251399285953
4232.201672,0.9788479109009995
4232.442726,0.9778294604211992
4232.68378,0.9786091011467145
4232.924834,0.9783546958545375
4233.165888,0.9777668813382843
4233.406942,0.9787099030753428
4233.647996,0.9778421722868117
4233.88905,0.9784789547911864
4234.130104,0.9779301820426971
4234.371158,0.9790652392597747
4234.612212,0.9791357344947995
4234.853266,0.9781854551318993
4235.09432,0.9791905676312447
4235.335374,0.9789125169950966
4235.576428,0.9788058213457627
4235.817482,0.9796224859025489
4236.058536,0.979261071890237
4236.29959,0.9791817549557931
4236.540644,0.9795225695048098
4236.781698,0.9793883841046973
4237.022752,0.9786942438421677
4237.263806,0.97908873710749
4237.50486,0.9791562965611248
4237.745914,0.9791690256757192
4237.986968,0.9789771273533366
4238.228022,0.9795744855767572
4238.469076,0.9798478249873078
4238.71013,0.9796273840272237
4238.951184,0.979665590240217
4239.192238,0.9797361287020685
4239.433292,0.9805957341688418
4239.674346,0.9792914294540054
4239.9154,0.9804614017552411
4240.156454,0.9804545385494501
4240.397508,0.9797704200666685
4240.638562,0.9796264044003294
4240.879616,0.9812146853356586
4241.12067,0.9802800331730275
4241.361724,0.980786968981793
4241.602778,0.9802878754446619
4241.843832,0.9808144314013966
4242.084886,0.9805976953622714
4242.32594,0.9806251524821393
4242.566994,0.9803574783546926
4242.808048,0.981210760484767
4243.049102,0.9814825935125575
4243.290156,0.9811126443146088
4243.53121,0.9821246930723844
4243.772264,0.9802516054642693
4244.013318,0.9815984152919426
4244.254372,0.9814727787356963
4244.495426,0.9816288453144795
4244.73648,0.9805516083536425
4244.977534,0.9811469838580983
4245.218588,0.9809007468691848
4245.459642,0.9812598222493251
4245.700696,0.9809419455657199
4245.94175,0.9821571037220286
4246.182804,0.9817132690253441
4246.423858,0.9812804289219617
4246.664912,0.9820863909562507
4246.905966,0.9816160842224377
4247.14702,0.9815189090403506
4247.388074,0.9819066855902482
4247.629128,0.9828900662824481
4247.870182,0.9823201553341558
4248.111236,0.9811371724373169
4248.35229,0.9821207645814691
4248.593344,0.9819400709851067
4248.834398,0.9826964560106284
4249.075452,0.9820382699020693
4249.316506,0.982306402948248
4249.55756,0.983087647041972
4249.798614,0.9819813133341714
4250.039668,0.9827072657310979
4250.280722,0.9825657660730525
4250.521776,0.9828723744204823
4250.76283,0.9831800616242112
4251.003884,0.982100140261969
4251.244938,0.9825254817024788
4251.485992,0.9826768022780462
4251.727046,0.9835724287408336
4251.9681,0.9823427489575541
4252.209154,0.9832420039192554
4252.450208,0.9828045585663211
4252.691262,0.9828694258077819
4252.932316,0.9825883653455628
4253.17337,0.9831613813805032
4253.414424,0.9828065241774039
4253.655478,0.9830679854856474
4253.896532,0.9828055413713711
4254.137586,0.9844127583646556
4254.37864,0.9830296465818269
4254.619694,0.9829392120143953
4254.860748,0.9836294775961014
4255.101802,0.9834091692685738
4255.342856,0.9829795133482596
4255.58391,0.9826148955895838
4255.824964,0.983217423176418
4256.066018,0.9849011482034719
4256.307072,0.9841519235458288
4256.548126,0.9836530849868513
4256.78918,0.983876399582391
4257.030234,0.9839767600934475
4257.271288,0.984105669492401
4257.512342,0.983681611339946
4257.753396,0.9837632603020723
4257.99445,0.9830434090932164
4258.235504,0.9837671953629836
4258.476558,0.9829352802654108
4258.717612,0.9835321030979366
4258.958666,0.9852035592736944
4259.19972,0.9845092355422798
4259.440774,0.9837376827898136
4259.681828,0.9840525292210486
4259.922882,0.9843310554964272
4260.163936,0.9842651075249906
4260.40499,0.9831603982196135
4260.646044,0.9838606576859332
4260.887098,0.9848125110888635
4261.128152,0.9843655076862794
4261.369206,0.9843861795789949
4261.61026,0.9841233835538779
4261.851314,0.9845151426154143
4262.092368,0.9842788873329544
4262.333422,0.9847534241108252
4262.574476,0.9845761844465336
4262.81553,0.9844905300445073
4263.056584,0.9845761844465336
4263.297638,0.9856233453980411
4263.538692,0.9841509393943974
4263.779746,0.9847061570808857
4264.0208,0.9855375998969748
4264.261854,0.9856075755506738
4264.502908,0.9851759739602309
4264.743962,0.9858441497565751
4264.985016,0.9855582964038851
4265.22607,0.9853208054732585
4265.467124,0.9860176735965822
4265.708178,0.9851592261110307
4265.949232,0.9859949954508892
4266.190286,0.9846116298271868
4266.43134,0.9855819500868419
4266.672394,0.986353962957356
4266.913448,0.9855316866891151
4267.154502,0.9855316866891151
4267.395556,0.9868995675446356
4267.63661,0.9867120744392112
4267.877664,0.9854824113366747
4268.118718,0.9857682426795038
4268.359772,0.9857958445767236
4268.600826,0.9858155606907756
4268.84188,0.9861655873408752
4269.082934,0.9862553324926657
4269.323988,0.9862888657440325
4269.565042,0.9863687583777658
4269.806096,0.9858924573034384
4270.04715,0.9856933271398868
4270.288204,0.9862178555020984
4270.529258,0.9867989089224231
4270.770312,0.9853779557373176
4271.011366,0.9861803799356296
4271.25242,0.986233635114023
4271.493474,0.9865680249922085
4271.734528,0.9854341238815715
4271.975582,0.98644175236663
4272.216636,0.9862405387736315
4272.45769,0.986327331759879
4272.698744,0.9866814868390138
4272.939798,0.9863302907463127
4273.180852,0.9860866972495337
4273.421906,0.9867535172166298
4273.66296,0.9872075282490812
4273.904014,0.9864812108258886
4274.145068,0.9863657992759293
4274.386122,0.9854883242488814
4274.627176,0.9866834602039609
4274.86823,0.9865246169540928
4275.109284,0.9856036331282565
4275.350338,0.9859092176176748
4275.591392,0.9868591054918441
4275.832446,0.9855139472784098
4276.0735,0.9858944290903248
4276.314554,0.98718186118702
4276.555608,0.9859871075224773
4276.796662,0.986147836520061
4277.037716,0.9856263022725126
4277.27877,0.985793872987006
4277.519824,0.98631155064882
4277.760878,0.9864910756873211
4278.001932,0.9864713460631043
4278.242986,0.9866213011040003
4278.48404,0.986629194105981
4278.725094,0.9864969946515321
4278.966148,0.9864220237288697
4279.207202,0.9858323196977585
4279.448256,0.9853690873756236
4279.68931,0.9866568201101782
4279.930364,0.9869005544446966
4280.171418,0.9861932003639013
4280.412472,0.9866400470868075
4280.653526,0.9864674001856117
4280.89458,0.9855385854350674
4281.135634,0.9862671676276663
4281.376688,0.9858254188956734
4281.617742,0.9854833968195787
4281.858796,0.9865818370412426
4282.09985,0.9858342913643696
4282.340904,0.9868571317756067
4282.581958,0.9869834575731526
4282.823012,0.9866252475970976
4283.064066,0.9864555626478348
4283.30512,0.9858155606907756
4283.546174,0.9859920374703398
4283.787228,0.9861636150116729
4284.028282,0.9861517811192962
4284.269336,0.9861182525287274
4284.51039,0.9855119762524863
4284.751444,0.9848440255934477
4284.992498,0.9864713460631043
4285.233552,0.9855169038246865
4285.474606,0.9850311637358711
4285.71566,0.9860009114386099
4285.956714,0.9850882972002222
4286.197768,0.9850764762115818
4286.438822,0.9858402063878628
4286.679876,0.985199618467339
4286.92093,0.9856933271398868
4287.161984,0.9854489055042917
4287.403038,0.9855444986843198
4287.644092,0.985428211294566
4287.885146,0.9861813661165025
4288.1262,0.98532277611684
4288.367254,0.9848115262768448
4288.608308,0.9843871639656667
4288.849362,0.9838222878684997
4289.090416,0.9848499346753286
4289.33147,0.9853661312727956
4289.572524,0.985192722094147
4289.813578,0.9852774523115942
4290.054632,0.9837091548106703
4290.295686,0.9836255430860601
4290.53674,0.9843999610819794
4290.777794,0.9836107888135711
4291.018848,0.9845052975132137
4291.259902,0.9847081264951693
4291.500956,0.983460307874968
4291.74201,0.9842847930239955
4291.983064,0.9829116901017675
4292.224118,0.9838537706854339
4292.465172,0.9828202835650578
4292.706226,0.983503581080518
4292.94728,0.982231750498453
4293.188334,0.9825726440574879
4293.429388,0.9824154450106978
4293.670442,0.9821787114159942
4293.911496,0.9825952434881937
4294.15255,0.9826227565401923
4294.393604,0.9835409549266977
4294.634658,0.9832400374372141
4294.875712,0.9821276394508832
4295.116766,0.9821178182235949
4295.35782,0.9835881660255915
4295.598874,0.9828075069844194
4295.839928,0.9834170365733971
4296.080982,0.9831869439087306
4296.322036,0.9820097912051853
4296.56309,0.9821688896779888
4296.804144,0.9818065362160229
4297.045198,0.981856609626231
4297.286252,0.9815964520970751
4297.527306,0.9812853353363723
4297.76836,0.9815748572126737
4298.009414,0.98097529815886
4298.250468,0.9820274675405135
4298.491522,0.9817643194426328
4298.732576,0.9811136254277436
4298.97363,0.9814227249003644
4299.214684,0.9808919188021893
4299.455738,0.980877205533757
4299.696792,0.9814727787356963
4299.937846,0.9816592762803618
4300.1789,0.9821138897601789
4300.419954,0.9817937728140144
4300.661008,0.9814600196725068
4300.902062,0.9806261331077821
4301.143116,0.9812195914213505
4301.38417,0.9802859148708716
4301.625224,0.9808654350779136
4301.866278,0.9805398418049417
4302.107332,0.9802682698832094
4302.348386,0.9804947380096138
4302.58944,0.9803770857003324
4302.830494,0.980143783717973
4303.071548,0.9802339610941707
4303.312602,0.9795813426221559
4303.553656,0.979742007136476
4303.79471,0.9790681764598983
4304.035764,0.9788645514569291
4304.276818,0.9791396510455705
4304.517872,0.9798478249873078
4304.758926,0.9782529522569273
4304.99998,0.9795911384845614
4305.241034,0.9793149327303505
4305.482088,0.9797811976005655
4305.723142,0.9788116941983093
4305.964196,0.978906643537615
4306.20525,0.9789555900934456
4306.446304,0.9792914294540054
4306.687358,0.9795088562848294
4306.928412,0.9794246221453089
4307.169466,0.9801349624636152
4307.41052,0.9801496645983179
4307.651574,0.9816838180690399
4307.892628,0.9806428038937463
4308.133682,0.9802388622762291
4308.374736,0.9813010360273429
4308.61579,0.9822710405542688
4308.856844,0.9806839917564488
4309.097898,0.9820058631738765
4309.338952,0.9812980921286506
4309.580006,0.9811038143405448
4309.82106,0.9812480472021086
4310.062114,0.9814354834787188
4310.303168,0.9816641845890139
4310.544222,0.9813196809241533
4310.785276,0.9819027579713611
4311.02633,0.9814109478983278
4311.267384,0.9820932655850485
4311.508438,0.98236436073576
4311.749492,0.98046924547783
4311.990546,0.9826296349235624
4312.2316,0.9820824626185436
4312.472654,0.9823918673229509
4312.713708,0.9819764034398795
4312.954762,0.9816936349563049
4313.195816,0.9831761289118303
4313.43687,0.983612756037116
4313.677924,0.9823918673229509
4313.918978,0.9820579108638763
4314.160032,0.9831790784446413
4314.401086,0.9826345480840198
4314.64214,0.9824360759516672
4314.883194,0.9829539562131567
4315.124248,0.98304832432255
4315.365302,0.9824920764039942
4315.606356,0.9831299207196724
4315.84741,0.9832970670132272
4316.088464,0.9827092311475948
4316.329518,0.9819842592825303
4316.570572,0.9826158782049708
4316.811626,0.9831250050823579
4317.05268,0.9829116901017675
4317.293734,0.9825972086806458
4317.534788,0.9826011390773414
4317.775842,0.9824213395210514
4318.016896,0.9828792545511836
4318.25795,0.9814138921355878
4318.499004,0.9820461262396538
4318.740058,0.9820696956295151
4318.981112,0.9810832113767756
4319.222166,0.9816484780877128
4319.46322,0.9812922043577612
4319.704274,0.9802016139071861
4319.945328,0.9806241718574772
4320.186382,0.9808948614823597
4320.427436,0.9803574783546926
4320.66849,0.9807261620747497
4320.909544,0.9796538343236698
4321.150598,0.9798419459179951
4321.391652,0.9804780697407484
4321.632706,0.9802437634827935
4321.87376,0.9793080775498145
4322.114814,0.9788997912150934
4322.355868,0.9791279014402557
4322.596922,0.9783507824435809
4322.837976,0.9782823002857133
4323.07903,0.9779067119999697
4323.320084,0.977811859649319
4323.561138,0.9770563031420224
4323.802192,0.9781169845465384
4324.043246,0.9775615718514539
4324.2843,0.977482392570938
4324.525354,0.9773152573722752
4324.766408,0.9761470870295703
4325.007462,0.9764263050227305
4325.248516,0.9770074515481654
4325.48957,0.9776055631119831
4325.730624,0.9756942598452197
4325.971678,0.9766499322509211
4326.212732,0.9750914670747866
4326.453786,0.9764741510838956
4326.69484,0.9753684323786473
4326.935894,0.9747171038337722
4327.176948,0.973916215584587
4327.418002,0.9737487164008491
4327.659056,0.9743185260530166
4327.90011,0.9740233522607104
4328.141164,0.9737613752164445
4328.382218,0.9732960285058152
4328.623272,0.9742551974070265
4328.864326,0.9732240072645245
4329.10538,0.973444954190701
4329.346434,0.9738149335649224
4329.587488,0.9738139597504758
4329.828542,0.9738441484511505
4330.069596,0.9738499915335704
4330.31065,0.9738860246498657
4330.551704,0.9734994686345259
4330.792758,0.9732113554346672
4331.033812,0.9737915622869733
4331.274866,0.9734829192842289
4331.51592,0.9739882880511885
4331.756974,0.9737341102796493
4331.998028,0.9735724838327091
4332.239082,0.9730945770788565
4332.480136,0.9722668258518643
4332.72119,0.9731734009319228
4332.962244,0.9739590688408374
4333.203298,0.9741188112266449
4333.444352,0.9754006200680098
4333.685406,0.9737594276956415
4333.92646,0.9735111506982417
4334.167514,0.9759587088208556
4334.408568,0.9745592124524983
4334.649622,0.9743350896087494
4334.890676,0.97557523240634
4335.13173,0.9752884554462913
4335.372784,0.9753001589779777
4335.613838,0.975286504871331
4335.854892,0.97586209369121
4336.095946,0.9761539200830952
4336.337,0.975349900554485
4336.578054,0.9762876623312814
4336.819108,0.9773426225825927
4337.060162,0.9759509011824156
4337.301216,0.9758025679190494
4337.54227,0.9758474558695887
4337.783324,0.9763970126729673
4338.024378,0.976929294078382
4338.265432,0.9759596847800524
4338.506486,0.9764673157887616
4338.74754,0.9774687079132349
4338.988594,0.9773709659296242
4339.229648,0.9770797527746923
4339.470702,0.9777267937179512
4339.711756,0.9783370856285046
4339.95281,0.9788283341385497
4340.193864,0.9784310104970465
4340.434918,0.9792973052202094
4340.675972,0.9799252360231775
4340.917026,0.979486327840213
4341.15808,0.9796724479233506
4341.399134,0.9794824099027375
4341.640188,0.9791465050471169
4341.881242,0.9794686972449876
4342.122296,0.9784329673610244
4342.36335,0.9792365906694562
4342.604404,0.9787833090707638
4342.845458,0.9791249640609575
4343.086512,0.9797586628921708
4343.327566,0.9794540053247187
4343.56862,0.9792238606765227
4343.809674,0.9799360152600595
4344.050728,0.9800810565231066
4344.291782,0.9804672845412999
4344.532836,0.9794138485337203
4344.77389,0.9801594661439715
4345.014944,0.9811499273034651
4345.255998,0.9805437639721533
4345.497052,0.9803182648398339
4345.738106,0.9796891024965287
4345.97916,0.9801418234323658
4346.220214,0.9807006635260184
4346.461268,0.9798419459179951
4346.702322,0.9806222106110947
4346.943376,0.9805672973048875
4347.18443,0.9797331894980912
4347.425484,0.9791719631872025
4347.666538,0.9811685693291825
4347.907592,0.979387404716803
4348.148646,0.9791905676312447
4348.3897,0.9788557417156099
4348.630754,0.9785513649129824
4348.871808,0.9793785902698255
4349.112862,0.9788312706279569
4349.353916,0.978237300334907
4349.59497,0.9796058324618432
4349.836024,0.9798977985006959
4350.077078,0.9788860867139482
4350.318132,0.9788224611861638
4350.559186,0.9784554715780711
4350.80024,0.9786492249423937
4351.041294,0.9794971022490784
4351.282348,0.9796107305032505
4351.523402,0.9781580663226006
4351.764456,0.9785073310923298
4352.00551,0.9783155624493766
4352.246564,0.978341977326162
4352.487618,0.978480911751053
4352.728672,0.9770406703662348
4352.969726,0.9778548843176794
4353.21078,0.9773328492052339
4353.451834,0.9779878816255585
4353.692888,0.9771188367464776
4353.933942,0.9763315962645924
4354.174996,0.9778646629154155
4354.41605,0.9781052472131481
4354.657104,0.9770211297482342
4354.898158,0.9779448511054454
4355.139212,0.9774491587345691
4355.380266,0.9773680338211246
4355.62132,0.9776006750963876
4355.862374,0.9767270906432853
4356.103428,0.9757801247180851
4356.344482,0.9769888885829346
4356.585536,0.976274970674167
4356.82659,0.9758611178296043
4357.067644,0.9762154197172785
4357.308698,0.9761236597806098
4357.549752,0.9764360693346023
4357.790806,0.9769742338595166
4358.03186,0.9753869645549176
4358.272914,0.9761304926701433
4358.513968,0.9755586477683589
4358.755022,0.9760114120141052
4358.996076,0.9759001530550168
4359.23713,0.9748155552329715
4359.478184,0.9765053987566904
4359.719238,0.9755830370394177
4359.960292,0.9766069605992853
4360.201346,0.9755108465657573
4360.4424,0.9752562714583003
4360.683454,0.9755127975894015
4360.924508,0.9764975867447484
4361.165562,0.9776417351869975
4361.406616,0.9760816873656526
4361.64767,0.9764575511644269
4361.888724,0.9772077586065048
4362.129778,0.9762134672883915
4362.370832,0.9771764884585543
4362.611886,0.9773553281192722
4362.85294,0.9764302107357621
4363.093994,0.9783869820922206
4363.335048,0.9776417351869975
4363.576102,0.9780446065677002
4363.817156,0.9791073399702217
4364.05821,0.9787735212866122
4364.299264,0.9778900877271725
4364.540318,0.9788665091879898
4364.781372,0.9798047126314872
4365.022426,0.9790476162440757
4365.26348,0.9796420785481927
4365.504534,0.9798566436574166
4365.745588,0.9800006931714142
4365.986642,0.981260803509638
4366.227696,0.9803996346326153
4366.46875,0.9806712429474235
4366.709804,0.9813707108743286
4366.950858,0.9808713202881796
4367.191912,0.9816671295859852
4367.432966,0.9813491209561793
4367.67402,0.982028449568472
4367.915074,0.9820687135603106
4368.156128,0.982681715674341
4368.397182,0.9826532183178002
4368.638236,0.9831427014917166
4368.87929,0.98319185985574
4369.120344,0.9831751457361929
4369.361398,0.9838508191285492
4369.602452,0.9835852152655196
4369.843506,0.9837730979838637
4370.08456,0.9852488796797824
4370.325614,0.9839944718345344
4370.566668,0.9845919377915112
4370.807722,0.9848213744413483
4371.048776,0.9853562776607511
4371.28983,0.9858835843112512
4371.530884,0.985965416044719
4371.771938,0.98718186118702
4372.012992,0.9868798297506634
4372.254046,0.9868166714626461
4372.4951,0.9865877565500233
4372.736154,0.9871788996458788
4372.977208,0.9875758253402556
4373.218262,0.9877387887955521
4373.459316,0.9884442861233265
4373.70037,0.9881280345547166
4373.941424,0.9880697367204809
4374.182478,0.9880657844494386
4374.423532,0.9879106702980596
4374.664586,0.9878247258083831
4374.90564,0.987562986937976
4375.146694,0.9882733000525488
4375.387748,0.9874691729104538
4375.628802,0.9881082721916499
4375.869856,0.98786720318485
4376.11091,0.988116177089447
4376.351964,0.9886874733285127
4376.593018,0.9883256799255059
4376.834072,0.9890266512975607
4377.075126,0.9887774479823702
4377.31618,0.9885520324225805
4377.557234,0.9893174678809852
4377.798288,0.9891483090574692
4378.039342,0.990092505816579
4378.280396,0.988097403060436
4378.52145,0.9883424816048785
4378.762504,0.9894282776426186
4379.003558,0.9881804067283985
4379.244612,0.9883928883568016
4379.485666,0.9884245174352916
4379.72672,0.9889386318425191
4379.967774,0.9881813949092992
4380.208828,0.9876024902475145
4380.449882,0.9880786293881284
4380.690936,0.9881922649644285
4380.93199,0.9883197499892161
4381.173044,0.9877921281302962
4381.414098,0.9889485212782846
4381.655152,0.9889613776926277
4381.896206,0.9877052062476396
4382.13726,0.9879906943032821
4382.378314,0.9880025502627494
4382.619368,0.9881794185484858
4382.860422,0.9877950915111255
4383.101476,0.988057879954781
4383.34253,0.9875353355614628
4383.583584,0.9882792297101379
4383.824638,0.9869439790244259
4384.065692,0.9873032920237894
4384.306746,0.9882317934455913
4384.5478,0.9891334719441119
4384.788854,0.9885411584100311
4385.029908,0.9882950423043138
4385.270962,0.9880667725157171
4385.512016,0.9876963169407853
4385.75307,0.9874434990457197
4385.994124,0.9873763551707022
4386.235178,0.9866864202587815
4386.476232,0.9871167093342165
4386.717286,0.9883434699478543
4386.95834,0.9867258885049516
4387.199394,0.9866834602039609
4387.440448,0.9869696399014705
4387.681502,0.9877595315279147
4387.922556,0.9887448188649702
4388.16361,0.9874968224343867
4388.404664,0.986170518181139
4388.645718,0.98671108772763
4388.886772,0.9868344343225977
4389.127826,0.9868502237998623
4389.36888,0.9860058414554921
4389.609934,0.9875284228383084
4389.850988,0.9865413880151346
4390.092042,0.9871591562653204
4390.333096,0.9872085154571031
4390.57415,0.9867061541845253
4390.815204,0.9863874995622156
4391.056258,0.9852508501795122
4391.297312,0.9856598141364883
4391.538366,0.9860482406182501
4391.77942,0.985916119006353
4392.020474,0.986391445120105
4392.261528,0.9854360947517902
4392.502582,0.986037394147259
4392.743636,0.9851759739602309
4392.98469,0.9856144748278501
4393.225744,0.9850213134734851
4393.466798,0.9849907782860652
4393.707852,0.9842572334356269
4393.948906,0.9849641838940775
4394.18996,0.9846618463008171
4394.431014,0.9852538059364964
4394.672068,0.984780012812222
4394.913122,0.9842759345007217
4395.154176,0.9842168797163129
4395.39523,0.9843064475276407
4395.636284,0.9837062036876326
4395.877338,0.9847002488616678
4396.118392,0.9827102138573173
4396.359446,0.9837809682001284
4396.6005,0.9829352802654108
4396.841554,0.9831662971996997
4397.082608,0.9826473224161779
4397.323662,0.981965601758851
4397.564716,0.983090596309337
4397.80577,0.9825569230209517
4398.046824,0.9813844501604556
4398.287878,0.9828625457458815
4398.528932,0.9814688528524331
4398.769986,0.9830866639548165
4399.01104,0.9820530005865977
4399.252094,0.982280863313788
4399.493148,0.9813667853993361
4399.734202,0.9818399182057449
4399.975256,0.9811970236302784
4400.21631,0.9822455018392191
4400.457364,0.9821286215790137
4400.698418,0.980341792760524
4400.939472,0.9810714384488768
4401.180526,0.9809036895758394
4401.42158,0.9808428754323437
4401.662634,0.9812617847709322
4401.903688,0.9807751996087816
4402.144742,0.9801035986466401
4402.385796,0.9808428754323437
4402.62685,0.9802604277684187
4402.867904,0.9810724195208058
4403.108958,0.9807232199006768
4403.350012,0.979945814669209
4403.591066,0.9805133675866164
4403.83212,0.9803153238894509
4404.073174,0.9794158073633761
4404.314228,0.9793276639072285
4404.555282,0.9799516943617361
4404.796336,0.9798605630918302
4405.03739,0.9803202254783242
4405.278444,0.9798154905426045
4405.519498,0.9803329697240929
4405.760552,0.9800771362067212
4406.001606,0.9806506490675581
4406.24266,0.9808389520686887
4406.483714,0.9800330337279051
4406.724768,0.9802123961842415
4406.965822,0.9793178706795556
4407.206876,0.9813402888538353
4407.44793,0.9805418028865863
4407.688984,0.9809478312350502
4407.930038,0.9812647285607021
4408.171092,0.9804731673626557
4408.412146,0.9800193133614757
4408.6532,0.9811695504982424
4408.894254,0.9814541309300551
4409.135308,0.9817005068358011
4409.376362,0.9821620145198242
4409.617416,0.9818791925879555
4409.85847,0.9819891692161016
4410.099524,0.9818782107092539
4410.340578,0.9818733013304738
4410.581632,0.9815218536014945
4410.822686,0.9824635845469123
4411.06374,0.9820854088703508
4411.304794,0.9822179993502043
4411.545848,0.9822150527006263
4411.786902,0.9831731793878677
4412.027956,0.9827102138573173
4412.26901,0.9833954016365777
4412.510064,0.9827426438294662
4412.751118,0.983803595422609
4412.992172,0.9830306296119651
4413.233226,0.9837908060589996
4413.47428,0.9843221965567931
4413.715334,0.9843733826418407
4413.956388,0.9855849068371273
4414.197442,0.9843221965567931
4414.438496,0.9838045792266964
4414.67955,0.985625316646703
4414.920604,0.985037073940584
4415.161658,0.985216367003215
4415.402712,0.9846017837601189
4415.643766,0.9865048866590573
4415.88482,0.9866992472656203
4416.125874,0.9846835090997256
4416.366928,0.9852193226567495
4416.607982,0.9868216055583385
4416.849036,0.9864003226830601
4417.09009,0.9852449386921456
4417.331144,0.9865413880151346
4417.572198,0.9859437250441679
4417.813252,0.9860916276953461
4418.054306,0.9867022073678022
4418.29536,0.9866163680098274
4418.536414,0.9869054889598051
4418.777468,0.988090486402823
4419.018522,0.9870387301943957
4419.259576,0.9877358255836305
4419.50063,0.9862770303486561
4419.741684,0.9870713030099406
4419.982738,0.9867574642385928
4420.223792,0.9870989413933604
4420.464846,0.9871522461754119
4420.7059,0.9880717128619305
4420.946954,0.9885095255990897
4421.188008,0.9883098668411321
4421.429062,0.9878148476105161
4421.670116,0.9883167850344136
4421.91117,0.9874583108092934
4422.152224,0.9876686618310843
4422.393278,0.9886686884449764
4422.634332,0.9882130172198906
4422.875386,0.987805957316894
4423.11644,0.9879195615341028
4423.357494,0.9884284711412686
4423.598548,0.9901802318988024
4423.839602,0.9888357875728022
4424.080656,0.9891868865937795
4424.32171,0.9889623666544999
4424.562764,0.9889010528885137
4424.803818,0.9894826976944268
4425.044872,0.988790302172746
4425.285926,0.9891888649695311
4425.52698,0.989833036575734
4425.768034,0.9896905108805634
4426.009088,0.9894678555652776
4426.250142,0.9903148065364571
4426.491196,0.9899458839740831
4426.73225,0.9899686529912571
4426.973304,0.990723891021688
4427.214358,0.9904897115749517
4427.455412,0.989639048312036
4427.696466,0.9896865521264374
4427.93752,0.9912660643604593
4428.178574,0.989646965456091
4428.419628,0.9911935063402041
4428.660682,0.9909131373573229
4428.901736,0.9900201326996736
4429.14279,0.9905708360043297
4429.383844,0.99132098202163
4429.624898,0.9911441461326677
4429.865952,0.9905953034061502
4430.107006,0.9911090602509184
4430.34806,0.9911811164988115
4430.589114,0.991738019323465
4430.830168,0.9919859848226917
4431.071222,0.9914747478301718
4431.312276,0.9909802244475944
4431.55333,0.9916391479717571
4431.794384,0.9919737834701169
4432.035438,0.9914910081493704
4432.276492,0.9918839147164504
4432.517546,0.9929339825270179
4432.7586,0.9928158304132875
4432.999654,0.9925467145219697
4433.240708,0.9921415404203521
4433.481762,0.9931033915146128
4433.722816,0.9922003761581614
4433.96387,0.9924519308367259
4434.204924,0.9924687034160848
4434.445978,0.9929115424725864
4434.687032,0.9931189833602553
4434.928086,0.9931544383408288
4435.16914,0.9937646211648209
4435.410194,0.9944343459615667
4435.651248,0.9934996194799016
4435.892302,0.993192874161321
4436.133356,0.9936322605326955
4436.37441,0.9939724390737116
4436.615464,0.9935806923565796
4436.856518,0.9946194274146452
4437.097572,0.9933215009669308
4437.338626,0.9946376291167118
4437.57968,0.9950644201997446
4437.820734,0.9930112357959717
4438.061788,0.994143814694362
4438.302842,0.9948417497002623
4438.543896,0.9950370563044445
4438.78495,0.9947512232200568
4439.026004,0.9954640187785015
4439.267058,0.9941048450206366
4439.508112,0.9951999572036363
4439.749166,0.9946614012401235
4439.99022,0.9945415517623502
4440.231274,0.9951347737412212
4440.472328,0.9954533673704857
4440.713382,0.9954838287095834
4440.954436,0.9965909241395008
4441.19549,0.9962417798533336
4441.436544,0.9955981168131308
4441.677598,0.9970280250871149
4441.918652,0.9956854345968043
4442.159706,0.9957395017838137
4442.40076,0.9959858782120625
4442.641814,0.9962940839197456
4442.882868,0.9956414262731862
4443.123922,0.9964437385299303
4443.364976,0.9961808117220504
4443.60603,0.99651418959266
4443.847084,0.9966065707398353
4444.088138,0.9974044742168879
4444.329192,0.9963333386799658
4444.570246,0.9957491605038257
4444.8113,0.9963545608060945
4445.052354,0.9967819889326337
4445.293408,0.9968404020686733
4445.534462,0.9966193273855831
4445.775516,0.9969453748897331
4446.01657,0.9965672055577586
4446.257624,0.9964663580595255
4446.498678,0.9970163599274626
4446.739732,0.9977484385756457
4446.980786,0.9955896542651038
4447.22184,0.9978400360865683
4447.462894,0.9978122965191469
4447.703948,0.9980219589069081
4447.945002,0.9988573533184416
4448.186056,0.9970069880177274
4448.42711,0.9976989514803823
4448.668164,0.9970119730651301
4448.909218,0.9970115742604206
4449.150272,0.9977454453348198
4449.391326,0.9977227967702729
4449.63238,0.9981224647785558
4449.873434,0.9981075928646266
4450.114488,0.9979737556104119
4450.355542,0.9975329481867131
4450.596596,0.9976899722302257
4450.83765,0.9985770134069124
4451.078704,0.9973582954587782
4451.319758,0.9976186399473708
4451.560812,0.9979440164356106
4451.801866,0.999304901692835
4452.04292,0.9984228450181483
4452.283974,0.9988194973421262
4452.525028,0.9986605978008927
4452.766082,0.9980972125996382
4453.007136,0.9982567212786158
4453.24819,0.9984422146092261
4453.489244,0.9978305566512529
4453.730298,0.9985757152576388
4453.971352,0.9992061752457145
4454.212406,0.9972130906621252
4454.45346,0.9991557365910705
4454.694514,0.9986124635201242
4454.935568,0.9986864634453344
4455.176622,0.9993043720613775
4455.417676,0.999305601206511
4455.65873,0.9991735816718821
4455.899784,0.9983445717354517
4456.140838,0.9993542286001607
4456.381892,0.999087326739824
4456.622946,0.9988553556057327
4456.864,0.9990809326013942
4457.105054,0.9976506640196967
4457.346108,0.9995806479526594
4457.587162,0.9989516499033236
4457.828216,0.99839189438969
4458.06927,0.9987590705904646
4458.310324,0.9987594700941728
4458.551378,0.9995316397149371
4458.792432,0.999654059851097
4459.033486,0.9990676249320012
4459.27454,0.9989655354277615
4459.515594,0.9990242063965133
4459.756648,0.9976052719471613
4459.997702,0.9988221941584097
4460.238756,0.9989606405086304
4460.47981,0.9983877011525393
4460.720864,0.9987883346599494
4460.961918,0.9993702583705457
4461.202972,0.9991845526580394
4461.444026,0.999639175112963
4461.68508,0.9993657712081594
4461.926134,0.9986509108400758
4462.167188,0.9998230956494203
4462.408242,0.9991087973571767
4462.649296,1.0002884415912783
4462.89035,0.9994642235794731
4463.131404,1.0003857043648072
4463.372458,0.9996432636455502
4463.613512,0.999366910485788
4463.854566,0.9998616995643871
4464.09562,0.9995575179240812
4464.336674,1.000285150647719
4464.577728,0.9988908156002679
4464.818782,0.9991218458032763
4465.059836,0.9983610445567856
4465.30089,0.9994633840298778
4465.541944,0.9988005199519624
4465.782998,1.000057329643281
4466.024052,1.0001474008624398
4466.265106,0.9996105958374891
4466.50616,0.9989266764242458
4466.747214,0.9995940824068472
4466.988268,0.998796524757873
4467.229322,0.9996215116447958
4467.470376,0.9989699308857873
4467.71143,0.9997897721009823
4467.952484,1.0002027905592261
4468.193538,0.9986107658803792
4468.434592,0.9988619480728348
4468.675646,0.9989782223706234
4468.9167,0.9994784760409211
4469.157754,0.9993842696397869
4469.398808,0.9991324565336216
4469.639862,0.9994772766674694
4469.880916,0.9996786516434472
4470.12197,0.9997166701454864
4470.363024,0.9992183356588632
4470.604078,0.9996196723429066
4470.845132,1.000062185933465
4471.086186,0.9997002949205428
4471.32724,0.9992175862453925
4471.568294,1.0005413364697295
4471.809348,1.0006236043604007
4472.050402,1.0000124220771534
4472.291456,0.9985710219628063
4472.53251,1.000502786354708
4472.773564,0.9999412727245139
4473.014618,1.0002289161973148
4473.255672,0.9992880935257455
4473.496726,0.9994149911844233
4473.73778,0.9990600520281055
4473.978834,0.9999533810866953
4474.219888,1.0007008855055384
4474.460942,0.9998243854220455
4474.701996,1.0000682943319517
4474.94305,0.9999842371242355
4475.184104,1.0000335355623045
4475.425158,0.9992933797737424
4475.666212,1.0004114846365861
4475.907266,0.9998358934669505
4476.14832,0.9996210318265855
4476.389374,0.999504542779485
4476.630428,0.9991279404651244
4476.871482,1.0001239276784004
4477.112536,1.000216083342643
4477.35359,1.0007644020064164
4477.594644,0.9989629381207459
4477.835698,0.9994749278986291
4478.076752,0.9989035015941818
4478.317806,1.0005125112890545
4478.55886,0.9997673170748718
4478.799914,0.999359914941899
4479.040968,0.9999975547029898
4479.282022,1.0000777380214434
4479.523076,0.9994822140974117
4479.76413,0.999805218972288
4480.005184,0.9999591588340231
4480.246238,0.9992255700258018
4480.487292,0.9994702803510199
4480.728346,0.9994767569394207
4480.9694,0.9992047064137165
4481.210454,0.9996743030507707
4481.451508,0.9996989053380987
4481.692562,0.9997553299366031
4481.933616,0.9990919725066948
4482.17467,0.9991755200705108
4482.415724,0.999986770087516
4482.656778,1.0005229767046566
4482.897832,0.9998584600177286
4483.138886,1.0007426456248094
4483.37994,0.9990933712364355
4483.620994,0.9998400427945182
4483.862048,0.9992698067209589
4484.103102,0.999006493854356
4484.344156,0.9995709620631089
4484.58521,0.9998523409026778
4484.826264,0.9994444243893156
4485.067318,0.9996693646719114
4485.308372,1.000719018369867
4485.549426,1.0003631859360478
4485.79048,0.9996710641112758
4486.031534,0.9988526586999134
4486.272588,0.9997337354546977
4486.513642,1.0012205442586048
4486.754696,1.0011804962378001
4486.99575,0.9990201104056639
4487.236804,0.9994679415933002
4487.477858,0.9990483331224268
4487.718912,0.9993592353773879
4487.959966,1.0002299764405278
4488.20102,0.9992943590817345
4488.442074,0.999941567707233
4488.683128,1.0002422393352104
4488.924182,0.9998531407848704
4489.165236,0.9990356952409476
4489.40629,1.000207931614782
4489.647344,0.9994370385223101
4489.888398,0.9993565770853573
4490.129452,1.0001309285703972
4490.370506,1.0005687516779354
4490.61156,0.9996659757985094
4490.852614,1.0007400537047138
4491.093668,0.9985154031058826
4491.334722,0.9986457178688413
4491.575776,1.000408433386211
4491.81683,1.0002024104822378
4492.057884,0.9996569888417833
4492.298938,0.9994589864006629
4492.539992,0.9995012444199362
4492.781046,0.9999420146812136
4493.0221,1.0012671020963742
4493.263154,1.0006596074453773
4493.504208,1.0000303254598075
4493.745262,1.0006050229525967
4493.986316,1.0010974017050833
4494.22737,1.0006288576481135
4494.468424,0.9993344815557049
4494.709478,1.0000109820603025
4494.950532,1.0011813973006523
4495.191586,0.9995255925668094
4495.43264,0.9992513204005335
4495.673694,0.9983643391536688
4495.914748,1.0005388251141267
4496.155802,0.999617353227957
4496.396856,0.9997229483858885
4496.63791,1.0001547319697566
4496.878964,1.0002741475715788
4497.120018,1.000424970274292
4497.361072,0.999742673114244
4497.602126,1.0000293184297768
4497.84318,1.0003425486563962
4498.084234,0.9992473134107727
4498.325288,1.0006579063254906
4498.566342,1.000031718503021
4498.807396,1.0003816628147255
4499.04845,1.000253142035039
4499.289504,0.9999824371542286
4499.530558,1.0002891017818676
4499.771612,0.9998802871661532
4500.012666,0.9991720229623104
4500.25372,0.9994732687716258
4500.494774,0.9997409635557346
4500.735828,1.000233787323998
4500.976882,0.9992636312526355
4501.217936,1.0003567736285774
4501.45899,0.9999243508615404
4501.700044,1.0001318986978684
4501.941098,1.0000596797807673
4502.182152,0.9997760150883667
4502.423206,1.0009184114817822
4502.66426,0.9993161139567327
4502.905314,1.0000423748977907
4503.146368,0.9998960853994961
4503.387422,0.9994235761960701
4503.628476,0.9985955871120967
4503.86953,0.9999822721571401
4504.110584,0.9998818169841629
4504.351638,0.9999293484959351
4504.592692,1.000002620303433
4504.833746,1.0008886346019739
4505.0748,1.0002929829111118
4505.315854,1.000046646087895
4505.556908,0.9998426923741423
4505.797962,0.9999975259030606
4506.039016,0.9993104078780128
4506.28007,0.999820496112751
4506.521124,1.000424330002516
4506.762178,0.9994803350726154
4507.003232,0.9999616517353135
4507.244286,0.9999020038019412
4507.48534,0.999112294244087
4507.726394,1.0000839255215495
4507.967448,0.9994784360617829
4508.208502,1.0000123740765583
4508.449556,0.9990288518698738
4508.69061,0.9997853830335168
4508.931664,1.0007594282196983
4509.172718,0.9993653314873168
4509.413772,1.0009550858042484
4509.654826,1.0007527531765732
4509.89588,1.0005502113107438
4510.136934,0.9998217158945003
4510.377988,0.9997766449474546
4510.619042,0.9996179929832677
4510.860096,0.9996932770491053
4511.10115,0.9990715812476295
4511.342204,0.9996613873422109
4511.583258,1.0007940350790752
4511.824312,1.0006103261732717
4512.065366,0.9995339186496736
4512.30642,0.9995188957677735
4512.547474,0.9996622470513737
4512.788528,1.0005130815813486
4513.029582,1.000311388471328
4513.270636,0.99987136827377
4513.51169,0.9992258997702943
4513.752744,1.0003629658561712
4513.993798,0.9980804447073173
4514.234852,0.9996965160605701
4514.475906,0.9996606875794847
4514.71696,0.9987588708386704
4514.958014,0.9991006846266799
4515.199068,0.9992777909186114
4515.440122,0.9997944611260092
4515.681176,0.9997416333824046
4515.92223,0.9996339470137486
4516.163284,1.0005897038069635
4516.404338,1.0002172335918
4516.645392,1.000482666445981
4516.886446,0.9997403437165294
4517.1275,0.9995981107791165
4517.368554,1.0002247652559257
4517.609608,0.9995256025620654
4517.850662,1.0001497212071013
4518.091716,0.9993097982988499
4518.33277,1.000015082113734
4518.573824,1.0008139911110956
4518.814878,0.9992591845393703
4519.055932,0.9996687748671602
4519.296986,1.0001440603756995
4519.53804,0.9994590863465665
4519.779094,1.0003012653712997
4520.020148,0.9989232800793199
4520.261202,0.9992646305167664
4520.502256,1.0003157198290176
4520.74331,0.9998859465045945
4520.984364,1.000546109063287
4521.225418,1.0000442129773648
4521.466472,1.0007036574508303
4521.707526,1.0006274467624188
4521.94858,1.0005582357556166
4522.189634,0.9996569788452134
4522.430688,0.9989406614956111
4522.671742,0.9997507810602007
4522.912796,0.9993785531781136
4523.15385,1.0007309370043511
4523.394904,0.9992730443603776
4523.635958,1.0002504613602103
4523.877012,1.0007943753491049
4524.118066,1.000512681376196
4524.35912,1.000355773272304
4524.600174,1.0004157163861163
4524.841228,0.9994294828068595
4525.082282,1.000887523616206
4525.323336,1.0001505513317144
4525.56439,0.9997674870353301
4525.805444,0.9995694027336244
4526.046498,1.0007046981831753
4526.287552,1.0007960767009891
4526.528606,1.0007716175437669
4526.76966,0.9999538930629575
4527.010714,0.9998491513787976
4527.251768,0.9996410244471475
4527.492822,1.0003589644123105
4527.733876,1.0003522320191347
4527.97493,1.000372389319694
4528.215984,0.9998723981418097
4528.457038,0.9997313061046722
4528.698092,0.9990949697871082
4528.939146,1.0005485503987717
4529.1802,1.0001888778351726
4529.421254,1.0001045354634508
4529.662308,1.0000793291463903
4529.903362,0.9998980251997834
4530.144416,1.0007995995093792
4530.38547,0.9999275676233512
4530.626524,1.0000132840882328
4530.867578,1.0000949685092233
4531.108632,1.000426060738104
4531.349686,0.9992020185566715
4531.59074,1.0002470505119525
4531.831794,0.9995086107712525
4532.072848,0.9994956872084663
4532.313902,0.9999972567037628
4532.554956,1.0002472905712734
4532.79601,0.9997725558693389
4533.037064,1.0000577066649656
4533.278118,0.9996010795899142
4533.519172,1.0007769816940126
4533.760226,1.0005721536174743
4534.00128,1.0007308769604968
4534.242334,1.00039497798327
4534.483388,1.0003354662562236
4534.724442,0.9990357152216617
4534.965496,1.0001615730515196
4535.20655,1.000510690357941
4535.447604,1.00022010421938
4535.688658,0.9999550720092925
4535.929712,0.9993333822883798
4536.170766,0.9998898960618836
4536.41182,1.00005013525673
4536.652874,0.999220763762369
4536.893928,1.0000440729711848
4537.134982,1.0005752053671968
4537.376036,1.000291582501916
4537.61709,0.9988908156002679
4537.858144,0.9995013643600926
4538.099198,1.0007002050291676
4538.340252,1.0007343695173518
4538.581306,1.000159272682547
4538.82236,0.9999551690049391
4539.063414,1.0000128420824588
4539.304468,0.998905299622103
4539.545522,1.0002161133491259
4539.786576,1.0005047373370437
4540.02763,1.0005237471076454
4540.268684,0.9989695312978949
4540.509738,1.0003956482481295
4540.750792,0.9996231710178826
4540.991846,1.0002256154473377
4541.2329,0.9991898283664054
4541.473954,1.0007201892118036
4541.715008,1.0009555362341382
4541.956062,1.0000276293816843
4542.197116,0.9996878987137424
4542.43817,0.9998516010122193
4542.679224,0.9997192294234378
4542.920278,1.000126367983761
4543.161332,0.9995318696072406
4543.402386,1.0006667221604788
4543.64344,0.9994410562672806
4543.884494,1.0000474751269082
4544.125548,1.000335276192503
4544.366602,0.9994001899580073
4544.607656,0.9992305062123101
4544.84871,0.9993784632340479
4545.089764,0.9989625385356505
4545.330818,1.0006786001449666
4545.571872,0.9993657112462149
4545.812926,0.9997724258989151
4546.05398,0.9988852218273631
4546.295034,0.998465877970122
4546.536088,1.0004136355235902
4546.777142,0.9994250653383081
4547.018196,1.0000701364594464
4547.25925,0.9996990352989648
4547.500304,1.0001633633423377
4547.741358,1.0001444404305146
4547.982412,0.9999875470775382
4548.223466,0.9995201151815702
4548.46452,1.0009553060143914
4548.705574,1.0005120410482848
4548.946628,0.9987834406091001
4549.187682,0.9995106997464319
4549.428736,0.9997351250855558
4549.66979,0.9999279025991425
4549.910844,1.000103075311895
4550.151898,0.9998138973192527
4550.392952,0.9997008347588479
4550.634006,0.9991845426661939
4550.87506,0.9993193617393806
4551.116114,0.9994205179646061
4551.357168,1.0004216988899879
4551.598222,1.0004586551501229
4551.839276,0.9987218175719047
4552.08033,0.9999630956809812
4552.321384,0.9995987305301373
4552.562438,0.9995680433201611
4552.803492,1.0007555452806496
4553.044546,1.0002925027705953
4553.2856,1.0001223874887377
4553.526654,1.000027505378266
4553.767708,0.9995075313025358
4554.008762,1.0001207372881598
4554.249816,0.9998413725826594
4554.49087,0.9988229932164846
4554.731924,1.0008731109396376
4554.972978,1.0006064838369966
4555.214032,0.9991073286683241
4555.455086,1.0004234596337274
4555.69614,1.000467899430805
4555.937194,0.9996220414443374
4556.178248,0.9993452444460293
4556.419302,0.9998858965102985
4556.660356,1.000141339987555
4556.90141,1.0000054675149468
4557.142464,1.0006441173545475
4557.383518,0.9993126963014671
4557.624572,0.9995991803496672
4557.865626,0.9995407354942442
4558.10668,0.9997403437165294
4558.347734,0.9999242928659298
4558.588788,0.999553679630582
4558.829842,1.0006291178116502
4559.070896,1.0006100460024197
4559.31195,0.9997682968473226
4559.553004,1.0005530028497276
4559.794058,0.999074028976002
4560.035112,1.0000871067935764
4560.276166,1.000785148067502
4560.51722,0.9992368813232763
4560.758274,0.9992289773908051
4560.999328,0.9995193755369587
4561.240382,0.999964609626254
4561.481436,0.999264700465293
4561.72249,0.9996453029198881
4561.963544,0.9994901800024021
4562.204598,0.9999545010351093
4562.445652,0.9995276415963744
4562.686706,0.9991331059699294
4562.92776,1.0009368785968327
4563.168814,0.9992319650899142
4563.409868,0.9998769075764941
4563.650922,0.9989144895931333
4563.891976,0.9992598640358469
4564.13303,0.9995780690379145
4564.374084,0.9992762820102863
4564.615138,0.999266669018692
4564.856192,0.9991342849476901
4565.097246,0.99963187777362
4565.3383,1.0005519122475488
4565.579354,0.9995495414869142
4565.820408,0.9994028483660482
4566.061462,0.9991157012228192
4566.302516,0.999768576782485
4566.54357,1.0000597957876969
4566.784624,1.0003454996712675
4567.025678,0.9996174232011742
4567.266732,1.0001448604912677
4567.507786,0.9988544566363172
4567.74884,0.9991028526775179
4567.989894,0.9994023586587725
4568.230948,1.0010142139675
4568.472002,1.0004273112714615
4568.713056,0.9998726481099405
4568.95411,0.9995943522972859
4569.195164,1.0002502913176463
4569.436218,1.0009300522305986
4569.677272,0.999312936136543
4569.918326,0.999919247260678
4570.15938,1.0000435319474876
4570.400434,1.0003222719184404
4570.641488,0.9988602500089665
4570.882542,0.9997087924091639
4571.123596,0.9988986069790159
4571.36465,1.0000578656741534
4571.605704,1.000634811407529
4571.846758,0.9994806349167609
4572.087812,0.9990794040087367
4572.328866,1.0002929428993934
4572.56992,0.9987832408524319
4572.810974,1.000249021000583
4573.052028,0.9995423747423946
4573.293082,0.9988726359528592
4573.534136,1.000285320696209
4573.77519,0.9997148906513973
4574.016244,0.9992544180844282
4574.257298,1.000535883534305
4574.498352,0.9997222585772921
4574.739406,1.0000012624007968
4574.98046,0.9990491823138709
4575.221514,0.9991506109352891
4575.462568,0.999652600357235
4575.703622,0.999179596714949
4575.944676,0.9998790273177851
4576.18573,1.0004304826310648
4576.426784,1.0007280549034028
4576.667838,0.9986320365162239
4576.908892,1.0002113423296441
4577.149946,1.0001407499043384
4577.391,1.0002679358884097
4577.632054,0.999332322995556
4577.873108,1.0008953806141052
4578.114162,0.9992360919264519
4578.355216,0.9997354949876205
4578.59627,0.9999502472377098
4578.837324,0.9993116270374541
4579.078378,0.9994777864010105
4579.319432,1.000234667530118
4579.560486,1.0004723615275868
4579.80154,1.0003973289142305
4580.042594,0.998663094455508
4580.283648,0.9992781806370258
4580.524702,0.999163350186791
4580.765756,0.9986638933863031
4581.00681,0.9999344851461918
4581.247864,0.999464783279595
4581.488918,0.9992582752139262
4581.729972,0.9995235335462095
4581.971026,1.0008789860820422
4582.21208,0.9994187589860424
4582.453134,0.9987241146347268
4582.694188,0.9985828051703863
4582.935242,0.999711071747809
4583.176296,0.999432291207652
4583.41735,0.9990589630532424
4583.658404,0.9996314679246341
4583.899458,1.0004006102228507
4584.140512,0.9992085433671561
4584.381566,0.9986640931191018
4584.62262,0.9987696574927234
4584.863674,0.9997814538846823
4585.104728,0.9991201872623889
4585.345782,1.0002332872072293
4585.586836,1.0004594855311513
4585.82789,0.9992939093993741
4586.068944,0.9988271882818658
4586.309998,0.9997326757374998
4586.551052,0.9996582084240536
4586.792106,0.9987645637804591
4587.03316,0.9995722115275925
4587.274214,0.9991801062966733
4587.515268,0.9998790973093195
4587.756322,0.9999106069957927
4587.997376,0.9996030588020112
4588.23843,0.9995444837790304
4588.479484,0.9985371709789392
4588.720538,0.9992298766972895
4588.961592,0.9993503711002832
4589.202646,0.9994009594964498
4589.4437,0.9991961532580371
4589.684754,1.0003768810018059
4589.925808,0.9993808417576209
4590.166862,0.999501774155736
4590.407916,0.998753777181418
4590.64897,1.0013420998109506
4590.890024,0.9987362991432507
4591.131078,0.9992723848403859
4591.372132,1.0001120462767152
4591.613186,0.9988023177945163
4591.85424,0.999000300033295
4592.095294,0.9986690864520508
4592.336348,1.0002011102199493
4592.577402,0.9995093304177113
4592.818456,1.0002118724417959
4593.05951,0.9996655959255106
4593.300564,0.9992121904849953
4593.541618,0.9994886707733698
4593.782672,0.9998614695962227
4594.023726,0.9993500613017162
4594.26478,0.9992402087876313
4594.505834,0.9993005847049844
4594.746888,1.0003941176439588
4594.987942,0.9987059380212481
4595.228996,0.9999743393292406
4595.47005,0.9988031168366902
4595.711104,1.0000813283069674
4595.952158,0.9996457727532909
4596.193212,0.9994487220095802
4596.434266,0.999033787084592
4596.67532,0.9991918966914908
4596.916374,0.9996280391945793
4597.157428,0.9996485917583449
4597.398482,0.9993502112042366
4597.639536,0.9994234162883108
4597.88059,0.9997352350564256
4598.121644,0.998954546867309
4598.362698,0.9993794426254218
4598.603752,0.9994803450674188
4598.844806,0.9986763767629914
4599.08586,0.9995469626524239
4599.326914,0.998991309071054
4599.567968,0.9990611410041558
4599.809022,0.9991579647108474
4600.050076,0.9991843728048362
4600.29113,1.0001595927335656
4600.532184,1.0001972394491427
4600.773238,0.9998464717866625
4601.014292,0.9993313436503594
4601.255346,0.9997814238912391
4601.4964,0.9993206108893635
4601.737454,0.9994845928679119
4601.978508,1.0005403059126836
4602.219562,1.0004048519304305
4602.460616,0.9995306201931845
4602.70167,0.9994698205947967
4602.942724,1.000069128389257
4603.183778,1.0008140911924999
4603.424832,0.9997311661422992
4603.665886,0.9996577685745387
4603.90694,0.9987788462158403
4604.147994,0.999544763651525
4604.389048,0.9996744330084385
4604.630102,0.9992664391873844
4604.871156,0.9991725625153486
4605.11221,1.0001193571224947
4605.353264,1.0001528116745146
4605.594318,0.9997206190341325
4605.835372,0.9988285866409082
4606.076426,0.9986348326898408
4606.31748,0.9999133047582497
4606.558534,0.998777148293245
4606.799588,0.9991916768692977
4607.040642,1.0005475998781002
4607.281696,0.9994365587926467
4607.52275,0.9998601697771571
4607.763804,1.000578637346037
4608.004858,0.999677052158884
4608.245912,0.999858280043222
4608.486966,1.0001105361086655
4608.72802,1.0000143401028183
4608.969074,1.0006683632552489
4609.210128,0.9988653442092317
4609.451182,0.9999273586385115
4609.692236,0.9991056501694218
4609.93329,0.9991822645280338
4610.174344,0.9994071857838224
4610.415398,1.0003265232971303
4610.656452,0.9999002159787567
4610.897506,0.998727110811565
4611.13856,0.9999948155134395
4611.379614,0.9994328209069068
4611.620668,1.0002048909872916
4611.861722,0.998966034910654
4612.102776,1.0009160292987977
4612.34383,0.9998432022940454
4612.584884,0.9992026480541414
4612.825938,0.9994187789744178
4613.066992,0.9999609207636132
4613.308046,0.9991147021076175
4613.5491,0.999220334097533
4613.790154,0.9997854530184961
4614.031208,0.9983807124630917
4614.272262,0.9999622937109
4614.513316,0.9996923373378664
4614.75437,0.9994353694638495
4614.995424,0.9999431066184898
4615.236478,0.9990714513683323
4615.477532,0.9996685749334252
4615.718586,0.9999881970696551
4615.95964,0.999711031759367
4616.200694,0.9992499614196618
4616.441748,1.0004304826310648
4616.682802,0.9994907297221522
4616.923856,0.9987714552797249
4617.16491,0.9992181857761241
4617.405964,0.998899705768088
4617.647018,0.9995959616454886
4617.888072,0.9991175695709275
4618.129126,0.9994039976799847
4618.37018,0.999784783162467
4618.611234,0.9992402787344484
4618.852288,0.9991209166203918
4619.093342,0.9990026277067058
4619.334396,1.0009110047129424
4619.57545,0.9987223169329383
4619.816504,1.0002832501077383
4620.057558,0.9979615804048624
4620.298612,0.9992994155239843
4620.539666,0.9989596415484894
4620.78072,1.0001561821951692
4621.021774,1.000405182064086
4621.262828,0.9997114316438597
4621.503882,0.998673181003699
4621.744936,0.9984690730660437
4621.98599,1.0007565160139993
4622.227044,0.99862165079705
4622.468098,0.9989352672306036
4622.709152,0.998933269362067
4622.950206,0.9989193842861243
4623.19126,0.9982214834383061
4623.432314,0.9994292529381049
4623.673368,0.9992820278654272
4623.914422,0.9990667257715434
4624.155476,0.9985129068204952
4624.39653,0.9981546048393738
4624.637584,0.9993577263460818
4624.878638,1.0001564422358105
4625.119692,0.9984224456490902
4625.360746,0.9994838632444254
4625.6018,0.9974078653978653
4625.842854,0.9989920083652152
4626.083908,0.998793728131519
4626.324962,1.0000352736220997
4626.566016,0.9991593135750103
4626.80707,0.9988944116136769
4627.048124,0.9985968852872038
4627.289178,0.9988034164776702
4627.530232,0.9987130288585805
4627.771286,0.9999081802156945
4628.01234,0.9982765867850303
4628.253394,0.9989731275946809
4628.494448,0.9988069122957456
4628.735502,0.9987245141244525
4628.976556,0.9980924217445158
4629.21761,0.9993477228253087
4629.458664,0.9995988804699582
4629.699718,0.9990114189685111
4629.940772,0.9991582344835344
4630.181826,0.9979857313673336
4630.42288,0.9983468679306072
4630.663934,0.9983439727288883
4630.904988,0.998564231702944
4631.146042,0.9996353265095473
4631.387096,0.9980943181219187
4631.62815,0.9992220427657652
4631.869204,0.9986647921842117
4632.110258,0.9989318708564688
4632.351312,0.9991010942580445
4632.592366,0.9982057116634652
4632.83342,0.9995949520540772
4633.074474,0.9990773359165109
4633.315528,0.9989883121016223
4633.556582,0.9989350674435701
4633.797636,0.9992586449395564
4634.03869,0.9975674634238305
4634.279744,0.9985187980640245
4634.520798,0.9975794343052168
4634.761852,0.998845766640346
4635.002906,0.9976247254396352
4635.24396,0.9976739095509778
4635.485014,0.9987429906988716
4635.726068,0.9993368799613387
4635.967122,0.9990380130064491
4636.208176,0.9987717549112064
4636.44923,0.9994968566191044
4636.690284,0.998465179044252
4636.931338,0.9978809483667439
4637.172392,0.9986590998111194
4637.413446,0.9994333106291089
4637.6545,0.9990978671667219
4637.895554,0.9990034468891964
4638.136608,0.9982288703046149
4638.377662,0.9984861470331752
4638.618716,0.9982344604019409
4638.85977,0.9978564007973504
4639.100824,0.9987023426863428
4639.341878,0.998693154667055
4639.582932,0.9979241575472801
4639.823986,0.9981814555593846
4640.06504,0.9985077145668796
4640.306094,0.9993300645070581
4640.547148,0.999924635840021
4640.788202,0.9993867980851876
4641.029256,0.9989488528426198
4641.27031,0.9982581188390038
4641.511364,0.9979250556794261
4641.752418,0.9976220318565129
4641.993472,0.9992162173182371
4642.234526,0.9996048380970395
4642.47558,0.9989515500081637
4642.716634,0.9986309380215879
4642.957688,0.997396295533732
4643.198742,0.9985041199455774
4643.439796,0.9988473647948511
4643.68085,0.9964604789253565
4643.921904,0.9973230893323403
4644.162958,0.9979712606791415
4644.404012,0.9990022081256903
4644.645066,0.9991372224068059
4644.88612,0.9987159251305637
4645.127174,0.9983163189838499
4645.368228,0.9979763503455497
4645.609282,0.9983258030339294
4645.850336,0.998676177027736
4646.09139,0.9978536068033398
4646.332444,0.9978748613115244
4646.573498,0.9980726597102101
4646.814552,0.9986599986047138
4647.055606,0.9974901549411576
4647.29666,0.9987703566317283
4647.537714,0.9975010276431026
4647.778768,0.9983163189838499
4648.019822,0.9979639755155295
4648.260876,0.9985066162089976
4648.50193,0.9978764579125797
4648.742984,0.9980519000147897
4648.984038,0.9981089902162348
4649.225092,0.9982037152540383
4649.466146,0.9990472541508096
4649.7072,0.998012876948405
4649.948254,0.9983434735570268
4650.189308,0.997706234709312
4650.430362,0.9973845263268831
4650.671416,0.9988290860553264
4650.91247,0.9989673335673436
4651.153524,0.9989231801869968
4651.394578,0.997775278369637
4651.635632,0.9994407864182319
4651.876686,0.9982397510586013
4652.11774,0.9976126542534882
4652.358794,0.9989458560005565
4652.599848,0.99855105074208
4652.840902,0.9994049471142334
4653.081956,0.9980442150447468
4653.32301,0.9983142225217813
4653.564064,0.9979570895878549
4653.805118,0.9978213766523597
4654.046172,1.000256652929729
4654.287226,0.9985420638230644
4654.52828,0.9985269859517389
4654.769334,0.999273783822704
4655.010388,0.99855105074208
4655.251442,0.9987714552797249
4655.492496,0.9987700570006662
4655.73355,0.9995157572833683
4655.974604,0.9984371225669163
4656.215658,0.9988417712652702
4656.456712,0.998515203402822
4656.697766,0.9978861373611667
4656.93882,0.9981420281705861
4657.179874,0.9992096424971583
4657.420928,0.9984949337499305
4657.661982,0.9983372838466789
4657.903036,0.9982249772196122
4658.14409,0.9986505113797914
4658.385144,0.998331992673096
4658.626198,0.9985620348640507
4658.867252,0.9991813752562141
4659.108306,0.9980738573981204
4659.34936,0.9985710219628063
4659.590414,0.9986377287350549
4659.831468,0.9984539962968703
4660.072522,0.9983645388265566
4660.313576,0.9991506309183015
4660.55463,0.9982721943777118
4660.795684,0.9988348792808258
4661.036738,0.9988252905120109
4661.277792,0.9982069095110379
4661.518846,0.9986119642140172
4661.7599,0.9977235949488296
4662.000954,0.9986305385692926
4662.242008,0.9997221586050713
4662.483062,0.9985176996939508
4662.724116,0.9989151888335208
4662.96517,0.9998534607379267
4663.206224,0.999747621852724
4663.447278,0.9992342333490494
4663.688332,0.9990366842867755
4663.929386,0.9990226579101935
4664.17044,0.9999335082106771
4664.411494,0.9994514904863746
4664.652548,0.9979864299575901
4664.893602,1.0005894036300975
4665.134656,0.9992256699483638
4665.37571,0.9985860006404756
4665.616764,0.9997166101624879
4665.857818,0.9999310913743085
4666.098872,0.9987155256442736
4666.339926,0.9996034286552113
4666.58098,0.9983517598422453
4666.822034,0.99831901444155
4667.063088,0.9996519006006597
4667.304142,0.9990940805929809
4667.545196,1.0007861788767354
4667.78625,0.9994072057719662
4668.027304,0.9995792185533549
4668.268358,0.9986161583930747
4668.509412,0.9995209747692388
4668.750466,1.000039017761173
4668.99152,1.0001488710801996
4669.232574,0.9989125916574061
4669.473628,0.9994431750845658
4669.714682,0.9996306882123932
4669.955736,0.9998671088308138
4670.19679,1.0004717512396324
4670.437844,0.9999438685754274
4670.678898,0.9988704384354774
4670.919952,0.9993369499149227
4671.161006,0.9995423747423946
4671.40206,0.998946655157561
4671.643114,0.9987984224730728
4671.884168,1.000384203787376
4672.125222,0.9998014597117322
4672.366276,0.999515617351172
4672.60733,0.9995418050034034
4672.848384,0.998604574512824
4673.089438,0.9989337688288265
4673.330492,0.9996529102495891
4673.571546,0.9991658880649237
4673.8126,0.9998255652155165
4674.053654,0.9991364930368998
4674.294708,0.9994154908920438
4674.535762,0.9994921390050747
4674.776816,1.0005881328823618
4675.01787,0.9994642735526854
4675.258924,0.9989595416525303
4675.499978,0.9997137709713467
4675.741032,0.9994088448011277
4675.982086,1.0002869711683497
4676.22314,1.0003249127727243
4676.464194,0.9991637398605736
4676.705248,0.9999860210977057
4676.946302,0.9997409135686877
4677.187356,0.9995908437272669
4677.42841,0.9998875063278877
4677.669464,0.999331333657046
4677.910518,1.00045936547602
4678.151572,0.9996940068254638
4678.392626,0.999776305023453
4678.63368,0.9990795139074772
4678.874734,0.99918408304141
4679.115788,0.9988785293187968
4679.356842,0.9994092845411161
4679.597896,0.999470030483481
4679.83895,1.0003437390647374
4680.080004,0.9986551051827095
4680.321058,0.9991603427096333
4680.562112,0.999312936136543
4680.803166,0.9999320983054244
4681.04422,0.9985709221057092
4681.285274,1.000367807624643
4681.526328,0.9989134906791431
4681.767382,1.0008418741772973
4682.008436,0.9995726913223691
4682.24949,1.0002809794673377
4682.490544,0.9999924940281699
4682.731598,0.9985737181082055
4682.972652,1.0005498110907394
4683.213706,1.0011393485649953
4683.45476,0.9989481535786676
4683.695814,0.999556768256224
4683.936868,0.9990733296244265
4684.177922,1.0000058374170377
4684.418976,0.9993749554217982
4684.66003,1.0000476561355176
4684.901084,1.000220754362659
4685.142138,1.0000419108782364
4685.383192,0.9997868227255049
4685.624246,1.0005517121371865
4685.8653,0.9997985103017764
4686.106354,0.9992751828069807
4686.347408,0.9994332006914508
4686.588462,0.9997652475586675
4686.829516,1.000156452237375
4687.07057,0.9979428189035094
4687.311624,0.9994053168941324
4687.552678,0.9991891689013362
4687.793732,0.9987869363572597
4688.034786,0.9987352005339258
4688.27584,0.9995091605011396
4688.516894,0.9991340051901295
4688.757948,0.9994143715473209
4688.999002,1.000285350704769
4689.240056,1.000272437104249
4689.48111,1.0000996109608424
4689.722164,0.9997175698908943
4689.963218,0.9997309861907054
4690.204272,1.000347750451174
4690.445326,0.9992651901051162
4690.68638,0.9997086624470294
4690.927434,0.9997757951376676
4691.168488,0.9979672688020826
4691.409542,1.0002960038004818
4691.650596,0.9992335638623373
4691.89165,1.00006259395892
4692.132704,0.9996980356004294
4692.373758,0.9994037878051673
4692.614812,0.9996811408463888
4692.855866,1.0005636087677692
4693.09692,0.9998427523647057
4693.337974,0.9990931514359179
4693.579028,0.9996783217495465
4693.820082,0.9992774311786714
4694.061136,1.0005702025036771
4694.30219,0.9995556787399403
4694.543244,1.0001326788010536
4694.784298,0.9987692579849402
4695.025352,1.000411924817736
4695.266406,0.9993975115690872
4695.50746,1.0001575924163804
4695.748514,0.9998769075764941
4695.989568,0.9988943117242407
4696.230622,0.9998033993284454
4696.471676,0.9989661348072626
4696.71273,0.9999508442081855
4696.953784,0.9986666896491194
4697.194838,0.9997475018830166
4697.435892,1.0000823933941492
4697.676946,1.000430342570807
4697.918,0.9996437934566204
4698.159054,0.9997595989009762
4698.400108,0.9994783561035111
4698.641162,1.0001446804652092
4698.882216,1.0001487910682931
4699.12327,0.9994435148953031
4699.364324,0.9995836167115925
4699.605378,1.0012814203183091
4699.846432,0.9999608607659598
4700.087486,0.9997424531708801
4700.32854,1.0010802830858787
4700.569594,0.9999357570636658
4700.810648,1.001383756508756
4701.051702,0.9999093081127579
4701.292756,1.0002025505105852
4701.53381,0.9992572959412963
4701.774864,0.9995881448356323
4702.015918,1.0008481895094483
4702.256972,1.0002890217587426
4702.498026,1.0010965007178272
4702.73908,0.999666325681662
4702.980134,1.0001063856585528
4703.221188,0.9998755177485585
4703.462242,0.9994494416129192
4703.703296,0.9997017744780742
4703.94435,1.0001856672340277
4704.185404,1.0000834654830497
4704.426458,1.000290652231177
4704.667512,1.0002730472706218
4704.908566,1.0009188719043574
4705.14962,1.0004908604325733
4705.390674,1.000747549275787
4705.631728,0.999110515825786
4705.872782,1.0005815490341083
4706.113836,0.9989925078613443
4706.35489,0.9992665990700276
4706.595944,0.9994382478418583
4706.836998,0.999843542240792
4707.078052,0.9991110053900587
4707.319106,1.0001298784334736
4707.56016,0.9997231983166569
4707.801214,0.9995875150952994
4708.042268,1.0013816536050753
4708.283322,0.9998023395374038
4708.524376,0.999247982906697
4708.76543,1.0006662218272429
4709.006484,1.0005709329201917
4709.247538,0.9998417425240357
4709.488592,0.9993436954621009
4709.729646,0.9990441870804474
4709.9707,0.999987850073811
4710.211754,0.9996411743933125
4710.452808,1.000394307718859
4710.693862,0.9996895681939273
4710.934916,0.9994550185563631
4711.17597,0.9999968963048165
4711.417024,0.9993326727619303
4711.658078,0.9992927302332567
4711.899132,0.999865149093201
4712.140186,0.9991311176970269
4712.38124,0.9994824539731718
4712.622294,0.9997038738540049
4712.863348,0.9992780807092128
4713.104402,0.9991580646266489
4713.345456,0.9995439340297154
4713.58651,1.000125777909378
4713.827564,0.9999260797322377
4714.068618,1.000080570245608
4714.309672,0.9998066786889733
4714.550726,0.9992367414301228
4714.79178,0.9989394627675365
4715.032834,0.9994770667772633
4715.273888,0.9999878800734469
4715.514942,1.000015770124347
4715.755996,1.0013628278069506
4715.99705,0.9993369499149227
4716.238104,0.9997595089226163
4716.479158,0.9987935283727933
4716.720212,0.999832234074277
4716.961266,0.9997838933544059
4717.20232,1.0010607622106877
4717.443374,1.0003113084464201
4717.684428,0.9992012891394642
4717.925482,0.9995776592109902
4718.166536,1.0012546864612852
4718.40759,0.9993485522842629
4718.648644,0.9996280991722635
4718.889698,1.0000959816059396
4719.130752,0.9997564796558936
4719.371806,0.9994702203828049
4719.61286,1.0004597256414565
4719.853914,0.9997092122869449
4720.094968,1.0001255678829868
4720.336022,0.9999908657417176
4720.577076,0.9998731380476581
4720.81813,0.9991905477833407
4721.059184,0.9997309362041574
4721.300238,0.9999365400136702
4721.541292,1.0003310347799237
4721.782346,0.9997745154254688
4722.0234,0.9999043825716377
4722.264454,0.9995866054710746
4722.505508,0.9994810247142846
4722.746562,1.0001524216149942
4722.987616,1.000071821579046
4723.22867,0.9986667895157934
4723.469724,1.0001415500172584
4723.710778,0.9993695488179142
4723.951832,0.9995360276684669
4724.192886,1.000665801547518
4724.43394,0.9988872195998045
4724.674994,0.997462923831634
4724.916048,1.0004076230557082
4725.157102,0.9991337354239845
4725.398156,0.9983105287659914
4725.63921,0.9991274109274563
4725.880264,0.9981879437599324
4726.121318,0.9975395319258975
4726.362372,0.9987969242765629
4726.603426,0.9984288355731901
4726.84448,0.9987219174440914
4727.085534,1.0003103681542322
4727.326588,0.9983369843455385
4727.567642,0.9989631379133534
4727.808696,0.9985164016217849
4728.04975,0.9979409228139549
4728.290804,0.9992470236290939
4728.531858,0.9980935196467836
4728.772912,0.9979286482160932
4729.013966,0.9985664285466702
4729.25502,0.9985001259370857
4729.496074,0.9993307540450406
4729.737128,0.9978059105408843
4729.978182,0.9989963040400869
4730.219236,0.9982493342062104
4730.46029,0.9981807568326102
4730.701344,0.9986781743820875
4730.942398,0.9987748511084457
4731.183452,0.99729416738212
4731.424506,0.9975626751114981
4731.66556,0.9977818637082058
4731.906614,0.9986602982027583
4732.147668,0.9974596322094166
4732.388722,0.9976113573578806
4732.629776,0.9982913613878465
4732.87083,0.9982394515867209
4733.111884,0.9967830853934245
4733.352938,0.9975181848083292
4733.593992,0.9984647796582603
4733.835046,0.9965211652164019
4734.0761,0.9969291248125609
4734.317154,0.9982638089264979
4734.558208,0.9975120999659607
4734.799262,0.9969058966345621
4735.040316,0.9976860812469215
4735.28137,0.9981247604628648
4735.522424,0.9986624952578311
4735.763478,0.9982352589898287
4736.004532,0.9967353406271304
4736.245586,0.9984765616121737
4736.48664,0.9973769462332875
4736.727694,0.9960243240089606
4736.968748,0.9974913519300618
4737.209802,0.9974468648078358
4737.450856,0.9964897752940914
4737.69191,0.9967724198714715
4737.932964,0.9961366818895742
4738.174018,0.9979346358059452
4738.415072,0.9958286244574035
4738.656126,0.9972230628428925
4738.89718,0.9967299582708234
4739.138234,0.9963628305832687
4739.379288,0.997325482910627
4739.620342,0.9964709418153153
4739.861396,0.9968520651696064
4740.10245,0.9967032462658842
4740.343504,0.9963490808710799
4740.584558,0.9957439826216535
4740.825612,0.996153815587852
4741.066666,0.9959737272584693
4741.30772,0.9963945154250675
4741.548774,0.9971691145345076
4741.789828,0.9969080898299473
4742.030882,0.9958159775141812
4742.271936,0.9962348061852825
4742.51299,0.9958643753467461
4742.754044,0.9966498244036032
4742.995098,0.9969572386102833
4743.236152,0.9958112971900855
4743.477206,0.9958022353485126
4743.71826,0.9966117531074773
4743.959314,0.996809799538081
4744.200368,0.9959378728496712
4744.441422,0.9964729347591919
4744.682476,0.9957778384926093
4744.92353,0.9958621844475304
4745.164584,0.9970542472689948
4745.405638,0.996870905851682
4745.646692,0.9963585462323086
4745.887746,0.9963783739646639
4746.1288,0.9969319162180184
4746.369854,0.9973816339159508
4746.610908,0.9960018141136008
4746.851962,0.9960298021578076
4747.093016,0.9962580187266916
4747.33407,0.9969515559702188
4747.575124,0.996156305975504
4747.816178,0.9963499775856562
4748.057232,0.9961316016054512
4748.298286,0.9962855158274667
4748.53934,0.9972397166071006
4748.780394,0.9962115941847193
4749.021448,0.9965251513090349
4749.262502,0.9978167866845841
4749.503556,0.9975005288927135
4749.74461,0.9970966229749811
4749.985664,0.99773097813075
4750.226718,0.9958392798806915
4750.467772,0.9968579466141413
4750.708826,0.9964785150232512
4750.94988,0.9969018093287649
4751.190934,0.9965840476858481
4751.431988,0.9971858671163532
4751.673042,0.9966059727760722
4751.914096,0.9976915685354584
4752.15515,0.9976025784165633
4752.396204,0.9969717942922233
4752.637258,0.9973318658141429
4752.878312,0.996662382270505
4753.119366,0.996303050606851
4753.36042,0.9974286116972263
4753.601474,0.9974756914387716
4753.842528,0.9977559217169967
4754.083582,0.99677142309955
4754.324636,0.9969434806953203
4754.56569,0.9975031223974601
4754.806744,0.9981324460531098
4755.047798,0.9976069678775652
4755.288852,0.9973772454464163
4755.529906,0.9975099054417548
4755.77096,0.9961752331251249
4756.012014,0.9971123772260824
4756.253068,0.9982905627550769
4756.494122,0.9970543469744245
4756.735176,0.99779643142976
4756.97623,0.9972588637934718
4757.217284,0.9976346019733058
4757.458338,0.9974810778220486
4757.699392,0.9986275426821707
4757.940446,0.9965407968767278
4758.1815,0.9981353406414005
4758.422554,0.9975984882543767
4758.663608,0.998017867025265
4758.904662,0.9983132242080579
4759.145716,0.999723248302818
4759.38677,0.9978552033703879
4759.627824,0.9977131189060819
4759.868878,0.9970856549724525
4760.109932,0.9987095333690965
4760.350986,0.9979534969487991
4760.59204,0.9977361663453256
4760.833094,0.997610559269114
4761.074148,0.9966692592646683
4761.315202,0.9980612817467439
4761.556256,0.9973197981715759
4761.79731,0.9996557392713282
4762.038364,0.9981886424917376
4762.279418,0.9980803448992778
4762.520472,0.997537038080185
4762.761526,0.998420149280106
4763.00258,0.9987564738202569
4763.243634,0.9979220619087498
4763.484688,0.9972523816319242
4763.725742,0.9990981768871087
4763.966796,0.9986022777249439
4764.20785,0.9984187514928755
4764.448904,0.9985383692242633
4764.689958,0.9988855214929746
4764.931012,0.9981494144489237
4765.172066,0.9996066073991687
4765.41312,0.9988888178206344
4765.654174,0.9998324440390682
4765.895228,0.9986371295525973
4766.136282,0.9987346012929853
4766.377336,0.9991095566801512
4766.61839,0.9981294516602632
4766.859444,0.9977522300269159
4767.100498,0.9981406307727247
4767.341552,0.9982974509837242
4767.582606,1.0003373468886678
4767.82366,0.9982231804162705
4768.064714,0.9989794211452094
4768.305768,0.9990224680959064
4768.546822,0.9987808437755303
4768.787876,0.9995371171633309
4769.02893,0.9985575413450042
4769.269984,0.9994936582342806
4769.511038,0.9990702424926076
4769.752092,0.9992868044449364
4769.993146,0.9988572534327113
4770.2342,0.9986233484552993
4770.475254,0.9988023177945163
4770.716308,0.9990586433544253
4770.957362,1.0003931572660667
4771.198416,0.9992402087876313
4771.43947,0.9991499215216054
4771.680524,0.9989180856917689
4771.921578,0.9998817569912557
4772.162632,1.0000284364043068
4772.403686,0.9985737181082055
4772.64474,0.9995981607590233
4772.885794,1.0001920584408612
4773.126848,0.9994005997121691
4773.367902,1.0000569606221947
4773.608956,0.9993448047342185
4773.85001,0.9988838233890315
4774.091064,1.000585761491297
4774.332118,1.000225975528624
4774.573172,0.9999685894933203
4774.814226,0.999944853520623
4775.05528,0.9997804041147068
4775.296334,0.9997450125148362
4775.537388,1.0002567529553992
4775.778442,0.9999768892670571
4776.019496,0.9984741652713014
4776.26055,0.9986167575629495
4776.501604,1.000934946790521
4776.742658,1.0004609762168952
4776.983712,0.9993607144301507
4777.224766,0.9994871915312317
4777.46582,1.0004125050568209
4777.706874,0.999800129976675
4777.947928,1.0001607029113295
4778.188982,0.9999241588760834
4778.430036,0.9992211234819087
4778.67109,0.9993223896816341
4778.912144,1.0001364593097246
4779.153198,1.0002221346682523
4779.394252,1.0002841503630684
4779.635306,0.9996372957930802
4779.87636,0.9996360762363233
4780.117414,0.9995532298315273
4780.358468,1.0004585450996768
4780.599522,1.0008713894393673
4780.840576,1.0003556832402885
4781.08163,1.0015109403218339
4781.322684,0.9999090431368264
4781.563738,1.0006764987221128
4781.804792,1.000219083995394
4782.045846,0.9996584983249761
4782.2869,0.999347822760086
4782.527954,1.0002985045436172
4782.769008,0.9994688011360996
4783.010062,0.9998163368681384
4783.251116,1.00033215515131
4783.49217,1.0023254997898725
4783.733224,0.9996903979366133
4783.974278,0.999666125748417
4784.215332,0.9990748681985387
4784.456386,1.0014910104524242
4784.69744,0.9999426616439063
4784.938494,0.9996921473963404
4785.179548,1.000194438900793
4785.420602,1.00013499911156
4785.661656,0.9998417325256184
4785.90271,1.0006988240638377
4786.143764,1.0000268693609748
4786.384818,0.99984984127495
4786.625872,1.0001165767945464
4786.866926,0.9998971752868232
4787.10798,0.9996740331387453
4787.349034,1.0011021068739285
4787.590088,0.999934752128735
4787.831142,1.000202710543006
4788.072196,1.0008989137810347
4788.31325,0.9999560909640299
4788.554304,0.9992967973629454
4788.795358,1.0001084058754923
4789.036412,1.0006571958586292
4789.277466,0.9995767296041994
4789.51852,0.9987603689781003
4789.759574,0.9994419057925396
4790.000628,1.0011007053319598
4790.241682,1.0008137108832174
4790.482736,0.9993951330058402
4790.72379,1.000465348240914
4790.964844,0.9997004948606218
4791.205898,1.001089493066849
4791.446952,1.0008358291106334
4791.688006,1.0017233833210597
4791.92906,1.00027712839298
4792.170114,1.0002058611865066
4792.411168,0.9996269096155332
4792.652222,0.9995242831891408
4792.893276,1.0005327318512358
4793.13433,1.000602971714402
4793.375384,1.000132418766591
4793.616438,1.0008073557363308
4793.857492,0.9991797465918998
4794.098546,1.0005251578471233
4794.3396,1.000484447306712
4794.580654,0.9992642108257097
4794.821708,1.000045701044261
4795.062762,0.9995145978457622
4795.303816,1.0002247952626693
4795.54487,0.9997781946024552
4795.785924,0.9998272649204221
4796.026978,0.9996721037697232
4796.268032,1.0000232212696094
4796.509086,1.0004452590984172
4796.75014,1.001012211941074
4796.991194,1.0011348434480634
4797.232248,1.000307857378359
4797.473302,1.0000948234954634
4797.714356,1.0011765916414788
4797.95541,0.9999427866367468
4798.196464,1.0000344995950974
4798.437518,1.000232006909441
4798.678572,1.0001379395127798
4798.919626,1.0009696998551834
4799.16068,1.000398159244358
4799.401734,1.0006445776509474
4799.642788,1.0006016709313843
4799.883842,0.9992655098700282
4800.124896,1.0000814463165713
4800.36595,1.0011987178886483
4800.607004,1.000431743174267
4800.848058,0.9993123065695916
4801.089112,1.0004552736055832
4801.330166,1.0000781290519154
4801.57122,1.0014594639824546
4801.812274,1.000735260171337
4802.053328,1.0001086759047983
4802.294382,1.001537681020927
4802.535436,1.0002858808561454
4802.77649,0.999560846456158
4803.017544,0.9997621083007188
4803.258598,0.9993184523591753
4803.499652,1.0002745776895547
4803.740706,1.0012854254520007
4803.98176,1.0009816915440177
4804.222814,1.0004713710604392
4804.463868,0.9999771542609679
4804.704922,1.000234887581769
4804.945976,0.9997896221325278
4805.18703,1.0004774539448673
4805.428084,1.00109349743283
4805.669138,1.0002414691489827
4805.910192,1.0006102461244488
4806.151246,1.0001459006424636
4806.3923,0.9986586004816944
4806.633354,1.0001980596112154
4806.874408,1.0011281358670825
4807.115462,1.00007321968043
4807.356516,0.9995348981933938
4807.59757,1.0004083133372064
4807.838624,1.0007603789416066
4808.079678,1.0010009005669884
4808.320732,1.000595707363197
4808.561786,1.0003145094477288
4808.80284,1.0001442304002042
4809.043894,1.0007079104504122
4809.284948,1.0007237117530692
4809.526002,0.9994203880399473
4809.767056,0.9992126401305823
4810.00811,0.9994930885230577
4810.249164,1.0005523725015344
4810.490218,1.0010155152868239
4810.731272,1.0011893066649329
4810.972326,1.0006804413952848
4811.21338,1.0005052075743808
4811.454434,1.0004740623320472
4811.695488,0.999894805533326
4811.936542,1.0003568636606912
4812.177596,1.0012255503738414
4812.41865,0.9992328344221019
4812.659704,1.0005432375000747
4812.900758,1.0001448304869225
4813.141812,1.000909713538579
4813.382866,1.0021358777441236
4813.62392,0.9998964953569752
4813.864974,0.9998207760625291
4814.106028,1.0002951635521915
4814.347082,1.0010488496584973
4814.588136,0.999651670680749
4814.82919,1.000850081114314
4815.070244,1.0000726646399472
4815.311298,0.9999504132294645
4815.552352,0.9995907837518181
4815.793406,1.000340467946059
4816.03446,1.000235297678157
4816.275514,1.0012631971622905
4816.516568,1.0004048819425764
4816.757622,1.0004619866829916
4816.998676,1.0004202882963869
4817.23973,1.0006675026808265
4817.480784,0.9996375856879381
4817.721838,1.0008265413972344
4817.962892,0.9995412452601493
4818.203946,1.0000447119995517
4818.445,0.9999284365607851
4818.686054,1.0000126330797967
4818.927108,0.998889417154105
4819.168162,0.9995173465146857
4819.409216,1.0011180245239728
4819.65027,1.0012349619382492
4819.891324,1.00065700573378
4820.132378,0.9999310933741706
4820.373432,0.9999221590297656
4820.614486,1.001769463656532
4820.85554,1.000510490255823
4821.096594,1.0016676890492622
4821.337648,0.999023996601452
4821.578702,1.0014446424920669
4821.819756,0.9999913556373627
4822.06081,1.0011439538165907
4822.301864,1.0006630297070866
4822.542918,1.001105310405796
4822.783972,1.000500074995831
4823.025026,1.0000869137767834
4823.26608,0.9999915694355374
4823.507134,0.9993409872443558
4823.748188,0.9995845163372523
4823.989242,1.0010753778045096
4824.230296,1.000546319177992
4824.47135,1.0002503813401766
4824.712404,1.001099203682028
4824.953458,1.0002234949712805
4825.194512,1.0007129640381203
4825.435566,1.0004808255595683
4825.67662,1.0002617442490498
4825.917674,1.0008091171588271
4826.158728,1.0008752327928818
4826.399782,0.999850971105909
4826.640836,1.0000542284703104
4826.88189,1.0002280560008168
4827.122944,1.0007963869478211
4827.363998,1.0005962877088757
4827.605052,0.9994993253793891
4827.846106,1.0005386150009956
4828.08716,1.0002405289224436
4828.328214,0.9995940424230847
4828.569268,1.0007138346587778
4828.810322,1.0009836434602195
4829.051376,0.9993847293566567
4829.29243,0.9999654945953251
4829.533484,1.0011303383514043
4829.774538,1.0004507315489515
4830.015592,0.9997768748961093
4830.256646,0.9997912617888526
4830.4977,1.000756596074524
4830.738754,1.0005122711660805
4830.979808,1.000765813085218
4831.220862,1.0005542035140513
4831.461916,1.000082245381966
4831.70297,1.0004002200666888
4831.944024,1.0005357334539338
4832.185078,1.0007132742591873
4832.426132,1.0005297102469481
4832.667186,1.0007771518261142
4832.90824,1.0001475608860366
4833.149294,0.9994514804918597
4833.390348,1.001128836657023
4833.631402,1.000896821904491
4833.872456,1.0018505100844257
4834.11351,1.0008794564952763
4834.354564,1.0002633846796556
4834.595618,1.0004902401284321
4834.836672,1.0008512521095938
4835.077726,0.9992096025287734
4835.31878,1.0004386261683376
4835.559834,1.000107345761144
4835.800888,0.9999612907492224
4836.041942,1.0004261007551472
4836.282996,1.0000355976335806
4836.52405,1.0002550325152637
4836.765104,0.9996638964954421
4837.006158,0.9997823636862192
4837.247212,1.0014097928248957
4837.488266,0.9998122476276832
4837.72932,1.0001652736561861
4837.970374,0.9996239007430637
4838.211428,0.9996570888074872
4838.452482,1.0006055732855106
4838.693536,1.0006769490266385
4838.93459,1.000648109932541
4839.175644,1.0008784756338895
4839.416698,1.0014823976667693
4839.657752,0.9994386076396924
4839.898806,1.0014164021513392
4840.13986,1.0009296918958446
4840.380914,1.000620562469267
4840.621968,1.0006891373461044
4840.863022,1.0011310391428863
4841.104076,0.9998775175015937
4841.34513,0.9997295465791218
4841.586184,0.999927723612064
4841.827238,0.9998236055593291
4842.068292,1.0004040015866678
4842.309346,1.0007250827454934
4842.5504,1.0003173703513168
4842.791454,1.000673266542242
4843.032508,1.0003904762159979
4843.273562,1.0007537639373645
4843.514616,0.9998743178986571
4843.75567,1.001173287764178
4843.996724,1.0010634650783945
4844.237778,1.0000366346710332
4844.478832,0.9994688111307877
4844.719886,1.0010129126498677
4844.96094,1.0000838625162642
4845.201994,1.0000586247183616
4845.443048,0.9985923916113307
4845.684102,0.9994827638127806
4845.925156,1.0003942777070303
4846.16621,1.0001700644593208
4846.407264,0.9993236688151115
4846.648318,0.9998146071873718
4846.889372,0.9997748153578684
4847.130426,1.0012264514772422
4847.37148,1.000732287992028
4847.612534,1.0007103021451762
4847.853588,0.9995331889901793
4848.094642,0.9999446405323918
4848.335696,0.999795530906655
4848.57675,1.000626546198122
4848.817804,1.0008784055723987
4849.058858,1.0006454782314727
4849.299912,1.001540084714246
4849.540966,1.0006669923405305
4849.78202,0.9994535293694948
4850.023074,1.000070594491674
4850.264128,0.9997399438204718
4850.505182,1.0000838235129943
4850.746236,1.000847829204165
4850.98729,0.9994846028627579
4851.228344,1.0006596274585695
4851.469398,0.999928576550776
4851.710452,1.0002680859286115
4851.951506,0.9997601887593135
4852.19256,0.9992959979258272
4852.433614,1.0006260258724533
4852.674668,0.9993984609971742
4852.915722,1.0011497604683621
4853.156776,0.9993352210634949
4853.39783,1.0004296422698122
4853.638884,0.9999531830959455
4853.879938,0.9992142888327986
4854.120992,1.000412485048571
4854.362046,1.0003447994296628
4854.6031,1.000967097337347
4854.844154,1.0003461498960537
4855.085208,0.999818896401237
4855.326262,0.9979758513574992
4855.567316,1.001628724934015
4855.80837,1.00095526597618
4856.049424,1.0006040123420339
4856.290478,0.9997049835259207
4856.531532,1.0003585342580483
4856.772586,0.9995187158543885
4857.01364,1.0005112506440845
4857.254694,1.0009058500345414
4857.495748,1.000002494803112
4857.736802,1.0000208152166337
4857.977856,0.9987517796758612
4858.21891,1.0010988032424268
4858.459964,1.0003653967411317
4858.701018,1.0017631525287911
4858.942072,1.0015123424381316
4859.183126,0.9996950465077716
4859.42418,1.0001038153884445
4859.665234,1.0007194286647487
4859.906288,1.0004458393568356
4860.147342,1.0007167767617766
4860.388396,1.0009450662939872
4860.62945,1.0010074070939883
4860.870504,0.9997851630807567
4861.111558,1.0010073069932526
4861.352612,1.0009047890749025
4861.593666,1.0003576639465022
4861.83472,1.0004945922704427
4862.075774,1.0010711732967523
4862.316828,1.0003967286760131
4862.557882,1.0003583742006958
4862.798936,1.0014563594629282
4863.03999,1.0005748051371948
4863.281044,1.0005839104093504
4863.522098,0.9996328474170116
4863.763152,0.999641394314395
4864.004206,1.0007849178869446
4864.24526,1.0005730141098965
4864.486314,1.0003151196397657
4864.727368,1.0004116447024365
4864.968422,1.00000805483244
4865.209476,1.0005935260669325
4865.45053,0.9997322258578969
4865.691584,1.0000448860073468
4865.932638,0.999610885724604
4866.173692,0.9997648676479455
4866.414746,0.9991507208418623
4866.6558,1.0001920884466236
4866.896854,1.0002861109219245
4867.137908,1.0016744002452613
4867.378962,1.0008298040970776
4867.620016,1.00082772237325
4867.86107,1.000812820159411
4868.102124,1.0010121118398578
4868.343178,0.9999241028803322
4868.584232,0.9995933327115666
4868.825286,1.0012632972886153
4869.06634,1.0001499912475624
4869.307394,1.0000750468158714
4869.548448,1.0001131263983085
4869.789502,1.0005681713482277
4870.030556,0.9999495972702602
4870.27161,1.0002136728247868
4870.512664,1.000439546572297
4870.753718,1.0010115112327709
4870.994772,1.0002930729374844
4871.235826,1.0010735758704512
4871.47688,1.000644307476948
4871.717934,1.0012226468239553
4871.958988,1.0005717333772581
4872.200042,1.0004994847009607
4872.441096,1.000562017872896
4872.68215,1.0007993793334917
4872.923204,1.0007400236825126
4873.164258,1.0001063656564253
4873.405312,1.0003380471250558
4873.646366,0.9990272833958076
4873.88742,1.0003393175551822
4874.128474,1.0006341409824298
4874.369528,0.999583146907403
4874.610582,1.0002571230504662
4874.851636,1.0007729285554445
4875.09269,1.0019392779719785
4875.333744,1.0008226882224673
4875.574798,1.0005157229393704
4875.815852,1.0007271542485587
4876.056906,1.0001327688129988
4876.29796,1.0002118224312035
4876.539014,1.0004382560061142
4876.780068,1.0006186712981913
4877.021122,1.0008125999806148
4877.262176,1.0002666755516045
4877.50323,1.0000345085954079
4877.744284,0.9998063187586338
4877.985338,1.001258491236323
4878.226392,1.001283623139857
4878.467446,1.0018484062005635
4878.7085,1.0007021664034916
4878.949554,1.0005687816949984
4879.190608,1.0012665013362931
4879.431662,1.0006848143783686
4879.672716,1.000161082972469
4879.91377,1.000607164249637
4880.154824,1.001461967634244
4880.395878,0.9995851560715475
4880.636932,1.0012262512319718
4880.877986,0.9993201811815933
4881.11904,1.00151134092629
4881.360094,0.9998336638353941
4881.601148,1.0008624316805177
4881.842202,1.0005348029561343
4882.083256,1.0021528139835683
4882.32431,1.000959259795659
4882.565364,1.0003385773043612
4882.806418,0.9992239213049714
4883.047472,1.0004166967939987
4883.288526,0.9997429630396613
4883.52958,1.0008342778163006
4883.770634,0.9996172532662266
4884.011688,1.0013673339498146
4884.252742,1.0002703165289302
4884.493796,1.0019426845713149
4884.73485,0.9998091982049783
4884.975904,1.0013563189697237
4885.216958,1.0006860652351686
4885.458012,1.0012400682495761
4885.699066,0.9998901460343889
4885.94012,1.0001418000526772
4886.181174,1.0000441489745373
4886.422228,0.999789722111495
4886.663282,1.0013850583084856
4886.904336,0.9991340651381716
4887.14539,0.999136772795157
4887.386444,1.0005318313721823
4887.627498,1.0006574660361085
4887.868552,0.9994646033759501
4888.109606,1.0004560639655615
4888.35066,0.9998791772996505
4888.591714,0.9992787302401763
4888.832768,1.000604852849757
4889.073822,0.999827394897975
4889.314876,0.9997653475351972
4889.55593,1.0013243762126383
4889.796984,1.0009373390279026
4890.038038,1.0008270017775494
4890.279092,1.000036081650927
4890.520146,1.0013530144993235
4890.7612,1.0005002250708535
4891.002254,1.0011557673849456
4891.243308,1.0009094833293715
4891.484362,1.001166579925621
4891.725416,1.0005302105119285
4891.96647,0.9998871763650651
4892.207524,1.0001487610638298
4892.448578,0.9999247588307588
4892.689632,1.0005803983659884
4892.930686,0.9999747413190059
4893.17174,1.0003029958939857
4893.412794,1.0004220390334233
4893.653848,1.0009856554393648
4893.894902,1.001646053260846
4894.135956,1.0001165967968781
4894.37701,0.9995513406777082
4894.618064,1.0015550077726847
4894.859118,1.0013218729048268
4895.100172,0.9992750529012153
4895.341226,0.9999582358721455
4895.58228,1.000991921629181
4895.823334,1.0002818697178055
4896.064388,1.0004475201072576
4896.305442,1.0017513317933338
4896.546496,1.0003781314736886
4896.78755,1.0018519126761216
4897.028604,1.0001528816852139
4897.269658,0.9997625881866459
4897.510712,1.0003322551845306
4897.751766,1.000310698256708
4897.99282,1.000382323066841
4898.233874,0.999703374002193
4898.474928,1.0017326993918443
4898.715982,1.0016200108020146
4898.957036,1.0003928371403077
4899.19809,0.9990858580825333
4899.439144,1.0006280771579088
4899.680198,1.000410324159937
4899.921252,1.000099715971307
4900.162306,1.0003744500889387
4900.40336,1.0020182338979053
4900.644414,1.0003778613716297
4900.885468,0.998900904448454
4901.126522,1.000109525997534
4901.367576,1.0003912365130487
4901.60863,1.0000907851207197
4901.849684,1.0006789103553808
4902.090738,0.999627399432839
4902.331792,1.0002231648975817
4902.572846,0.9996553793953269
4902.8139,0.9996716439206612
4903.054954,0.9995772094011448
4903.296008,1.0002569029939234
4903.537062,1.0003573338285277
4903.778116,0.9990511604332102
4904.01917,0.9994599858601491
4904.260224,0.9993407873761784
4904.501278,1.0001422501165884
4904.742332,1.0007943953649927
4904.983386,1.0014153005939028
4905.22444,1.0008207266119207
4905.465494,0.9998508511237997
4905.706548,1.0002903821527371
4905.947602,0.99956024671983
4906.188656,1.0003995598027613
4906.42971,1.0003708787585266
4906.670764,0.9986400256044723
4906.911818,0.9997600887832997
4907.152872,1.0000240202884825
4907.393926,0.9998434022627058
4907.63498,1.0003982092642674
4907.876034,1.0003507014813906
4908.117088,0.9997980903864903
4908.358142,0.999612195215722
4908.599196,0.9994451040117552
4908.84025,1.0008563364468688
4909.081304,1.0007404740156247
4909.322358,1.000510110061909
4909.563412,1.0002696863588292
4909.804466,0.9999375269515222
4910.04552,0.9998396328601847
4910.286574,0.9991159609929353
4910.527628,0.9988183986412833
4910.768682,1.000546199112441
4911.009736,1.000314009290599
4911.25079,1.0001342890159628
4911.491844,1.000060515831009
4911.732898,1.0004433282409304
4911.973952,1.0004519320905498
4912.215006,1.0000277373846742
4912.45606,1.0008596693040184
4912.697114,0.9994769468400225
4912.938168,1.0008670556756336
4913.179222,0.9999577588921807
4913.420276,0.9995751902572211
4913.66133,0.9996276193508911
4913.902384,1.0006587768982478
4914.143438,0.9996159337723232
4914.384492,1.000193268673984
4914.625546,1.0011593715521958
4914.8666,0.999751310928255
4915.107654,1.0010572585041515
4915.348708,1.0010014010675639
4915.589762,1.0000663121985567
4915.830816,1.0001585725713011
4916.07187,1.0000992939293158
4916.312924,1.0001979795953737
4916.553978,0.998770456508769
4916.795032,1.000630418630349
4917.036086,1.0004649080362578
4917.27714,1.0005715432686468
4917.518194,0.99977334568997
4917.759248,0.9997846231969144
4918.000302,1.0011066118435454
4918.241356,0.9979483076041074
4918.48241,0.9996324675566018
4918.723464,1.0000091106415017
4918.964518,1.0003403278984033
4919.205572,0.999989347056743
4919.446626,1.0012406689937974
4919.68768,0.9996981955521278
4919.928734,1.0021234513362833
4920.169788,0.9990893648800495
4920.410842,1.0001054455589922
4920.651896,0.999986664088924
4920.89295,1.0001321987374832
4921.134004,1.0006009404924312
4921.375058,0.9995768895364889
4921.616112,0.9992615328012133
4921.857166,1.0003676275584539
4922.09822,1.0011689827282964
4922.339274,1.0002451400419106
4922.580328,1.0015528043540913
4922.821382,1.00000465831085
4923.062436,1.0001120362755949
4923.30349,0.9999310903743773
4923.544544,1.0009375992716447
4923.785598,1.0003641462851673
4924.026652,1.0001633533407042
4924.267706,0.9992981164355885
4924.50876,0.9989932071563445
4924.749814,1.0006709449829565
4924.990868,0.999325737417247
4925.231922,0.9992060153727392
4925.472976,1.0004810356605636
4925.71403,1.0006874661966405
4925.955084,0.9999553839953236
4926.196138,1.000001243300773
4926.437192,0.9998773375236568
4926.678246,0.9997683668311058
4926.9193,0.9999988524006584
4927.160354,1.0005425371200536
4927.401408,0.9996366660217824
4927.642462,1.0001449505043092
4927.883516,1.0006149289913586
4928.12457,1.0001139164879904
4928.365624,1.000102755278962
4928.606678,0.9998000499926678
4928.847732,1.0004178172613265
4929.088786,1.0005068183890615
4929.32984,0.9999115599110553
4929.570894,1.0005660801629348
4929.811948,1.0002457301867171
4930.053002,1.00018027624781
4930.294056,1.000668003014703
4930.53511,1.0002586434424487
4930.776164,1.0009818116618279
4931.017218,1.0002645849964373
4931.258272,0.9998508011312585
4931.499326,1.0007150955590038
4931.74038,1.0001407899099692
4931.981434,1.0015064335327426
4932.222488,0.9990791942020839
4932.463542,0.9996791014989416
4932.704596,1.0006349514964124
4932.94565,0.99971563044069
4933.186704,1.0004840671226942
4933.427758,0.999855300469987
4933.668812,0.9993754051406293
4933.909866,0.9989815190041966
4934.15092,1.0004998548858386
4934.391974,1.000832416266275
4934.633028,1.0004813858289874
4934.874082,0.9994001899580073
4935.115136,1.0003349660886154
4935.35619,0.999302183587199
4935.597244,0.9999395368279713
4935.838298,1.0005956473274564
4936.079352,1.0007096616907878
4936.320406,0.9997545701228411
4936.56146,0.9985769135492161
4936.802514,0.9996655859288548
4937.043568,0.9998520609440615
4937.284622,1.0020359697776073
4937.525676,0.9997677469749106
4937.76673,1.0000621259297358
4938.007784,0.9997307362579901
4938.248838,0.9993310438510012
4938.489892,0.9997507610651852
4938.730946,1.0002727671942078
4938.972,1.0006191015643124
4939.213054,1.00001116606234
4939.454108,0.9998993150690679
4939.695162,0.9997998500326778
4939.936216,0.9993012742226257
4940.17727,1.0011121179450524
4940.418324,1.0003773011601842
4940.659378,1.0011134193916518
4940.900432,1.0006361722717978
4941.141486,0.9996374357423115
4941.38254,0.9998475116275339
4941.623594,0.999201239179401
4941.864648,1.000815172072302
4942.105702,1.0009431244624423
4942.346756,1.0006390541081238
4942.58781,1.0000812933041217
4942.828864,0.9999506252189746
4943.069918,1.0004516419595315
4943.310972,0.9991444561864824
4943.552026,0.9987943274079356
4943.79308,0.9985436614916448
4944.034134,0.999964742621556
4944.275188,0.9988421708020586
4944.516242,1.0004128652053874
4944.757296,1.0013961737443233
4944.99835,1.001129136995719
4945.239404,1.001241469986653
4945.480458,1.0003021056247154
4945.721512,0.9999110269583359
4945.962566,1.0000367796763556
4946.20362,0.9999413017228113
4946.444674,0.9995889944859165
4946.685728,0.999709862098144
4946.926782,1.0002831400765868
4947.167836,1.0002273958505177
4947.40889,1.0003177404688124
4947.649944,0.9992796995410148
4947.890998,1.0005977285685674
4948.132052,1.0006215931089772
4948.373106,0.9995771894096008
4948.61416,1.0001871775155255
4948.855214,1.0002768083043503
4949.096268,0.9990544473169349
4949.337322,1.0013764464340154
4949.578376,1.0001814164539748
4949.81943,0.9986928550591536
4950.060484,1.0008680165084682
4950.301538,0.9997571294978166
4950.542592,1.0004362151141537
4950.783646,0.9987784467043818
4951.0247,1.0002111122810617
4951.265754,0.9995190956715727
4951.506808,1.000672225842586
4951.747862,0.9998334938636857
4951.988916,1.0002288261767163
4952.22997,1.0004074930027258
4952.471024,1.0004994546859767
4952.712078,0.9991138128959284
4952.953132,0.9991461547335017
4953.194186,0.9995941923622024
4953.43524,0.9995853359968918
4953.676294,1.000502796359736
4953.917348,0.9992208936610768
4954.158402,0.999231705289637
4954.399456,1.0006909886227209
4954.64051,1.0003214816641577
4954.881564,0.9996597578954776
4955.122618,0.9998381031067167
4955.363672,0.9999534520833879
4955.604726,0.9997044436853755
4955.84578,0.9997171600067747
4956.086834,1.0001740951528024
4956.327888,0.9992308359584315
4956.568942,1.000157962474758
4956.809996,1.0000546824950332
4957.05105,0.9988162012432235
4957.292104,0.998966034910654
4957.533158,1.0006723559299837
4957.774212,1.0008542846934823
4958.015266,0.9989382640409005
4958.25632,1.0005521023524302
4958.497374,0.9999015158498823
4958.738428,0.9998841167149867
4958.979482,0.9999477453653209
4959.220536,0.9999034856578088
4959.46159,1.0000516123318706
4959.702644,0.9996167834462281
4959.943698,1.0004562540522317
4960.184752,0.9995761598456259
4960.425806,0.9995548491090712
4960.66686,1.0021099227610084
4960.907914,1.0003024457274892
4961.148968,0.9997654175187739
4961.390022,1.0000866297521402
4961.631076,0.9996371558438687
4961.87213,1.000037724711559
4962.113184,0.99957556010011
4962.354238,0.9990528887932127
4962.595292,0.9999804731906506
4962.836346,1.0002701564856924
4963.0774,1.0000660821833314
4963.318454,0.9995056022548618
4963.559508,1.0000089671402046
4963.800562,0.9991938850853437
4964.041616,1.000828202770672
4964.28267,1.0001139564925479
4964.523724,1.0003975289937161
4964.764778,1.0007003351202028
4965.005832,1.0008004301733917
4965.246886,0.9995812976802917
4965.48794,1.0000892579832568
4965.728994,1.0000806282502828
4965.970048,0.998933069575433
4966.211102,0.9999591998323495
4966.452156,0.9994312517986097
4966.69321,1.0002816696614516
4966.934264,1.0005843606722113
4967.175318,1.0005705827204263
4967.416372,1.0005868121068981
4967.657426,1.0008188250543466
4967.89848,0.9998241454642218
4968.139534,0.9993847293566567
4968.380588,0.9993716574898869
4968.621642,0.9992743034452067
4968.862696,1.0000589767390595
4969.10375,0.9999785262305647
4969.344804,0.9995292608324654
4969.585858,0.9998152670652303
4969.826912,1.00032445262337
4970.067966,0.9996140245077131
4970.30902,0.9991239339701162
4970.550074,0.9996936669295593
4970.791128,1.0005781970915335
4971.032182,1.0000222602477555
4971.273236,0.9998889461669335
4971.51429,1.000434804500085
4971.755344,1.0004631272103064
4971.996398,1.0008047036003522
4972.237452,0.9995522202832751
4972.478506,0.9998968653187469
4972.71956,1.000819035226322
4972.960614,0.9994945577789778
4973.201668,0.9993793027123096
4973.442722,0.9996913076552894
4973.683776,1.0008460877304572
4973.92483,1.000247980742142
4974.165884,0.9999695094648459
4974.406938,1.0000898220337573
4974.647992,0.9999208921291927
4974.889046,1.0002570630350407
4975.1301,0.9999103260209516
4975.371154,1.0003218317767377
4975.612208,1.0000944454596916
4975.853262,1.000522506458968
4976.094316,0.9987717549112064
4976.33537,0.9999437475822266
4976.576424,1.0000184571703314
4976.817478,0.9983263021969557
4977.058532,0.9992013790675842
4977.299586,1.000334545948018
4977.54064,1.0004811056942386
4977.781694,1.0008500310718111
4978.022748,1.0008020514714018
4978.263802,1.0007288154570135
4978.504856,1.0001274881259206
4978.74591,0.9991140127187109
4978.986964,0.9996391151346142
4979.228018,0.9999080592268119
4979.469072,1.0013934699783043
4979.710126,0.9992879136539049
4979.95118,0.9996133847549421
4980.192234,0.9984055724523376
4980.433288,1.0000121600739331
4980.674342,1.0004776440356016
4980.915396,0.9999370329825059
4981.15645,0.9996615073015845
4981.397504,1.0007464984914118
4981.638558,0.9993458340598975
4981.879612,0.9984176532328528
4982.120666,1.0002302365003555
4982.36172,0.9991625208815546
4982.602774,1.0002391485914661
4982.843828,0.9994095443875639
4983.084882,0.9992652400683769
4983.325936,1.0005335122670709
4983.56699,0.9995891944037354
4983.808044,1.000104305439434
4984.049098,1.000162653226602
4984.290152,0.999342566204363
4984.531206,0.9996192125179632
4984.77226,0.9987427909502934
4985.013314,1.0021792711670907
4985.254368,0.9998303243965337
4985.495422,1.000096375643834
4985.736476,1.0010052048801152
4985.97753,0.9998016796680774
4986.218584,0.998903002142556
4986.459638,0.9987328035723209
4986.700692,1.0002201942391933
4986.941746,1.0000202022040618
4987.1828,0.9989638371877948
4987.423854,0.9997958708371932
4987.664908,1.0001731649913266
4987.905962,0.9984882438562855
4988.147016,0.9992888729707625
4988.38807,1.0000006415002058
4988.629124,1.000155712121874
4988.870178,0.9999591218355349
4989.111232,1.0007726883699704
4989.352286,1.0007582373166872
4989.59334,1.0007012657719472
4989.834394,1.0001860973139571
4990.075448,0.9994935982646629
4990.316502,1.0003056066882121
4990.557556,1.0009536244108899
4990.79861,0.9995231237416448
4991.039664,0.9992990257972881
4991.280718,0.9999866290893914
4991.521772,1.000212142499038
4991.762826,0.998825789924781
4992.00388,0.9996471322724663
4992.244934,0.9993656612779306
4992.485988,1.0000493652184224
4992.727042,0.9997083025519756
4992.968096,1.000606774012919
4993.20915,0.9990531885091244
4993.450204,0.9990374535453185
4993.691258,0.9985101109882702
4993.932312,1.001083286331233
4994.173366,1.0001717747515935
4994.41442,1.000739773497538
4994.655474,1.001726989531731
4994.896528,0.9998402927545601
4995.137582,1.0000190781819862
4995.378636,1.0006716154327142
4995.61969,0.9997124313557911
4995.860744,0.9995657543119628
4996.101798,0.9994585266496349
4996.342852,1.0004960429886531
4996.583906,0.9996150641068391
4996.82496,0.9989344680827094
4997.066014,0.999096098765062
4997.307068,1.0000938324019846
4997.548122,0.9996735133083832
4997.789176,1.0002116824015583
4998.03023,1.0011362450378252
4998.271284,0.9985799092844504
4998.512338,0.9990015787544975
4998.753392,0.9998673388002752
4998.994446,1.000948179237984
4999.2355,1.000084553574452
4999.476554,0.9997685267940574
4999.717608,1.0003686179228952
4999.958662,1.0004475401162083
5000.199716,1.0005917950416299
5000.44077,0.9984984284883144
5000.681824,0.9990618103753445
5000.922878,0.9979742545974145
5001.163932,0.9996156138952755
5001.404986,1.000639864626086
5001.64604,0.9982555233712689
5001.887094,1.000902206743878
5002.128148,0.9997991001830715
5002.369202,1.0011144205055718
5002.610256,0.9981451224156694
5002.85131,0.998851160422049
5003.092364,0.9985125074154123
5003.333418,0.999136523010995
5003.574472,0.9989408612837634
5003.815526,1.0001104761020352
5004.05658,1.000655134506929
5004.297634,1.0003255729873846
5004.538688,0.999457447235009
5004.779742,0.9986488136753651
5005.020796,0.9989406614956111
5005.26185,0.9986050738152361
5005.502904,1.0001600027990827
5005.743958,0.998910693725285
5005.985012,0.9990209296024902
5006.226066,0.9980939188842713
5006.46712,0.9992642208183519
5006.708174,0.9995407954666902
5006.949228,0.9987911312712018
5007.190282,0.999829434547941
5007.431336,0.9989688320194677
5007.67239,1.000427711442466
5007.913444,0.9983210110815754
5008.154498,1.0010146143732657
5008.395552,0.9990205000235829
5008.636606,0.9995311499445536
5008.87766,1.0001738751145257
5009.118714,0.9994437147840262
5009.359768,0.9989433586390383
5009.600822,0.9989133907877991
5009.841876,1.0008401227055501
5010.08293,1.0001832867949725
5010.323984,0.9989153886165785
5010.565038,0.9990167437135646
5010.806092,0.9989669339804901
5011.047146,0.9997329456653586
5011.2882,0.9995283212754018
5011.529254,0.9993017938594234
5011.770308,1.0005981488197015
5012.011362,0.9994397969723431
5012.252416,0.9992346330428227
5012.49347,0.9987251133593408
5012.734524,1.0000723896200021
5012.975578,0.9993733564231487
5013.216632,1.0006180809333494
5013.457686,1.000344499326268
5013.69874,1.000372749453819
5013.939794,1.0008694977942287
5014.180848,1.0004951525475712
5014.421902,1.0005254580047156
5014.662956,0.9989487529477395
5014.90401,0.9995660141990927
5015.145064,0.9994203680515397
5015.386118,0.9994624545293629
5015.627172,1.0006815321375604
5015.868226,0.9981369376592232
5016.10928,0.9993811815471648
5016.350334,1.0003846939757561
5016.591388,0.9992898622672365
5016.832442,0.9996846497333512
5017.073496,1.0005678411607857
5017.31455,0.999724777880558
5017.555604,0.9994446542615596
5017.796658,0.9990268737947053
5018.037712,0.9976299131016955
5018.278766,0.9987261120849534
5018.51982,0.9992349228209082
5018.760874,0.998805214325438
5019.001928,1.0007348698846616
5019.242982,0.9995736709040867
5019.484036,0.9983027419742355
5019.72509,1.0000545024852066
5019.966144,0.9989345679761612
5020.207198,0.9996078868964451
5020.448252,0.9995370372003647
5020.689306,0.9985978838845884
5020.93036,0.9987604688541423
5021.171414,0.9991948343199853
5021.412468,0.9987582715835277
5021.653522,1.0007469087975602
5021.894576,0.9984586890416808
5022.13563,0.9981667823998358
5022.376684,1.000306917089415
5022.617738,0.9991428875309175
5022.858792,0.9992692571227163
5023.099846,0.9995237434461736
5023.3409,1.0009196125845967
5023.581954,0.9990381628621623
5023.823008,0.9980598844619276
5024.064062,0.9993051615121432
5024.305116,1.000400570206827
5024.54617,0.998426639032168
5024.787224,0.9969875465710157
5025.028278,0.9987559744421448
5025.269332,0.9982857709718759
5025.510386,0.9997293166413526
5025.75144,0.9987307062356355
5025.992494,0.9998338338071313
5026.233548,0.9980283462678847
5026.474602,1.001417103143066
5026.715656,0.9992897423524602
5026.95671,0.9987040404817685
5027.197764,0.9994142216351763
5027.438818,0.9996076070062759
5027.679872,0.999766037373525
5027.920926,0.9982144959123784
5028.16198,0.9996259199853826
5028.403034,0.999419568515565
5028.644088,0.9977147152483492
5028.885142,0.9993581260892522
5029.126196,0.9995987405261246
5029.36725,0.9998652390810685
5029.608304,0.9991930357709022
5029.849358,0.9998399228137202
5030.090412,0.9990265141450955
5030.331466,0.9999872100817917
5030.57252,0.998672481932717
5030.813574,0.9991701844874796
5031.054628,0.9986027770262076
5031.295682,0.999302453398825
5031.536736,0.9988724361783521
5031.77779,1.000380082212947
5032.018844,0.9991756099963116
5032.259898,0.9987799448731755
5032.500952,1.0000619419183214
5032.742006,0.9990103000763485
5032.98306,0.999618632738988
5033.224114,1.000460636060221
5033.465168,0.9986945528384503
5033.706222,0.9997476718401064
5033.947276,0.9999511551929464
5034.18833,0.9992733441423359
5034.429384,0.9993588356337737
5034.670438,0.9999640416465171
5034.911492,0.9996203620807185
5035.152546,0.9986206521758985
5035.3936,1.0008147517300179
5035.634654,0.9977601123006682
5035.875708,1.0006652111548693
5036.116762,0.9991064594453262
5036.357816,0.9990191513468182
5036.59887,0.9985956869716605
5036.839924,0.9970860538067943
5037.080978,0.9991765791971234
5037.322032,1.000261454173186
5037.563086,0.9992643407300655
5037.80414,0.9989714293418075
5038.045194,0.9981476177815947
5038.286248,1.000165143634709
5038.527302,0.9985941890792533
5038.768356,0.9994891605229383
5039.00941,0.9990259846611833
5039.250464,0.9986089683826184
5039.491518,0.9994476825834498
5039.732572,0.9993270165550096
5039.973626,0.9997267773321132
5040.21468,0.999199240778921
5040.455734,1.0001373994384384
5040.696788,0.9996264697797899
5040.937842,0.9978184829745633
5041.178896,0.9991030425070779
5041.41995,0.9992156477651555
5041.661004,0.9999676365237086
5041.902058,1.0002678958776932
5042.143112,1.0000258403338558
5042.384166,0.9994896002982658
5042.62522,1.0001526916561845
5042.866274,0.9995809578227083
5043.107328,0.9998307143304362
5043.348382,1.000766443567879
5043.589436,0.9990520695701799
5043.83049,0.9998332139103465
5044.071544,0.9992546379204243
5044.312598,0.9999570359229824
5044.553652,0.9991131035253731
5044.794706,0.998856654118539
5045.03576,0.999157615005621
5045.276814,0.9996380255285726
5045.517868,1.0011250323746719
5045.758922,1.0002918425777614
5045.999976,0.9985452591627813
5046.24103,1.0009502311838547
5046.482084,0.9995886546257162
5046.723138,0.999662866842159
5046.964192,0.9998447220568679
5047.205246,0.9983884000241747
5047.4463,1.0001619931194685
5047.687354,1.0013047504471975
5047.928408,0.9987493826744663
5048.169462,0.9995727912796433
5048.410516,0.9986107658803792
5048.65157,0.9995461230333279
5048.892624,0.9991796566657266
5049.133678,0.9990501913540546
5049.374732,1.000144890495614
5049.615786,0.9992113211707678
5049.85684,1.000521776077805
5050.097894,0.9992603336880934
5050.338948,0.9990623498688678
5050.580002,0.9993639223831928
5050.821056,0.9990046357040056
5051.06211,1.0006802512660191
5051.303164,0.9995886046462847
5051.544218,0.9998741879150043
5051.785272,1.000223935069715
5052.026326,1.001409492402003
5052.26738,0.9992371211401566
5052.508434,1.0005447183051621
5052.749488,0.9994411861946264
5052.990542,0.9989503512670229
5053.231596,1.0001423801350895
5053.47265,0.9991068790701273
5053.713704,0.9993150346959124
5053.954758,1.0003079574091498
5054.195812,0.99931698336213
5054.436866,0.9992406684382331
5054.67792,0.9990601019811094
5054.918974,1.000553262993542
5055.160028,0.9995371971263035
5055.401082,0.9995758099940312
5055.642136,0.9994743981770576
5055.88319,0.9992580054142284
5056.124244,1.0003949279635223
5056.365298,0.9988770310021265
5056.606352,0.9988683408097592
5056.847406,1.0013374936478856
5057.08846,1.0004682896133619
5057.329514,1.0015618183698936
5057.570568,1.0002968040376048
5057.811622,0.9993384689082411
5058.052676,1.000146840780052
5058.29373,1.000669944312512
5058.534784,1.0002506113977907
5058.775838,0.9992390796468333
5059.016892,1.0004585150859209
5059.257946,1.0003039261762043
5059.499,1.0014183048443108
5059.740054,0.9994518402944574
5059.981108,1.001690928009219
5060.222162,0.9993774438685353
5060.463216,1.0008208266939984
5060.70427,0.9999877140754726
5060.945324,1.000042396898723
5061.186378,0.9998377431650644
5061.427432,1.0007792634681323
5061.668486,1.0006026415154758
5061.90954,1.0010108105249582
5062.150594,1.000205561124793
5062.391648,1.000008214033735
5062.632702,1.0003610051466796
5062.873756,0.999439267269391
5063.11481,1.0024506980632657
5063.355864,1.0007085208824238
5063.596918,0.9993477927796518
5063.837972,1.0002129626733312
5064.079026,1.0006115969491929
5064.32008,1.0007890711529717
5064.561134,1.000401180451361
5064.802188,0.9990297010447587
5065.043242,1.0001164367782356
5065.284296,1.000482066156561
5065.52535,1.0000500622530728
5065.766404,0.9999154315761107
5066.007458,0.9995483320327008
5066.248512,1.0006100159841187
5066.489566,1.0010666684866083
5066.73062,1.0002755479563659
5066.971674,1.0001603928615597
5067.212728,0.9996164935574029
5067.453782,1.0008221978194702
5067.694836,1.0009742242484518
5067.93589,0.9998506511536495
5068.176944,1.0013446031693292
5068.417998,1.0006881866918755
5068.659052,1.0013391959230717
5068.900106,0.9997134210715881
5069.14116,1.0010152149822145
5069.382214,0.9996684749665727
5069.623268,0.9989902101812185
5069.864322,1.000018806176834
5070.105376,1.0018938911507056
5070.34643,1.0009858256069406
5070.587484,1.000310208104586
5070.828538,1.0005047573471386
5071.069592,1.0012951379677333
5071.310646,0.9998491513787976
5071.5517,1.0007788231253532
5071.792754,1.0000220742436325
5072.033808,0.9991931356902108
5072.274862,1.0004596756184716
5072.515916,0.9996424639312592
5072.75697,0.9993027931617169
5072.998024,1.0013014461469731
5073.239078,0.9997598488409072
5073.480132,1.000777692245922
5073.721186,1.0024631285289904
5073.96224,0.9996457027780893
5074.203294,0.9998455119345103
5074.444348,1.0016970383425163
5074.685402,1.0001543219064004
5074.926456,0.9993300245338563
5075.16751,1.0008524731488664
5075.408564,0.9996408944938228
5075.649618,0.9993688392657865
5075.890672,1.0019528042435333
5076.131726,0.9998385030420379
5076.37278,1.0013268795267078
5076.613834,0.999144146451749
5076.854888,0.9993879673684254
5077.095942,0.9998433722674043
5077.336996,1.0004707807825044
5077.57805,0.9999277376110522
5077.819104,0.9984489041944741
5078.060158,1.0001804462784716
5078.301212,1.0006537636103336
5078.542266,1.000246590398415
5078.78332,1.001044445053249
5079.024374,1.0016565705996212
5079.265428,0.9997109717767069
5079.506482,1.0015212559376443
5079.747536,1.0007357205096625
5079.98859,1.0017839894190665
5080.229644,0.9984974299903852
5080.470698,0.9996893382653531
5080.711752,1.0012176407232365
5080.952806,1.0010971013759078
5081.19386,0.9989462555789789
5081.434914,1.0003716390406834
5081.675968,1.002150308604665
5081.917022,0.9998973952642259
5082.158076,1.0014969192668168
5082.39913,1.000667302547346
5082.640184,1.001246876705189
5082.881238,0.9992184355807018
5083.122292,0.9985858009232954
5083.363346,1.0001073257589972
5083.6044,1.0012508817007058
5083.845454,1.0007889710740696
5084.086508,0.9998689485879866
5084.327562,1.0011657789926776
5084.568616,1.0008922177896997
5084.80967,1.0021122276164813
5085.050724,1.0005932759185825
5085.291778,1.0007056588601468
5085.532832,1.0014481475544494
5085.773886,0.9994524799438399
5086.01494,1.0009633937659386
5086.255994,0.999908567180235
5086.497048,1.0002154432045545
5086.738102,1.0008375105162386
5086.979156,0.9991436069140556
5087.22021,1.0000597397843498
5087.461264,1.0000106500567114
5087.702318,0.9997709462368197
5087.943372,0.9999840711268658
5088.184426,1.0004813758241735
5088.42548,1.0007911227726705
5088.666534,1.0006448778443657
5088.907588,0.9994449740839001
5089.148642,1.0000358396422246
5089.389696,1.001675702422828
5089.63075,1.0001073257589972
5089.871804,1.0007783727749842
5090.112858,1.0004857879567697
5090.353912,0.9999973867034146
5090.594966,1.0017671595894153
5090.83602,0.9993702283894385
5091.077074,1.0024136080736066
5091.318128,1.0009710811943224
5091.559182,0.9989123918749078
5091.800236,0.9983426748825673
5092.04129,1.000156472240504
5092.282344,0.9988602500089665
5092.523398,0.9999521781435015
5092.764452,0.9995670637439587
5093.005506,1.0010044040762716
5093.24656,0.9998225157521929
5093.487614,1.0006354017822419
5093.728668,1.0014307225082804
5093.969722,1.0005363537862808
5094.210776,1.0004782643319332
5094.45183,0.998185647930302
5094.692884,1.0011384475399872
5094.933938,1.0004201282291536
5095.174992,1.0009098136295553
5095.416046,0.9989112930718811
5095.6571,1.000286591059373
5095.898154,1.0012006201680195
5096.139208,0.999965313601587
5096.380262,1.0033651494447902
5096.621316,0.9984915388729271
5096.86237,0.9986750784845455
5097.103424,1.0004184275163812
5097.344478,1.0003124988175855
5097.585532,0.999180206214689
5097.826586,1.0004529825656299
5098.06764,1.0008532137799704
5098.308694,0.9990964684306869
5098.549748,1.00070479825365
5098.790802,1.0001935187223325
5099.031856,0.9997937012825076
5099.27291,0.9998945855564929
5099.513964,1.00034961109972
5099.755018,1.001138948109336
5099.996072,0.9999728833676625
5100.237126,1.0001770656742763
5100.47818,1.0003414382767835
5100.719234,1.0003393775755431
5100.960288,0.9994767069655841
5101.201342,0.9996094462859649
5101.442396,1.000597968712051
5101.68345,0.9998070686136541
5101.924504,0.9989514501130137
5102.165558,1.0006095957280003
5102.406612,1.00036344603051
5102.647666,0.9995050525269318
5102.88872,1.000070449481448
5103.129774,0.9997933613527069
5103.370828,1.0002400588095055
5103.611882,1.0005435376630911
5103.852936,0.99789711416905
5104.09399,0.99917760834953
5104.335044,1.0003097579650937
5104.576098,1.0004927013374503
5104.817152,0.999541715044645
5105.058206,1.0000048919119653
5105.29926,1.0013685355913362
5105.540314,0.999887266354915
5105.781368,0.9991820047406788
5106.022422,1.0000981318146116
5106.263476,1.0010497506028673
5106.50453,1.0001138564811571
5106.745584,1.0013528142287405
5106.986638,1.0011485590893705
5107.227692,1.0005352131754877
5107.468746,0.9999878130742612
5107.7098,1.000804553479658
5107.950854,1.0005477899821622
5108.191908,1.0005723137090319
5108.432962,0.999261662705221
5108.674016,1.0015488983057712
5108.91507,1.0009521730291868
5109.156124,1.0004125950939504
5109.397178,1.0009305727143611
5109.638232,1.0006750277287408
5109.879286,0.9999813441740221
5110.12034,1.0005833200650174
5110.361394,0.9987585712110542
5110.602448,1.0001304585089712
5110.843502,0.9995947421391593
5111.084556,0.9990990860668633
5111.32561,1.0001264679964028
5111.566664,1.0003507414954194
5111.807718,0.9992902519903587
5112.048772,1.0007766514376633
5112.289826,0.9990486628084312
5112.53088,1.0007834367263622
5112.771934,1.000940582070135
5113.012988,0.9994955872589025
5113.254042,1.0004154162614463
5113.495096,0.9992547278533458
5113.73615,1.0003230721765781
5113.977204,0.999522264152128
5114.218258,0.9994851425845892
5114.459312,1.0012799183973051
5114.700366,1.0000507142859258
5114.94142,0.9995646547902378
5115.182474,0.9991248931295532
5115.423528,1.001624417939758
5115.664582,0.9996362361781084
5115.905636,1.0002994148156705
5116.14669,1.0002472505613826
5116.387744,1.0010781808194915
5116.628798,0.9998086483100704
5116.869852,1.001033333521578
5117.110906,1.0001676740557233
5117.35196,1.0000369386822163
5117.593014,1.001125432824765
5117.834068,0.9998886761969544
5118.075122,1.0004080032106772
5118.316176,0.9989887116970271
5118.55723,1.0001339489703622
5118.798284,1.000093160339155
5119.039338,1.0004066626648511
5119.280392,0.9997459022882933
5119.521446,1.0006934603325155
5119.7625,1.0014877055375428
5120.003554,1.0003440491713447
5120.244608,1.0001847870710279
5120.485662,1.0010309310444605
5120.726716,0.9999120398687192
5120.96777,1.0003608250817149
5121.208824,0.9999217000655999
5121.449878,0.9988993062082855
5121.690932,1.0005148925116651
5121.931986,1.0007485600313222
5122.17304,1.0014485481337885
5122.414094,1.0004354847959833
5122.655148,0.9999791752168388
5122.896202,1.0005776267621238
5123.137256,0.9999092701162049
5123.37831,0.9988506609965937
5123.619364,1.0015360785619194
5123.860418,0.9995468127203908
5124.101472,1.0011803961197556
5124.342526,0.9978438278859099
5124.58358,0.999218065869949
5124.824634,0.9993042621379026
5125.065688,1.0002789789073794
5125.306742,0.9996690747678377
5125.547796,1.0011166229597195
5125.78885,1.0000451880209478
5126.029904,1.0011164227364149
5126.270958,1.0002255354292915
5126.512012,1.000419217847251
5126.753066,1.000765502847864
5126.99412,0.9996581984274716
5127.235174,0.9991050107420103
5127.476228,0.9992936795618014
5127.717282,0.9989485531580089
5127.958336,1.0009375592341416
5128.19939,1.0003025557607643
5128.440444,0.9999054924661184
5128.681498,1.0008142813471952
5128.922552,1.0007252928977828
5129.163606,1.0005905743203847
5129.40466,1.0007748100103186
5129.645714,1.0003553931371825
5129.886768,1.0009429042549791
5130.127822,1.0003440691782257
5130.368876,0.999472689077298
5130.60993,1.0009960757542755
5130.850984,1.0012739107358177
5131.092038,0.9982855713147417
5131.333092,0.9986646923177375
5131.574146,1.0004689999460996
5131.8152,0.9998377931569528
5132.056254,1.0009977774490508
5132.297308,1.0005726539036763
5132.538362,0.9997308062391441
5132.779416,0.9989999004332549
5133.02047,1.0009611416008362
5133.261524,0.9997100320488351
5133.502578,1.003000492493383
5133.743632,0.9991306481055119
5133.984686,1.0003287740343398
5134.22574,1.0003501712956593
5134.466794,1.0003051665538418
5134.707848,1.000488489272044
5134.948902,0.9996641764013723
5135.189956,1.0008073557363308
5135.43101,0.9990976074013102
5135.672064,1.0011464566796038
5135.913118,1.001000159826596
5136.154172,0.9992250504286405
5136.395226,0.999422776657529
5136.63628,1.000625425497018
5136.877334,1.0003741799878736
5137.118388,1.000589843889532
5137.359442,1.0012420707317151
5137.600496,1.0005438178153208
5137.84155,1.0008530936775921
5138.082604,1.000862341602903
5138.323658,1.0022465196523476
5138.564712,1.0000718025776818
5138.805766,1.000185847267464
5139.04682,1.00123726478131
5139.287874,1.0005251378366204
5139.528928,1.0010606621046165
5139.769982,0.9987600693500346
5140.011036,0.9992576157036822
5140.25209,1.0001002750272046
5140.493144,0.999970230443122
5140.734198,1.000642086049051
5140.975252,0.9995512007405303
5141.216306,1.0012698055211995
5141.45736,0.9999572799125289
5141.698414,0.9999572079156074
5141.939468,1.001377147397773
5142.180522,1.0007167367331062
5142.421576,1.000576105885287
5142.66263,1.000323582341475
5142.903684,0.999848631457374
5143.144738,0.9998545905729757
5143.385792,1.0009872570176948
5143.626846,0.9988237922751988
5143.8679,1.000071768575241
5144.108954,1.000045576038556
5144.350008,0.999914947617159
5144.591062,0.9990155448941915
5144.832116,1.000921043900666
5145.07317,1.0009391707449091
5145.314224,1.0013616261722782
5145.555278,1.0006079046992125
5145.796332,1.0010271271341498
5146.037386,1.0010856889340032
5146.27844,0.9989297731017426
5146.519494,1.000387475049071
5146.760548,0.9996847796923641
5147.001602,1.0002663654689832
5147.242656,1.0001462306906652
5147.48371,1.0010106103228162
5147.724764,0.9997531504723595
5147.965818,0.9996738531974355
5148.206872,1.0006369927937955
5148.447926,1.0012141364676266
5148.68898,0.9996582484103828
5148.930034,1.0005045872613443
5149.171088,1.000099245924551
5149.412142,1.0008470085092813
5149.653196,0.9997358548924635
5149.89425,0.9984409166351907
5150.135304,1.000149741210096
5150.376358,1.001289831117565
5150.617412,1.0003034560334696
5150.858466,1.000829744047291
5151.09952,1.0012575901040863
5151.340574,0.9999684544975699
5151.581628,1.0009843441490152
5151.822682,1.001187104050881
5152.063736,0.9998773275248835
5152.30479,1.0009140474870217
5152.545844,0.9990027176169464
5152.786898,1.000887803864752
5153.027952,1.0003929071678088
5153.269006,0.9999671935381438
5153.51006,0.9995418449850764
5153.751114,1.000971761854889
5153.992168,1.0018952938031351
5154.233222,0.9993275861715712
5154.474276,1.0001371894096065
5154.71533,0.9997280769777686
5154.956384,0.9989441577940449
5155.197438,1.0002047909668075
5155.438492,0.9997994401148232
5155.679546,1.0007025566774126
5155.9206,1.0011828990738745
5156.161654,0.9993428859940354
5156.402708,0.9996106658102333
5156.643762,0.9994069459261266
5156.884816,0.9998553804584143
5157.12587,1.0012377654000675
5157.366924,1.0015532049752933
5157.607978,1.0000043420094265
5157.849032,0.99979200163466
5158.090086,0.9986678880498661
5158.33114,0.9998613196170134
5158.572194,0.9995979608394111
5158.813248,1.0029058137158002
5159.054302,0.9990798635853683
5159.295356,1.0003867447664807
5159.53641,1.0007311671724932
5159.777464,1.0005852211751316
5160.018518,1.0012622960258186
5160.259572,1.0008985434485052
5160.500626,1.0007797738656867
5160.74168,1.000322291924886
5160.982734,1.0001637133995762
5161.223788,1.0007267439505096
5161.464842,1.000360054804176
5161.705896,1.001469779068056
5161.94695,1.00018012622078
5162.188004,1.0018043258404659
5162.429058,1.000443858476035
5162.670112,0.999689018364816
5162.911166,0.9992408582939781
5163.15222,1.0003372168448212
5163.393274,1.0013601241309655
5163.634328,1.0010705726542284
5163.875382,1.0012089301676532
5164.116436,1.0007945955238917
5164.35749,1.0008111588115085
5164.598544,0.9998180665518973
5164.839598,0.9993524997188407
5165.080652,0.9995930528254726
5165.321706,0.9996536200034074
5165.56276,1.000543687744633
5165.803814,0.9999784032332135
5166.044868,0.9998373532284206
5166.285922,1.0008371101813145
5166.526976,1.001104609632324
5166.76803,1.0000260353389137
5167.009084,1.0009049992649304
5167.250138,1.0000721095997722
5167.491192,1.0000878798612087
5167.732246,1.000120417249575
5167.9733,0.9999415367090448
5168.214354,1.0006039523057948
5168.455408,1.0002745276758271
5168.696462,1.000663339912674
5168.937516,0.9991169401270569
5169.17857,1.0008628520428273
5169.419624,1.000277618528893
5169.660678,1.0002640148457864
5169.901732,0.9998060688070853
5170.142786,1.0000819703593864
5170.38384,1.0011970158522745
5170.624894,1.0015690296409463
5170.865948,1.0010108105249582
5171.107002,0.9995047626705086
5171.348056,0.9997972905483379
5171.58911,0.9996681750660753
5171.830164,1.0004724715795528
5172.071218,1.0003667472353288
5172.312272,1.0002399987951038
5172.553326,0.9997522706899742
5172.79438,1.0009131666830475
5173.035434,1.0004468197942387
5173.276488,1.0009916914010655
5173.517542,1.0002534021008895
5173.758596,1.0000913761745482
5173.99965,1.000478394394116
5174.240704,1.0006234842855755
5174.481758,1.0006837136256783
5174.722812,0.9999667195538063
5174.963866,0.9988470651406867
5175.20492,1.0000623569441134
5175.445974,1.0011845009677947
5175.687028,1.0007918633583754
5175.928082,1.0005396955832833
5176.169136,1.0001664938585642
5176.41019,0.9995314198180005
5176.651244,1.0003690080667325
5176.892298,0.9998447120584207
5177.133352,1.0012104319821749
5177.374406,1.0008622615339189
5177.61546,1.0011812971825176
5177.856514,0.9999426096468893
5178.097568,1.0002453000811458
5178.338622,1.0009290412917564
5178.579676,1.0000142221011332
5178.82073,1.0004418575903187
5179.061784,1.0003874650451963
5179.302838,1.0008736814374735
5179.543892,0.999970401438046
5179.784946,0.9992323847674276
5180.026,0.999667935145742
5180.267054,0.9993538088714727
5180.508108,1.0000832644662934
5180.749162,1.0009602907842274
5180.990216,0.999717289970014
5181.23127,1.0016616790611579
5181.472324,0.9993090088444211
5181.713378,0.9991921864571829
5181.954432,0.9984064710177571
5182.195486,1.0000397697907972
5182.43654,0.9996060276275045
5182.677594,0.9997756351735532
5182.918648,0.9997011546631661
5183.159702,1.0005457688776678
5183.400756,1.0013351905742987
5183.64181,0.9992350227444056
5183.882864,1.0021918987054608
5184.123918,0.9994202880979134
5184.364972,1.0004752829111478
5184.606026,1.0003018255401652
5184.84708,0.9996174731820465
5185.088134,1.0008837602861924
5185.329188,1.001396073604711
5185.570242,1.0006598876301065
5185.811296,1.000311068371735
5186.05235,0.9987602691020684
5186.293404,1.0000949405065647
5186.534458,0.998196927491853
5186.775512,1.000226725698387
5187.016566,0.9990582836933785
5187.25762,1.0010144141703627
5187.498674,1.0011450550755456
5187.739728,0.9997988802272936
5187.980782,1.0005316612817854
5188.221836,1.000531991457288
5188.46289,1.0008832798621028
5188.703944,1.0000169891443138
5188.944998,1.000528889812922
5189.186052,1.00045930544846
5189.427106,1.000955566262805
5189.66816,1.0004975937587217
5189.909214,0.99889780786045
5190.150268,0.9999193182549471
5190.391322,0.9998983851631373
5190.632376,1.0008261610832208
5190.87343,0.999678111817121
5191.114484,0.9986398258764871
5191.355538,1.0003564635180258
5191.596592,1.0004886393453285
5191.837646,1.000598238873539
5192.0787,1.000391246516961
5192.319754,1.00021808377681
5192.560808,1.0005237671181204
5192.801862,0.9990551966080514
5193.042916,1.0012944370613819
5193.28397,0.9992063351187154
5193.525024,1.0011788943502877
5193.766078,0.9996598678580569
5194.007132,1.0017906012152156
5194.248186,0.998802018153866
5194.48924,1.0005660801629348
5194.730294,0.9993172931504428
5194.971348,1.0001030453088031
5195.212402,1.0003459298199249
5195.453456,1.0001138664822957
5195.69451,0.9992054558175274
5195.935564,0.9992042567716998
5196.176618,1.0003966486442781
5196.417672,1.000872660546839
5196.658726,0.9996681950594389
5196.89978,1.0007593981969158
5197.140834,1.0007516823717002
5197.381888,1.0005593063535017
5197.622942,1.000052491377624
5197.863996,0.9994447142282407
5198.10505,0.9984574908919729
5198.346104,1.0017124645956885
5198.587158,1.0010881916513539
5198.828212,1.0007138947016097
5199.069266,1.0003781814925965
5199.31032,1.0002801592372708
5199.551374,1.001473784955184
5199.792428,0.9997565096485885
5200.033482,0.9991425078566925
5200.274536,1.0009944541419464
5200.51559,0.9989607404046995
5200.756644,1.0013352907078228
5200.997698,1.000144650460869
5201.238752,0.9994004298140816
5201.479806,1.000168464188498
5201.72086,1.0011411506174446
5201.961914,1.0017447202563619
5202.202968,0.9995155673753924
5202.444022,1.0014262160801686
5202.685076,1.0007067296157746
5202.92613,1.0000522323640624
5203.167184,0.9995065517856351
5203.408238,0.9995512207315546
5203.649292,0.9996574286909552
5203.890346,0.9989028023619755
5204.1314,1.000910544293986
5204.372454,1.0003428987763496
5204.613508,1.0003845939372917
5204.854562,1.0005987391727835
5205.095616,1.0008813982033054
5205.33667,1.0001407699071536
5205.577724,0.9998008598310363
5205.818778,0.9995383665855082
5206.059832,0.9988540570946144
5206.300886,1.0011965152538918
5206.54194,0.9997497113274372
5206.782994,1.001087590998619
5207.024048,0.9994553083983605
5207.265102,1.0000048248116393
5207.506156,1.0007467987154064
5207.74721,1.0016548677848987
5207.988264,1.0000589727388236
5208.229318,1.0013274803230159
5208.470372,1.0012264514772422
5208.711426,1.0007795637019563
5208.95248,1.0001164867840586
5209.193534,1.0011536649600417
5209.434588,1.00048524769459
5209.675642,1.0027748427691179
5209.916696,0.9984914390237781
5210.15775,0.9982282713674725
5210.398804,1.0017831879921957
5210.639858,1.0007219905097653
5210.880912,0.9997267873293811
5211.121966,1.0004298623643577
5211.36302,1.0001375994659383
5211.604074,0.9998135273881791
5211.845128,0.9994439646449861
5212.086182,0.999889346122592
5212.327236,0.9996192425065399
5212.56829,0.9997092722694995
5212.809344,1.0013555178849889
5213.050398,0.9991265117131911
5213.291452,0.9995723914506067
5213.532506,1.0017616498851893
5213.77356,0.9997037238984351
5214.014614,1.001736105288812
5214.255668,0.9996538299306896
5214.496722,0.9981542055776118
5214.737776,0.9998343537208602
5214.97883,1.0002027805571982
5215.219884,1.0011073126184191
5215.460938,0.9995378668164498
5215.701992,1.0004220090207627
5215.943046,1.0004239398371033
5216.1841,1.0004481603938753
5216.425154,1.0003478104720407
5216.666208,0.998146619634476
5216.907262,0.99977334568997
5217.148316,1.0024437811773124
5217.38937,0.9992301065201875
5217.630424,1.0001490911129753
5217.871478,1.0002104021314242
5218.112532,0.998938164147079
5218.353586,1.0001485910385548
5218.59464,1.0022720772644567
5218.835694,1.000728435180136
5219.076748,1.0007707568805457
5219.317802,0.9992214832015779
5219.558856,1.0009202131365444
5219.79991,0.9999064053802498
5220.040964,0.9997651075915426
5220.282018,1.0004262708275986
5220.523072,1.0007234215432348
5220.764126,0.9993546783096646
5221.00518,0.9996001899453493
5221.246234,1.0012574899783322
5221.487288,1.0004064725876032
5221.728342,1.0000750008124204
5221.969396,0.9992606534514513
5222.21045,0.9997497113274372
5222.451504,1.0004259606955028
5222.692558,0.9993611841297969
5222.933612,1.0022157511564929
5223.174666,0.9999421366741468
5223.41572,1.0005235870238587
5223.656774,1.0003619154756085
5223.897828,0.9998980351987637
5224.138882,1.0007894114213138
5224.379936,1.000145670608933
5224.62099,1.000355603211837
5224.862044,1.0013504109848703
5225.103098,1.0000317385036557
5225.344152,0.9988839232774188
5225.585206,0.9989260770684198
5225.82626,1.0007300363469132
5226.067314,0.9992460943297939
5226.308368,1.00129183369923
5226.549422,1.0007758808399383
5226.790476,1.0014880059838995
5227.03153,0.9991042014672794
5227.272584,1.0005862117549909
5227.513638,1.0007399536307133
5227.754692,1.0000539874572703
5227.995746,0.9980009008657383
5228.2368,1.0004110044391887
5228.477854,1.0011164227364149
5228.718908,1.0009465076559205
5228.959962,1.000459295443867
5229.201016,1.0005893035711622
5229.44207,1.0010285285731089
5229.683124,1.0010880915425397
5229.924178,1.0008521028335198
5230.165232,0.9993193617393806
5230.406286,1.0008761035547131
5230.64734,0.9988553556057327
5230.888394,0.9994452639229846
5231.129448,1.0015661250949721
5231.370502,0.9994988656098052
5231.611556,0.9989080965608577
5231.85261,1.000996215893736
5232.093664,1.0017824867442096
5232.334718,0.9992759722346869
5232.575772,1.0007068296864525
5232.816826,0.9997880624619337
5233.05788,1.0002480607619837
5233.298934,1.000950791716141
5233.539988,0.9984560930524641
5233.781042,1.000334315871099
5234.022096,1.0003992896949168
5234.26315,1.0020568123425406
5234.504204,0.9999197692186613
5234.745258,1.0005933259482473
5234.986312,1.0002507714379014
5235.227366,0.9998202961486717
5235.46842,0.9999428906308021
5235.709474,1.0013191693394197
5235.950528,1.0005102701435393
5236.191582,0.9984452099403629
5236.432636,1.000355963339919
5236.67369,1.000357343832101
5236.914744,0.998954546867309
5237.155798,0.9997225984829178
5237.396852,0.9993369599082923
5237.637906,0.9999419766834178
5237.87896,1.0006174005132855
5238.120014,1.0003847539988395
5238.361068,1.00102993001403
5238.602122,1.0007426756470892
5238.843176,0.9992081536759002
5239.08423,0.999752420652826
5239.325284,1.0012400682495761
5239.566338,1.0002731673033947
5239.807392,1.0015205548730106
5240.048446,1.0001272580966247
5240.2895,0.9999716894007525
5240.530554,1.0005148424859216
5240.771608,0.9994851725691439
5241.012662,0.9999917771338079
5241.253716,1.0003828832810986
5241.49477,1.000203140630264
5241.735824,0.9997871526552109
5241.976878,0.9999383189023572
5242.217932,1.0002148130690236
5242.458986,1.0015205548730106
5242.70004,0.9991629605131604
5242.941094,1.0005455587630785
5243.182148,0.9991828040866023
5243.423202,1.0010679698741232
5243.664256,1.0002017803549177
5243.90531,1.0002618042647562
5244.146364,1.0004716812066123
5244.387418,1.0010802830858787
5244.628472,1.0009979876586061
5244.869526,0.9992465539831031
5245.11058,1.0000184371699625
5245.351634,0.9997876625467887
5245.592688,1.000265965362517
5245.833742,1.0010639656102522
5246.074796,1.0006837936803785
5246.31585,1.000172554885882
5246.556904,1.0006571758454854
5246.797958,1.000999429096746
5247.039012,0.999527341738127
5247.280066,1.001845100106278
5247.52112,0.9987900326015616
5247.762174,1.0005027463345975
5248.003228,1.0013703380563226
5248.244282,1.0016418463562569
5248.485336,1.0006597475377321
5248.72639,1.0011805963558549
5248.967444,1.0006225637123933
5249.208498,0.9993247480852566
5249.449552,1.0022283791545137
5249.690606,0.9983991826771212
5249.93166,1.001234761691277
5250.172714,0.9998346536712113
5250.413768,1.0004284317506775
5250.654822,0.9991616116440742
5250.895876,0.9990154549827965
5251.13693,0.9994920490507863
5251.377984,1.0009384500689658
5251.619038,1.0010129126498677
5251.860092,1.0014202075408976
5252.101146,1.0006519324156218
5252.3422,1.0004591753887588
5252.583254,1.0011412507315647
5252.824308,1.0010013009674288
5253.065362,0.9997843932464775
5253.306416,1.000656955700931
5253.54747,1.0003513116955045
5253.788524,1.0010348350727043
5254.029578,0.9985355733207438
5254.270632,1.000156922311018
5254.511686,1.000218913958164
5254.75274,0.9998731480463895
5254.993794,0.999819186348759
5255.234848,0.9997686567639743
5255.475902,0.9999488463083948
5255.716956,1.000057077628866
5255.95801,0.9997842832702003
5256.199064,1.000480995641323
5256.440118,0.9995564184114163
5256.681172,1.0001250878228294
5256.922226,1.0015410862548315
5257.16328,0.9998682586786501
5257.404334,1.0004046018292487
5257.645388,0.9998302844033216
5257.886442,0.9995856258766812
5258.127496,0.9998741779162624
5258.36855,1.0005051575491215
5258.609604,0.9996844897838201
5258.850658,1.001534375952033
5259.091712,0.9991014239614601
5259.332766,1.0001434802923126
5259.57382,0.9999752163071208
5259.814874,1.0022884144324637
5260.055928,0.9993011243274458
5260.296982,1.0000167211397968
5260.538036,0.9993797924082879
5260.77909,0.9987505811744447
5261.020144,1.0005796579367676
5261.261198,0.9996356264001902
5261.502252,1.001232558977224
5261.743306,0.9987841397577532
5261.98436,1.0002489009707076
5262.225414,0.9999632046769645
5262.466468,1.001040340779438
5262.707522,1.0005676910756207
5262.948576,1.0006354418076586
5263.18963,0.9991931057144172
5263.430684,1.0009541348973685
5263.671738,0.9994421556530472
5263.912792,0.9990398512380843
5264.153846,1.0001742351771856
5264.3949,0.9997819937668131
5264.635954,1.0000862707211047
5264.877008,0.9991859215418143
5265.118062,1.000216713478974
5265.359116,1.0005931258296024
5265.60017,0.9993603046923418
5265.841224,1.0005020159678593
5266.082278,0.9976384927558405
5266.323332,1.0024647324712792
5266.564386,1.00041169472302
5266.80544,1.0000616028973806
5267.046494,1.0000213372276354
5267.287548,0.9997995300967769
5267.528602,1.0001325887891166
5267.769656,1.0004032812960457
5268.01071,1.0019403801057905
5268.251764,1.0003018155371468
5268.492818,0.999770046443373
5268.733872,0.9987147266721726
5268.974926,1.000494572260551
5269.21598,1.0005488005359404
5269.457034,1.0005176339262263
5269.698088,1.0000510153012363
5269.939142,1.0003953481294803
5270.180196,0.9997504811350113
5270.42125,0.9981980255090771
5270.662304,0.9998001199786737
5270.903358,1.0010867901288667
5271.144412,0.9999281965779891
5271.385466,0.9996523304510694
5271.62652,0.9992399090156137
5271.867574,0.9991336554932888
5272.108628,0.9998045591010613
5272.349682,0.9998416425398665
5272.590736,1.0000542514715578
5272.83179,0.9995723514677118
5273.072844,0.9996555193470897
5273.313898,1.0001827466961435
5273.554952,0.999918848292978
5273.796006,1.000608184869465
5274.03706,1.0000293784315377
5274.278114,0.9987116306613188
5274.519168,1.0012938362849
5274.760222,0.999790301989702
5275.001276,0.9996440133782791
5275.24233,0.9992445854693307
5275.483384,0.9995003948442395
5275.724438,1.0001434802923126
5275.965492,0.9993278559900559
5276.206546,1.001274311245462
5276.4476,1.0000647140938665
5276.688654,0.9995008945945618
5276.929708,1.000214292957456
5277.170762,0.9993538888197806
5277.411816,1.0002583533674843
5277.65287,1.0001998099593512
5277.893924,0.9984925373649651
5278.134978,1.0010831862229093
5278.376032,1.0000075191282685
5278.617086,0.9989970033377444
5278.85814,0.9988365773015639
5279.099194,1.0000871177945347
5279.340248,0.9988412718445094
5279.581302,1.000041520861967
5279.822356,1.0000149831122458
5280.06341,0.9994951174960869
5280.304464,1.0006397345429119
5280.545518,0.9994712798218
5280.786572,0.9999145236533111
5281.027626,1.0001668139118935
5281.26868,1.000657956358387
5281.509734,0.9985257877200747
5281.750788,0.9993145550248108
5281.991842,1.0013014461469731
5282.232896,0.999853420743789
5282.47395,0.9991972223984932
5282.715004,0.999765777434389
5282.956058,0.9994251452923165
5283.197112,1.0013038492733277
5283.438166,1.0010422427578922
5283.67922,0.9995190257052384
5283.920274,0.9998358034817241
5284.161328,1.000532951968461
5284.402382,0.9992967174192048
5284.643436,0.9978803496383545
5284.88449,1.0002084717272108
5285.125544,1.00079827845478
5285.366598,1.0005431874729143
5285.607652,1.0005064782168012
5285.848706,1.0006830231541541
5286.08976,0.9993798623648759
5286.330814,0.999624660457517
5286.571868,0.9997939412330246
5286.812922,1.000615039059007
5287.053976,1.00028061936625
5287.29503,0.9992518100338005
5287.536084,1.0002840703403397
5287.777138,0.9994943978598614
5288.018192,1.0010021017687898
5288.259246,1.0003721192191852
5288.5003,1.000307537279896
5288.741354,0.9998006598708843
5288.982408,1.0002554026096941
5289.223462,0.998363839971624
5289.464516,1.000101065106734
5289.70557,0.9994587865088856
5289.946624,0.999583996553439
5290.187678,0.9997166501511532
5290.428732,0.9995547891357821
5290.669786,1.0004185675749708
5290.91084,0.9993932341568914
5291.151894,0.9996394350191823
5291.392948,1.0000612608763708
5291.634002,0.9996633066939172
5291.875056,0.9999773372568038
5292.11611,1.0017285922961963
5292.357164,1.0003585942795623
5292.598218,1.0004608161431519
5292.839272,1.0000543744782384
5293.080326,1.0004347044566095
5293.32138,0.9984011794774834
5293.562434,0.9993843296028448
5293.803488,0.999436678725041
5294.044542,1.0012265515998924
5294.285596,0.9989895108883161
5294.52665,0.999645472859604
5294.767704,1.0006106063442024
5295.008758,0.9991190382748342
5295.249812,0.9995929428702428
5295.490866,1.0001943488832976
5295.73192,1.0003462999479873
5295.972974,1.000408513418889
5296.214028,0.9985994816424808
5296.455082,0.9986279421332677
5296.696136,0.9989562450914822
5296.93719,1.0003103381449217
5297.178244,0.999576709612665
5297.419298,0.9992757424012397
5297.660352,0.9994888806660126
5297.901406,0.9991150018420731
5298.14246,0.9985679263974364
5298.383514,0.9995912435636843
5298.624568,0.9999487773119267
5298.865622,1.0002269557505603
5299.106676,1.0010395399474856
5299.34773,0.9985442606180214
5299.588784,1.0001567222796535
5299.829838,1.0005297702787326
5300.070892,0.9988653442092317
5300.311946,1.000296814040573
5300.553,1.0002031706363586
5300.794054,0.9995332189761754
5301.035108,0.9988851219388459
5301.276162,1.0006841839471343
5301.517216,0.9996367459927188
5301.75827,1.0003106682473877
5301.999324,1.000193808778495
5302.240378,1.0005370941834566
5302.481432,0.9983662360477152
5302.722486,0.998945456422294
5302.96354,1.0013104579005414
5303.204594,1.0004060023966717
5303.445648,0.9991818049042979
5303.686702,1.0007389528912602
5303.927756,0.9991830039231832
5304.16881,0.9994982359257182
5304.409864,0.9991698347779763
5304.650918,0.9984912393255103
5304.891972,1.0003008652508736
5305.133026,0.9989055992937378
5305.37408,0.998683866863905
5305.615134,0.9984453097848889
5305.856188,0.9984916387220859
5306.097242,0.9999664495628285
5306.338296,0.9995083908793823
5306.57935,1.0004233495871528
5306.820404,1.0010211209894055
5307.061458,0.9984828520343266
5307.302512,0.9994546587526212
5307.543566,1.0010428433834182
5307.78462,1.0012192426727433
5308.025674,0.9986513103005201
5308.266728,0.9992618325797181
5308.507782,0.9978953179558612
5308.748836,1.0000112650634503
5308.98989,0.999874467879816
5309.230944,0.9990750580227817
5309.471998,1.0010931971048258
5309.713052,1.001073876192569
5309.954106,0.9994117830674507
5310.19516,1.0008050939142628
5310.436214,0.9995608364605495
5310.677268,1.0009150283832688
5310.918322,0.9981422277990116
5311.159376,0.997639989214702
5311.40043,0.9989689319163559
5311.641484,1.0011485590893705
5311.882538,1.0003650266060033
5312.123592,1.0006034219858406
5312.364646,0.9997635979473699
5312.6057,1.0000832254630467
5312.846754,0.9986131625490933
5313.087808,1.0009884782228933
5313.328862,1.000006851023468
5313.569916,1.0000296154385284
5313.81097,0.9989066980905014
5314.052024,1.0001329488369133
5314.293078,1.0004682095759019
5314.534132,1.0009088727747728
5314.775186,1.000168834250898
5315.01624,0.9994251053153116
5315.257294,1.0007042678802476
5315.498348,1.0000571986357796
5315.739402,0.998459288117074
5315.980456,0.9996613473557562
5316.22151,1.0007093714850281
5316.462564,0.9997506111025822
5316.703618,0.9996643663375839
5316.944672,0.9997320758980743
5317.185726,0.9977063344799404
5317.42678,1.0011034083075132
5317.667834,1.000056933620657
5317.908888,0.999196033354506
5318.149942,0.9987015437247883
5318.390996,1.000175525402781
5318.63205,0.9988160014800032
5318.873104,0.9991760596254373
5319.114158,0.9984090668779564
5319.355212,1.00021596331672
5319.596266,0.9996913276491156
5319.83732,0.9990264741840358
5320.078374,0.9991526891707212
5320.319428,0.9997069329525393
5320.560482,1.00053687406532
5320.801536,1.0003482306182094
5321.04259,1.0005618277661306
5321.283644,1.0000406248251659
5321.524698,1.0002114023423263
5321.765752,1.0008173438435817
5322.006806,0.9977312774500883
5322.24786,1.0004844573115566
5322.488914,0.9978467216372067
5322.729968,0.9991772386538833
5322.971022,0.9995543293406849
5323.212076,1.0007664635832079
5323.45313,0.9995046627200374
5323.694184,1.000347620405975
5323.935238,1.000880597498507
5324.176292,0.9988915148240836
5324.417346,1.0015773426983916
5324.6584,0.9987108316923339
5324.899454,0.9987260122123472
5325.140508,0.9976420842608792
5325.381562,0.9999323052913902
5325.622616,0.999038172852544
5325.86367,0.9995013643600926
5326.104724,1.0011193259782505
5326.345778,1.001251482451415
5326.586832,0.999751970764338
5326.827886,0.9999914130368682
5327.06894,0.9989137903532354
5327.309994,0.9995777091898744
5327.551048,0.9998566102812886
5327.792102,0.9992653200095993
5328.033156,0.9999112139417153
5328.27421,0.9984023775596176
5328.515264,0.999646002671845
5328.756318,0.9998153170559949
5328.997372,0.9996005098174612
5329.238426,0.9993461538506155
5329.47948,1.0005413664859701
5329.720534,1.0003425686632474
5329.961588,1.0002536721693445
5330.202642,0.998090325752631
5330.443696,0.9991694151267337
5330.68475,0.9992340934562665
5330.925804,0.9986576018235933
5331.166858,0.9998741879150043
5331.407912,0.9987620668721708
5331.648966,0.9990257049339468
5331.89002,1.0001231675845041
5332.131074,0.9995501312213178
5332.372128,1.0001826866851804
5332.613182,1.000074361764699
5332.854236,1.0002044709013256
5333.09529,1.0011162225131505
5333.336344,1.0026060899640268
5333.577398,0.999287463974445
5333.818452,1.0007425455505499
5334.059506,0.9997016345198355
5334.30056,0.9999209491246851
5334.541614,1.0005590462081158
5334.782668,0.9980303423265733
5335.023722,0.9987023426863428
5335.264776,0.9996589181816335
5335.50583,0.9987894333277219
5335.746884,0.99828257646252
5335.987938,0.9988799277497167
5336.228992,1.0007939249917375
5336.470046,0.998933069575433
5336.7111,0.999768506798687
5336.952154,1.001466173783341
5337.193208,0.9997489615154349
5337.434262,0.9991341850342665
5337.675316,0.9999546410287492
5337.91637,0.9987028420376389
5338.157424,0.9991772886127465
5338.398478,0.9989870134176607
5338.639532,1.000221014420089
5338.880586,1.0005135718328786
5339.12164,0.9976672251581765
5339.362694,1.0001237876610602
5339.603748,1.0004122949702168
5339.844802,1.000596938096674
5340.085856,1.000679410694961
5340.32691,1.0003565335429807
5340.567964,0.9993962123531667
5340.809018,0.9991576349887735
5341.050072,0.9988163011248485
5341.291126,1.000755525265539
5341.53218,0.9990194110918313
5341.773234,0.998920682882168
5342.014288,0.9988942118348145
5342.255342,0.9986818694981686
5342.496396,0.9993988007927087
5342.73745,0.9998093981668379
5342.978504,1.0013224736981308
5343.219558,0.9986374291437812
5343.460612,1.001332186573233
5343.701666,0.9983177166276748
5343.94272,0.9999064403769745
5344.183774,0.9991601328859834
5344.424828,0.9996717338911132
5344.665882,0.9998394628874615
5344.906936,0.9996952264528961
5345.14799,0.9995179762108124
5345.389044,0.9983506616559135
5345.630098,0.998152209271197
5345.871152,1.0018966964575282
5346.112206,0.9995464628790676
5346.35326,1.0018543171235974
5346.594314,0.9996880686606997
5346.835368,1.0009958955749982
5347.076422,0.9999646206258648
5347.317476,0.9994971864531215
5347.55853,1.0001493411502795
5347.799584,1.0001084658819985
5348.040638,0.9998415125604614
5348.281692,1.00023889853171
5348.522746,0.9985964858485296
5348.7638,0.9988267887510703
5349.004854,0.9994883309472794
5349.245908,0.9986431213933502
5349.486962,1.0003586142867344
5349.728016,1.0021666437878267
5349.96907,0.9973519123861131
5350.210124,0.9992192149713855
5350.451178,0.9993977014546325
5350.692232,0.9993550780516159
5350.933286,0.9991917468127175
5351.17434,1.00017799583938
5351.415394,0.9997534803909536
5351.656448,0.9991958734831534
5351.897502,0.9990279827151507
5352.138556,1.0002117024057922
5352.37961,1.001408991697382
5352.620664,0.9983204120891486
5352.861718,1.0004143858340984
5353.102772,1.0003358563871314
5353.343826,1.0016810113181194
5353.58488,0.9987419919563802
5353.825934,0.999471419747789
5354.066988,0.9994341001817362
5354.308042,0.9987005450237438
5354.549096,0.9983686321295571
5354.79015,0.9980138749617811
5355.031204,0.9989685323288632
5355.272258,1.0004687598335684
5355.513312,0.9997171800011181
5355.754366,0.9975223743935036
5355.99542,0.9979328395252174
5356.236474,0.9992429167322664
5356.477528,1.000809907798342
5356.718582,0.9994135420337368
5356.959636,1.0001526816546575
5357.20069,0.9990334873745008
5357.441744,0.9992227222369853
5357.682798,0.9995952619285604
5357.923852,1.0010223222154715
5358.164906,0.9976842854135914
5358.40596,1.0005644792584873
5358.647014,1.000642086049051
5358.888068,0.9991731720107976
5359.129122,1.000316760157907
5359.370176,1.0018447995527933
5359.61123,1.0006680930748273
5359.852284,0.9980788477798833
5360.093338,0.9990060742717167
5360.334392,1.0001467507668405
5360.575446,0.9998222957912637
5360.8165,0.9985208949557022
5361.057554,0.9993396481283301
5361.298608,0.9996479419869714
5361.539662,0.9987430905731757
5361.780716,0.9996914376151678
5362.02177,0.9982627108369121
5362.262824,0.9984265391895091
5362.503878,0.9988032167170069
5362.744932,0.9991879199156557
5362.985986,0.9989418602251241
5363.22704,0.9998886661980678
5363.468094,0.9997653775281581
5363.709148,1.001394471372275
5363.950202,0.9990572446733037
5364.191256,1.0015929674268103
5364.43231,1.0004536128512074
5364.673364,1.0007869995217387
5364.914418,0.999628848893619
5365.155472,1.001060461892504
5365.396526,0.9978226738209925
5365.63758,0.9979039996828928
5365.878634,0.9991900781638937
5366.119688,0.9999055254630002
5366.360742,1.0010398402593927
5366.601796,1.001539083174662
5366.84285,1.0009530638770172
5367.083904,1.0003890456586397
5367.324958,0.9987097331110232
5367.566012,1.0000192171846478
5367.807066,1.0003791818712782
5368.04812,1.0003171802910347
5368.289174,0.9991596532892346
5368.530228,0.9985162019185245
5368.771282,0.9998129874890201
5369.012336,0.9993169134099437
5369.25339,0.9988424704547548
5369.494444,1.0013275804557689
5369.735498,1.0011031079765358
5369.976552,0.9997854930099149
5370.217606,0.9997368046419768
5370.45866,0.9981883430351897
5370.699714,1.000952283133932
5370.940768,0.9982239789951342
5371.181822,1.0000817833440754
5371.422876,1.0002166034551414
5371.66393,0.9998981151906098
5371.904984,0.9997895121556754
5372.146038,1.000268746105766
5372.387092,0.9988348792808258
5372.628146,1.0010249248768928
5372.8692,0.9995389962948775
5373.110254,0.9995754401510499
5373.351308,1.0004720413764825
5373.592362,1.0001025052533046
5373.833416,1.000129028323438
5374.07447,0.999705143478731
5374.315524,0.9988335807963268
5374.556578,0.9990256949436898
5374.797632,1.002183780983958
5375.038686,0.9993885769952714
5375.27974,1.0024604218821975
5375.520794,0.9993111973335469
5375.761848,1.0018779611644801
5376.002902,1.0005631284973522
5376.243956,0.9999565299448502
5376.48501,0.9997151405801511
5376.726064,0.9994810247142846
5376.967118,0.9998286346847133
5377.208172,0.9977972296672245
5377.449226,1.0009445257837974
5377.69028,0.9986783741177423
5377.931334,1.0001440403728183
5378.172388,0.9989457561059759
5378.413442,0.9980688670413093
5378.654496,0.999604178358064
5378.89555,0.9981774628415478
5379.136604,1.0002713668133139
5379.377658,0.9999416797006948
5379.618712,0.99925439809934
5379.859766,0.9999169334502169
5380.10082,0.9992362817813274
5380.341874,1.001679909469613
5380.582928,0.9972966606206549
5380.823982,1.0016814119906041
5381.065036,1.000286481027854
5381.30609,0.9984563925893369
5381.547144,0.999558397535084
5381.788198,0.9987214180832575
5382.029252,1.0002816696614516
5382.270306,1.0003914065795734
5382.51136,0.9994754176414637
5382.752414,0.9995594870543312
5382.993468,0.9994210876344637
5383.234522,0.9994728190087561
5383.475576,0.9997747953623722
5383.71663,0.998998302034693
5383.957684,0.9992011192752595
5384.198738,1.0004159864983961
5384.439792,0.9991358136243155
5384.680846,0.9988287864066455
5384.9219,0.9997492414451833
5385.162954,0.9967280644857018
5385.404008,0.9989693315040087
5385.645062,0.9977126200496471
5385.886116,0.9988181988776236
5386.12717,1.0003496411102089
5386.368224,1.0004449389559855
5386.609278,1.0002080716439021
5386.850332,1.0008437457533519
5387.091386,0.998895710177256
5387.33244,0.9992569561938734
5387.573494,1.000599439592146
5387.814548,0.9971985314572839
5388.055602,1.0015696305825446
5388.296656,0.9974924491711523
5388.53771,0.9994200282486723
5388.778764,0.9996022691159067
5389.019818,0.9995634053352003
5389.260872,1.000470210514322
5389.501926,0.9983488646263399
5389.74298,0.9998022795492653
5389.984034,0.9985314793332859
5390.225088,0.9999804151917848
5390.466142,1.0000039683078736
5390.707196,0.9993492518284943
5390.94825,0.9968957282462754
5391.189304,0.9995719516388513
5391.430358,0.9997232682972832
5391.671412,0.998145322044714
5391.912466,1.00038989598969
5392.15352,0.9987530780540187
5392.394574,1.0010225224199558
5392.635628,1.0015472958288159
5392.876682,0.9982947555842454
5393.117736,0.9998271949325159
5393.35879,0.9995146278312007
5393.599844,1.0002183238291789
5393.840898,0.9999992966202473
5394.081952,0.9995158972155841
5394.323006,1.0010445451576984
5394.56406,0.9994218571889975
5394.805114,0.9975647699953154
5395.046168,0.9994308520261889
5395.287222,0.9997045636499159
5395.528276,0.9989407613896822
5395.76933,1.002029356362031
5396.010384,0.9995848362043487
5396.251438,1.0015111406240418
5396.492492,0.9994110435030048
5396.733546,0.9988636461395899
5396.9746,0.9993310138710704
5397.215654,0.9997150006200413
5397.456708,1.000302205654931
5397.697762,0.9996496413899172
5397.938816,1.0003059067799391
5398.17987,0.9996886284861749
5398.420924,1.000357343832101
5398.661978,0.9991799764032679
5398.903032,0.9995034833052312
5399.144086,0.9997985502937176
5399.38514,0.9984006802770184
5399.626194,1.0011107163890685
5399.867248,0.9996066973637674
5400.108302,0.9994580169259163
5400.349356,0.9990202602586916
5400.59041,1.0002716468893358
5400.831464,1.0016055875777066
5401.072518,0.9989158880743977
5401.313572,0.99936414224328
5401.554626,1.000634261058534
5401.79568,0.9999467374185017
5402.036734,0.9974716017968205
5402.277788,1.0017406131114286
5402.518842,1.0003713589366636
5402.759896,0.9998914258945949
5403.00095,1.0008152521375189
5403.242004,0.9999722573848334
5403.483058,0.9989538475993709
5403.724112,0.9996260299442399
5403.965166,0.9976152480497612
5404.20622,1.0003545128248237
5404.447274,1.0000053743144415
5404.688328,1.0000118370700575
5404.929382,0.9996482518778814
5405.170436,1.0020130234166362
5405.41149,0.9988578527472431
5405.652544,0.9984877446122884
5405.893598,1.0002320569210426
5406.134652,0.9987085346600626
5406.375706,0.9998892461336624
5406.61676,0.999201159243305
5406.857814,0.9985704228203729
5407.098868,1.0001038453915594
5407.339922,0.999084559271762
5407.580976,0.9996878987137424
5407.82203,1.0004022608852192
5408.063084,0.9979958110741229
5408.304138,0.9991302484533326
5408.545192,1.000233237195566
5408.786246,1.0002179837550067
5409.0273,1.0012253501287514
5409.268354,0.9984306327467115
5409.509408,0.9997867027510934
5409.750462,0.9990455657623769
5409.991516,0.9995649246727311
5410.23257,0.9997903519792183
5410.473624,0.9999113069334626
5410.714678,0.9999918170334806
5410.955732,1.0001218274203576
5411.196786,0.999786912706323
5411.43784,0.9992852255730327
5411.678894,0.9999045025601708
5411.919948,0.9997391740210115
5412.161002,0.9999923059295995
5412.402056,0.997688176389892
5412.64311,1.0003965285966874
5412.884164,1.0018753562851674
5413.125218,1.001003002671087
5413.366272,0.9999302954294764
5413.607326,1.0006046127046213
5413.84838,1.0003562734503157
5414.089434,1.0014276180778523
5414.330488,1.0010411416120308
5414.571542,0.9996214716599362
5414.812596,0.9977534273303104
5415.05365,1.0004005902148387
5415.294704,1.0024516002693
5415.535758,0.9971952407075598
5415.776812,0.9998867364148043
5416.017866,0.999888626202522
5416.25892,0.9999902742472955
5416.499974,0.997506314412559
5416.741028,1.00058653194263
5416.982082,0.9983601460322499
5417.223136,0.9997748853421079
5417.46419,0.9985964858485296
5417.705244,0.9998491713757808
5417.946298,0.9996897181473738
5418.187352,1.0007501912528045
5418.428406,1.0011579699300568
5418.66946,1.000446049450484
5418.910514,0.9987471854282415
5419.151568,0.9985831047452728
5419.392622,1.000342678700936
5419.633676,0.9999624517049549
5419.87473,0.9987891336909368
5420.115784,0.999390795640375
5420.356838,0.9992893426366432
5420.597892,1.0017322986988446
5420.838946,1.0001664338485765
5421.08,1.0000990139015529
5421.321054,0.9980030964701354
5421.562108,0.9994538791782913
5421.803162,0.9980077870957118
5422.044216,1.0005671707805566
5422.28527,1.0015291679868188
5422.526324,0.999567853402251
5422.767378,0.998740793466709
5423.008432,0.999527681577481
5423.249486,1.00279339427531
5423.49054,1.0008003701253676
5423.731594,1.0000788661097681
5423.972648,1.0005942164767039
5424.213702,0.999761158527167
5424.454756,1.000059203752473
5424.69581,1.0002219446260647
5424.936864,1.0009586191819377
5425.177918,1.0007128339454434
5425.418972,1.001816848472805
5425.660026,1.0006150290528566
5425.90108,1.0007305367120565
5426.142134,0.9990527689068733
5426.383188,0.9996898581039442
5426.624242,1.0002869511626107
5426.865296,1.0010814843829392
5427.10635,0.9973313671483347
5427.347404,0.9992919807639901
5427.588458,1.0000121350736295
5427.829512,0.9998633493375524
5428.070566,1.002439470678321
5428.31162,1.002122850062393
5428.552674,0.9995723914506067
5428.793728,1.0005299903953062
5429.034782,0.9999383658994592
5429.275836,1.0004589853015335
5429.51689,0.9999175633980835
5429.757944,0.99935266960878
5429.998998,1.0017153695660481
5430.240052,1.0001385695998801
5430.481106,1.0005133217045168
5430.72216,0.999480714875215
5430.963214,1.0013322867064567
5431.204268,1.0012291547923107
5431.445322,1.0006776995346318
5431.686376,0.9999349811138194
5431.92743,1.0000986258632107
5432.168484,0.9997272372065366
5432.409538,1.0021789705133544
5432.650592,1.0016016813235322
5432.891646,0.9994432850233211
5433.1327,1.0019566116714234
5433.373754,0.9993642921479124
5433.614808,1.000168624215465
5433.855862,0.9981416289138546
5434.096916,0.999811527763124
5434.33797,1.0001470108050294
5434.579024,0.9989088956876545
5434.820078,1.003055959954279
5435.061132,0.999545823169536
5435.302186,1.00063566194748
5435.54324,0.9988682409229301
5435.784294,1.00112403125014
5436.025348,1.0007668939128798
5436.266402,1.0002576631894586
5436.507456,1.000554913907788
5436.74851,1.0007535537790961
5436.989564,1.0002228348239917
5437.230618,0.998774351721145
5437.471672,1.000909873684146
5437.712726,1.0006986139171066
5437.95378,0.9991678464319834
5438.194834,1.0012320583610697
5438.435888,1.0001637133995762
5438.676942,0.9982078078976607
5438.917996,0.9995166568479547
5439.15905,1.0011463565649632
5439.400104,0.9997483116788211
5439.641158,0.9996006697535555
5439.882212,1.000244579904789
5440.123266,0.9995561485312198
5440.36432,1.0015675272885287
5440.605374,1.000850081114314
5440.846428,0.9999288605305321
5441.087482,1.0007753704443692
5441.328536,1.0007120133612561
5441.56959,1.0024182191868092
5441.810644,0.9993570467830589
5442.051698,0.9988442683728197
5442.292752,0.9992083834938019
5442.533806,0.999841402577901
5442.77486,1.0005419067784538
5443.015914,0.9993300245338563
5443.256968,0.9987839400009452
5443.498022,1.0009005852836166
5443.739076,1.0001083858733244
5443.98013,1.0011326409538304
5444.221184,0.9990792641376299
5444.462238,1.000495122532717
5444.703292,1.0005747451027083
5444.944346,0.9994436848007151
5445.1854,0.9991333057965707
5445.426454,0.9999922402301071
5445.667508,0.9993669504604652
5445.908562,1.0001817865211675
5446.149616,0.9997643377727061
5446.39067,1.0003144594320046
5446.631724,0.9992438660134882
5446.872778,0.9997371945394066
5447.113832,0.9995323193966832
5447.354886,1.0009288511152565
5447.59594,0.9979581873412572
5447.836994,0.9996479719764101
5448.078048,0.9990670454729468
5448.319102,0.9982144959123784
5448.560156,1.0001430102249873
5448.80121,1.0008046935923052
5449.042264,1.000815402259818
5449.283318,0.9989573439439561
5449.524372,0.9992838365675345
5449.765426,1.0005234369453317
5450.00648,0.9997735656401303
5450.247534,1.0006697641919382
5450.488588,0.9994289730979533
5450.729642,0.9993139654293973
5450.970696,1.0009259684443164
5451.21175,0.9999067193509104
5451.452804,0.99931728315727
5451.693858,1.0014538558251591
5451.934912,1.000183086758335
5452.175966,0.9999428556328016
5452.41702,0.9970993151394976
5452.658074,1.0012337604570156
5452.899128,0.9995935926058669
5453.140182,0.9997676469981409
5453.381236,1.0000953295435722
5453.62229,1.0000426739105055
5453.863344,0.9993989407085506
5454.104398,0.9982398508825814
5454.345452,0.9996921473963404
5454.586506,0.9997407036231178
5454.82756,1.0000105120552512
5455.068614,1.0010715737253018
5455.309668,1.0002696863588292
5455.550722,0.9997617183935725
5455.791776,1.0005502613382558
5456.03283,1.0016612783965664
5456.273884,1.0007261435146433
5456.514938,1.0026112032681245
5456.755992,1.0002280159916952
5456.997046,0.9994412461610994
5457.2381,0.9998873063504065
5457.479154,0.9991801362720769
5457.720208,0.9999963728065783
5457.961262,0.9982402501786016
5458.202316,0.9990578241266737
5458.44337,1.0007693658101604
5458.684424,0.998609966992086
5458.925478,1.0019495979996897
5459.166532,0.9984239432838818
5459.407586,1.000960811283714
5459.64864,0.9972257553487971
5459.889694,1.0001965993231143
5460.130748,1.0014034839630739
5460.371802,0.9996182328916149
5460.612856,0.9995785788228597
5460.85391,1.0009022667980123
5461.094964,1.000472151428413
5461.336018,1.000798758838069
5461.577072,0.9993307640383481
5461.818126,0.9993700584965141
5462.05918,1.0018461019518792
5462.300234,1.0014165022929844
5462.541288,1.0001030253067424
5462.782342,0.9987008446339523
5463.023396,0.9999561309622744
5463.26445,0.9999310063801693
5463.505504,0.9997810139809393
5463.746558,0.9988831241705998
5463.987612,1.000872610503207
5464.228666,1.0003738798756645
5464.46972,1.000496373152402
5464.710774,0.998625245841464
5464.951828,0.9997675570190567
5465.192882,1.0005740246891512
5465.433936,1.0019218443802145
5465.67499,1.0003630058706905
5465.916044,1.0020755509801371
5466.157098,0.9998309342932177
5466.398152,0.9985079142684424
5466.639206,1.00137534492053
5466.88026,1.0002062912751193
5467.121314,0.9998959554130135
5467.362368,0.9994887407375791
5467.603422,1.0005823595054912
5467.844476,0.9998891461447428
5468.08553,0.9998410826287034
5468.326584,0.99867018498865
5468.567638,0.9992468437646458
5468.808692,0.9997050435082215
5469.049746,1.001531872119223
5469.2908,1.0015187521376343
5469.531854,0.9996129649174087
5469.772908,0.9995887845722498
5470.013962,1.0007910927489374
5470.255016,1.0021810750914024
5470.49607,1.0006802512660191
5470.737124,1.0013956730463616
5470.978178,1.0011143203941346
5471.219232,0.9999812061766061
5471.460286,1.0005162632180067
5471.70134,1.0010262262101408
5471.942394,1.0018700463598504
5472.183448,0.9989241791106764
5472.424502,0.9991694650852058
5472.665556,0.9990578540984089
5472.90661,0.9996287489307392
5473.147664,1.0000675552817553
5473.388718,0.9985248890472702
5473.629772,1.000856686746648
5473.870826,1.0010095092117506
5474.11188,0.999772925785253
5474.352934,1.000648049893656
5474.593988,1.0000877888532158
5474.835042,0.9996669954583246
5475.076096,0.9999807041861666
5475.31715,0.9978537065887054
5475.558204,0.9999269296697666
5475.799258,0.9995043328835531
5476.040312,0.9999400807952272
5476.281366,1.0013276805885318
5476.52242,1.0018383877665937
5476.763474,0.9991475435476219
5477.004528,0.9995747604399817
5477.245582,0.9994584566875404
5477.486636,1.0007832365696947
5477.72769,0.9990971478165165
5477.968744,1.00086236162015
5478.209798,0.9991893387635093
5478.450852,1.0035811972181738
5478.691906,0.9988089099115678
5478.93296,1.000057787669643
5479.174014,0.9999351101054403
5479.415068,1.0006235443229863
5479.656122,1.001680710813861
5479.897176,0.9989775230861124
5480.13823,0.9981646862517938
5480.379284,1.000480845569185
5480.620338,0.9996060776078072
5480.861392,1.0017530347720454
5481.102446,0.9991185187330693
5481.3435,1.0009088327384186
5481.584554,0.9980920225076271
5481.825608,1.0012322586075013
5482.066662,0.9993545783742018
5482.307716,0.9997998900246726
5482.54877,0.9995882347985694
5482.789824,1.0002280359962559
5483.030878,1.0022800954731477
5483.271932,0.9995629455361396
5483.512986,1.0003928971638798
5483.75404,1.0009131967104428
5483.995094,0.9986047742337588
5484.236148,0.999953068101336
5484.477202,1.0022738813558196
5484.718256,0.9992349328132575
5484.95931,0.9995642249775286
5485.200364,0.9998934356783807
5485.441418,0.9976095616590536
5485.682472,1.0017054526329783
5485.923526,1.0015109403218339
5486.16458,1.0010555567082586
5486.405634,1.000021677234948
5486.646688,0.9996954763767341
5486.887742,1.001354716800895
5487.128796,0.9997067430082401
5487.36985,0.99963644610174
5487.610904,0.9986068713059867
5487.851958,1.0002503113226522
5488.093012,1.0027035480123556
5488.334066,1.0005316512764688
5488.57512,0.9993778736009286
5488.816174,1.0008219275975132
5489.057228,0.9995302703575286
5489.298282,0.9987106319501875
5489.539336,1.0015071345874915
5489.78039,0.999109446778106
5490.021444,1.0003890556625303
5490.262498,1.000576836306111
5490.503552,0.9984171540241511
5490.744606,0.9986384277817096
5490.98566,0.9999629846850837
5491.226714,1.0010268268260567
5491.467768,0.9990669855289259
5491.708822,1.001234861814758
5491.949876,1.0021784694239946
5492.19093,0.998287967202988
5492.431984,0.9970762824113469
5492.673038,1.0011042091905602
5492.914092,0.9988069122957456
5493.155146,1.000951622505643
5493.3962,0.9992375308274603
5493.637254,0.9995849361628374
5493.878308,0.9985071154624305
5494.119362,1.000753013372323
5494.360416,0.998839673699753
5494.60147,1.0004761233107384
5494.842524,1.0002600738133316
5495.083578,1.000476583529861
5495.324632,0.9990116587312805
5495.565686,0.9999759012903786
5495.80674,1.0010775801727634
5496.047794,0.999238639981735
5496.288848,0.9983860038948901
5496.529902,0.9989795210431566
5496.770956,0.9995206449273717
5497.01201,1.000515072604362
5497.253064,0.9995882647862169
5497.494118,0.9999524091324813
5497.735172,0.9999390428579621
5497.976226,0.9996249703412098
5498.21728,1.001459063398749
5498.458334,0.9998349436233028
5498.699388,0.9992526993683072
5498.940442,1.0000038491074077
5499.181496,1.0006339208429431
5499.42255,0.9996145243148502
5499.663604,0.9990212892500897
5499.904658,1.0003017755250752
5500.145712,0.9993022335523094
5500.386766,1.0008408533191062
5500.62782,0.9983592475085228
5500.868874,1.0003756805502688
5501.109928,1.0012930352501512
5501.350982,1.0003896959117309
5501.592036,1.0007186581110854
5501.83309,1.0008029321775946
5502.074144,0.9980623796147576
5502.315198,1.0000060011180065
5502.556252,0.9994370884941632
5502.797306,0.9976749072253862
5503.03836,0.9987123297597049
5503.279414,1.0006272066118604
5503.520468,0.9987475849271955
5503.761522,1.0002236350025797
5504.002576,1.0005157929754736
5504.24363,0.9997442427114729
5504.484684,0.9991270012853019
5504.725738,1.000211612386743
5504.966792,0.999987439078889
5505.207846,0.9973835289428555
5505.4489,0.9998546305671601
5505.689954,0.9989977026358915
5505.931008,1.0000302284568705
5506.172062,0.9992844461308608
5506.413116,1.0016398430745674
5506.65417,0.9998037992498852
5506.895224,0.9997013146153637
5507.136278,0.9983903968029716
5507.377332,0.9991261919927585
5507.618386,0.9991037718525652
5507.85944,0.9998434722517465
5508.100494,1.0001660137787625
5508.341548,0.9989683325351766
5508.582602,0.9976765035065147
5508.823656,0.9990878562562475
5509.06471,0.999503563265513
5509.305764,1.0004292020808665
5509.546818,1.001202922932094
5509.787872,0.9986706843238673
5510.028926,1.0015750390731526
5510.26998,0.9981423276132394
5510.511034,0.9999861290962019
5510.752088,0.9979817394323921
5510.993142,0.999312936136543
5511.234196,1.0001998199613493
5511.47525,1.0002549424923148
5511.716304,1.0005366739579653
5511.957358,0.9991312375927682
5512.198412,0.9992530690918743
5512.439466,1.0010035031727134
5512.68052,0.9990453659532836
5512.921574,0.9979747535846665
5513.162628,0.9998278248238472
5513.403682,1.002563379854326
5513.644736,1.0029399130931527
5513.88579,1.0001518415267578
5514.126844,0.9984730669503237
5514.367898,1.0006439172257442
5514.608952,1.0021812755276374
5514.850006,0.9986671889825891
5515.09106,1.0008806575513447
5515.332114,1.000043418942575
5515.573168,1.0005285696437287
5515.814222,0.9996820105693597
5516.055276,1.0002840703403397
5516.29633,0.9988118064616065
5516.537384,0.9998102680013926
5516.778438,1.0015198538088677
5517.019492,1.0009928425421726
5517.260546,1.0015849547151217
5517.5016,0.9980154717852584
5517.742654,0.9982758879916641
5517.983708,1.0018745547852028
5518.224762,0.9997401137762768
5518.465816,0.999928079586397
5518.70687,0.9977077312697864
5518.947924,0.9998138173341441
5519.188978,1.0014713814209846
5519.430032,0.9973125177636228
5519.671086,0.9995061419880328
5519.91214,1.0002090418462022
5520.153194,1.0007140247944244
5520.394248,0.9983127250515706
5520.635302,0.997930544282326
5520.876356,1.0011559676161192
5521.11741,1.000640344933336
5521.358464,1.001523960048686
5521.599518,0.9982343605784999
5521.840572,0.998509911286268
5522.081626,1.00210391011951
5522.32268,0.9983730249612026
5522.563734,1.0035355353125166
5522.804788,1.0011449549610452
5523.045842,1.0009866464156543
5523.286896,0.9968648249577031
5523.52795,1.0002414191369104
5523.769004,0.9981880435787317
5524.010058,0.9992478729894249
5524.251112,0.9990290716562453
5524.492166,0.9990823612881493
5524.73322,1.0007691356332329
5524.974274,1.0007542042691175
5525.215328,0.9994730788717228
5525.456382,1.0009446358877012
5525.697436,1.0003259331046557
5525.93849,0.9999782782359209
5526.179544,0.9986441200369709
5526.420598,0.9981873448473457
5526.661652,0.9999097130761097
5526.902706,1.0010342344519836
5527.14376,0.9987027421673598
5527.384814,1.0004245100789115
5527.625868,1.0021025071750178
5527.866922,1.0005174138123711
5528.107976,0.9993839198553537
5528.34903,0.9993861584778415
5528.590084,0.9995202051383846
5528.831138,0.9999096570811673
5529.072192,0.9996196423543169
5529.313246,1.0005845107598768
5529.5543,1.0008879339801748
5529.795354,1.0000989578960096
5530.036408,0.9997922515826917
5530.277462,1.000216723481141
5530.518516,1.0014297210780585
5530.75957,0.9980656732260449
5531.000624,1.0000887809407946
5531.241678,1.0003608050744985
5531.482732,0.9995239533461818
5531.723786,0.9998219858464
5531.96484,1.000765562893796
5532.205894,1.0008017812548844
5532.446948,0.9993835400895363
5532.688002,0.9981988240678169
5532.929056,1.000816052790041
5533.17011,0.999357756326814
5533.411164,1.0014175037099875
5533.652218,0.9979381285832829
5533.893272,1.0001293783686593
5534.134326,1.0009795094063088
5534.37538,1.001738208936842
5534.616434,1.000200040005334
5534.857488,0.9999129717871746
5535.098542,0.9996946966145666
5535.339596,1.000109475992059
5535.58065,1.0002337573169846
5535.821704,0.9986932545363755
5536.062758,0.9983790152173232
5536.303812,1.0004472499864636
5536.544866,0.9981355402684886
5536.78592,0.9998952654850423
5537.026974,0.9993506908924531
5537.268028,1.0007491905031136
5537.509082,0.999973516350698
5537.750136,0.9989410610719556
5537.99119,1.00024819079424
5538.232244,0.9991023930903113
5538.473298,0.9995726613351889
5538.714352,0.9999360440452693
5538.955406,0.9996451329802011
5539.19646,0.9971505673614666
5539.437514,1.0027224992885022
5539.678568,1.000272187036171
5539.919622,1.0018838722618886
5540.160676,0.9996086965791614
5540.40173,0.9998442421315166
5540.642784,0.998905199731578
5540.883838,0.9973940015248904
5541.124892,1.0006760984515934
5541.365946,0.9978313549160175
5541.607,1.001019919764781
5541.848054,0.9974521512902285
5542.089108,1.0011813973006523
5542.330162,1.0003761807382343
5542.571216,1.000099023902543
5542.81227,0.9993626931663242
5543.053324,0.9997391540262283
5543.294378,0.9994801951453783
5543.535432,0.9999764622770165
5543.776486,0.9985483546578827
5544.01754,1.0009700401849393
5544.258594,1.00127140755417
5544.499648,0.9992490321176298
5544.740702,1.0023280056067543
5544.981756,0.9978003228434309
5545.22281,1.0001976895380018
5545.463864,1.0007729685863624
5545.704918,0.9969619243203162
5545.945972,1.0023020456475922
5546.187026,0.9990405205950088
5546.42808,1.001108213615406
5546.669134,0.9977245926729233
5546.910188,0.9992552474659393
5547.151242,0.9992385000883353
5547.392296,0.9997055533579238
5547.63335,0.9999433066071312
5547.874404,1.0010348350727043
5548.115458,1.0010834865479101
5548.356512,1.0015220571549697
5548.597566,1.0001762155241318
5548.83862,1.0011002047817323
5549.079674,0.9995830269574325
5549.320728,1.0009626630629278
5549.561782,1.0020231437992806
5549.802836,1.001226351354602
5550.04389,0.9982700980083048
5550.284944,0.9985597381740117
5550.525998,0.9983068350238684
5550.767052,1.0011138198370995
5551.008106,1.0009951848681646
5551.24916,0.9981387343073279
5551.490214,0.9990229176561183
5551.731268,0.9990713714426195
5551.972322,0.9993728867177816
5552.213376,1.0003272935488496
5552.45443,1.0016228153419713
5552.695484,1.0000565495988682
5552.936538,0.9997404136983559
5553.177592,0.9989844160548025
5553.418646,0.9991280903343267
5553.6597,1.0004281616350374
5553.900754,1.0004709708719708
5554.141808,0.9989901102822025
5554.382862,0.998847764333877
5554.623916,1.0010632648657216
5554.86497,1.0028635922698106
5555.106024,0.9991942647790921
5555.347078,0.9996095862312973
5555.588132,1.0005302705437429
5555.829186,0.9993241884635544
5556.07024,0.9987112311767464
5556.311294,1.0009650253376001
5556.552348,1.0008335472075445
5556.793402,0.9991272111019941
5557.034456,1.0013508115251148
5557.27551,0.9980344342593652
5557.516564,0.9982804800713106
5557.757618,0.9987987221126445
5557.998672,0.9977723848255253
5558.239726,1.0000323425230082
5558.48078,1.001452353645502
5558.721834,0.9986683873839348
5558.962888,0.9996115154796603
5559.203942,0.9990548968915374
5559.444996,1.0000457430461813
5559.68605,0.9980415203290041
5559.927104,1.0000158781260562
5560.168158,1.000021396228896
5560.409212,0.9977700899516793
5560.650266,1.0001746752539458
5560.89132,1.0016210124225262
5561.132374,0.9986371295525973
5561.373428,1.0012086298050193
5561.614482,1.0003051565507903
5561.855536,0.9994240059483004
5562.09659,0.9991997203946716
5562.337644,0.9996521405171446
5562.578698,0.9985882973909184
5562.819752,1.0011886058326636
5563.060806,1.0001884677578168
5563.30186,1.0010497506028673
5563.542914,0.9995201951431826
5563.783968,0.9996155539183406
5564.025022,1.0002679158830512
5564.266076,0.9987928292175682
5564.50713,0.9988208956904012
5564.748184,1.0026375722895216
5564.989238,1.00210751770008
5565.230292,0.9992218029525037
5565.471346,1.0010194192549464
5565.7124,0.9986659905826814
5565.953454,0.9983628416082833
5566.194508,0.9997216787385503
5566.435562,1.000299914965503
5566.676616,1.0011334418602635
5566.91767,0.9993953228909335
5567.158724,1.0010753778045096
5567.399778,1.0006643305698708
5567.640832,0.9983879008300995
5567.881886,1.00009143417985
5568.12294,0.9983991826771212
5568.363994,0.9997727258306879
5568.605048,1.0013961737443233
5568.846102,0.9992133595639422
5569.087156,1.00097924915167
5569.32821,1.001116522848062
5569.569264,0.9995519404086926
5569.810318,0.9973601904413398
5570.051372,1.0014810957404987
5570.292426,0.9993413869808306
5570.53348,1.0019362721586533
5570.774534,0.9983597466882714
5571.015588,0.9983085321469305
5571.256642,1.0001967393506481
5571.497696,0.9990146957313393
5571.73875,0.9988743340377837
5571.979804,1.0003166301167368
5572.220858,1.0003070371262524
5572.461912,0.9979306440753855
5572.702966,1.0008846310554427
5572.94402,1.00154238825909
5573.185074,0.9995152575256145
5573.426128,0.9990177926816963
5573.667182,1.0011633761976912
5573.908236,0.9997006548127138
5574.14929,0.9969310189796975
5574.390344,1.0000874028194038
5574.631398,0.9998102680013926
5574.872452,0.9986865633139858
5575.113506,1.0006267863485219
5575.35456,0.999880007199712
5575.595614,0.998248435782214
5575.836668,1.0007676645036847
5576.077722,0.9980299431145162
5576.318776,0.9995866254628069
5576.55983,0.9996325475272024
5576.800884,0.9973316663477897
5577.041938,1.0010107104238823
5577.282992,0.9982783836845037
5577.524046,0.9991476234794286
5577.7651,0.9994987756549113
5578.006154,0.9995248529181446
5578.247208,1.0000853696437806
5578.488262,0.9984195502281962
5578.729316,0.9976327064693629
5578.97037,1.0000593727624927
5579.211424,1.0001017151726375
5579.452478,0.9959089910701464
5579.693532,0.9984797567422831
5579.934586,0.9974880602140317
5580.17564,0.9996354564621482
5580.416694,0.9967700276205345
5580.657748,0.9998462418220004
5580.898802,0.999486072106204
5581.139856,0.999767187105129
5581.38091,1.0014251145119366
5581.621964,0.9986124635201242
5581.863018,0.9977719857166512
5582.104072,0.99801816643067
5582.345126,0.9986375290075291
5582.58618,1.0003013253893773
5582.827234,0.9991508906974993
5583.068288,0.9998325840156203
5583.309342,1.0007473191038772
5583.550396,0.9987800447511749
5583.79145,0.9965191721760644
5584.032504,0.9999188992888405
5584.273558,0.9987473851776985
5584.514612,0.9987964248782255
5584.755666,0.9991000452024463
5584.99672,0.9972954638653803
5585.237774,0.9986267437804561
5585.478828,0.9987228162942217
5585.719882,0.9981231634645257
5585.960936,0.9990934511639084
5586.20199,1.0000660401805568
5586.443044,0.9987291082677839
5586.684098,0.9985727195349866
5586.925152,0.999216457130158
5587.166206,0.9990937209191766
5587.40726,1.0008031023141075
5587.648314,0.9970844584703845
5587.889368,0.9954061839991271
5588.130422,0.9970628219723925
5588.371476,0.9964573899026598
5588.61253,0.9989602409244541
5588.853584,0.9984498027988922
5589.094638,0.9987211184668771
5589.335692,1.0003115385180474
5589.576746,0.998503321142601
5589.8178,0.9989405616015499
5590.058854,0.998395688286097
5590.299908,0.9973048384868013
5590.540962,0.9976856821725688
5590.782016,0.996320784958987
5591.02307,0.9989000054380446
5591.264124,0.9990799235301618
5591.505178,0.9977329735947016
5591.746232,0.9977142163911163
5591.987286,0.9990033769589576
5592.22834,0.9973288738230335
5592.469394,0.9969310189796975
5592.710448,0.9974244225058545
5592.951502,0.9980685676206941
5593.192556,0.9994507708815605
5593.43361,0.997905496540015
5593.674664,0.9978518106684641
5593.915718,0.9972221653425399
5594.156772,1.0008476890854785
5594.397826,0.9989640369805822
5594.63888,0.9985615355831581
5594.879934,0.995820757442345
5595.120988,0.9965714908059558
5595.362042,0.9962595131148405
5595.603096,0.9979437170524507
5595.84415,1.000642086049051
5596.085204,0.9975680619644882
5596.326258,0.9981944320026536
5596.567312,0.9962824273471549
5596.808366,0.9985652302676749
5597.04942,0.9971322199598237
5597.290474,0.9983716272399461
5597.531528,0.9969161648181785
5597.772582,0.9992840264314815
5598.013636,0.9967358389949253
5598.25469,0.9963630298558548
5598.495744,0.9985017235385653
5598.736798,0.9984172538658714
5598.977852,0.9996090764305382
5599.218906,0.9989343681892676
5599.45996,0.9953932438028466
5599.701014,0.9978614898779716
5599.942068,0.9969551450022806
5600.183122,0.9977220983645596
5600.424176,0.9977059353974864
5600.66523,0.9982574200585652
5600.906284,0.9974360924398669
5601.147338,0.9986026771659349
5601.388392,0.998347966112766
5601.629446,0.9979129808593052
5601.8705,0.995739800505709
5602.111554,0.9979289475947325
5602.352608,0.9957888916879617
5602.593662,0.9988143034942439
5602.834716,0.9973418391826678
5603.07577,0.9996351065897997
5603.316824,0.996125126771084
5603.557878,0.9974174405593338
5603.798932,0.9963327408801419
5604.039986,0.9982491345563635
5604.28104,0.9979466110934264
5604.522094,0.9981745681311028
5604.763148,0.9986208519000489
5605.004202,0.9986853648908288
5605.245256,0.9982745902338532
5605.48631,0.9995883547491647
5605.727364,0.9985735183934817
5605.968418,0.9970163599274626
5606.209472,0.9984470071433583
5606.450526,0.9986490134051478
5606.69158,0.996990836635348
5606.932634,0.9992691971665627
5607.173688,0.9972213675651267
5607.414742,0.9981864464791397
5607.655796,0.99852339126106
5607.89685,0.9959525132440087
5608.137904,0.996301954674098
5608.378958,0.9981416289138546
5608.620012,0.9986923557128509
5608.861066,0.9952530027750072
5609.10212,0.9977654004432769
5609.343174,0.998327400356492
5609.584228,0.998850960651837
5609.825282,0.9975811301916966
5610.066336,0.9962598119927393
5610.30739,0.9971684165163718
5610.548444,1.0004207785024484
5610.789498,0.9980250527797763
5611.030552,0.995830317367504
5611.271606,0.9975262647383498
5611.51266,0.9973973926702605
5611.753714,0.9968340223105153
5611.994768,0.9986040752106615
5612.235822,0.9958866829585982
5612.476876,0.9960531095278732
5612.71793,0.9973813347015056
5612.958984,0.9941037515059085
5613.200038,0.9966604886137777
5613.441092,0.9940749229151313
5613.682146,0.998122963839913
5613.9232,0.9950999446336531
5614.164254,0.9954162376523563
5614.405308,0.9987463864308127
5614.646362,0.9976416852041253
5614.887416,0.9954121564541485
5615.12847,0.9965203679997886
5615.369524,0.9957485630545087
5615.610578,0.9979058957022935
5615.851632,0.9954846250969649
5616.092686,0.9956538718687994
5616.33374,0.9955529176846555
5616.574794,0.9949748684318167
5616.815848,0.9951280068477671
5617.056902,0.9950994470838053
5617.297956,0.9967184959422118
5617.53901,0.9975671641536364
5617.780064,1.0002902921266068
5618.021118,0.9951579606515758
5618.262172,0.9962327140943862
5618.503226,0.9969456739733905
5618.74428,0.9975844222148581
5618.985334,0.9952316050654737
5619.226388,0.995309833343963
5619.467442,0.997048962895488
5619.708496,0.998114978888142
5619.94955,0.9942660024774733
5620.190604,0.9956143451946958
5620.431658,0.9953997138799591
5620.672712,0.9938884519511157
5620.913766,0.9956894173465081
5621.15482,0.9964380588168078
5621.395874,0.994764055593605
5621.636928,0.9984644801188713
5621.877982,0.9969952234046802
5622.119036,0.994991882647538
5622.36009,0.9950080016466004
5622.601144,0.9983180161230347
5622.842198,0.995772062997895
5623.083252,0.9967601596461076
5623.324306,0.9936822414924109
5623.56536,0.9969804679845641
5623.806414,0.9976190389949066
5624.047468,0.9939281088914993
5624.288522,0.9993274862388176
5624.529576,0.9980876309123895
5624.77063,0.9968549560447872
5625.011684,0.9954557564614344
5625.252738,0.9940333714517852
5625.493792,0.9956714950982966
5625.734846,0.9964455321302739
5625.9759,0.9951773664210142
5626.216954,0.998039224836147
5626.458008,0.9970184536640169
5626.699062,0.9961809113401365
5626.940116,0.9953669657680818
5627.18117,0.9961727426901551
5627.422224,0.9981119845476969
5627.663278,0.9947419720766988
5627.904332,0.9961844975978726
5628.145386,0.9940404291137771
5628.38644,0.9967513881952972
5628.627494,0.9936737952292549
5628.868548,0.9961622829312706
5629.109602,0.9938592320601629
5629.350656,0.9950498923652632
5629.59171,0.9951866216135584
5629.832764,0.9951493028149798
5630.073818,0.995011583681854
5630.314872,0.9941200549411209
5630.555926,0.9950824310287478
5630.79698,0.9978772562140654
5631.038034,0.9940738294333176
5631.279088,0.9953233696497431
5631.520142,0.9956108605505858
5631.761196,0.9968443894382563
5632.00225,0.9937609442425248
5632.243304,0.996273958982513
5632.484358,0.9960408581499721
5632.725412,0.9965177770502
5632.966466,0.9939301961427196
5633.20752,0.9929013155363677
5633.448574,0.9938041737838351
5633.689628,0.9992815981742476
5633.930682,0.9945356839845046
5634.171736,0.9951842331685327
5634.41279,0.9954319653531598
5634.653844,0.9974518520546279
5634.894898,0.9940559362654268
5635.135952,0.993456601877716
5635.377006,0.9941955115168318
5635.61806,0.9943178050856487
5635.859114,0.9932499843934887
5636.100168,0.9945725819428334
5636.341222,0.9951181551292655
5636.582276,0.9950165587522101
5636.82333,0.9942783314523436
5637.064384,0.9957986504669182
5637.305438,0.993553468618576
5637.546492,0.9908923283999332
5637.787546,0.9959319968335557
5638.0286,0.9924792236400982
5638.269654,0.9961332950306134
5638.510708,0.9918239075548451
5638.751762,0.9985016236883979
5638.992816,0.9939991772919501
5639.23387,0.9937052951878353
5639.474924,0.9929417274422868
5639.715978,0.9939437136853062
5639.957032,0.9949359656750149
5640.198086,0.9889831350822673
5640.43914,0.9953522344460004
5640.680194,0.9938885513399659
5640.921248,0.9936737952292549
5641.162302,0.9954836296128375
5641.403356,0.9944865551352084
5641.64441,0.9920481842938731
5641.885464,0.9944378264878684
5642.126518,0.9950356632535408
5642.367572,0.9917088626543019
5642.608626,0.9935274378587026
5642.84968,0.9935153168978987
5643.090734,0.993810236007785
5643.331788,0.9939396385244342
5643.572842,0.9913655924695486
5643.813896,0.9924813078486563
5644.05495,0.9924786281527427
5644.296004,0.9949350702330487
5644.537058,0.996021236338342
5644.778112,0.9929743957625106
5645.019166,0.9905551851087633
5645.26022,0.9926062691114608
5645.501274,0.9913394207633754
5645.742328,0.9925511809922346
5645.983382,0.9935320080954283
5646.224436,0.993888650728826
5646.46549,0.9915205550216595
5646.706544,0.9920876685973404
5646.947598,0.9921909502993608
5647.188652,0.9943158164520272
5647.429706,0.9934684240816203
5647.67076,0.9921419372770476
5647.911814,0.9924035003642142
5648.152868,0.9945228545569312
5648.393922,0.9940277054777159
5648.634976,0.9938873586744199
5648.87603,0.9926579852452752
5649.117084,0.9955574972386099
5649.358138,0.9927656944797946
5649.599192,0.9917212590925627
5649.840246,0.994226829168695
5650.0813,0.9930646612375891
5650.322354,0.992119614334593
5650.563408,0.9917388127141977
5650.804462,0.9940735312112134
5651.045516,0.9930482758058589
5651.28657,0.9934052414990762
5651.527624,0.9931244455296847
5651.768678,0.9942188753858768
5652.009732,0.9941698616035199
5652.250786,0.9938905391190564
5652.49184,0.9918189484477051
5652.732894,0.9946528471888553
5652.973948,0.9943488282851267
5653.215002,0.9939294009988807
5653.456056,0.9924968899275085
5653.69711,0.996160091376659
5653.938164,0.9946564279455505
5654.179218,0.9916780209882639
5654.420272,0.9962048199689111
5654.661326,0.9917082676291629
5654.90238,0.9976919676121656
5655.143434,0.9921056255466519
5655.384488,0.9911898389310153
5655.625542,0.9921555297146962
5655.866596,0.9932708428621742
5656.10765,0.9941511713858104
5656.348704,0.9962271352068082
5656.589758,0.9957057467868536
5656.830812,0.9939749240079154
5657.071866,0.9930839268788932
5657.31292,0.9954876115553198
5657.553974,0.9944310643336396
5657.795028,0.994183382405579
5658.036082,0.9923994315182038
5658.277136,0.9932166117546766
5658.51819,0.995928610670523
5658.759244,0.9952115015900972
5659.000298,0.9948648302965892
5659.241352,0.9943332171310705
5659.482406,0.9928036188536746
5659.72346,0.9942984160774929
5659.964514,0.9960705406098115
5660.205568,0.9932202866629386
5660.446622,0.9937119530356169
5660.687676,0.9951803519575917
5660.92873,0.9925614043220489
5661.169784,0.9933924266541168
5661.410838,0.9949904896598774
5661.651892,0.9955159833565455
5661.892946,0.9951855269088767
5662.134,0.9954009083603323
5662.375054,0.994483472231666
5662.616108,0.9934290835109751
5662.857162,0.9934921682606976
5663.098216,0.9950260114544185
5663.33927,0.995252007522502
5663.580324,0.9953221752624162
5663.821378,0.9942830045714832
5664.062432,0.9935560518609525
5664.303486,0.9936574991126417
5664.54454,0.9931947612295746
5664.785594,0.9955499310303825
5665.026648,0.9950291955427497
5665.267702,0.9920582040311341
5665.508756,0.9931912850539936
5665.74981,0.9940497731377276
5665.990864,0.9972230628428925
5666.231918,0.9949344732721856
5666.472972,0.9944964006008392
5666.714026,0.995103029448263
5666.95508,0.9925682530193667
5667.196134,0.9952204585339177
5667.437188,0.9945631335481849
5667.678242,0.9968651240171955
5667.919296,0.9929359683969688
5668.16035,0.9911465248814729
5668.401404,0.9967452083558479
5668.642458,0.9973427367907269
5668.883512,0.9972795072656115
5669.124566,0.9955963247381334
5669.36562,0.9958415703136693
5669.606674,0.994085062531057
5669.847728,0.9891997461068919
5670.088782,0.9966466351292679
5670.329836,0.991890659550003
5670.57089,0.9976836868031999
5670.811944,0.9942845954255632
5671.052998,0.9955054309430498
5671.294052,0.9937102637267327
5671.535106,0.9927255875559029
5671.77616,0.9964265998450207
5672.017214,0.995745376664205
5672.258268,0.9926987843268841
5672.499322,0.9941205520012727
5672.740376,0.9977869524086869
5672.98143,0.9947545059045099
5673.222484,0.9950399419160919
5673.463538,0.9965842470026776
5673.704592,0.9927553697702606
5673.945646,0.99135746330502
5674.1867,0.9965206669559438
5674.427754,0.9947050678341127
5674.668808,0.9960881712144106
5674.909862,0.9971977336987778
5675.150916,0.9942900640058766
5675.39197,0.9954266895777242
5675.633024,0.9925697418728628
5675.874078,0.9940080239239955
5676.115132,0.9931563253360544
5676.356186,0.9960695445397689
5676.59724,0.9968365143986861
5676.838294,0.9944007346487075
5677.079348,0.9958186662209502
5677.320402,0.9937593542262861
5677.561456,0.9956448114597903
5677.80251,0.993620038931054
5678.043564,0.9952009524040911
5678.284618,0.9947108371402371
5678.525672,0.9953327257333913
5678.766726,0.9954637201393407
5679.00778,0.9956892182086445
5679.248834,0.9961352872991958
5679.489888,0.9955963247381334
5679.730942,0.9940599124971242
5679.971996,0.9939736318413541
5680.21305,0.9952745004720415
5680.454104,0.9942938423152986
5680.695158,0.9965099045908575
5680.936212,0.9932062823556272
5681.177266,0.9943825372817698
5681.41832,0.9961639764085911
5681.659374,0.9958500350029919
5681.900428,0.9960110769735443
5682.141482,0.9931677466994684
5682.382536,0.9953930447242177
5682.62359,0.996191172056366
5682.864644,0.9974959404008341
5683.105698,0.9979688655509901
5683.346752,0.9940795950782486
5683.587806,0.9957883937936403
5683.82886,0.996345494020845
5684.069914,0.9966344761144894
5684.310968,0.9942116176145774
5684.552022,0.9958199607860577
5684.793076,0.9955121008517812
5685.03413,0.9953487507192764
5685.275184,0.9947938989629211
5685.516238,0.9956160377405213
5685.757292,0.996532824582242
5685.998346,0.9955441568575276
5686.2394,0.9973027441488395
5686.480454,0.9972976579178142
5686.721508,0.9944878479685705
5686.962562,0.9952745999994964
5687.203616,0.9967753105156806
5687.44467,0.9953512390942637
5687.685724,0.9962598119927393
5687.926778,0.9960223319623046
5688.167832,0.9951730871675389
5688.408886,0.9958693546810712
5688.64994,0.9987612678628369
5688.890994,0.9985869992269756
5689.132048,0.99785450487199
5689.373102,0.9972884828215669
5689.614156,0.9983917945505055
5689.85521,0.9988439687195841
5690.096264,0.9945855114704404
5690.337318,1.0006357119792644
5690.578372,0.9968942329038044
5690.819426,0.997106893123089
5691.06048,0.9954976660309716
5691.301534,0.995336707072257
5691.542588,0.9962483550707788
5691.783642,0.9952959986334309
5692.024696,0.9980146733732004
5692.26575,0.9967052396743702
5692.506804,0.9990444768033037
5692.747858,0.9965010356921733
5692.988912,0.996499939541637
5693.229966,0.9985636325645846
5693.47102,0.9968179734119501
5693.712074,0.9947310299751876
5693.953128,1.0012455750850953
5694.194182,0.9962005362973951
5694.435236,0.9986505113797914
5694.67629,0.9976170437588239
5694.917344,0.9962137858526373
5695.158398,0.9968920397389045
5695.399452,0.9975603807199839
5695.640506,0.999638495358555
5695.88156,0.996722084135256
5696.122614,0.9956126526517477
5696.363668,0.9971501685013194
5696.604722,0.9957754486286647
5696.845776,0.9964472260891183
5697.08683,0.996558336149098
5697.327884,0.9956102631842487
5697.568938,0.9984728672557303
5697.809992,0.9962818295778778
5698.051046,1.000148611041527
5698.2921,0.9995182860614331
5698.533154,0.9949800423145846
5698.774208,0.9958464499493189
5699.015262,0.9962926891090045
5699.256316,0.9958484416442105
5699.49737,0.9998452419762586
5699.738424,0.9973264802366085
5699.979478,0.9980254519898772
5700.220532,0.9979602830556511
5700.461586,0.9970749862130223
5700.70264,0.9966643755972628
5700.943694,0.9956336603003486
5701.184748,0.9990754476621304
5701.425802,0.9989525489602131
5701.666856,0.9989274755659067
5701.90791,0.9951159658717323
5702.148964,0.9960214355426092
5702.390018,0.9954508787401781
5702.631072,0.9959833882504794
5702.872126,0.9975174865458443
5703.11318,0.999023936660014
5703.354234,0.9962730623363534
5703.595288,0.9954479919368157
5703.836342,0.9982146955552976
5704.077396,0.9987188214109463
5704.31845,0.9965642158606264
5704.559504,0.9988971086322292
5704.800558,0.9978232725147764
5705.041612,0.9964193259573915
5705.282666,0.9965383055278498
5705.52372,0.9995251227898914
5705.764774,0.9980018988671382
5706.005828,0.9991698947281682
5706.246882,0.9964682513474045
5706.487936,0.9955381836105062
5706.72899,0.9987425912017552
5706.970044,0.9967489959948361
5707.211098,0.9967885677154705
5707.452152,0.9994272540815979
5707.693206,0.9970954264597515
5707.93426,0.9976850835613391
5708.175314,0.9968734977194067
5708.416368,0.9974308060425858
5708.657422,0.9976871787022145
5708.898476,0.9998612296294987
5709.13953,0.9965631196405919
5709.380584,0.9966337784706003
5709.621638,0.9980726597102101
5709.862692,0.997760611180849
5710.103746,0.9987098329820016
5710.3448,0.9973872192687397
5710.585854,0.9975482105575773
5710.826908,0.9991846325928069
5711.067962,0.99564341755803
5711.309016,0.9961523213582493
5711.55007,0.9973888150895672
5711.791124,0.9974219289479151
5712.032178,0.9935988750496209
5712.273232,0.9969893411502146
5712.514286,0.9975678624508957
5712.75534,0.996435368437681
5712.996394,0.997274321425657
5713.237448,0.9968789805387219
5713.478502,0.9953869728451642
5713.719556,0.9994690809874031
5713.96061,0.9962353043028102
5714.201664,0.9981298509121238
5714.442718,0.9960975344872274
5714.683772,0.9990446666217723
5714.924826,0.9956391363005392
5715.16588,0.9978246694683358
5715.406934,0.9989072974347001
5715.647988,0.997831055566656
5715.889042,0.9973113209893195
5716.130096,0.9939391415547392
5716.37115,0.9953629843081816
5716.612204,0.9964865865319125
5716.853258,0.9958995299796715
5717.094312,0.9965243540892327
5717.335366,0.9958371886203997
5717.57642,0.9949864102072327
5717.817474,0.9954076771095229
5718.058528,0.9967814905417638
5718.299582,0.9962038237645893
5718.540636,0.995746173260825
5718.78169,0.9955951300232606
5719.022744,0.993640010894554
5719.263798,0.9953203836841131
5719.504852,0.9943634453203375
5719.745906,0.9978092033058221
5719.98696,0.9961482371421044
5720.228014,0.9973503166243299
5720.469068,0.995900625469757
5720.710122,0.9953775167138388
5720.951176,0.995191199482547
5721.19223,0.997389214045173
5721.433284,0.9937627330138344
5721.674338,0.9946569252738888
5721.915392,0.9951703006867959
5722.156446,0.9933646120555766
5722.3975,0.9945633324608315
5722.638554,0.9980418197415051
5722.879608,0.9959616760492794
5723.120662,0.9940548428044983
5723.361716,0.9927280693729741
5723.60277,0.9960882708232327
5723.843824,0.9936565054556393
5724.084878,0.9959897625645621
5724.325932,0.996301755413727
5724.566986,0.9950233248878144
5724.80804,0.9958349977809946
5725.049094,0.9908608185248998
5725.290148,0.993105377723382
5725.531202,0.9947076540706511
5725.772256,0.9954662088017519
5726.01331,0.9929796585407544
5726.254364,0.9919489844355194
5726.495418,0.996039264485874
5726.736472,0.9960149614243191
5726.977526,0.9947481394960447
5727.21858,0.9924137221729101
5727.459634,0.9926682096751789
5727.700688,0.991058217660251
5727.941742,0.9923134934486064
5728.182796,0.9924383343384096
5728.42385,0.9946014249659315
5728.664904,0.9915698348178369
5728.905958,0.991605432813887
5729.147012,0.9917302837970828
5729.388066,0.9916321073588008
5729.62912,0.9941258208541607
5729.870174,0.9928150361609408
5730.111228,0.9915330482593601
5730.352282,0.9934780607720718
5730.593336,0.9919295424259568
5730.83439,0.9915496069995311
5731.075444,0.9927694669966013
5731.316498,0.9921700152911745
5731.557552,0.991560315793114
5731.798606,0.9943226772548304
5732.03966,0.9907864076715911
5732.280714,0.9922021621204459
5732.521768,0.9898102706777016
5732.762822,0.9934104072197628
5733.003876,0.9921815245301054
5733.24493,0.9902231076310967
5733.485984,0.9915034018644329
5733.727038,0.9895381102770354
5733.968092,0.9932773984713705
5734.209146,0.9916005739591705
5734.4502,0.9927185392292528
5734.691254,0.9933071972403039
5734.932308,0.9911326489272565
5735.173362,0.9890602787753687
5735.414416,0.9906628643096431
5735.65547,0.9911361178975984
5735.896524,0.9898350162437868
5736.137578,0.9925456227211842
5736.378632,0.9929758852252213
5736.619686,0.9894955610531084
5736.86074,0.9917420854576797
5737.101794,0.9920528469312965
5737.342848,0.9882624291060385
5737.583902,0.9904827781712376
5737.824956,0.9906468157012354
5738.06601,0.990333325596492
5738.307064,0.9920139592219008
5738.548118,0.9913330762113851
5738.789172,0.9885520324225805
5739.030226,0.9913289126212086
5739.27128,0.9919654509253325
5739.512334,0.9922803507314117
5739.753388,0.9921434254910697
5739.994442,0.9910627765385377
5740.235496,0.9893560520146183
5740.47655,0.9898854991169176
5740.717604,0.9903664032819611
5740.958658,0.9908525944142361
5741.199712,0.9900033025004747
5741.440766,0.9913166202189051
5741.68182,0.9915313626546107
5741.922874,0.9909033273658227
5742.163928,0.9931476849136098
5742.404982,0.9914377665117836
5742.646036,0.9905292329028889
5742.88709,0.9925754987940607
5743.128144,0.9938302117942847
5743.369198,0.9912048060105844
5743.610252,0.9913712432695304
5743.851306,0.9920587000603601
5744.09236,0.9924286084903898
5744.333414,0.9928785783565837
5744.574468,0.9915549613818657
5744.815522,0.9928248650784519
5745.056576,0.9906930799877913
5745.29763,0.9932513749444403
5745.538684,0.9934320638026961
5745.779738,0.9921587046174712
5746.020792,0.9922727102021272
5746.261846,0.9894826976944268
5746.5029,0.9900930998722608
5746.743954,0.9922699318424283
5746.985008,0.9917948475400851
5747.226062,0.9898053216387208
5747.467116,0.9897766177006023
5747.70817,0.9925106857301591
5747.949224,0.9921216977879707
5748.190278,0.9922837244903396
5748.431332,0.9930476799770721
5748.672386,0.9951370625538329
5748.91344,0.992446472366117
5749.154494,0.9939373524658945
5749.395548,0.9927820752488944
5749.636602,0.989315489248028
5749.877656,0.9929194857966994
5750.11871,0.9940905300139365
5750.359764,0.9933361029003189
5750.600818,0.9937088725333373
5750.841872,0.9919455126201495
5751.082926,0.9924466708554314
5751.32398,0.9942549661860974
5751.565034,0.9899429141408859
5751.806088,0.9933607379411441
5752.047142,0.9933396789167263
5752.288196,0.9961024153771045
5752.52925,0.9924612599287224
5752.770304,0.9922736032479682
5753.011358,0.9917808633313236
5753.252412,0.9938084471509702
5753.493466,0.9929762824156548
5753.73452,0.9924171956270162
5753.975574,0.9917071767506684
5754.216628,0.9942924503048938
5754.457682,0.996830334031456
5754.698736,0.9933394802488102
5754.93979,0.9923957596471001
5755.180844,0.9928770890398332
5755.421898,0.9925204123825397
5755.662952,0.9898092808679257
5755.904006,0.9953185921090348
5756.14506,0.994322378958072
5756.386114,0.9919139692543903
5756.627168,0.9918409670727665
5756.868222,0.9940232323631057
5757.109276,0.994002159293955
5757.35033,0.9941054414837225
5757.591384,0.9937061895230035
5757.832438,0.9900478536514806
5758.073492,0.9919672364647512
5758.314546,0.9941409316814797
5758.5556,0.9928672596053074
5758.796654,0.9957291461468445
5759.037708,0.9929160105845808
5759.278762,0.9928937695150446
5759.519816,0.9931885041222888
5759.76087,0.9937321255930143
5760.001924,0.9951010392441944
5760.242978,0.9935043882895203
5760.484032,0.9927558661480695
5760.725086,0.9938490947476962
5760.96614,0.9896825933881463
5761.207194,0.99054002973037
5761.448248,0.9923648966188977
5761.689302,0.9935624106400326
5761.930356,0.9950501908802757
5762.17141,0.9920588984721199
5762.412464,0.9937216914604748
5762.653518,0.993491373467281
5762.894572,0.9952180700076835
5763.135626,0.9949108936045893
5763.37668,0.9935024012827307
5763.617734,0.9935321074486341
5763.858788,0.9936168593520167
5764.099842,0.994214401411004
5764.340896,0.99333034156763
5764.58195,0.9934219308473234
5764.823004,0.9935314119764023
5765.064058,0.991833230743395
5765.305112,0.9922746947495321
5765.546166,0.9936421969049826
5765.78722,0.9949185544479642
5766.028274,0.9941829847323056
5766.269328,0.991667013423323
5766.510382,0.993021463864375
5766.751436,0.9973972929305263
5766.99249,0.9924713830852017
5767.233544,0.990407405299793
5767.474598,0.9922169460428014
5767.715652,0.9941515690463585
5767.956706,0.9960473324365915
5768.19776,0.9929529477472014
5768.438814,0.9927266795546498
5768.679868,0.9934417994846261
5768.920922,0.9946918383446868
5769.161976,0.9922937466065685
5769.40303,0.9941813940408025
5769.644084,0.9930159029597478
5769.885138,0.9947783802991432
5770.126192,0.9927763171295565
5770.367246,0.9938236525365325
5770.6083,0.9935738366734544
5770.849354,0.9921770597232908
5771.090408,0.9931426198733326
5771.331462,0.9946517530713251
5771.572516,0.9933783205818116
5771.81357,0.9952701212738736
5772.054624,0.9970031993983713
5772.295678,0.9922717179299131
5772.536732,0.9926053757662207
5772.777786,0.9925200153744542
5773.01884,0.990779075879302
5773.259894,0.9927282679186078
5773.500948,0.996383455507329
5773.742002,0.9933967975904101
5773.983056,0.9927679778435177
5774.22411,0.9944229100323447
5774.465164,0.9907080395662436
5774.706218,0.9915552588483987
5774.947272,0.9951417397090182
5775.188326,0.9948225494397761
5775.42938,0.9927588444201354
5775.670434,0.9922338138742602
5775.911488,0.9923050588197594
5776.152542,0.9932597182910318
5776.393596,0.9921861877942294
5776.63465,0.9933978903274884
5776.875704,0.9909752695588594
5777.116758,0.9933024293772
5777.357812,0.9916701867628432
5777.598866,0.9906484007374086
5777.83992,0.994339481450071
5778.080974,0.9945889925258224
5778.322028,0.9942182788547306
5778.563082,0.9950464096967346
5778.804136,0.9929408337951342
5779.04519,0.9938073539622795
5779.286244,0.9935006129800179
5779.527298,0.9941161778804669
5779.768352,0.9913882950015591
5780.009406,0.9930521487016866
5780.25046,0.9929880989037235
5780.491514,0.9903301565349205
5780.732568,0.9953106295921481
5780.973622,0.9920966966362023
5781.214676,0.9920377678426245
5781.45573,0.9919599951303558
5781.696784,0.9918199402671495
5781.937838,0.9935747308903099
5782.178892,0.9918816333860702
5782.419946,0.9928748054251545
5782.661,0.9904643553628963
5782.902054,0.9939487828111723
5783.143108,0.9939657794806794
5783.384162,0.991177151782275
5783.625216,0.9943052767602332
5783.86627,0.9901138920456751
5784.107324,0.9911494983255077
5784.348378,0.9947325220728517
5784.589432,0.9903009422262159
5784.830486,0.9936750870060284
5785.07154,0.9944313626630037
5785.312594,0.9940556380486906
5785.553648,0.9901714193339546
5785.794702,0.9922015667993271
5786.035756,0.9928596145568419
5786.27681,0.9908411996749202
5786.517864,0.9937155304050871
5786.758918,0.9924857740245905
5786.999972,0.9937635280243388
5787.241026,0.9938690713152646
5787.48208,0.9903194610269859
5787.723134,0.9908941120077296
5787.964188,0.9896083699770549
5788.205242,0.9935750289627738
5788.446296,0.9936663427037377
5788.68735,0.9919233924818586
5788.928404,0.9898864890029117
5789.169458,0.9898716408169382
5789.410512,0.9936465689402675
5789.651566,0.9937355042879851
5789.89262,0.9915811387783863
5790.133674,0.9932248554867655
5790.374728,0.9919808265089822
5790.615782,0.9871384261407058
5790.856836,0.9913169176139358
5791.09789,0.9939838698224877
5791.338944,0.9890830274233889
5791.579998,0.9949958626230285
5791.821052,0.9907153708328621
5792.062106,0.991208374354309
5792.30316,0.99245103763039
5792.544214,0.9928577281253664
5792.785268,0.9905039747294928
5793.026322,0.9918979995680417
5793.267376,0.9922906705007221
5793.50843,0.9917761027946049
5793.749484,0.9949405423909834
5793.990538,0.9927463357375005
5794.231592,0.99263644480071
5794.472646,0.9897776074777149
5794.7137,0.9908178160985353
5794.954754,0.994432158208412
5795.195808,0.9896905108805634
5795.436862,0.9942092315095584
5795.677916,0.9919698155829187
5795.91897,0.9928297299322096
5796.160024,0.9936640572737777
5796.401078,0.9935162110620863
5796.642132,0.9933046146449485
5796.883186,0.9947577885997958
5797.12424,0.9921167371918832
5797.365294,0.9919569200591373
5797.606348,0.9945797428912028
5797.847402,0.9956848371857226
5798.088456,0.9929177978350083
5798.32951,0.9959639667637686
5798.570564,0.9921124710990854
5798.811618,0.9922049402903892
5799.052672,0.9936993329739509
5799.293726,0.9932480972203112
5799.53478,0.9949152712221518
5799.775834,0.9944221144943349
5800.016888,0.9938969000388617
5800.257942,0.9953662690114496
5800.498996,0.995413450490793
5800.74005,0.9950629276042338
5800.981104,0.9925754987940607
5801.222158,0.9968772858458955
5801.463212,0.9940766128439368
5801.704266,0.9943475356324902
5801.94532,0.9951948816967972
5802.186374,0.9934151756011615
5802.427428,0.9935395589673831
5802.668482,0.9945821298854501
5802.909536,0.9958683588122145
5803.15059,0.9938555547878073
5803.391644,0.9956294786477567
5803.632698,0.9969804679845641
5803.873752,0.9934617678654774
5804.114806,0.9951484071810103
5804.35586,0.9947285431507212
5804.596914,0.9937258651003436
5804.837968,0.9953124211528938
5805.079022,0.9987756501286462
5805.320076,0.9937005254138659
5805.56113,0.9923793852521551
5805.802184,0.9960672535824511
5806.043238,0.9905575624440603
5806.284292,0.9946304677515632
5806.525346,0.9947159101784427
5806.7664,0.9943712013854595
5807.007454,0.9929511604335042
5807.248508,0.9973653767278144
5807.489562,0.9937358024086811
5807.730616,0.994536678520686
5807.97167,0.9936927745799959
5808.212724,0.9940936116993562
5808.453778,0.9970274268704793
5808.694832,0.9926645368095979
5808.935886,0.9939421233766366
5809.17694,0.9921831120218146
5809.417994,0.9922484990433755
5809.659048,0.9947058635984852
5809.900102,0.9945543814311191
5810.141156,0.996920750643084
5810.38221,0.9964699453448717
5810.623264,0.9966070690432453
5810.864318,0.9927012660769471
5811.105372,0.9978098019915237
5811.346426,0.992858125268537
5811.58748,0.9970069880177274
5811.828534,0.9985566426436214
5812.069588,0.9923207373635489
5812.310642,0.9966357717401505
5812.551696,0.9929877017085634
5812.79275,0.9950077031442447
5813.033804,0.9980659726457918
5813.274858,0.9950030266190297
5813.515912,0.9953568130768098
5813.756966,0.994831701849332
5813.99802,0.9954351507405456
5814.239074,0.9961132729526059
5814.480128,0.995323071052777
5814.721182,0.9940288983116782
5814.962236,0.9954073784872646
5815.20329,0.9935524750656041
5815.444344,0.9943997402484701
5815.685398,0.9951328829869472
5815.926452,0.9964335748556321
5816.167506,0.9964204220192528
5816.40856,0.9940285007001983
5816.649614,0.9980022980679776
5816.890668,0.9946089839654855
5817.131722,0.9943065693579332
5817.372776,0.9962508456947797
5817.61383,0.9964643651288024
5817.854884,0.996162382547504
5818.095938,0.9950664103305752
5818.336992,0.9967774037460305
5818.578046,0.9959499237708406
5818.8191,0.9940705489950932
5819.060154,0.9970076859228633
5819.301208,0.9949902906617993
5819.542262,0.9981006061359301
5819.783316,0.9954714847866398
5820.02437,0.9967044423104974
5820.265424,0.9950315836156847
5820.506478,0.9979382283771007
5820.747532,0.9936545181446158
5820.988586,0.9961973484607796
5821.22964,0.9959002271095865
5821.470694,0.9947509247947346
5821.711748,0.9946031157897912
5821.952802,0.9969978155956308
5822.193856,0.9967084291362402
5822.43491,0.9961868884435359
5822.675964,0.9954219115410815
5822.917018,0.9948062344837484
5823.158072,0.9962630996555435
5823.399126,0.9946338495009025
5823.64018,0.9958867825472715
5823.881234,0.9953342187335996
5824.122288,0.9969456739733905
5824.363342,0.996062273258634
5824.604396,0.9966169355020676
5824.84545,0.9968957282462754
5825.086504,0.9963986006509555
5825.327558,0.9946467798249929
5825.568612,0.9950855157890653
5825.809666,0.9948746795071626
5826.05072,0.9967881690001232
5826.291774,0.9926597720312567
5826.532828,0.9972141875971282
5826.773882,0.9968320286444643
5827.014936,0.9949534767021073
5827.25599,0.9970856549724525
5827.497044,0.9961059017416595
5827.738098,0.9959267184079603
5827.979152,0.9945547792529512
5828.220206,0.9992556971309019
5828.46126,0.9945016714457301
5828.702314,0.9982696987003454
5828.943368,0.994627981178502
5829.184422,0.9975098056907692
5829.425476,0.9967368357312627
5829.66653,0.9972769143422635
5829.907584,0.9962293269089165
5830.148638,0.9966764353091687
5830.389692,0.9940895359239036
5830.630746,0.9984667765898166
5830.8718,0.9963414090126939
5831.112854,0.9933553738076424
5831.353908,0.9955938357504328
5831.594962,0.993167548065939
5831.836016,0.9991135031706944
5832.07707,0.9962904972674995
5832.318124,0.9959156636827398
5832.559178,0.9954913944154312
5832.800232,0.9989412608601878
5833.041286,0.9954638196857177
5833.28234,0.9954913944154312
5833.523394,0.9964137460247899
5833.764448,0.9972370240635007
5834.005502,0.9960287065256278
5834.246556,0.9965497657842597
5834.48761,0.9963576495100205
5834.728664,0.9977417536835016
5834.969718,0.9963249695150714
5835.210772,0.9972982562965885
5835.451826,0.9967129143342631
5835.69288,0.9956269895771716
5835.933934,0.9977058356268979
5836.174988,0.995196971608243
5836.416042,0.9968643265254152
5836.657096,0.9986729812690828
5836.89815,0.9941616100279127
5837.139204,0.9978352464658902
5837.380258,0.9966925815982053
5837.621312,0.9970650155130137
5837.862366,0.9918536627183969
5838.10342,0.9961293105054023
5838.344474,0.9941531596901415
5838.585528,0.9928385661561272
5838.826582,0.9976394903948321
5839.067636,0.9974461665952749
5839.30869,0.9978324525311116
5839.549744,0.9969180589606911
5839.790798,0.9976453764851894
5840.031852,0.9965956081278516
5840.272906,0.9939279101058974
5840.51396,0.9954662088017519
5840.755014,0.9954351507405456
5840.996068,0.9966853057689165
5841.237122,0.9936087117271754
5841.478176,0.9955334050386935
5841.71923,0.9918824268916943
5841.960284,0.9936157663740726
5842.201338,0.9972746206079983
5842.442392,0.9959105845258068
5842.683446,0.9951656233973744
5842.9245,0.9952523060981491
5843.165554,0.9955678510904211
5843.406608,0.9970259313304606
5843.647662,0.9929488766484615
5843.888716,0.9961896777707286
5844.12977,0.9960264156622373
5844.370824,0.9938858678445001
5844.611878,0.9941054414837225
5844.852932,0.9976123549697369
5845.093986,0.9936672370038485
5845.33504,0.9932153205739206
5845.576094,0.9946346452083004
5845.817148,0.9930454952745793
5846.058202,0.9955734262859977
5846.299256,0.9951521887521425
5846.54031,0.9934147782351708
5846.781364,0.9958181683117415
5847.022418,0.9903849233068642
5847.263472,0.9937426592093737
5847.504526,0.9906993213738556
5847.74558,0.9962755530221226
5847.986634,0.9946322580880165
5848.227688,0.9956658197869492
5848.468742,0.9925052269363992
5848.709796,0.9949315879663968
5848.95085,0.9930990218693034
5849.191904,0.9963589447758068
5849.432958,0.9916959705228865
5849.674012,0.9935436324879255
5849.915066,0.9937955277251336
5850.15612,0.9957764444046112
5850.397174,0.9932164131113741
5850.638228,0.9912961001772498
5850.879282,0.9935483021539719
5851.120336,0.9922954335073716
5851.36139,0.9931310994857605
5851.602444,0.9892719603241446
5851.843498,0.9951661209803104
5852.084552,0.9936562073587324
5852.325606,0.9941679726825774
5852.56666,0.9931899939061622
5852.807714,0.9897904746702487
5853.048768,0.9921262615582771
5853.289822,0.9924490527302997
5853.530876,0.9933079918863796
5853.77193,0.9924895454776975
5854.012984,0.9919257731008572
5854.254038,0.990858935891133
5854.495092,0.9905428032463363
5854.736146,0.9948422471212615
5854.9772,0.9944550304110802
5855.218254,0.9934190499279013
5855.459308,0.9943456463739673
5855.700362,0.9916762359694326
5855.941416,0.9937819128196661
5856.18247,0.9924230509057436
5856.423524,0.9903794762047655
5856.664578,0.9951347737412212
5856.905632,0.99636920732579
5857.146686,0.9923861334549187
5857.38774,0.9943157170204504
5857.628794,0.9920874701798266
5857.869848,0.9933162363769268
5858.110902,0.9925052269363992
5858.351956,0.9933478243354895
5858.59301,0.9966431468721494
5858.834064,0.9952809697773197
5859.075118,0.991942635982334
5859.316172,0.9921409451356064
5859.557226,0.9938119254866222
5859.79828,0.993613481060438
5860.039334,0.9931177916181902
5860.280388,0.9891987569076404
5860.521442,0.994533993275279
5860.762496,0.9946274838646357
5861.00355,0.9947788776884577
5861.244604,0.993213930073445
5861.485658,0.9923925839857504
5861.726712,0.9914644365464131
5861.967766,0.9938996829540778
5862.20882,0.9906828759016186
5862.449874,0.9947491342446815
5862.690928,0.9936921783645101
5862.931982,0.9917463499578159
5863.173036,0.992763808226767
5863.41409,0.9929438126221038
5863.655144,0.9909424688202922
5863.896198,0.9911837926914389
5864.137252,0.9916962680317223
5864.378306,0.9925486996173838
5864.61936,0.9928037181340414
5864.860414,0.9897677097511289
5865.101468,0.9930603910687266
5865.342522,0.9916333964813783
5865.583576,0.990291336353665
5865.82463,0.9923174627105188
5866.065684,0.9921537438363501
5866.306738,0.9926154011311439
5866.547792,0.9920959029591624
5866.788846,0.9927301541041087
5867.0299,0.9897004078351569
5867.270954,0.9927819759706918
5867.512008,0.9905959968231053
5867.753062,0.9933374935718364
5867.994116,0.9919613838753211
5868.23517,0.9919941191411179
5868.476224,0.9919333117653797
5868.717278,0.9886578131492177
5868.958332,0.9939317864323056
5869.199386,0.9902746995989633
5869.44044,0.9937874780139604
5869.681494,0.9909444507072117
5869.922548,0.9890236842220574
5870.163602,0.989839965431241
5870.404656,0.9907745183060354
5870.64571,0.9913094827649344
5870.886764,0.9913414034441996
5871.127818,0.990381952156551
5871.368872,0.9907775897118027
5871.609926,0.9896044115514919
5871.85098,0.9933427582745039
5872.092034,0.9895262358909586
5872.333088,0.9910520731183496
5872.574142,0.9932124402536674
5872.815196,0.9924871635056467
5873.05625,0.9917063833852444
5873.297304,0.9899864725873869
5873.538358,0.9851710480926757
5873.779412,0.9907678801390006
5874.020466,0.9892858102285381
5874.26152,0.9926968982009857
5874.502574,0.9901412195662137
5874.743628,0.9910682273987985
5874.984682,0.990939694185264
5875.225736,0.9909719002486708
5875.46679,0.9907764007794085
5875.707844,0.9910221437976765
5875.948898,0.9888298545758757
5876.189952,0.9897914644612184
5876.431006,0.9892729495965995
5876.67206,0.9915251160267029
5876.913114,0.9902301382401194
5877.154168,0.9898785699426759
5877.395222,0.9912108523783424
5877.636276,0.9915167872507092
5877.87733,0.9919810249051674
5878.118384,0.9892323902371386
5878.359438,0.9897479145948861
5878.600492,0.9914817873258716
5878.841546,0.9903242145718072
5879.0826,0.9891413850435399
5879.323654,0.9958772220800494
5879.564708,0.9913069053636299
5879.805762,0.9922966242626063
5880.046816,0.9891948001205263
5880.28787,0.9896608206105932
5880.528924,0.9911443443615168
5880.769978,0.9906853526119043
5881.011032,0.9902111260039833
5881.252086,0.9922215102512508
5881.49314,0.9916435111936073
5881.734194,0.9924676117011115
5881.975248,0.9919453142310668
5882.216302,0.9906083793504562
5882.457356,0.9917716398121841
5882.69841,0.9917398044535063
5882.939464,0.9909718011514856
5883.180518,0.991816667266747
5883.421572,0.9950444196059053
5883.662626,0.9918603081601993
5883.90368,0.9915598200130801
5884.144734,0.9952934108671986
5884.385788,0.989586598832399
5884.626842,0.9925614043220489
5884.867896,0.9950434245619832
5885.10895,0.9959026172729998
5885.350004,0.9926559006656949
5885.591058,0.9935486002185073
5885.832112,0.9938033787408141
5886.073166,0.9944586104556337
5886.31422,0.9949261158577114
5886.555274,0.9917276061289314
5886.796328,0.9909218574312999
5887.037382,0.9915567461824025
5887.278436,0.9959905593566908
5887.51949,0.9907239900940821
5887.760544,0.9932049911882995
5888.001598,0.9907204234941377
5888.242652,0.9954584441956053
5888.483706,0.9941290020618774
5888.72476,0.9922611006793336
5888.965814,0.9929716154380949
5889.206868,0.9961441529427048
5889.447922,0.9923844463999258
5889.688976,0.9960440454858179
5889.93003,0.9949074114225555
5890.171084,0.9953374038081957
5890.412138,0.9945600504072498
5890.653192,0.993900875634413
5890.894246,0.9943844266103855
5891.1353,0.9950498923652632
5891.376354,0.9940596142791952
5891.617408,0.9951540795430974
5891.858462,0.9959895633666295
5892.099516,0.996183003322247
5892.34057,0.9912799421825049
5892.581624,0.9937911550344315
5892.822678,0.9931240482799859
5893.063732,0.9917409945419857
5893.304786,0.9939209526348779
5893.54584,0.9951553732442417
5893.786894,0.992837871169374
5894.027948,0.9925042344316686
5894.269002,0.9966291939657638
5894.510056,0.9947278468409847
5894.75111,0.9980681683933469
5894.992164,0.9932691543031765
5895.233218,0.9953104305300421
5895.474272,0.9953045582158253
5895.715326,0.9959975313150081
5895.95638,0.9954843264516222
5896.197434,0.9946470782190716
5896.438488,0.9927802882427673
5896.679542,0.9977342706484104
5896.920596,0.9936950600760058
5897.16165,0.996685405437452
5897.402704,0.9960142642140901
5897.643758,0.9971398979074775
5897.884812,0.9918272797618635
5898.125866,0.9934776633809269
5898.36692,0.9971962379032991
5898.607974,0.994215296204368
5898.849028,0.9969357045664978
5899.090082,0.9936196414831179
5899.331136,0.9956408288885096
5899.57219,0.9962116938058836
5899.813244,0.9948780620868233
5900.054298,0.9959644647458765
5900.295352,0.9970468690948643
5900.536406,0.9954108624191862
5900.77746,0.9952173733552783
5901.018514,0.9964961528490615
5901.259568,0.9981084911618644
5901.500622,0.9941820899680219
5901.741676,0.994388006400765
5901.98273,0.9964139453075591
5902.223784,0.9958205582782135
5902.464838,0.9930029938369188
5902.705892,0.9961377776405269
5902.946946,0.9959696437745587
5903.188,0.9936408058068807
5903.429054,0.9960779115590844
5903.670108,0.9957923769551817
5903.911162,0.9964924658201169
5904.152216,0.9931844320577696
5904.39327,0.9944184351393182
5904.634324,0.9948549811835224
5904.875378,0.9959575926147787
5905.116432,0.9971835735914963
5905.357486,0.9931896959492088
5905.59854,0.9957087339085747
5905.839594,0.9940694555180907
5906.080648,0.9970297200361982
5906.321702,0.9965517588857844
5906.562756,0.9946188306431677
5906.80381,0.9939655806875435
5907.044864,0.9963459921937167
5907.285918,0.9941763237286223
5907.526972,0.9944463786899507
5907.768026,0.9966061720972867
5908.00908,0.9975295565804551
5908.250134,0.9945134066346907
5908.491188,0.9916386521523072
5908.732242,0.9986059725602069
5908.973296,0.9971862659907798
5909.21435,0.9953315313348371
5909.455404,0.9935458182863214
5909.696458,0.991860704904402
5909.937512,0.9970873500195068
5910.178566,0.9954729779949869
5910.41962,0.9923112111301962
5910.660674,0.9961700530273809
5910.901728,0.9950308870938199
5911.142782,0.995551225246134
5911.383836,0.9949876041916413
5911.62489,0.9924266236351577
5911.865944,0.9942973223498368
5912.106998,0.9920320140402571
5912.348052,0.9913479463190538
5912.589106,0.9930786635480285
5912.83016,0.9945395626812357
5913.071214,0.9929487773535788
5913.312268,0.9919662444980106
5913.553322,0.9950622310604282
5913.794376,0.9912563500006291
5914.03543,0.9937283494181117
5914.276484,0.9955740236302327
5914.517538,0.9926324742628718
5914.758592,0.9940895359239036
5914.999646,0.9938274290735875
5915.2407,0.9893867225276212
5915.481754,0.9914999316085993
5915.722808,0.9936252057686902
5915.963862,0.9904538564963735
5916.204916,0.9912330557501126
5916.44597,0.9913071036250307
5916.687024,0.9905361666317871
5916.928078,0.9920733826377718
5917.169132,0.9929783676680374
5917.410186,0.9909269111456598
5917.65124,0.9918292634184067
5917.892294,0.990461681112747
5918.133348,0.9885510438710424
5918.374402,0.9919927303503233
5918.615456,0.9918947263100439
5918.85651,0.9897449453555962
5919.097564,0.98970832547009
5919.338618,0.9901112187417757
5919.579672,0.9882070879595751
5919.820726,0.9894094786839341
5920.06178,0.9887626164318873
5920.302834,0.9904164180481891
5920.543888,0.9923369123233935
5920.784942,0.9893758393335311
5921.025996,0.9896152972598903
5921.26705,0.9930161015629483
5921.508104,0.9902390503514681
5921.749158,0.9903013383466721
5921.990212,0.9867515437115689
5922.231266,0.9876242177413014
5922.47232,0.99258145426492
5922.713374,0.9898934182325869
5922.954428,0.9885559866386187
5923.195482,0.9914480775181724
5923.436536,0.9878731304058507
5923.67759,0.9944550304110802
5923.918644,0.9938173914672438
5924.159698,0.9893689137268954
5924.400752,0.9905641992019618
5924.641806,0.989510403597843
5924.88286,0.9876261929917122
5925.123914,0.9849021331051124
5925.364968,0.9893511052467251
5925.606022,0.9903023286485055
5925.847076,0.9859082317089501
5926.08813,0.9869972754382834
5926.329184,0.9898290772515063
5926.570238,0.9898825294648746
5926.811292,0.9920785414327744
5927.052346,0.9890691803579348
5927.2934,0.9924330744291764
5927.534454,0.9925154497928843
5927.775508,0.9909059037178231
5928.016562,0.9885905867036486
5928.257616,0.992994454047893
5928.49867,0.9891305045481472
5928.739724,0.9907386529176401
5928.980778,0.9941998859867063
5929.221832,0.9919512659208073
5929.462886,0.9949050236476333
5929.70394,0.988856553342381
5929.944994,0.9890731366425687
5930.186048,0.9909718011514856
5930.427102,0.988341493262891
5930.668156,0.9909889451119404
5930.90921,0.993200422455848
5931.150264,0.991886791183974
5931.391318,0.9918541586453523
5931.632372,0.9919350972469478
5931.873426,0.9930176903899818
5932.11448,0.9936399115305579
5932.355534,0.9921399529951573
5932.596588,0.9943224783903148
5932.837642,0.9905787606027161
5933.078696,0.9946146532528515
5933.31975,0.9911247198977812
5933.560804,0.9927840608150305
5933.801858,0.9930013057332642
5934.042912,0.992472971040685
5934.283966,0.9980782489327543
5934.52502,0.9926494484233104
5934.766074,0.9928625931401535
5935.007128,0.9944643783323012
5935.248182,0.9940849631225558
5935.489236,0.9944545331836893
5935.73029,0.9954814395512614
5935.971344,0.9951668175968389
5936.212398,0.995493385400211
5936.453452,0.9942481058504988
5936.694506,0.9920230857923079
5936.93556,0.9955952295827786
5937.176614,0.9928932730682839
5937.417668,0.9940366517673235
5937.658722,0.9932707435350948
5937.899776,0.9976024786563105
5938.14083,0.9947384904858892
5938.381884,0.9953878686938429
5938.622938,0.9913809587553203
5938.863992,0.9961262225093261
5939.105046,0.9988602500089665
5939.3461,0.9952615619876356
5939.587154,0.9955153860471346
5939.828208,0.9980017990669533
5940.069262,0.9972838953050972
5940.310316,0.994401927930305
5940.55137,0.9969503596290694
5940.792424,0.9978518106684641
5941.033478,0.9941396392991085
5941.274532,0.9971763938956134
5941.515586,0.9968987189379461
5941.75664,0.9941061373577751
5941.997694,0.9966069693825433
5942.238748,0.9976378941729245
5942.479802,0.9983099297798539
5942.720856,0.9960618748338044
5942.96191,0.9947872338661262
5943.202964,0.9957476668812052
5943.444018,0.9963223790735183
5943.685072,0.9922578262231042
5943.926126,0.9975423250404972
5944.16718,0.9978117976131233
5944.408234,0.9950631266168393
5944.649288,0.9946213171933524
5944.890342,0.9918794512488771
5945.131396,0.9981511113043706
5945.37245,0.996876388656742
5945.613504,0.9963444976758492
5945.854558,0.9961693557085878
5946.095612,0.9961032122593556
5946.336666,0.9914708810861954
5946.57772,0.9965284398474603
5946.818774,0.9973288738230335
5947.059828,0.9956897160533781
5947.300882,0.9942263320554047
5947.541936,0.9984374220980979
5947.78299,0.9972437055739449
5948.024044,0.9957137124646906
5948.265098,0.9954672042684584
5948.506152,0.998686363576693
5948.747206,0.9916482710938848
5948.98826,0.9979982062669437
5949.229314,0.9946351425257474
5949.470368,0.9943203903153027
5949.711422,0.9953132174031492
5949.952476,0.9941409316814797
5950.19353,0.9971901550248008
5950.434584,0.995305852112592
5950.675638,0.9957387051925309
5950.916692,0.9983716272399461
5951.157746,0.9985979837443818
5951.3988,0.9957468702833903
5951.639854,0.9928709332209641
5951.880908,0.9963626313107226
5952.121962,0.9945406566753563
5952.363016,0.996532824582242
5952.60407,0.9951161648949455
5952.845124,0.994909301748433
5953.086178,0.9946647830946369
5953.327232,0.9956028956955609
5953.568286,0.9992471235538012
5953.80934,0.9969847550097936
5954.050394,0.9977799679244658
5954.291448,0.9949386520057487
5954.532502,0.9978944198504791
5954.773556,0.9947537101012235
5955.01461,0.9951119854158298
5955.255664,0.9948231463334849
5955.496718,0.9975635729183097
5955.737772,0.993398585706255
5955.978826,0.9962272348295267
5956.21988,0.9959044098993242
5956.460934,0.9967875709274012
5956.701988,0.9936368312516066
5956.943042,0.9972589635193632
5957.184096,0.9973502168893033
5957.42515,0.9940031532966113
5957.666204,0.9967130140055596
5957.907258,0.9947230721587791
5958.148312,0.9928815569967867
5958.389366,0.996325268412607
5958.63042,0.9915563495597833
5958.871474,0.9962121919118551
5959.112528,0.997327976227451
5959.353582,0.9944124686466068
5959.594636,0.9965958074469932
5959.83569,0.9951801529215413
5960.076744,0.9938901415629202
5960.317798,0.9951415406806902
5960.558852,0.997982537818103
5960.799906,0.9970980189112304
5961.04096,0.9951877163194442
5961.282014,0.9969689030782121
5961.523068,0.9965770716219305
5961.764122,0.9946349435987387
5962.005176,0.996019144695942
5962.24623,0.9947131249777935
5962.487284,0.9944380253754536
5962.728338,1.000517073636508
5962.969392,0.9960873743441925
5963.210446,0.9958997291595973
5963.4515,0.9917858222480376
5963.692554,0.9937698881312704
5963.933608,0.994123136718068
5964.174662,0.9941788091725384
5964.415716,0.9967288618684724
5964.65677,0.9961662675883717
5964.897824,0.9944070988337746
5965.138878,0.9964501157902641
5965.379932,0.9984875449147594
5965.620986,0.9933410695932502
5965.86204,0.9970608278487427
5966.103094,0.9987006448938034
5966.344148,0.9977352683831799
5966.585202,0.9973286743572786
5966.826256,0.9956412271449209
5967.06731,0.992340683210825
5967.308364,0.997356799422457
5967.549418,0.9953134164658126
5967.790472,0.9976034762592879
5968.031526,0.9934611717885954
5968.27258,0.9969583352638489
5968.513634,0.994980738800858
5968.754688,0.995699573430361
5968.995742,0.9965117979614749
5969.236796,0.9903173813583013
5969.47785,0.994204757578083
5969.718904,0.9955542119042897
5969.959958,0.9970749862130223
5970.201012,0.9990715712569137
5970.442066,0.9962792392484883
5970.68312,0.9933898438371651
5970.924174,0.9948637359458777
5971.165228,0.9978553031559132
5971.406282,0.994836178602063
5971.647336,0.9991030325160475
5971.88839,0.9955366903043508
5972.129444,0.9943612577231641
5972.370498,1.0001373194274494
5972.611552,0.9973687677758601
5972.852606,0.9980271486345877
5973.09366,0.9919716011301938
5973.334714,0.9943609594148315
5973.575768,0.995447096034026
5973.816822,0.9971222486874806
5974.057876,1.000271616881187
5974.29893,0.9943614565954355
5974.539984,0.9962408832361352
5974.781038,0.9997603487209565
5975.022092,0.9945495081265896
5975.263146,0.9999998206200161
5975.5042,0.9983528580297851
5975.745254,0.9946447905334226
5975.986308,0.9980021982677527
5976.227362,0.995426888663082
5976.468416,0.9962769478088732
5976.70947,1.0013246766099961
5976.950524,0.996407169715768
5977.191578,0.9976744083880572
5977.432632,1.000255152545875
5977.673686,0.9955245448308166
5977.91474,0.9975039204002772
5978.155794,0.9977549239615738
5978.396848,0.9953899590105619
5978.637902,0.9971249409211865
5978.878956,0.9969042018959784
5979.12001,0.9943302341358936
5979.361064,0.9986508109749898
5979.602118,0.9996099660830121
5979.843172,0.9967229811855354
5980.084226,0.9985303809492627
5980.32528,1.0002610740739055
5980.566334,0.9989531483319224
5980.807388,1.0027373396913104
5981.048442,0.9932278351658015
5981.289496,0.9979627779594774
5981.53055,0.9980863333993127
5981.771604,0.9977391595583144
5982.012658,0.9972593624230284
5982.253712,0.998013675359026
5982.494766,0.9963066373042891
5982.73582,0.9956751790896439
5982.976874,0.9995302503669234
5983.217928,0.9963581476889698
5983.458982,0.9964969500463026
5983.700036,0.9992456346766964
5983.94109,0.9985426629484825
5984.182144,1.0003807124525972
5984.423198,1.0013389956552525
5984.664252,0.9987320045863977
5984.905306,0.9988115068181095
5985.14636,0.9972042155051127
5985.387414,1.0001189570748317
5985.628468,0.9964774188974875
5985.869522,0.9979916195005187
5986.110576,1.0002103121124921
5986.35163,0.9973657756740449
5986.592684,0.9987697573696941
5986.833738,1.0004438784849121
5987.074792,0.9961722446039083
5987.315846,0.9989396625554491
5987.5569,1.002099801501901
5987.797954,0.9980550937859798
5988.039008,0.9967762076138637
5988.280062,1.002742353390543
5988.521116,0.9967499927443305
5988.76217,0.9990438174341666
5989.003224,0.9982335619913308
5989.244278,1.0013248768749514
5989.485332,0.9992290273522553
5989.726386,0.9965703945779187
5989.96744,1.0000827404227999
5990.208494,1.0000059984179905
5990.449548,0.9963356302492801
5990.690602,0.9997777247068141
5990.931656,0.9985085133733708
5991.17271,0.9938081490084807
5991.413764,1.0001653736727185
5991.654818,0.997415944434295
5991.895872,0.9940211449165096
5992.136926,1.0007018862069244
5992.37798,1.0014055869125984
5992.619034,0.9955375862877752
5992.860088,1.0006400147220769
5993.101142,0.9981498137087693
5993.342196,0.9993342617021431
5993.58325,0.9985503517565891
5993.824304,1.0001533117510455
5994.065358,0.9958777200187848
5994.306412,0.9998102180108805
5994.547466,0.9976476710721941
5994.78852,0.9978936215352626
5995.029574,0.9974923494219124
5995.270628,1.0014679764240761
5995.511682,0.9988803273017678
5995.752736,1.0014857025641348
5995.99379,0.9988404727718115
5996.234844,0.998177961930404
5996.475898,0.9964763227729296
5996.716952,0.9994377781059922
5996.958006,0.9995516305476391
5997.19906,0.9974222281745387
5997.440114,0.999368519467809
5997.681168,1.0007150155017994
5997.922222,1.0002101920872617
5998.163276,0.9996963261182501
5998.40433,0.9965532537145438
5998.645384,0.9980835387614917
5998.886438,0.9979824380198542
5999.127492,0.9994849326927313
5999.368546,0.9989286742795965
5999.6096,0.9960621736524116
5999.850654,0.9988284867580546
6000.091708,1.0030091183347096
6000.332762,0.998966434497148
6000.573816,0.9997369346077698
6000.81487,0.9981724719667108
6001.055924,0.9953788107054516
6001.296978,0.9970371977871401
6001.538032,0.9998807871064218
6001.779086,0.9996563390649518
6002.02014,0.9968604387621229
6002.261194,1.0006048028195158
6002.502248,0.9993133058823978
6002.743302,0.9994889106506795
6002.984356,0.9998943155849913
6003.22541,1.0009760360134374
6003.466464,0.9970339075698161
6003.707518,0.9999609887609582
6003.948572,0.9971710091576251
6004.189626,1.0005461490851322
6004.43068,1.0017748732262417
6004.671734,1.0038484864789785
6004.912788,1.0021919989246557
6005.153842,0.9996116154408169
6005.394896,0.9977918415767321
6005.63595,0.9956191241550223
6005.877004,0.9969149685194985
6006.118058,0.9972468967589087
6006.359112,1.0003084275540004
6006.600166,0.9959458403845242
6006.84122,0.9979119829468233
6007.082274,1.0007657730545862
6007.323328,0.9988732352766206
6007.564382,1.0008380309518794
6007.805436,1.001424213229739
6008.04649,0.9981663831332027
6008.287544,0.9973222914741879
6008.528598,1.0003264032579546
6008.769652,0.9997855929884693
6009.010706,0.9991289395935644
6009.25176,1.0020474932575196
6009.492814,0.9983989829973047
6009.733868,1.0003314849289906
6009.974922,0.9979306440753855
6010.215976,0.9979372304393713
6010.45703,0.9945352861703106
6010.698084,1.0009177208483166
6010.939138,0.9959287102633889
6011.180192,0.9982578193616131
6011.421246,0.9981978258694919
6011.6623,1.0007446871418888
6011.903354,0.9990313894063801
6012.144408,0.9996846697270444
6012.385462,1.0003837035953993
6012.626516,1.0008355288599298
6012.86757,0.9986073706095472
6013.108624,1.0005229266785092
6013.349678,0.9950219318561347
6013.590732,0.9977975290064383
6013.831786,0.9979036005213728
6014.07284,0.9990315792223622
6014.313894,0.9998517809855236
6014.554948,0.9973364535512774
6014.796002,1.0016812116543417
6015.037056,1.0005683414448314
6015.27811,0.9967061367094896
6015.519164,1.0021575241128629
6015.760218,0.9967715227766972
6016.001272,0.9986700851216365
6016.242326,1.0029846452107956
6016.48338,0.9980444146536097
6016.724434,1.0001044754571804
6016.965488,0.998018865043631
6017.206542,1.002142792505536
6017.447596,0.9966721496097112
6017.68865,0.9979671690053608
6017.929704,0.9965493671644331
6018.170758,0.9989405616015499
6018.411812,0.9990070033477978
6018.652866,1.002215851378073
6018.89392,0.999694966532171
6019.134974,0.9970818660541626
6019.376028,0.9980640763222453
6019.617082,1.0001433702765359
6019.858136,1.001898900632685
6020.09919,0.9994803150830089
6020.340244,1.0005389551841823
6020.581298,0.99848095491871
6020.822352,1.0017600470678316
6021.063406,0.9997008747468821
6021.30446,0.9991900981476954
6021.545514,0.9969047003482039
6021.786568,0.9993360704987938
6022.027622,0.99763779440914
6022.268676,0.9983911955156085
6022.50973,1.0001538418324412
6022.750784,0.9974738959841429
6022.991838,0.9986586004816944
6023.232892,1.0012230473130943
6023.473946,1.0006244148658485
6023.715,1.001475387314522
6023.956054,1.0012373649050414
6024.197108,0.9976500654294779
6024.438162,0.9973909096082781
6024.679216,0.9990346162829794
6024.92027,1.0026766759173567
6025.161324,0.9975383348791774
6025.402378,1.0017629521761806
6025.643432,0.9987375975012834
6025.884486,1.0009329749506182
6026.12554,0.997116166260315
6026.366594,0.9991648389412919
6026.607648,0.9987451879358681
6026.848702,0.999751410903391
6027.089756,1.0010840871981823
6027.33081,0.9967494943694587
6027.571864,0.9979001078648831
6027.812918,0.9975218756324411
6028.053972,0.9999431676150212
6028.295026,1.001791703185483
6028.53608,0.9982147953767722
6028.777134,0.9982331626979859
6029.018188,0.9990190714252893
6029.259242,1.0026149129364395
6029.500296,0.9982805798993637
6029.74135,0.996954546829373
6029.982404,1.000342928786637
6030.223458,0.99681368710388
6030.464512,0.9980765522011733
6030.705566,1.0017423160719183
6030.94662,0.9991508107654312
6031.187674,0.9956746812521787
6031.428728,1.0020238452157268
6031.669782,0.9991708339483106
6031.910836,0.9977560214925939
6032.15189,1.0002533420856872
6032.392944,0.9980171684130026
6032.633998,0.9982882666894229
6032.875052,1.0013096568524955
6033.116106,0.9981448229721777
6033.35716,0.9992509007150671
6033.598214,1.0002085917522348
6033.839268,1.0002992847767551
6034.080322,1.000432293411877
6034.321376,1.001007507194734
6034.56243,1.0012075284761321
6034.803484,0.9992426269518626
6035.044538,0.9990826510220762
6035.285592,1.0004133754160789
6035.526646,0.998796125239343
6035.7677,0.999716320244713
6036.008754,0.9970790742288462
6036.249808,0.9983456699150846
6036.490862,0.9975348435011152
6036.731916,0.9993745256906598
6036.97297,1.0008409534031966
6037.214024,0.9955940348692199
6037.455078,1.0010234233406314
6037.696132,1.0021608312381491
6037.937186,1.0006990642315843
6038.17824,1.0026282478034583
6038.419294,1.0015846542396802
6038.660348,0.9995768695449514
6038.901402,0.9977786708113505
6039.142456,0.9983476666084211
6039.38351,1.001427818363396
6039.624564,1.0011474578265611
6039.865618,1.000827061827171
6040.106672,0.9989442576884656
6040.347726,0.9974425757955385
6040.58878,0.9998965153549053
6040.829834,1.0013569197836953
6041.070888,1.0017246855623045
6041.311942,0.9976019798551958
6041.552996,1.0000720705969608
6041.79405,1.0003857843956667
6042.035104,0.9963600407712488
6042.276158,1.0013760458835168
6042.517212,0.9999156035615798
6042.758266,1.001659876071758
6042.99932,1.0022614532367453
6043.240374,1.001920241306546
6043.481428,0.9980436162183974
6043.722482,0.9968430935413923
6043.963536,1.0016384407797687
6044.20459,0.9979186689795072
6044.445644,0.9952426521976014
6044.686698,1.0022861091717616
6044.927752,0.9980899265165806
6045.168806,1.001741715026709
6045.40986,1.0031127345283177
6045.650914,1.0006498710747642
6045.891968,0.9995306401837971
6046.133022,0.9982622117056814
6046.374076,0.9999083102037664
6046.61513,0.9979701629113585
6046.856184,1.001948796440332
6047.097238,0.999214328801371
6047.338292,0.9958994303897235
6047.579346,0.9984442114956522
6047.8204,1.0018095352365046
6048.061454,0.998889716820975
6048.302508,1.0014074895850211
6048.543562,1.0020742482827676
6048.784616,0.9988037161187401
6049.02567,1.001431022937542
6049.266724,1.0013861598326557
6049.507778,1.0033179923909656
6049.748832,1.001426115937552
6049.989886,1.0011850015601702
6050.23094,0.9964871844240437
6050.471994,0.9990942204661619
6050.713048,0.9996111356273566
6050.954102,1.0024403728742506
6051.195156,0.9989970033377444
6051.43621,0.9976916683046202
6051.677264,1.0007604790176494
6051.918318,0.9995031134890108
6052.159372,0.997939226315828
6052.400426,0.9972273509112821
6052.64148,0.9995652845161687
6052.882534,0.9973329628797987
6053.123588,1.0035843083247074
6053.364642,1.0020061095506276
6053.605696,1.0009076716848462
6053.84675,1.0008199759966574
6054.087804,1.0003770110508088
6054.328858,1.0004974336791195
6054.569912,1.0004697603028285
6054.810966,0.9978960164828282
6055.05202,1.0001461006716637
6055.293074,0.9981767641175684
6055.534128,1.0002861809419548
6055.775182,0.9994101740157753
6056.016236,0.9999336222031034
6056.25729,1.0009951848681646
6056.498344,0.9980478080103883
6056.739398,1.0021763648514186
6056.980452,0.9985157026605485
6057.221506,0.9996604676541576
6057.46256,0.9986254455665331
6057.703614,1.0012009205282506
6057.944668,0.999524143255751
6058.185722,1.000170344506978
6058.426776,1.0031359067001229
6058.66783,0.9996911876923396
6058.908884,1.0039396400598606
6059.149938,0.997157248292649
6059.390992,0.9974942446591768
6059.632046,1.0023498565954514
6059.8731,1.0013761460211263
6060.114154,1.0011708849511705
6060.355208,0.9955744218599217
6060.596262,0.997636198189946
6060.837316,0.9993886569463607
6061.07837,1.0009976272993955
6061.319424,0.9980508021583036
6061.560478,0.9982755885089426
6061.801532,0.9997467320777366
6062.042586,1.001462368219111
6062.28364,1.0027572943629186
6062.524694,0.9983487647914584
6062.765748,1.001282321471993
6063.006802,1.0002287361561262
6063.247856,0.9989294734228557
6063.48891,1.0005636587959508
6063.729964,0.9998685386418017
6063.971018,1.0015722346669693
6064.212072,0.9991396702959995
6064.453126,1.0003187307838657
6064.69418,1.0001336389288862
6064.935234,1.001347507072889
6065.176288,1.0022306842824367
6065.417342,1.0019508003399287
6065.658396,1.002662036944753
6065.89945,1.0004141857512412
6066.140504,1.0008165832226894
6066.381558,0.9999033646694944
6066.622612,1.0022959316237614
6066.863666,0.9985130066717909
6067.10472,1.0022976355282935
6067.345774,0.9977196040624315
6067.586828,0.9974636220559251
6067.827882,1.0008596793126152
6068.068936,1.0003641262778846
6068.30999,0.9989779226772015
6068.551044,1.0002648350626149
6068.792098,1.0011464566796038
6069.033152,1.001483098704693
6069.274206,1.0018356828065986
6069.51526,1.0041633427312182
6069.756314,0.9996931870767144
6069.997368,1.0028234785283998
6070.238422,0.9993885370197291
6070.479476,1.0007300763761153
6070.72053,1.002497814353299
6070.961584,0.9996703843351834
6071.202638,1.0008131704439593
6071.443692,0.9990384625736561
6071.684746,1.0002697963885008
6071.9258,0.9983698301726345
6072.166854,0.998613462133087
6072.407908,1.0012013210086987
6072.648962,1.000869908150807
6072.890016,0.998500924737506
6073.13107,0.999600139965341
6073.372124,0.9992064550234828
6073.613178,1.0020515014555091
6073.854232,1.0017575426708445
6074.095286,1.0020267510890914
6074.33634,0.9977853559508402
6074.577394,0.9996192125179632
6074.818448,1.0004870785842686
6075.059502,1.0015485978411467
6075.300556,0.9983687319664253
6075.54161,1.0004097039057283
6075.782664,1.0013340891061948
6076.023718,1.0034558577542536
6076.264772,0.9986867630513183
6076.505826,0.9991385712429666
6076.74688,0.9989665343937965
6076.987934,0.999780884009416
6077.228988,1.0022557403627435
6077.470042,1.0001204672555972
6077.711096,1.0015137445563926
6077.95215,1.004606477346339
6078.193204,1.0019924823602029
6078.434258,1.0016541666267365
6078.675312,1.0030307835656491
6078.916366,1.000272507123322
6079.15742,1.0005689918144647
6079.398474,1.0007379921823265
6079.639528,0.9968105969862396
6079.880582,0.9983185152821675
6080.121636,0.9995061719732176
6080.36269,0.9969734891457142
6080.603744,0.9983663358843439
6080.844798,1.000161503040212
6081.085852,1.0002473305811659
6081.326906,0.9989411609660667
6081.56796,0.9983985836377913
6081.809014,0.9982085066433708
6082.050068,0.9993843595843752
6082.291122,0.9998546005715216
6082.532176,0.9999264967014998
6082.77323,0.9988172000599241
6083.014284,1.0034719131764207
6083.255338,0.9986878616073619
6083.496392,1.0020317612353722
6083.737446,0.9971152688561692
6083.9785,1.004035922488011
6084.219554,0.9997505311225365
6084.460608,0.994537275242872
6084.701662,0.9978614898779716
6084.942716,1.000223354940001
6085.18377,0.9963160026306968
6085.424824,1.0011019066535272
6085.665878,1.0008515523650146
6085.906932,1.0016569712623296
6086.147986,1.001683515523778
6086.38904,1.0000171011462229
6086.630094,1.0025072378770443
6086.871148,0.998082640486711
6087.112202,1.0027879792056018
6087.353256,1.000102465249205
6087.59431,0.9993748654780562
6087.835364,0.9984535969153516
6088.076418,0.9984628825769812
6088.317472,0.9971870637401117
6088.558526,0.9991025129826057
6088.79958,1.0015430893390072
6089.040634,0.9996227811649219
6089.281688,1.0022297822752269
6089.522742,1.0005418567513598
6089.763796,0.9984557935156811
6090.00485,0.9990347561478354
6090.245904,1.0020713422716614
6090.486958,0.9974285119543701
6090.728012,0.9980313403574146
6090.969066,1.002331714227236
6091.21012,1.002504130109424
6091.451174,1.0015809483833156
6091.692228,0.9993327427152198
6091.933282,1.0002387484958866
6092.174336,0.99672866252272
6092.41539,1.0001717047395715
6092.656444,1.000479765050455
6092.897498,1.0000315264969495
6093.138552,1.0003330654539855
6093.379606,1.0018798647344147
6093.62066,1.000834047624443
6093.861714,0.9963850497221332
6094.102768,1.001410193388893
6094.343822,0.9992008894590284
6094.584876,1.0034548542988977
6094.82593,0.9995513306821948
6095.066984,1.0018512113800282
6095.308038,1.0013938705357726
6095.549092,1.0015218568505782
6095.790146,1.0020001977320212
6096.0312,1.0001561821951692
6096.272254,0.9985585399030449
6096.513308,0.9967063360507369
6096.754362,1.0011820981278756
6096.995416,1.0000883219001493
6097.23647,1.0003954581729746
6097.477524,1.0024372653139113
6097.718578,0.9979543951073505
6097.959632,1.0014594639824546
6098.200686,0.9970432797325964
6098.44174,0.9989409611778545
6098.682794,0.9950186482891775
6098.923848,0.9967679344056743
6099.164902,1.00055688500291
6099.405956,1.0007321879188043
6099.64701,1.0018592262217785
6099.888064,0.9984377216293695
6100.129118,1.0011277354159083
6100.370172,1.002104912223921
6100.611226,1.0000931393371988
6100.85228,0.9986579014209187
6101.093334,1.0013527140934642
6101.334388,0.9974576372921471
6101.575442,0.998896309514862
6101.816496,0.9984738657290968
6102.05755,0.998750980674757
6102.298604,0.9965250516565247
6102.539658,0.9985555442319186
6102.780712,1.003134702937757
6103.021766,0.9979987052661716
6103.26282,1.0012340608271888
6103.503874,0.9966831130636558
6103.744928,1.000494462206154
6103.985982,0.9992215231704381
6104.227036,1.0027060547743591
6104.46809,0.9984560930524641
6104.709144,1.000921184029622
6104.950198,1.0013004448460276
6105.191252,0.9983357863418761
6105.432306,1.0006496609383133
6105.67336,1.0004740023036052
6105.914414,0.9994959070975415
6106.155468,1.0009969466212403
6106.396522,1.0015001240620862
6106.637576,0.9960600819240433
6106.87863,0.998993706653073
6107.119684,0.9994673918860836
6107.360738,1.000727224299462
6107.601792,0.9971347127934896
6107.842846,1.0052154533727105
6108.0839,1.0007480896796095
6108.324954,1.00131496380774
6108.566008,0.9988589514914855
6108.807062,1.0056143014493488
6109.048116,0.9992734040987383
6109.28917,1.0000125260784507
6109.530224,1.0007584274607704
6109.771278,0.9996735532953245
6110.012332,1.0007343895320395
6110.253386,1.004393021150427
6110.49444,0.9998594998710677
6110.735494,0.9997768549005721
6110.976548,0.9988436690664385
6111.217602,0.9976478706017483
6111.458656,1.0003136891901674
6111.69971,0.9990128375657332
6111.940764,0.9992801392241792
6112.181818,1.003026269937279
6112.422872,1.0018687439296368
6112.663926,0.997950802477995
6112.90498,0.9989447571607193
6113.146034,1.001345604514433
6113.387088,0.9996238407656315
6113.628142,1.0027767480431293
6113.869196,1.002685098436809
6114.11025,0.9995368872698204
6114.351304,0.9975836241476396
6114.592358,0.9993591954030192
6114.833412,0.9989507508472433
6115.074466,0.9981967278524874
6115.31552,0.9993570967509124
6115.556574,1.0020317612353722
6115.797628,0.9968480777693206
6116.038682,1.0019758494230493
6116.279736,0.9994548986217681
6116.52079,0.99980956813445
6116.761844,0.9997468020600102
6117.002898,1.0024275417195974
6117.243952,1.0018802654864407
6117.485006,0.9988537574384423
6117.72606,0.9962021302195284
6117.967114,0.9969064947782795
6118.208168,1.0005351331326737
6118.449222,1.0010247246719277
6118.690276,1.0032733457336998
6118.93133,0.9977369645345779
6119.172384,0.9991780180124334
6119.413438,1.004666052276825
6119.654492,0.998317317300668
6119.895546,0.9998530607966224
6120.1366,1.0009492402436164
6120.377654,0.9955481390421194
6120.618708,1.0010152149822145
6120.859762,1.0003845139065273
6121.100816,0.9993949930905314
6121.34187,0.9998723281507443
6121.582924,1.0018098357794103
6121.823978,1.0002214745218614
6122.065032,1.0003914866108892
6122.306086,0.9994994053393383
6122.54714,1.0013654313536875
6122.788194,1.0012115333142557
6123.029248,0.9991416386030887
6123.270302,1.0027967034989713
6123.511356,1.0017063541682913
6123.75241,1.0011948132212627
6123.993464,1.0011008054420354
6124.234518,1.0023275044428768
6124.475572,0.9981804573784281
6124.716626,0.9991578548034774
6124.95768,1.0014726833346266
6125.198734,1.0032280991261258
6125.439788,0.9977567199220534
6125.680842,0.9983879008300995
6125.921896,0.997921762532176
6126.16295,1.0003216117059588
6126.404004,1.0007631110211703
6126.645058,1.0045650884120902
6126.886112,0.9967581661277818
6127.127166,0.997873863437162
6127.36822,0.9992383202254214
6127.609274,1.0038552122863693
6127.850328,1.000944435698794
6128.091382,0.9981460207466839
6128.332436,0.9997424431734556
6128.57349,1.0033217046744052
6128.814544,1.0022392032794587
6129.055598,1.0015150465251068
6129.296652,0.9981833521059519
6129.537706,1.0031540636243539
6129.77876,0.9993348912829263
6130.019814,1.0005812088364394
6130.260868,0.9983977849192439
6130.501922,0.998965435531213
6130.742976,1.0005346528759251
6130.98403,0.9996916775411415
6131.225084,1.000336976763918
6131.466138,1.0009189920146293
6131.707192,1.0010001898566014
6131.948246,0.9976945616146536
6132.1893,1.0011180245239728
6132.430354,1.000679540783293
6132.671408,1.0012034235336806
6132.912462,1.000334565954709
6133.153516,1.0022386019361171
6133.39457,0.99847406542389
6133.635624,1.0007359106494675
6133.876678,0.9980210606875494
6134.117732,1.0038166649863305
6134.358786,1.003746199529815
6134.59984,0.9979662708353128
6134.840894,0.9972110962379382
6135.081948,1.001214937439256
6135.323002,0.9992625220706204
6135.564056,1.0022606514279033
6135.80511,0.9970019032950546
6136.046164,1.002021540563533
6136.287218,0.999552790028203
6136.528272,1.0016485573791094
6136.769326,0.9958345994470752
6137.01038,0.9994472128431495
6137.251434,0.9989401620254053
6137.492488,1.001929058243464
6137.733542,1.000851672467208
6137.974596,1.0001890278635155
6138.21565,1.0010050046790941
6138.456704,0.9977186063433263
6138.697758,0.9992239113127322
6138.938812,1.0024478912052408
6139.179866,0.9987033413891848
6139.42092,1.001872450850847
6139.661974,0.9997359448686944
6139.903028,0.9993562672848664
6140.144082,0.9977957329725025
6140.385136,0.9992542681962767
6140.62619,0.9975005288927135
6140.867244,1.0032166623909853
6141.108298,1.001047247981619
6141.349352,1.004714277404728
6141.590406,0.9998555504338433
6141.83146,0.9993920548735709
6142.072514,0.9990222782816556
6142.313568,1.0000292714283998
6142.554622,1.0037177939143094
6142.795676,1.0013653312171493
6143.03673,0.9993130760403639
6143.277784,1.003158276880269
6143.518838,0.9983103291039056
6143.759892,1.00040807323924
6144.000946,1.0012473773287525
6144.242,0.9991115948657258
6144.483054,1.0022127445137494
6144.724108,0.9975860183512105
6144.965162,0.9985103106903124
6145.206216,1.0032815726088649
6145.44727,1.0009529337531273
6145.688324,0.9960982317557455
6145.929378,1.0014855022670142
6146.170432,0.999488540839851
6146.411486,0.9998110978442595
6146.65254,0.9994899101400899
6146.893594,1.000300905262909
6147.134648,1.0018973977854613
6147.375702,1.000022535253915
6147.616756,0.9975739476334164
6147.85781,1.0023945623959876
6148.098864,0.9979378292018892
6148.339918,0.9995522002922308
6148.580972,1.0037023367793034
6148.822026,1.0009381798156207
6149.06308,0.9976211339970882
6149.304134,0.997393403088669
6149.545188,1.0007727484163336
6149.786242,1.0011813973006523
6150.027296,1.0008565866609842
6150.26835,1.0000843645584891
6150.509404,0.9967259713589642
6150.750458,1.0001632633260065
6150.991512,1.0035222887308781
6151.232566,1.0015061330808577
6151.47362,0.9986103664361528
6151.714674,1.0000801622128186
6151.955728,1.0017148687084887
6152.196782,0.9988439687195841
6152.437836,1.0009942339231908
6152.67889,1.0025323008712774
6152.919944,1.0013987773777597
6153.160998,0.9971024061521656
6153.402052,0.9989748258504414
6153.643106,0.9971273340239165
6153.88416,0.9995122789745852
6154.125214,1.000835799085559
6154.366268,1.0005553241353868
6154.607322,0.9990916128336494
6154.848376,1.0013841570623387
6155.08943,1.000611586943077
6155.330484,1.0013244763450808
6155.571538,1.0010168166078397
6155.812592,1.0034606743539307
6156.053646,1.0006843740771472
6156.2947,0.9990910633334135
6156.535754,1.0008850614359264
6156.776808,1.0026985345071495
6157.017862,0.9983838074480975
6157.258916,0.999897265277573
6157.49997,0.9982205850393753
6157.741024,0.9989828176810155
6157.982078,0.998889017598418
6158.223132,0.9995927229598196
6158.464186,0.9995004748042743
6158.70524,1.0004709808766805
6158.946294,1.0031603835148624
6159.187348,0.9985902945695103
6159.428402,0.9983844064785617
6159.669456,0.9993125563976994
6159.91051,1.0014253147969796
6160.151564,0.9995239333557029
6160.392618,0.998403675483552
6160.633672,0.9975286588042581
6160.874726,0.9989594417565811
6161.11578,1.0006367126154767
6161.356834,1.0007949057702645
6161.597888,0.9987923298212784
6161.838942,1.001968535026046
6162.079996,0.9967837831418285
6162.32105,0.996670455268497
6162.562104,1.004770442502635
6162.803158,0.9980763525858829
6163.044212,0.9986010794029296
6163.285266,1.0036943071927276
6163.52632,1.0018904847172667
6163.767374,0.9971737015229846
6164.008428,0.9978586958697115
6164.249482,1.0012093306513055
6164.490536,1.0009198227777374
6164.73159,1.0029937724125957
6164.972644,1.0021366794531463
6165.213698,1.001557511663334
6165.454752,1.000755074925654
6165.695806,0.9994492717065285
6165.93686,0.9976892738474896
6166.177914,1.0008047836647318
6166.418968,1.001570732309744
6166.660022,0.9986155592235594
6166.901076,0.9990046157239131
6167.14213,0.9992099522521956
6167.383184,1.0002618942883226
6167.624238,0.9987177228208469
6167.865292,0.9989863141269961
6168.106346,1.0036170257064492
6168.3474,1.0020605199596053
6168.588454,1.0026085964823848
6168.829508,0.9979737556104119
6169.070562,0.9977467424047418
6169.311616,0.9967383308376376
6169.55267,1.0017066546802427
6169.793724,1.0012430719742864
6170.034778,1.0030161394231116
6170.275832,1.0002309566663852
6170.516886,0.9990835302151959
6170.75794,0.9986922558436203
6170.998994,0.997436990132754
6171.240048,0.9982094050314311
6171.481102,0.996706734733351
6171.722156,0.9984354252252506
6171.96321,1.001512843194428
6172.204264,0.9984193505443061
6172.445318,1.0022217644690399
6172.686372,0.9994868617005128
6172.927426,1.0002060012153369
6173.16848,1.0014378326916513
6173.409534,0.9997763250189794
6173.650588,0.9984587888875547
6173.891642,1.003771193121352
6174.132696,0.9983727254493401
6174.37375,0.9965024307945999
6174.614804,0.9995252627234184
6174.855858,0.9968407011208388
6175.096912,1.0008949101933868
6175.337966,0.997162034658928
6175.57902,1.0007933145076293
6175.820074,0.9990053649776558
6176.061128,0.9993655113730926
6176.302182,1.0012671020963742
6176.543236,0.997117562223925
6176.78429,1.0015317719660408
6177.025344,0.9997951909762323
6177.266398,0.9982863699435182
6177.507452,0.9996173932126519
6177.748506,0.9937962233822465
6177.98956,1.0023502575354744
6178.230614,1.0015254623357528
6178.471668,0.9968842640113199
6178.712722,1.0037070541913722
6178.953776,0.9964369627355459
6179.19483,0.9992023383013685
6179.435884,1.000081995361436
6179.676938,1.0001694343523788
6179.917992,1.0025061351196891
6180.159046,0.9973494190094488
6180.4001,0.996904800038679
6180.641154,0.999570752153229
6180.882208,1.0011465567942546
6181.123262,1.001565223685865
6181.364316,1.0015942694985143
6181.60537,1.0022080341249198
6181.846424,0.9975559914639651
6182.087478,1.000678620158539
6182.328532,0.9988929132731832
6182.569586,0.9989493523171711
6182.81064,1.0014598645663202
6183.051694,0.999337739391425
6183.292748,0.9989133907877991
6183.533802,0.9984935358580018
6183.774856,0.9986934542750464
6184.01591,0.9990065238245514
6184.256964,1.0021096221280767
6184.498018,1.0023017449570235
6184.739072,0.9978494158269923
6184.980126,1.0039867259331345
6185.22118,1.0005834501408575
6185.462234,1.0025402209077383
6185.703288,0.998513505928419
6185.944342,0.9970898427409978
6186.185396,1.0005006352760297
6186.42645,0.9984315313346854
6186.667504,0.9976986521707418
6186.908558,0.9974506551131237
6187.149612,1.0009533541534479
6187.390666,0.9970637193293361
6187.63172,1.0028750249799288
6187.872774,0.999709072327665
6188.113828,0.9993503910872908
6188.354882,0.9985034209929381
6188.595936,0.9990787346257602
6188.83699,0.9986452185461071
6189.078044,0.9958277282120448
6189.319098,1.0014074895850211
6189.560152,1.0057888912460362
6189.801206,1.001799016291609
6190.04226,1.0019978931342166
6190.283314,1.0004314930663625
6190.524368,0.9992344431882604
6190.765422,1.0009971868605363
6191.006476,1.0027318246511083
6191.24753,0.9976065688348578
6191.488584,1.0003902561301175
6191.729638,0.9981033010112048
6191.970692,0.9997223085634063
6192.211746,1.0052887362503897
6192.4528,1.0025096438973025
6192.693854,1.0019719417248567
6192.934908,0.996780593438826
6193.175962,0.9979844339867262
6193.417016,0.9994916292642138
6193.65807,0.999267108696123
6193.899124,0.9973454296197516
6194.140178,0.9996461026364503
6194.381232,1.0004516219504989
6194.622286,1.000698994182652
6194.86334,1.0011164227364149
6195.104394,0.9959742252454574
6195.345448,0.99796567205573
6195.586502,0.9985727195349866
6195.827556,1.0013565192410074
6196.06861,0.9998976552375826
6196.309664,1.0009508517731904
6196.550718,1.000561487575167
6196.791772,1.0016555689435513
6197.032826,0.9995006147343505
6197.27388,1.0002819297347196
6197.514934,0.9959299053785583
6197.755988,0.9970839599282799
6197.997042,1.0025009221013403
6198.238096,0.9985896954155133
6198.47915,0.9996303283454102
6198.720204,1.000759027916007
6198.961258,0.9985107100945165
6199.202312,1.0010782809273147
6199.443366,1.0034032780449078
6199.68442,1.001757342319356
6199.925474,0.9995411253152071
6200.166528,0.9976867796274228
6200.407582,0.9979920186972463
6200.648636,0.9959849818251755
6200.88969,1.001421208961606
6201.130744,1.0008238191527439
6201.371798,0.9964248062787552
6201.612852,0.9995657143293335
6201.853906,1.0023086608629235
6202.09496,0.9986236480423488
6202.336014,1.0002080916480638
6202.577068,1.0047895333224046
6202.818122,1.0016978397004674
6203.059176,0.9980398236598617
6203.30023,0.9980705637598255
6203.541284,0.99832600269911
6203.782338,0.9992846959520035
6204.023392,1.0001997899553552
6204.264446,1.0013301839108626
6204.5055,1.0006146087946326
6204.746554,0.9988004200719154
6204.987608,0.9987577722045168
6205.228662,1.0021365792394834
6205.469716,0.9995423847378184
6205.71077,0.9992368413538019
6205.951824,1.0031065152486436
6206.192878,0.9965709925203349
6206.433932,1.003868563649479
6206.674986,0.9993733664168823
6206.91604,1.0009771671169971
6207.157094,0.9973273778308447
6207.398148,0.9993066204987441
6207.639202,1.003983513180752
6207.880256,1.001849307864535
6208.12131,0.9990241664355458
6208.362364,0.9972110962379382
6208.603418,1.0015182513783834
6208.844472,1.0035028205873182
6209.085526,1.0007204694134957
6209.32658,1.0000209792200607
6209.567634,0.9973873190074667
6209.808688,1.0019258520756074
6210.049742,0.9980719610595928
6210.290796,0.9984435125849488
6210.53185,0.998457890275049
6210.772904,1.0032164617476729
6211.013958,1.0019635251958956
6211.255012,1.0013680349071936
6211.496066,0.9987736525793435
6211.73712,0.9986402253324974
6211.978174,1.0017064543389318
6212.219228,0.9977865532939857
6212.460282,1.0003393075517892
6212.701336,0.9975617773054944
6212.94239,1.0009194124006942
6213.183444,0.9984119622684487
6213.424498,1.000639774568502
6213.665552,1.0038311200503824
6213.906606,1.0059779973330056
6214.14766,1.001537380559668
6214.388714,0.9957815228774278
6214.629768,1.0039107270145768
6214.870822,0.9986612968635559
6215.111876,1.000279989189658
6215.35293,1.0028137511878359
6215.593984,0.99755259977936
6215.835038,1.0012058264247805
6216.076092,1.0025612744734391
6216.317146,1.0012081292008295
6216.5582,0.9987593702182307
6216.799254,1.00119381202695
6217.040308,0.9972848925894912
6217.281362,0.9980058908827177
6217.522416,0.9984935358580018
6217.76347,0.9991193879665587
6218.004524,1.0032113453567648
6218.245578,0.9991091570364085
6218.486632,1.004989405837245
6218.727686,0.9988471650253982
6218.96874,0.9958320102804825
6219.209794,0.9996725136353697
6219.450848,1.000711442955571
6219.691902,1.001404385226615
6219.932956,1.0010443449488093
6220.17401,1.0005876526001733
6220.415064,0.9953166014738413
6220.656118,0.9980089847057748
6220.897172,0.9987765490271359
6221.138226,0.9981548044703148
6221.37928,1.002811745562339
6221.620334,0.9986253457039935
6221.861388,1.0033108688585082
6222.102442,0.9983410775355654
6222.343496,0.9977621078228882
6222.58455,1.0009615920334514
6222.825604,0.9992136493358584
6223.066658,1.0027126726561597
6223.307712,0.9970637193293361
6223.548766,0.9993513104900735
6223.78982,1.000635601909342
6224.030874,0.9972207692324857
6224.271928,1.0011031079765358
6224.512982,1.002709865064607
6224.754036,0.9991589438861327
6224.99509,0.9973379495570798
6225.236144,1.0013624272618995
6225.477198,0.9994671220299242
6225.718252,0.9968229575142774
6225.959306,0.9992292571749579
6226.20036,0.9975015263937411
6226.441414,1.0061556687352577
6226.682468,1.003798897588602
6226.923522,1.0001875875923523
6227.164576,0.9981377361690927
6227.40563,1.0015092377546824
6227.646684,0.9976736102488498
6227.887738,1.0023223925856395
6228.128792,0.9992369712545996
6228.369846,1.0015407857925507
6228.6109,0.9959356817887611
6228.851954,1.000992141847428
6229.093008,1.0031793434252814
6229.334062,1.0000747047902638
6229.575116,0.9964100593007501
6229.81617,1.0015780438027768
6230.057224,0.9996205220199892
6230.298278,1.0017835887055508
6230.539332,1.0009933230188524
6230.780386,0.9988753329126172
6231.02144,1.0028905696632868
6231.262494,1.0008748924953605
6231.503548,0.9982121002004631
6231.744602,0.9991102160926763
6231.985656,0.9995839865575991
6232.22671,1.0001537318155247
6232.467764,1.0003474903607927
6232.708818,0.9988360778834001
6232.949872,1.0010407411956543
6233.190926,0.9988266888683964
6233.43198,0.9994212875187012
6233.673034,0.9961628806288197
6233.914088,1.001194913340749
6234.155142,1.0030258687268512
6234.396196,0.9970646166870873
6234.63725,1.001027927956172
6234.878304,0.9964168349121905
6235.119358,1.0045433900405238
6235.360412,0.9969654136931577
6235.601466,1.0008744421017604
6235.84252,1.0016913286856703
6236.083574,1.0035555058683756
6236.324628,1.0000119210710554
6236.565682,0.9994555082894421
6236.806736,1.0018292710787462
6237.04779,1.0001726849083226
6237.288844,0.9995956417748321
6237.529898,1.0006883468019983
6237.770952,0.9993088189757275
6238.012006,0.9983492639659656
6238.25306,1.0009119055332518
6238.494114,0.9996057677299711
6238.735168,0.9972288467534304
6238.976222,0.9996206119858403
6239.217276,1.000338857399202
6239.45833,1.0013040495341174
6239.699384,1.0006098658926277
6239.940438,1.0025768142936267
6240.181492,0.9977269872148192
6240.422546,0.9983379826830221
6240.6636,0.9994775865054732
6240.904654,0.9987408933407933
6241.145708,1.002839122696689
6241.386762,1.0015150465251068
6241.627816,0.9996530202114153
6241.86887,0.9997079326599722
6242.109924,0.9965394017205889
6242.350978,0.9986409243808998
6242.592032,1.003049540416678
6242.833086,0.9991146221784446
6243.07414,0.9998822269357919
6243.315194,1.003921468916825
6243.556248,0.9965430889231965
6243.797302,1.0047884280545258
6244.038356,0.9988325819632454
6244.27941,0.9993343016755144
6244.520464,0.9984073695839855
6244.761518,0.9996785316820161
6245.002572,0.9984027769206485
6245.243626,0.9950617335294372
6245.48468,0.9969769785590327
6245.725734,1.0004702805472392
6245.966788,1.0021029080161008
6246.207842,1.0031526592096478
6246.448896,1.0039174532389807
6246.68995,1.0016879229409426
6246.931004,1.001664583884239
6247.172058,1.0012207445027337
6247.413112,1.0010812841666623
6247.654166,0.9975312523821427
6247.89522,0.9999918112335281
6248.136274,0.9992491220500468
6248.377328,0.9955054309430498
6248.618382,1.0018763581610246
6248.859436,0.9969937279129666
6249.10049,0.9994430151736706
6249.341544,1.0005778368834475
6249.582598,0.9992735140188188
6249.823652,0.998770456508769
6250.064706,1.0012007202880864
6250.30576,1.002563379854326
6250.546814,1.00003319555096
6250.787868,0.9986398258764871
6251.028922,1.0026466963329437
6251.269976,1.0004690399648604
6251.51103,1.0011191257544054
6251.752084,0.9969222460253315
6251.993138,1.0027199924853873
6252.234192,0.9959138710361586
6252.475246,1.005816249075943
6252.7163,1.0025863388186038
6252.957354,0.9990530486416878
6253.198408,0.9975892106315769
6253.439462,1.0024305490067333
6253.680516,1.0035802939955027
6253.92157,1.0010586599852944
6254.162624,1.0003829132925857
6254.403678,0.9984557935156811
6254.644732,0.998326501862236
6254.885786,1.000031574498464
6255.12684,1.001634935051361
6255.367894,1.0022250718063197
6255.608948,1.0051578561774075
6255.850002,0.9968193689580898
6256.091056,0.9978300577360992
6256.33211,0.9982219825491726
6256.573164,0.9985140051852968
6256.814218,1.0014560590260653
6257.055272,0.9980740570129119
6257.296326,0.9997618983506981
6257.53738,0.9993209706448483
6257.778434,1.0037903653342346
6258.019488,0.9979632769409911
6258.260542,0.9994962869060584
6258.501596,0.9994079353394928
6258.74265,0.9991163606393997
6258.983704,1.000548630442659
6259.224758,0.9982998469004817
6259.465812,0.9995880148891819
6259.706866,1.000727634597708
6259.94792,1.0049239831564565
6260.188974,0.9996646762335855
6260.430028,1.0013337887060132
6260.671082,1.0059470136878386
6260.912136,0.9995406055539571
6261.15319,0.998469572300705
6261.394244,1.001087490889865
6261.635298,0.9978231727324542
6261.876352,1.001931362682948
6262.117406,0.9983378828492289
6262.35846,1.005441652296144
6262.599514,1.0007407041859602
6262.840568,0.9966328815006034
6263.081622,0.9987162247453862
6263.322676,0.9989828176810155
6263.56373,1.0016599762377507
6263.804784,1.0012020218498687
6264.045838,1.00000014109001
6264.286892,1.0008040730935877
6264.527946,0.9984877446122884
6264.769,0.9977476403772141
6265.010054,1.0004743524695674
6265.251108,1.0007271042122023
6265.492162,0.9987958256005504
6265.733216,0.9984683741379372
6265.97427,1.002970001741873
6266.215324,1.0003107282660295
6266.456378,1.0019880736029796
6266.697432,0.9975294568275044
6266.938486,0.9971473764847564
6267.17954,1.0020524033022662
6267.420594,0.9989379643594661
6267.661648,1.0040403402557891
6267.902702,0.9994196484691337
6268.143756,0.9984240431262812
6268.38481,0.9992019386205131
6268.625864,1.003590329848622
6268.866918,0.9992001600426453
6269.107972,1.0011129188350671
6269.349026,0.9997297365277538
6269.59008,0.9995963614839533
6269.831134,1.0000513223169452
6270.072188,1.000300515145632
6270.313242,0.9989546467627687
6270.554296,1.0002132727393975
6270.79535,0.9980781491249344
6271.036404,0.9985863002163208
6271.277458,1.0009178509676286
6271.518512,1.0018666400074836
6271.759566,1.0023977700637194
6272.00062,0.9990833603710102
6272.241674,0.9986516098959581
6272.482728,1.0046480689154407
6272.723782,1.0009109446582838
6272.964836,0.9958913636370077
6273.20589,1.0068177356640917
6273.446944,1.00003770671088
6273.687998,0.9979616802010254
6273.929052,1.0000412108491437
6274.170106,1.0016539662959232
6274.41116,1.0024940048688424
6274.652214,0.9993856088156055
6274.893268,1.0012423711043814
6275.134322,0.9970872503107767
6275.375376,1.0045697094221253
6275.61643,0.9982371556386226
6275.857484,1.0012122341625744
6276.098538,0.998525088752268
6276.339592,0.9998286346847133
6276.580646,0.9986812702892267
6276.8217,1.0025465369310256
6277.062754,0.9967297589248517
6277.303808,0.9994592162762562
6277.544862,1.0001053955537211
6277.785916,0.9982179896692281
6278.02697,0.9995485019559317
6278.268024,1.000482816518392
6278.509078,1.0004723415181398
6278.750132,0.9988762319008214
6278.991186,1.0000323615236228
6279.23224,0.999817486657587
6279.473294,0.9974596322094166
6279.714348,0.9964362652299161
6279.955402,1.0009700902334424
6280.196456,0.9952661402013506
6280.43751,0.9975358410364575
6280.678564,0.9986782742499098
6280.919618,0.9988040157598999
6281.160672,1.0008626618789036
6281.401726,1.0012309570064113
6281.64278,0.9970433794369293
6281.883834,1.0019952879430811
6282.124888,0.9998999550048343
6282.365942,1.004880370401991
6282.606996,1.0000270263652056
6282.84805,0.9998940656114437
6283.089104,0.9990398812092802
6283.330158,0.9977021441221353
6283.571212,1.0001061456330491
6283.812266,0.9991334256925745
6284.05332,1.0018423951281596
6284.294374,0.9977282842607457
6284.535428,0.9986463170564517
6284.776482,0.9974967383979056
6285.017536,1.002359779908152
6285.25859,1.0014115953641451
6285.499644,1.0065555944579911
6285.740698,1.001338695253599
6285.981752,1.0016401435665654
6286.222806,1.0023486537763453
6286.46386,0.999315654271426
6286.704914,0.9987394951045214
6286.945968,1.0013556180205456
6287.187022,1.0035537998254658
6287.428076,0.999954628029339
6287.66913,0.9990728101064301
6287.910184,0.9952029428079864
6288.151238,1.0019174359337977
6288.392292,1.0030951802090642
6288.633346,1.0012322586075013
6288.8744,0.9989154885081224
6289.115454,1.0051636861098803
6289.356508,1.0000080513324119
6289.597562,0.9994691809343162
6289.838616,0.997859593942942
6290.07967,0.9994084150554169
6290.320724,1.000420378334217
6290.561778,0.9968992173874301
6290.802832,1.000832266141424
6291.043886,0.9969613261433411
6291.28494,1.004051987191288
6291.525994,0.9991509806210835
6291.767048,0.9997157803980459
6292.008102,0.9978402356545955
6292.249156,1.0042564329877561
6292.49021,1.0017455216524587
6292.731264,1.0000770109651922
6292.972318,0.9965322266627267
6293.213372,0.9982739912692788
6293.454426,1.0015644224340066
6293.69548,1.000397298902311
6293.936534,1.002493704120686
6294.177588,1.001482097222095
6294.418642,0.9993082893421938
6294.659696,1.0030069117170766
6294.90075,0.9995890344694771
6295.141804,1.0020742482827676
6295.382858,1.0051525288548873
6295.623912,1.0028823459943328
6295.864966,0.9975693588038117
6296.10602,1.0013463054566016
6296.347074,1.0024415758034197
6296.588128,1.001766458352649
6296.829182,0.999032398428593
6297.070236,0.9999518731581336
6297.31129,1.0024240332293413
6297.552344,1.00297591928234
6297.793398,1.0019564112801211
6298.034452,1.000526338467506
6298.275506,0.9989109933985381
6298.51656,1.0029878547667954
6298.757614,1.0054038484007353
6298.998668,1.0000881608859424
6299.239722,0.999623980712979
6299.480776,1.000113356424354
6299.72183,0.9990885656088774
6299.962884,1.00021816379426
6300.203938,0.9979253550569878
6300.444992,1.0036374997026076
6300.686046,0.9974349952607686
6300.9271,1.001262195899594
6301.168154,0.9957374107330556
6301.409208,0.998374822034265
6301.650262,0.9973815341777924
6301.891316,1.0010038034738094
6302.13237,0.9994892804616449
6302.373424,1.0009033277549773
6302.614478,0.9982344604019409
6302.855532,1.00236659597783
6303.096586,1.0001858872748988
6303.33764,1.0013849581699847
6303.578694,1.0033656511274902
6303.819748,0.9962003370573078
6304.060802,1.0005674709507528
6304.301856,0.9996526803294462
6304.54291,1.004221184205578
6304.783964,1.0018918873649272
6305.025018,1.0004697102793416
6305.266072,0.9985688251089746
6305.507126,0.996168558773422
6305.74818,1.0008492203836143
6305.989234,1.0032116463202134
6306.230288,1.004129502996771
6306.471342,0.9972664429896376
6306.712396,0.9994719094889046
6306.95345,0.9973511145049023
6307.194504,0.9964209202295885
6307.435558,0.9991852420956187
6307.676612,1.0009625429474154
6307.917666,1.001697238681944
6308.15872,0.9978139928014929
6308.399774,0.9998496613019948
6308.640828,1.00252819049727
6308.881882,0.9986765764982868
6309.122936,1.0019286574719206
6309.36399,1.0007135344446723
6309.605044,0.9971619349427295
6309.846098,1.000312218730125
6310.087152,1.0048364580892954
6310.328206,1.0036060863404885
6310.56926,1.0011363451514548
6310.810314,0.9991891389256616
6311.051368,0.9986495127297793
6311.292422,1.001241870483321
6311.533476,1.0008409433947871
6311.77453,0.9997992301569629
6312.015584,1.0012755127753565
6312.256638,1.0003725093643878
6312.497692,0.9998642792108997
6312.738746,1.0002676258053977
6312.9798,1.0017927049776871
6313.220854,1.0024255368665187
6313.461908,1.0004037814978115
6313.702962,0.9974217294635493
6313.944016,1.00397307180651
6314.18507,0.9977526291278879
6314.426124,1.0031075183556604
6314.667178,0.9986571024949171
6314.908232,0.99649266511863
6315.149286,1.0012140363462179
6315.39034,0.9969669091423998
6315.631394,0.998257020755677
6315.872448,1.0022061299314637
6316.113502,0.9998773175261102
6316.354556,1.0002258755060314
6316.59561,1.0014764889380539
6316.836664,1.001921744188035
6317.077718,1.0014984215133225
6317.318772,1.0008387715722964
6317.559826,0.9961949575900123
6317.80088,0.998395688286097
6318.041934,1.0017655567632422
6318.282988,1.0010481489245477
6318.524042,0.9987635650163947
6318.765096,0.9986052735362708
6319.00615,1.000183696870204
6319.247204,1.0015739373412156
6319.488258,1.0000204752096142
6319.729312,1.004520888520605
6319.970366,0.9986098671310943
6320.21142,0.9941712534423005
6320.452474,0.9971167645301943
6320.693528,0.9988299850019083
6320.934582,0.9966102581909688
6321.175636,1.0001498512265736
6321.41669,0.9993390485247211
6321.657744,1.0020535055605162
6321.898798,0.9964329769956665
6322.139852,0.9994545887907975
6322.380906,1.0064539374767147
6322.62196,1.0050898092939573
6322.863014,0.998440117882777
6323.104068,1.0057765201187565
6323.345122,0.996879179914538
6323.586176,1.0044657418376155
6323.82723,1.0046113999301385
6324.068284,0.9988492626066472
6324.309338,0.9980059906833118
6324.550392,0.9995047726655563
6324.791446,0.999961934724501
6325.0325,1.001224148659052
6325.273554,1.0019357711906425
6325.514608,0.9988202963980436
6325.755662,1.0044100959769222
6325.996716,1.0029434233889916
6326.23777,1.0012393673817737
6326.478824,0.9991118046791827
6326.719878,1.0022902185532334
6326.960932,1.0053441291858185
6327.201986,1.0037009315970156
6327.44304,0.9976230294790436
6327.684094,0.9997317359892263
6327.925148,1.0007917232475243
6328.166202,0.9998915958761517
6328.407256,0.999806368748951
6328.64831,1.000064025049516
6328.889364,1.0003086976373121
6329.130418,1.0023735123312036
6329.371472,1.001693332070331
6329.612526,0.9997322858418323
6329.85358,1.0005061180345338
6330.094634,0.9977145157054261
6330.335688,1.0012731097170096
6330.576742,1.002809238536109
6330.817796,1.0006099959719186
6331.05885,1.0031831555140294
6331.299904,0.9946408119622175
6331.540958,1.0021821774911912
6331.782012,0.9997233382779144
6332.023066,1.0001353591602244
6332.26412,1.0028354121987997
6332.505174,1.000037093687954
6332.746228,0.9990571247864416
6332.987282,0.9991138428693432
6333.228336,1.0016350352148595
6333.46939,0.9974034768129124
6333.710444,1.002281197981859
6333.951498,1.0018437977084946
6334.192552,1.0002847905451295
6334.433606,1.0019847670477926
6334.67466,0.9993932041750948
6334.915714,0.9996754026931088
6335.156768,0.9995528899834869
6335.397822,0.9963650225839072
6335.638876,1.0063220000142012
6335.87993,1.0007559355753883
6336.120984,1.0003657268617672
6336.362038,0.9999249958129547
6336.603092,0.999636396119919
6336.844146,0.9970282244927398
6337.0852,1.0032305068764529
6337.326254,1.001019719560817
6337.567308,1.0002734373771862
6337.808362,1.0051855989170861
6338.049416,1.0016168056231083
6338.29047,0.9997746853871509
6338.531524,1.0031129351508847
6338.772578,0.996031595013065
6339.013632,0.9960097821599858
6339.254686,0.9991392606488186
6339.49574,1.0013991779373508
6339.736794,1.0016501600180832
6339.977848,0.9984111635391983
6340.218902,0.997480878325853
6340.459956,0.9974757911863458
6340.70101,1.0021832798921928
6340.942064,1.0037634641129216
6341.183118,0.996934607937826
6341.424172,0.9988103082450205
6341.665226,1.0020838682417268
6341.90628,0.9990287219961315
6342.147334,0.99784123349533
6342.388388,0.9990395814973608
6342.629442,1.0036515507259605
6342.870496,0.9990049553855401
6343.11155,1.0034782350693878
6343.352604,1.0007419851348813
6343.593658,0.9993195715964687
6343.834712,0.9987443889400374
6344.075766,1.0022468203263484
6344.31682,1.002610501440528
6344.557874,1.0020901813899832
6344.798928,0.9991197676319984
6345.039982,0.9996655459422321
6345.281036,1.0011820981278756
6345.52209,1.0018074314386896
6345.763144,1.0014530546623948
6346.004198,0.997664032628164
6346.245252,0.9984660776633176
6346.486306,1.0007895915634242
6346.72736,0.997902502828016
6346.968414,1.0026473981858768
6347.209468,1.0029179489495643
6347.450522,0.99811597700362
6347.691576,1.0043168910447913
6347.93263,1.0058072973511614
6348.173684,0.9972457997879256
6348.414738,1.000229606355505
6348.655792,1.0003151496492197
6348.896846,1.0005409162424563
6349.1379,1.000100425042257
6349.378954,1.0009440153022193
6349.620008,1.0037769146334592
6349.861062,1.00200160053328
6350.102116,0.9995252527281657
6350.34317,0.9980589862084358
6350.584224,0.9996297785488808
6350.825278,0.9949362641558493
6351.066332,0.9975847214902296
6351.307386,1.0015040299201865
6351.54844,1.0015023273647827
6351.789494,1.001043644218013
6352.030548,1.0017768767779915
6352.271602,1.002628448329128
6352.512656,1.0042821422815182
6352.75371,1.0000775560073116
6352.994764,0.9999170064441557
6353.235818,1.0008045334635671
6353.476872,0.9974998306425876
6353.717926,1.000030717471772
6353.95898,0.9992038670821156
6354.200034,0.999054257496608
6354.441088,1.0021853844792905
6354.682142,1.000946297457176
6354.923196,1.0005914748523066
6355.16425,1.0008128601919246
6355.405304,0.9992812484257494
6355.646358,0.9991151317270318
6355.887412,1.000433113766694
6356.128466,1.001651962989994
6356.36952,0.9989133907877991
6356.610574,0.9993491618870657
6356.851628,0.9970640184484968
6357.092682,0.9953174972591857
6357.333736,0.9985185983602849
6357.57479,0.9997580492747988
6357.815844,1.0004662386554704
6358.056898,0.9980780493171245
6358.297952,1.0003443292677177
6358.539006,1.0017031487130867
6358.78006,0.9977599127486656
6359.021114,0.9997587491056783
6359.262168,1.0040545977298485
6359.503222,0.9977979281255297
6359.744276,1.0042186736557557
6359.98533,0.9981866461164489
6360.226384,1.0007488102184934
6360.467438,0.9990326381963974
6360.708492,1.001246876705189
6360.949546,1.0040002798454235
6361.1906,1.0007241320571163
6361.431654,0.9968020244519675
6361.672708,1.0005620779066189
6361.913762,0.999428403423601
6362.154816,0.9987103323370429
6362.39587,1.0008959411156753
6362.636924,0.9979869289509299
6362.877978,1.0029033064544
6363.119032,1.0017841897758846
6363.360086,0.9994981559658626
6363.60114,1.0011244316998327
6363.842194,0.9986106660193076
6364.083248,1.0022236686922013
6364.324302,0.999119927491174
6364.565356,1.003693704976324
6364.80641,0.9999714764068054
6365.047464,0.99799221829567
6365.288518,0.9935914230860029
6365.529572,0.9976326067060971
6365.770626,1.0001119862699943
6366.01168,0.9998233855981601
6366.252734,1.00213537667631
6366.493788,1.0005348829989218
6366.734842,1.002138783942383
6366.975896,1.0019305611381784
6367.21695,1.0002640448537072
6367.458004,1.0010737760851864
6367.699058,1.0030067111157142
6367.940112,0.9969597310064954
6368.181166,1.0054067640761233
6368.42222,0.9992916509976908
6368.663274,1.0030751185060778
6368.904328,1.0012972406897307
6369.145382,0.9986059725602069
6369.386436,1.0002962738804393
6369.62749,1.0014742856922019
6369.868544,0.9968687127381016
6370.109598,0.994682786690143
6370.350652,0.9994765970231524
6370.591706,1.002234793436666
6370.83276,1.0038385484281558
6371.073814,0.9980306417357209
6371.314868,0.9962742578647455
6371.555922,1.0027704305695166
6371.796976,1.0060391626546505
6372.03803,0.9994756775051061
6372.279084,0.9957352201131616
6372.520138,0.9984027769206485
6372.761192,0.9980002022653522
6373.002246,1.000702756817944
6373.2433,0.9974707040727828
6373.484354,0.9975075114208545
6373.725408,1.0023294088669445
6373.966462,0.9995230037988772
6374.207516,1.0004826464363277
6374.44857,0.9996324875492514
6374.689624,0.9990242663379675
6374.930678,0.9995225340231757
6375.171732,1.0035726668142517
6375.412786,0.9994340701987137
6375.65384,0.9996840099353801
6375.894894,0.9984593879630078
6376.135948,0.9980407218961072
6376.377002,1.001740412763326
6376.618056,1.0008457174174732
6376.85911,1.001955108737633
6377.100164,0.9996780918235589
6377.341218,0.9989538475993709
6377.582272,0.9984400180387701
6377.823326,0.9974975363956156
6378.06438,1.0007450974472947
6378.305434,0.9990732496985633
6378.546488,0.9976576475987874
6378.787542,1.0017912022897566
6379.028596,1.0004929914803757
6379.26965,1.0001979395874554
6379.510704,0.9957526456319864
6379.751758,1.0008838603745733
6379.992812,1.0004393664931948
6380.233866,0.9989057990748776
6380.47492,0.9974545451782643
6380.715974,1.0015962726890564
6380.957028,0.9968238546553428
6381.198082,1.0002210944377732
6381.439136,0.9966479307707357
6381.68019,1.0026618364123656
6381.921244,0.9982779843732301
6382.162298,0.9994669121418506
6382.403352,0.99843013353152
6382.644406,1.0011774927008168
6382.88546,0.9976200366144444
6383.126514,1.0039698590978208
6383.367568,0.9978594941569876
6383.608622,0.9972294450909179
6383.849676,1.001772468969431
6384.09073,1.0052458113378053
6384.331784,0.999491839157478
6384.572838,0.9956861315768524
6384.813892,0.9998402327641444
6385.054946,1.0007015859964035
6385.296,0.9959366777249409
6385.537054,0.9970504584700539
6385.778108,0.9955902516190756
6386.019162,1.0083408930235207
6386.260216,1.0004117547477234
6386.50127,1.0044446482785199
6386.742324,0.9980539959259804
6386.983378,1.0027759458220518
6387.224432,0.9992488022903789
6387.465486,1.0000522893670414
6387.70654,1.0050907138751928
6387.947594,0.9990169934677818
6388.188648,0.9967968410949171
6388.429702,1.0007401437713226
6388.670756,1.0019116248295217
6388.91181,1.0061719685891197
6389.152864,0.9989985018343733
6389.393918,1.0011654786429889
6389.634972,1.0069048291649663
6389.876026,1.0016269220039329
6390.11708,1.0018910858517378
6390.358134,0.9992063251266521
6390.599188,1.0003353162059148
6390.840242,1.0045489150443627
6391.081296,1.003612609801251
6391.32235,1.0040949615359844
6391.563404,0.9995261423060365
6391.804458,0.9983491641310441
6392.045512,0.9984829518826168
6392.286566,0.9974112565903727
6392.52762,1.0005402158640602
6392.768674,1.0032023164952864
6393.009728,0.9986848655482712
6393.250782,0.9999909154412648
6393.491836,0.99808274029498
6393.73289,1.000150391307639
6393.973944,1.0018109377708357
6394.214998,1.0000127160808487
6394.456052,0.9996679951258199
6394.697106,1.002444182154905
6394.93816,0.9975196810867286
6395.179214,0.9971661230316513
6395.420268,0.9950044196242421
6395.661322,0.9987803443852333
6395.902376,1.0028289940726995
6396.14343,0.9961873865371047
6396.384484,1.001056457658665
6396.625538,1.0016052870960754
6396.866592,1.0025839326142783
6397.107646,1.0033525071235538
6397.3487,0.9985796097105225
6397.589754,0.9999084481911227
6397.830808,0.9978288603407485
6398.071862,1.001374643958034
6398.312916,1.0024935036219653
6398.55397,1.0035863154953313
6398.795024,0.9953921488708806
6399.036078,0.9963126151620466
6399.277132,0.9990916627882314
6399.518186,1.0018941917189181
6399.75924,0.9992372910104816
6400.000294,1.0000851086215332
6400.241348,1.0002691462133444
6400.482402,1.0054708105268528
6400.723456,0.9997963107474732
6400.96451,1.0015429891847032
6401.205564,1.0037924732962153
6401.446618,1.0036697169834328
6401.687672,1.0040929533480696
6401.928726,0.9977035409061149
6402.16978,0.9971852688050123
6402.410834,1.002262856403762
6402.651888,0.9990798236221745
6402.892942,0.9999872140817405
6403.133996,1.0009220748498722
6403.37505,1.0015099388113942
6403.616104,0.9991872104924845
6403.857158,1.001691929700648
6404.098212,0.9975742469056457
6404.339266,0.9979971084695206
6404.58032,1.0019541067830253
6404.821374,1.0010886921955748
6405.062428,1.0008217674660176
6405.303482,0.9952128948871747
6405.544536,1.0013859595554437
6405.78559,1.0039467680566094
6406.026644,1.0000274133757396
6406.267698,1.002716282428279
6406.508752,1.0000349786117373
6406.749806,0.9937392804900761
6406.99086,0.996366018949428
6407.231914,1.003111731416085
6407.472968,0.9999726643736251
6407.714022,0.9982889654914543
6407.955076,1.0004305226482848
6408.19613,1.002863291410778
6408.437184,1.0005789475254627
6408.678238,0.9992739037355652
6408.919292,1.0004243099940295
6409.160346,1.0003690480814935
6409.4014,1.0005405760586028
6409.642454,0.9981481168555284
6409.883508,1.0001497512115933
6410.124562,0.9994934883203731
6410.365616,1.0016350352148595
6410.60667,1.001115621843597
6410.847724,1.0019014053830675
6411.088778,0.9978356456000687
6411.329832,1.0014283190774305
6411.570886,0.9996894382342919
6411.81194,1.0010223222154715
6412.052994,1.0032214778425217
6412.294048,1.0030247653990023
6412.535102,0.9996634566434244
6412.776156,0.9941216455344813
6413.01721,1.001467075103303
6413.258264,0.9981825535595896
6413.499318,1.0010194192549464
6413.740372,0.9973006498152759
6413.981426,0.997467212931428
6414.22248,0.996532127009509
6414.463534,1.0008771344576308
6414.704588,1.0001184770178475
6414.945642,0.9955610812520511
6415.186696,1.0004091336723595
6415.42775,1.0005123512070655
6415.668804,0.9970654143390997
6415.909858,0.9997019944124887
6416.150912,0.9971571485769292
6416.391966,1.0019388771963473
6416.63302,1.0001292683544338
6416.874074,0.9986426220719143
6417.115128,1.0002343874644504
6417.356182,0.9977664979858211
6417.597236,0.9987066371156493
6417.83829,1.0018539163819506
6418.079344,1.0032861877147137
6418.320398,1.002480772035315
6418.561452,0.9985277847736472
6418.802506,0.9978732647130235
6419.04356,1.000300325088552
6419.284614,0.9998866264272693
6419.525668,1.0019385766147293
6419.766722,1.0010603617864628
6420.007776,1.0043210087524859
6420.24883,0.9980995082258672
6420.489884,1.0045803579174821
6420.730938,1.0037819335305795
6420.971992,1.001037037351764
6421.213046,1.0030810366667355
6421.4541,0.995717197468783
6421.695154,0.9962089044170461
6421.936208,0.9986495127297793
6422.177262,0.9969517553605499
6422.418316,0.9953423805076566
6422.65937,1.0000028875041689
6422.900424,1.0018433969710556
6423.141478,1.0027926923201798
6423.382532,0.9986555046448314
6423.623586,0.9978931225885765
6423.86464,1.0007464184316952
6424.105694,0.9988201965160189
6424.346748,0.9993593553005033
6424.587802,0.9998618495436533
6424.828856,1.0023756173177898
6425.06991,1.0010047043776378
6425.310964,0.9988926136053542
6425.552018,1.000128948313119
6425.793072,1.0019586155866507
6426.034126,1.0010495503929373
6426.27518,0.9991291094454986
6426.516234,1.0005691318941332
6426.757288,1.0008657645579644
6426.998342,0.9986654912498109
6427.239396,0.9971868643027189
6427.48045,1.000342578666673
6427.721504,1.0037611554596093
6427.962558,1.0020658308944352
6428.203612,1.0021891927909872
6428.444666,1.0001319287018258
6428.68572,1.0060574727340321
6428.926774,0.9968538595049387
6429.167828,1.002120444970439
6429.408882,1.0021969096774817
6429.649936,0.9989586425893474
6429.89099,0.9962921909627845
6430.132044,0.9997776447245994
6430.373098,0.9968776845968896
6430.614152,1.0048479132902122
6430.855206,0.9994607254608122
6431.09626,1.002210740090265
6431.337314,0.9984561928980784
6431.578368,1.0027137756407063
6431.819422,1.0018089341509637
6432.060476,0.9982389524671199
6432.30153,0.9979252552644572
6432.542584,0.999267658293184
6432.783638,0.997273822788621
6433.024692,0.9972321376140546
6433.265746,0.9983730249612026
6433.5068,0.9989285743867341
6433.747854,1.0031416245910871
6433.988908,0.9965241547843818
6434.229962,0.9995045827596675
6434.471016,1.0015809483833156
6434.71207,0.9987455874340232
6434.953124,0.99736597514722
6435.194178,1.001610295135031
6435.435232,1.0004463395798804
6435.676286,1.001809435055556
6435.91734,1.0003865847046145
6436.158394,0.9991252827883375
6436.399448,1.003309464224275
6436.640502,1.0015026278155261
6436.881556,1.0014459443709482
6437.12261,1.0017431174660918
6437.363664,1.0007448472610516
6437.604718,0.997952698586321
6437.845772,0.9990136567565959
6438.086826,0.9990747283280671
6438.32788,1.0006161597484782
6438.568934,1.0018132419386423
6438.809988,0.9987485836752799
6439.051042,1.0004406170431845
6439.292096,0.9979034009406726
6439.53315,1.0013487086906185
6439.774204,1.0031724215116924
6440.015258,0.999606507438513
6440.256312,0.9980358315085514
6440.497366,0.9997094322229958
6440.73842,0.9973875184849504
6440.979474,0.9969642173353791
6441.220528,0.9996259399779013
6441.461582,0.996110185006246
6441.702636,1.000185477198769
6441.94369,0.994581035845709
6442.184744,0.9962043218666257
6442.425798,1.0014208083932024
6442.666852,1.0011968156128914
6442.907906,1.002758898775873
6443.14896,0.9989814191060497
6443.390014,0.9995405355861171
6443.631068,1.0010154151852775
6443.872122,1.002172757022999
6444.113176,1.00008310645315
6444.35423,0.996150229440571
6444.595284,1.0005633986494333
6444.836338,0.9985982833238218
6445.077392,1.0021355771034053
6445.318446,0.99901649395941
6445.5595,0.9960160570413793
6445.800554,0.9982836745739581
6446.041608,1.002306054863793
6446.282662,0.9993604545963988
6446.523716,0.9987777475597137
6446.76477,1.0042644670713563
6447.005824,0.9994116331556945
6447.246878,0.9963576495100205
6447.487932,0.9984148576673376
6447.728986,1.0004369254241186
6447.97004,0.9996725336288202
6448.211094,1.0015771423829432
6448.452148,0.9983444719009995
6448.693202,1.0015367796374197
6448.934256,0.9968856596502665
6449.17531,1.0013845576160816
6449.416364,1.0013463054566016
6449.657418,1.0020571129596294
6449.898472,1.00252167408521
6450.139526,0.999139600356225
6450.38058,0.9972160823058845
6450.621634,1.0016767040990313
6450.862688,1.0003238024126873
6451.103742,0.9969572386102833
6451.344796,0.9975060151607096
6451.58585,1.0026644433365293
6451.826904,0.9983747221967877
6452.067958,1.0004831866971027
6452.309012,0.9970029002974563
6452.550066,1.0081939884576645
6452.79112,1.0021161358617903
6453.032174,0.9972146862043466
6453.273228,1.0042617555609559
6453.514282,1.00189839968336
6453.755336,0.9952510122709921
6453.99639,1.000927019417135
6454.237444,0.9999367190023268
6454.478498,0.9991918767076531
6454.719552,1.0010878913249415
6454.960606,1.0034743215119024
6455.20166,1.0043483266554458
6455.442714,0.9996464225232543
6455.683768,0.9965097052888966
6455.924822,1.0011496603533911
6456.165876,1.0020876761676614
6456.40693,1.0004170769524157
6456.647984,1.0027469660159776
6456.889038,0.9974621258616142
6457.130092,1.0012812200620451
6457.371146,1.0038153600255142
6457.6122,0.9983388811876108
6457.853254,0.994190142875565
6458.094308,1.003927793642002
6458.335362,0.9993326527752769
6458.576416,1.0000722576104555
6458.81747,0.9995337887102727
6459.058524,0.9975718527303261
6459.299578,0.9987020430756849
6459.540632,1.001061262741194
6459.781686,1.0024506980632657
6460.02274,1.0005489005908255
6460.263794,0.998741093088992
6460.504848,0.9986657908495031
6460.745902,1.0011610735245742
6460.986956,0.997276415703931
6461.22801,1.0000804742378777
6461.469064,1.0045540382568938
6461.710118,0.9995485319423871
6461.951172,0.9972883830927236
6462.192226,0.9992701264873481
6462.43328,1.0029927694193248
6462.674334,1.0000758278747879
6462.915388,1.0020243462277747
6463.156442,0.9991252727970847
6463.397496,1.0004931015346108
6463.63855,1.005291350004502
6463.879604,0.9991650287826294
6464.120658,1.0015116413797374
6464.361712,0.9996781817945912
6464.602766,0.9958407736407318
6464.84382,0.9947697257648819
6465.084874,1.0012869273812652
6465.325928,0.9999254467792295
6465.566982,0.9981169751200961
6465.808036,1.00005088229446
6466.04909,0.9998386430194381
6466.290144,0.9994581868337936
6466.531198,0.9982785833402005
6466.772252,0.9994930385484045
6467.013306,1.0005413564805565
6467.25436,1.0005099900007028
6467.495414,0.9975061149113161
6467.736468,1.000194598931916
6467.977522,1.0016853185557286
6468.218576,0.9949693960850893
6468.45963,1.0034712107463275
6468.700684,0.9999514361792605
6468.941738,0.9974418775859799
6469.182792,1.0002778385899933
6469.423846,0.9983857043791338
6469.6649,1.002890369085193
6469.905954,0.9986855646279218
6470.147008,0.9962458644530044
6470.388062,0.9971462796232455
6470.629116,1.0012358630501204
6470.87017,0.9967694295586973
6471.111224,1.001383456093674
6471.352278,1.00106246401543
6471.593332,0.9996279592243394
6471.834386,1.001811338495291
6472.07544,1.0011923102373583
6472.316494,1.0019595173498106
6472.557548,1.0050328223173663
6472.798602,0.9995374769967579
6473.039656,1.0012296554070133
6473.28071,0.9984442114956522
6473.521764,1.0008575775094954
6473.762818,0.9999300224485431
6474.003872,0.9993140553676583
6474.244926,1.0016641832184856
6474.48598,0.999019980533058
6474.727034,0.9983548547374979
6474.968088,0.9987309059817968
6475.209142,0.9985687252520971
6475.450196,0.9955409711213229
6475.69125,0.998015272182184
6475.932304,1.0003040962278864
6476.173358,1.000529460114552
6476.414412,0.9966363697217929
6476.655466,0.9980439156315272
6476.89652,0.999037833179623
6477.137574,0.9980722604812261
6477.378628,1.0005735143965286
6477.619682,0.998634533099436
6477.860736,0.9981819546502372
6478.10179,1.0006316394002044
6478.342844,1.0028563716779404
6478.583898,1.0014827982598085
6478.824952,0.9994314416905655
6479.066006,1.0056340116828169
6479.30706,1.0019688356166518
6479.548114,0.9979859309644998
6479.789168,1.0032100411828635
6480.030222,1.0002667655756095
6480.271276,0.9981220655296497
6480.51233,0.9986293402133654
6480.753384,0.9983850055093854
6480.994438,1.0005576854487381
6481.235492,0.9988644452308264
6481.476546,0.9987153259011884
6481.7176,1.002501222851662
6481.958654,1.0006834234274435
6482.199708,1.000191218279885
6482.440762,0.9966408545955476
6482.681816,1.0025161602311659
6482.92287,0.9997221586050713
6483.163924,1.0034896747864739
6483.404978,0.9985154031058826
6483.646032,0.999733315566617
6483.887086,1.0000294554338027
6484.12814,1.000353502467276
6484.369194,0.9971921494071052
6484.610248,0.9987747512309656
6484.851302,1.0031492484964049
6485.092356,0.9990659065371642
6485.33341,1.002766018389329
6485.574464,0.9995190856763818
6485.815518,0.9987046397043725
6486.056572,1.004409392890101
6486.297626,0.9988908156002679
6486.53868,0.9975464149724143
6486.779734,0.9978827445540676
6487.020788,0.9985036206936423
6487.261842,0.9966576979683165
6487.502896,1.000512751412086
6487.74395,0.9983528580297851
6487.985004,1.0028427329240293
6488.226058,0.9987416923338276
6488.467112,0.9945798423491821
6488.708166,0.999983903129556
6488.94922,0.9983029416348039
6489.190274,0.9966693589315991
6489.431328,0.9968485761934841
6489.672382,1.0001098660348309
6489.913436,0.9999906512436999
6490.15449,1.000375990666778
6490.395544,1.002642384961419
6490.636598,1.0014946158265514
6490.877652,0.9994079153513342
6491.118706,0.9971093858934377
6491.35976,0.9981727714184973
6491.600814,0.9981022030981775
6491.841868,0.9983958879652547
6492.082922,0.9991091670275001
6492.323976,0.9998867964080103
6492.56503,1.000110636119724
6492.806084,0.9987966246375305
6493.047138,0.9991986812275028
6493.288192,0.9964288916288359
6493.529246,0.9988359779997973
6493.7703,0.996100821614515
6494.011354,1.0005166634245921
6494.252408,0.9991048608762699
6494.493462,1.0016254195646765
6494.734516,0.9920714977001355
6494.97557,1.001980959512912
6495.216624,0.9988595508070361
6495.457678,1.003888540832668
6495.698732,1.0030661911772498
6495.939786,1.000766273437598
6496.18084,0.9976254237771874
6496.421894,0.9985204955474242
6496.662948,0.996675139630645
6496.904002,1.002433656546252
6497.145056,0.9965619237655658
6497.38611,0.9979716598677256
6497.627164,0.9989945058483579
6497.868218,0.9991854019652702
6498.109272,1.0022930249697743
6498.350326,0.9995239533461818
6498.59138,1.0002786888265176
6498.832434,1.0013428007506657
6499.073488,1.0007942852776153
6499.314542,0.9984840502144681
6499.555596,0.9990769962302745
6499.79665,0.9946225107396492
