nu,[0]E-C10F18-HITRAN(x-sec)-X=0.01-T=300.0K-P=0.0atm-L=15cm
560,1.0
560.119602,1.0
560.239204,1.0
560.358806,1.0
560.478408,1.0
560.59801,1.0
560.717612,1.0
560.837214,1.0
560.956816,1.0
561.076418,1.0
561.19602,1.0
561.315622,1.0
561.435224,1.0
561.554826,1.0
561.674428,1.0
561.79403,1.0
561.913632,1.0
562.033234,1.0
562.152836,1.0
562.272438,1.0
562.39204,1.0
562.511642,1.0
562.631244,1.0
562.750846,1.0
562.870448,1.0
562.99005,1.0
563.109652,1.0
563.229254,1.0
563.348856,1.0
563.468458,1.0
563.58806,1.0
563.707662,1.0
563.827264,1.0
563.946866,1.0
564.066468,1.0
564.18607,1.0
564.305672,1.0
564.425274,1.0
564.544876,1.0
564.664478,1.0
564.78408,1.0
564.903682,1.0
565.023284,1.0
565.142886,1.0
565.262488,1.0
565.38209,1.0
565.501692,1.0
565.621294,1.0
565.740896,1.0
565.860498,1.0
565.9801,1.0
566.099702,1.0
566.219304,1.0
566.338906,1.0
566.458508,1.0
566.57811,1.0
566.697712,1.0
566.817314,1.0
566.936916,1.0
567.056518,1.0
567.17612,1.0
567.295722,1.0
567.415324,1.0
567.534926,1.0
567.654528,1.0
567.77413,1.0
567.893732,1.0
568.013334,1.0
568.132936,1.0
568.252538,1.0
568.37214,1.0
568.491742,1.0
568.611344,1.0
568.730946,1.0
568.850548,1.0
568.97015,1.0
569.089752,1.0
569.209354,1.0
569.328956,1.0
569.448558,1.0
569.56816,1.0
569.687762,1.0
569.807364,1.0
569.926966,1.0
570.046568,1.0
570.16617,1.0
570.285772,1.0
570.405374,1.0
570.524976,1.0
570.644578,1.0
570.76418,1.0
570.883782,1.0
571.003384,1.0
571.122986,1.0
571.242588,1.0
571.36219,1.0
571.481792,1.0
571.601394,1.0
571.720996,1.0
571.840598,1.0
571.9602,1.0
572.079802,1.0
572.199404,1.0
572.319006,1.0
572.438608,1.0
572.55821,1.0
572.677812,1.0
572.797414,1.0
572.917016,1.0
573.036618,1.0
573.15622,1.0
573.275822,1.0
573.395424,1.0
573.515026,1.0
573.634628,1.0
573.75423,1.0
573.873832,1.0
573.993434,1.0
574.113036,1.0
574.232638,1.0
574.35224,1.0
574.471842,1.0
574.591444,1.0
574.711046,1.0
574.830648,1.0
574.95025,1.0
575.069852,1.0
575.189454,1.0
575.309056,1.0
575.428658,1.0
575.54826,1.0
575.667862,1.0
575.787464,1.0
575.907066,1.0
576.026668,1.0
576.14627,1.0
576.265872,1.0
576.385474,1.0
576.505076,1.0
576.624678,1.0
576.74428,1.0
576.863882,1.0
576.983484,1.0
577.103086,1.0
577.222688,1.0
577.34229,1.0
577.461892,1.0
577.581494,1.0
577.701096,1.0
577.820698,1.0
577.9403,1.0
578.059902,1.0
578.179504,1.0
578.299106,1.0
578.418708,1.0
578.53831,1.0
578.657912,1.0
578.777514,1.0
578.897116,1.0
579.016718,1.0
579.13632,1.0
579.255922,1.0
579.375524,1.0
579.495126,1.0
579.614728,1.0
579.73433,1.0
579.853932,1.0
579.973534,1.0
580.093136,1.0
580.212738,1.0
580.33234,1.0
580.451942,1.0
580.571544,1.0
580.691146,1.0
580.810748,1.0
580.93035,1.0
581.049952,1.0
581.169554,1.0
581.289156,1.0
581.408758,1.0
581.52836,1.0
581.647962,1.0
581.767564,1.0
581.887166,1.0
582.006768,1.0
582.12637,1.0
582.245972,1.0
582.365574,1.0
582.485176,1.0
582.604778,1.0
582.72438,1.0
582.843982,1.0
582.963584,1.0
583.083186,1.0
583.202788,1.0
583.32239,1.0
583.441992,1.0
583.561594,1.0
583.681196,1.0
583.800798,1.0
583.9204,1.0
584.040002,1.0
584.159604,1.0
584.279206,1.0
584.398808,1.0
584.51841,1.0
584.638012,1.0
584.757614,1.0
584.877216,1.0
584.996818,1.0
585.11642,1.0
585.236022,1.0
585.355624,1.0
585.475226,1.0
585.594828,1.0
585.71443,1.0
585.834032,1.0
585.953634,1.0
586.073236,1.0
586.192838,1.0
586.31244,1.0
586.432042,1.0
586.551644,1.0
586.671246,1.0
586.790848,1.0
586.91045,1.0
587.030052,1.0
587.149654,1.0
587.269256,1.0
587.388858,1.0
587.50846,1.0
587.628062,1.0
587.747664,1.0
587.867266,1.0
587.986868,1.0
588.10647,1.0
588.226072,1.0
588.345674,1.0
588.465276,1.0
588.584878,1.0
588.70448,1.0
588.824082,1.0
588.943684,1.0
589.063286,1.0
589.182888,1.0
589.30249,1.0
589.422092,1.0
589.541694,1.0
589.661296,1.0
589.780898,1.0
589.9005,1.0
590.020102,1.0
590.139704,1.0
590.259306,1.0
590.378908,1.0
590.49851,1.0
590.618112,1.0
590.737714,1.0
590.857316,1.0
590.976918,1.0
591.09652,1.0
591.216122,1.0
591.335724,1.0
591.455326,1.0
591.574928,1.0
591.69453,1.0
591.814132,1.0
591.933734,1.0
592.053336,1.0
592.172938,1.0
592.29254,1.0
592.412142,1.0
592.531744,1.0
592.651346,1.0
592.770948,1.0
592.89055,1.0
593.010152,1.0
593.129754,1.0
593.249356,1.0
593.368958,1.0
593.48856,1.0
593.608162,1.0
593.727764,1.0
593.847366,1.0
593.966968,1.0
594.08657,1.0
594.206172,1.0
594.325774,1.0
594.445376,1.0
594.564978,1.0
594.68458,1.0
594.804182,1.0
594.923784,1.0
595.043386,1.0
595.162988,1.0
595.28259,1.0
595.402192,1.0
595.521794,1.0
595.641396,1.0
595.760998,1.0
595.8806,1.0
596.000202,1.0
596.119804,1.0
596.239406,1.0
596.359008,1.0
596.47861,1.0
596.598212,1.0
596.717814,1.0
596.837416,1.0
596.957018,1.0
597.07662,1.0
597.196222,1.0
597.315824,1.0
597.435426,1.0
597.555028,1.0
597.67463,1.0
597.794232,1.0
597.913834,0.9999996512400608
598.033436,0.9999988006007193
598.153038,0.99999825070153
598.27264,0.9999963631066136
598.392242,0.999994841713304
598.511844,0.9999934576214015
598.631446,0.9999913938370333
598.751048,0.9999904402456947
598.87065,0.999988559065448
598.990252,0.9999874370789141
599.109854,0.9999845311196444
599.229456,0.9999822221580277
599.349058,0.9999807501852801
599.46866,0.9999795912082622
599.588262,0.99997765424967
599.707864,0.9999770752627758
599.827466,0.9999752603060312
599.947068,0.9999724913783691
600.06667,0.9999698544543861
600.186272,0.9999695624632312
600.305874,0.9999689924807431
600.425476,0.9999665185605159
600.545078,0.9999643386358815
600.66468,0.99996118375337
600.784282,0.9999589188438538
600.903884,0.9999583628668495
601.023486,0.9999554589919801
601.143088,0.9999524531303883
601.26269,0.9999517771627584
601.382292,0.9999483803323409
601.501894,0.9999486263196727
601.621496,0.9999459164625673
601.741098,0.9999449525151684
601.8607,0.9999430196234433
601.980302,0.9999420386798222
602.099904,0.999942301664613
602.219506,0.999940719757143
602.339108,0.9999407857532328
602.45871,0.9999400047997841
602.578312,0.9999390058602182
602.697914,0.9999386798801554
602.817516,0.9999372089714391
602.937118,0.9999366540064422
603.05672,0.9999340481749173
603.176322,0.9999328422551823
603.295924,0.9999332752261968
603.415526,0.9999328432551151
603.535128,0.9999323022915932
603.65473,0.9999322642941665
603.774332,0.999932981245857
603.893934,0.9999339771796023
604.013536,0.9999333682199957
604.133138,0.9999326602674216
604.25274,0.9999342301629306
604.372342,0.9999344921457332
604.491944,0.9999357900615463
604.611546,0.9999373739610923
604.731148,0.9999389548633302
604.85075,0.9999402327861311
604.970352,0.9999399748015844
605.089954,0.99994340460158
605.209556,0.9999443675475422
605.329158,0.9999460144572718
605.44876,0.9999465014310995
605.568362,0.9999472593908348
605.687964,0.9999483713328056
605.807566,0.9999495322735386
605.927168,0.9999519581540465
606.04677,0.99995277511513
606.166372,0.9999553789955467
606.285974,0.9999562619565361
606.405576,0.9999578648877088
606.525178,0.9999598268069644
606.64478,0.9999620847188024
606.764382,0.9999629326870099
606.883984,0.9999639866484963
607.003586,0.9999651766063484
607.123188,0.9999677965185433
607.24279,0.9999686324919705
607.362392,0.9999696694599801
607.481994,0.999971473406891
607.601596,0.9999730033644157
607.721198,0.9999737743438986
607.8408,0.999974943313924
607.960402,0.9999765862741056
608.080004,0.9999780182416024
608.199606,0.9999784542321134
608.319208,0.9999807301856652
608.43881,0.9999803461931386
608.558412,0.9999826071512573
608.678014,0.9999821701589535
608.797616,0.9999848801143066
608.917218,0.9999861010965907
609.03682,0.9999858011008054
609.156422,0.9999865980898064
609.276024,0.9999866550890442
609.395626,0.9999873690797707
609.515228,0.9999885280658032
609.63483,0.9999892340579531
609.754432,0.9999896080539966
609.874034,0.9999903354467021
609.993636,0.9999906412437934
610.113238,0.9999919113327135
610.23284,0.999991283137992
610.352442,0.9999915523356817
610.472044,0.9999918441332593
610.591646,0.9999925685276135
610.711248,0.9999923772290534
610.83085,0.9999929858245994
610.950452,0.9999934589213929
611.070054,0.9999944231155509
611.189656,0.9999946655142284
611.309258,0.9999944831152181
611.42886,0.9999941558170773
611.548462,0.9999945843146649
611.668064,0.9999949118129449
611.787666,0.9999948956130275
611.907268,0.9999948684131666
612.02687,0.9999957961088364
612.146472,0.9999941399171703
612.266074,0.999994728013897
612.385676,0.9999949849125755
612.505278,0.999995386110644
612.62488,0.9999959514081955
612.744482,0.9999958818084798
612.864084,0.9999952498112822
612.983686,0.9999953028110318
613.103288,0.9999958728085169
613.22289,0.9999956369095183
613.342492,0.9999958094087805
613.462094,0.9999951210119024
613.581696,0.999995908808369
613.701298,0.9999952552112565
613.8209,0.9999957017092377
613.940502,0.9999952064114893
614.060104,0.99999562050959
614.179706,0.9999958548085913
614.299308,0.9999958629085578
614.41891,0.9999952159114438
614.538512,0.9999955329099774
614.658114,0.9999958588085748
614.777716,0.9999944038156587
614.897318,0.9999948474132746
615.01692,0.999994314416163
615.136522,0.99999518751158
615.256124,0.9999945188150218
615.375726,0.9999945696147446
615.495328,0.9999937353196232
615.61493,0.9999944069156413
615.734532,0.9999955396099476
615.854134,0.999994688514106
615.973736,0.9999944982151349
616.093338,0.9999939484183109
616.21294,0.9999942149167337
616.332542,0.9999937152197493
616.452144,0.9999938483189217
616.571746,0.9999942365166089
616.691348,0.9999944376154701
616.81095,0.9999939014185965
616.930552,0.999993655420127
617.050154,0.999994120217286
617.169756,0.9999941507171071
617.289358,0.9999938086191666
617.40896,0.9999928968252276
617.528562,0.9999928135258228
617.648164,0.999992592327437
617.767766,0.9999929042251752
617.887368,0.9999928356256642
618.00697,0.9999934922211757
618.126572,0.9999933905218427
618.246174,0.9999926388270935
618.365776,0.9999939037185824
618.485378,0.9999937618194575
618.60498,0.9999922740298455
618.724582,0.9999938872186831
618.844184,0.9999929183250752
618.963786,0.9999934308215771
619.083388,0.9999927121265567
619.20299,0.9999932319229036
619.322592,0.9999933915218361
619.442194,0.9999927892259978
619.561796,0.9999924023288624
619.681398,0.9999930770239639
619.801,0.9999936697200363
619.920602,0.9999932901225114
620.040204,0.9999935253209609
620.159806,0.9999931946231567
620.279408,0.999992933624967
620.39901,0.9999942204167018
620.518612,0.9999947757136466
620.638214,0.9999943062162097
620.757816,0.9999939194184868
620.877418,0.9999950855120762
620.99702,0.9999942111167557
621.116622,0.9999947999135205
621.236224,0.9999951716116567
621.355826,0.9999952367113445
621.475428,0.9999948077134799
621.59503,0.9999950589122072
621.714632,0.9999952262113946
621.834234,0.9999951420118001
621.953836,0.9999946014145724
622.073438,0.9999951346118361
622.19304,0.9999957401090733
622.312642,0.999994922012893
622.432244,0.9999959356082596
622.551846,0.9999966213057078
622.671448,0.9999951205119048
622.79105,0.9999962027072097
622.910652,0.999996235407086
623.030254,0.9999958844084691
623.149856,0.9999958179087449
623.269458,0.9999952805111368
623.38906,0.9999957838088882
623.508662,0.9999950099124505
623.628264,0.9999961223075182
623.747866,0.9999960346078622
623.867468,0.9999959348082629
623.98707,0.9999961723073256
624.106672,0.9999963804065507
624.226274,0.9999963064068214
624.345876,0.9999966893054804
624.465478,0.9999953817106644
624.58508,0.9999960431078285
624.704682,0.9999963514066561
624.824284,0.9999958615085636
624.943886,0.9999960034079864
625.063488,0.9999950651121766
625.18309,0.9999958919084382
625.302692,0.9999960108079569
625.422294,0.9999966819055048
625.541896,0.9999962479070391
625.661498,0.9999960131079477
625.7811,0.9999950724121406
625.900702,0.9999947121139809
626.020304,0.9999953435108415
626.139906,0.9999960061079756
626.259508,0.9999955381099542
626.37911,0.9999954601103054
626.498712,0.9999953928106131
626.618314,0.999995306411015
626.737916,0.9999944733152721
626.857518,0.9999947673136905
626.97712,0.9999938303190326
627.096722,0.9999940676175967
627.216324,0.9999941183172971
627.335926,0.9999938120191456
627.455528,0.9999938171191141
627.57513,0.9999929791246465
627.694732,0.9999928778253628
627.814334,0.9999929748246766
627.933936,0.9999924258286842
628.053538,0.9999927159265289
628.17314,0.9999916529348369
628.292742,0.9999920859313164
628.412344,0.9999923328293929
628.531946,0.999991624335076
628.651548,0.9999903979461
628.77115,0.9999907494427867
628.890752,0.9999899040509644
629.010354,0.9999899710502903
629.129956,0.9999902877471643
629.249558,0.9999903616464493
629.36916,0.999990782542481
629.488762,0.9999903950461279
629.608364,0.9999902681473548
629.727966,0.9999903267467862
629.847568,0.9999901454485564
629.96717,0.9999891350590239
630.086772,0.99998895106104
630.206374,0.9999893840563495
630.325976,0.999989049059962
630.445578,0.9999886460644564
630.56518,0.9999882350692073
630.684782,0.999988350067861
630.804384,0.9999872780809242
630.923986,0.999986712088285
631.043588,0.9999865290907335
631.16319,0.9999855181048637
631.282792,0.9999841701252938
631.402394,0.9999832471403307
631.521996,0.9999820591609387
631.641598,0.9999800441991197
631.7612,0.9999792612150515
631.880802,0.9999793222137884
632.000404,0.9999793132139745
632.120006,0.9999803131937877
632.239608,0.9999813331742273
632.35921,0.9999818731642931
632.478812,0.9999830341439218
632.598414,0.9999836851330889
632.718016,0.9999835171358439
632.837618,0.9999843461225232
632.95722,0.9999838311307175
633.076822,0.9999849481132808
633.196424,0.9999842771236057
633.316026,0.9999847431163874
633.435628,0.9999837801315435
633.55523,0.9999843881218666
633.674832,0.9999844311211963
633.794434,0.9999839611286241
633.914036,0.9999835791348238
634.033638,0.9999835951345613
634.15324,0.9999833011394276
634.272842,0.9999820031619451
634.392444,0.9999808041842421
634.512046,0.9999808091841461
634.631648,0.9999791272178395
634.75125,0.9999792232158403
634.870852,0.999978685227163
634.990454,0.9999777502475294
635.110056,0.999976403278407
635.229658,0.9999753323042526
635.34926,0.9999740383370098
635.468862,0.9999727053725052
635.588464,0.9999700374488862
635.708066,0.9999693574694919
635.827668,0.9999672465364065
635.94727,0.999966055576125
636.066872,0.9999634416682721
636.186474,0.9999623257096939
636.306076,0.9999593138277048
636.425678,0.9999563619521673
636.54528,0.9999543990397554
636.664882,0.9999516151705836
636.784484,0.9999489633024166
636.904086,0.9999459854588378
637.023688,0.999943570592199
637.14329,0.9999414427145448
637.262892,0.9999382679055042
637.382494,0.9999342021647725
637.502096,0.9999315213447701
637.621698,0.9999288205333785
637.7413,0.9999260647333466
637.860902,0.9999235329237559
637.980504,0.9999199972003947
638.100106,0.9999172304255902
638.219708,0.9999142396776267
638.33931,0.9999115989076068
638.458912,0.9999082392102788
638.578514,0.9999049625163478
638.698116,0.9999017628255873
638.817718,0.9998990950912428
638.93732,0.9998965653497324
639.056922,0.9998923457951299
639.176524,0.9998901560332903
639.296126,0.9998876463121484
639.415728,0.9998843066929869
639.53533,0.9998823369228429
639.654932,0.999879747230944
639.774534,0.9998782274148832
639.894136,0.9998759876901623
640.013738,0.9998772075396114
640.13334,0.9998769775678801
640.252942,0.9998784773844713
640.372544,0.9998791473032755
640.492146,0.9998805871302844
640.611748,0.9998823769181372
640.73135,0.9998823469216663
640.850952,0.9998833168080132
640.970554,0.9998816370054521
641.090156,0.9998806171267024
641.209758,0.9998782674100131
641.32936,0.9998761176740492
641.448962,0.9998739979389266
641.568564,0.9998722481609612
641.688166,0.9998708583395022
641.807768,0.9998704283951256
641.92737,0.9998717382262448
642.046972,0.9998723281507443
642.166574,0.9998762776542408
642.286176,0.999877417513847
642.405778,0.9998796072477891
642.52538,0.9998833967986818
642.644982,0.999886606429537
642.764584,0.9998893761192728
642.884186,0.9998920358285507
643.003788,0.9998935756634715
643.12339,0.9998970752971107
643.242992,0.9998987451266208
643.362594,0.9999023697661416
643.482196,0.9999051125021035
643.601798,0.9999074432836372
643.7214,0.9999106339933795
643.841002,0.9999133887509708
643.960604,0.9999171764300613
644.080206,0.999921016119391
644.199808,0.9999238908964447
644.31941,0.9999274656307445
644.439012,0.9999307743962027
644.558614,0.9999337341956754
644.678216,0.9999383658994592
644.797818,0.99994138271806
644.91742,0.9999450765083502
645.037022,0.9999473023885679
645.156624,0.9999508992054835
645.276226,0.999953804067065
645.395828,0.9999577148940403
645.51543,0.9999595478182116
645.635032,0.999962048720168
645.754634,0.9999652646032878
645.874236,0.9999669895448571
645.993838,0.9999693824687261
646.11344,0.9999705964322934
646.233042,0.9999735563496395
646.352644,0.9999750643108994
646.472246,0.9999762652816729
646.591848,0.9999784592320057
646.71145,0.9999799392012205
646.831052,0.999980889182614
646.950654,0.9999825031530716
647.070256,0.9999839501288006
647.189858,0.9999850081123794
647.30946,0.9999858730997856
647.429062,0.9999870720835662
647.548664,0.9999875460775507
647.668266,0.9999883370680125
647.787868,0.9999896500535611
647.90747,0.9999899640503604
648.027072,0.9999904896452237
648.146674,0.9999914620364486
648.266276,0.9999918290333826
648.385878,0.9999923051296057
648.50548,0.9999933699219791
648.625082,0.9999936603200958
648.744684,0.9999946440143433
648.864286,0.9999941551170813
648.983888,0.9999947687136832
649.10349,0.9999957133091879
649.223092,0.9999954540103331
649.342694,0.999996441606331
649.462296,0.9999960743077055
649.581898,0.9999963891065193
649.7015,0.9999970655043057
649.821102,0.999997020404439
649.940704,0.9999966523056035
650.060306,0.9999976592027396
650.179908,0.9999973441035269
650.29951,0.9999976704027135
650.419112,0.9999980789018453
650.538714,0.999998967600533
650.658316,0.9999987361007987
650.777918,0.9999993703101983
650.89752,0.9999998563600103
651.017122,0.9999999204690032
651.136724,1.0
651.256326,0.9999996766700523
651.375928,0.9999993212802303
651.49553,0.9999996878300488
651.615132,1.0
651.734734,1.0
651.854336,1.0
651.973938,1.0
652.09354,1.0
652.213142,1.0
652.332744,1.0
652.452346,1.0
652.571948,1.0
652.69155,1.0
652.811152,1.0
652.930754,1.0
653.050356,1.0
653.169958,1.0
653.28956,1.0
653.409162,1.0
653.528764,1.0
653.648366,1.0
653.767968,1.0
653.88757,1.0
654.007172,0.9999999094590041
654.126774,0.9999999509310012
654.246376,0.9999991372103723
654.365978,0.9999983301013943
654.48558,0.9999978386023358
654.605182,0.9999964236063953
654.724784,0.9999959978080087
654.844386,0.9999945209150103
654.963988,0.9999935850205761
655.08359,0.9999916331350024
655.203192,0.9999890830595902
655.322794,0.9999866630889374
655.442396,0.9999837781315759
655.561998,0.9999804621908654
655.6816,0.9999770292638314
655.801202,0.9999729183667141
655.920804,0.9999693354701663
656.040406,0.9999640186473444
656.160008,0.9999592248313298
656.27961,0.9999527471164527
656.399212,0.9999473003886733
656.518814,0.9999407527551873
656.638416,0.999933732195808
656.758018,0.9999266576896787
656.87762,0.999917874372494
656.997222,0.999910769981235
657.116824,0.9999029757071611
657.236426,0.999895275483995
657.356028,0.9998872163605529
657.47563,0.9998795072598334
657.595232,0.9998711982956519
657.714834,0.9998643691986889
657.834436,0.999858420023391
657.954038,0.999852560870217
658.07364,0.9998472216717976
658.193242,0.9998419624892433
658.312844,0.9998385830291213
658.432446,0.9998353435573603
658.552048,0.9998348436398135
658.67165,0.9998315741852203
658.791252,0.9998310942661799
658.910854,0.9998304443761798
659.030456,0.9998296745070341
659.150058,0.9998283947258698
659.26966,0.999825985142342
659.389262,0.9998213559587474
659.508864,0.9998168767691061
659.628466,0.999808098415465
659.748068,0.9997982203602505
659.86767,0.999786732744695
659.987272,0.9997736356242823
660.106874,0.9997636779284609
660.226476,0.9997558997973036
660.346078,0.999749271437661
660.46568,0.9997486715882781
660.585282,0.9997521907097957
660.704884,0.9997587291105035
660.824486,0.9997668671796803
660.944088,0.9997778646757054
661.06369,0.9997889322779264
661.183292,0.9997938512515739
661.302894,0.9997983603320111
661.422496,0.9998012597514602
661.542098,0.9998017896462683
661.6617,0.9998006398748713
661.781302,0.9997985202997615
661.900904,0.9997959808147451
662.020506,0.9997959308249473
662.140108,0.9997930614147434
662.25971,0.9997944211342316
662.379312,0.9997931314002602
662.498914,0.9997926415017458
662.618516,0.9997906619142755
662.738118,0.999795570898477
662.85772,0.9998009898051565
662.977322,0.9998057688653097
663.096924,0.9998124975807763
663.216526,0.9998196062729054
663.336128,0.99982753487382
663.45573,0.9998355835178715
663.575332,0.9998451519901909
663.694934,0.9998522509159712
663.814536,0.9998611096461584
663.934138,0.9998702584171673
664.05374,0.999876267655478
664.173342,0.9998833068091801
664.292944,0.9998913958978525
664.412546,0.9998990950912428
664.532148,0.9999073322939172
664.65175,0.9999134487457759
664.771352,0.9999202591794683
664.890954,0.9999259117446704
665.010556,0.9999305504117343
665.130158,0.9999357030671364
665.24976,0.999940271783801
665.369362,0.9999440225667949
665.488964,0.9999475163773135
665.608566,0.999950841208333
665.728168,0.9999536340749328
665.84777,0.9999563829512511
665.967372,0.9999592768292108
666.086974,0.9999607457704675
666.206576,0.999962155716113
666.326178,0.999964411633281
666.44578,0.9999660905749376
666.565382,0.9999671685389642
666.684984,0.9999687574880575
666.804586,0.9999696914593131
666.924188,0.9999701674449996
667.04379,0.9999716774010924
667.163392,0.9999725083779015
667.282994,0.9999732233585007
667.402596,0.9999734493524747
667.522198,0.9999733323555879
667.6418,0.999974141334341
667.761402,0.999974616322171
667.881004,0.9999753543037102
668.000606,0.9999752383065758
668.120208,0.9999763752790681
668.23981,0.9999762862811746
668.359412,0.9999769022667567
668.479014,0.9999773242570985
668.598616,0.9999780132417123
668.718218,0.9999779232436952
668.83782,0.9999784682318118
668.957422,0.9999786582277389
669.077024,0.9999791352176726
669.196626,0.9999797972040793
669.316228,0.9999797112058204
669.43583,0.999979255215176
669.555432,0.9999806231877328
669.675034,0.9999806791866493
669.794636,0.9999812191763618
669.914238,0.9999813261743581
670.03384,0.9999816681680301
670.153442,0.9999817521664938
670.273044,0.9999820951602936
670.392646,0.9999824641537548
670.512248,0.9999830301439896
670.63185,0.9999830111443122
670.751452,0.9999839591286561
670.871054,0.9999838791299426
670.990656,0.9999845051200469
671.110258,0.9999842461240936
671.22986,0.9999847871157171
671.349462,0.9999851631100677
671.469064,0.999984783115778
671.588666,0.9999853321075746
671.708268,0.999985158110142
671.82787,0.9999854031065357
671.947472,0.9999862320947784
672.067074,0.99998622109493
672.186676,0.9999866470891509
672.306278,0.9999869920846036
672.42588,0.9999870240841879
672.545482,0.9999877770747005
672.665084,0.9999877530749942
672.784686,0.9999878890733379
672.904288,0.9999879060731321
673.02389,0.9999882530689957
673.143492,0.9999886090648772
673.263094,0.9999888730619049
673.382696,0.9999888390622838
673.502298,0.9999893550566578
673.6219,0.9999897260527774
673.741502,0.9999897340526952
673.861104,0.9999898590514198
673.980706,0.9999901536484757
674.100308,0.9999906006441742
674.21991,0.9999906771434581
674.339512,0.9999912494382864
674.459114,0.9999917392341203
674.578716,0.9999917162343106
674.698318,0.9999919323325438
674.81792,0.9999919792321665
674.937522,0.9999916968344714
675.057124,0.9999924767282999
675.176726,0.999992612727286
675.296328,0.9999924696283534
675.41593,0.9999929882245826
675.535532,0.9999930332242681
675.655134,0.9999929643247505
675.774736,0.9999932981224576
675.894338,0.9999935509207954
676.01394,0.9999930946238422
676.133542,0.999993384421883
676.253144,0.9999937799193448
676.372746,0.9999938539188873
676.492348,0.9999937161197436
676.61195,0.9999938402189715
676.731552,0.9999938534188904
676.851154,0.9999937961192441
676.970756,0.9999943687158558
677.090358,0.9999947072140069
677.20996,0.9999944706152871
677.329562,0.999994526614979
677.449164,0.999994402515666
677.568766,0.9999945350149331
677.688368,0.9999946722141927
677.80797,0.9999946591142626
677.927572,0.999994910412952
678.047174,0.999995611609629
678.166776,0.9999948366133303
678.286378,0.9999955596098585
678.40598,0.9999952179114342
678.525582,0.9999952179114342
678.645184,0.9999954561103235
678.764786,0.9999960163079349
678.884388,0.9999963074068177
679.00399,0.9999958601085693
679.123592,0.9999960501078008
679.243194,0.9999962017072135
679.362796,0.9999960963076194
679.482398,0.9999960092079633
679.602,0.9999966766055225
679.721602,0.9999959393082446
679.841204,0.9999968615049251
679.960806,0.9999961069075781
680.080408,0.9999962769069307
680.20001,0.9999968982048105
680.319612,0.9999964051064616
680.439214,0.9999969744045771
680.558816,0.999997278603703
680.678418,0.9999971598040334
680.79802,0.9999965552059333
680.917622,0.999997696502653
681.037224,0.9999974406032752
681.156826,0.9999974397032776
681.276428,0.9999976768026986
681.39603,0.9999972961036555
681.515632,0.9999976275028144
681.635234,0.9999972633037447
681.754836,0.9999972607037518
681.874438,0.9999975112030971
681.99404,0.9999974032033717
682.113642,0.9999976575027436
682.233244,0.999997517303082
682.352846,0.9999980887018265
682.472448,0.9999981919016346
682.59205,0.9999977795024653
682.711652,0.999997818702379
682.831254,0.9999977520025267
682.950856,0.9999977665024943
683.070458,0.999998586500999
683.19006,0.9999984976011286
683.309662,0.9999977992024217
683.429264,0.9999979744020515
683.548866,0.999998296501451
683.668468,0.999998605700972
683.78807,0.9999985864009991
683.907672,0.9999982337015599
684.027274,0.9999978362023411
684.146876,0.9999978650022792
684.266478,0.9999983510013596
684.38608,0.9999984743011638
684.505682,0.9999986346009322
684.625284,0.9999989867005133
684.744886,0.9999991399603698
684.864488,0.9999987606007681
684.98409,0.999999035650465
685.103692,0.999998666600889
685.223294,0.9999988850006216
685.342896,0.9999991335703754
685.462498,0.9999987913007304
685.5821,0.9999986478009142
685.701702,0.9999989532005479
685.821304,0.9999987049008386
685.940906,0.9999991188903882
686.060508,0.9999985765010132
686.18011,0.9999987580007713
686.299712,0.9999987076008352
686.419314,0.9999987191008204
686.538916,0.9999991302003782
686.658518,0.9999989400005618
686.77812,0.9999992652702699
686.897722,0.99999868850086
687.017324,0.9999989133005904
687.136926,0.9999989775005228
687.256528,0.9999991451103655
687.37613,0.9999988352006783
687.495732,0.9999984023012763
687.615334,0.9999985032011202
687.734936,0.9999991419103682
687.854538,0.9999984869011448
687.97414,0.9999988497006616
688.093742,0.9999988501006611
688.213344,0.9999983917012933
688.332946,0.9999984496012019
688.452548,0.9999989145005892
688.57215,0.999999086700417
688.691752,0.9999991668903471
688.811354,0.9999988907006153
688.930956,0.9999989892005109
689.050558,0.9999989262005765
689.17016,0.9999983571013495
689.289762,0.9999982873014667
689.409364,0.9999983518013583
689.528966,0.9999982728014916
689.648568,0.9999983188014132
689.76817,0.9999984974011289
689.887772,0.999997846402319
690.007374,0.9999983154014189
690.126976,0.9999980478019055
690.246578,0.9999976823026858
690.36618,0.9999979004022042
690.485782,0.9999983113014258
690.605384,0.9999978283023582
690.724986,0.9999979607020794
690.844588,0.9999974684032045
690.96419,0.9999978609022879
691.083792,0.9999979483021048
691.203394,0.9999979231021567
691.322996,0.9999980711018603
691.442598,0.9999972739037158
691.5622,0.9999977717024826
691.681802,0.9999975484030051
691.801404,0.9999978528023052
691.921006,0.9999974285033063
692.040608,0.9999975335030418
692.16021,0.9999974758031858
692.279812,0.9999973396035389
692.399414,0.9999973993033818
692.519016,0.999997790002442
692.638618,0.9999976972026514
692.75822,0.9999984171012528
692.877822,0.999997824702366
692.997424,0.9999978170023828
693.117026,0.9999977432025465
693.236628,0.9999980008019984
693.35623,0.9999976629027311
693.475832,0.9999979315021393
693.595434,0.9999978127023922
693.715036,0.9999979934020132
693.834638,0.9999974493032531
693.95424,0.99999795550209
694.073842,0.9999980983018082
694.193444,0.9999983714013262
694.313046,0.9999981374017346
694.432648,0.9999985004011244
694.55225,0.9999984890011415
694.671852,0.9999989405005613
694.791454,0.9999985945009877
694.911056,0.9999988222006936
695.030658,0.9999990930104113
695.15026,0.999999295710248
695.269862,0.9999994196901684
695.389464,0.99999939986018
695.509066,0.9999999818980002
695.628668,0.9999993533802091
695.74827,0.9999997106100419
695.867872,0.9999996961800461
695.987474,0.9999996555300593
696.107076,0.9999993848501892
696.226678,0.9999998831800069
696.34628,0.9999994497401514
696.465882,0.9999997300700364
696.585484,0.9999999940781
696.705086,0.999999955341001
696.824688,0.9999998016200197
696.94429,1.0
697.063892,1.0
697.183494,1.0
697.303096,1.0
697.422698,1.0
697.5423,1.0
697.661902,1.0
697.781504,1.0
697.901106,1.0
698.020708,1.0
698.14031,1.0
698.259912,1.0
698.379514,1.0
698.499116,1.0
698.618718,1.0
698.73832,1.0
698.857922,1.0
698.977524,1.0
699.097126,1.0
699.216728,1.0
699.33633,1.0
699.455932,1.0
699.575534,1.0
699.695136,1.0
699.814738,1.0
699.93434,1.0
700.053942,1.0
700.173544,1.0
700.293146,1.0
700.412748,1.0
700.53235,1.0
700.651952,1.0
700.771554,1.0
700.891156,1.0
701.010758,1.0
701.13036,1.0
701.249962,1.0
701.369564,1.0
701.489166,1.0
701.608768,1.0
701.72837,1.0
701.847972,1.0
701.967574,1.0
702.087176,1.0
702.206778,1.0
702.32638,1.0
702.445982,1.0
702.565584,1.0
702.685186,1.0
702.804788,0.9999998950200055
702.92439,1.0
703.043992,1.0
703.163594,1.0
703.283196,1.0
703.402798,1.0
703.5224,1.0
703.642002,1.0
703.761604,1.0
703.881206,0.9999998430000123
704.000808,1.0
704.12041,1.0
704.240012,1.0
704.359614,0.9999999577900008
704.479216,1.0
704.598818,1.0
704.71842,1.0
704.838022,0.9999998946200056
704.957624,0.9999994498201513
705.077226,0.9999999734500004
705.196828,1.0
705.31643,0.9999999593030008
705.436032,0.9999998258800151
705.555634,0.9999996756600525
705.675236,0.9999997192500394
705.794838,0.999999936281002
705.91444,0.999999873550008
706.034042,0.9999989592005416
706.153644,0.9999999423080017
706.273246,0.9999996166100735
706.392848,0.9999993297702247
706.51245,0.9999991591003535
706.632052,0.9999990806404226
706.751654,0.9999993250402278
706.871256,0.9999993489902119
706.990858,0.9999994799801352
707.11046,0.9999994611301452
707.230062,0.9999991300003784
707.349664,0.9999991772603385
707.469266,0.9999994618601448
707.588868,0.9999992580202752
707.70847,0.9999990123204877
707.828072,0.9999988396006733
707.947674,0.9999987560007738
708.067276,0.9999995177501163
708.186878,0.9999985975009835
708.30648,0.9999985637010315
708.426082,0.9999986789008727
708.545684,0.9999988913006146
708.665286,0.9999988368006765
708.784888,0.9999982676015006
708.90449,0.9999981618016894
709.024092,0.9999983269013997
709.143694,0.9999982913014598
709.263296,0.9999982027016151
709.382898,0.9999981966016261
709.5025,0.999997699602646
709.622102,0.9999973325035578
709.741704,0.99999737700344
709.861306,0.9999970607043197
709.980908,0.9999974389032796
710.10051,0.9999968535049503
710.220112,0.9999963068068198
710.339714,0.9999962487070361
710.459316,0.9999966211057085
710.578918,0.999996077007695
710.69852,0.9999959683081273
710.818122,0.9999958197087374
710.937724,0.9999953171109648
711.057326,0.9999957481090394
711.176928,0.9999958867084596
711.29653,0.999995675209352
711.416132,0.9999958443086349
711.535734,0.9999957731089333
711.655336,0.9999954466103667
711.774938,0.9999955264100066
711.89454,0.9999954070105478
712.014142,0.9999955170100486
712.133744,0.9999952767111547
712.253346,0.9999949639126812
712.372948,0.9999951955115416
712.49255,0.9999951089119614
712.612152,0.9999951336118409
712.731754,0.9999946372143798
712.851356,0.9999951618117041
712.970958,0.9999952820111297
713.09056,0.9999955862097408
713.210162,0.9999954837101984
713.329764,0.999995089612056
713.449366,0.9999951713116582
713.568968,0.9999954143105143
713.68857,0.9999949422127906
713.808172,0.9999949840125801
713.927774,0.9999946601142572
714.047376,0.9999950373123142
714.166978,0.9999950710121475
714.28658,0.9999952649112106
714.406182,0.9999954069105482
714.525784,0.999995320910947
714.645386,0.9999958298086953
714.764988,0.9999960023079908
714.88459,0.9999961843072798
715.004192,0.9999962745069396
715.123794,0.9999962041072045
715.243396,0.9999968079050947
715.362998,0.99999659120581
715.4826,0.9999971277041251
715.602202,0.9999972631037453
715.721804,0.9999978293023559
715.841406,0.9999976957026548
715.961008,0.9999980731018565
716.08061,0.999997436003287
716.200212,0.9999977614025056
716.319814,0.9999978445023231
716.439416,0.9999981320017447
716.559018,0.9999979505021003
716.67862,0.9999984207012471
716.798222,0.9999981891016396
716.917824,0.9999982472015362
717.037426,0.9999980087019826
717.157028,0.9999981938016311
717.27663,0.9999982022016161
717.396232,0.9999980971018105
717.515834,0.9999982223015801
717.635436,0.9999983727013241
717.755038,0.9999980351019304
717.87464,0.9999980165019672
717.994242,0.9999979234021561
718.113844,0.999997781002462
718.233446,0.999997585902914
718.353048,0.9999980103019794
718.47265,0.9999982666015024
718.592252,0.9999981471017166
718.711854,0.9999979903020194
718.831456,0.9999982391015504
718.951058,0.999997978602043
719.07066,0.9999979679020647
719.190262,0.9999982650015051
719.309864,0.999998231401564
719.429466,0.9999979841020319
719.549068,0.9999980783018465
719.66867,0.9999975554029881
719.788272,0.9999976134028479
719.907874,0.9999975431030181
720.027476,0.9999972904036709
720.147078,0.9999967710052132
720.26668,0.9999969006048032
720.386282,0.9999969487046552
720.505884,0.9999970082044755
720.625486,0.9999969816045554
720.745088,0.9999967778051913
720.86469,0.9999972931036637
720.984292,0.9999970456043642
721.103894,0.9999974433032683
721.223496,0.9999968637049181
721.343098,0.9999974087033574
721.4627,0.9999972576037603
721.582302,0.9999972102038915
721.701904,0.9999968074050963
721.821506,0.99999698670454
721.941108,0.9999971028041968
722.06071,0.9999965225060465
722.180312,0.9999969904045288
722.299914,0.9999968814048629
722.419516,0.9999967425053057
722.539118,0.9999965873058233
722.65872,0.9999963246067542
722.778322,0.9999966086057508
722.897924,0.9999964378063446
723.017526,0.9999966751055275
723.137128,0.9999965178060628
723.25673,0.999996341306693
723.376332,0.9999965756058633
723.495934,0.9999968099050883
723.615536,0.9999966090057494
723.735138,0.9999972631037453
723.85474,0.9999971186041512
723.974342,0.9999971519040558
724.093944,0.9999971035041949
724.213546,0.9999972802036986
724.333148,0.9999976550027495
724.45275,0.999997574302942
724.572352,0.9999973784034364
724.691954,0.9999977632025017
724.811556,0.9999974435032678
724.931158,0.9999978254023645
725.05076,0.9999973784034364
725.170362,0.9999978011024175
725.289964,0.9999977034026372
725.409566,0.9999977806024629
725.529168,0.9999977339025676
725.64877,0.9999977118026179
725.768372,0.9999980441019127
725.887974,0.9999984918011373
726.007576,0.9999986095009668
726.127178,0.9999982722014926
726.24678,0.9999983318013914
726.366382,0.999998575201015
726.485984,0.9999988789006284
726.605586,0.9999988585006515
726.725188,0.999998695400851
726.84479,0.9999987930007285
726.964392,0.9999988877006186
727.083994,0.9999988003007196
727.203596,0.9999991637403497
727.323198,0.9999994575201472
727.4428,0.9999996132600748
727.562402,0.9999992083403134
727.682004,0.9999989392005626
727.801606,0.9999992217503029
727.921208,0.9999990450904559
728.04081,0.9999987660007614
728.160412,0.99999872720081
728.280014,0.9999993225002295
728.399616,0.9999993450102145
728.519218,0.9999991740303411
728.63882,0.9999989780005223
728.758422,0.9999992146803084
728.878024,0.9999991857203315
728.997626,0.9999995971500811
729.117228,0.9999989219005812
729.23683,0.9999988999006051
729.356432,0.9999987342008011
729.476034,0.9999987956007252
729.595636,0.9999993790001929
729.715238,0.9999991285503798
729.83484,0.9999993060302408
729.954442,0.9999986744008786
730.074044,0.9999990348904657
730.193646,0.9999984228012437
730.313248,0.9999984139012579
730.43285,0.9999982995014458
730.552452,0.9999982075016065
730.672054,0.9999982005016191
730.791656,0.9999988571006531
730.911258,0.9999985093011111
731.03086,0.9999981222017631
731.150462,0.9999982970014502
731.270064,0.9999980536018942
731.389666,0.9999982583015168
731.509268,0.9999981207017659
731.62887,0.9999979211021609
731.748472,0.9999979474021066
731.868074,0.999998145801719
731.987676,0.9999981102017856
732.107278,0.9999980468019075
732.22688,0.9999977230025924
732.346482,0.9999974973031317
732.466084,0.9999976287028115
732.585686,0.9999979845020311
732.705288,0.9999977872024483
732.82489,0.99999766760272
732.944492,0.9999974020033748
733.064094,0.9999977228025928
733.183696,0.9999975908029021
733.303298,0.9999977011026425
733.4229,0.9999973329035567
733.542502,0.999997267203734
733.662104,0.9999973618034801
733.781706,0.9999975151030873
733.901308,0.9999977490025335
734.02091,0.999997332803557
734.140512,0.9999976790026935
734.260114,0.9999974547032393
734.379716,0.999997607502862
734.499318,0.9999976098028566
734.61892,0.9999975829029212
734.738522,0.9999976042028699
734.858124,0.9999973798034327
734.977726,0.9999982325015621
735.097328,0.9999982208015827
735.21693,0.9999981593016941
735.336532,0.9999981760016635
735.456134,0.9999980108019785
735.575736,0.9999978859022347
735.695338,0.999998486701145
735.81494,0.9999982641015067
735.934542,0.9999985125011063
736.054144,0.9999982700014964
736.173746,0.9999978226023706
736.293348,0.9999985293010815
736.41295,0.9999984120012608
736.532552,0.9999987535007768
736.652154,0.9999983657013355
736.771756,0.9999987250008128
736.891358,0.9999993687501992
737.01096,0.9999991485503625
737.130562,0.9999991985403212
737.250164,0.9999995671100937
737.369766,0.9999994465501532
737.489368,0.9999996266100697
737.60897,0.9999992414802876
737.728572,0.9999993402602176
737.848174,0.999999422090167
737.967776,0.9999996147800742
738.087378,0.9999996263600698
738.20698,0.9999991896003284
738.326582,0.9999994137601719
738.446184,0.9999998815200071
738.565786,0.999999720770039
738.685388,1.0
738.80499,1.0
738.924592,0.9999999988978
739.044194,0.9999999964373
739.163796,1.0
739.283398,1.0
739.403,1.0
739.522602,0.9999999684560005
739.642204,1.0
739.761806,0.9999999917319
739.881408,1.0
740.00101,1.0
740.120612,1.0
740.240214,1.0
740.359816,0.9999999214140031
740.479418,1.0
740.59902,1.0
740.718622,1.0
740.838224,1.0
740.957826,1.0
741.077428,1.0
741.19703,1.0
741.316632,1.0
741.436234,1.0
741.555836,1.0
741.675438,1.0
741.79504,1.0
741.914642,1.0
742.034244,1.0
742.153846,1.0
742.273448,1.0
742.39305,1.0
742.512652,1.0
742.632254,1.0
742.751856,1.0
742.871458,0.9999999354960021
742.99106,1.0
743.110662,1.0
743.230264,1.0
743.349866,1.0
743.469468,1.0
743.58907,1.0
743.708672,1.0
743.828274,1.0
743.947876,1.0
744.067478,0.9999999455380015
744.18708,1.0
744.306682,1.0
744.426284,1.0
744.545886,1.0
744.665488,0.9999998638500093
744.78509,1.0
744.904692,0.999999998536
745.024294,1.0
745.143896,1.0
745.263498,1.0
745.3831,0.9999999957846
745.502702,0.999999763130028
745.622304,0.9999997357300349
745.741906,0.9999996434400635
745.861508,0.9999993149802346
745.98111,0.9999997804300241
746.100712,0.9999995773800893
746.220314,0.9999992078003138
746.339916,0.9999993262602269
746.459518,0.9999993186402322
746.57912,0.999999087810416
746.698722,0.9999985889009956
746.818324,0.999998533701075
746.937926,0.9999980956018134
747.057528,0.9999980395019218
747.17713,0.9999976756027014
747.296732,0.99999719640393
747.416334,0.9999967511052776
747.535936,0.9999966384056501
747.655538,0.9999963128067977
747.77514,0.9999954188104937
747.894742,0.9999956365095201
748.014344,0.9999944208155637
748.133946,0.9999943879157478
748.253548,0.9999935517207903
748.37315,0.9999932867225342
748.492752,0.999992749926282
748.612354,0.9999920632314964
748.731956,0.9999917403341112
748.851558,0.999990618444007
748.97116,0.9999896860531892
749.090762,0.9999892410578778
749.210364,0.9999882300692662
749.329966,0.9999877240753497
749.449568,0.9999866930885377
749.56917,0.9999856991022588
749.688772,0.9999843981217106
749.808374,0.9999839561287043
749.927976,0.9999827941480224
750.047578,0.999981488171346
750.16718,0.9999803041939649
750.286782,0.9999791102181945
750.406384,0.9999784662318549
750.525986,0.9999764762766871
750.645588,0.9999755272994614
750.76519,0.9999737083456316
750.884792,0.9999720053918564
751.004394,0.9999704384369517
751.123996,0.9999688954837554
751.243598,0.9999659865784696
751.3632,0.9999642426393096
751.482802,0.9999622987107115
751.602404,0.99995932082742
751.722006,0.9999570979203205
751.841608,0.9999536730731252
751.96121,0.9999506232190734
752.080812,0.9999476513702373
752.200414,0.9999438165783475
752.320016,0.9999404087756275
752.439618,0.9999359780494925
752.55922,0.999931670334578
752.678822,0.9999274606311073
752.798424,0.9999227589832409
752.918026,0.9999175254012167
753.037628,0.999912388838082
753.15723,0.9999057724396955
753.276832,0.9998998850118399
753.396434,0.999894055612503
753.516036,0.999886646425002
753.635638,0.9998789573262556
753.75524,0.9998710183188524
753.874842,0.9998629393936632
753.994444,0.9998541406385112
754.114046,0.9998451619886425
754.233648,0.9998349336249535
754.35325,0.9998252052783778
754.472852,0.9998148371447579
754.592454,0.99980363928129
754.712056,0.9997920316284206
754.831658,0.9997806040708076
754.95126,0.9997685167963721
755.070862,0.9997556698534731
755.190464,0.9997428330730844
755.310066,0.9997295565764174
755.429668,0.9997132011346597
755.54927,0.9997002049475203
755.668872,0.9996865591328556
755.788474,0.9996740531322261
755.908076,0.9996604276677397
756.027678,0.9996472822195474
756.14728,0.9996338970320525
756.266882,0.9996212517432367
756.386484,0.9996092763523735
756.506086,0.9995985006224557
756.625688,0.9995861156737579
756.74529,0.9995772793715518
756.864892,0.9995650546161797
756.984494,0.9995539794967309
757.104096,0.9995464928654618
757.223698,0.9995373770430152
757.3433,0.9995277615396986
757.462902,0.9995185759217781
757.582504,0.9995112394823555
757.702106,0.9995037931513591
757.821708,0.9994944778194164
757.94131,0.9994856523221418
758.060912,0.9994772466831516
758.180514,0.9994680315454191
758.300116,0.9994668621685062
758.419718,0.9994610153044646
758.53932,0.9994552784147016
758.658922,0.9994466431584005
758.778524,0.9994394271796866
758.898126,0.9994432150622936
759.017728,0.9994363089335383
759.13733,0.9994314217019369
759.256932,0.9994352595259648
759.376534,0.9994325310714307
759.496136,0.9994376181959606
759.615738,0.9994403366699792
759.73534,0.999442695351957
759.854942,0.9994492217340663
759.974544,0.9994494815908976
760.094146,0.9994602357251767
760.213748,0.999463004233864
760.33335,0.9994685512689305
760.452952,0.9994695407432861
760.572554,0.999475717484134
760.692156,0.9994810447039052
760.811758,0.9994885808193934
760.93136,0.9994958371328305
761.050962,0.9995020939963549
761.170564,0.9995093903882729
761.290166,0.9995199452631651
761.409768,0.9995294307524542
761.52937,0.9995404356320685
761.648972,0.9995524401847876
761.768574,0.999565554398832
761.888176,0.9995805979736283
762.007778,0.9995944522567262
762.12738,0.9996104558920156
762.246982,0.9996255601201162
762.366584,0.9996395549759216
762.486186,0.9996568888760894
762.605788,0.9996716039337963
762.72539,0.9996876287980463
762.844992,0.999702994114983
762.964594,0.99971718999829
763.084196,0.9997308662229943
763.203798,0.9997430930062549
763.3234,0.9997557598314875
763.443002,0.9997694465815251
763.562604,0.9997821337363021
763.682206,0.9997949610233647
763.801808,0.9998060288148434
763.92141,0.9998167567910881
764.041012,0.9998270949498015
764.160614,0.9998368033180275
764.280216,0.9998458218866672
764.399818,0.9998542106283035
764.51942,0.9998621395036317
764.639022,0.9998700884392377
764.758624,0.999876437634458
764.878226,0.9998835767777094
764.997828,0.9998892061380933
765.11743,0.9998952254892325
765.237032,0.999900811919463
765.356634,0.9999055634594108
765.476236,0.9999100140489786
765.595838,0.9999146306441709
765.71544,0.9999188962890838
765.835042,0.9999226069949931
765.954644,0.9999264017084871
766.074246,0.9999296824723932
766.193848,0.9999329382487397
766.31345,0.9999363040286745
766.433052,0.9999390548572307
766.552654,0.9999411917292742
766.672256,0.9999442455543369
766.791858,0.9999467234192474
766.91146,0.9999495612720755
767.031062,0.999951969153518
767.150664,0.9999540110575238
767.270266,0.9999556739824269
767.389868,0.9999570169237989
767.50947,0.9999595038199924
767.629072,0.9999616117368483
767.748674,0.9999630116840846
767.868276,0.9999644956302951
767.987878,0.9999656945884441
768.10748,0.9999672905349662
768.227082,0.9999677805190587
768.346684,0.9999690514789153
768.466286,0.9999695524635357
768.585888,0.9999709984205539
768.70549,0.999971663401489
768.825092,0.9999728943673643
768.944694,0.9999734743518113
769.064296,0.9999743863280357
769.183898,0.9999753983026267
769.3035,0.9999752323067244
769.423102,0.9999761232850533
769.542704,0.9999769342660181
769.662306,0.9999770592631427
769.781908,0.9999775562518647
769.90151,0.9999779872422843
770.021112,0.9999782582363556
770.140714,0.9999784522321565
770.260316,0.9999786132287003
770.379918,0.9999789062224769
770.49952,0.9999791012183826
770.619122,0.999979973200539
770.738724,0.9999803361933352
770.858326,0.9999802981940831
770.977928,0.9999809031823466
771.09753,0.99998087318292
771.217132,0.9999809961805749
771.336734,0.9999814731716238
771.456336,0.9999808581832069
771.575938,0.9999811541775847
771.69554,0.9999816621681401
771.815142,0.9999822151581522
771.934744,0.9999820511610823
772.054346,0.9999818991638221
772.173948,0.9999816681680301
772.29355,0.9999823901550552
772.413152,0.9999830541435827
772.532754,0.9999825151528617
772.652356,0.9999825661519713
772.771958,0.9999826851499037
772.89156,0.9999824641537548
773.011162,0.9999824681536846
773.130764,0.9999830441437522
773.250366,0.9999831311422808
773.369968,0.99998278614816
773.48957,0.9999828121477128
773.609172,0.9999832321405822
773.728774,0.9999832481403139
773.848376,0.9999835371355145
773.967978,0.9999833271389937
774.08758,0.9999836171342006
774.207182,0.999983718132551
774.326784,0.9999837861314462
774.446386,0.9999837771315921
774.565988,0.9999836011344628
774.68559,0.9999841401257691
774.805192,0.9999839991280153
774.924794,0.9999839741284157
775.044396,0.9999840611270252
775.163998,0.9999843281228051
775.2836,0.9999840431273123
775.403202,0.9999840131277914
775.522804,0.9999841431257216
775.642406,0.999984351122445
775.762008,0.9999837821315111
775.88161,0.9999846511177953
776.001212,0.9999842151245825
776.120814,0.9999844701205898
776.240416,0.9999844171214143
776.360018,0.9999844941202174
776.47962,0.9999840271275677
776.599222,0.9999845071200159
776.718824,0.9999852861082503
776.838426,0.9999849951125744
776.958028,0.9999848671145033
777.07763,0.9999849011139893
777.197232,0.9999847401164332
777.316834,0.9999850051124245
777.436436,0.9999850361119601
777.556038,0.9999852211092088
777.67564,0.999985239108943
777.795242,0.9999856521029321
777.914844,0.99998585510004
778.034446,0.9999855551043285
778.154048,0.999986212095054
778.27365,0.9999860460973566
778.393252,0.9999858001008195
778.512854,0.9999859710984059
778.632456,0.999986336093352
778.752058,0.9999866820886841
778.87166,0.9999862230949025
778.991262,0.9999863980925068
779.110864,0.9999869220855166
779.230466,0.9999873770796698
779.350068,0.9999866870886176
779.46967,0.9999874670785377
779.589272,0.9999871870820861
779.708874,0.9999874350789393
779.828476,0.9999873490800235
779.948078,0.9999873780796571
780.06768,0.9999878400739325
780.187282,0.9999878930732894
780.306884,0.9999881850697968
780.426486,0.9999883030684097
780.546088,0.9999891700586442
780.66569,0.9999888630620162
780.785292,0.9999889750607751
780.904894,0.9999896650534059
781.024496,0.9999900083499169
781.144098,0.9999898950510553
781.2637,0.9999899630503705
781.383302,0.9999900635493668
781.502904,0.9999901843481738
781.622506,0.9999904267458238
781.742108,0.9999908110422188
781.86171,0.9999905966442119
781.981312,0.9999911633390435
782.100914,0.9999907991423281
782.220516,0.9999908432419233
782.340118,0.9999909919405728
782.45972,0.9999911201394261
782.579322,0.9999916380349614
782.698924,0.9999920449316417
782.818526,0.9999919094327289
782.938128,0.9999921959304519
783.05773,0.9999919153326811
783.177332,0.9999925932274303
783.296934,0.9999926415270737
783.416536,0.9999927824260468
783.536138,0.9999931766232794
783.65574,0.999993004024472
783.775342,0.9999929919245567
783.894944,0.9999934711213132
784.014546,0.9999937828193267
784.134148,0.9999938638188265
784.25375,0.9999940614176335
784.373352,0.9999939738181575
784.492954,0.9999944907151762
784.612556,0.9999942609164686
784.732158,0.9999943017162353
784.85176,0.9999936979198581
784.971362,0.9999941196172896
785.090964,0.9999939584182505
785.210566,0.9999949085129617
785.330168,0.999994394115713
785.44977,0.9999942748163889
785.569372,0.9999949795126027
785.688974,0.9999944035156604
785.808576,0.9999947092139962
785.928178,0.9999946515143032
786.04778,0.9999948148134431
786.167382,0.9999950127124365
786.286984,0.9999946711141986
786.406586,0.999995032712337
786.526188,0.9999950386123078
786.64579,0.9999949741126298
786.765392,0.9999950427122873
786.884994,0.9999952196114261
787.004596,0.9999947160139603
787.124198,0.9999948464132797
787.2438,0.9999948465132793
787.363402,0.9999952407113254
787.483004,0.9999950126124371
787.602606,0.9999953808106685
787.722208,0.9999950944120324
787.84181,0.9999956376095153
787.961412,0.9999952668112015
788.081014,0.9999956306095458
788.200616,0.9999958530085988
788.320218,0.9999961189075315
788.43982,0.9999960277078895
788.559422,0.9999954449103744
788.679024,0.9999957043092265
788.798626,0.9999957187091647
788.918228,0.9999961879072661
789.03783,0.9999961939072431
789.157432,0.9999960235079063
789.277034,0.999996146707424
789.396636,0.9999967555052633
789.516238,0.9999964507062987
789.63584,0.9999966741055308
789.755442,0.9999968192050588
789.875044,0.9999966012057759
789.994646,0.9999969263047238
790.114248,0.9999972292038387
790.23385,0.9999966512056072
790.353452,0.9999970181044459
790.473054,0.9999968316050194
790.592656,0.9999966160057258
790.712258,0.9999968847048526
790.83186,0.9999972674037335
790.951462,0.9999969938045186
791.071064,0.999997208203897
791.190666,0.9999976015028764
791.310268,0.9999977413025508
791.42987,0.999997573902943
791.549472,0.9999974542032406
791.669074,0.9999972184038687
791.788676,0.9999970076044772
791.908278,0.9999979299021426
792.02788,0.9999977820024598
792.147482,0.9999973331035562
792.267084,0.999997302203639
792.386686,0.9999973401035376
792.506288,0.9999970866042439
792.62589,0.9999981684016773
792.745492,0.9999982601015136
792.865094,0.9999976417027808
792.984696,0.9999979527020957
793.104298,0.9999982497015317
793.2239,0.9999977967024273
793.343502,0.9999982031016145
793.463104,0.9999978286023575
793.582706,0.9999977782024682
793.702308,0.999997562002972
793.82191,0.9999981146017773
793.941512,0.9999978906022248
794.061114,0.999997970702059
794.180716,0.9999976496027622
794.300318,0.9999978165023838
794.41992,0.9999980619018781
794.539522,0.9999976052028675
794.659124,0.9999979605020798
794.778726,0.9999977980024244
794.898328,0.9999976989026476
795.01793,0.999997567302959
795.137532,0.9999979964020071
795.257134,0.9999980603018812
795.376736,0.9999981389017318
795.496338,0.9999981571016981
795.61594,0.9999982963014513
795.735542,0.9999981528017061
795.855144,0.9999980825018384
795.974746,0.9999987862007367
796.094348,0.9999978056024077
796.21395,0.9999978396023337
796.333552,0.999998274301489
796.453154,0.9999978186023792
796.572756,0.9999980553018909
796.692358,0.9999976964026532
796.81196,0.9999981465017177
796.931562,0.9999986065009709
797.051164,0.9999985440010599
797.170766,0.999998082701838
797.290368,0.9999981270017541
797.40997,0.9999985708010213
797.529572,0.999998190601637
797.649174,0.9999986962008499
797.768776,0.9999978460023199
797.888378,0.9999980242019519
798.00798,0.9999984589011875
798.127582,0.9999990088104912
798.247184,0.9999985440010599
798.366786,0.9999986088009677
798.486388,0.9999976823026858
798.60599,0.9999988387006743
798.725592,0.9999987508007803
798.845194,0.9999987345008008
798.964796,0.9999988634006459
799.084398,0.9999984885011424
799.204,0.9999986530009072
799.323602,0.9999988957006097
799.443204,0.9999990849804187
799.562806,0.9999990949704095
799.682408,0.9999989486005527
799.80201,0.9999994878301312
799.921612,0.9999993468302133
800.041214,0.9999993187902321
800.160816,0.9999990996704053
800.280418,0.9999992448502851
800.40002,0.9999994232601663
800.519622,0.9999996760700525
800.639224,0.9999994161501704
800.758826,0.9999995700000924
800.878428,0.9999997226300384
800.99803,0.9999993537202089
801.117632,0.9999995665900939
801.237234,0.9999996237900708
801.356836,1.0
801.476438,0.9999998899500061
801.59604,1.0
801.715642,1.0
801.835244,0.9999997983300203
801.954846,1.0
802.074448,1.0
802.19405,1.0
802.313652,1.0
802.433254,1.0
802.552856,1.0
802.672458,1.0
802.79206,1.0
802.911662,1.0
803.031264,1.0
803.150866,1.0
803.270468,1.0
803.39007,1.0
803.509672,1.0
803.629274,1.0
803.748876,1.0
803.868478,1.0
803.98808,1.0
804.107682,1.0
804.227284,1.0
804.346886,1.0
804.466488,1.0
804.58609,1.0
804.705692,1.0
804.825294,1.0
804.944896,1.0
805.064498,1.0
805.1841,1.0
805.303702,1.0
805.423304,1.0
805.542906,1.0
805.662508,1.0
805.78211,1.0
805.901712,1.0
806.021314,1.0
806.140916,1.0
806.260518,1.0
806.38012,1.0
806.499722,1.0
806.619324,1.0
806.738926,1.0
806.858528,1.0
806.97813,1.0
807.097732,1.0
807.217334,1.0
807.336936,1.0
807.456538,1.0
807.57614,1.0
807.695742,1.0
807.815344,1.0
807.934946,1.0
808.054548,1.0
808.17415,1.0
808.293752,1.0
808.413354,1.0
808.532956,1.0
808.652558,1.0
808.77216,1.0
808.891762,1.0
809.011364,1.0
809.130966,1.0
809.250568,1.0
809.37017,1.0
809.489772,1.0
809.609374,1.0
809.728976,1.0
809.848578,1.0
809.96818,1.0
810.087782,1.0
810.207384,1.0
810.326986,1.0
810.446588,1.0
810.56619,1.0
810.685792,1.0
810.805394,1.0
810.924996,1.0
811.044598,1.0
811.1642,1.0
811.283802,1.0
811.403404,1.0
811.523006,1.0
811.642608,1.0
811.76221,1.0
811.881812,1.0
812.001414,1.0
812.121016,1.0
812.240618,1.0
812.36022,1.0
812.479822,1.0
812.599424,1.0
812.719026,1.0
812.838628,1.0
812.95823,1.0
813.077832,1.0
813.197434,1.0
813.317036,1.0
813.436638,1.0
813.55624,1.0
813.675842,1.0
813.795444,1.0
813.915046,1.0
814.034648,1.0
814.15425,1.0
814.273852,1.0
814.393454,1.0
814.513056,1.0
814.632658,1.0
814.75226,1.0
814.871862,1.0
814.991464,1.0
815.111066,1.0
815.230668,1.0
815.35027,1.0
815.469872,1.0
815.589474,1.0
815.709076,1.0
815.828678,1.0
815.94828,1.0
816.067882,1.0
816.187484,1.0
816.307086,1.0
816.426688,1.0
816.54629,1.0
816.665892,1.0
816.785494,1.0
816.905096,1.0
817.024698,1.0
817.1443,1.0
817.263902,1.0
817.383504,1.0
817.503106,1.0
817.622708,1.0
817.74231,1.0
817.861912,1.0
817.981514,1.0
818.101116,1.0
818.220718,1.0
818.34032,1.0
818.459922,1.0
818.579524,1.0
818.699126,1.0
818.818728,1.0
818.93833,1.0
819.057932,1.0
819.177534,1.0
819.297136,1.0
819.416738,1.0
819.53634,1.0
819.655942,1.0
819.775544,1.0
819.895146,1.0
820.014748,1.0
820.13435,1.0
820.253952,1.0
820.373554,1.0
820.493156,1.0
820.612758,1.0
820.73236,1.0
820.851962,1.0
820.971564,1.0
821.091166,1.0
821.210768,1.0
821.33037,1.0
821.449972,1.0
821.569574,1.0
821.689176,1.0
821.808778,1.0
821.92838,1.0
822.047982,1.0
822.167584,1.0
822.287186,1.0
822.406788,1.0
822.52639,1.0
822.645992,1.0
822.765594,1.0
822.885196,1.0
823.004798,1.0
823.1244,1.0
823.244002,1.0
823.363604,0.99999999988344
823.483206,0.9999994165501702
823.602808,0.9999998526000109
823.72241,0.9999994660501426
823.842012,0.9999999189070032
823.961614,0.9999982738014899
824.081216,0.9999974963031343
824.200818,0.9999981163017742
824.32042,0.9999967828051752
824.440022,0.9999966763055235
824.559624,0.9999965054061061
824.679226,0.9999967853051671
824.798828,0.99999625300702
824.91843,0.999996288406888
825.038032,0.9999965148060733
825.157634,0.9999954158105074
825.277236,0.9999890830595902
825.396838,0.9999894890552403
825.51644,0.9999891690586551
825.636042,0.9999898860511464
825.755644,0.9999898190518262
825.875246,0.9999908338420095
825.994848,0.9999906180440108
826.11445,0.9999908369419811
826.234052,0.9999909499409521
826.353654,0.9999914964361555
826.473256,0.9999917116343487
826.592858,0.9999919083327378
826.71246,0.9999921366309165
826.832062,0.9999920610315137
826.951664,0.9999924768282992
827.071266,0.9999925864274807
827.190868,0.9999930210243532
827.31047,0.9999926331271355
827.430072,0.9999930826239252
827.549674,0.9999932179229983
827.669276,0.9999933072223968
827.788878,0.9999935199209958
827.90848,0.9999933434221551
828.028082,0.9999940700175824
828.147684,0.9999938378189863
828.267286,0.9999941700169944
828.386888,0.9999940179178928
828.50649,0.9999942000168199
828.626092,0.9999941496171135
828.745694,0.999994155017082
828.865296,0.9999943657158726
828.984898,0.9999941643170277
829.1045,0.9999944104156218
829.224102,0.9999948316133561
829.343704,0.9999944961151465
829.463306,0.9999945922146222
829.582908,0.9999945703147408
829.70251,0.999994993612532
829.822112,0.9999945790146936
829.941714,0.9999952500112812
830.061316,0.9999951880115776
830.180918,0.9999949345128296
830.30052,0.999995251111276
830.420122,0.9999953631107504
830.539724,0.9999952863111095
830.659326,0.9999953128109849
830.778928,0.9999956389095096
830.89853,0.9999950399123013
831.018132,0.9999955723098023
831.137734,0.9999960892076472
831.257336,0.9999957689089511
831.376938,0.9999953343108844
831.49654,0.9999954016105727
831.616142,0.9999958202087353
831.735744,0.9999960193079229
831.855346,0.9999955597098581
831.974948,0.9999955852097452
832.09455,0.9999953020110356
832.214152,0.999995595009702
832.333754,0.9999955495099034
832.453356,0.9999952807111359
832.572958,0.9999958861084621
832.69256,0.9999954849101931
832.812162,0.9999956620094091
832.931764,0.9999957696089481
833.051366,0.9999957452090517
833.170968,0.9999958261087107
833.29057,0.9999958896084477
833.410172,0.9999962307071038
833.529774,0.999996330406733
833.649376,0.9999961928072474
833.768978,0.9999959447082227
833.88858,0.9999958453086307
834.008182,0.9999958003088187
834.127784,0.9999962612069893
834.247386,0.9999965089060939
834.366988,0.9999962635069807
834.48659,0.9999963042068295
834.606192,0.9999959155083415
834.725794,0.9999960083079669
834.845396,0.9999961411074455
834.964998,0.9999961064075801
835.0846,0.999996232507097
835.204202,0.9999962399070692
835.323804,0.9999961818072893
835.443406,0.9999963197067723
835.563008,0.9999962019072127
835.68261,0.9999968687049026
835.802212,0.9999964620062587
835.921814,0.9999967030054351
836.041416,0.9999965015061197
836.161018,0.9999967602052482
836.28062,0.9999965179060625
836.400222,0.9999965302060198
836.519824,0.9999964081064509
836.639426,0.9999968960048174
836.759028,0.9999966576055858
836.87863,0.9999969872045384
836.998232,0.9999970865042442
837.117834,0.9999966324056704
837.237436,0.9999973792034343
837.357038,0.9999971913039444
837.47664,0.9999973068036266
837.596242,0.9999966523056035
837.715844,0.9999972751037125
837.835446,0.9999973960033904
837.955048,0.9999971627040252
838.07465,0.9999971721039985
838.194252,0.9999973134036089
838.313854,0.9999975630029695
838.433456,0.9999973966033888
838.553058,0.9999975199030754
838.67266,0.9999974204033272
838.792262,0.9999971531040525
838.911864,0.9999974914031465
839.031466,0.999997499203127
839.151068,0.99999746230322
839.27067,0.9999974718031959
839.390272,0.9999976930026612
839.509874,0.9999978811022449
839.629476,0.999997895202215
839.749078,0.9999979542020927
839.86868,0.999997824202367
839.988282,0.9999972194038659
840.107884,0.9999976253028195
840.227486,0.9999973957033912
840.347088,0.9999974883031543
840.46669,0.9999971853039613
840.586292,0.999997715702609
840.705894,0.9999973872034134
840.825496,0.999997158504037
840.945098,0.9999968158050696
841.0647,0.9999971806039745
841.184302,0.9999967449052979
841.303904,0.9999969948045156
841.423506,0.9999965616059113
841.543108,0.999996894204823
841.66271,0.9999957798089051
841.782312,0.9999958013088145
841.901914,0.9999954805102129
842.021516,0.9999949330128373
842.141118,0.9999953075110097
842.26072,0.9999946997140465
842.380322,0.9999943147161613
842.499924,0.9999940427177447
842.619526,0.9999933881218586
842.739128,0.9999934733212988
842.85873,0.9999925563277042
842.978332,0.9999919232326172
843.097934,0.9999913739372047
843.217536,0.9999909115413003
843.337138,0.9999904250458401
843.45674,0.9999903157468927
843.576342,0.99998898006072
843.695944,0.9999884890662513
843.815546,0.9999874580786505
843.935148,0.9999872260815872
844.05475,0.9999862790941325
844.174352,0.9999855211048202
844.293954,0.9999846691175192
844.413556,0.9999842621238417
844.533158,0.9999839241292182
844.65276,0.9999831351422133
844.772362,0.9999822591573706
844.891964,0.9999817741660926
845.011566,0.9999807441853956
845.131168,0.9999802831943788
845.25077,0.9999796192076912
845.370372,0.9999790642191565
845.489974,0.9999780732403949
845.609576,0.999977777246929
845.729178,0.9999776362500724
845.84878,0.9999764122781947
845.968382,0.9999760442869426
846.087984,0.9999758512915847
846.207586,0.9999751203095046
846.327188,0.9999750723107
846.44679,0.9999742353319148
846.566392,0.9999744593261686
846.685994,0.99997372134529
846.805596,0.9999731143614252
846.925198,0.9999727043725324
847.0448,0.9999724003808765
847.164402,0.9999723513822301
847.284004,0.9999721943865832
847.403606,0.9999720663901506
847.523208,0.999971678401064
847.64281,0.999971184415177
847.762412,0.999971666401404
847.882014,0.9999717203998755
848.001616,0.9999713524103501
848.121218,0.9999712284139101
848.24082,0.999971047419134
848.360422,0.9999713764096628
848.480024,0.9999711724155228
848.599626,0.9999716514018291
848.719228,0.9999716854008658
848.83883,0.9999723433824513
848.958432,0.9999723553821195
849.078034,0.999973265357377
849.197636,0.9999726023753218
849.317238,0.9999735323502744
849.43684,0.9999736013484505
849.556442,0.9999739253399499
849.676044,0.9999745783231363
849.795646,0.9999750023124474
849.915248,0.9999755422990945
850.03485,0.9999761982832653
850.154452,0.9999769652653036
850.274054,0.9999776372500501
850.393656,0.9999786272284009
850.513258,0.99997913821761
850.63286,0.9999797882042611
850.752462,0.9999805741886835
850.872064,0.9999810271799863
850.991666,0.9999819871622331
851.111268,0.9999828461471291
851.23087,0.9999833171391604
851.350472,0.9999846381179949
851.470074,0.9999847001170444
851.589676,0.9999859150991931
851.709278,0.9999858461001674
851.82888,0.9999867970871592
851.948482,0.9999874660785503
852.068084,0.9999883310680825
852.187686,0.9999885180659179
852.307288,0.9999895440546638
852.42689,0.9999898880511261
852.546492,0.9999906720435057
852.666094,0.9999911419392329
852.785696,0.9999917688338762
852.905298,0.9999918619331143
853.0249,0.9999922836297713
853.144502,0.9999933587220534
853.264104,0.9999942639164514
853.383706,0.9999948436132942
853.503308,0.9999948408133087
853.62291,0.9999950498122522
853.742512,0.9999957659089638
853.862114,0.9999963711065845
853.981716,0.9999966484056166
854.101318,0.9999973184035955
854.22092,0.9999976692027163
854.340522,0.9999978362023411
854.460124,0.9999980689018646
854.579726,0.9999983526013569
854.699328,0.9999991628303504
854.81893,0.9999990897204143
854.938532,0.9999992995502454
855.058134,0.9999994156701707
855.177736,0.999999750820031
855.297338,0.9999999328060023
855.41694,0.9999997229200384
855.536542,1.0
855.656144,1.0
855.775746,1.0
855.895348,1.0
856.01495,1.0
856.134552,1.0
856.254154,1.0
856.373756,1.0
856.493358,1.0
856.61296,1.0
856.732562,1.0
856.852164,1.0
856.971766,1.0
857.091368,1.0
857.21097,1.0
857.330572,1.0
857.450174,1.0
857.569776,1.0
857.689378,1.0
857.80898,1.0
857.928582,1.0
858.048184,1.0
858.167786,1.0
858.287388,1.0
858.40699,1.0
858.526592,1.0
858.646194,1.0
858.765796,1.0
858.885398,1.0
859.005,1.0
859.124602,1.0
859.244204,1.0
859.363806,1.0
859.483408,1.0
859.60301,1.0
859.722612,1.0
859.842214,1.0
859.961816,1.0
860.081418,1.0
860.20102,1.0
860.320622,1.0
860.440224,1.0
860.559826,1.0
860.679428,1.0
860.79903,1.0
860.918632,1.0
861.038234,1.0
861.157836,1.0
861.277438,1.0
861.39704,1.0
861.516642,1.0
861.636244,1.0
861.755846,1.0
861.875448,1.0
861.99505,1.0
862.114652,1.0
862.234254,1.0
862.353856,1.0
862.473458,1.0
862.59306,1.0
862.712662,1.0
862.832264,1.0
862.951866,1.0
863.071468,1.0
863.19107,1.0
863.310672,1.0
863.430274,1.0
863.549876,1.0
863.669478,1.0
863.78908,1.0
863.908682,1.0
864.028284,1.0
864.147886,1.0
864.267488,0.9999999932632
864.38709,0.9999999947036
864.506692,0.9999997185500397
864.626294,0.9999994389401574
864.745896,0.9999995084201209
864.865498,0.9999997514900308
864.9851,0.9999996689200548
865.104702,0.9999988458006661
865.224304,0.999999665300056
865.343906,0.999998855400655
865.463508,0.9999991423003678
865.58311,0.999998968500532
865.702712,0.9999992299002965
865.822314,0.9999988779006296
865.941916,0.9999986110009647
866.061518,0.9999990503804509
866.18112,0.9999984394012177
866.300722,0.9999987533007771
866.420324,0.99999875910077
866.539926,0.9999988337006801
866.659528,0.9999985938009887
866.77913,0.9999984499012015
866.898732,0.9999981117017829
867.018334,0.999998078001847
867.137936,0.9999983491013628
867.257538,0.9999980777018476
867.37714,0.9999984575011897
867.496742,0.9999979814020373
867.616344,0.9999978503023106
867.735946,0.9999980421019167
867.855548,0.9999980417019174
867.97515,0.9999982357015563
868.094752,0.9999978435023252
868.214354,0.9999981088017883
868.333956,0.9999977697024871
868.453558,0.9999976073028625
868.57316,0.999998077501848
868.692762,0.9999978465023188
868.812364,0.9999981599016929
868.931966,0.9999976781026956
869.051568,0.9999978029024136
869.17117,0.999998217301589
869.290772,0.9999977691024885
869.410374,0.9999976431027775
869.529976,0.9999977094026234
869.649578,0.9999979591020827
869.76918,0.9999981087017885
869.888782,0.9999981248017582
870.008384,0.9999977925024365
870.127986,0.9999976012028772
870.247588,0.9999980195019612
870.36719,0.9999978995022061
870.486792,0.9999982633015081
870.606394,0.999998093201818
870.725996,0.9999976048028685
870.845598,0.999997901402202
870.9652,0.9999975331030428
871.084802,0.99999771530261
871.204404,0.9999981573016977
871.324006,0.9999978214023731
871.443608,0.9999975817029241
871.56321,0.9999977754024745
871.682812,0.99999809210182
871.802414,0.9999978122023933
871.922016,0.9999981767016622
872.041618,0.9999981764016628
872.16122,0.9999981546017027
872.280822,0.9999979659020688
872.400424,0.9999975405030246
872.520026,0.9999977564025169
872.639628,0.9999973968033883
872.75923,0.9999978391023348
872.878832,0.9999981279017524
872.998434,0.9999981171017727
873.118036,0.999998333301389
873.237638,0.999997566102962
873.35724,0.999998000002
873.476842,0.9999982407015475
873.596444,0.9999984015012776
873.716046,0.9999984361012229
873.835648,0.999998393101291
873.95525,0.9999983891012975
874.074852,0.9999985401010657
874.194454,0.9999987098008323
874.314056,0.9999982928014572
874.433658,0.9999985341010744
874.55326,0.9999984485012036
874.672862,0.9999984869011448
874.792464,0.9999986554009039
874.912066,0.9999985129011058
875.031668,0.9999984653011776
875.15127,0.9999984289012341
875.270872,0.9999988072007114
875.390474,0.999998916500587
875.510076,0.9999986705008838
875.629678,0.999998916500587
875.74928,0.9999988871006192
875.868882,0.999998810900707
875.988484,0.9999986431009206
876.108086,0.9999988048007142
876.227688,0.9999990891704148
876.34729,0.9999988415006711
876.466892,0.9999987779007468
876.586494,0.9999993268802265
876.706096,0.9999991858603314
876.825698,0.9999990785204246
876.9453,0.9999993355602207
877.064902,0.9999992045003164
877.184504,0.9999994291201629
877.304106,0.9999992170003066
877.423708,0.9999990546704468
877.54331,0.9999994782301361
877.662912,0.999999612670075
877.782514,0.9999993750701953
877.902116,0.9999995809100878
878.021718,0.9999992471202834
878.14132,0.9999994263901645
878.260922,0.9999999177940033
878.380524,0.99999999913476
878.500126,0.9999998504900112
878.619728,0.9999992879602535
878.73933,0.9999997606300286
878.858932,0.9999999121810038
878.978534,0.9999998458000119
879.098136,1.0
879.217738,0.9999995723100915
879.33734,0.9999999273550026
879.456942,0.9999996921300474
879.576544,1.0
879.696146,1.0
879.815748,1.0
879.93535,0.9999999700360005
880.054952,1.0
880.174554,1.0
880.294156,1.0
880.413758,0.9999998118500177
880.53336,1.0
880.652962,0.9999999978922
880.772564,0.9999999988894
880.892166,0.9999999823130001
881.011768,1.0
881.13137,0.9999999215500031
881.250972,0.9999999459760015
881.370574,1.0
881.490176,0.999999996963
881.609778,1.0
881.72938,1.0
881.848982,1.0
881.968584,1.0
882.088186,1.0
882.207788,1.0
882.32739,1.0
882.446992,1.0
882.566594,1.0
882.686196,1.0
882.805798,1.0
882.9254,1.0
883.045002,1.0
883.164604,1.0
883.284206,1.0
883.403808,1.0
883.52341,1.0
883.643012,1.0
883.762614,1.0
883.882216,1.0
884.001818,1.0
884.12142,1.0
884.241022,1.0
884.360624,1.0
884.480226,1.0
884.599828,1.0
884.71943,1.0
884.839032,0.9999999742010003
884.958634,1.0
885.078236,1.0
885.197838,1.0
885.31744,1.0
885.437042,1.0
885.556644,1.0
885.676246,1.0
885.795848,1.0
885.91545,1.0
886.035052,1.0
886.154654,1.0
886.274256,1.0
886.393858,1.0
886.51346,1.0
886.633062,1.0
886.752664,1.0
886.872266,1.0
886.991868,1.0
887.11147,1.0
887.231072,1.0
887.350674,1.0
887.470276,1.0
887.589878,1.0
887.70948,1.0
887.829082,1.0
887.948684,1.0
888.068286,1.0
888.187888,1.0
888.30749,1.0
888.427092,1.0
888.546694,1.0
888.666296,1.0
888.785898,1.0
888.9055,1.0
889.025102,1.0
889.144704,1.0
889.264306,1.0
889.383908,0.9999999712680004
889.50351,1.0
889.623112,1.0
889.742714,1.0
889.862316,1.0
889.981918,0.9999999700670005
890.10152,1.0
890.221122,1.0
890.340724,0.9999998441700121
890.460326,1.0
890.579928,1.0
890.69953,0.999999989419
890.819132,0.9999998610500097
890.938734,1.0
891.058336,1.0
891.177938,0.9999998234700156
891.29754,0.9999999515180011
891.417142,0.9999996166800734
891.536744,0.9999999826000001
891.656346,1.0
891.775948,1.0
891.89555,0.9999997240100381
892.015152,0.9999997530100305
892.134754,0.9999998703300084
892.254356,0.9999999067520043
892.373958,0.999999986613
892.49356,0.9999993004302447
892.613162,0.999999375500195
892.732764,0.999999211360311
892.852366,0.9999994014501792
892.971968,0.9999989484005529
893.09157,0.9999992507602807
893.211172,0.9999997997000201
893.330774,0.9999998774500075
893.450376,0.9999994019601788
893.569978,0.9999991208403864
893.68958,0.9999992009503192
893.809182,0.999999312890236
893.928784,0.9999993606102044
894.048386,0.9999988924006133
894.167988,0.999999330760224
894.28759,0.9999994268301643
894.407192,0.9999992404202884
894.526794,0.9999985770010125
894.646396,0.9999989133005904
894.765998,0.9999986489009127
894.8856,0.999998956000545
895.005202,0.9999988612006484
895.124804,0.9999988272006878
895.244406,0.9999987717007544
895.364008,0.9999980850018336
895.48361,0.9999984565011912
895.603212,0.9999984528011969
895.722814,0.9999984285012348
895.842416,0.9999982103016015
895.962018,0.9999986234009475
896.08162,0.9999982980014483
896.201222,0.9999981171017727
896.320824,0.9999981958016275
896.440426,0.9999979788020427
896.560028,0.9999980867018303
896.67963,0.9999977176026047
896.799232,0.9999978587022926
896.918834,0.999998085801832
897.038436,0.9999979149021738
897.158038,0.9999980178019645
897.27764,0.9999978805022461
897.397242,0.9999976052028675
897.516844,0.9999976640027285
897.636446,0.9999974005033787
897.756048,0.9999975523029956
897.87565,0.999997253003773
897.995252,0.9999972704037253
898.114854,0.9999975507029996
898.234456,0.999997500403124
898.354058,0.9999974338032926
898.47366,0.9999971858039599
898.593262,0.9999971813039725
898.712864,0.9999974071033616
898.832466,0.9999968288050283
898.952068,0.999996802805111
899.07167,0.9999974243033171
899.191272,0.9999972466037906
899.310874,0.9999970257044233
899.430476,0.9999972193038661
899.550078,0.99999678440517
899.66968,0.9999967518052754
899.789282,0.9999969400046818
899.908884,0.9999962160071593
900.028486,0.999996459106269
900.148088,0.9999964462063148
900.26769,0.9999964797061962
900.387292,0.9999965683058882
900.506894,0.9999967942051385
900.626496,0.9999963202067704
900.746098,0.9999965027061155
900.8657,0.9999968456049751
900.985302,0.9999967539052685
901.104904,0.9999966396056461
901.224506,0.9999968191050591
901.344108,0.9999962658069721
901.46371,0.9999962444070523
901.583312,0.9999965543059364
901.702914,0.9999963474066708
901.822516,0.9999961283074951
901.942118,0.9999966771055209
902.06172,0.9999961593073755
902.181322,0.9999961230075155
902.300924,0.9999962220071367
902.420526,0.9999958693085313
902.540128,0.9999957289091211
902.65973,0.9999961536073974
902.779332,0.9999958012088149
902.898934,0.9999958758085045
903.018536,0.9999961253075066
903.138138,0.9999956748093537
903.25774,0.9999958042088024
903.377342,0.9999957276091267
903.496944,0.9999960081079676
903.616546,0.9999956636094022
903.736148,0.9999954893101732
903.85575,0.9999959543081839
903.975352,0.9999958447086332
904.094954,0.9999960361078563
904.214556,0.9999960550077815
904.334158,0.9999957619089808
904.45376,0.9999956029096673
904.573362,0.9999956130096229
904.692964,0.9999956282095563
904.812566,0.9999956772093432
904.932168,0.9999957397090751
905.05177,0.9999955820097594
905.171372,0.9999957857088801
905.290974,0.9999955466099164
905.410576,0.9999961086075715
905.530178,0.9999957443090555
905.64978,0.99999620790719
905.769382,0.9999957684089532
905.888984,0.9999958168087496
906.008586,0.9999957945088431
906.128188,0.9999958419086449
906.24779,0.9999958631085569
906.367392,0.9999961851072767
906.486994,0.999995995508018
906.606596,0.9999959987080052
906.726198,0.9999959369082544
906.8458,0.9999959346082637
906.965402,0.9999959994080024
907.085004,0.9999958371086649
907.204606,0.9999963218067646
907.324208,0.9999957605089866
907.44381,0.9999957446090542
907.563412,0.9999956523094512
907.683014,0.9999961714073291
907.802616,0.9999957888088671
907.922218,0.9999960858076604
908.04182,0.9999962186071495
908.161422,0.9999962717069502
908.281024,0.9999958792084905
908.400626,0.9999961964072337
908.520228,0.999996170907331
908.63983,0.9999961135075525
908.759432,0.9999957750089253
908.879034,0.9999962455070481
908.998636,0.9999959560081769
909.118238,0.9999956135096206
909.23784,0.9999959116083575
909.357442,0.9999961272074993
909.477044,0.9999965174060642
909.596646,0.9999960440078249
909.716248,0.999996446406314
909.83585,0.9999961770073077
909.955452,0.9999960567077748
910.075054,0.9999960824076738
910.194656,0.9999961164075412
910.314258,0.9999963564066379
910.43386,0.9999964271063828
910.553462,0.9999961376074591
910.673064,0.9999959603081596
910.792666,0.9999959126083534
910.912268,0.9999960581077693
911.03187,0.9999954844101953
911.151472,0.9999955184100423
911.271074,0.9999951014119981
911.390676,0.9999956793093342
911.510278,0.9999955317099828
911.62988,0.9999956398095057
911.749482,0.9999958386086586
911.869084,0.9999952301113759
911.988686,0.9999953294109072
912.108288,0.9999953105109957
912.22789,0.999995432310432
912.347492,0.999995430310441
912.467094,0.9999952462112993
912.586696,0.9999951540117419
912.706298,0.9999950306123474
912.8259,0.9999949140129337
912.945502,0.9999943921157243
913.065104,0.999994136917188
913.184706,0.9999946833141337
913.304308,0.9999944438154357
913.42391,0.9999945022151129
913.543512,0.9999939064185659
913.663114,0.9999942030168025
913.782716,0.9999942084167713
913.902318,0.9999944939151585
914.02192,0.9999939718181695
914.141522,0.9999943953157063
914.261124,0.9999940211178736
914.380726,0.9999939343183963
914.500328,0.9999940889174705
914.61993,0.9999936955198733
914.739532,0.9999931409235235
914.859134,0.9999933159223385
914.978736,0.9999934735212975
915.098338,0.9999931522234461
915.21794,0.999993218422995
915.337542,0.9999931160236947
915.457144,0.9999926384270965
915.576746,0.9999926336271319
915.696348,0.999992300529641
915.81595,0.9999929427249027
915.935552,0.9999926434270597
916.055154,0.9999925250279378
916.174756,0.9999925345278667
916.294358,0.9999919874321008
916.41396,0.9999915722355138
916.533562,0.9999917025344242
916.653164,0.9999913404374943
916.772766,0.9999911578390921
916.892368,0.9999905039450878
917.01197,0.9999912108386249
917.131572,0.9999909462409855
917.251174,0.999990525744881
917.370776,0.9999900041499589
917.490378,0.9999901523484884
917.60998,0.9999902066479552
917.729582,0.9999900730492725
917.849184,0.9999891710586334
917.968786,0.9999894970551563
918.088388,0.9999892750575126
918.20799,0.9999892050582658
918.327592,0.9999890530599181
918.447194,0.9999883560677911
918.566796,0.9999880790710548
918.686398,0.9999881370703652
918.806,0.999987762074884
918.925602,0.9999873440800868
919.045204,0.9999864530917602
919.164806,0.9999869860846817
919.284408,0.9999864530917602
919.40401,0.9999859250990524
919.523612,0.9999857181019873
919.643214,0.9999853471073546
919.762816,0.9999849851127246
919.882418,0.9999849261136121
920.00202,0.9999851711099491
920.121622,0.9999842341242827
920.241224,0.9999839361290254
920.360826,0.999983322139077
920.480428,0.9999831711416068
920.60003,0.999983108142669
920.719632,0.9999830361438878
920.839234,0.9999824681536846
920.958836,0.999981600169279
921.078438,0.9999814251725142
921.19804,0.9999806681868619
921.317642,0.9999810541794744
921.437244,0.9999806131879266
921.556846,0.9999802471950893
921.676448,0.9999797452051311
921.79605,0.9999794652108417
921.915652,0.9999790912185916
922.035254,0.9999784782315966
922.154856,0.9999782452366383
922.274458,0.9999781502387095
922.39406,0.9999774552541366
922.513662,0.9999774572540915
922.633264,0.9999769052666875
922.752866,0.9999761952833368
922.872468,0.9999762262825993
922.99207,0.9999758982904509
923.111672,0.9999751863078647
923.231274,0.999975396302676
923.350876,0.9999745363242049
923.470478,0.999974240331786
923.59008,0.9999741323345738
923.709682,0.9999734933513075
923.829284,0.9999735293503538
923.948886,0.9999734933513075
924.068488,0.9999728173694544
924.18809,0.9999725073779291
924.307692,0.999972208386194
924.427294,0.9999722503850277
924.546896,0.9999714634071764
924.666498,0.9999713244111526
924.7861,0.999970909423139
924.905702,0.9999700604481974
925.025304,0.9999705164346488
925.144906,0.9999699834505056
925.264508,0.9999697984560758
925.38411,0.9999696904593434
925.503712,0.9999698034559248
925.623314,0.9999686644909673
925.742916,0.9999690374793487
925.862518,0.9999685844934774
925.98212,0.99996874748837
926.101722,0.9999680445105875
926.221324,0.999967591525166
926.340926,0.999967376532157
926.460528,0.9999667155539395
926.58013,0.9999664085642049
926.699732,0.9999659435799331
926.819334,0.9999657175876553
926.938936,0.9999655535932911
927.058538,0.9999648286185275
927.17814,0.9999644886305437
927.297742,0.9999644786308988
927.417344,0.9999635656637466
927.536946,0.9999628386904986
927.656548,0.9999623087103345
927.77615,0.9999615677385383
927.895752,0.99996116675403
928.015354,0.9999609607620509
928.134956,0.9999596838127193
928.254558,0.9999587398512233
928.37416,0.9999580488799729
928.493762,0.9999567899335818
928.613364,0.9999561709605204
928.732966,0.9999548280202846
928.852568,0.9999538100667879
928.97217,0.9999524951283921
929.091772,0.9999508142096607
929.211374,0.9999498252587944
929.330976,0.9999479653538491
929.450578,0.9999468034149885
929.57018,0.9999449265165999
929.689782,0.9999429856253812
929.809384,0.9999411107340409
929.928986,0.9999398768074715
930.048588,0.9999374369571488
930.16819,0.9999348231241049
930.287792,0.9999324842792888
930.407394,0.9999300834442764
930.526996,0.9999276976139435
930.646598,0.999924813826622
930.7662,0.9999212900977869
930.885802,0.9999181693483105
931.005404,0.9999147996297577
931.125006,0.9999107969788261
931.244608,0.999907569271983
931.36421,0.9999030247024082
931.483812,0.9998991750831736
931.603414,0.9998946055543848
931.723016,0.9998896360905444
931.842618,0.9998850266099468
931.96222,0.9998792772875732
932.081822,0.9998739679427071
932.201424,0.9998678987261418
932.321026,0.9998615895796062
932.440628,0.9998554804439573
932.56023,0.9998483814952475
932.679832,0.9998413725826594
932.799434,0.9998328839654405
932.919036,0.9998250852993603
933.038638,0.9998173566813221
933.15824,0.9998084083560236
933.277842,0.9997982003642862
933.397444,0.9997885823518614
933.517046,0.9997784745403889
933.636648,0.9997678169586554
933.75625,0.9997581792433538
933.875852,0.999746582115738
933.995454,0.999732145879322
934.115056,0.9997198992355459
934.234658,0.9997068929642628
934.35426,0.9996943367245406
934.473862,0.9996806210123307
934.593464,0.9996645362805406
934.713066,0.9996505210819887
934.832668,0.9996353964840227
934.95227,0.9996191325484293
935.071872,0.9996030887901034
935.191474,0.9995882048109228
935.311076,0.9995703023464917
935.430678,0.9995534297421933
935.55028,0.9995355179052229
935.669882,0.9995207548746486
935.789484,0.9995031434741046
935.909086,0.9994850726206316
936.028688,0.9994706901339189
936.14829,0.9994565677128424
936.267892,0.9994375282465789
936.387494,0.9994217272641645
936.507096,0.9994052969060262
936.626698,0.999390116054865
936.7463,0.9993725169498818
936.865902,0.9993547682515898
936.985504,0.999341287046697
937.105106,0.999327895963171
937.224708,0.9993094085681046
937.34431,0.9992986060917854
937.463912,0.9992840763956841
937.583514,0.9992728944694322
937.703116,0.999259784095061
937.822718,0.9992491620200125
937.94232,0.9992332540999805
938.061922,0.9992259497315905
938.181524,0.9992187353462775
938.301126,0.9992083834938019
938.420728,0.9991996304667008
938.54033,0.9991931756579371
938.659932,0.9991866209722041
938.779534,0.9991841629761399
938.899136,0.9991874902649426
939.018738,0.9991850122830394
939.13834,0.9991869806794524
939.257942,0.9991818648552079
939.377544,0.9991862212976357
939.497146,0.9991874003380725
939.616748,0.9991905777590576
939.73635,0.9991915369824728
939.855952,0.9991975721175822
939.975554,0.9991976820293211
940.095156,0.9992004498107337
940.214758,0.9992024881817305
940.33436,0.9992034773926834
940.453962,0.9992078838897351
940.573564,0.9992155878122184
940.693166,0.9992231818795433
940.812768,0.9992291872289124
940.93237,0.9992372610333633
941.051972,0.9992511805053584
941.171574,0.9992590846134569
941.291176,0.9992771114099446
941.410778,0.9992904318626203
941.53038,0.9993073300066965
941.649982,0.99932306922109
941.769584,0.9993398779764756
941.889186,0.9993569868216379
942.008788,0.9993730466174562
942.12839,0.9993910554820157
942.247992,0.9994075755527008
942.367594,0.99942644454585
942.487196,0.9994428252795158
942.606798,0.9994619847821197
942.7264,0.9994808348129078
942.846002,0.9994983558655137
942.965604,0.9995184359891872
943.085206,0.9995382566362939
943.204808,0.9995552889133016
943.32441,0.9995756700534276
943.444012,0.9995935426261885
943.563614,0.999612804979347
943.683216,0.9996320976926573
943.802818,0.9996491115757477
943.92242,0.9996675752653501
944.042022,0.9996832801663192
944.161624,0.9997004548726028
944.281226,0.9997168001086619
944.400828,0.9997329056760417
944.52043,0.9997478218022684
944.640032,0.9997611985176141
944.759634,0.9997769448804931
944.879236,0.9997889822673743
944.998838,0.9998016996641113
945.11844,0.9998141672690414
945.238042,0.9998255452190054
945.357644,0.9998351635870146
945.477246,0.9998455319314208
945.596848,0.999853860679391
945.71645,0.9998649591188408
945.836052,0.9998731980400482
945.955654,0.9998804971410356
946.075256,0.9998863564579166
946.194858,0.9998944755680946
946.31446,0.9999004079596165
946.434062,0.9999079982324223
946.553664,0.9999112279404725
946.673266,0.9999153505829641
946.792868,0.9999203251742076
946.91247,0.9999244808517145
947.032072,0.9999306474050024
947.151674,0.9999331862321392
947.271276,0.9999372859666072
947.390878,0.9999392908428755
947.51048,0.9999426266459138
947.630082,0.9999457874695523
947.749684,0.9999480343502611
947.869286,0.999951035198815
947.988888,0.999952908108858
948.10849,0.9999548070212334
948.228092,0.9999537410699773
948.347694,0.9999579148856033
948.467296,0.9999589368431145
948.586898,0.9999599288028719
948.7065,0.9999625437015046
948.826102,0.9999644396322849
948.945704,0.9999649016159627
949.065306,0.9999651076087537
949.184908,0.9999645376288048
949.30451,0.9999668715487593
949.424112,0.9999673115342795
949.543714,0.9999685894933203
949.663316,0.9999690604786369
949.782918,0.9999700374488862
949.90252,0.999971475406834
950.022122,0.9999705574334409
950.141724,0.9999716474019426
950.261326,0.9999732923566554
950.380928,0.9999734893514135
950.50053,0.9999721953865555
950.620132,0.9999735713492429
950.739734,0.9999738603416468
950.859336,0.999974942313949
950.978938,0.9999728033698351
951.09854,0.9999769322660642
951.218142,0.9999745643234923
951.337744,0.9999756392967267
951.457346,0.9999744913253518
951.576948,0.9999736713466051
951.69655,0.9999755912978973
951.816152,0.9999751273093305
951.935754,0.9999751833079392
952.055356,0.9999763812789264
952.174958,0.9999772422589613
952.29456,0.9999776402499829
952.414162,0.9999777262480637
952.533764,0.9999760562866553
952.653366,0.9999759362895357
952.772968,0.9999757272945868
952.89257,0.9999762772813882
953.012172,0.9999761382846952
953.131774,0.9999769662652805
953.251376,0.99997657327441
953.370978,0.9999756532963858
953.49058,0.9999753683033652
953.610182,0.9999742243321982
953.729784,0.9999761702839322
953.849386,0.9999747903177694
953.968988,0.9999758222922854
954.08859,0.9999761532843374
954.208192,0.9999755882979704
954.327794,0.9999761332848146
954.447396,0.9999751963076167
954.566998,0.9999744723258366
954.6866,0.9999741583339016
954.806202,0.9999738253425623
954.925804,0.999973882341072
955.045406,0.9999740603364389
955.165008,0.9999744543262963
955.28461,0.9999743013302165
955.404212,0.9999726953727781
955.523814,0.9999732813569493
955.643416,0.9999736053483449
955.763018,0.9999692394731147
955.88262,0.9999691864747464
956.002222,0.9999697104587374
956.121824,0.9999697294581621
956.241426,0.9999701944441944
956.361028,0.9999706424309419
956.48063,0.9999704144376614
956.600232,0.9999706214315586
956.719834,0.9999709974205829
956.839436,0.9999714324080614
956.959038,0.9999715204055514
957.07864,0.9999713734097486
957.198242,0.9999717453991688
957.317844,0.9999717703984627
957.437446,0.9999721753871117
957.557048,0.9999717463991405
957.67665,0.9999721583875849
957.796252,0.9999726773732698
957.915854,0.9999726823731332
958.035456,0.9999722973837245
958.155058,0.9999725783759796
958.27466,0.9999730593629055
958.394262,0.9999731893594116
958.513864,0.999972974365199
958.633466,0.9999732593575373
958.753068,0.9999730783623938
958.87267,0.9999737913434529
958.992272,0.9999735193506186
959.111874,0.9999735873488202
959.231476,0.9999734933513075
959.351078,0.9999737623442133
959.47068,0.9999738803411242
959.590282,0.9999740113377111
959.709884,0.9999741593338758
959.829486,0.9999743153298568
959.949088,0.9999745643234923
960.06869,0.9999740923356093
960.188292,0.9999746633209791
960.307894,0.9999747143196882
960.427496,0.9999744183272166
960.547098,0.999974701320017
960.6667,0.9999746373216382
960.786302,0.9999749333141746
960.905904,0.9999752083073191
961.025506,0.9999753493038334
961.145108,0.9999755392991678
961.26471,0.9999747703182738
961.384312,0.9999752503062788
961.503914,0.9999752773056109
961.623516,0.9999758662912226
961.743118,0.9999756572962885
961.86272,0.9999760052878777
961.982322,0.999975931289656
962.101924,0.9999763022807954
962.221526,0.999976597273848
962.341128,0.9999765772743163
962.46073,0.999976662272329
962.580332,0.9999765542748553
962.699934,0.9999765452750664
962.819536,0.9999767812695589
962.939138,0.999977007264337
963.05874,0.9999768592677509
963.178342,0.9999771172618138
963.297944,0.9999768772673345
963.417546,0.9999772612585291
963.537148,0.9999773332568945
963.65675,0.9999772242593711
963.776352,0.999977544252134
963.895954,0.9999776682493573
964.015556,0.999977527252516
964.135158,0.9999778082462406
964.25476,0.9999775952509902
964.374362,0.9999779872422843
964.493964,0.9999774062552425
964.613566,0.9999775392522464
964.733168,0.9999777222481528
964.85277,0.9999782772359427
964.972372,0.9999778622450437
965.091974,0.999977744247663
965.211576,0.9999776012508558
965.331178,0.9999780572407458
965.45078,0.999978222237139
965.570382,0.9999777832467958
965.689984,0.9999780032419322
965.809586,0.9999780092418002
965.929188,0.9999778292457748
966.04879,0.9999782192372043
966.168392,0.9999779512430774
966.287994,0.9999780682405045
966.407596,0.9999780912400004
966.527198,0.999977540252224
966.6468,0.9999782252370736
966.766402,0.9999778612450658
966.886004,0.9999777572473737
967.005606,0.9999775562518647
967.125208,0.9999776002508781
967.24481,0.9999776172504975
967.364412,0.9999779782424825
967.484014,0.9999776022508333
967.603616,0.9999774902533481
967.723218,0.9999771872602145
967.84282,0.9999779782424825
967.962422,0.9999774922533031
968.082024,0.9999773932555363
968.201626,0.9999771192617681
968.321228,0.9999773082574615
968.44083,0.9999778412455088
968.560432,0.9999774362545651
968.680034,0.9999771832603057
968.799636,0.9999768792672883
968.919238,0.999977064263028
969.03884,0.9999764572771342
969.158442,0.9999768592677509
969.278044,0.999976826268515
969.397646,0.9999768822672189
969.517248,0.9999766512725857
969.63685,0.9999768412681675
969.756452,0.9999763362799903
969.876054,0.999976873267427
969.995656,0.9999764612770401
970.115258,0.9999768762673577
970.23486,0.9999767742697214
970.354462,0.9999761162852204
970.474064,0.999976258281839
970.593666,0.9999762602817915
970.713268,0.999976557274785
970.83287,0.9999767422704652
970.952472,0.9999760152876378
971.072074,0.9999760082878058
971.191676,0.9999758122925273
971.311278,0.9999762992808665
971.43088,0.9999760032879257
971.550482,0.999976488276405
971.670084,0.9999764582771107
971.789686,0.9999762362823617
971.909288,0.9999762252826231
972.02889,0.9999762032831464
972.148492,0.9999763362799903
972.268094,0.9999763302801322
972.387696,0.999976537275254
972.507298,0.9999767332706746
972.6269,0.9999768082689323
972.746502,0.9999767842694892
972.866104,0.9999769402658798
972.985706,0.9999770752627758
973.105308,0.9999766892716992
973.22491,0.9999766962715361
973.344512,0.9999769312660873
973.464114,0.9999772362590978
973.583716,0.9999775372522913
973.703318,0.9999776232503632
973.82292,0.9999779292435628
973.942522,0.9999785542299638
974.062124,0.9999783142351396
974.181726,0.9999784002332783
974.301328,0.9999787112266092
974.42093,0.9999791162180692
974.540532,0.9999793512131891
974.660134,0.9999797712046048
974.779736,0.9999798922021644
974.899338,0.9999799222015617
975.01894,0.9999802481950695
975.138542,0.9999804431912369
975.258144,0.9999805601889555
975.377746,0.9999810121802709
975.497348,0.9999812711753866
975.61695,0.9999816711679751
975.736552,0.9999821931585436
975.856154,0.9999824551539126
975.975756,0.9999828451471462
976.095358,0.9999828331473521
976.21496,0.9999828961462726
976.334562,0.9999832681399792
976.454164,0.9999837661317706
976.573766,0.9999841401257691
976.693368,0.9999843721221165
976.81297,0.9999847461163417
976.932572,0.9999850761113623
977.052174,0.9999854361060545
977.171776,0.9999849351134765
977.291378,0.9999855421045164
977.41098,0.9999857111020872
977.530582,0.9999864320920449
977.650184,0.9999868110869745
977.769786,0.9999871950819836
977.889388,0.9999872560812044
978.00899,0.9999871480825866
978.128592,0.9999871920820221
978.248194,0.9999880550713413
978.367796,0.9999884310669206
978.487398,0.9999880350715803
978.607,0.9999882810686672
978.726602,0.999988982060698
978.846204,0.9999890630598087
978.965806,0.999988872061916
979.085408,0.9999890790596339
979.20501,0.9999891510588502
979.324612,0.999989191058417
979.444214,0.9999895970541111
979.563816,0.999989620053872
979.683418,0.9999896970530757
979.80302,0.9999901052489534
979.922622,0.9999906372438309
980.042224,0.9999905972442061
980.161826,0.9999908841415497
980.281428,0.9999904460456394
980.40103,0.9999907645426471
980.520632,0.9999910042404621
980.640234,0.9999911549391178
980.759836,0.9999910516400368
980.879438,0.9999906495437157
980.99904,0.9999908917414805
981.118642,0.9999909827406557
981.238244,0.9999910686398849
981.357846,0.9999911366392799
981.477448,0.9999906520436924
981.59705,0.9999909862406242
981.716652,0.9999914619364495
981.836254,0.9999912911379224
981.955856,0.9999915468357282
982.075458,0.9999910835397519
982.19506,0.9999912858379685
982.314662,0.9999913239376372
982.434264,0.9999909964405322
982.553866,0.9999913457374483
982.673468,0.9999914673364034
982.79307,0.9999911293393445
982.912672,0.9999911401392488
983.032274,0.9999914579364836
983.151876,0.9999913862370987
983.271478,0.9999909574408842
983.39108,0.9999910206403146
983.510682,0.9999904148459379
983.630284,0.9999911540391258
983.749886,0.9999906984432597
983.869488,0.9999904009460712
983.98909,0.9999904692454179
984.108692,0.9999907191430675
984.228294,0.9999906666435561
984.347896,0.9999905080450489
984.467498,0.9999907398428756
984.5871,0.9999903937461404
984.706702,0.9999906632435878
984.826304,0.9999902553474794
984.945906,0.999990701743229
985.065508,0.9999902027479934
985.18511,0.9999906779434506
985.304712,0.9999901456485545
985.424314,0.9999896270537993
985.543916,0.9999891810585252
985.663518,0.9999895150549675
985.78312,0.9999894900552299
985.902722,0.9999895420546847
986.022324,0.9999891670586767
986.141926,0.999989269057577
986.261528,0.9999891300590782
986.38113,0.9999892890573625
986.500732,0.9999890280601922
986.620334,0.9999894980551458
986.739936,0.9999889050615492
986.859538,0.999988750063281
986.97914,0.9999884390668281
987.098742,0.9999883790675236
987.218344,0.9999885580654594
987.337946,0.9999886910639465
987.457548,0.9999881070707215
987.57715,0.9999883040683979
987.696752,0.9999880280716641
987.816354,0.9999881340704007
987.935956,0.9999883430679426
988.055558,0.9999878620736652
988.17516,0.9999880560713292
988.294762,0.9999882080695254
988.414364,0.9999877990744319
988.533966,0.9999877700747861
988.653568,0.9999883260681409
988.77317,0.999987831074042
988.892772,0.9999875880770286
989.012374,0.999987843073896
989.131976,0.999988026071688
989.251578,0.9999880730711264
989.37118,0.9999875150779373
989.490782,0.9999876020768549
989.610384,0.9999875510774885
989.729986,0.9999877290752884
989.849588,0.9999882390691602
989.96919,0.9999880030719637
990.088792,0.999988413067129
990.208394,0.9999886620642748
990.327996,0.999988246069078
990.447598,0.9999889040615604
990.5672,0.9999887690630674
990.686802,0.9999889600609406
990.806404,0.9999892520577596
990.926006,0.9999890900595139
991.045608,0.9999888180625184
991.16521,0.9999898270517448
991.284812,0.9999897080529625
991.404414,0.9999898170518465
991.524016,0.9999899570504308
991.643618,0.9999898990510149
991.76322,0.9999900801492021
991.882822,0.9999899840501599
992.002424,0.9999903825462481
992.122026,0.9999906196439958
992.241628,0.9999910911396841
992.36123,0.9999907237430248
992.480832,0.9999909161412585
992.600434,0.9999909113413021
992.720036,0.9999918414332812
992.839638,0.9999914959361598
992.95924,0.9999919964320287
993.078842,0.9999914676364008
993.198444,0.999991681734597
993.318046,0.9999916494348662
993.437648,0.9999919398324834
993.55725,0.9999921706306497
993.676852,0.9999923023296272
993.796454,0.9999923815290207
993.916056,0.9999929109251277
994.035658,0.9999928870252973
994.15526,0.9999929723246942
994.274862,0.9999927506262768
994.394464,0.999992788626002
994.514066,0.9999932767226013
994.633668,0.9999931820232425
994.75327,0.9999933172223299
994.872872,0.9999936636200749
994.992474,0.9999934945211607
995.112076,0.9999940606176382
995.231678,0.9999939073185604
995.35128,0.9999934770212747
995.470882,0.9999940769175415
995.590484,0.999993950718297
995.710086,0.9999940126179244
995.829688,0.9999937777193585
995.94929,0.9999942680164279
996.068892,0.9999941851169065
996.188494,0.999994496915142
996.308096,0.9999941049173761
996.427698,0.9999943192161357
996.5473,0.999994100517402
996.666902,0.9999944846152098
996.786504,0.9999945349149336
996.906106,0.9999942428165727
997.025708,0.9999944517153918
997.14531,0.9999949402128008
997.264912,0.9999943325160603
997.384514,0.9999944329154963
997.504116,0.9999943467159799
997.623718,0.9999943809157871
997.74332,0.9999938617188393
997.862922,0.9999941059173701
997.982524,0.9999949308128484
998.102126,0.9999942227166886
998.221728,0.9999949782126092
998.34133,0.9999946511143053
998.460932,0.9999948488132674
998.580534,0.9999945375149194
998.700136,0.9999942543165065
998.819738,0.9999945012151183
998.93934,0.9999945543148278
999.058942,0.999994386815754
999.178544,0.9999942790163648
999.298146,0.999994285816326
999.417748,0.9999946862141182
999.53735,0.9999945576148098
999.656952,0.9999940708175776
999.776554,0.9999942409165836
999.896156,0.9999939320184102
1000.015758,0.9999937759193697
1000.13536,0.9999940965174257
1000.254962,0.9999941590170586
1000.374564,0.9999934917211789
1000.494166,0.9999937284196665
1000.613768,0.9999937444195662
1000.73337,0.9999937070198008
1000.852972,0.9999937126197657
1000.972574,0.9999934982211367
1001.092176,0.9999934400215168
1001.211778,0.9999931978231349
1001.33138,0.9999938154191246
1001.450982,0.9999932151230174
1001.570584,0.9999932441228211
1001.690186,0.9999935054210899
1001.809788,0.9999932498227826
1001.92939,0.9999930834239196
1002.048992,0.9999932968224664
1002.168594,0.999993119323672
1002.288196,0.9999927444263218
1002.407798,0.9999932564227381
1002.5274,0.9999928084258595
1002.647002,0.9999933247222798
1002.766604,0.9999934029217609
1002.886206,0.9999928009259135
1003.005808,0.9999927817260519
1003.12541,0.9999924279286683
1003.245012,0.9999925281279146
1003.364614,0.999993136923551
1003.484216,0.9999925752275638
1003.603818,0.999992354629226
1003.72342,0.9999925451277877
1003.843022,0.9999920999312057
1003.962624,0.9999929693247153
1004.082226,0.999992701926631
1004.201828,0.9999922088303513
1004.32143,0.9999924112287949
1004.441032,0.9999924342286206
1004.560634,0.999992855925519
1004.680236,0.9999928212257675
1004.799838,0.9999922829297767
1004.91944,0.999992084731326
1005.039042,0.9999926522269951
1005.158644,0.9999924016288678
1005.278246,0.9999919597323231
1005.397848,0.9999920219318249
1005.51745,0.9999914722363615
1005.637052,0.9999923457292941
1005.756654,0.9999927691261429
1005.876256,0.999992365629142
1005.995858,0.999992214530307
1006.11546,0.999992258829963
1006.235062,0.9999924246286933
1006.354664,0.9999921169310716
1006.474266,0.9999915150359975
1006.593868,0.9999919910320719
1006.71347,0.999991954532365
1006.833072,0.9999922153303007
1006.952674,0.9999921952304573
1007.072276,0.9999922770298223
1007.191878,0.9999920017319863
1007.31148,0.9999918696330516
1007.431082,0.9999916582347927
1007.550684,0.9999917334341683
1007.670286,0.999991939132489
1007.789888,0.9999917528340081
1007.90949,0.9999917130343371
1008.029092,0.9999919492324076
1008.148694,0.9999914998361266
1008.268296,0.9999914597364683
1008.387898,0.9999914930361844
1008.5075,0.9999914324367017
1008.627102,0.9999909940405539
1008.746704,0.9999916440349113
1008.866306,0.9999911995387243
1008.985908,0.9999908257420838
1009.10551,0.9999909724407486
1009.225112,0.9999910683398875
1009.344714,0.9999909690407793
1009.464316,0.9999911554391133
1009.583918,0.9999905173449607
1009.70352,0.9999902126478964
1009.823122,0.9999904939451828
1009.942724,0.999990531244829
1010.062326,0.9999907107431454
1010.181928,0.9999900235497651
1010.30153,0.999989909050914
1010.421132,0.9999901360486491
1010.540734,0.9999899570504308
1010.660336,0.99998998805012
1010.779938,0.9999897220528184
1010.89954,0.999989017060313
1011.019142,0.9999892680575877
1011.138744,0.9999893970562116
1011.258346,0.9999888850617714
1011.377948,0.9999890320601483
1011.49755,0.999989017060313
1011.617152,0.9999888920616936
1011.736754,0.9999886520643884
1011.856356,0.9999884220670248
1011.975958,0.999988314068281
1012.09556,0.9999876120767309
1012.215162,0.999987762074884
1012.334764,0.9999876840758416
1012.454366,0.9999874300790021
1012.573968,0.999987948072625
1012.69357,0.9999869430852423
1012.813172,0.9999868620863032
1012.932774,0.9999869230855036
1013.052376,0.9999877080755464
1013.171978,0.9999869230855036
1013.29158,0.999986870086198
1013.411182,0.9999865670902224
1013.530784,0.999986359093038
1013.650386,0.9999852411089135
1013.769988,0.9999859010993905
1013.88959,0.9999854421059672
1014.009192,0.9999855811039533
1014.128794,0.9999849211136875
1014.248396,0.999984797115565
1014.367998,0.9999849551131754
1014.4876,0.9999848961140648
1014.607202,0.9999843621222729
1014.726804,0.9999842261244088
1014.846406,0.9999840231276316
1014.966008,0.9999837001328443
1015.08561,0.9999834201374475
1015.205212,0.9999836841331052
1015.324814,0.9999833471386604
1015.444416,0.9999828461471291
1015.564018,0.9999820681607774
1015.68362,0.9999818261651462
1015.803222,0.9999813401740967
1015.922824,0.99998188216413
1016.042426,0.9999818341650007
1016.162028,0.9999808591831878
1016.28163,0.9999814381722728
1016.401232,0.9999804911902993
1016.520834,0.9999804731906506
1016.640436,0.9999803791924906
1016.760038,0.9999799172016621
1016.87964,0.9999794962102055
1016.999242,0.9999790152201836
1017.118844,0.9999793072140987
1017.238446,0.9999787792251639
1017.358048,0.9999785822293638
1017.47765,0.9999781622384474
1017.597252,0.9999781222393217
1017.716854,0.999977768247129
1017.836456,0.9999777612472848
1017.956058,0.9999773732559887
1018.07566,0.9999776922488216
1018.195262,0.9999774372545426
1018.314864,0.9999769602654187
1018.434466,0.999976987264797
1018.554068,0.999976186283551
1018.67367,0.9999768932669647
1018.793272,0.9999764132781711
1018.912874,0.999976403278407
1019.032476,0.9999764812765695
1019.152078,0.9999758542915124
1019.27168,0.9999759342895839
1019.391282,0.9999760872859135
1019.510884,0.999975871291102
1019.630486,0.9999757162948539
1019.750088,0.9999757252946354
1019.86969,0.9999760142876618
1019.989292,0.9999761022855549
1020.108894,0.9999749533136735
1020.228496,0.9999760542867032
1020.348098,0.9999752813055119
1020.4677,0.9999756032976044
1020.587302,0.9999753533037348
1020.706904,0.9999750863103511
1020.826506,0.999975667296045
1020.946108,0.9999757972928902
1021.06571,0.9999763532795881
1021.185312,0.9999761932833844
1021.304914,0.9999765932739417
1021.424516,0.9999766692721657
1021.544118,0.9999762032831464
1021.66372,0.9999766692721657
1021.783322,0.9999770382636247
1021.902924,0.999977009264291
1022.022526,0.9999771912601233
1022.142128,0.9999778072462628
1022.26173,0.999977834245664
1022.381332,0.9999782772359427
1022.500934,0.9999779042441148
1022.620536,0.9999789002226034
1022.740138,0.9999784492322211
1022.85974,0.9999783952333864
1022.979342,0.9999791842166514
1023.098944,0.9999790202200787
1023.218546,0.9999788302240828
1023.338148,0.9999793282136643
1023.45775,0.9999794422113142
1023.577352,0.9999798442031308
1023.696954,0.9999787502257796
1023.816556,0.9999797822043824
1023.936158,0.999980067198661
1024.05576,0.9999805371894029
1024.175362,0.9999809551813549
1024.294964,0.999980980180879
1024.414566,0.9999808661830538
1024.534168,0.9999804271915499
1024.65377,0.9999809721810312
1024.773372,0.9999807521852415
1024.892974,0.9999814891713275
1025.012576,0.9999807961843956
1025.132178,0.9999811911768881
1025.25178,0.9999813341742086
1025.371382,0.9999806661869006
1025.490984,0.9999807301856652
1025.610586,0.999980653187152
1025.730188,0.9999807171859159
1025.84979,0.9999809261819076
1025.969392,0.9999799042019233
1026.088994,0.9999800741985214
1026.208596,0.9999804561909827
1026.328198,0.9999801161976855
1026.4478,0.9999800611987806
1026.567402,0.9999796832063889
1026.687004,0.9999794002121786
1026.806606,0.9999793952122815
1026.926208,0.999978904222519
1027.04581,0.9999789662212131
1027.165412,0.999978877223089
1027.285014,0.9999789712211079
1027.404616,0.9999781002398033
1027.524218,0.9999778902444243
1027.64382,0.9999779692426807
1027.763422,0.9999779042441148
1027.883024,0.9999778432454645
1028.002626,0.9999769582654648
1028.122228,0.9999771582608765
1028.24183,0.9999769422658337
1028.361432,0.9999759112901376
1028.481034,0.9999759712886941
1028.600636,0.9999761132852921
1028.720238,0.9999752103072695
1028.83984,0.9999748953151278
1028.959442,0.9999755332993147
1029.079044,0.9999751093097784
1029.198646,0.9999742393318117
1029.318248,0.9999746953201688
1029.43785,0.9999743283295229
1029.557452,0.9999744103274213
1029.677054,0.9999744423266029
1029.796656,0.9999742003328171
1029.916258,0.999973026363795
1030.03586,0.9999728593683136
1030.155462,0.9999724343799387
1030.275064,0.9999720663901506
1030.394666,0.99997258237587
1030.514268,0.9999721733871674
1030.63387,0.999972096389313
1030.753472,0.9999711284167921
1030.873074,0.999971346410522
1030.992676,0.9999710254197712
1031.112278,0.9999706514306776
1031.23188,0.9999701434457158
1031.351482,0.9999694014681446
1031.471084,0.999969842454748
1031.590686,0.999969368469155
1031.710288,0.9999692484728379
1031.82989,0.9999681615068556
1031.949492,0.9999680855092782
1032.069094,0.9999685864934146
1032.188696,0.9999675125277293
1032.308298,0.9999674475298431
1032.4279,0.9999667075542058
1032.547502,0.9999658955815689
1032.667104,0.9999661345734465
1032.786706,0.9999652666032184
1032.906308,0.9999648216187738
1033.02591,0.9999639496498295
1033.145512,0.9999639346503704
1033.265114,0.9999628806889387
1033.384716,0.9999620247210792
1033.504318,0.9999613567466697
1033.62392,0.9999612927491449
1033.743522,0.9999604307828821
1033.863124,0.999960336786606
1033.982726,0.9999601317947581
1034.102328,0.9999585648584592
1034.22193,0.9999576918950132
1034.341532,0.9999575569007338
1034.461134,0.9999566389401179
1034.580736,0.9999560639652159
1034.700338,0.9999549720137902
1034.81994,0.9999547330245805
1034.939542,0.9999529801054698
1035.059144,0.9999534530833414
1035.178746,0.999952151144793
1035.298348,0.9999510611975423
1035.41795,0.9999486593179779
1035.537552,0.999948754313105
1035.657154,0.9999472163931036
1035.776756,0.9999487233146942
1035.896358,0.9999466504231392
1036.01596,0.9999458824644066
1036.135562,0.999945073508515
1036.255164,0.9999451375050017
1036.374766,0.9999443915462074
1036.494368,0.9999431516159306
1036.61397,0.9999426326455696
1036.733572,0.9999415717069992
1036.853174,0.9999408587489127
1036.972776,0.9999390578570478
1037.092378,0.9999382459068625
1037.21198,0.9999371889726952
1037.331582,0.9999357200660435
1037.451184,0.9999293894930392
1037.570786,0.9999285875499904
1037.690388,0.9999261117298727
1037.80999,0.9999256357651568
1037.929592,0.9999236749129077
1038.049194,0.999921585074611
1038.168796,0.9999228499762162
1038.288398,0.9999198342134484
1038.408,0.9999154815718836
1038.527602,0.99991487862303
1038.647204,0.9999115379130011
1038.766806,0.9999122268522882
1038.886408,0.9999099700529389
1039.00601,0.9999057754394127
1039.125612,0.9999025697466355
1039.245214,0.9999017598258819
1039.364816,0.9998999350068354
1039.484418,0.9998997350268685
1039.60402,0.9998949355196591
1039.723622,0.9998919058425945
1039.843224,0.9998898760640859
1039.962826,0.9998846566525554
1040.082428,0.9998830668372153
1040.20203,0.9998784773844713
1040.321632,0.9998755677423357
1040.441234,0.999869348535646
1040.560836,0.9998660389735797
1040.680438,0.9998533307569852
1040.80004,0.9998452719716163
1040.919642,0.9998450120118794
1041.039244,0.9998349736183516
1041.158846,0.9998340237755778
1041.278448,0.9998296745070341
1041.39805,0.9998247053659001
1041.517652,0.9998163568644653
1041.637254,0.999810887883951
1041.756856,0.9998043991323446
1041.876458,0.9997962307637716
1041.99606,0.9997892922020069
1042.115662,0.9997809639918899
1042.235264,0.9997729457807117
1042.354866,0.9997671571121138
1042.474468,0.9997556998461437
1042.59407,0.9997527105810701
1042.713672,0.9997421532481892
1042.833274,0.9997306562795345
1042.952876,0.9997213488304507
1043.072478,0.9997105718923982
1043.19208,0.9996986454164171
1043.311682,0.9996910777263149
1043.431284,0.9996735133083832
1043.550886,0.9996698745034174
1043.670488,0.9996594180112176
1043.79009,0.9996419241244744
1043.909692,0.999631787806755
1044.029294,0.9996124151304291
1044.148896,0.9996003898654072
1044.268498,0.999580697931693
1044.3881,0.999578318932463
1044.507702,0.9995635352784513
1044.627304,0.9995443638336995
1044.746906,0.9995280813886335
1044.866508,0.9995132285117012
1044.98611,0.9994969765587344
1045.105712,0.999480714875215
1045.225314,0.9994681214975459
1045.344916,0.999449811409281
1045.464518,0.9994354794017462
1045.58412,0.9994215973393484
1045.703722,0.9994071857838224
1045.823324,0.9993938837627047
1045.942926,0.9993785831594707
1046.062528,0.999367290245286
1046.18213,0.9993508008210351
1046.301732,0.999342196447682
1046.421334,0.9993330525084181
1046.540936,0.9993226395122627
1046.660538,0.9993152045794828
1046.78014,0.9993055512412322
1046.899742,0.9992962077780089
1047.019344,0.9992905517774793
1047.138946,0.9992811285120068
1047.258548,0.999271815255289
1047.37815,0.9992710458162875
1047.497752,0.9992656097965842
1047.617354,0.9992593444208527
1047.736956,0.9992536286737497
1047.856558,0.999247093576388
1047.97616,0.9992421173382527
1048.095762,0.9992396991752548
1048.215364,0.999236801384329
1048.334966,0.9992354524155577
1048.454568,0.9992350327367558
1048.57417,0.99923665149882
1048.693772,0.9992416676794011
1048.813374,0.9992431565505953
1048.932976,0.999244455567543
1049.052578,0.9992561068258217
1049.17218,0.9992623322107593
1049.291782,0.9992687275101504
1049.411384,0.9992805089578992
1049.530986,0.9992897723311529
1049.650588,0.9993000750618162
1049.77019,0.9993113172508977
1049.889792,0.9993231591601703
1050.009394,0.9993338020084885
1050.128996,0.999343905324299
1050.248598,0.9993560374329513
1050.3682,0.999371777414493
1050.487802,0.9993862883980505
1050.607404,0.9993980112679679
1050.727006,0.9994090246947359
1050.846608,0.9994225068134158
1050.96621,0.9994348997293362
1051.085812,0.999445783634657
1051.205414,0.9994633240620766
1051.325016,0.9994812246105095
1051.444618,0.9994938781229096
1051.56422,0.9995159272010614
1051.683822,0.9995380467332821
1051.803424,0.9995515305924809
1051.923026,0.9995687130309745
1052.042628,0.9995858257938264
1052.16223,0.9996064974424479
1052.281832,0.9996235408785242
1052.401434,0.9996409644686879
1052.521036,0.9996599278376508
1052.640638,0.9996764023690113
1052.76024,0.9996935069785854
1052.879842,0.9997086124615975
1052.999444,0.9997243380017525
1053.119046,0.9997370845683212
1053.238648,0.9997524906354979
1053.35825,0.9997627581463003
1053.477852,0.9997750952948559
1053.597454,0.999786202857867
1053.717056,0.9997911918034667
1053.836658,0.9998002899447086
1053.95626,0.9998101480241677
1054.075862,0.9998177666065224
1054.195464,0.9998263450797614
1054.315066,0.9998334438720122
1054.434668,0.9998390929469287
1054.55427,0.9998448920304851
1054.673872,0.9998510410954795
1054.793474,0.9998574701583431
1054.913076,0.9998631293676398
1055.032678,0.9998676387605219
1055.15228,0.9998699884522338
1055.271882,0.9998761176740492
1055.391484,0.9998802471709425
1055.511086,0.9998839167381833
1055.630688,0.9998873163492795
1055.75029,0.999890815961011
1055.869892,0.9998948555280674
1055.989494,0.9998982851733038
1056.109096,0.999900684932068
1056.228698,0.9999033466712339
1056.3483,0.9999067493481123
1056.467902,0.9999086021770356
1056.587504,0.9999113079333739
1056.707106,0.9999144066633187
1056.826708,0.9999165514820213
1056.94631,0.9999185053208718
1057.065912,0.9999208991286389
1057.185514,0.9999226329929812
1057.305116,0.9999243078647942
1057.424718,0.9999259137445222
1057.54432,0.9999283775650091
1057.663922,0.9999298034638922
1057.783524,0.9999304894159726
1057.903126,0.9999322782932183
1058.022728,0.9999334432150011
1058.14233,0.9999345131443578
1058.261932,0.9999367619996067
1058.381534,0.9999380069216502
1058.501136,0.999938960862964
1058.620738,0.9999402287863701
1058.74034,0.999940282783144
1058.859942,0.9999417206983044
1058.979544,0.999942537651024
1059.099146,0.9999442185558426
1059.218748,0.999944307550882
1059.33835,0.999945888464082
1059.457952,0.9999463594387064
1059.577554,0.9999462484446666
1059.697156,0.9999469504071794
1059.816758,0.9999479663537971
1059.93636,0.9999478643591098
1060.055962,0.9999483953315668
1060.175564,0.9999498292585938
1060.295166,0.9999492672869477
1060.414768,0.9999495382732357
1060.53437,0.9999494282787926
1060.653972,0.9999498352582927
1060.773574,0.9999507642121211
1060.893176,0.9999503062347761
1061.012778,0.9999534460836672
1061.13238,0.999953081100726
1061.251982,0.9999533080901012
1061.371584,0.9999541060531594
1061.491186,0.9999538900630959
1061.610788,0.999953982058858
1061.73039,0.9999548690184334
1061.849992,0.9999534820819919
1061.969594,0.9999542430468813
1062.089196,0.9999538200663259
1062.208798,0.9999538660642028
1062.3284,0.9999550000125298
1062.448002,0.9999536720731715
1062.567604,0.9999538250660951
1062.687206,0.999955143006105
1062.806808,0.9999535700779022
1062.92641,0.9999545560326084
1063.046012,0.9999543830404851
1063.165614,0.9999544830359285
1063.285216,0.9999540140573858
1063.404818,0.99995498201334
1063.52442,0.9999543820405308
1063.644022,0.9999542340472932
1063.763624,0.9999537840679891
1063.883226,0.9999536150758138
1064.002828,0.9999538130666492
1064.12243,0.9999534190849245
1064.242032,0.9999540530555932
1064.361634,0.9999525691248795
1064.481236,0.9999532310936994
1064.600838,0.9999527341170671
1064.72044,0.9999544400378866
1064.840042,0.9999527211176816
1064.959644,0.9999516791674891
1065.079246,0.9999526971188165
1065.198848,0.9999532220941204
1065.31845,0.9999520111515017
1065.438052,0.9999506862159646
1065.557654,0.9999506872159153
1065.677256,0.9999512831867025
1065.796858,0.9999510741969061
1065.91646,0.9999498362582425
1066.036062,0.999948767312439
1066.155664,0.999948881306605
1066.275266,0.9999488243095204
1066.394868,0.9999478083620309
1066.51447,0.9999482483391634
1066.634072,0.9999466614225525
1066.753674,0.9999463964367223
1066.873276,0.9999453944909351
1066.992878,0.999943534594231
1067.11248,0.9999428686320587
1067.232082,0.999941588706006
1067.351684,0.9999418906884114
1067.471286,0.9999398258105392
1067.590888,0.999938755875498
1067.71049,0.9999375849479004
1067.830092,0.9999376959409785
1067.949694,0.9999356780687442
1068.069296,0.9999332822257297
1068.188898,0.9999327612606254
1068.3085,0.9999293694944517
1068.428102,0.9999273596384388
1068.547704,0.999926665689092
1068.667306,0.9999235769203924
1068.786908,0.9999222140254858
1068.90651,0.9999191422691626
1069.026112,0.999916468488951
1069.145714,0.999913991698926
1069.265316,0.999912684812193
1069.384918,0.9999092861147534
1069.50452,0.9999077972509348
1069.624122,0.9999032876769383
1069.743724,0.9998998250178487
1069.863326,0.999896815323905
1069.982928,0.9998933556869091
1070.10253,0.9998897460784104
1070.222132,0.9998856765354254
1070.341734,0.9998813670374465
1070.461336,0.9998772875297912
1070.580938,0.9998735679931999
1070.70054,0.9998689285906078
1070.820142,0.9998651290958982
1070.939744,0.9998602197701668
1071.059346,0.999855760403531
1071.178948,0.9998513810448912
1071.29855,0.9998469317161454
1071.418152,0.9998421024671278
1071.537754,0.9998356035145834
1071.657356,0.9998299844542812
1071.776958,0.9998249053308612
1071.89656,0.9998202661540634
1072.016162,0.9998136373676731
1072.135764,0.9998089482527099
1072.255366,0.9998031993677855
1072.374968,0.9997974705118663
1072.49457,0.9997916517075207
1072.614172,0.9997860228963666
1072.733774,0.9997790844054444
1072.853376,0.9997740255360762
1072.972978,0.9997683068450056
1073.09258,0.9997639478646904
1073.212182,0.9997586691249816
1073.331784,0.9997518208015536
1073.451386,0.9997449425326878
1073.570988,0.999738244264012
1073.69059,0.9997327757107723
1073.810192,0.9997242380293238
1073.929794,0.9997204190900286
1074.049396,0.9997138609455901
1074.168998,0.9997046536233306
1074.2886,0.9996993651997008
1074.408202,0.9996927072240998
1074.527804,0.9996855994342195
1074.647406,0.9996762824078502
1074.767008,0.9996676652354359
1074.88661,0.9996632367174881
1075.006212,0.9996531501663164
1075.125814,0.9996452629340767
1075.245416,0.9996387452682101
1075.365018,0.99962767932855
1075.48462,0.9996192525027324
1075.604222,0.9996128849483746
1075.723824,0.9996056777654561
1075.843426,0.999594272329741
1075.963028,0.9995880748644647
1076.08263,0.9995771394307426
1076.202232,0.9995668238478921
1076.321834,0.9995568882030433
1076.441436,0.9995483820101186
1076.561038,0.9995387564055472
1076.68064,0.9995288810114185
1076.800242,0.9995213945681365
1076.919844,0.9995118491843976
1077.039446,0.9994992354244538
1077.159048,0.9994939480874835
1077.27865,0.9994864519109835
1077.398252,0.9994846828215294
1077.517854,0.9994756575155928
1077.637456,0.9994696906637285
1077.757058,0.9994653629693373
1077.87666,0.9994594061735254
1077.996262,0.9994487220095802
1078.115864,0.9994461234462811
1078.235466,0.9994378180835042
1078.355068,0.9994298625901351
1078.47467,0.9994270042248156
1078.594272,0.9994224468480671
1078.713874,0.9994196484691337
1078.833476,0.9994143615531772
1078.953078,0.9994104838329771
1079.07268,0.9994063862583935
1079.192282,0.9994053368822389
1079.311884,0.9994075255823233
1079.431486,0.9994048371796953
1079.551088,0.9994028483660482
1079.67069,0.9994070058905451
1079.790292,0.9994051869714495
1079.909894,0.9994083151145803
1080.029496,0.9994114132851594
1080.149098,0.9994146713716773
1080.2687,0.9994171699114789
1080.388302,0.999418519125569
1080.507904,0.999426404568793
1080.627506,0.9994324810998054
1080.747108,0.9994396070787998
1080.86671,0.9994419857478952
1080.986312,0.9994493016900071
1081.105914,0.9994470129537268
1081.225516,0.999462514497112
1081.345118,0.99946674223249
1081.46472,0.9994722792935795
1081.584322,0.999479185670891
1081.703924,0.9994771067563468
1081.823526,0.9994841530947878
1081.943128,0.9994928186599603
1082.06273,0.9995031334790733
1082.182332,0.9995124988673108
1082.301934,0.9995223940900307
1082.421536,0.9995320795089553
1082.541138,0.9995452734194844
1082.66074,0.999557268034733
1082.780342,0.9995736509126134
1082.899944,0.9995871352521158
1083.019546,0.9996014694344112
1083.139148,0.9996144643379806
1083.25875,0.999627489399309
1083.378352,0.9996414343000516
1083.497954,0.9996561491302653
1083.617556,0.9996670754316875
1083.737158,0.9996791714764811
1083.85676,0.9996905178994682
1083.976362,0.999704173765212
1084.095964,0.9997185996005217
1084.215566,0.9997313260992986
1084.335168,0.9997366246893682
1084.45477,0.9997483416712709
1084.574372,0.9997624082293962
1084.693974,0.999775495204974
1084.813576,0.9997873126211682
1084.933178,0.9997978504349773
1085.05278,0.9998101880165744
1085.172382,0.9998221258214879
1085.291984,0.9998338438054698
1085.411586,0.999843892186093
1085.531188,0.9998537107013231
1085.65079,0.9998630193827016
1085.770392,0.9998714082686255
1085.889994,0.9998805271374509
1086.009596,0.9998882562437986
1086.129198,0.9998954654641153
1086.2488,0.9999027297310594
1086.368402,0.9999091171300982
1086.488004,0.9999148676239664
1086.607606,0.9999198692106432
1086.727208,0.999925621766198
1086.84681,0.9999302094354747
1086.966412,0.9999341001714891
1087.086014,0.999938226908036
1087.205616,0.9999430266230445
1087.325218,0.9999461294510701
1087.44482,0.9999486323193645
1087.564422,0.9999514781772217
1087.684024,0.999953979058996
1087.803626,0.9999561779602136
1087.923228,0.9999584548630231
1088.04283,0.9999602917883919
1088.162432,0.9999619657233214
1088.282034,0.9999632776742811
1088.401636,0.9999648276185628
1088.521238,0.9999661575726678
1088.64084,0.9999669615457818
1088.760442,0.9999675135276969
1088.880044,0.9999688804842222
1088.999646,0.9999691834748389
1089.119248,0.9999703354400018
1089.23885,0.9999703194404765
1089.358452,0.9999712384136223
1089.478054,0.9999715474047828
1089.597656,0.9999720063918284
1089.717258,0.999972072389983
1089.83686,0.9999718703956447
1089.956462,0.999972318383143
1090.076064,0.9999728273691826
1090.195666,0.9999726573738165
1090.315268,0.9999732243584739
1090.43487,0.9999732123587952
1090.554472,0.9999728913674456
1090.674074,0.9999721043890898
1090.793676,0.9999726143749931
1090.913278,0.9999725233774893
1091.03288,0.9999722703844729
1091.152482,0.9999720623902623
1091.272084,0.9999724223802695
1091.391686,0.9999720003919963
1091.511288,0.9999720713900109
1091.63089,0.999971787397983
1091.750492,0.9999716774010924
1091.870094,0.9999713094115829
1091.989696,0.9999713684098918
1092.109298,0.9999713334108945
1092.2289,0.99997089942343
1092.348502,0.9999706054320288
1092.468104,0.9999705864325874
1092.587706,0.999970524434413
1092.707308,0.9999695874624706
1092.82691,0.9999703844385494
1092.946512,0.9999701284461637
1093.066114,0.9999698344549892
1093.185716,0.9999695524635357
1093.305318,0.9999695764628052
1093.42492,0.9999689494820773
1093.544522,0.9999690244797513
1093.664124,0.9999691774750238
1093.783726,0.9999687184892767
1093.903328,0.999969077478111
1094.02293,0.9999697454576779
1094.142532,0.9999694614663105
1094.262134,0.9999687894870581
1094.381736,0.9999688864840355
1094.501338,0.9999690954775546
1094.62094,0.9999689904808051
1094.740542,0.9999686084927236
1094.860144,0.9999688844840977
1094.979746,0.9999693994682058
1095.099348,0.9999695354640534
1095.21895,0.9999700024499355
1095.338552,0.9999701774447013
1095.458154,0.9999705944323521
1095.577756,0.9999700394488262
1095.697358,0.9999707704271923
1095.81696,0.999970993420699
1095.936562,0.999971179415321
1096.056164,0.9999712514132485
1096.175766,0.9999717303995926
1096.295368,0.9999723123833091
1096.41497,0.9999724613791948
1096.534572,0.9999728763678524
1096.654174,0.999972622374774
1096.773776,0.9999736863462103
1096.893378,0.9999737543444233
1097.01298,0.9999743153298568
1097.132582,0.9999747433189553
1097.252184,0.9999757252946354
1097.371786,0.9999761552842897
1097.491388,0.9999762182827895
1097.61099,0.9999773652561696
1097.730592,0.9999778982442474
1097.850194,0.9999780022419542
1097.969796,0.9999783422345327
1098.089398,0.999978818224337
1098.209,0.9999790502194498
1098.328602,0.9999797802044228
1098.448204,0.9999795462091816
1098.567806,0.9999814161726814
1098.687408,0.9999813181745075
1098.80701,0.9999814411722172
1098.926612,0.9999816931675721
1099.046214,0.9999822121582055
1099.165816,0.9999835281356626
1099.285418,0.9999837451321117
1099.40502,0.9999844561208073
1099.524622,0.9999837901313814
1099.644224,0.9999850881111834
1099.763826,0.999985096111064
1099.883428,0.9999857471015735
1100.00303,0.9999866800887108
1100.122632,0.999986104096549
1100.242234,0.9999868490864741
1100.361836,0.9999870730835533
1100.481438,0.9999872960806955
1100.60104,0.9999880970708405
1100.720642,0.9999886240647065
1100.840244,0.999988317068246
1100.959846,0.9999888620620273
1101.079448,0.9999888270624178
1101.19905,0.9999892080582334
1101.318652,0.999989934050662
1101.438254,0.9999893170570631
1101.557856,0.9999899760502401
1101.677458,0.9999900868491356
1101.79706,0.9999905020451059
1101.916662,0.9999905363447806
1102.036264,0.9999905899442748
1102.155866,0.9999909404410381
1102.275468,0.9999906882433547
1102.39507,0.9999914120368768
1102.514672,0.9999909618408445
1102.634274,0.9999911575390947
1102.753876,0.9999920658314757
1102.873478,0.9999918913328755
1102.99308,0.9999918736330191
1103.112682,0.9999919687322508
1103.232284,0.9999924741283195
1103.351886,0.9999925432278018
1103.471488,0.9999923336293868
1103.59109,0.9999928936252503
1103.710692,0.9999932325228995
1103.830294,0.9999930169243818
1103.949896,0.9999933389221851
1104.069498,0.9999931616233818
1104.1891,0.9999932180229977
1104.308702,0.9999932475227981
1104.428304,0.9999930449241866
1104.547906,0.9999936059204422
1104.667508,0.9999929905245665
1104.78711,0.999993666920054
1104.906712,0.9999939126185282
1105.026314,0.9999941989168264
1105.145916,0.999994462515332
1105.265518,0.999994300716241
1105.38512,0.9999944071156402
1105.504722,0.9999946016145713
1105.624324,0.9999948111134623
1105.743926,0.999994233216628
1105.863528,0.9999943617158952
1105.98313,0.9999940220178682
1106.102732,0.9999939377183757
1106.222334,0.9999948150134421
1106.341936,0.9999943219161204
1106.461538,0.9999942033168008
1106.58114,0.9999945765147071
1106.700742,0.9999946805141485
1106.820344,0.9999950923120428
1106.939946,0.9999948903130544
1107.059548,0.9999947576137413
1107.17915,0.9999951359118298
1107.298752,0.9999944743152667
1107.418354,0.9999951967115358
1107.537956,0.99999518751158
1107.657558,0.9999949120129439
1107.77716,0.9999947519137713
1107.896762,0.999994900413003
1108.016364,0.9999953520108019
1108.135966,0.999995291511085
1108.255568,0.9999950502122502
1108.37517,0.999995469210264
1108.494772,0.999995306411015
1108.614374,0.9999953266109203
1108.733976,0.9999945945146097
1108.853578,0.999995281111134
1108.97318,0.9999949596127028
1109.092782,0.999995045012276
1109.212384,0.9999954346104214
1109.331986,0.999995367710729
1109.451588,0.9999948199134167
1109.57119,0.9999950702121514
1109.690792,0.99999548781018
1109.810394,0.9999952143114514
1109.929996,0.9999949370128169
1110.049598,0.9999953139109797
1110.1692,0.999995090612051
1110.288802,0.999995239111333
1110.408404,0.9999949923125385
1110.528006,0.9999954380104059
1110.647608,0.9999948380133231
1110.76721,0.9999950970120197
1110.886812,0.9999949634126837
1111.006414,0.9999946713141975
1111.126016,0.9999953896106278
1111.245618,0.999994910012954
1111.36522,0.9999949949125255
1111.484822,0.9999950908120501
1111.604424,0.9999945444148818
1111.724026,0.9999951009120006
1111.843628,0.9999951573117258
1111.96323,0.9999945425148922
1112.082832,0.9999953734107027
1112.202434,0.9999953278109147
1112.322036,0.9999942750163878
1112.441638,0.9999946377143771
1112.56124,0.9999946158144948
1112.680842,0.9999949118129449
1112.800444,0.9999946649142316
1112.920046,0.9999942661164388
1113.039648,0.9999947321138754
1113.15925,0.9999938118191468
1113.278852,0.99999371511975
1113.398454,0.9999935711206653
1113.518056,0.9999936715200249
1113.637658,0.9999939216184734
1113.75726,0.9999942053167893
1113.876862,0.9999935461208264
1113.996464,0.9999932346228853
1114.116066,0.9999936429202063
1114.235668,0.9999933604220421
1114.35527,0.9999936976198601
1114.474872,0.9999934300215824
1114.594474,0.9999932693226511
1114.714076,0.9999928391256392
1114.833678,0.9999933468221325
1114.95328,0.9999931927231697
1115.072882,0.9999928544255298
1115.192484,0.9999926016273681
1115.312086,0.9999933830218923
1115.431688,0.9999928996252078
1115.55129,0.9999932451228143
1115.670892,0.9999927500262812
1115.790494,0.9999924144287706
1115.910096,0.9999927614261986
1116.029698,0.9999927230264773
1116.1493,0.9999924510284937
1116.268902,0.9999928776253643
1116.388504,0.9999924464285284
1116.508106,0.9999922347301499
1116.627708,0.9999925756275608
1116.74731,0.9999922452300684
1116.866912,0.9999917676338861
1116.986514,0.9999922265302136
1117.106116,0.9999923109295611
1117.225718,0.9999922332301615
1117.34532,0.9999916483348753
1117.464922,0.9999918926328649
1117.584524,0.9999924526284816
1117.704126,0.9999920878313013
1117.823728,0.9999921624307139
1117.94333,0.9999917959336535
1118.062932,0.9999921896305011
1118.182534,0.9999917606339438
1118.302136,0.9999922300301863
1118.421738,0.9999921491308182
1118.54134,0.9999921579307491
1118.660942,0.9999917401341128
1118.780544,0.9999920118319056
1118.900146,0.9999925029281032
1119.019748,0.9999921131311015
1119.13935,0.9999921146310897
1119.258952,0.9999916649347369
1119.378554,0.999992191430487
1119.498156,0.9999925106280455
1119.617758,0.9999923878289727
1119.73736,0.9999923943289233
1119.856962,0.9999924011288716
1119.976564,0.9999924606284212
1120.096166,0.999992428228666
1120.215768,0.9999921458308442
1120.33537,0.9999928643254591
1120.454972,0.9999921454308472
1120.574574,0.999992035231719
1120.694176,0.9999920045319639
1120.813778,0.9999922343301529
1120.93338,0.999993329022251
1121.052982,0.9999924471285231
1121.172584,0.9999922520300156
1121.292186,0.9999922836297713
1121.411788,0.9999931471234811
1121.53139,0.9999923141295365
1121.650992,0.9999929515248406
1121.770594,0.9999930393242256
1121.890196,0.9999926227272122
1122.009798,0.9999929851246043
1122.1294,0.9999926000273799
1122.249002,0.9999925668276262
1122.368604,0.999992995024535
1122.488206,0.9999924523284838
1122.607808,0.9999930297242925
1122.72741,0.9999932864225362
1122.847012,0.9999933417221665
1122.966614,0.9999934779212688
1123.086216,0.9999929243250327
1123.205818,0.9999936166203739
1123.32542,0.9999937465195531
1123.445022,0.9999937009198393
1123.564624,0.9999939792181249
1123.684226,0.9999941507171071
1123.803828,0.9999936013204717
1123.92343,0.9999938893186703
1124.043032,0.999994091217457
1124.162634,0.9999940469177196
1124.282236,0.9999936728200167
1124.401838,0.9999941290172343
1124.52144,0.9999943026162301
1124.641042,0.9999942667164353
1124.760644,0.9999940725175676
1124.880246,0.9999946824141384
1124.999848,0.9999947782136336
1125.11945,0.9999941344172026
1125.239052,0.999994122417273
1125.358654,0.9999941703169927
1125.478256,0.999994513315052
1125.597858,0.9999941211172807
1125.71746,0.9999944005156771
1125.837062,0.9999945534148327
1125.956664,0.999994778513632
1126.076266,0.9999945384149145
1126.195868,0.9999941149173172
1126.31547,0.9999942536165105
1126.435072,0.9999944196155705
1126.554674,0.9999944647153197
1126.674276,0.9999942819163483
1126.793878,0.9999945253149861
1126.91348,0.999994515115042
1127.033082,0.9999947689136822
1127.152684,0.9999944996151272
1127.272286,0.9999944130156072
1127.391888,0.9999947134139741
1127.51149,0.9999953660107369
1127.631092,0.9999955113100742
1127.750694,0.9999948059134893
1127.870296,0.9999948196134183
1127.989898,0.9999943920157248
1128.1095,0.9999943790157978
1128.229102,0.999994355015933
1128.348704,0.9999946136145066
1128.468306,0.999994858213219
1128.587908,0.9999942580164852
1128.70751,0.9999941757169613
1128.827112,0.9999950158124211
1128.946714,0.9999941752169641
1129.066316,0.9999941996168222
1129.185918,0.9999940036179784
1129.30552,0.9999945145150453
1129.425122,0.9999940162179028
1129.544724,0.999994080717519
1129.664326,0.999994323216113
1129.783928,0.9999938423189586
1129.90353,0.9999938005192168
1130.023132,0.9999939482183121
1130.142734,0.9999941576170668
1130.262336,0.9999936845199427
1130.381938,0.9999937912192746
1130.50154,0.9999934653213511
1130.621142,0.9999938343190079
1130.740744,0.999993313322356
1130.860346,0.9999934660213465
1130.979948,0.9999934839212298
1131.09955,0.9999930479241658
1131.219152,0.9999929416249105
1131.338754,0.9999929684247216
1131.458356,0.9999931171236871
1131.577958,0.9999931040237774
1131.69756,0.9999926594269422
1131.817162,0.999992730226425
1131.936764,0.9999923798290337
1132.056366,0.9999924227287077
1132.175968,0.9999917962336511
1132.29557,0.999991677634631
1132.415172,0.9999917449340733
1132.534774,0.9999914545365127
1132.654376,0.999991354337374
1132.773978,0.9999908820415688
1132.89358,0.9999903078469692
1133.013182,0.9999900438495628
1133.132784,0.9999902134478886
1133.252386,0.9999903100469479
1133.371988,0.9999897730522956
1133.49159,0.9999899100509039
1133.611192,0.9999890840595793
1133.730794,0.9999891480588827
1133.850396,0.999988857062083
1133.969998,0.9999883000684447
1134.0896,0.9999872170817022
1134.209202,0.9999875780771528
1134.328804,0.9999868550863952
1134.448406,0.9999862900939817
1134.568008,0.9999861680956617
1134.68761,0.9999855121049506
1134.807212,0.9999856271032911
1134.926814,0.9999844751205121
1135.046416,0.9999843771220385
1135.166018,0.9999836211341351
1135.28562,0.9999832241407163
1135.405222,0.9999826701501636
1135.524824,0.9999822171581166
1135.644426,0.9999817761660561
1135.764028,0.9999815571700711
1135.88363,0.99998078918453
1136.003232,0.9999799802003989
1136.122834,0.999980254194951
1136.242436,0.9999796452071616
1136.362038,0.9999783962333647
1136.48164,0.9999779332434745
1136.601242,0.9999772042598268
1136.720844,0.9999771922601004
1136.840446,0.999977127261585
1136.960048,0.999976143284576
1137.07965,0.9999755632985811
1137.199252,0.9999751633084357
1137.318854,0.9999740103377371
1137.438456,0.9999741283346774
1137.558058,0.9999729183667141
1137.67766,0.9999732493578048
1137.797262,0.999972263384667
1137.916864,0.9999719323939026
1138.036466,0.9999711244169077
1138.156068,0.9999707734271046
1138.27567,0.9999701594452383
1138.395272,0.9999695594633226
1138.514874,0.9999689514820153
1138.634476,0.9999685144956789
1138.754078,0.9999676275239999
1138.87368,0.9999668595491569
1138.993282,0.9999667895514791
1139.112884,0.9999662795685466
1139.232486,0.9999654265976738
1139.352088,0.9999651936057566
1139.47169,0.9999652776028364
1139.591292,0.9999643136367734
1139.710894,0.9999640916447204
1139.830496,0.9999639006515971
1139.950098,0.999963595662654
1140.0697,0.9999633186727763
1140.189302,0.9999629676857131
1140.308904,0.9999633326722629
1140.428506,0.9999631876775902
1140.548108,0.9999642506390236
1140.66771,0.9999641566423885
1140.787312,0.9999637896556104
1140.906914,0.9999645136296561
1141.026516,0.9999643116368447
1141.146118,0.9999651606069058
1141.26572,0.9999659105810574
1141.385322,0.9999658645826266
1141.504924,0.9999664145640034
1141.624526,0.9999667195538063
1141.744128,0.9999671795386031
1141.86373,0.9999674135309505
1141.983332,0.9999676105245504
1142.102934,0.9999678145179638
1142.222536,0.9999680195113867
1142.342138,0.9999684984961827
1142.46174,0.9999688554850005
1142.581342,0.9999682595037402
1142.700944,0.9999684594974121
1142.820546,0.9999691224767205
1142.940148,0.999969062478575
1143.05975,0.9999694864655474
1143.179352,0.9999698364549289
1143.298954,0.9999696814596163
1143.418556,0.9999699024529403
1143.538158,0.9999699204523986
1143.65776,0.9999703004410406
1143.777362,0.999970053448407
1143.896964,0.9999704334370995
1144.016566,0.9999709404222377
1144.136168,0.9999716584016307
1144.25577,0.9999707794269292
1144.375372,0.9999718323967144
1144.494974,0.9999715844037307
1144.614576,0.999971660401574
1144.734178,0.9999717643986321
1144.85378,0.9999726053752396
1144.973382,0.9999729463659561
1145.092984,0.9999726533739258
1145.212586,0.9999732513577513
1145.332188,0.9999735553496659
1145.45179,0.9999739093403672
1145.571392,0.9999744823255814
1145.690994,0.9999746363216635
1145.810596,0.9999744423266029
1145.930198,0.9999749983125474
1146.0498,0.999974964313398
1146.169402,0.9999757482940774
1146.289004,0.9999756862955829
1146.408606,0.9999758272921646
1146.528208,0.9999761372847191
1146.64781,0.9999758232922613
1146.767412,0.9999762832812458
1146.887014,0.9999764762766871
1147.006616,0.9999766022737311
1147.126218,0.9999770342637165
1147.24582,0.9999765952738949
1147.365422,0.9999773412567132
1147.485024,0.9999766082735907
1147.604626,0.9999766422727959
1147.724228,0.9999781682383164
1147.84383,0.9999775782513711
1147.963432,0.9999782542364426
1148.083034,0.9999771692606253
1148.202636,0.9999779332434745
1148.322238,0.9999781712382508
1148.44184,0.999978299235465
1148.561442,0.9999788432238077
1148.681044,0.9999786372281873
1148.800646,0.9999783352346844
1148.920248,0.9999786152286575
1149.03985,0.9999793292136436
1149.159452,0.9999794952102261
1149.279054,0.9999790392196802
1149.398656,0.9999796502070598
1149.518258,0.999979470210739
1149.63786,0.9999797492050501
1149.757462,0.9999796902062467
1149.877064,0.9999800511989799
1149.996666,0.9999802271954845
1150.116268,0.9999801591968314
1150.23587,0.9999803831924121
1150.355472,0.999980746185357
1150.475074,0.9999814401722358
1150.594676,0.9999813941730905
1150.714278,0.9999815131708836
1150.83388,0.9999816861677002
1150.953482,0.9999816741679202
1151.073084,0.9999818701643475
1151.192686,0.9999822901568212
1151.312288,0.9999823231562373
1151.43189,0.9999825551521632
1151.551492,0.9999825161528443
1151.671094,0.9999826931497653
1151.790696,0.9999824591538424
1151.910298,0.9999825971514313
1152.0299,0.999983340138777
1152.149502,0.999983189141304
1152.269104,0.999983189141304
1152.388706,0.9999828841464778
1152.508308,0.9999838311307175
1152.62791,0.9999839201292825
1152.747512,0.999984741116418
1152.867114,0.9999843111230717
1152.986716,0.9999843981217106
1153.106318,0.9999842801235586
1153.22592,0.9999848461148213
1153.345522,0.9999849181137328
1153.465124,0.9999853771069156
1153.584726,0.9999850401119003
1153.704328,0.9999852061094306
1153.82393,0.9999852421088987
1153.943532,0.9999856911023732
1154.063134,0.9999850161122595
1154.182736,0.9999853691070325
1154.302338,0.9999858311003798
1154.42194,0.9999860260976359
1154.541542,0.999986202095192
1154.661144,0.9999862470945721
1154.780746,0.9999863260934887
1154.900348,0.9999864840913407
1155.01995,0.9999863730928471
1155.139552,0.9999862220949162
1155.259154,0.9999870200842398
1155.378756,0.9999865260907739
1155.498358,0.9999867260880991
1155.61796,0.9999862890939953
1155.737562,0.9999873620798592
1155.857164,0.9999878350739934
1155.976766,0.9999870430839416
1156.096368,0.9999872570811916
1156.21597,0.999987871073556
1156.335572,0.9999870910833207
1156.455174,0.9999871140830241
1156.574776,0.9999873660798086
1156.694378,0.9999869370853206
1156.81398,0.9999875870770409
1156.933582,0.9999871080831014
1157.053184,0.9999876310764958
1157.172786,0.9999879340727938
1157.292388,0.9999877330752394
1157.41199,0.9999879400727215
1157.531592,0.9999881540701636
1157.651194,0.9999881980696433
1157.770796,0.9999880860709714
1157.890398,0.999988482066332
1158.01,0.9999880670711979
1158.129602,0.9999882140694546
1158.249204,0.9999882900685618
1158.368806,0.9999881010707928
1158.488408,0.9999886660642295
1158.60801,0.9999881850697968
1158.727612,0.9999881760699032
1158.847214,0.9999881240705194
1158.966816,0.9999885110659983
1159.086418,0.9999881710699623
1159.20602,0.9999885670653565
1159.325622,0.9999884650665278
1159.445224,0.9999889630609075
1159.564826,0.9999889650608854
1159.684428,0.9999885860651394
1159.80403,0.9999881550701517
1159.923632,0.999988850062161
1160.043234,0.9999882900685618
1160.162836,0.9999878000744197
1160.282438,0.9999882370691838
1160.40204,0.9999882760687259
1160.521642,0.9999882080695254
1160.641244,0.9999884580666086
1160.760846,0.9999884090671753
1160.880448,0.9999883750675701
1161.00005,0.9999871730822656
1161.119652,0.9999878850733863
1161.239254,0.9999879290728543
1161.358856,0.9999880190717719
1161.478458,0.9999876810758785
1161.59806,0.9999878470738474
1161.717662,0.9999873990793923
1161.837264,0.9999869240854905
1161.956866,0.9999869330853729
1162.076468,0.9999869770847989
1162.19607,0.9999868480864872
1162.315672,0.9999868130869481
1162.435274,0.9999864170922486
1162.554876,0.9999861000966046
1162.674478,0.9999862190949576
1162.79408,0.9999859820982517
1162.913682,0.9999854531058071
1163.033284,0.9999853591071789
1163.152886,0.9999851731099194
1163.272488,0.9999846711174886
1163.39209,0.9999847591161435
1163.511692,0.9999845141199075
1163.631294,0.9999848861142159
1163.750896,0.9999838181309278
1163.870498,0.9999836471337096
1163.9901,0.9999831421420953
1164.109702,0.9999831951412033
1164.229304,0.9999831371421796
1164.348906,0.9999827661485046
1164.468508,0.9999822381577433
1164.58811,0.9999821931585436
1164.707712,0.9999816601681768
1164.827314,0.9999813991729976
1164.946916,0.999981827165128
1165.066518,0.9999810861788686
1165.18612,0.9999811301780374
1165.305722,0.9999804741906311
1165.425324,0.9999806421873648
1165.544926,0.9999806211877716
1165.664528,0.999980592188334
1165.78413,0.9999797482050704
1165.903732,0.9999792962143264
1166.023334,0.9999793812125701
1166.142936,0.9999790642191565
1166.262538,0.9999786962269286
1166.38214,0.9999784922312954
1166.501742,0.9999780382411629
1166.621344,0.9999776682493573
1166.740946,0.9999776632494689
1166.860548,0.9999771322614707
1166.98015,0.9999766972715128
1167.099752,0.9999769732651194
1167.219354,0.9999763892787374
1167.338956,0.9999765952738949
1167.458558,0.9999759212898968
1167.57816,0.9999759802884779
1167.697762,0.9999751193095295
1167.817364,0.9999749113147264
1167.936966,0.9999753033049684
1168.056568,0.9999748223169632
1168.17617,0.9999739903382571
1168.295772,0.9999739403395589
1168.415374,0.999973443352634
1168.534976,0.9999736753464997
1168.654578,0.9999729833649559
1168.77418,0.9999726673735431
1168.893782,0.9999717913978701
1169.013384,0.9999710184199742
1169.132986,0.9999707824268416
1169.252588,0.9999701794446416
1169.37219,0.9999696904593434
1169.491792,0.9999684584974436
1169.611394,0.9999683135020276
1169.730996,0.999967236536734
1169.850598,0.9999662275703013
1169.9702,0.9999657505865246
1170.089802,0.9999647786202873
1170.209404,0.9999632106767438
1170.329006,0.9999618007296107
1170.448608,0.9999605297789697
1170.56821,0.9999596558138486
1170.687812,0.9999578528882145
1170.807414,0.999956426949333
1170.927016,0.9999548480193814
1171.046618,0.9999533210894942
1171.16622,0.9999525051279171
1171.285822,0.999950841208333
1171.405424,0.9999490522978782
1171.525026,0.9999465194301367
1171.644628,0.9999453094955801
1171.76423,0.9999428126352596
1171.883832,0.9999416357032619
1172.003434,0.9999398598084939
1172.123036,0.9999381539125481
1172.242638,0.9999357950612253
1172.36224,0.9999334352155336
1172.481842,0.9999315363437431
1172.601444,0.9999299614528135
1172.721046,0.9999278866002962
1172.840648,0.9999263627113583
1172.96025,0.9999244928508083
1173.079852,0.9999223760128976
1173.199454,0.9999217280634078
1173.319056,0.999921361092201
1173.438658,0.999919644228698
1173.55826,0.9999181183524851
1173.677862,0.9999174594066622
1173.797464,0.999916468488951
1173.917066,0.9999156625566021
1174.036668,0.9999149106203067
1174.15627,0.9999154685729824
1174.275872,0.9999151995957576
1174.395474,0.9999148256275429
1174.515076,0.9999142816740256
1174.634678,0.9999141136884404
1174.75428,0.9999128707959696
1174.873882,0.9999123538411491
1174.993484,0.9999110289581579
1175.113086,0.9999108499740997
1175.232688,0.9999097160758388
1175.35229,0.9999086791700009
1175.471892,0.9999089691435599
1175.591494,0.9999088151575904
1175.711096,0.9999094510997991
1175.830698,0.9999082812064257
1175.9503,0.9999101520365701
1176.069902,0.9999116039071648
1176.189504,0.9999128667963181
1176.309106,0.9999147006381974
1176.428708,0.9999153755808482
1176.54831,0.9999175403999797
1176.667912,0.9999199072075989
1176.787514,0.999920320174606
1176.907116,0.9999208741306167
1177.026718,0.999922048038412
1177.14632,0.9999240998805599
1177.265922,0.9999239848892949
1177.385524,0.9999259937385985
1177.505126,0.9999268626746646
1177.624728,0.9999273266408365
1177.74433,0.9999268186778836
1177.863932,0.9999289895213634
1177.983534,0.9999303214276645
1178.103136,0.9999313243582798
1178.222738,0.9999326372689706
1178.34234,0.9999337111971998
1178.461942,0.999935748064244
1178.581544,0.9999363800238366
1178.701146,0.9999379989221463
1178.820748,0.9999397618143924
1178.94035,0.999942367660807
1179.059952,0.9999439965682507
1179.179554,0.9999461054523633
1179.299156,0.9999479293557231
1179.418758,0.9999496752663319
1179.53836,0.9999509982006274
1179.657962,0.9999530761009606
1179.777564,0.9999550910084389
1179.897166,0.9999556879818065
1180.016768,0.9999570939204921
1180.13637,0.9999591408347585
1180.255972,0.9999596538139293
1180.375574,0.9999592048321455
1180.495176,0.9999606677735323
1180.614778,0.9999619017257577
1180.73438,0.9999623597084135
1180.853982,0.9999634106694059
1180.973584,0.9999637336576397
1181.093186,0.9999643596351329
1181.212788,0.9999643876341353
1181.33239,0.9999648286185275
1181.451992,0.9999645066299045
1181.571594,0.999965471596119
1181.691196,0.9999655725926367
1181.810798,0.999966425563634
1181.9304,0.9999668935480307
1182.050002,0.9999661185739884
1182.169604,0.99996700854423
1182.289206,0.9999663915647761
1182.408808,0.9999673365334626
1182.52841,0.9999672525362099
1182.648012,0.9999671005411991
1182.767614,0.9999684574974752
1182.887216,0.9999677515199934
1183.006818,0.9999672705356206
1183.12642,0.9999692744720386
1183.246022,0.9999683435010776
1183.365624,0.9999693864686037
1183.485226,0.9999690554787916
1183.604828,0.9999702814416052
1183.72443,0.9999701114466717
1183.844032,0.9999697704569218
1183.963634,0.9999706224315292
1184.083236,0.9999699934502055
1184.202838,0.9999705084348848
1184.32244,0.9999694704660357
1184.442042,0.9999705144347079
1184.561644,0.9999700094497256
1184.681246,0.999971184415177
1184.800848,0.9999705544335292
1184.92045,0.9999701994440454
1185.040052,0.9999701744447907
1185.159654,0.9999696474606476
1185.279256,0.9999694654661884
1185.398858,0.9999706324312355
1185.51846,0.9999705494336765
1185.638062,0.9999707264284794
1185.757664,0.9999700014499655
1185.877266,0.9999708564246822
1185.996868,0.9999679345141087
1186.11647,0.9999671745387673
1186.236072,0.9999676025248095
1186.355674,0.99996603157694
1186.475276,0.9999660395766682
1186.594878,0.9999665535593447
1186.71448,0.9999655465935322
1186.834082,0.9999660375767362
1186.953684,0.999964153642496
1187.073286,0.9999655835922582
1187.192888,0.9999652206048172
1187.31249,0.999965424597743
1187.432092,0.9999666435563386
1187.551694,0.9999642236399893
1187.671296,0.9999656365904355
1187.790898,0.9999654695961882
1187.9105,0.9999627386942197
1188.030102,0.9999626386979509
1188.149704,0.9999637046586919
1188.269306,0.9999624297057812
1188.388908,0.9999613797457813
1188.50851,0.9999604517820514
1188.628112,0.9999600957961939
1188.747714,0.9999588728457446
1188.867316,0.999961107756323
1188.986918,0.9999584558629816
1189.10652,0.9999567699344463
1189.226122,0.9999571549178767
1189.345724,0.999956536944546
1189.465326,0.9999562749559676
1189.584928,0.9999564009504662
1189.70453,0.9999536330749791
1189.824132,0.9999534530833414
1189.943734,0.9999521871430711
1190.063336,0.9999534390839931
1190.182938,0.9999500662467313
1190.30254,0.9999495412730844
1190.422142,0.9999482903369907
1190.541744,0.9999472593908348
1190.661346,0.9999447035289062
1190.780948,0.9999449325162696
1190.90055,0.9999437635813266
1191.020152,0.99994010979349
1191.139754,0.9999403417796224
1191.259356,0.9999373289639114
1191.378958,0.9999343781532076
1191.49856,0.9999331762328074
1191.618162,0.9999312183655651
1191.737764,0.9999275596239308
1191.857366,0.9999249198186579
1191.976968,0.9999223210171684
1192.09657,0.9999185173198939
1192.216172,0.9999161595148099
1192.335774,0.9999122938464096
1192.455376,0.9999089501452897
1192.574978,0.999904845527474
1192.69458,0.9999007889217446
1192.814182,0.9998973652673045
1192.933784,0.9998923857908245
1193.053386,0.9998880062717659
1193.172988,0.9998842666976154
1193.29259,0.999877387517525
1193.412192,0.9998705683769954
1193.531794,0.9998660489722402
1193.651396,0.9998601797757588
1193.770998,0.9998524908805402
1193.8906,0.9998466717559769
1194.010202,0.9998383030743573
1194.129804,0.9998300644406831
1194.249406,0.9998216159123338
1194.369008,0.9998135273881791
1194.48861,0.9998056388905682
1194.608212,0.9997954909148346
1194.727814,0.9997866927532264
1194.847416,0.9997754652117096
1194.967018,0.9997658574156544
1195.08662,0.9997564296680709
1195.206222,0.9997458722959166
1195.325824,0.9997348651544571
1195.445426,0.999723368269615
1195.565028,0.999710052043036
1195.68463,0.9996985854345001
1195.804232,0.9996866291109173
1195.923834,0.9996724936419197
1196.043436,0.9996625169602168
1196.163038,0.9996508009841738
1196.28264,0.9996377956118532
1196.402242,0.9996238707543471
1196.521844,0.9996116954097494
1196.641446,0.9995992303296275
1196.761048,0.999583406799055
1196.88065,0.9995707421575215
1197.000252,0.9995591372085719
1197.119854,0.9995452734194844
1197.239456,0.9995296606442498
1197.359058,0.9995202051383846
1197.47866,0.9995081410023158
1197.598262,0.9994915792896336
1197.717864,0.9994797553741892
1197.837466,0.9994681214975459
1197.957068,0.9994568575552891
1198.07667,0.9994466831362671
1198.196272,0.9994343700289797
1198.315874,0.9994202681095079
1198.435476,0.999408824812951
1198.555078,0.9993955227700181
1198.67468,0.9993869180116105
1198.794282,0.9993757549220823
1198.913884,0.9993676400238989
1199.033486,0.9993527895311075
1199.153088,0.9993453943478272
1199.27269,0.9993365901536856
1199.392292,0.999325797376793
1199.511894,0.9993225495732292
1199.631496,0.999312936136543
1199.751098,0.9993103179400802
1199.8707,0.9993054113384648
1199.990302,0.9993012442435879
1200.109904,0.9992998452228253
1200.229506,0.9992985960987995
1200.349108,0.9992999651388139
1200.46871,0.9993049916302802
1200.588312,0.999308179418288
1200.707914,0.999316153929378
1200.827516,0.9993235988624571
1200.947118,0.9993317433829767
1201.06672,0.9993397580556975
1201.186322,0.9993547082903055
1201.305924,0.9993595052044179
1201.425526,0.9993697986603326
1201.545128,0.9993822009164899
1201.66473,0.9993902059999795
1201.784332,0.9994028083899351
1201.903934,0.999413661963369
1202.023536,0.999421257536063
1202.143138,0.9994301224419332
1202.26274,0.9994413361108155
1202.382342,0.999444034606066
1202.501944,0.9994516803821758
1202.621546,0.9994581368608855
1202.741148,0.9994701404251904
1202.86075,0.999478206181769
1202.980352,0.9994870915825175
1203.099954,0.9994962669161329
1203.219556,0.999499945069163
1203.339158,0.9995114793650818
1203.45876,0.999525412652219
1203.578362,0.9995348582119987
1203.697964,0.9995438540662039
1203.817566,0.9995563884247242
1203.937168,0.9995635052915458
1204.05677,0.9995795184271654
1204.176372,0.9995893643339129
1204.295974,0.9995969612419501
1204.415576,0.9996094262937762
1204.535178,0.9996212917280876
1204.65478,0.9996326974720958
1204.774382,0.999644003381839
1204.893984,0.9996553893918807
1205.013586,0.9996667455416071
1205.133188,0.9996761624467035
1205.25279,0.9996881486357484
1205.372392,0.9996965660453971
1205.491994,0.9997057333049396
1205.611596,0.9997138509484517
1205.731198,0.9997225285023383
1205.8508,0.9997311761396109
1205.970402,0.9997380043268622
1206.090004,0.9997453524281982
1206.209606,0.999751540871083
1206.329208,0.9997570895075323
1206.44881,0.9997634879733801
1206.568412,0.9997687267477827
1206.688014,0.9997747553713813
1206.807616,0.999779684273075
1206.927218,0.9997829635558174
1207.04682,0.9997885323624336
1207.166422,0.9997912018013787
1207.286024,0.9997941711856575
1207.405626,0.9997980303986066
1207.525228,0.9998013197395376
1207.64483,0.9998057088769654
1207.764432,0.9998092281992547
1207.884034,0.9998131174647169
1208.003636,0.9998159369416837
1208.123238,0.9998193563180351
1208.24284,0.9998220158410601
1208.362442,0.9998243554273145
1208.482044,0.9998275048789944
1208.601646,0.9998298944695867
1208.721248,0.9998323440558289
1208.84085,0.9998351735853663
1208.960452,0.9998379731277717
1209.080054,0.9998404327322109
1209.199656,0.9998427023725692
1209.319258,0.9998458818774182
1209.43886,0.9998481415316647
1209.558462,0.9998509811044188
1209.678064,0.9998531007907456
1209.797666,0.9998549705177923
1209.917268,0.9998580900701668
1210.03687,0.999859249906224
1210.156472,0.9998628094114895
1210.276074,0.9998641692258351
1210.395676,0.9998662289481451
1210.515278,0.999867538773763
1210.63488,0.9998688985945404
1210.754482,0.9998704583912389
1210.874084,0.9998708483407936
1210.993686,0.9998722681584065
1211.113288,0.999872808089577
1211.23289,0.9998742679049425
1211.352492,0.9998747778409491
1211.472094,0.9998753377709815
1211.591696,0.999876107675288
1211.711298,0.9998763076505296
1211.8309,0.9998766876035986
1211.950502,0.9998769375728018
1212.070104,0.999877417513847
1212.189706,0.9998776074905744
1212.309308,0.9998773075273372
1212.42891,0.999877417513847
1212.548512,0.9998768075888084
1212.668114,0.9998769275740325
1212.787716,0.9998768675814186
1212.907318,0.9998765276233414
1213.02692,0.9998758477075338
1213.146522,0.9998750978009292
1213.266124,0.9998738579565767
1213.385726,0.9998730680565409
1213.505328,0.9998722581596837
1213.62493,0.9998711982956519
1213.744532,0.999870048444435
1213.864134,0.9998684586523219
1213.983736,0.9998663589307634
1214.103338,0.9998649491201912
1214.22294,0.9998624994540667
1214.342542,0.9998601897743606
1214.462144,0.9998581300644912
1214.581746,0.9998561603459152
1214.701348,0.9998532607672546
1214.82095,0.9998500212479376
1214.940552,0.9998470816931964
1215.060154,0.9998440221658075
1215.179756,0.9998377831585749
1215.299358,0.9998336538370575
1215.41896,0.9998305943507577
1215.538562,0.9998268249965223
1215.658164,0.9998223157877099
1215.777766,0.999817186712386
1215.897368,0.9998123276126661
1216.01697,0.9998085583272961
1216.136572,0.9998022295591525
1216.256174,0.9997975205017411
1216.375776,0.9997912117992908
1216.495378,0.999786192860005
1216.61498,0.9997789944253308
1216.734582,0.9997736456220188
1216.854184,0.9997665872449968
1216.973786,0.9997601887593135
1217.093388,0.9997540202579788
1217.21299,0.999745402415467
1217.332592,0.9997382942509254
1217.452194,0.999730876220303
1217.571796,0.9997234982336614
1217.691398,0.9997160303270222
1217.811,0.9997069129584009
1217.930602,0.9996994051876763
1218.050204,0.9996911477046929
1218.169806,0.9996824804200151
1218.289408,0.9996731234357891
1218.40901,0.9996640164551169
1218.528612,0.9996566189687659
1218.648214,0.9996470323077581
1218.767816,0.9996381554815243
1218.887418,0.9996300784378593
1219.00702,0.9996191325484293
1219.126622,0.9996081268023667
1219.246224,0.99959760098421
1219.365826,0.9995876850251915
1219.485428,0.9995773293504171
1219.60503,0.9995670637439587
1219.724632,0.9995552789177488
1219.844234,0.9995412652509744
1219.963836,0.9995316297196207
1220.083438,0.9995211246973964
1220.20304,0.9995102099863091
1220.322642,0.9995072714306114
1220.442244,0.9994966367298201
1220.561846,0.9994828937455483
1220.681448,0.9994717695628471
1220.80105,0.9994570874303927
1220.920652,0.9994437147840262
1221.040254,0.999432870878549
1221.159856,0.9994172498648557
1221.279458,0.9994012693107952
1221.39906,0.9993892465858423
1221.518662,0.9993713776658619
1221.638264,0.9993549981032129
1221.757866,0.9993401477982791
1221.877468,0.9993233690180559
1221.99707,0.9993079795566722
1222.116672,0.9992900321465275
1222.236274,0.9992725846948829
1222.355876,0.9992561368035053
1222.475478,0.9992373909342157
1222.59508,0.9992155678279069
1222.714682,0.9991967128080397
1222.834284,0.9991728123085204
1222.953886,0.9991537982308217
1223.073488,0.9991306880707387
1223.19309,0.9991120444660446
1223.312692,0.9990862876895445
1223.432294,0.9990608213046418
1223.551896,0.9990376933143361
1223.671498,0.9990138565593473
1223.7911,0.998980719819301
1223.910702,0.9989599412364268
1224.030304,0.9989319707496609
1224.149906,0.9989055992937378
1224.269508,0.9988790287581863
1224.38911,0.9988264891030787
1224.508712,0.9987755502510862
1224.628314,0.9987314053473746
1224.747916,0.9986983478849617
1224.867518,0.9986816697618147
1224.98712,0.9986536072011752
1225.106722,0.9986376288712869
1225.226324,0.9986106660193076
1225.345926,0.9985673272568603
1225.465528,0.9985380696627976
1225.58513,0.9985040200951705
1225.704732,0.9984910396272825
1225.824334,0.9984531975339928
1225.943936,0.9984255407634691
1226.063538,0.9983959878048485
1226.18314,0.9983631411171806
1226.302742,0.9983364851771712
1226.422344,0.9982985491115243
1226.541946,0.9982693992194808
1226.661548,0.9982334621679796
1226.78115,0.998222681304805
1226.900752,0.9981897404998482
1227.020354,0.998172571783963
1227.139956,0.9981241615881882
1227.259558,0.9981068941895561
1227.37916,0.9980774504704746
1227.498762,0.9980514009889645
1227.618364,0.9980285458735739
1227.737966,0.9980009008657383
1227.857568,0.9979617799971984
1227.97717,0.997943916641214
1228.096772,0.9979215629478435
1228.216374,0.9979212635714195
1228.335976,0.9978898295467056
1228.455578,0.9978696723757368
1228.57518,0.9978659802647795
1228.694782,0.9978640843212181
1228.814384,0.9978486175477789
1228.933986,0.9978524093797301
1229.053588,0.997833450364063
1229.17319,0.9978458235755613
1229.292792,0.9978636851756642
1229.412394,0.9978731649257021
1229.531996,0.9978758591868846
1229.651598,0.9979080910976789
1229.7712,0.9979196668986752
1229.890802,0.9979205650267795
1230.010404,0.9979216627400048
1230.130006,0.9979422201379977
1230.249608,0.9979567902007729
1230.36921,0.997992717291904
1230.488812,0.9980295439026188
1230.608414,0.9980286456764335
1230.728016,0.9980460115259507
1230.847618,0.9980536965098266
1230.96722,0.9980698651106754
1231.086822,0.9981046983568044
1231.206424,0.9981020034777569
1231.326026,0.9981135815281498
1231.445628,0.9981394330046865
1231.56523,0.9981367380318557
1231.684832,0.9981688785522799
1231.804434,0.9981722723322364
1231.924036,0.9981738694091498
1232.043638,0.998188842129486
1232.16324,0.9981993231673537
1232.282842,0.9982105030623805
1232.402444,0.998243644201222
1232.522046,0.9982604148353176
1232.641648,0.9982789826517137
1232.76125,0.9983057368869539
1232.880852,0.9983289976816105
1233.000454,0.9983760200847702
1233.120056,0.9983938911754755
1233.239658,0.9984224456490902
1233.35926,0.9984639808867561
1233.478862,0.9985169008801106
1233.598464,0.9985546455323333
1233.718066,0.9985921918928724
1233.837668,0.9986148601929127
1233.95727,0.9986469162444217
1234.076872,0.9986741796773794
1234.196474,0.998705338797865
1234.316076,0.9987468858041307
1234.435678,0.9987757500062162
1234.55528,0.9988179991140038
1234.674882,0.9988453671021192
1234.794484,0.9988770310021265
1234.914086,0.9989064983091818
1235.033688,0.9989362661663702
1235.15329,0.9990026676668118
1235.272892,0.9990362547010936
1235.392494,0.9990668856222323
1235.512096,0.9990966782409674
1235.631698,0.9991314474103501
1235.7513,0.9991610121472871
1235.870902,0.9991902780019293
1235.990504,0.9992246807154402
1236.110106,0.9992507508274432
1236.229708,0.9992813083826262
1236.34931,0.9993045719222718
1236.468912,0.9993294349293158
1236.588514,0.9993579961727043
1236.708116,0.9993796225137377
1236.827718,0.9994046372987478
1236.94732,0.9994242158273636
1237.066922,0.9994454338286939
1237.186524,0.9994655728570856
1237.306126,0.9994865818442308
1237.425728,0.9995039030967823
1237.54533,0.9995210547309201
1237.664932,0.9995414451684184
1237.784534,0.9995595470279022
1237.904136,0.9995756000831332
1238.023738,0.9995900740426136
1238.14334,0.9996040584055698
1238.262942,0.999618792677982
1238.382544,0.9996323775896838
1238.502146,0.9996385853260236
1238.621748,0.9996508509667151
1238.74135,0.999663386666985
1238.860952,0.9996745529693777
1238.980554,0.9996862092426212
1239.100156,0.99969570630672
1239.219758,0.9997051534757824
1239.33936,0.999714600734121
1239.458962,0.9997221885967364
1239.578564,0.9997304663307278
1239.698166,0.9997377843845254
1239.817768,0.9997447225888245
1239.93737,0.9997503411699538
1240.056972,0.9997562597094923
1240.176574,0.9997628081344395
1240.296176,0.9997673970562604
1240.415778,0.999770286388213
1240.53538,0.9997740555292974
1240.654982,0.9997786245071714
1240.774584,0.9997808940072248
1240.894186,0.9997839933328002
1241.013788,0.9997875225765258
1241.13339,0.9997876625467887
1241.252992,0.9997901220274638
1241.372594,0.9997919216513032
1241.492196,0.9997931114043977
1241.611798,0.9997924315453132
1241.7314,0.9997955808964327
1241.851002,0.9997935613113991
1241.970604,0.9997938312556971
1242.090206,0.9997926415017458
1242.209808,0.9997931613940546
1242.32941,0.9997920716201026
1242.449012,0.9997897021157007
1242.568614,0.9997884123878169
1242.688216,0.9997879224916149
1242.807818,0.9997870226828894
1242.92742,0.9997847931603149
1243.047022,0.9997825736405377
1243.166624,0.9997805140905573
1243.286226,0.9997774247735418
1243.405828,0.9997767849161947
1243.52543,0.9997735256491884
1243.645032,0.9997722159467277
1243.764634,0.9997701364226812
1243.884236,0.9997699764594722
1244.003838,0.9997691766438109
1244.12344,0.9997635579568268
1244.243042,0.9997628681202098
1244.362644,0.9997595189202114
1244.482246,0.9997580892651217
1244.601848,0.9997521007321026
1244.72145,0.9997491214752815
1244.841052,0.9997475618678685
1244.960654,0.9997441827268201
1245.080256,0.9997449025428908
1245.199858,0.9997379643373427
1245.31946,0.9997327557161171
1245.439062,0.9997289967280225
1245.558664,0.9997289467415739
1245.678266,0.9997274271547297
1245.797868,0.9997365747025382
1245.91747,0.9997304863253373
1246.037072,0.9997273671710859
1246.156674,0.9997295065899409
1246.276276,0.9997273671710859
1246.395878,0.9997260475318321
1246.51548,0.9997190894627555
1246.635082,0.9997141108740867
1246.754684,0.9997132311260561
1246.874286,0.9997134010773199
1246.993888,0.9997114016525172
1247.11349,0.999710192002453
1247.233092,0.999706473087456
1247.352694,0.9997063331285595
1247.472296,0.9997044336883311
1247.591898,0.9997025742398137
1247.7115,0.999699125271882
1247.831102,0.9997010646900663
1247.950704,0.999695526361509
1248.070306,0.9996973857969174
1248.189908,0.9996960262093972
1248.30951,0.9996932370613749
1248.429112,0.9996928371841601
1248.548714,0.9996943567184274
1248.668316,0.9996917875072322
1248.787918,0.9996889783772561
1248.90752,0.999690148014045
1249.027122,0.9996941467826346
1249.146724,0.9996914875997409
1249.266326,0.9996919674517701
1249.385928,0.999689618178407
1249.50553,0.9996922173747932
1249.625132,0.9996895681939273
1249.744734,0.9996939068560682
1249.864336,0.9996937469050559
1249.983938,0.9996951964620399
1250.10354,0.9996953364193771
1250.223142,0.9996980555943903
1250.342744,0.9996991952508232
1250.462346,0.9997034939666051
1250.581948,0.9997017944721098
1250.70155,0.9997062131638067
1250.821152,0.9997065130757157
1250.940754,0.9997074128119823
1251.060356,0.9997087024353767
1251.179958,0.999713411074454
1251.29956,0.9997150706000938
1251.419162,0.9997209489419911
1251.538764,0.9997213488304507
1251.658366,0.9997261774962268
1251.777968,0.999725957556492
1251.89757,0.9997286568202214
1252.017172,0.9997296765439714
1252.136774,0.9997352650484831
1252.256376,0.9997372645210126
1252.375978,0.9997402137502931
1252.49558,0.9997458822933754
1252.615182,0.9997512809357161
1252.734784,0.9997572194759623
1252.854386,0.9997598688361043
1252.973988,0.9997591290140752
1253.09359,0.9997641078269348
1253.213192,0.9997698964778773
1253.332794,0.9997753252431543
1253.452396,0.9997780546335178
1253.571998,0.9997792843612813
1253.6916,0.9997858729284745
1253.811202,0.9997941411918329
1253.930804,0.9997915817221075
1254.050406,0.999795880835152
1254.170008,0.9997994901047965
1254.28961,0.9998077084903827
1254.409212,0.9998094381592146
1254.528814,0.9998104279710484
1254.648416,0.9998148071503132
1254.768018,0.9998170167434787
1254.88762,0.999817846591947
1255.007222,0.999823405594628
1255.126824,0.9998250453063577
1255.246426,0.9998281247722396
1255.366028,0.9998355935162274
1255.48563,0.9998315141953277
1255.605232,0.9998393229099466
1255.724834,0.9998347236596394
1255.844436,0.9998418825018894
1255.964038,0.9998393429067332
1256.08364,0.9998408126716476
1256.203242,0.9998446720646331
1256.322844,0.9998438121985849
1256.442446,0.9998486014619156
1256.562048,0.9998463718020204
1256.68165,0.9998464917835922
1256.801252,0.9998470017054331
1256.920854,0.9998461118419975
1257.040456,0.9998474716336343
1257.160058,0.999846401797412
1257.27966,0.9998435822345345
1257.399262,0.9998472916611055
1257.518864,0.9998448620351388
1257.638466,0.9998442921237299
1257.758068,0.9998456219175227
1257.87767,0.9998447320553152
1257.997272,0.9998391729340593
1258.116874,0.9998431123081613
1258.236476,0.9998402027689378
1258.356078,0.9998383930598086
1258.47568,0.9998349736183516
1258.595282,0.9998336938304044
1258.714884,0.9998315041970126
1258.834486,0.999828624686427
1258.954088,0.9998241954554304
1259.07369,0.9998236355540377
1259.193292,0.999816366862629
1259.312894,0.9997974105240199
1259.432496,0.9998047590619931
1259.552098,0.9997908718703366
1259.6717,0.9997897021157007
1259.791302,0.999788502368778
1259.910904,0.999787342614788
1260.030506,0.999785812941324
1260.150108,0.999780764035717
1260.26971,0.9997814738803116
1260.389312,0.9997720059945844
1260.508914,0.9997748553488618
1260.628516,0.9997733656854372
1260.748118,0.9997680469052797
1260.86772,0.999765927399267
1260.987322,0.9997637779048337
1261.106924,0.9997625681913943
1261.226526,0.9997579193062609
1261.346128,0.9997411435091242
1261.46573,0.9997373944868655
1261.585332,0.9997351450802585
1261.704934,0.9997301864062365
1261.824536,0.9997269772774887
1261.944138,0.9997224685189885
1262.06374,0.9997182496990731
1262.183342,0.9997153105317395
1262.302944,0.9997103519560965
1262.422546,0.9997052834374608
1262.542148,0.9997005048576268
1262.66175,0.9996937369081185
1262.781352,0.9996875888105419
1262.900954,0.9996857493870708
1263.020556,0.9996787416145299
1263.140158,0.9996753627060935
1263.25976,0.9996670054549947
1263.379362,0.9996599078444525
1263.498964,0.9996524604058807
1263.618566,0.9996438634316883
1263.738168,0.9996369259273493
1263.85777,0.999627489399309
1263.977372,0.9996207119479065
1264.096974,0.9996107657713049
1264.216576,0.9996010196138512
1264.336178,0.9995946621715831
1264.45578,0.9995822772704435
1264.575382,0.9995738708188409
1264.694984,0.9995787687428077
1264.814586,0.999567103726642
1264.934188,0.9995553588821743
1265.05379,0.9995448236242126
1265.173392,0.9995323393873298
1265.292994,0.9995213545872814
1265.412596,0.9995120790721493
1265.532198,0.9994957271882945
1265.6518,0.9994847627803072
1265.771402,0.9994741483084894
1265.891004,0.9994608154122815
1266.010606,0.999446393296771
1266.130208,0.9994356593001487
1266.24981,0.9994212275534258
1266.369412,0.9994025185631626
1266.489014,0.9993921048431749
1266.608616,0.9993762945851357
1266.728218,0.9993650816460151
1266.84782,0.9993430858626325
1266.967422,0.9993317933495651
1267.087024,0.999314734901447
1267.206626,0.9992995554259122
1267.326228,0.99928326697591
1267.44583,0.9992672386008556
1267.565432,0.9992559769225362
1267.685034,0.9992381903244483
1267.804636,0.9992223225479764
1267.924238,0.9992071045078896
1268.04384,0.9991891988770117
1268.163442,0.9991756399715804
1268.283044,0.9991576749550797
1268.402646,0.999141069092517
1268.522248,0.9991308679142787
1268.64185,0.9991142125415334
1268.761452,0.9991011442131005
1268.881054,0.9990849888782148
1269.000656,0.9990740789297047
1269.120258,0.9990564254466989
1269.23986,0.9990473640460137
1269.359462,0.9990345163795227
1269.479064,0.9990234671188741
1269.598666,0.9990118085830405
1269.718268,0.9990015188144045
1269.83787,0.9989831173759057
1269.957472,0.9989711296504237
1270.077074,0.9989632378096722
1270.196676,0.9989517497984937
1270.316278,0.9989395626614878
1270.43588,0.9989333692553989
1270.555482,0.9989260770684198
1270.675084,0.9989192843941909
1270.794686,0.9989153886165785
1270.914288,0.9989130911138269
1271.03389,0.9989114928541597
1271.153492,0.9989093951422272
1271.273094,0.9989117925276525
1271.392696,0.9989174863410972
1271.512298,0.9989249782503394
1271.6319,0.9989286742795965
1271.751502,0.998941560542611
1271.871104,0.9989529485413127
1271.990706,0.9989676332575886
1272.110308,0.9989841163595226
1272.22991,0.9989997006332948
1272.349512,0.9990217188293364
1272.469114,0.9990407004223187
1272.588716,0.9990599521221054
1272.708318,0.9990780652432323
1272.82792,0.9991041914762374
1272.947522,0.9991229448379112
1273.067124,0.9991471738630993
1273.186726,0.9991677465152038
1273.306328,0.9991910174030085
1273.42593,0.9992118907213832
1273.545532,0.9992318751590413
1273.665134,0.9992502412096902
1273.784736,0.9992680480076467
1273.904338,0.9992915910401936
1274.02394,0.9993065405542176
1274.143542,0.9993261071678382
1274.263144,0.9993382390604196
1274.382746,0.9993559774715909
1274.502348,0.9993715575527261
1274.62195,0.9993895763843481
1274.741552,0.999408175197426
1274.861154,0.9994216273219968
1274.980756,0.9994400068547225
1275.100358,0.9994557981315816
1275.21996,0.9994739284242009
1275.339562,0.9994888206966815
1275.459164,0.9995060520324841
1275.578766,0.9995167767899606
1275.698368,0.9995256425430903
1275.81797,0.9995413252234521
1275.937572,0.9995576578621436
1276.057174,0.999574030750673
1276.176776,0.9995887545845866
1276.296378,0.9996054978364503
1276.41598,0.9996201921452714
1276.535582,0.999636396119919
1276.655184,0.999650241179882
1276.774786,0.999665575932199
1276.894388,0.9996799312329402
1277.01399,0.999693307039904
1277.133592,0.9997063931109413
1277.253194,0.9997185296202221
1277.372796,0.999731915940955
1277.492398,0.9997424831631542
1277.612,0.9997542701965151
1277.731602,0.9997653675305043
1277.851204,0.9997742954750996
1277.970806,0.9997792043789417
1278.090408,0.9997881524428635
1278.21001,0.999796110788231
1278.329612,0.9998043891343007
1278.449214,0.99981040797484
1278.568816,0.9998160769159247
1278.688418,0.9998220958268246
1278.80802,0.9998271349428861
1278.927622,0.9998323840491234
1279.047224,0.9998368533098689
1279.166826,0.9998409526493711
1279.286428,0.9998448320397935
1279.40603,0.999848191524073
1279.525632,0.9998516010122193
1279.645234,0.9998547305526282
1279.764836,0.9998573001825877
1279.884438,0.9998599498079439
1280.00404,0.9998627494197229
1280.123642,0.9998655790353076
1280.243244,0.9998672488122188
1280.362846,0.9998700984379386
1280.482448,0.999871708230093
1280.60205,0.9998736979767722
1280.721652,0.9998752877772159
1280.841254,0.9998772275371557
1280.960856,0.9998790373165755
1281.080458,0.9998802771673504
1281.20006,0.9998826368875889
1281.319662,0.9998839367358618
1281.439264,0.9998851665938604
1281.558866,0.999886296464737
1281.678468,0.9998869963853895
1281.79807,0.9998882262471515
1281.917672,0.999888996161382
1282.037274,0.9998897660762055
1282.156876,0.9998910059402841
1282.276478,0.999890815961011
1282.39608,0.9998914758891674
1282.515682,0.9998913559021975
1282.635284,0.9998918558480004
1282.754886,0.9998925757703958
1282.874488,0.9998921458166806
1282.99409,0.9998924857800681
1283.113692,0.9998921758134455
1283.233294,0.9998921358177593
1283.352896,0.9998923057994368
1283.472498,0.9998917458599024
1283.5921,0.9998917458599024
1283.711702,0.9998921358177593
1283.831304,0.9998925657714701
1283.950906,0.9998938556337119
1284.070508,0.9998940756103843
1284.19011,0.9998947655375345
1284.309712,0.9998952354881848
1284.429314,0.9998957654328
1284.548916,0.9998968553197783
1284.668518,0.9998974152621741
1284.78812,0.999897645238606
1284.907722,0.9998978852140697
1285.027324,0.9998987451266208
1285.146926,0.9999002559747661
1285.266528,0.999901524848996
1285.38613,0.9999015208493899
1285.505732,0.9999018618158667
1285.625334,0.9999019208100782
1285.744936,0.9999022537774733
1285.864538,0.9999025287506309
1285.98414,0.9999025877448818
1286.103742,0.9999032356819687
1286.223344,0.9999034896574228
1286.342946,0.9999034036657264
1286.462548,0.9999034566606082
1286.58215,0.9999038366239938
1286.701752,0.9999040156067966
1286.821354,0.9999044685634183
1286.940956,0.9999047265388045
1287.060558,0.9999048785243345
1287.18016,0.9999046815430928
1287.299762,0.9999051245009648
1287.419364,0.9999056414520479
1287.538966,0.9999052254913875
1287.658568,0.9999050215107423
1287.77817,0.9999055594597887
1287.897772,0.999905649451293
1288.017374,0.999905813435833
1288.136976,0.9999061554036797
1288.256578,0.9999059054271721
1288.37618,0.9999065933626716
1288.495782,0.9999067643467137
1288.615384,0.9999064713740746
1288.734986,0.9999070863167436
1288.854588,0.9999073012967903
1288.97419,0.999906990325668
1289.093792,0.999907010323808
1289.213394,0.9999071423115421
1289.332996,0.9999071473110778
1289.452598,0.9999069593285518
1289.5722,0.9999069073333913
1289.691802,0.9999066423580959
1289.811404,0.99990681534196
1289.931006,0.9999070863167436
1290.050608,0.9999070443206469
1290.17021,0.9999066453578158
1290.289812,0.9999062973903637
1290.409414,0.9999063693836198
1290.529016,0.9999063513853053
1290.648618,0.9999061714021783
1290.76822,0.9999062043990824
1290.887822,0.9999064003807178
1291.007424,0.9999060884099694
1291.127026,0.9999061034085609
1291.246628,0.9999060664120357
1291.36623,0.9999059944188016
1291.485832,0.9999058314341378
1291.605434,0.9999055014652678
1291.725036,0.999906262393644
1291.844638,0.9999062193976757
1291.96424,0.9999057344432768
1292.083842,0.999906026415794
1292.203444,0.9999060934094999
1292.323046,0.9999059394239734
1292.442648,0.9999059264251963
1292.56225,0.9999059024274544
1292.681852,0.9999057484419572
1292.801454,0.9999062413956127
1292.921056,0.9999061124077159
1293.040658,0.9999055664591275
1293.16026,0.9999058904285836
1293.279862,0.999906029415512
1293.399464,0.9999061324058384
1293.519066,0.9999058614313132
1293.638668,0.9999062993901764
1293.75827,0.9999063113890521
1293.877872,0.9999063283874595
1293.997474,0.9999065313684647
1294.117076,0.9999069153326465
1294.236678,0.9999066263595897
1294.35628,0.9999065663651939
1294.475882,0.9999070723180445
1294.595484,0.999907374290026
1294.715086,0.9999075582729998
1294.834688,0.9999076102681942
1294.95429,0.999908160217531
1295.073892,0.9999079312385886
1295.193494,0.9999084231934118
1295.313096,0.9999089141485681
1295.432698,0.9999091731250104
1295.5523,0.9999093081127579
1295.671902,0.9999098460641104
1295.791504,0.9999101060407041
1295.911106,0.999910411013333
1296.030708,0.9999108759717822
1296.15031,0.9999113569290292
1296.269912,0.9999118068892411
1296.389514,0.9999121628579076
1296.509116,0.9999128977936175
1296.628718,0.9999130377814329
1296.74832,0.9999137097232201
1296.867922,0.9999147166368328
1296.987524,0.9999148986213278
1297.107126,0.9999152765892309
1297.226728,0.9999162865041703
1297.34633,0.9999166364749318
1297.465932,0.9999170594397585
1297.585534,0.9999175883960228
1297.705136,0.9999186103123203
1297.824738,0.9999185023211162
1297.94434,0.9999198242142501
1298.063942,0.9999200401969555
1298.183544,0.9999208101356829
1298.303146,0.9999213560925942
1298.422748,0.9999216210717887
1298.54235,0.9999224340083971
1298.661952,0.9999227339851723
1298.781554,0.9999234549297233
1298.901156,0.9999240278860272
1299.020758,0.999924774829555
1299.14036,0.9999255767695461
1299.259962,0.9999261047303899
1299.379564,0.9999261487271395
1299.499166,0.999927107656776
1299.618768,0.9999278726013059
1299.73837,0.9999283245688064
1299.857972,0.9999292485030052
1299.977574,0.9999293394965709
1300.097176,0.9999304684174325
1300.216778,0.9999310013805143
1300.33638,0.9999315693414843
1300.455982,0.9999325482749699
1300.575584,0.9999328852522954
1300.695186,0.9999337841923633
1300.814788,0.9999341131706325
1300.93439,0.9999348101249522
1301.053992,0.9999352000996042
1301.173594,0.9999359960483403
1301.293196,0.9999363960228187
1301.412798,0.9999367639994802
1301.5324,0.9999372929661683
1301.652002,0.999937645944095
1301.771604,0.9999380509189236
1301.891206,0.9999386348829158
1302.010808,0.9999390808556464
1302.13041,0.9999388238713357
1302.250012,0.9999392908428755
1302.369614,0.9999397788133685
1302.489216,0.9999399588025448
1302.608818,0.9999404107755083
1302.72842,0.9999403787774157
1302.848022,0.9999405287684838
1302.967624,0.9999404427736021
1303.087226,0.999940908745957
1303.206828,0.999940837750155
1303.32643,0.999941185729627
1303.446032,0.9999411167336876
1303.565634,0.9999411167336876
1303.685236,0.9999410527374581
1303.804838,0.9999414117163605
1303.92444,0.9999419106872495
1304.044042,0.9999413937174153
1304.163644,0.9999414747126715
1304.283246,0.9999412347267463
1304.402848,0.9999408157514568
1304.52245,0.9999409027463115
1304.642052,0.999940897746607
1304.761654,0.9999404827712205
1304.881256,0.9999398068116827
1305.000858,0.999939826810479
1305.12046,0.9999398978062092
1305.240062,0.9999393768376582
1305.359664,0.999939074856012
1305.479266,0.9999384658933008
1305.598868,0.9999379359260543
1305.71847,0.9999378779296557
1305.838072,0.9999371109775975
1305.957674,0.9999369489877986
1306.077276,0.9999370219831986
1306.196878,0.9999360500448855
1306.31648,0.9999357690628949
1306.436082,0.9999350621085562
1306.555684,0.999934913118243
1306.675286,0.999934431149731
1306.794888,0.9999341321693808
1306.91449,0.999933533209015
1307.034092,0.9999325092776012
1307.153694,0.999932238295928
1307.273296,0.9999321093046776
1307.392898,0.9999314173518974
1307.5125,0.9999323412889538
1307.632102,0.9999312933604093
1307.751704,0.9999302794305919
1307.871306,0.9999299454539343
1307.990908,0.9999290305184528
1308.11051,0.9999281755794972
1308.230112,0.9999273456394558
1308.349714,0.9999268296770787
1308.469316,0.9999255567710347
1308.588918,0.9999216290711617
1308.70852,0.9999201521880062
1308.828122,0.9999209611237366
1308.947724,0.9999193332537369
1309.067326,0.9999178853715907
1309.186928,0.999918167348474
1309.30653,0.9999164744884498
1309.426132,0.9999165144851095
1309.545734,0.9999145496510891
1309.665336,0.9999139437030555
1309.784938,0.999911191943669
1309.90454,0.9999118058893293
1310.024142,0.9999098990593336
1310.143744,0.9999083302019327
1310.263346,0.9999077572546237
1310.382948,0.9999064823730459
1310.50255,0.9999055084646064
1310.622152,0.9999040985988334
1310.741754,0.9999013028708822
1310.861356,0.9999005509453851
1310.980958,0.9999001249878411
1311.10056,0.9998977752253084
1311.220162,0.99989706529814
1311.339764,0.9998951454976176
1311.459366,0.9998932257007813
1311.578968,0.9998915658794043
1311.69857,0.9998894861071103
1311.818172,0.999888546211435
1311.937774,0.9998858165194299
1312.057376,0.9998851265984545
1312.176978,0.999882116948753
1312.29658,0.999879827221327
1312.416182,0.9998792572899878
1312.535784,0.9998753777659958
1312.655386,0.9998743978886058
1312.774988,0.9998708983343374
1312.89459,0.999868648627347
1313.014192,0.9998656890205273
1313.133794,0.9998640192462209
1313.253396,0.9998604997310675
1313.372998,0.9998579100957268
1313.4926,0.9998556504194034
1313.612202,0.9998519409618214
1313.731804,0.9998500612419393
1313.851406,0.9998459718635516
1313.971008,0.9998420024829225
1314.09061,0.9998408526652809
1314.210212,0.9998378531472222
1314.329814,0.9998343737175474
1314.449416,0.9998305543575348
1314.569018,0.9998275448720955
1314.68862,0.999823025661806
1314.808222,0.9998204161271145
1314.927824,0.9998166068185858
1315.047426,0.9998129774908903
1315.167028,0.9998089182584419
1315.28663,0.9998055489080647
1315.406232,0.999802619482098
1315.525834,0.9997988102413744
1315.645436,0.9997931913878498
1315.765038,0.999789172227299
1315.88464,0.999783883356567
1316.004242,0.9997806540598391
1316.123844,0.9997768349050352
1316.243446,0.999770286388213
1316.363048,0.9997649676244373
1316.48265,0.9997615484340948
1316.602252,0.999755869804627
1316.721854,0.9997522406974065
1316.841456,0.9997457823187922
1316.961058,0.9997414434315123
1317.08066,0.9997352250590733
1317.200262,0.9997300264494194
1317.319864,0.9997234482474877
1317.439466,0.9997177198485411
1317.559068,0.9997105518981869
1317.67867,0.9997043437149361
1317.798272,0.9996977956729296
1317.917874,0.9996914975966558
1318.037476,0.9996852395474686
1318.157078,0.9996782117849372
1318.27668,0.9996706142593982
1318.396282,0.9996646762335855
1318.515884,0.999657038824634
1318.635486,0.9996501212218603
1318.755088,0.9996433836027491
1318.87469,0.9996352065533154
1318.994292,0.999629028826828
1319.113894,0.999622461285683
1319.233496,0.9996156538799009
1319.353098,0.9996070572222432
1319.4727,0.9996000899853352
1319.592302,0.9995935126383826
1319.711904,0.9995852560300681
1319.831506,0.999578568827074
1319.951108,0.9995725713736534
1320.07071,0.9995648247162435
1320.190312,0.999556938180889
1320.309914,0.9995487118611391
1320.429516,0.9995443138564826
1320.549118,0.9995362375710548
1320.66872,0.9995299405125939
1320.788322,0.9995255725762978
1320.907924,0.9995175364229997
1321.027526,0.9995138781955109
1321.147128,0.9995097202264261
1321.26673,0.9995037631662457
1321.386332,0.9995011544648282
1321.505934,0.999495407349713
1321.625536,0.9994914393608223
1321.745138,0.9994876912749523
1321.86474,0.9994839731876565
1321.984342,0.9994818242994241
1322.103944,0.9994791556865159
1322.223546,0.9994792056604749
1322.343148,0.9994773266413345
1322.46275,0.9994750178513766
1322.582352,0.9994708400545336
1322.701954,0.999471519694936
1322.821556,0.9994679315986209
1322.941158,0.9994663824245275
1323.06076,0.9994662025205948
1323.180362,0.9994680615294604
1323.299964,0.9994718795047478
1323.419566,0.9994673019340223
1323.539168,0.9994658627021438
1323.65877,0.999466932131189
1323.778372,0.9994712798218
1323.897974,0.9994698805629877
1324.017576,0.9994747779774011
1324.137178,0.9994754876047455
1324.25678,0.9994773666204284
1324.376382,0.9994778363749011
1324.495984,0.9994811646416378
1324.615586,0.999484303017422
1324.735188,0.9994874613928098
1324.85479,0.999489680257437
1324.974392,0.9994919890812651
1325.093994,0.9994965167902309
1325.213596,0.9994970265335844
1325.333198,0.999502903593379
1325.4528,0.9995058421362352
1325.572402,0.9995060020571828
1325.692004,0.9995101700059015
1325.811606,0.9995129486480364
1325.931208,0.999513638312209
1326.05081,0.9995162570413718
1326.170412,0.9995207948554796
1326.290014,0.9995233036558232
1326.409616,0.9995275116577895
1326.529218,0.9995290809172147
1326.64882,0.9995303703105607
1326.768422,0.9995305902072663
1326.888024,0.9995334688595114
1327.007626,0.9995365474273364
1327.127228,0.9995385265116596
1327.24683,0.9995372770892824
1327.366432,0.9995385664932015
1327.486034,0.9995395360460813
1327.605636,0.9995410253610996
1327.725238,0.9995395660322678
1327.84484,0.9995400757975764
1327.964442,0.9995402857010144
1328.084044,0.9995374370152595
1328.203646,0.9995392061980888
1328.323248,0.9995378168395578
1328.44285,0.9995379567748619
1328.562452,0.9995349881515387
1328.682054,0.9995314398086291
1328.801656,0.9995249728611342
1328.921258,0.9995229338322693
1329.04086,0.9995197253688013
1329.160462,0.9995163370026756
1329.280064,0.9995121690282405
1329.399666,0.9995071414946746
1329.519268,0.9995042429281672
1329.63887,0.9994996652092175
1329.758472,0.9994930085636139
1329.878074,0.9994882010138049
1329.997676,0.9994846328472964
1330.117278,0.9994789358011258
1330.23688,0.9994740983347832
1330.356482,0.9994696007114603
1330.476084,0.9994637138528489
1330.595686,0.9994604755956621
1330.715288,0.9994566776530709
1330.83489,0.999447802517179
1330.954492,0.9994417558762648
1331.074094,0.9994396170731958
1331.193696,0.9994356393114356
1331.313298,0.999429652709886
1331.4329,0.9994262746433689
1331.552502,0.9994249753900563
1331.672104,0.9994210976286746
1331.791706,0.9994179294688167
1331.911308,0.9994146313950912
1332.03091,0.9994151111142294
1332.150512,0.9994123527323294
1332.270114,0.9994106437386674
1332.389716,0.9994115432086516
1332.509318,0.9994105537917135
1332.62892,0.9994117930615686
1332.748522,0.9994124126970724
1332.868124,0.9994149711961238
1332.987726,0.9994173897832805
1333.107328,0.9994183792069862
1333.22693,0.9994209477155213
1333.346532,0.9994257449475836
1333.466134,0.9994282135322223
1333.585736,0.999430832037572
1333.705338,0.9994372384097377
1333.82494,0.999443944656107
1333.944542,0.9994482622632739
1334.064144,0.9994516004260446
1334.183746,0.9994587465305349
1334.303348,0.9994649132100252
1334.42295,0.9994720494149818
1334.542552,0.9994812945741977
1334.662154,0.9994876113159402
1334.781756,0.9994929785788241
1334.901358,0.9995023338768863
1335.02096,0.999509500334312
1335.140562,0.9995198353159771
1335.260164,0.9995298305643064
1335.379766,0.9995397559448034
1335.499368,0.9995427645639967
1335.61897,0.9995526400952957
1335.738572,0.9995617260700899
1335.858174,0.9995721915361484
1335.977776,0.999583696678285
1336.097378,0.9995938525002347
1336.21698,0.9996052579311596
1336.336582,0.9996144843302701
1336.456184,0.9996256300939079
1336.575786,0.999637925564775
1336.695388,0.9996487916880832
1336.81499,0.9996597978818687
1336.934592,0.9996713840060676
1337.054194,0.9996827503343212
1337.173796,0.9996954163950073
1337.293398,0.9997043937001545
1337.413,0.9997164302135143
1337.532602,0.9997258975729363
1337.652204,0.9997367346604029
1337.771806,0.9997481317241411
1337.891408,0.9997594189442646
1338.01101,0.9997694865723038
1338.130612,0.9997797242642632
1338.250214,0.9997880224704121
1338.369816,0.9997929114457955
1338.489418,0.9998021995650861
1338.60902,0.9998111478348156
1338.728622,0.99982006619003
1338.848224,0.9998280447859929
1338.967826,0.9998364133817502
1339.087428,0.9998440421626881
1339.20703,0.9998510910880328
1339.326632,0.9998581900559809
1339.446234,0.9998647591458689
1339.565836,0.9998706883614707
1339.685438,0.9998763076505296
1339.80504,0.9998817669900733
1339.924642,0.9998867264159369
1340.044244,0.9998916658685658
1340.163846,0.9998964353631873
1340.283448,0.9999000839919369
1340.40305,0.9999041585930811
1340.522652,0.9999077382563765
1340.642254,0.9999110449567346
1340.761856,0.9999146026465616
1340.881458,0.9999177163854823
1341.00106,0.9999204151670409
1341.120662,0.9999226859888822
1341.240264,0.9999254507789312
1341.359866,0.9999277726085236
1341.479468,0.9999295014851372
1341.59907,0.9999314193517602
1341.718672,0.9999331462348126
1341.838274,0.9999344131509115
1341.957876,0.9999360330459729
1342.077478,0.9999374439567109
1342.19708,0.9999389358644902
1342.316682,0.9999397038178879
1342.436284,0.9999411417322158
1342.555886,0.999942207670041
1342.675488,0.9999433166065642
1342.79509,0.9999438225780105
1342.914692,0.9999448615201818
1343.034294,0.9999457504715589
1343.153896,0.9999466994205264
1343.273498,0.999947534376369
1343.3931,0.9999478313608308
1343.512702,0.9999483603333735
1343.632304,0.9999490812964011
1343.751906,0.9999497882606516
1343.871508,0.9999504362283244
1343.99111,0.9999506792163099
1344.110712,0.9999515981714063
1344.230314,0.9999514481786779
1344.349916,0.9999520311505421
1344.469518,0.9999523011376269
1344.58912,0.9999526961188638
1344.708722,0.9999531710965074
1344.828324,0.9999534470836207
1344.947926,0.9999538120666954
1345.067528,0.999954398039801
1345.18713,0.9999547080257124
1345.306732,0.9999551290067331
1345.426334,0.999955136006419
1345.545936,0.9999559729692181
1345.665538,0.9999557359796807
1345.78514,0.9999563399531276
1345.904742,0.9999566229408119
1346.024344,0.9999566399400746
1346.143946,0.9999570319231542
1346.263548,0.9999576398972145
1346.38315,0.9999581378762431
1346.502752,0.9999579508840889
1346.622354,0.9999586008569682
1346.741956,0.9999588068484612
1346.861558,0.9999596168154228
1346.98116,0.999959408823844
1347.100762,0.9999600817967527
1347.220364,0.9999603437863285
1347.339966,0.9999607057720384
1347.459568,0.9999609767614264
1347.57917,0.9999613737460129
1347.698772,0.9999611457548457
1347.818374,0.9999616797342401
1347.937976,0.9999624097065328
1348.057578,0.9999623577084888
1348.17718,0.9999625377017294
1348.296782,0.9999628146913907
1348.416384,0.9999636826594905
1348.535986,0.9999637796559725
1348.655588,0.9999644446321071
1348.77519,0.9999645216293723
1348.894792,0.9999650466108839
1349.014394,0.9999651846060699
1349.133996,0.9999658965815348
1349.253598,0.9999664155639698
1349.3732,0.9999669815451212
1349.492802,0.9999669975445931
1349.612404,0.9999670735420877
1349.732006,0.9999677555198644
1349.851608,0.9999681725065054
1349.97121,0.9999687944869021
1350.090812,0.9999694294672883
1350.210414,0.9999696614602228
1350.330016,0.9999697994560456
1350.449618,0.9999703294401797
1350.56922,0.9999702964411594
1350.688822,0.999970952421889
1350.808424,0.9999713404106939
1350.928026,0.9999715574044983
1351.047628,0.9999724453796355
1351.16723,0.9999724743788369
1351.286832,0.9999731873594653
1351.406434,0.9999735113508305
1351.526036,0.9999739243399759
1351.645638,0.9999740633363611
1351.76524,0.9999749243144003
1351.884842,0.9999749633134231
1352.004444,0.9999754343017417
1352.124046,0.9999757882931081
1352.243648,0.9999758982904509
1352.36325,0.9999762382823141
1352.482852,0.9999763962785723
1352.602454,0.9999766692721657
1352.722056,0.9999773602562829
1352.841658,0.9999775752514384
1352.96126,0.9999778122461519
1353.080862,0.9999779002442032
1353.200464,0.9999786202285506
1353.320066,0.9999785802294066
1353.439668,0.9999791542172763
1353.55927,0.9999794312115404
1353.678872,0.9999795932082214
1353.798474,0.9999800451990997
1353.918076,0.9999799782004389
1354.037678,0.9999798102038167
1354.15728,0.9999803381932959
1354.276882,0.9999800401991995
1354.396484,0.9999806911864175
1354.516086,0.9999811331779808
1354.635688,0.9999814801714941
1354.75529,0.9999813841732766
1354.874892,0.9999821091600429
1354.994494,0.9999815661699052
1355.114096,0.9999818501647103
1355.233698,0.9999819581627559
1355.3533,0.9999821441594174
1355.472902,0.9999823401559369
1355.592504,0.9999823721553723
1355.712106,0.9999825471523027
1355.831708,0.9999826571503889
1355.95131,0.9999833031393941
1356.070912,0.9999831691416405
1356.190514,0.9999830581435148
1356.310116,0.9999830181441933
1356.429718,0.9999830151442443
1356.54932,0.999983360138444
1356.668922,0.9999834951362068
1356.788524,0.9999832691399624
1356.908126,0.9999833721382444
1357.027728,0.9999832131409009
1357.14733,0.9999835291356461
1357.266932,0.9999837491320468
1357.386534,0.9999836951329258
1357.506136,0.9999838321307014
1357.625738,0.999983797131268
1357.74534,0.9999836631334481
1357.864942,0.9999838011312031
1357.984544,0.9999839361290254
1358.104146,0.9999835221357615
1358.223748,0.9999837611318518
1358.34335,0.9999840631269933
1358.462952,0.9999837851314624
1358.582554,0.9999840471272484
1358.702156,0.9999841671253413
1358.821758,0.9999840981264362
1358.94136,0.9999841171261342
1359.060962,0.9999842301243458
1359.180564,0.9999839361290254
1359.300166,0.9999844431210095
1359.419768,0.9999841631254046
1359.53937,0.9999845321196289
1359.658972,0.9999849191137177
1359.778574,0.9999849511132356
1359.898176,0.9999849061139139
1360.017778,0.9999846221182408
1360.13738,0.9999847271166317
1360.256982,0.9999851161107661
1360.376584,0.9999848241151549
1360.496186,0.9999847981155499
1360.615788,0.9999848991140196
1360.73539,0.9999851431103647
1360.854992,0.9999849081138836
1360.974594,0.9999856661027313
1361.094196,0.9999872110817789
1361.213798,0.9999855691041264
1361.3334,0.9999857831010611
1361.453002,0.9999853871067693
1361.572604,0.999985274108427
1361.692206,0.9999855761040254
1361.811808,0.9999857711012318
1361.93141,0.9999855511043862
1362.051012,0.9999857061021588
1362.170614,0.9999861130964239
1362.290216,0.9999858091006918
1362.409818,0.9999861580958
1362.52942,0.99998603009758
1362.649022,0.9999865960898332
1362.768624,0.9999870130843307
1362.888226,0.9999866350893112
1363.007828,0.9999866630889374
1363.12743,0.999986973084851
1363.247032,0.9999887200636189
1363.366634,0.9999867750874499
1363.486236,0.9999869020857785
1363.605838,0.9999870870833725
1363.72544,0.999987308080543
1363.845042,0.9999874100792537
1363.964644,0.9999872540812299
1364.084246,0.9999875620773516
1364.203848,0.9999870290841231
1364.32345,0.9999873550799476
1364.443052,0.9999875050780622
1364.562654,0.999987541077613
1364.682256,0.9999875660773019
1364.801858,0.9999876570761745
1364.92146,0.9999875450775632
1365.041062,0.9999876820758663
1365.160664,0.9999872090818045
1365.280266,0.9999873190804035
1365.399868,0.9999876730759771
1365.51947,0.9999879380727457
1365.639072,0.999987754074982
1365.758674,0.9999875740772024
1365.878276,0.9999880090718918
1365.997878,0.9999876350764463
1366.11748,0.9999879720723361
1366.237082,0.9999875660773019
1366.356684,0.9999878230741394
1366.476286,0.9999879360727697
1366.595888,0.999987633076471
1366.71549,0.9999875100779997
1366.835092,0.9999875140779497
1366.954694,0.999987716075448
1367.074296,0.9999876150766938
1367.193898,0.9999877560749575
1367.3135,0.9999880350715803
1367.433102,0.9999876600761375
1367.552704,0.9999875310777376
1367.672306,0.9999877050755832
1367.791908,0.999987552077476
1367.91151,0.99998780907431
1368.031112,0.9999879150730233
1368.150714,0.9999874510787383
1368.270316,0.9999877130754848
1368.389918,0.9999874510787383
1368.50952,0.9999878300740541
1368.629122,0.9999886450644677
1368.748724,0.999987592076979
1368.868326,0.9999875320777252
1368.987928,0.9999875570774138
1369.10753,0.9999876560761869
1369.227132,0.9999876290765205
1369.346734,0.9999875870770409
1369.466336,0.9999875270777875
1369.585938,0.9999874910782373
1369.70554,0.9999879050731442
1369.825142,0.9999879150730233
1369.944744,0.9999876010768672
1370.064346,0.9999878440738839
1370.183948,0.9999878200741759
1370.30355,0.9999876490762732
1370.423152,0.9999881060707333
1370.542754,0.999988068071186
1370.662356,0.9999881180705907
1370.781958,0.9999881260704957
1370.90156,0.9999879820722158
1371.021162,0.9999881620700688
1371.140764,0.9999881660700215
1371.260366,0.9999883150682694
1371.379968,0.9999885810651965
1371.49957,0.9999883810675003
1371.619172,0.9999885740652765
1371.738774,0.999988524065849
1371.858376,0.9999883680676515
1371.977978,0.999988909061505
1372.09758,0.9999888750618826
1372.217182,0.9999888280624065
1372.336784,0.9999888540621165
1372.456386,0.9999889740607861
1372.575988,0.9999889850606649
1372.69559,0.9999888780618492
1372.815192,0.9999888930616825
1372.934794,0.9999888270624178
1373.054396,0.9999892220580824
1373.173998,0.9999891830585035
1373.2936,0.999989320057031
1373.413202,0.999989294057309
1373.532804,0.9999892280580178
1373.652406,0.999989413056042
1373.772008,0.9999912000387199
1373.89161,0.9999893180570524
1374.011212,0.9999893060571806
1374.130814,0.9999890090604008
1374.250416,0.9999890630598087
1374.370018,0.9999893160570738
1374.48962,0.9999892560577166
1374.609222,0.9999894170559998
1374.728824,0.9999893790564026
1374.848426,0.9999888010627086
1374.968028,0.9999893070571699
1375.08763,0.9999907940423751
1375.207232,0.9999889000616048
1375.326834,0.999988920061383
1375.446436,0.9999893300569243
1375.566038,0.9999893700564982
1375.68564,0.9999892380579101
1375.805242,0.9999893480567323
1375.924844,0.999989372056477
1376.044446,0.9999890470599839
1376.164048,0.9999886920639351
1376.28365,0.9999887750630001
1376.403252,0.9999888320623619
1376.522854,0.999989150058861
1376.642456,0.9999891630587201
1376.762058,0.9999888820618047
1376.88166,0.9999882280692898
1377.001262,0.9999885400656655
1377.120864,0.9999890610598307
1377.240466,0.9999885810651965
1377.360068,0.9999884170670826
1377.47967,0.9999885700653222
1377.599272,0.9999884120671406
1377.718874,0.9999884340668859
1377.838476,0.9999881180705907
1377.958078,0.9999884970661592
1378.07768,0.9999883950673377
1378.197282,0.9999883400679775
1378.316884,0.9999881450702702
1378.436486,0.9999881660700215
1378.556088,0.999987918072987
1378.67569,0.9999879090730959
1378.795292,0.9999878170742125
1378.914894,0.9999882860686087
1379.034496,0.9999878170742125
1379.154098,0.9999877960744685
1379.2737,0.9999876780759155
1379.393302,0.9999876200766319
1379.512904,0.9999876480762856
1379.632506,0.9999879040731563
1379.752108,0.9999879450726612
1379.87171,0.9999879390727335
1379.991312,0.9999877340752271
1380.110914,0.9999877680748106
1380.230516,0.999987617076669
1380.350118,0.9999875860770534
1380.46972,0.9999881490702228
1380.589322,0.9999878220741515
1380.708924,0.9999879210729509
1380.828526,0.9999879160730112
1380.948128,0.999988026071688
1381.06773,0.9999880560713292
1381.187332,0.9999884190670595
1381.306934,0.9999881710699623
1381.426536,0.9999881100706858
1381.546138,0.9999881180705907
1381.66574,0.9999883810675003
1381.785342,0.9999883860674422
1381.904944,0.9999882750687376
1382.024546,0.9999886320646154
1382.144148,0.999988314068281
1382.26375,0.999988731063495
1382.383352,0.9999884300669322
1382.502954,0.9999883830674771
1382.622556,0.9999885450656083
1382.742158,0.9999886950639013
1382.86176,0.9999885290657917
1382.981362,0.9999885960650253
1383.100964,0.9999889060615382
1383.220566,0.9999886460644564
1383.340168,0.9999886260646836
1383.45977,0.9999886970638787
1383.579372,0.9999888630620162
1383.698974,0.9999887400633936
1383.818576,0.9999885820651851
1383.938178,0.9999886720641615
1384.05778,0.9999890450600057
1384.177382,0.9999888630620162
1384.296984,0.9999887190636303
1384.416586,0.9999883860674422
1384.536188,0.9999884590665971
1384.65579,0.9999889210613719
1384.775392,0.999988978060742
1384.894994,0.9999892330579639
1385.014596,0.99998898006072
1385.134198,0.9999892100582118
1385.2538,0.9999886250646951
1385.373402,0.9999891700586442
1385.493004,0.999989206058255
1385.612606,0.9999893110571272
1385.732208,0.9999894210559575
1385.85181,0.9999886300646382
1385.971412,0.9999889700608302
1386.091014,0.9999890750596776
1386.210616,0.9999887690630674
1386.330218,0.9999887580631911
1386.44982,0.9999894400557566
1386.569422,0.999988597065014
1386.689024,0.999988814062563
1386.808626,0.9999886880639804
1386.928228,0.9999887390634048
1387.04783,0.9999884100671638
1387.167432,0.9999886630642636
1387.287034,0.9999886610642862
1387.406636,0.9999888180625184
1387.526238,0.9999919994320047
1387.64584,0.9999883770675468
1387.765442,0.9999883310680825
1387.885044,0.9999884240670016
1388.004646,0.999988051071389
1388.124248,0.9999882220693603
1388.24385,0.999988157070128
1388.363452,0.9999878400739325
1388.483054,0.9999878900733258
1388.602656,0.9999873660798086
1388.722258,0.9999876560761869
1388.84186,0.9999871060831272
1388.961462,0.9999878820734227
1389.081064,0.9999877560749575
1389.200666,0.999987762074884
1389.320268,0.9999878610736773
1389.43987,0.9999878210741637
1389.559472,0.9999875220778499
1389.679074,0.9999874020793544
1389.798676,0.9999876350764463
1389.918278,0.9999878750735075
1390.03788,0.9999877200753989
1390.157482,0.999987432078977
1390.277084,0.9999873980794048
1390.396686,0.999987418079153
1390.516288,0.9999875610773641
1390.63589,0.9999875290777626
1390.755492,0.9999877360752025
1390.875094,0.9999874450788137
1390.994696,0.9999876640760882
1391.114298,0.9999875750771899
1391.2339,0.9999875070780372
1391.353502,0.9999876820758663
1391.473104,0.9999877140754726
1391.592706,0.9999880000719997
1391.712308,0.9999881020707809
1391.83191,0.9999879340727938
1391.951512,0.9999878870733621
1392.071114,0.9999880330716042
1392.190716,0.9999883780675352
1392.310318,0.9999883040683979
1392.42992,0.9999883130682927
1392.549522,0.9999884220670248
1392.669124,0.9999888860617603
1392.788726,0.9999885340657343
1392.908328,0.999988580065208
1393.02793,0.9999889970605328
1393.147532,0.9999888580620718
1393.267134,0.9999889890606208
1393.386736,0.9999892330579639
1393.506338,0.9999898450515619
1393.62594,0.9999898540514705
1393.745542,0.9999896950530963
1393.865144,0.9999903936461413
1393.984746,0.9999902507475242
1394.104348,0.9999902355476725
1394.22395,0.9999901150488565
1394.343552,0.9999904580455248
1394.463154,0.9999935207209906
1394.582756,0.9999907615426749
1394.702358,0.9999912464383126
1394.82196,0.999990747142808
1394.941562,0.9999911093395222
1395.061164,0.9999913303375817
1395.180766,0.9999917936336724
1395.300368,0.9999917302341947
1395.41997,0.9999923537292329
1395.539572,0.9999918766329947
1395.659174,0.9999922994296495
1395.778776,0.9999939917180498
1395.898378,0.9999922633299282
1396.01798,0.9999928719254049
1396.137582,0.9999930340242625
1396.257184,0.9999928451255963
1396.376786,0.9999932323229008
1396.496388,0.9999931330235778
1396.61599,0.9999935396208683
1396.735592,0.9999934160216745
1396.855194,0.9999938447189438
1396.974796,0.9999938187191042
1397.094398,0.9999939742181551
1397.214,0.9999940928174474
1397.333602,0.9999940336177989
1397.453204,0.9999942345166205
1397.572806,0.9999944885151882
1397.692408,0.999995079012108
1397.81201,0.9999944523153884
1397.931612,0.9999947591137335
1398.051214,0.9999948103134665
1398.170816,0.9999950580122117
1398.290418,0.9999947917135632
1398.41002,0.9999948371133277
1398.529622,0.9999947961135403
1398.649224,0.9999951856115892
1398.768826,0.9999950391123053
1398.888428,0.999995253411265
1399.00803,0.9999958021088111
1399.127632,0.99999527771115
1399.247234,0.9999961825072866
1399.366836,0.9999952842111194
1399.486438,0.9999958168087496
1399.60604,0.9999956223095822
1399.725642,0.9999957062092183
1399.845244,0.9999956791093351
1399.964846,0.9999961478074197
1400.084448,0.9999960395078428
1400.20405,0.9999958821084786
1400.323652,0.9999956500094612
1400.443254,0.9999959070083763
1400.562856,0.999995665709393
1400.682458,0.9999963213067664
1400.80206,0.9999959485082073
1400.921662,0.9999960017079932
1401.041264,0.9999958682085359
1401.160866,0.9999967196053805
1401.280468,0.9999958943084284
1401.40007,0.9999961410074459
1401.519672,0.9999960269078928
1401.639274,0.9999962146071646
1401.758876,0.999996281406914
1401.878478,0.9999961476074205
1401.99808,0.9999961959072355
1402.117682,0.9999963451066791
1402.237284,0.9999963202067704
1402.356886,0.9999961996072215
1402.476488,0.9999962732069445
1402.59609,0.9999959053083832
1402.715692,0.9999962908068791
1402.835294,0.999996145907427
1402.954896,0.9999962595069957
1403.074498,0.9999961359074656
1403.1941,0.999996356106639
1403.313702,0.9999963179067789
1403.433304,0.9999959856080577
1403.552906,0.9999961020075971
1403.672508,0.9999959795080822
1403.79211,0.999996233307094
1403.911712,0.9999963493066638
1404.031314,0.9999957487090367
1404.150916,0.9999960021079916
1404.270518,0.9999961164075412
1404.39012,0.9999955911097191
1404.509722,0.999995819808737
1404.629324,0.9999955521098919
1404.748926,0.99999540001058
1404.868528,0.9999962344070898
1404.98813,0.9999978077024031
1405.107732,0.9999955855097439
1405.227334,0.9999955484099083
1405.346936,0.9999954965101407
1405.466538,0.9999953708107148
1405.58614,0.9999953187109573
1405.705742,0.9999951164119247
1405.825344,0.99999510511198
1405.944946,0.9999952317113683
1406.064548,0.999995090412052
1406.18415,0.9999947569137451
1406.303752,0.999994668214214
1406.423354,0.9999948533132442
1406.542956,0.999995006212469
1406.662558,0.9999949714126434
1406.78216,0.9999947937135527
1406.901762,0.9999944309155074
1407.021364,0.9999940854174912
1407.140966,0.9999947096139942
1407.260568,0.9999946670142205
1407.38017,0.9999945886146416
1407.499772,0.9999943953157063
1407.619374,0.9999941530170937
1407.738976,0.9999939466183217
1407.858578,0.9999941576170668
1407.97818,0.9999941326172131
1408.097782,0.9999941706169909
1408.217384,0.9999938937186434
1408.336986,0.9999938288190419
1408.456588,0.9999937512195237
1408.57619,0.9999939660182046
1408.695792,0.999993869118794
1408.815394,0.9999939881180714
1408.934996,0.9999939024185903
1409.054598,0.9999937547195018
1409.1742,0.9999937169197386
1409.293802,0.9999937056198097
1409.413404,0.9999937936192597
1409.533006,0.9999938096191605
1409.652608,0.9999940929174469
1409.77221,0.999993763819445
1409.891812,0.9999941300172284
1410.011414,0.9999941428171534
1410.131016,0.9999941453171387
1410.250618,0.9999938235190745
1410.37022,0.9999937476195462
1410.489822,0.9999939665182015
1410.609424,0.999993775219374
1410.729026,0.9999942625164594
1410.848628,0.9999940684175919
1410.96823,0.9999941297172302
1411.087832,0.9999944745152656
1411.207434,0.9999942067167811
1411.327036,0.9999943987156873
1411.446638,0.9999945761147093
1411.56624,0.9999943687158558
1411.685842,0.999994284416334
1411.805444,0.9999947055140158
1411.925046,0.9999945258149834
1412.044648,0.9999948108134639
1412.16425,0.9999943813157849
1412.283852,0.9999946585142658
1412.403454,0.9999945676147555
1412.523056,0.9999944823152225
1412.642658,0.9999944165155877
1412.76226,0.9999945594148001
1412.881862,0.999994659414261
1413.001464,0.9999953302109035
1413.121066,0.9999953160109699
1413.240668,0.9999952749111632
1413.36027,0.9999955731097987
1413.479872,0.9999956859093058
1413.599474,0.999995699309248
1413.719076,0.9999955680098213
1413.838678,0.9999958688085334
1413.95828,0.9999952655112078
1414.077882,0.9999959004084034
1414.197484,0.9999958423086432
1414.317086,0.9999958209087324
1414.436688,0.9999959621081523
1414.55629,0.999996142007442
1414.675892,0.9999960613077566
1414.795494,0.9999960043079827
1414.915096,0.9999961534073981
1415.034698,0.9999959481082089
1415.1543,0.999995714909181
1415.273902,0.999996041207836
1415.393504,0.9999964146064275
1415.513106,0.9999964897061611
1415.632708,0.9999961621073647
1415.75231,0.9999965734058708
1415.871912,0.999996295406862
1415.991514,0.9999964475063101
1416.111116,0.9999973912034029
1416.230718,0.9999962299071068
1416.35032,0.9999962036072063
1416.469922,0.999996400306479
1416.589524,0.9999961823072874
1416.709126,0.9999962550070125
1416.828728,0.9999962003072188
1416.94833,0.9999960386078464
1417.067932,0.9999962862068962
1417.187534,0.9999960819076757
1417.307136,0.9999961554073905
1417.426738,0.999996032907869
1417.54634,0.9999962682069632
1417.665942,0.9999961088075707
1417.785544,0.9999962773069292
1417.905146,0.9999964373063464
1418.024748,0.9999962557070099
1418.14435,0.9999963085068135
1418.263952,0.9999963414066927
1418.383554,0.9999961780073038
1418.503156,0.9999963492066641
1418.622758,0.9999964857061752
1418.74236,0.9999961664073482
1418.861962,0.999995664809397
1418.981564,0.9999967072054212
1419.101166,0.9999961150075466
1419.220768,0.9999960555077795
1419.34037,0.999997827902359
1419.459972,0.9999965826058393
1419.579574,0.999995841408647
1419.699176,0.9999960510077973
1419.818778,0.9999964470063119
1419.93838,0.9999965724058743
1420.057982,0.9999962825069099
1420.177584,0.999996081607677
1420.297186,0.999996168807339
1420.416788,0.9999964242063931
1420.53639,0.9999965888058181
1420.655992,0.999996381706546
1420.775594,0.9999967503052802
1420.895196,0.9999962762069333
1421.014798,0.9999965448059692
1421.1344,0.999996229607108
1421.254002,0.9999966363056573
1421.373604,0.9999964034064678
1421.493206,0.999996751305277
1421.612808,0.9999966918054721
1421.73241,0.9999965399059861
1421.852012,0.9999965728058728
1421.971614,0.9999965353060021
1422.091216,0.9999962818069125
1422.210818,0.9999962048072017
1422.33042,0.9999962936068687
1422.450022,0.9999964584062715
1422.569624,0.99999631760678
1422.689226,0.9999963614066197
1422.808828,0.9999967168053897
1422.92843,0.9999964573062754
1423.048032,0.9999962550070125
1423.167634,0.999996738705318
1423.287236,0.9999967361053265
1423.406838,0.9999964399063371
1423.52644,0.9999967184053844
1423.646042,0.9999964874061692
1423.765644,0.9999965159060694
1423.885246,0.999996332306726
1424.004848,0.999997367503465
1424.12445,0.9999985204010946
1424.244052,0.9999969929045214
1424.363654,0.9999968222050492
1424.483256,0.9999960609077583
1424.602858,0.9999966945054631
1424.72246,0.9999969958045126
1424.842062,0.9999964542062864
1424.961664,0.9999968702048978
1425.081266,0.9999969438046702
1425.200868,0.9999968746048841
1425.32047,0.9999964787061998
1425.440072,0.9999965174060642
1425.559674,0.999996755905262
1425.679276,0.9999969148047593
1425.798878,0.9999970424043737
1425.91848,0.9999966708055418
1426.038082,0.999997040604379
1426.157684,0.9999965361059993
1426.277286,0.9999965715058773
1426.396888,0.9999967878051591
1426.51649,0.9999969242047303
1426.636092,0.9999969577046278
1426.755694,0.9999968866048466
1426.875296,0.9999967868051624
1426.994898,0.9999965245060396
1427.1145,0.9999969511046479
1427.234102,0.9999969659046029
1427.353704,0.9999969666046008
1427.473306,0.9999969885045346
1427.592908,0.9999968830048579
1427.71251,0.9999970475043586
1427.832112,0.9999970400043808
1427.951714,0.9999970721042863
1428.071316,0.9999969538046397
1428.190918,0.9999969124047666
1428.31052,0.9999970226044325
1428.430122,0.9999968108050855
1428.549724,0.9999972857036837
1428.669326,0.9999972226038569
1428.788928,0.9999969752045748
1428.90853,0.9999969699045907
1429.028132,0.9999967095054136
1429.147734,0.9999970309044077
1429.267336,0.9999966745055294
1429.386938,0.9999971653040177
1429.50654,0.999996994004518
1429.626142,0.9999970988042085
1429.745744,0.9999972014039161
1429.865346,0.9999970320044045
1429.984948,0.9999980103019794
1430.10455,0.9999973526035043
1430.224152,0.9999976064028646
1430.343754,0.9999974052033664
1430.463356,0.9999973275035712
1430.582958,0.9999974536032421
1430.70256,0.9999972581037591
1430.822162,0.9999976309028064
1430.941764,0.9999974662032101
1431.061366,0.999997307803624
1431.180968,0.9999975468030091
1431.30057,0.9999976989026476
1431.420172,0.9999975666029607
1431.539774,0.9999977502025308
1431.659376,0.9999975689029551
1431.778978,0.9999978627022841
1431.89858,0.9999977797024648
1432.018182,0.9999982925014578
1432.137784,0.9999978733022614
1432.257386,0.999997409603355
1432.376988,0.9999976916026644
1432.49659,0.9999976623027325
1432.616192,0.9999974277033084
1432.735794,0.9999973311035615
1432.855396,0.9999974701032002
1432.974998,0.9999969982045054
1433.0946,0.999997405003367
1433.214202,0.9999983424013739
1433.333804,0.9999976007028784
1433.453406,0.9999974894031516
1433.573008,0.9999971552040464
1433.69261,0.9999973673034656
1433.812212,0.9999975039031153
1433.931814,0.9999974833031668
1434.051416,0.9999976625027319
1434.171018,0.9999975682029568
1434.29062,0.9999973820034269
1434.410222,0.9999976384027885
1434.529824,0.999997319703592
1434.649426,0.9999971495040627
1434.769028,0.9999972342038248
1434.88863,0.9999973611034819
1435.008232,0.9999970915042297
1435.127834,0.9999971727039968
1435.247436,0.9999969083047793
1435.367038,0.999997005004485
1435.48664,0.9999973345035524
1435.606242,0.9999972157038761
1435.725844,0.999997136804099
1435.845446,0.9999971537040507
1435.965048,0.9999970330044016
1436.08465,0.9999969904045288
1436.204252,0.9999970009044973
1436.323854,0.9999972039039091
1436.443456,0.9999977712024838
1436.563058,0.9999961661073494
1436.68266,0.9999978482023151
1436.802262,0.999998581601006
1436.921864,0.9999964020064728
1437.041466,0.9999984054012714
1437.161068,0.9999972546037686
1437.28067,0.9999968150050721
1437.400272,0.999997104504192
1437.519874,0.9999970064044809
1437.639476,0.9999966852054939
1437.759078,0.9999964968061362
1437.87868,0.999996318406777
1437.998282,0.999997073904281
1438.117884,0.9999963954064965
1438.237486,0.9999966161057254
1438.357088,0.9999962072071926
1438.47669,0.9999965208060524
1438.596292,0.999996151107407
1438.715894,0.9999965259060347
1438.835496,0.9999965505059495
1438.955098,0.999996276306933
1439.0747,0.9999961176075365
1439.194302,0.9999961053075843
1439.313904,0.999996461106262
1439.433506,0.9999966463056237
1439.553108,0.9999964406063346
1439.67271,0.9999960112079552
1439.792312,0.9999959725081103
1439.911914,0.9999962809069158
1440.031516,0.9999958308086911
1440.151118,0.9999962075071915
1440.27072,0.9999959075083743
1440.390322,0.999995649609463
1440.509924,0.9999959433082284
1440.629526,0.999996109507568
1440.749128,0.9999961890072618
1440.86873,0.9999960820076753
1440.988332,0.999996072407713
1441.107934,0.9999961129075547
1441.227536,0.9999956417094974
1441.347138,0.9999959519081936
1441.46674,0.9999958833084736
1441.586342,0.9999957549090104
1441.705944,0.9999958926084354
1441.825546,0.9999961721073264
1441.945148,0.999995804308802
1442.06475,0.9999960245079023
1442.184352,0.9999960028079888
1442.303954,0.9999959354082605
1442.423556,0.9999959745081023
1442.543158,0.999995701409239
1442.66276,0.9999956540094438
1442.782362,0.9999953529107978
1442.901964,0.9999952990110497
1443.021566,0.9999954236104717
1443.141168,0.9999952505112789
1443.26077,0.9999960834076699
1443.380372,0.9999952459113007
1443.499974,0.9999956643093991
1443.619576,0.9999955827097563
1443.739178,0.9999953081110069
1443.85878,0.9999953596107667
1443.978382,0.9999953127109854
1444.097984,0.9999956271095611
1444.217586,0.9999956970092579
1444.337188,0.9999955026101133
1444.45679,0.9999956001096796
1444.576392,0.9999951415118025
1444.695994,0.9999955101100796
1444.815596,0.9999952904110901
1444.935198,0.9999952177114352
1445.0548,0.9999956861093049
1445.174402,0.9999954903101687
1445.294004,0.9999952031115051
1445.413606,0.9999953312108988
1445.533208,0.9999954033105648
1445.65281,0.9999956092096396
1445.772412,0.9999953203109497
1445.892014,0.9999950508122473
1446.011616,0.9999953643107449
1446.131218,0.9999955533098865
1446.25082,0.9999955036101088
1446.370422,0.9999953642107453
1446.490024,0.9999955543098821
1446.609626,0.9999954512103457
1446.729228,0.9999956573094295
1446.84883,0.9999955057100993
1446.968432,0.9999952701111859
1447.088034,0.9999958864084608
1447.207636,0.9999953409108536
1447.327238,0.999995571909804
1447.44684,0.9999956367095192
1447.566442,0.9999957172091711
1447.686044,0.9999956556094369
1447.805646,0.9999957441090563
1447.925248,0.999997211803887
1448.04485,0.9999952251113998
1448.164452,0.9999956867093023
1448.284054,0.9999956881092962
1448.403656,0.9999956808093278
1448.523258,0.9999955198100361
1448.64286,0.9999955448099244
1448.762462,0.9999954609103017
1448.882064,0.9999956830093182
1449.001666,0.9999958272087062
1449.121268,0.9999957710089422
1449.24087,0.9999958151087567
1449.360472,0.9999959128083525
1449.480074,0.9999957762089202
1449.599676,0.9999961225075175
1449.719278,0.9999960943076273
1449.83888,0.9999963238067572
1449.958482,0.9999963963064933
1450.078084,0.9999963137067944
1450.197686,0.9999964737062174
1450.317288,0.9999964195064099
1450.43689,0.9999967915051472
1450.556492,0.9999965505059495
1450.676094,0.9999967404053125
1450.795696,0.9999967102054114
1450.915298,0.9999965453059675
1451.0349,0.9999966853054936
1451.154502,0.9999966860054913
1451.274104,0.9999966178057196
1451.393706,0.9999969732045808
1451.513308,0.9999971065041862
1451.63291,0.9999972048039065
1451.752512,0.9999973250035779
1451.872114,0.999997127004127
1451.991716,0.9999971898039486
1452.111318,0.9999976491027633
1452.23092,0.9999972974036521
1452.350522,0.9999974164033375
1452.470124,0.9999978605022888
1452.589726,0.9999976726027084
1452.709328,0.9999976867026756
1452.82893,0.9999975585029804
1452.948532,0.9999975597029775
1453.068134,0.9999976712027117
1453.187736,0.9999975968028877
1453.307338,0.9999980633018754
1453.42694,0.9999978751022576
1453.546542,0.9999977420025493
1453.666144,0.9999981506017102
1453.785746,0.9999983283013973
1453.905348,0.9999984115012617
1454.02495,0.9999984480012043
1454.144552,0.9999984908011389
1454.264154,0.9999983982012829
1454.383756,0.9999982548015228
1454.503358,0.9999982869014673
1454.62296,0.999998251301529
1454.742562,0.9999984980011281
1454.862164,0.9999982768014847
1454.981766,0.9999986776008744
1455.101368,0.9999988808006263
1455.22097,0.9999983173014158
1455.340572,0.9999996318600678
1455.460174,0.9999987122008293
1455.579776,0.9999989716005288
1455.699378,0.9999991172903896
1455.81898,0.9999985700010224
1455.938582,0.9999989940005061
1456.058184,0.999998957000544
1456.177786,0.9999992201003042
1456.297388,0.999998715500825
1456.41699,0.9999986145009598
1456.536592,1.0
1456.656194,0.9999987819007419
1456.775796,0.9999992196903045
1456.895398,1.0
1457.015,0.9999990998304051
1457.134602,0.9999991981103216
1457.254204,0.9999987886007338
1457.373806,0.9999990409304599
1457.493408,0.9999993843801895
1457.61301,0.9999990593004424
1457.732612,0.9999992673802683
1457.852214,0.9999989885005116
1457.971816,0.9999990386004621
1458.091418,0.9999993865601882
1458.21102,0.9999993930101843
1458.330622,0.999999230540296
1458.450224,0.9999989847005154
1458.569826,0.9999992557702769
1458.689428,0.9999988646006446
1458.80903,0.9999991141503923
1458.928632,0.9999990189304813
1459.048234,0.9999993618002037
1459.167836,0.9999991074803983
1459.287438,1.0
1459.40704,0.9999994304301622
1459.526642,0.9999990916804126
1459.646244,0.9999994022401787
1459.765846,0.9999996116400754
1459.885448,0.9999993688101992
1460.00505,0.9999995845900863
1460.124652,0.9999990763104266
1460.244254,0.9999991563503559
1460.363856,0.9999994690501409
1460.483458,0.9999991716403431
1460.60306,0.9999994194701685
1460.722662,0.9999992992002456
1460.842264,0.999999113370393
1460.961866,0.9999993828601904
1461.081468,0.999999229250297
1461.20107,0.9999993008402445
1461.320672,0.9999992289902973
1461.440274,0.9999994749501379
1461.559876,0.9999991642703492
1461.679478,0.9999992616902725
1461.79908,0.9999990982804066
1461.918682,0.9999991142503922
1462.038284,0.9999989640005367
1462.157886,0.9999989514005497
1462.277488,0.999999073740429
1462.39709,0.999999176630339
1462.516692,0.9999993235402288
1462.636294,0.9999991935303252
1462.755896,0.999999259670274
1462.875498,0.9999988205006957
1462.9951,0.9999990318404687
1463.114702,0.9999987832007403
1463.234304,0.9999991041404013
1463.353906,0.9999988238006917
1463.473508,0.9999987436007892
1463.59311,0.9999989040006007
1463.712712,0.999999037740463
1463.832314,0.9999989837005164
1463.951916,0.9999993491102118
1464.071518,0.9999989380005639
1464.19112,0.99999906194044
1464.310722,0.9999984903011396
1464.430324,0.9999988187006977
1464.549926,0.9999986972008487
1464.669528,0.999998774400751
1464.78913,0.9999989652005354
1464.908732,1.0
1465.028334,0.9999987583007709
1465.147936,0.9999990026804974
1465.267538,0.9999987079008348
1465.38714,0.9999985627010329
1465.506742,0.9999987157008247
1465.626344,0.9999987710007552
1465.745946,0.9999982009016184
1465.865548,0.9999990228504774
1465.98515,0.9999986458009169
1466.104752,0.9999987188008207
1466.224354,0.9999986578009008
1466.343956,0.9999986565009025
1466.463558,0.999998747000785
1466.58316,0.999998522201092
1466.702762,0.9999991295403788
1466.822364,0.9999989134005903
1466.941966,0.9999992401902886
1467.061568,0.9999984655011773
1467.18117,0.9999986106009652
1467.300772,0.9999987594007695
1467.420374,0.9999988785006289
1467.539976,0.9999988294006852
1467.659578,0.9999986026009764
1467.77918,0.9999986952008513
1467.898782,0.9999986705008838
1468.018384,0.9999987701007563
1468.137986,0.9999991140803924
1468.257588,0.9999990258604745
1468.37719,0.999998882900624
1468.496792,0.9999990271804732
1468.616394,0.9999989273005754
1468.735996,0.9999992234403016
1468.855598,0.9999991861703311
1468.9752,0.9999993104502377
1469.094802,0.9999991141103924
1469.214404,0.9999991155903911
1469.334006,0.9999989602005406
1469.453608,0.9999992189403051
1469.57321,0.9999992638902709
1469.692812,0.9999988538006569
1469.812414,0.9999995161901171
1469.932016,0.9999993273902262
1470.051618,0.9999990404004604
1470.17122,0.9999991140503924
1470.290822,0.9999994133601721
1470.410424,0.9999996531200601
1470.530026,0.9999996012300795
1470.649628,0.9999996263900698
1470.76923,0.9999990907204134
1470.888832,0.9999993323002229
1471.008434,0.9999990309604695
1471.128036,0.9999992347002928
1471.247638,0.9999993459602139
1471.36724,0.999999516260117
1471.486842,1.0
1471.606444,0.9999994739401383
1471.726046,0.9999993911901853
1471.845648,0.9999993809201916
1471.96525,0.9999993759201947
1472.084852,0.9999998561100103
1472.204454,0.9999991302903782
1472.324056,0.9999995366601073
1472.443658,0.9999990395104613
1472.56326,0.9999994268801642
1472.682862,0.9999991623703508
1472.802464,0.9999993995801802
1472.922066,0.9999990905904135
1473.041668,0.9999990324304681
1473.16127,0.9999992829502571
1473.280872,0.9999992173303063
1473.400474,0.9999995939900824
1473.520076,1.0
1473.639678,0.9999994166101702
1473.75928,0.9999990786904244
1473.878882,0.9999993107402375
1473.998484,0.9999994705301402
1474.118086,0.9999997154400405
1474.237688,0.9999992968502472
1474.35729,0.9999993272402263
1474.476892,0.9999990427704581
1474.596494,0.9999994492701516
1474.716096,0.9999993588302055
1474.835698,0.999999516400117
1474.9553,0.9999989204005828
1475.074902,0.9999990929504113
1475.194504,0.9999991586703539
1475.314106,0.9999991246803831
1475.433708,0.9999994338201603
1475.55331,0.9999989478005535
1475.672912,0.9999988148007023
1475.792514,0.9999989511005501
1475.912116,0.9999992408602881
1476.031718,0.9999993616702038
1476.15132,1.0
1476.270922,0.9999988889006173
1476.390524,0.999999524620113
1476.510126,0.9999987182008215
1476.629728,0.9999988076007109
1476.74933,0.9999994134501721
1476.868932,0.9999991180903889
1476.988534,0.9999990048304952
1477.108136,0.9999990146904855
1477.227738,0.9999991014404037
1477.34734,0.9999993407002173
1477.466942,0.9999992212003033
1477.586544,0.9999988276006873
1477.706146,0.9999989636005371
1477.825748,0.9999990435804573
1477.94535,0.9999991995003203
1478.064952,0.9999991446003659
1478.184554,0.999999266480269
1478.304156,0.9999988701006384
1478.423758,0.9999990828404206
1478.54336,0.9999992147103084
1478.662962,0.999999004030496
1478.782564,0.9999993748701954
1478.902166,0.9999984936011346
1479.021768,0.9999989340005682
1479.14137,0.9999991498903613
1479.260972,0.9999988662006427
1479.380574,0.9999987384007958
1479.500176,0.9999991161503906
1479.619778,0.9999993059402409
1479.73938,0.9999990006104994
1479.858982,0.9999987686007582
1479.978584,0.9999987395007944
1480.098186,0.9999985465010564
1480.217788,0.999998852000659
1480.33739,0.999998985100515
1480.456992,0.9999991581203543
1480.576594,0.9999988716006366
1480.696196,0.9999986781008737
1480.815798,0.9999990956604089
1480.9354,0.9999989043006002
1481.055002,0.9999989052005993
1481.174604,0.999998379501313
1481.294206,0.9999988902006158
1481.413808,0.9999985353010726
1481.53341,0.9999985425010621
1481.653012,0.9999988462006656
1481.772614,0.9999988018007179
1481.892216,0.9999983760013187
1482.011818,0.9999983297013949
1482.13142,0.9999988032007162
1482.251022,0.9999987313008047
1482.370624,0.9999988409006717
1482.490226,0.9999986983008472
1482.609828,0.9999985117011075
1482.72943,0.9999984878011434
1482.849032,0.9999980482019047
1482.968634,0.9999983596013454
1483.088236,0.9999984537011956
1483.207838,0.9999983760013187
1483.32744,0.9999987131008281
1483.447042,0.9999986438009196
1483.566644,0.9999982307015652
1483.686246,0.9999980690018644
1483.805848,0.9999981317017452
1483.92545,0.9999983587013469
1484.045052,0.9999980993018063
1484.164654,0.9999985354010725
1484.284256,0.9999981825016516
1484.403858,0.9999983589013466
1484.52346,0.9999986261009438
1484.643062,0.9999982339015595
1484.762664,0.999998366001335
1484.882266,0.9999983427013733
1485.001868,0.9999979444021128
1485.12147,0.9999984777011587
1485.241072,0.9999982753014873
1485.360674,0.9999979700020605
1485.480276,0.9999983518013583
1485.599878,0.9999982742014892
1485.71948,0.9999979938020124
1485.839082,0.9999982561015206
1485.958684,0.9999984340012261
1486.078286,0.9999985888009958
1486.197888,0.9999987754007498
1486.31749,0.9999983998012804
1486.437092,0.9999983365013836
1486.556694,0.999998039901921
1486.676296,0.9999983209014097
1486.795898,0.9999978672022745
1486.9155,0.9999981865016444
1487.035102,0.9999982857014694
1487.154704,0.9999982646015058
1487.274306,0.9999984668011753
1487.393908,0.9999988883006179
1487.51351,0.9999982829014742
1487.633112,0.9999983151014195
1487.752714,0.9999986397009252
1487.872316,0.9999985397010662
1487.991918,0.9999983320013911
1488.11152,0.9999988305006838
1488.231122,0.9999988141007031
1488.350724,0.9999990515704498
1488.470326,0.9999990454504556
1488.589928,0.9999991418303682
1488.70953,0.9999986392009259
1488.829132,0.9999985335010753
1488.948734,0.9999989707005297
1489.068336,0.9999998666800088
1489.187938,0.9999989040006007
1489.30754,0.999999844930012
1489.427142,0.9999990032604967
1489.546744,0.9999990575304442
1489.666346,0.9999989996005004
1489.785948,0.9999990502104511
1489.90555,0.9999988745006334
1490.025152,0.9999986743008787
1490.144754,0.9999989804005198
1490.264356,0.9999992980802463
1490.383958,0.9999992554002772
1490.50356,0.9999993469202133
1490.623162,0.9999993244702282
1490.742764,0.9999991014304037
1490.862366,0.9999996907600478
1490.981968,0.9999988693006392
1491.10157,0.9999990591204426
1491.221172,0.9999991982103215
1491.340774,0.9999993368502199
1491.460376,0.9999991881303296
1491.579978,0.9999993899501861
1491.69958,0.9999995120901191
1491.819182,0.9999991489003622
1491.938784,0.999999385150189
1492.058386,0.9999996060400776
1492.177988,0.9999994386301576
1492.29759,0.999999503860123
1492.417192,0.9999996405100646
1492.536794,0.9999994808201348
1492.656396,0.9999995887300845
1492.775998,0.9999993783301933
1492.8956,0.9999996765100523
1493.015202,0.9999997789800245
1493.134804,0.9999995734600909
1493.254406,0.9999997783700245
1493.374008,0.9999995965900814
1493.49361,0.9999995867000854
1493.613212,0.9999994231301664
1493.732814,0.9999993960101824
1493.852416,0.999999988027
1493.972018,0.9999999480920013
1494.09162,0.9999998537900107
1494.211222,0.9999996665400556
1494.330824,0.9999996310100681
1494.450426,0.9999995967200813
1494.570028,0.999999520390115
1494.68963,0.9999997036800439
1494.809232,0.9999998359300135
1494.928834,0.9999994992501253
1495.048436,0.999999759450029
1495.168038,0.9999997154600405
1495.28764,1.0
1495.407242,0.9999996369800659
1495.526844,0.9999999445640015
1495.646446,0.9999999356450021
1495.766048,0.9999997879400225
1495.88565,0.9999994607501453
1496.005252,0.9999998304200144
1496.124854,1.0
1496.244456,1.0
1496.364058,0.9999999609060007
1496.48366,0.9999999545670011
1496.603262,0.9999997529200305
1496.722864,1.0
1496.842466,1.0
1496.962068,0.999999954461001
1497.08167,0.9999999759590003
1497.201272,1.0
1497.320874,1.0
1497.440476,0.9999997481100317
1497.560078,0.9999995515601006
1497.67968,0.9999996134400747
1497.799282,0.9999995983600807
1497.918884,0.999999674510053
1498.038486,1.0
1498.158088,1.0
1498.27769,1.0
1498.397292,0.9999998724000081
1498.516894,0.9999998108200179
1498.636496,0.9999999478220014
1498.756098,0.9999999622360007
1498.8757,1.0
1498.995302,0.9999997444400327
1499.114904,0.9999997084400425
1499.234506,0.9999996589300582
1499.354108,0.9999996117400753
1499.47371,0.9999997376900344
1499.593312,0.9999997924500216
1499.712914,0.9999999985927
1499.832516,0.9999999631100007
1499.952118,1.0
1500.07172,1.0
1500.191322,0.9999997047200436
1500.310924,0.9999999981366
1500.430526,0.999999900948005
1500.550128,1.0
1500.66973,0.9999999828820001
1500.789332,0.9999999077020043
1500.908934,0.9999998204600161
1501.028536,0.9999998414700125
1501.148138,0.9999999783050002
1501.26774,0.999999696710046
1501.387342,0.999999910548004
1501.506944,0.9999997688600267
1501.626546,0.9999996460700626
1501.746148,0.9999998025500195
1501.86575,1.0
1501.985352,1.0
1502.104954,1.0
1502.224556,0.9999997462000322
1502.344158,0.9999998610900096
1502.46376,0.9999999764480003
1502.583362,0.999999428900163
1502.702964,0.9999998351000136
1502.822566,0.9999995838700866
1502.942168,0.9999997612400285
1503.06177,0.9999991713203433
1503.181372,0.9999998039400192
1503.300974,0.9999995324601093
1503.420576,0.9999995799700883
1503.540178,0.9999994851801325
1503.65978,0.9999993263702269
1503.779382,0.9999991937103251
1503.898984,0.9999998139600174
1504.018586,0.9999995676800935
1504.138188,0.9999996139000745
1504.25779,0.9999997237400382
1504.377392,0.9999994810001347
1504.496994,0.9999997401600338
1504.616596,0.9999995230801138
1504.736198,0.9999996827200504
1504.8558,0.9999993838701898
1504.975402,0.9999994483801521
1505.095004,0.9999995665400939
1505.214606,0.9999991745803407
1505.334208,0.9999994531601495
1505.45381,0.9999997745700254
1505.573412,1.0
1505.693014,0.9999992552002773
1505.812616,0.9999995911000836
1505.932218,0.9999991125003939
1506.05182,0.9999994766901369
1506.171422,0.9999995970600812
1506.291024,0.9999993812801914
1506.410626,0.9999996736900533
1506.530228,0.9999997217000387
1506.64983,1.0
1506.769432,0.999999329280225
1506.889034,0.9999997940700212
1507.008636,0.9999999624720007
1507.128238,0.9999992479902827
1507.24784,0.9999992826302573
1507.367442,0.9999991357103735
1507.487044,1.0
1507.606646,0.9999993010002443
1507.726248,0.9999996146900743
1507.84585,0.9999996641300564
1507.965452,0.9999999624620007
1508.085054,0.9999995931200828
1508.204656,0.9999997336700355
1508.324258,0.9999994801001352
1508.44386,0.9999996111500756
1508.563462,1.0
1508.683064,0.9999996485600617
1508.802666,0.9999998254000152
1508.922268,0.9999995478301023
1509.04187,0.9999991984703213
1509.161472,0.9999997314800361
1509.281074,0.9999994436101548
1509.400676,0.9999993829301904
1509.520278,0.9999994322401612
1509.63988,0.9999998473900117
1509.759482,0.9999999723050004
1509.879084,0.9999996943600467
1509.998686,0.9999994422101556
1510.118288,0.9999990793604238
1510.23789,0.9999989625005382
1510.357492,0.9999990413704595
1510.477094,0.999999573230091
1510.596696,0.9999994507601508
1510.716298,0.9999992474402831
1510.8359,0.9999994450901539
1510.955502,0.9999994138501718
1511.075104,0.999999057630444
1511.194706,0.9999989446005569
1511.314308,0.9999988750006328
1511.43391,0.999999227920298
1511.553512,0.999999448680152
1511.673114,0.9999992846002559
1511.792716,0.9999994163001703
1511.912318,0.9999990888904151
1512.03192,0.999998799200721
1512.151522,0.9999993743601957
1512.271124,0.999999985591
1512.390726,0.9999987029008413
1512.510328,0.9999989460005555
1512.62993,0.9999989453005562
1512.749532,0.99999912828038
1512.869134,0.9999989976005024
1512.988736,0.9999989122005917
1513.108338,0.9999988824006245
1513.22794,0.9999988541006566
1513.347542,0.9999989593005415
1513.467144,0.9999990027804972
1513.586746,0.9999991347803743
1513.706348,0.9999987685007583
1513.82595,0.9999989183005851
1513.945552,0.9999990626104394
1514.065154,0.9999987871007355
1514.184756,0.9999988671006418
1514.304358,0.9999989908005092
1514.42396,0.9999989049005996
1514.543562,0.9999987596007693
1514.663164,0.9999992017803185
1514.782766,0.9999989732005271
1514.902368,0.9999984815011529
1515.02197,0.999999369130199
1515.141572,0.9999984990011265
1515.261174,0.9999986982008473
1515.380776,0.9999986201009521
1515.500378,0.9999986089009676
1515.61998,0.9999981499017114
1515.739582,0.9999985146011032
1515.859184,0.9999980887018265
1515.978786,0.9999986342009327
1516.098388,0.9999987613007671
1516.21799,0.999998000002
1516.337592,0.999998567501026
1516.457194,0.9999982556015214
1516.576796,0.9999989629005378
1516.696398,1.0
1516.816,0.9999984090012657
1516.935602,0.999998502001122
1517.055204,0.9999980051019898
1517.174806,0.9999978927022204
1517.294408,0.9999985166011003
1517.41401,0.999999988618
1517.533612,0.999998053201895
1517.653214,0.9999983527013568
1517.772816,0.9999990240504762
1517.892418,0.9999979518020976
1518.01202,0.9999983019014418
1518.131622,0.999998330301394
1518.251224,0.9999980192019617
1518.370826,0.9999979494021025
1518.490428,0.9999975680029574
1518.61003,0.9999977860024509
1518.729632,0.9999982351015574
1518.849234,0.999998002001996
1518.968836,0.9999977679024912
1519.088438,0.9999980034019932
1519.20804,0.9999977068026293
1519.327642,0.9999979187021659
1519.447244,0.9999978318023506
1519.566846,0.9999979855020291
1519.686448,0.9999978703022678
1519.80605,0.9999974827031683
1519.925652,0.9999977004026441
1520.045254,0.9999982384015517
1520.164856,1.0
1520.284458,0.9999981483017144
1520.40406,0.999997918202167
1520.523662,0.999997814602388
1520.643264,0.999997626802816
1520.762866,0.9999981269017543
1520.882468,0.9999980378019251
1521.00207,0.9999978360023415
1521.121672,0.9999979620020767
1521.241274,0.999999771980026
1521.360876,0.9999980288019428
1521.480478,0.9999978258023635
1521.60008,0.9999977700024865
1521.719682,0.9999980540018935
1521.839284,0.9999982043016122
1521.958886,0.9999979972020056
1522.078488,0.999998103701798
1522.19809,0.9999979598020812
1522.317692,0.9999977681024906
1522.437294,0.9999977856024518
1522.556896,0.9999983468013666
1522.676498,0.9999999268830027
1522.7961,0.9999979157021721
1522.915702,0.9999981828016511
1523.035304,0.9999979787020429
1523.154906,0.9999980244019515
1523.274508,0.9999980745018537
1523.39411,0.9999979282021462
1523.513712,0.9999977358025633
1523.633314,0.9999984810011536
1523.752916,0.9999981247017584
1523.872518,0.999998210001602
1523.99212,0.9999982498015316
1524.111722,0.9999979727020549
1524.231324,0.9999982719014932
1524.350926,0.9999980488019036
1524.470528,0.9999982301015663
1524.59013,0.9999984102012637
1524.709732,0.9999980246019511
1524.829334,0.9999994991301254
1524.948936,0.9999983744013213
1525.068538,0.999998465101178
1525.18814,0.9999985010011235
1525.307742,0.9999980552018911
1525.427344,0.9999982643015063
1525.546946,0.9999985316010781
1525.666548,0.9999975625029707
1525.78615,0.9999980003019994
1525.905752,0.9999980608018803
1526.025354,0.9999982680014999
1526.144956,0.9999981788016584
1526.264558,0.9999985370010702
1526.38416,0.9999981433017237
1526.503762,0.9999981061017934
1526.623364,0.9999984660011766
1526.742966,0.9999982881014653
1526.862568,0.999998418201251
1526.98217,0.999998361101343
1527.101772,0.9999982542015239
1527.221374,0.9999985605010361
1527.340976,0.9999995608000964
1527.460578,0.9999983557013519
1527.58018,0.9999983161014178
1527.699782,0.9999983355013853
1527.819384,0.9999982502015309
1527.938986,0.9999983964012857
1528.058588,0.9999982798014796
1528.17819,0.9999980907018227
1528.297792,0.9999980818018398
1528.417394,0.9999983763013182
1528.536996,0.9999993986201808
1528.656598,0.9999978817022436
1528.7762,0.999998274301489
1528.895802,0.999998228501569
1529.015404,0.9999979319021385
1529.135006,0.9999981621016889
1529.254608,0.9999984121012607
1529.37421,0.9999979010022029
1529.493812,0.999998035801929
1529.613414,0.9999981977016241
1529.733016,0.9999983101014279
1529.852618,0.9999983940012896
1529.97222,0.9999980993018063
1530.091822,0.9999985558010429
1530.211424,0.9999985029011207
1530.331026,0.9999985583010392
1530.450628,0.9999983156014186
1530.57023,0.999997948202105
1530.689832,0.999998195001629
1530.809434,0.9999983268013998
1530.929036,0.9999984632011809
1531.048638,0.9999984026012758
1531.16824,0.9999984489012029
1531.287842,0.9999984068012692
1531.407444,0.9999985302010802
1531.527046,0.9999985910009926
1531.646648,1.0
1531.76625,0.9999988749006329
1531.885852,0.9999988028007166
1532.005454,0.9999985176010987
1532.125056,0.999998504001119
1532.244658,0.9999985469010557
1532.36426,0.9999988091007092
1532.483862,0.999998804200715
1532.603464,0.9999986943008524
1532.723066,0.9999989240005789
1532.842668,0.9999991764803391
1532.96227,0.9999991231203844
1533.081872,0.9999988833006235
1533.201474,1.0
1533.321076,0.9999990539804475
1533.440678,0.9999990819204214
1533.56028,0.9999993102202379
1533.679882,0.9999987658007616
1533.799484,0.9999996900200481
1533.919086,1.0
1534.038688,0.9999992426102868
1534.15829,0.9999994969801265
1534.277892,0.999999108920397
1534.397494,0.9999990885904153
1534.517096,0.9999996620400571
1534.636698,0.9999993313202236
1534.7563,0.9999990419704589
1534.875902,0.9999995759700899
1534.995504,0.9999993960201824
1535.115106,0.9999997201500391
1535.234708,0.999999985275
1535.35431,0.9999995835300868
1535.473912,1.0
1535.593514,0.9999995497301014
1535.713116,0.9999996284400691
1535.832718,0.9999995425801046
1535.95232,0.9999995961400816
1536.071922,0.9999997125900413
1536.191524,0.9999997534700303
1536.311126,0.9999995939500824
1536.430728,0.9999999086220042
1536.55033,0.9999997658100275
1536.669932,0.9999997922200216
1536.789534,0.9999998526600109
1536.909136,0.9999998551100105
1537.028738,0.999999988174
1537.14834,0.9999999816300001
1537.267942,0.999999955677001
1537.387544,0.9999999657780005
1537.507146,0.9999997927600215
1537.626748,0.9999997381800343
1537.74635,0.9999997604000287
1537.865952,0.9999999807210002
1537.985554,0.9999998788800073
1538.105156,0.9999999775350003
1538.224758,0.9999998732900081
1538.34436,0.9999999611800008
1538.463962,1.0
1538.583564,1.0
1538.703166,0.9999999742050003
1538.822768,0.9999998540500107
1538.94237,1.0
1539.061972,1.0
1539.181574,0.9999995221801141
1539.301176,0.9999999477110013
1539.420778,1.0
1539.54038,0.9999999728390003
1539.659982,0.9999999301190025
1539.779584,0.9999999190060033
1539.899186,0.9999999321570023
1540.018788,0.9999997981100204
1540.13839,1.0
1540.257992,1.0
1540.377594,0.9999999966115
1540.497196,0.9999998097800181
1540.616798,0.999999739150034
1540.7364,1.0
1540.856002,0.999999988133
1540.975604,0.9999999398490018
1541.095206,1.0
1541.214808,0.999999988871
1541.33441,1.0
1541.454012,0.9999997715100261
1541.573614,1.0
1541.693216,0.9999996081700767
1541.812818,0.9999998696100085
1541.93242,1.0
1542.052022,1.0
1542.171624,1.0
1542.291226,0.9999998591100099
1542.410828,0.9999997695400266
1542.53043,0.9999999338970021
1542.650032,1.0
1542.769634,1.0
1542.889236,1.0
1543.008838,0.9999998597100098
1543.12844,0.9999999779010003
1543.248042,0.9999998299900145
1543.367644,0.9999999116050039
1543.487246,1.0
1543.606848,0.9999999389580019
1543.72645,1.0
1543.846052,0.9999998175800167
1543.965654,1.0
1544.085256,0.9999999016680048
1544.204858,0.999999993035
1544.32446,0.9999999849780001
1544.444062,1.0
1544.563664,0.9999998852100066
1544.683266,1.0
1544.802868,0.999999720750039
1544.92247,0.9999999016730048
1545.042072,0.9999998354000136
1545.161674,1.0
1545.281276,0.9999994855501323
1545.400878,0.999999954721001
1545.52048,0.9999993798301923
1545.640082,0.9999998934000057
1545.759684,0.9999998596500098
1545.879286,0.9999999036190046
1545.998888,0.9999997148300407
1546.11849,0.999999805100019
1546.238092,0.9999998551600104
1546.357694,0.9999997012300447
1546.477296,0.9999999182920033
1546.596898,0.9999997651400275
1546.7165,0.999999743440033
1546.836102,0.9999995476501023
1546.955704,0.9999998599200098
1547.075306,0.9999998970500052
1547.194908,0.9999995923500831
1547.31451,0.9999995408601055
1547.434112,0.9999993230302291
1547.553714,0.9999993511802104
1547.673316,0.9999997073300428
1547.792918,0.9999997833200235
1547.91252,0.9999996597200579
1548.032122,0.9999992631602714
1548.151724,0.9999992025903179
1548.271326,0.9999995556600987
1548.390928,0.999999662280057
1548.51053,0.9999994636501438
1548.630132,0.9999994283001634
1548.749734,0.9999992115803108
1548.869336,0.9999995455801033
1548.988938,0.9999995113301194
1549.10854,0.9999998341200138
1549.228142,0.9999997657200275
1549.347744,0.9999994109101735
1549.467346,0.9999992698702665
1549.586948,0.9999995237501134
1549.70655,0.9999992187203052
1549.826152,0.9999997077200428
1549.945754,0.9999997363500348
1550.065356,0.9999992979102464
1550.184958,0.9999996709600542
1550.30456,0.9999988938006118
1550.424162,0.9999993813701914
1550.543764,0.9999995096801202
1550.663366,0.9999994484201521
1550.782968,0.9999994952201274
1550.90257,0.9999998243500154
1551.022172,0.9999998484300114
1551.141774,0.9999995479001021
1551.261376,0.9999994799201353
1551.380978,0.999999937288002
1551.50058,0.999999602510079
1551.620182,0.9999997983900203
1551.739784,0.9999994541901489
1551.859386,0.9999994304101623
1551.978988,0.9999999074410043
1552.09859,0.9999995299801104
1552.218192,0.9999996731400534
1552.337794,0.9999996138700745
1552.457396,0.9999996799900512
1552.576998,0.9999999173510035
1552.6966,0.9999994654701428
1552.816202,0.9999994041401775
1552.935804,0.9999997601500288
1553.055406,0.9999997215800388
1553.175008,0.9999998744700079
1553.29461,0.9999995300601104
1553.414212,0.9999998314200143
1553.533814,0.9999996362800662
1553.653416,0.9999995754000901
1553.773018,0.9999997129000412
1553.89262,0.9999994544501488
1554.012222,0.9999993373002196
1554.131824,0.9999994517801503
1554.251426,0.9999995544800993
1554.371028,1.0
1554.49063,0.999999794870021
1554.610232,0.9999999574260009
1554.729834,0.9999997095100422
1554.849436,0.9999996814600507
1554.969038,0.9999998976900052
1555.08864,0.9999999456790015
1555.208242,0.9999993523402098
1555.327844,0.9999996296800686
1555.447446,0.9999993192002318
1555.567048,0.999999776310025
1555.68665,0.999999851530011
1555.806252,0.9999997188400396
1555.925854,0.9999996085200766
1556.045456,0.9999998301400145
1556.165058,0.9999997658400274
1556.28466,0.999999899580005
1556.404262,0.9999996675700552
1556.523864,0.9999996015900794
1556.643466,0.9999999604940008
1556.763068,0.9999999078440043
1556.88267,0.9999995854100859
1557.002272,0.999999650570061
1557.121874,0.999999320370231
1557.241476,0.9999993689601991
1557.361078,0.9999998192500164
1557.48068,1.0
1557.600282,1.0
1557.719884,0.9999997608600286
1557.839486,0.999999326150227
1557.959088,0.9999995161001171
1558.07869,0.9999993632302028
1558.198292,0.9999993957801825
1558.317894,1.0
1558.437496,0.9999997489600315
1558.557098,0.9999998885100062
1558.6767,0.9999990115304885
1558.796302,0.9999997297900365
1558.915904,0.9999996212800717
1559.035506,0.9999991884303293
1559.155108,0.9999995143101179
1559.27471,0.9999993648402017
1559.394312,0.9999994479101524
1559.513914,0.9999990858904177
1559.633516,0.9999995739400908
1559.753118,0.9999988992006059
1559.87272,0.999998732700803
1559.992322,0.9999991021604031
1560.111924,0.99999999968933
1560.231526,1.0
1560.351128,0.9999990533204481
1560.47073,0.9999993794201926
1560.590332,0.9999995424501047
1560.709934,0.9999997338500354
1560.829536,0.999999260990273
1560.949138,0.9999993240202285
1561.06874,0.9999992547502777
1561.188342,0.9999992453002848
1561.307944,0.9999991742303409
1561.427546,0.9999994188701689
1561.547148,0.9999996282200692
1561.66675,0.9999992486302823
1561.786352,0.9999994210501676
1561.905954,0.9999991046504009
1562.025556,0.9999993176702328
1562.145158,0.9999990410904598
1562.26476,0.9999993373202196
1562.384362,0.9999996847700496
1562.503964,0.9999996427300638
1562.623566,0.9999995725500913
1562.743168,0.9999995131401185
1562.86277,0.9999996000500799
1562.982372,0.9999995875500851
1563.101974,0.9999996230500711
1563.221576,0.9999994916601292
1563.341178,0.9999996510500608
1563.46078,0.9999998124800176
1563.580382,0.9999994631101441
1563.699984,0.99999998827
1563.819586,0.9999994320201613
1563.939188,0.999999548420102
1564.05879,0.9999996606400576
1564.178392,0.9999999266880026
1564.297994,0.999999881770007
1564.417596,1.0
1564.537198,0.999999838960013
1564.6568,0.9999997047200436
1564.776402,0.999999838410013
1564.896004,1.0
1565.015606,1.0
1565.135208,1.0
1565.25481,0.9999999190020032
1565.374412,0.9999998080900184
1565.494014,1.0
1565.613616,1.0
1565.733218,1.0
1565.85282,1.0
1565.972422,0.9999999351330021
1566.092024,1.0
1566.211626,1.0
1566.331228,1.0
1566.45083,1.0
1566.570432,1.0
1566.690034,1.0
1566.809636,1.0
1566.929238,1.0
1567.04884,1.0
1567.168442,1.0
1567.288044,1.0
1567.407646,1.0
1567.527248,1.0
1567.64685,1.0
1567.766452,1.0
1567.886054,1.0
1568.005656,1.0
1568.125258,1.0
1568.24486,1.0
1568.364462,1.0
1568.484064,1.0
1568.603666,1.0
1568.723268,1.0
1568.84287,1.0
1568.962472,1.0
1569.082074,1.0
1569.201676,1.0
1569.321278,1.0
1569.44088,1.0
1569.560482,1.0
1569.680084,1.0
1569.799686,1.0
1569.919288,1.0
1570.03889,1.0
1570.158492,1.0
1570.278094,1.0
1570.397696,1.0
1570.517298,1.0
1570.6369,1.0
1570.756502,1.0
1570.876104,1.0
1570.995706,1.0
1571.115308,1.0
1571.23491,1.0
1571.354512,1.0
1571.474114,1.0
1571.593716,1.0
1571.713318,1.0
1571.83292,1.0
1571.952522,1.0
1572.072124,1.0
1572.191726,1.0
1572.311328,1.0
1572.43093,1.0
1572.550532,1.0
1572.670134,1.0
1572.789736,1.0
1572.909338,1.0
1573.02894,1.0
1573.148542,1.0
1573.268144,1.0
1573.387746,1.0
1573.507348,1.0
1573.62695,1.0
1573.746552,1.0
1573.866154,1.0
1573.985756,1.0
1574.105358,1.0
1574.22496,1.0
1574.344562,1.0
1574.464164,1.0
1574.583766,1.0
1574.703368,1.0
1574.82297,1.0
1574.942572,1.0
1575.062174,1.0
1575.181776,1.0
1575.301378,1.0
1575.42098,1.0
1575.540582,1.0
1575.660184,1.0
1575.779786,1.0
1575.899388,1.0
1576.01899,1.0
1576.138592,1.0
1576.258194,1.0
1576.377796,1.0
1576.497398,1.0
1576.617,1.0
1576.736602,1.0
1576.856204,1.0
1576.975806,1.0
1577.095408,1.0
1577.21501,1.0
1577.334612,1.0
1577.454214,1.0
1577.573816,1.0
1577.693418,1.0
1577.81302,1.0
1577.932622,1.0
1578.052224,1.0
1578.171826,1.0
1578.291428,1.0
1578.41103,1.0
1578.530632,1.0
1578.650234,1.0
1578.769836,1.0
1578.889438,1.0
1579.00904,1.0
1579.128642,1.0
1579.248244,1.0
1579.367846,1.0
1579.487448,1.0
1579.60705,1.0
1579.726652,1.0
1579.846254,1.0
1579.965856,1.0
1580.085458,1.0
1580.20506,1.0
1580.324662,1.0
1580.444264,1.0
1580.563866,1.0
1580.683468,1.0
1580.80307,1.0
1580.922672,0.9999999940735
1581.042274,1.0
1581.161876,1.0
1581.281478,1.0
1581.40108,1.0
1581.520682,1.0
1581.640284,1.0
1581.759886,1.0
1581.879488,1.0
1581.99909,1.0
1582.118692,1.0
1582.238294,1.0
1582.357896,1.0
1582.477498,1.0
1582.5971,1.0
1582.716702,1.0
1582.836304,1.0
1582.955906,1.0
1583.075508,0.9999998346200136
1583.19511,0.9999999080680042
1583.314712,0.9999999984005
1583.434314,0.9999998017700197
1583.553916,1.0
1583.673518,1.0
1583.79312,1.0
1583.912722,0.9999999680230005
1584.032324,0.999999986472
1584.151926,0.9999997363600348
1584.271528,0.9999999844780001
1584.39113,1.0
1584.510732,0.999999985859
1584.630334,0.999999989902
1584.749936,1.0
1584.869538,0.9999997804800241
1584.98914,1.0
1585.108742,1.0
1585.228344,0.999999937137002
1585.347946,1.0
1585.467548,1.0
1585.58715,1.0
1585.706752,1.0
1585.826354,0.9999999952938
1585.945956,0.9999997263000374
1586.065558,0.9999995823600872
1586.18516,0.9999997797200243
1586.304762,0.9999997572800294
1586.424364,0.9999999601390008
1586.543966,1.0
1586.663568,0.9999998945000056
1586.78317,0.9999999941295
1586.902772,0.9999998825800069
1587.022374,0.9999997753100253
1587.141976,0.9999997784200245
1587.261578,0.9999998876300064
1587.38118,0.9999998681900086
1587.500782,0.9999999907186
1587.620384,0.9999999185050034
1587.739986,0.9999999792280002
1587.859588,0.9999998160500169
1587.97919,0.9999997830600236
1588.098792,0.9999998895600061
1588.218394,0.9999997664100273
1588.337996,0.9999999901648
1588.457598,0.9999998482100115
1588.5772,0.9999999572940009
1588.696802,0.9999999457820015
1588.816404,1.0
1588.936006,0.9999997894700222
1589.055608,0.9999996821000505
1589.17521,0.9999995477501022
1589.294812,0.9999996993800452
1589.414414,0.9999999579720009
1589.534016,0.9999998976500052
1589.653618,0.9999998490000114
1589.77322,0.9999999725830003
1589.892822,0.9999999146160037
1590.012424,0.999999865890009
1590.132026,1.0
1590.251628,0.9999999531860011
1590.37123,0.9999998372200133
1590.490832,0.9999997703300264
1590.610434,1.0
1590.730036,0.9999999656760006
1590.849638,1.0
1590.96924,1.0
1591.088842,1.0
1591.208444,1.0
1591.328046,1.0
1591.447648,1.0
1591.56725,1.0
1591.686852,1.0
1591.806454,1.0
1591.926056,1.0
1592.045658,1.0
1592.16526,0.9999999338810022
1592.284862,0.9999999722330004
1592.404464,1.0
1592.524066,1.0
1592.643668,1.0
1592.76327,1.0
1592.882872,1.0
1593.002474,1.0
1593.122076,1.0
1593.241678,1.0
1593.36128,1.0
1593.480882,1.0
1593.600484,1.0
1593.720086,1.0
1593.839688,1.0
1593.95929,1.0
1594.078892,1.0
1594.198494,1.0
1594.318096,1.0
1594.437698,1.0
1594.5573,1.0
1594.676902,1.0
1594.796504,1.0
1594.916106,1.0
1595.035708,1.0
1595.15531,1.0
1595.274912,1.0
1595.394514,1.0
1595.514116,1.0
1595.633718,1.0
1595.75332,1.0
1595.872922,1.0
1595.992524,1.0
1596.112126,1.0
1596.231728,1.0
1596.35133,1.0
1596.470932,1.0
1596.590534,1.0
1596.710136,1.0
1596.829738,1.0
1596.94934,1.0
1597.068942,1.0
1597.188544,1.0
1597.308146,1.0
1597.427748,1.0
1597.54735,1.0
1597.666952,1.0
1597.786554,1.0
1597.906156,1.0
1598.025758,1.0
1598.14536,1.0
1598.264962,1.0
1598.384564,1.0
1598.504166,1.0
1598.623768,1.0
1598.74337,1.0
1598.862972,1.0
1598.982574,1.0
1599.102176,1.0
1599.221778,1.0
1599.34138,1.0
1599.460982,1.0
1599.580584,1.0
1599.700186,1.0
1599.819788,1.0
1599.93939,1.0
1600.058992,1.0
1600.178594,1.0
1600.298196,1.0
1600.417798,1.0
1600.5374,1.0
1600.657002,1.0
1600.776604,1.0
1600.896206,1.0
1601.015808,1.0
1601.13541,1.0
1601.255012,1.0
1601.374614,1.0
1601.494216,1.0
1601.613818,1.0
1601.73342,1.0
1601.853022,1.0
1601.972624,1.0
1602.092226,1.0
1602.211828,1.0
1602.33143,1.0
1602.451032,1.0
1602.570634,1.0
1602.690236,1.0
1602.809838,1.0
1602.92944,1.0
1603.049042,1.0
1603.168644,1.0
1603.288246,1.0
1603.407848,1.0
1603.52745,1.0
1603.647052,1.0
1603.766654,1.0
1603.886256,1.0
1604.005858,1.0
1604.12546,1.0
1604.245062,1.0
1604.364664,1.0
1604.484266,1.0
1604.603868,1.0
1604.72347,1.0
1604.843072,1.0
1604.962674,1.0
1605.082276,1.0
1605.201878,1.0
1605.32148,1.0
1605.441082,1.0
1605.560684,1.0
1605.680286,1.0
1605.799888,1.0
1605.91949,1.0
1606.039092,1.0
1606.158694,1.0
1606.278296,1.0
1606.397898,1.0
1606.5175,1.0
1606.637102,1.0
1606.756704,1.0
1606.876306,1.0
1606.995908,1.0
1607.11551,1.0
1607.235112,1.0
1607.354714,1.0
1607.474316,1.0
1607.593918,1.0
1607.71352,1.0
1607.833122,1.0
1607.952724,1.0
1608.072326,1.0
1608.191928,1.0
1608.31153,1.0
1608.431132,1.0
1608.550734,1.0
1608.670336,1.0
1608.789938,1.0
1608.90954,1.0
1609.029142,1.0
1609.148744,1.0
1609.268346,1.0
1609.387948,1.0
1609.50755,1.0
1609.627152,1.0
1609.746754,1.0
1609.866356,1.0
1609.985958,1.0
1610.10556,1.0
1610.225162,1.0
1610.344764,1.0
1610.464366,1.0
1610.583968,1.0
1610.70357,1.0
1610.823172,1.0
1610.942774,1.0
1611.062376,1.0
1611.181978,1.0
1611.30158,1.0
1611.421182,1.0
1611.540784,1.0
1611.660386,1.0
1611.779988,1.0
1611.89959,1.0
1612.019192,1.0
1612.138794,1.0
1612.258396,1.0
1612.377998,1.0
1612.4976,1.0
1612.617202,1.0
1612.736804,1.0
1612.856406,1.0
1612.976008,1.0
1613.09561,1.0
1613.215212,1.0
1613.334814,1.0
1613.454416,1.0
1613.574018,1.0
1613.69362,1.0
1613.813222,1.0
1613.932824,1.0
1614.052426,1.0
1614.172028,1.0
1614.29163,1.0
1614.411232,1.0
1614.530834,1.0
1614.650436,1.0
1614.770038,1.0
1614.88964,1.0
1615.009242,1.0
1615.128844,1.0
1615.248446,1.0
1615.368048,1.0
1615.48765,1.0
1615.607252,1.0
1615.726854,1.0
1615.846456,1.0
1615.966058,1.0
1616.08566,1.0
1616.205262,1.0
1616.324864,1.0
1616.444466,1.0
1616.564068,1.0
1616.68367,1.0
1616.803272,1.0
1616.922874,1.0
1617.042476,1.0
1617.162078,1.0
1617.28168,1.0
1617.401282,1.0
1617.520884,1.0
1617.640486,1.0
1617.760088,1.0
1617.87969,1.0
1617.999292,1.0
1618.118894,1.0
1618.238496,1.0
1618.358098,1.0
1618.4777,1.0
1618.597302,1.0
1618.716904,1.0
1618.836506,1.0
1618.956108,1.0
1619.07571,1.0
1619.195312,1.0
1619.314914,1.0
1619.434516,1.0
1619.554118,1.0
1619.67372,1.0
1619.793322,1.0
1619.912924,1.0
1620.032526,1.0
1620.152128,1.0
1620.27173,1.0
1620.391332,1.0
1620.510934,1.0
1620.630536,1.0
1620.750138,1.0
1620.86974,1.0
1620.989342,1.0
1621.108944,1.0
1621.228546,1.0
1621.348148,1.0
1621.46775,1.0
1621.587352,1.0
1621.706954,1.0
1621.826556,1.0
1621.946158,1.0
1622.06576,1.0
1622.185362,1.0
1622.304964,1.0
1622.424566,1.0
1622.544168,1.0
1622.66377,1.0
1622.783372,1.0
1622.902974,1.0
1623.022576,1.0
1623.142178,1.0
1623.26178,1.0
1623.381382,1.0
1623.500984,1.0
1623.620586,1.0
1623.740188,1.0
1623.85979,1.0
1623.979392,1.0
1624.098994,1.0
1624.218596,1.0
1624.338198,1.0
1624.4578,1.0
1624.577402,1.0
1624.697004,1.0
1624.816606,1.0
1624.936208,1.0
1625.05581,1.0
1625.175412,1.0
1625.295014,1.0
1625.414616,1.0
1625.534218,1.0
1625.65382,1.0
1625.773422,1.0
1625.893024,1.0
1626.012626,1.0
1626.132228,1.0
1626.25183,1.0
1626.371432,1.0
1626.491034,1.0
1626.610636,1.0
1626.730238,1.0
1626.84984,1.0
1626.969442,1.0
1627.089044,1.0
1627.208646,1.0
1627.328248,1.0
1627.44785,1.0
1627.567452,1.0
1627.687054,1.0
1627.806656,1.0
1627.926258,1.0
1628.04586,1.0
1628.165462,1.0
1628.285064,1.0
1628.404666,1.0
1628.524268,1.0
1628.64387,1.0
1628.763472,1.0
1628.883074,1.0
1629.002676,1.0
1629.122278,1.0
1629.24188,1.0
1629.361482,1.0
1629.481084,1.0
1629.600686,1.0
1629.720288,1.0
1629.83989,1.0
1629.959492,1.0
1630.079094,1.0
1630.198696,1.0
1630.318298,1.0
1630.4379,1.0
1630.557502,1.0
1630.677104,1.0
1630.796706,1.0
1630.916308,1.0
1631.03591,1.0
1631.155512,1.0
1631.275114,1.0
1631.394716,1.0
1631.514318,1.0
1631.63392,1.0
1631.753522,1.0
1631.873124,1.0
1631.992726,1.0
1632.112328,1.0
1632.23193,1.0
1632.351532,1.0
1632.471134,1.0
1632.590736,1.0
1632.710338,1.0
1632.82994,1.0
1632.949542,1.0
1633.069144,1.0
1633.188746,1.0
1633.308348,1.0
1633.42795,1.0
1633.547552,1.0
1633.667154,1.0
1633.786756,1.0
1633.906358,1.0
1634.02596,1.0
1634.145562,1.0
1634.265164,1.0
1634.384766,1.0
1634.504368,1.0
1634.62397,1.0
1634.743572,1.0
1634.863174,1.0
1634.982776,1.0
1635.102378,1.0
1635.22198,1.0
1635.341582,1.0
1635.461184,1.0
1635.580786,1.0
1635.700388,1.0
1635.81999,1.0
1635.939592,1.0
1636.059194,1.0
1636.178796,1.0
1636.298398,1.0
1636.418,1.0
1636.537602,1.0
1636.657204,1.0
1636.776806,1.0
1636.896408,1.0
1637.01601,1.0
1637.135612,1.0
1637.255214,1.0
1637.374816,1.0
1637.494418,1.0
1637.61402,1.0
1637.733622,1.0
1637.853224,1.0
1637.972826,1.0
1638.092428,1.0
1638.21203,1.0
1638.331632,1.0
1638.451234,1.0
1638.570836,1.0
1638.690438,1.0
1638.81004,1.0
1638.929642,1.0
1639.049244,1.0
1639.168846,1.0
1639.288448,1.0
1639.40805,1.0
1639.527652,1.0
1639.647254,1.0
1639.766856,1.0
1639.886458,1.0
1640.00606,1.0
1640.125662,1.0
1640.245264,1.0
1640.364866,1.0
1640.484468,1.0
1640.60407,1.0
1640.723672,1.0
1640.843274,1.0
1640.962876,1.0
1641.082478,1.0
1641.20208,1.0
1641.321682,1.0
1641.441284,1.0
1641.560886,1.0
1641.680488,1.0
1641.80009,1.0
1641.919692,1.0
1642.039294,1.0
1642.158896,1.0
1642.278498,1.0
1642.3981,1.0
1642.517702,1.0
1642.637304,1.0
1642.756906,1.0
1642.876508,1.0
1642.99611,0.999999989415
1643.115712,1.0
1643.235314,1.0
1643.354916,0.9999999661170006
1643.474518,1.0
1643.59412,0.9999998616500095
1643.713722,1.0
1643.833324,1.0
1643.952926,1.0
1644.072528,0.9999999539950011
1644.19213,0.9999999205110032
1644.311732,1.0
1644.431334,0.9999997202100391
1644.550936,1.0
1644.670538,0.9999999273440027
1644.79014,0.9999998504000112
1644.909742,0.9999999089030042
1645.029344,1.0
1645.148946,0.9999998742200079
1645.268548,1.0
1645.38815,1.0
1645.507752,0.99999999939068
1645.627354,1.0
1645.746956,0.9999998922500059
1645.866558,1.0
1645.98616,1.0
1646.105762,0.999999985456
1646.225364,1.0
1646.344966,0.9999999533030011
1646.464568,0.9999994857901322
1646.58417,0.9999995893700843
1646.703772,0.9999994511201507
1646.823374,0.9999996301100684
1646.942976,0.9999998779200074
1647.062578,0.9999997545200301
1647.18218,0.9999997818600238
1647.301782,0.9999997755400252
1647.421384,1.0
1647.540986,0.999999645060063
1647.660588,0.9999999395260019
1647.78019,0.9999996265000698
1647.899792,0.9999999388010019
1648.019394,0.9999998663400089
1648.138996,0.9999998648100091
1648.258598,1.0
1648.3782,0.9999991438703665
1648.497802,0.9999990042704957
1648.617404,0.9999997735700257
1648.737006,0.9999995903900839
1648.856608,0.9999998129900175
1648.97621,0.9999994443801543
1649.095812,0.9999996754600526
1649.215414,0.9999996200400721
1649.335016,0.999999873200008
1649.454618,0.9999995799300883
1649.57422,0.9999996128900749
1649.693822,0.9999998747200078
1649.813424,0.9999997975300206
1649.933026,0.9999995292701108
1650.052628,0.9999996520800605
1650.17223,0.999999467150142
1650.291832,0.9999996893100482
1650.411434,0.999999665230056
1650.531036,0.9999997740700255
1650.650638,0.9999995547200992
1650.77024,0.9999993373302196
1650.889842,0.9999998601300097
1651.009444,0.9999994438801546
1651.129046,0.9999997313400361
1651.248648,0.9999996035300786
1651.36825,0.9999994516801504
1651.487852,0.999999502090124
1651.607454,0.9999997615000285
1651.727056,0.9999994965901267
1651.846658,0.9999994674701418
1651.96626,0.9999996044600782
1652.085862,0.999999936671002
1652.205464,0.999999443180155
1652.325066,0.9999997555400298
1652.444668,1.0
1652.56427,0.9999989785005218
1652.683872,0.9999994798301353
1652.803474,0.9999997916100217
1652.923076,0.9999995567000982
1653.042678,0.999999356560207
1653.16228,0.9999997839600233
1653.281882,1.0
1653.401484,0.9999999967499
1653.521086,0.9999999516380011
1653.640688,0.9999999457260015
1653.76029,0.9999997738100256
1653.879892,0.9999995903400839
1653.999494,0.99999980022002
1654.119096,0.9999998136400173
1654.238698,0.9999997621800283
1654.3583,0.9999999146050036
1654.477902,0.9999999396200018
1654.597504,0.9999991020204032
1654.717106,0.9999992254003
1654.836708,0.9999995048901226
1654.95631,0.9999995402501057
1655.075912,0.999999873820008
1655.195514,0.9999996360500663
1655.315116,0.9999996087200765
1655.434718,0.9999995897600842
1655.55432,0.9999996387500653
1655.673922,0.99999953096011
1655.793524,0.9999995686000931
1655.913126,0.9999995457401032
1656.032728,0.9999996939700468
1656.15233,0.9999995537300996
1656.271932,0.9999999680680005
1656.391534,0.9999995808200879
1656.511136,0.9999993433702156
1656.630738,0.9999996381700654
1656.75034,0.9999999235650029
1656.869942,0.9999998407700127
1656.989544,0.9999999790330002
1657.109146,0.999999997928
1657.228748,0.9999997533800304
1657.34835,0.9999998223400158
1657.467952,0.9999999964933
1657.587554,0.9999999741360003
1657.707156,0.9999998357600135
1657.826758,0.999999776430025
1657.94636,0.9999996143900743
1658.065962,0.9999996182600729
1658.185564,0.9999997808500241
1658.305166,0.9999998315600142
1658.424768,0.9999998716400083
1658.54437,1.0
1658.663972,0.999999820870016
1658.783574,0.9999997768800248
1658.903176,0.9999997516800309
1659.022778,0.9999998068100187
1659.14238,1.0
1659.261982,0.9999999687520005
1659.381584,0.999999988515
1659.501186,1.0
1659.620788,1.0
1659.74039,1.0
1659.859992,1.0
1659.979594,0.9999998111700178
1660.099196,0.999999989576
1660.218798,0.9999997864700227
1660.3384,0.999999890400006
1660.458002,1.0
1660.577604,0.9999999764570002
1660.697206,1.0
1660.816808,1.0
1660.93641,1.0
1661.056012,1.0
1661.175614,0.9999999602140008
1661.295216,0.9999998319500141
1661.414818,1.0
1661.53442,1.0
1661.654022,1.0
1661.773624,1.0
1661.893226,0.9999999594450009
1662.012828,1.0
1662.13243,1.0
1662.252032,1.0
1662.371634,1.0
1662.491236,0.9999999971207
1662.610838,1.0
1662.73044,0.9999998573700102
1662.850042,0.9999999409060017
1662.969644,0.9999997820800237
1663.089246,1.0
1663.208848,1.0
1663.32845,1.0
1663.448052,1.0
1663.567654,1.0
1663.687256,1.0
1663.806858,1.0
1663.92646,1.0
1664.046062,0.9999999620520007
1664.165664,1.0
1664.285266,1.0
1664.404868,0.9999999698270005
1664.52447,0.999999985204
1664.644072,0.999999993939
1664.763674,0.9999999967245
1664.883276,0.9999999964979
1665.002878,0.9999999952218
1665.12248,0.9999998444200121
1665.242082,0.9999999268540026
1665.361684,1.0
1665.481286,0.9999999815050001
1665.600888,0.9999999305570024
1665.72049,1.0
1665.840092,1.0
1665.959694,1.0
1666.079296,1.0
1666.198898,0.9999998911800059
1666.3185,1.0
1666.438102,0.9999998801300072
1666.557704,0.9999996185000728
1666.677306,0.9999999655040006
1666.796908,0.9999998871200064
1666.91651,0.9999997533600304
1667.036112,0.999999759220029
1667.155714,1.0
1667.275316,0.9999999813820002
1667.394918,0.999999921486003
1667.51452,1.0
1667.634122,0.9999999797150002
1667.753724,1.0
1667.873326,0.9999997169700401
1667.992928,0.9999997467100321
1668.11253,0.9999999727600004
1668.232132,1.0
1668.351734,0.9999999907611
1668.471336,0.9999997894500222
1668.590938,0.9999998164500169
1668.71054,0.9999998893500062
1668.830142,0.9999999180390033
1668.949744,0.999999985164
1669.069346,1.0
1669.188948,1.0
1669.30855,1.0
1669.428152,1.0
1669.547754,0.999999731790036
1669.667356,0.9999999444040015
1669.786958,1.0
1669.90656,1.0
1670.026162,0.9999998879400063
1670.145764,0.9999998537400107
1670.265366,0.9999998265200151
1670.384968,0.9999998433000122
1670.50457,1.0
1670.624172,1.0
1670.743774,0.9999997366500347
1670.863376,1.0
1670.982978,1.0
1671.10258,1.0
1671.222182,1.0
1671.341784,1.0
1671.461386,1.0
1671.580988,0.9999997987100202
1671.70059,0.9999997894200222
1671.820192,1.0
1671.939794,1.0
1672.059396,1.0
1672.178998,0.9999999968215
1672.2986,1.0
1672.418202,1.0
1672.537804,0.9999999966821
1672.657406,0.9999999978646
1672.777008,1.0
1672.89661,1.0
1673.016212,1.0
1673.135814,0.9999999745530003
1673.255416,1.0
1673.375018,0.9999999934181
1673.49462,1.0
1673.614222,1.0
1673.733824,1.0
1673.853426,1.0
1673.973028,1.0
1674.09263,0.9999999646320006
1674.212232,1.0
1674.331834,1.0
1674.451436,1.0
1674.571038,1.0
1674.69064,1.0
1674.810242,0.9999999604740007
1674.929844,1.0
1675.049446,1.0
1675.169048,1.0
1675.28865,1.0
1675.408252,1.0
1675.527854,1.0
1675.647456,0.999999986703
1675.767058,1.0
1675.88666,1.0
1676.006262,1.0
1676.125864,1.0
1676.245466,0.9999999628610007
1676.365068,1.0
1676.48467,1.0
1676.604272,1.0
1676.723874,0.9999999946811
1676.843476,1.0
1676.963078,1.0
1677.08268,1.0
1677.202282,1.0
1677.321884,1.0
1677.441486,1.0
1677.561088,1.0
1677.68069,1.0
1677.800292,1.0
1677.919894,1.0
1678.039496,1.0
1678.159098,1.0
1678.2787,1.0
1678.398302,1.0
1678.517904,1.0
1678.637506,1.0
1678.757108,1.0
1678.87671,1.0
1678.996312,1.0
1679.115914,1.0
1679.235516,1.0
1679.355118,1.0
1679.47472,1.0
1679.594322,1.0
1679.713924,1.0
1679.833526,1.0
1679.953128,1.0
1680.07273,1.0
1680.192332,1.0
1680.311934,1.0
1680.431536,1.0
1680.551138,1.0
1680.67074,1.0
1680.790342,1.0
1680.909944,1.0
1681.029546,1.0
1681.149148,1.0
1681.26875,1.0
1681.388352,1.0
1681.507954,1.0
1681.627556,1.0
1681.747158,1.0
1681.86676,1.0
1681.986362,1.0
1682.105964,1.0
1682.225566,1.0
1682.345168,1.0
1682.46477,1.0
1682.584372,1.0
1682.703974,1.0
1682.823576,1.0
1682.943178,1.0
1683.06278,1.0
1683.182382,1.0
1683.301984,1.0
1683.421586,1.0
1683.541188,1.0
1683.66079,1.0
1683.780392,1.0
1683.899994,1.0
1684.019596,1.0
1684.139198,1.0
1684.2588,1.0
1684.378402,1.0
1684.498004,1.0
1684.617606,1.0
1684.737208,1.0
1684.85681,1.0
1684.976412,1.0
1685.096014,1.0
1685.215616,1.0
1685.335218,1.0
1685.45482,1.0
1685.574422,1.0
1685.694024,1.0
1685.813626,1.0
1685.933228,1.0
1686.05283,1.0
1686.172432,1.0
1686.292034,1.0
1686.411636,1.0
1686.531238,1.0
1686.65084,1.0
1686.770442,1.0
1686.890044,1.0
1687.009646,1.0
1687.129248,1.0
1687.24885,1.0
1687.368452,1.0
1687.488054,1.0
1687.607656,1.0
1687.727258,1.0
1687.84686,1.0
1687.966462,1.0
1688.086064,1.0
1688.205666,1.0
1688.325268,1.0
1688.44487,1.0
1688.564472,1.0
1688.684074,1.0
1688.803676,1.0
1688.923278,1.0
1689.04288,1.0
1689.162482,1.0
1689.282084,1.0
1689.401686,1.0
1689.521288,1.0
1689.64089,1.0
1689.760492,1.0
1689.880094,1.0
1689.999696,1.0
1690.119298,1.0
1690.2389,1.0
1690.358502,1.0
1690.478104,1.0
1690.597706,1.0
1690.717308,1.0
1690.83691,1.0
1690.956512,1.0
1691.076114,1.0
1691.195716,1.0
1691.315318,1.0
1691.43492,1.0
1691.554522,1.0
1691.674124,1.0
1691.793726,1.0
1691.913328,1.0
1692.03293,1.0
1692.152532,1.0
1692.272134,1.0
1692.391736,1.0
1692.511338,1.0
1692.63094,1.0
1692.750542,1.0
1692.870144,1.0
1692.989746,1.0
1693.109348,1.0
1693.22895,1.0
1693.348552,1.0
1693.468154,1.0
1693.587756,1.0
1693.707358,1.0
1693.82696,1.0
1693.946562,1.0
1694.066164,1.0
1694.185766,1.0
1694.305368,1.0
1694.42497,1.0
1694.544572,1.0
1694.664174,1.0
1694.783776,1.0
1694.903378,1.0
1695.02298,1.0
1695.142582,1.0
1695.262184,1.0
1695.381786,1.0
1695.501388,1.0
1695.62099,1.0
1695.740592,1.0
1695.860194,1.0
1695.979796,1.0
1696.099398,1.0
1696.219,1.0
1696.338602,1.0
1696.458204,1.0
1696.577806,1.0
1696.697408,1.0
1696.81701,1.0
1696.936612,1.0
1697.056214,1.0
1697.175816,1.0
1697.295418,1.0
1697.41502,1.0
1697.534622,1.0
1697.654224,1.0
1697.773826,1.0
1697.893428,1.0
1698.01303,1.0
1698.132632,1.0
1698.252234,1.0
1698.371836,1.0
1698.491438,1.0
1698.61104,1.0
1698.730642,1.0
1698.850244,1.0
1698.969846,1.0
1699.089448,1.0
1699.20905,1.0
1699.328652,1.0
1699.448254,1.0
1699.567856,1.0
1699.687458,1.0
1699.80706,1.0
1699.926662,1.0
1700.046264,1.0
1700.165866,1.0
1700.285468,1.0
1700.40507,1.0
1700.524672,1.0
1700.644274,1.0
1700.763876,1.0
1700.883478,1.0
1701.00308,1.0
1701.122682,1.0
1701.242284,1.0
1701.361886,1.0
1701.481488,1.0
1701.60109,1.0
1701.720692,1.0
1701.840294,1.0
1701.959896,1.0
1702.079498,1.0
1702.1991,1.0
1702.318702,1.0
1702.438304,1.0
1702.557906,1.0
1702.677508,1.0
1702.79711,1.0
1702.916712,1.0
1703.036314,1.0
1703.155916,1.0
1703.275518,1.0
1703.39512,1.0
1703.514722,1.0
1703.634324,1.0
1703.753926,1.0
1703.873528,1.0
1703.99313,1.0
1704.112732,1.0
1704.232334,1.0
1704.351936,1.0
1704.471538,1.0
1704.59114,1.0
1704.710742,1.0
1704.830344,1.0
1704.949946,1.0
1705.069548,1.0
1705.18915,1.0
1705.308752,1.0
1705.428354,1.0
1705.547956,1.0
1705.667558,1.0
1705.78716,1.0
1705.906762,1.0
1706.026364,1.0
1706.145966,1.0
1706.265568,1.0
1706.38517,1.0
1706.504772,1.0
1706.624374,1.0
1706.743976,1.0
1706.863578,1.0
1706.98318,1.0
1707.102782,1.0
1707.222384,1.0
1707.341986,1.0
1707.461588,1.0
1707.58119,1.0
1707.700792,1.0
1707.820394,1.0
1707.939996,1.0
1708.059598,1.0
1708.1792,1.0
1708.298802,1.0
1708.418404,1.0
1708.538006,1.0
1708.657608,1.0
1708.77721,1.0
1708.896812,1.0
1709.016414,1.0
1709.136016,1.0
1709.255618,1.0
1709.37522,1.0
1709.494822,1.0
1709.614424,1.0
1709.734026,1.0
1709.853628,1.0
1709.97323,1.0
1710.092832,1.0
1710.212434,1.0
1710.332036,1.0
1710.451638,1.0
1710.57124,1.0
1710.690842,1.0
1710.810444,1.0
1710.930046,1.0
1711.049648,1.0
1711.16925,1.0
1711.288852,1.0
1711.408454,1.0
1711.528056,1.0
1711.647658,1.0
1711.76726,1.0
1711.886862,1.0
1712.006464,1.0
1712.126066,1.0
1712.245668,1.0
1712.36527,1.0
1712.484872,1.0
1712.604474,1.0
1712.724076,1.0
1712.843678,1.0
1712.96328,1.0
1713.082882,1.0
1713.202484,1.0
1713.322086,1.0
1713.441688,1.0
1713.56129,1.0
1713.680892,1.0
1713.800494,1.0
1713.920096,1.0
1714.039698,1.0
1714.1593,1.0
1714.278902,1.0
1714.398504,1.0
1714.518106,1.0
1714.637708,1.0
1714.75731,1.0
1714.876912,1.0
1714.996514,1.0
1715.116116,1.0
1715.235718,1.0
1715.35532,1.0
1715.474922,1.0
1715.594524,1.0
1715.714126,1.0
1715.833728,1.0
1715.95333,1.0
1716.072932,1.0
1716.192534,1.0
1716.312136,1.0
1716.431738,1.0
1716.55134,1.0
1716.670942,1.0
1716.790544,1.0
1716.910146,1.0
1717.029748,1.0
1717.14935,1.0
1717.268952,1.0
1717.388554,1.0
1717.508156,1.0
1717.627758,1.0
1717.74736,1.0
1717.866962,1.0
1717.986564,1.0
1718.106166,1.0
1718.225768,1.0
1718.34537,1.0
1718.464972,1.0
1718.584574,1.0
1718.704176,1.0
1718.823778,1.0
1718.94338,1.0
1719.062982,1.0
1719.182584,1.0
1719.302186,1.0
1719.421788,1.0
1719.54139,1.0
1719.660992,1.0
1719.780594,1.0
1719.900196,1.0
1720.019798,1.0
1720.1394,1.0
1720.259002,1.0
1720.378604,1.0
1720.498206,1.0
1720.617808,1.0
1720.73741,1.0
1720.857012,1.0
1720.976614,1.0
1721.096216,1.0
1721.215818,1.0
1721.33542,1.0
1721.455022,1.0
1721.574624,1.0
1721.694226,1.0
1721.813828,1.0
1721.93343,1.0
1722.053032,1.0
1722.172634,1.0
1722.292236,1.0
1722.411838,1.0
1722.53144,1.0
1722.651042,1.0
1722.770644,1.0
1722.890246,1.0
1723.009848,1.0
1723.12945,1.0
1723.249052,1.0
1723.368654,1.0
1723.488256,1.0
1723.607858,1.0
1723.72746,1.0
1723.847062,1.0
1723.966664,1.0
1724.086266,1.0
1724.205868,1.0
1724.32547,1.0
1724.445072,0.9999998756500077
1724.564674,1.0
1724.684276,1.0
1724.803878,1.0
1724.92348,1.0
1725.043082,1.0
1725.162684,1.0
1725.282286,1.0
1725.401888,1.0
1725.52149,1.0
1725.641092,1.0
1725.760694,1.0
1725.880296,1.0
1725.999898,1.0
1726.1195,1.0
1726.239102,1.0
1726.358704,1.0
1726.478306,1.0
1726.597908,1.0
1726.71751,1.0
1726.837112,1.0
1726.956714,0.9999999741760003
1727.076316,1.0
1727.195918,1.0
1727.31552,1.0
1727.435122,1.0
1727.554724,0.9999999968837
1727.674326,1.0
1727.793928,0.9999999053600045
1727.91353,0.9999999306730024
1728.033132,1.0
1728.152734,0.9999999717540003
1728.272336,0.9999999774310002
1728.391938,1.0
1728.51154,1.0
1728.631142,0.9999999935813
1728.750744,1.0
1728.870346,1.0
1728.989948,0.9999998435200123
1729.10955,0.9999998629100094
1729.229152,1.0
1729.348754,0.9999997683300268
1729.468356,0.9999999719390004
1729.587958,1.0
1729.70756,1.0
1729.827162,1.0
1729.946764,0.9999999714050004
1730.066366,1.0
1730.185968,1.0
1730.30557,1.0
1730.425172,0.9999998776800075
1730.544774,0.9999999813690001
1730.664376,1.0
1730.783978,0.9999999966218
1730.90358,1.0
1731.023182,1.0
1731.142784,1.0
1731.262386,1.0
1731.381988,1.0
1731.50159,1.0
1731.621192,1.0
1731.740794,1.0
1731.860396,1.0
1731.979998,1.0
1732.0996,1.0
1732.219202,1.0
1732.338804,1.0
1732.458406,1.0
1732.578008,1.0
1732.69761,0.9999998923900058
1732.817212,0.9999999964557
1732.936814,1.0
1733.056416,0.999999987534
1733.176018,1.0
1733.29562,0.999999989476
1733.415222,1.0
1733.534824,1.0
1733.654426,1.0
1733.774028,1.0
1733.89363,0.999999987717
1734.013232,0.9999999910344
1734.132834,1.0
1734.252436,1.0
1734.372038,1.0
1734.49164,1.0
1734.611242,1.0
1734.730844,1.0
1734.850446,0.9999999380750019
1734.970048,1.0
1735.08965,1.0
1735.209252,1.0
1735.328854,1.0
1735.448456,1.0
1735.568058,1.0
1735.68766,1.0
1735.807262,1.0
1735.926864,1.0
1736.046466,1.0
1736.166068,1.0
1736.28567,1.0
1736.405272,1.0
1736.524874,1.0
1736.644476,1.0
1736.764078,1.0
1736.88368,1.0
1737.003282,1.0
1737.122884,1.0
1737.242486,1.0
1737.362088,1.0
1737.48169,1.0
1737.601292,1.0
1737.720894,1.0
1737.840496,1.0
1737.960098,1.0
1738.0797,1.0
1738.199302,1.0
1738.318904,1.0
1738.438506,1.0
1738.558108,1.0
1738.67771,1.0
1738.797312,1.0
1738.916914,1.0
1739.036516,1.0
1739.156118,1.0
1739.27572,1.0
1739.395322,1.0
1739.514924,1.0
1739.634526,1.0
1739.754128,1.0
1739.87373,1.0
1739.993332,1.0
1740.112934,1.0
1740.232536,0.9999999725760004
1740.352138,1.0
1740.47174,1.0
1740.591342,1.0
1740.710944,1.0
1740.830546,1.0
1740.950148,0.9999999846930001
1741.06975,1.0
1741.189352,1.0
1741.308954,1.0
1741.428556,1.0
1741.548158,1.0
1741.66776,1.0
1741.787362,1.0
1741.906964,1.0
1742.026566,1.0
1742.146168,1.0
1742.26577,1.0
1742.385372,1.0
1742.504974,1.0
1742.624576,1.0
1742.744178,1.0
1742.86378,1.0
1742.983382,1.0
1743.102984,1.0
1743.222586,1.0
1743.342188,1.0
1743.46179,1.0
1743.581392,1.0
1743.700994,1.0
1743.820596,1.0
1743.940198,1.0
1744.0598,1.0
1744.179402,1.0
1744.299004,1.0
1744.418606,1.0
1744.538208,1.0
1744.65781,1.0
1744.777412,1.0
1744.897014,0.9999999438840016
1745.016616,0.999999987328
1745.136218,1.0
1745.25582,1.0
1745.375422,1.0
1745.495024,0.9999999640590006
1745.614626,1.0
1745.734228,0.9999998618900096
1745.85383,1.0
1745.973432,1.0
1746.093034,1.0
1746.212636,0.9999999711110004
1746.332238,1.0
1746.45184,1.0
1746.571442,1.0
1746.691044,1.0
1746.810646,1.0
1746.930248,1.0
1747.04985,0.999999989788
1747.169452,1.0
1747.289054,1.0
1747.408656,1.0
1747.528258,1.0
1747.64786,1.0
1747.767462,1.0
1747.887064,1.0
1748.006666,1.0
1748.126268,1.0
1748.24587,1.0
1748.365472,1.0
1748.485074,1.0
1748.604676,1.0
1748.724278,0.9999999692480005
1748.84388,0.9999999629940007
1748.963482,1.0
1749.083084,1.0
1749.202686,1.0
1749.322288,1.0
1749.44189,1.0
1749.561492,1.0
1749.681094,1.0
1749.800696,1.0
1749.920298,1.0
1750.0399,1.0
1750.159502,1.0
1750.279104,1.0
1750.398706,1.0
1750.518308,1.0
1750.63791,1.0
1750.757512,1.0
1750.877114,1.0
1750.996716,1.0
1751.116318,1.0
1751.23592,1.0
1751.355522,1.0
1751.475124,1.0
1751.594726,1.0
1751.714328,1.0
1751.83393,1.0
1751.953532,1.0
1752.073134,1.0
1752.192736,1.0
1752.312338,1.0
1752.43194,1.0
1752.551542,1.0
1752.671144,1.0
1752.790746,1.0
1752.910348,1.0
1753.02995,1.0
1753.149552,1.0
1753.269154,1.0
1753.388756,1.0
1753.508358,1.0
1753.62796,1.0
1753.747562,1.0
1753.867164,1.0
1753.986766,1.0
1754.106368,1.0
1754.22597,1.0
1754.345572,0.9999998490100114
1754.465174,1.0
1754.584776,1.0
1754.704378,1.0
1754.82398,1.0
1754.943582,1.0
1755.063184,1.0
1755.182786,1.0
1755.302388,1.0
1755.42199,1.0
1755.541592,1.0
1755.661194,0.9999998766200077
1755.780796,1.0
1755.900398,1.0
1756.02,1.0
1756.139602,1.0
1756.259204,1.0
1756.378806,1.0
1756.498408,1.0
1756.61801,1.0
1756.737612,1.0
1756.857214,0.9999999413360017
1756.976816,0.9999998783800074
1757.096418,1.0
1757.21602,1.0
1757.335622,0.99999985861001
1757.455224,1.0
1757.574826,0.9999999034220046
1757.694428,1.0
1757.81403,1.0
1757.933632,0.99999999946776
1758.053234,0.9999999963301
1758.172836,0.999999998375
1758.292438,0.9999999993314
1758.41204,0.9999999838420002
1758.531642,0.9999999720850004
1758.651244,0.9999999218590031
1758.770846,1.0
1758.890448,0.9999995226601139
1759.01005,0.9999999347700022
1759.129652,1.0
1759.249254,0.9999999736930003
1759.368856,1.0
1759.488458,0.9999997682800269
1759.60806,1.0
1759.727662,0.999999998465
1759.847264,1.0
1759.966866,0.9999999240410029
1760.086468,0.9999998550100105
1760.20607,0.9999998677300087
1760.325672,0.9999998638800093
1760.445274,0.9999999335620022
1760.564876,1.0
1760.684478,1.0
1760.80408,0.9999999253840027
1760.923682,0.9999999309430024
1761.043284,0.9999997833900235
1761.162886,0.9999997862200228
1761.282488,0.9999997288200367
1761.40209,0.999999988144
1761.521692,0.999999671360054
1761.641294,1.0
1761.760896,1.0
1761.880498,0.9999999937558
1762.0001,0.9999994652801429
1762.119702,0.9999999188920032
1762.239304,0.9999999733960003
1762.358906,0.9999996361400662
1762.478508,0.9999999909635
1762.59811,0.9999997936200213
1762.717712,0.9999996337800671
1762.837314,0.9999999838170002
1762.956916,0.9999997688400267
1763.076518,0.9999999948241
1763.19612,0.9999999483540013
1763.315722,0.9999996767200523
1763.435324,0.9999995507401009
1763.554926,0.9999997057000433
1763.674528,0.9999995862900856
1763.79413,0.9999999723600004
1763.913732,0.9999996717700539
1764.033334,0.9999998936500056
1764.152936,0.9999997886900224
1764.272538,0.9999996086400765
1764.39214,0.9999996939000468
1764.511742,0.9999999452040015
1764.631344,0.9999998551500104
1764.750946,0.9999996741600531
1764.870548,0.9999996167700734
1764.99015,0.9999995525401001
1765.109752,0.9999996235600709
1765.229354,0.9999995819500874
1765.348956,0.9999996821100505
1765.468558,0.9999998974500053
1765.58816,0.9999998897200061
1765.707762,0.9999998085200184
1765.827364,0.9999995967700813
1765.946966,0.9999996666100556
1766.066568,0.9999994111401734
1766.18617,0.9999997388600341
1766.305772,0.9999997368500346
1766.425374,0.9999992573502757
1766.544976,0.9999996852500496
1766.664578,0.9999993763801944
1766.78418,0.999999370770198
1766.903782,0.999999516350117
1767.023384,0.9999994932701284
1767.142986,0.9999993316502234
1767.262588,0.9999993844901894
1767.38219,0.9999994040101776
1767.501792,0.9999997191800394
1767.621394,0.9999996866700491
1767.740996,0.9999994023201786
1767.860598,0.9999995340701086
1767.9802,0.9999998595800098
1768.099802,1.0
1768.219404,0.9999993758001948
1768.339006,0.9999999901299
1768.458608,0.9999994780501362
1768.57821,0.9999995899100841
1768.697812,0.9999997714100262
1768.817414,0.9999998274700149
1768.937016,0.9999999630260007
1769.056618,0.9999996254900702
1769.17622,0.9999997985200203
1769.295822,0.9999997050700435
1769.415424,0.9999997117400415
1769.535026,0.9999997986800203
1769.654628,0.9999994655401429
1769.77423,0.999999662250057
1769.893832,0.999999815860017
1770.013434,0.9999998426300124
1770.133036,1.0
1770.252638,0.9999997543900302
1770.37224,0.9999999974971
1770.491842,1.0
1770.611444,1.0
1770.731046,0.9999998523800109
1770.850648,1.0
1770.97025,0.9999998864700065
1771.089852,1.0
1771.209454,0.9999999165290034
1771.329056,0.9999999809800002
1771.448658,0.9999996280900691
1771.56826,1.0
1771.687862,0.9999998606000097
1771.807464,1.0
1771.927066,1.0
1772.046668,0.9999999441220015
1772.16627,1.0
1772.285872,1.0
1772.405474,1.0
1772.525076,1.0
1772.644678,1.0
1772.76428,0.9999999386790018
1772.883882,0.9999998552100104
1773.003484,1.0
1773.123086,1.0
1773.242688,1.0
1773.36229,1.0
1773.481892,1.0
1773.601494,1.0
1773.721096,1.0
1773.840698,1.0
1773.9603,1.0
1774.079902,1.0
1774.199504,1.0
1774.319106,1.0
1774.438708,1.0
1774.55831,1.0
1774.677912,1.0
1774.797514,1.0
1774.917116,1.0
1775.036718,1.0
1775.15632,1.0
1775.275922,1.0
1775.395524,1.0
1775.515126,1.0
1775.634728,1.0
1775.75433,1.0
1775.873932,1.0
1775.993534,1.0
1776.113136,1.0
1776.232738,1.0
1776.35234,1.0
1776.471942,1.0
1776.591544,1.0
1776.711146,1.0
1776.830748,1.0
1776.95035,0.9999999974691
1777.069952,0.9999999901042
1777.189554,1.0
1777.309156,1.0
1777.428758,1.0
1777.54836,0.99999999985776
1777.667962,0.9999999927837
1777.787564,1.0
1777.907166,1.0
1778.026768,1.0
1778.14637,1.0
1778.265972,0.9999998315000141
1778.385574,0.9999999945786
1778.505176,1.0
1778.624778,1.0
1778.74438,1.0
1778.863982,0.9999999294540025
1778.983584,0.9999999352230021
1779.103186,1.0
1779.222788,0.9999996660000557
1779.34239,0.9999997534600303
1779.461992,0.9999998872200063
1779.581594,1.0
1779.701196,0.9999998595400099
1779.820798,0.9999999529230011
1779.9404,0.9999998479500115
1780.060002,0.999999662300057
1780.179604,0.9999995546600992
1780.299206,0.9999999178010034
1780.418808,1.0
1780.53841,0.9999997287100368
1780.658012,0.9999998828800069
1780.777614,0.9999998821700069
1780.897216,0.9999993080202394
1781.016818,0.9999994941401279
1781.13642,0.9999994639501437
1781.256022,0.9999997609100286
1781.375624,0.999999647740062
1781.495226,0.999999535170108
1781.614828,0.9999994915301292
1781.73443,0.9999994507901508
1781.854032,0.999999592550083
1781.973634,0.9999998687500086
1782.093236,0.9999997839500233
1782.212838,0.9999999017850049
1782.33244,0.9999995793500884
1782.452042,0.9999994051901769
1782.571644,0.9999996375700657
1782.691246,0.9999993931701842
1782.810848,0.9999995202301151
1782.93045,0.9999995904600839
1783.050052,0.9999995252201127
1783.169654,0.9999994064101762
1783.289256,0.9999992737302638
1783.408858,0.9999991308003777
1783.52846,0.9999991476703632
1783.648062,0.9999990748104279
1783.767664,0.999999312930236
1783.887266,0.9999994330201607
1784.006868,0.9999994088901747
1784.12647,0.9999991994303205
1784.246072,0.9999993278802258
1784.365674,0.9999994260001648
1784.485276,0.9999990987304062
1784.604878,0.9999987569007727
1784.72448,0.9999993105002377
1784.844082,0.9999997460200323
1784.963684,1.0
1785.083286,0.9999994298701625
1785.202888,0.9999989961005039
1785.32249,0.9999991076003982
1785.442092,0.9999991501103611
1785.561694,0.999999057620444
1785.681296,0.9999986292009395
1785.800898,0.9999990220004782
1785.9205,0.9999990019404981
1786.040102,0.999999177830338
1786.159704,0.999998810000708
1786.279306,0.9999991587703538
1786.398908,0.9999989863005138
1786.51851,0.999998871300637
1786.638112,0.9999987176008223
1786.757714,0.9999992829602571
1786.877316,0.9999989953005047
1786.996918,0.9999990300904703
1787.11652,0.9999988679006409
1787.236122,0.999999065110437
1787.355724,0.9999989125005914
1787.475326,0.9999987629007652
1787.594928,0.999998800800719
1787.71453,0.9999989241005788
1787.834132,0.9999989734005269
1787.953734,0.9999986055009723
1788.073336,0.9999988292006854
1788.192938,0.9999989410005607
1788.31254,0.9999989727005276
1788.432142,0.9999989013006035
1788.551744,0.9999986601008977
1788.671346,0.9999991605503523
1788.790948,0.9999986450009181
1788.91055,0.9999988173006994
1789.030152,0.9999988674006414
1789.149754,0.9999989166005869
1789.269356,0.9999986425009214
1789.388958,0.9999984295012332
1789.50856,0.9999984692011716
1789.628162,0.9999989085005957
1789.747764,0.9999984093012652
1789.867366,0.9999990798804234
1789.986968,0.9999989051005994
1790.10657,0.9999990314104691
1790.226172,0.9999987861007368
1790.345774,0.9999988730006351
1790.465376,0.9999986785008732
1790.584978,0.9999987890007332
1790.70458,0.9999985354010725
1790.824182,0.999998580801007
1790.943784,1.0
1791.063386,0.9999988317006825
1791.182988,0.9999986761008763
1791.30259,0.9999987020008424
1791.422192,0.9999985755010146
1791.541794,0.999998776900748
1791.661396,0.999998811700706
1791.780998,0.9999985532010466
1791.9006,0.9999981907016368
1792.020202,0.9999984676011742
1792.139804,0.9999986262009437
1792.259406,0.9999986440009193
1792.379008,0.9999987863007366
1792.49861,0.9999991125003939
1792.618212,0.9999995376501069
1792.737814,0.9999981402017294
1792.857416,0.9999982789014811
1792.977018,0.9999985295010811
1793.09662,0.9999986879008608
1793.216222,0.999998898100607
1793.335824,0.9999990510704503
1793.455426,0.9999990343904662
1793.575028,0.9999988186006978
1793.69463,0.9999987276008095
1793.814232,0.9999988078007107
1793.933834,0.9999989848005153
1794.053436,0.9999988393006736
1794.173038,0.9999991898803281
1794.29264,0.9999989602005406
1794.412242,0.9999992790002599
1794.531844,0.9999993527902095
1794.651446,0.9999988439006683
1794.771048,0.9999991779803379
1794.89065,0.9999989675005331
1795.010252,0.9999992285302975
1795.129854,0.9999996997800451
1795.249456,0.9999995526601001
1795.369058,0.9999992926702501
1795.48866,0.9999997542700302
1795.608262,0.9999994036801778
1795.727864,0.9999990706104319
1795.847466,0.9999996322200676
1795.967068,0.9999993338602219
1796.08667,0.999999805230019
1796.206272,0.9999995643800949
1796.325874,0.999999413590172
1796.445476,0.9999996592200581
1796.565078,0.9999996426300639
1796.68468,0.999999986057
1796.804282,0.9999998140200173
1796.923884,0.9999999974584
1797.043486,0.9999996570300588
1797.163088,0.9999999266000027
1797.28269,0.9999999928895
1797.402292,0.9999998187500164
1797.521894,0.9999994576101471
1797.641496,0.9999994924801288
1797.761098,0.9999999792280002
1797.8807,0.9999995341501086
1798.000302,0.9999998505600112
1798.119904,0.9999997826400236
1798.239506,0.9999999011260049
1798.359108,0.999999890100006
1798.47871,0.9999999138730037
1798.598312,0.9999997966100207
1798.717914,1.0
1798.837516,1.0
1798.957118,0.9999997866700228
1799.07672,0.9999998406400127
1799.196322,1.0
1799.315924,0.9999998865300065
1799.435526,1.0
1799.555128,0.9999997970500206
1799.67473,0.9999998441700121
1799.794332,0.9999993468702133
1799.913934,0.9999999631810007
1800.033536,0.9999999943442
1800.153138,0.9999996123100752
1800.27274,1.0
1800.392342,0.9999998929900057
1800.511944,1.0
1800.631546,0.9999999936309
1800.751148,1.0
1800.87075,0.99999999907522
1800.990352,0.9999999971457
1801.109954,0.9999996864100492
1801.229556,0.9999999304450025
1801.349158,1.0
1801.46876,0.9999998288600146
1801.588362,1.0
1801.707964,0.9999997518800308
1801.827566,0.9999998492800114
1801.947168,0.9999997726800258
1802.06677,0.9999996712100541
1802.186372,0.9999997706700263
1802.305974,0.9999996055800778
1802.425576,0.9999999175380034
1802.545178,0.9999995165401169
1802.66478,0.9999993287102253
1802.784382,0.9999995731100911
1802.903984,0.9999995068101216
1803.023586,0.9999996613100574
1803.143188,0.9999997789300245
1803.26279,0.9999998918900058
1803.382392,0.9999997020200444
1803.501994,0.9999994674701418
1803.621596,0.9999995820400873
1803.741198,0.9999996851200496
1803.8608,0.9999996169200733
1803.980402,0.999999504190123
1804.100004,0.9999993540402087
1804.219606,0.9999993184202323
1804.339208,0.999999347350213
1804.45881,0.999999498070126
1804.578412,0.9999991711803434
1804.698014,0.9999988395006734
1804.817616,0.9999992108003114
1804.937218,0.9999993778901936
1805.05682,0.9999993096602383
1805.176422,0.9999994844101329
1805.296024,0.9999993054702412
1805.415626,0.9999991966503227
1805.535228,0.9999994336701604
1805.65483,0.9999992519702797
1805.774432,0.9999990873004165
1805.894034,0.9999993165802336
1806.013636,0.9999993007902445
1806.133238,0.9999993284902254
1806.25284,0.9999994264201645
1806.372442,0.9999991206503867
1806.492044,0.9999994841401331
1806.611646,0.9999991881503295
1806.731248,0.9999989803005199
1806.85085,0.9999994264601645
1806.970452,0.9999993166102336
1807.090054,0.9999990602004416
1807.209656,0.9999994965001268
1807.329258,0.9999990813304219
1807.44886,0.9999990435004574
1807.568462,0.9999989779005224
1807.688064,0.999999662270057
1807.807666,0.9999990653904367
1807.927268,0.9999992169903066
1808.04687,0.9999992642402706
1808.166472,0.9999990477004534
1808.286074,0.9999989374005646
1808.405676,0.9999993312802236
1808.525278,0.9999996437000634
1808.64488,0.9999991252903826
1808.764482,0.9999990450804559
1808.884084,0.9999992269902988
1809.003686,0.9999990406404602
1809.123288,0.9999989505005508
1809.24289,0.9999992695502667
1809.362492,0.9999994700401404
1809.482094,0.9999991378303716
1809.601696,0.999999036690464
1809.721298,0.9999990276104728
1809.8409,0.9999992472502833
1809.960502,0.9999991046904008
1810.080104,0.9999992244903007
1810.199706,0.9999993658602011
1810.319308,0.9999994291401629
1810.43891,0.999999310050238
1810.558512,0.9999992247303006
1810.678114,0.9999993683301995
1810.797716,0.9999988579006522
1810.917318,0.9999993539802087
1811.03692,0.9999988986006065
1811.156522,0.9999990637104383
1811.276124,0.9999992334702937
1811.395726,0.9999991219303855
1811.515328,0.9999992039203168
1811.63493,0.9999987570007726
1811.754532,0.9999991296803787
1811.874134,0.99999916335035
1811.993736,0.999999304390242
1812.113338,0.9999991769203387
1812.23294,0.9999996145900742
1812.352542,0.999999138620371
1812.472144,0.9999992050503159
1812.591746,0.999999369040199
1812.711348,0.9999992424202869
1812.83095,0.9999990644704376
1812.950552,0.999999369050199
1813.070154,0.9999992178003059
1813.189756,0.9999992993802455
1813.309358,0.9999991163303904
1813.42896,0.9999992103403118
1813.548562,0.999999488130131
1813.668164,0.9999994559701479
1813.787766,0.9999992847802558
1813.907368,0.9999996164600735
1814.02697,0.9999990642704378
1814.146572,0.9999993222302297
1814.266174,0.9999989679005327
1814.385776,0.999999087860416
1814.505378,0.9999993352902209
1814.62498,0.9999993696601986
1814.744582,0.9999990092604908
1814.864184,0.9999992966402473
1814.983786,0.9999995837400867
1815.103388,0.9999995729700912
1815.22299,0.9999994137101719
1815.342592,0.9999992595002741
1815.462194,0.9999994108601735
1815.581796,0.9999988963006091
1815.701398,0.9999992595102741
1815.821,0.9999992788502601
1815.940602,0.999999361340204
1816.060204,0.9999992833602568
1816.179806,0.9999993264602268
1816.299408,0.9999992420102872
1816.41901,0.9999990835904199
1816.538612,0.9999994252801652
1816.658214,0.9999992042203166
1816.777816,0.9999994590401463
1816.897418,0.9999994123801726
1817.01702,0.9999992792502598
1817.136622,0.9999992057303154
1817.256224,0.9999989738005265
1817.375826,0.9999989579005429
1817.495428,0.99999962558007
1817.61503,0.9999992546202778
1817.734632,0.9999991769703387
1817.854234,0.9999993036102425
1817.973836,0.9999990117804883
1818.093438,0.9999991081803977
1818.21304,0.9999991522003594
1818.332642,0.9999990113004887
1818.452244,0.9999990536204478
1818.571846,0.9999992646002704
1818.691448,0.9999991498903613
1818.81105,0.999999468890141
1818.930652,0.9999992721802649
1819.050254,0.9999992538902783
1819.169856,0.9999995171401166
1819.289458,0.9999992854502553
1819.40906,0.9999994569201475
1819.528662,0.9999990180404821
1819.648264,0.9999990448304562
1819.767866,0.9999989679005327
1819.887468,0.9999988880006183
1820.00707,0.999999002990497
1820.126672,0.9999989589005419
1820.246274,0.9999987379007964
1820.365876,0.9999987429007902
1820.485478,0.9999991788703372
1820.60508,0.9999992494902816
1820.724682,0.9999992908302514
1820.844284,0.9999991175603894
1820.963886,0.9999992898502521
1821.083488,0.9999991893203286
1821.20309,0.9999995176501163
1821.322692,0.9999993136202355
1821.442294,0.9999990775404255
1821.561896,0.9999988684006402
1821.681498,0.9999991660203478
1821.8011,0.9999990755104273
1821.920702,0.9999991118303945
1822.040304,0.9999990945404099
1822.159906,0.9999989178005856
1822.279508,0.9999992079903136
1822.39911,0.9999990636804383
1822.518712,0.9999991417703683
1822.638314,0.9999992118703106
1822.757916,0.9999995448101036
1822.877518,0.9999988740006339
1822.99712,0.9999992810602585
1823.116722,0.9999992104403117
1823.236324,0.9999991017804034
1823.355926,0.9999988771006304
1823.475528,0.9999992589502745
1823.59513,0.999998978300522
1823.714732,0.9999987587007704
1823.834334,0.9999986308009373
1823.953936,0.999998908200596
1824.073538,0.9999988062007126
1824.19314,0.9999986356009308
1824.312742,0.9999990159704841
1824.432344,0.9999986437009197
1824.551946,0.9999988489006625
1824.671548,0.9999990938904105
1824.79115,0.9999990279204725
1824.910752,0.9999990234704768
1825.030354,0.9999988001007198
1825.149956,0.9999996615500573
1825.269558,0.9999983433013723
1825.38916,0.9999986978008478
1825.508762,0.9999983282013974
1825.628364,0.9999990474404536
1825.747966,0.9999986544009053
1825.867568,0.9999986743008787
1825.98717,0.9999985285010826
1826.106772,0.9999987504007808
1826.226374,0.9999986483009136
1826.345976,0.9999986099009662
1826.465578,0.9999984323012289
1826.58518,0.9999987476007842
1826.704782,0.9999984794011562
1826.824384,0.9999987577007716
1826.943986,0.9999985778010113
1827.063588,0.9999986856008638
1827.18319,0.99999882530069
1827.302792,0.9999987490007824
1827.422394,0.9999986892008591
1827.541996,0.9999985102011097
1827.661598,0.9999985322010773
1827.7812,0.9999987888007335
1827.900802,0.999998310001428
1828.020404,0.9999989275005752
1828.140006,0.9999989240005789
1828.259608,0.9999987523007784
1828.37921,0.999998743800789
1828.498812,0.9999985364010711
1828.618414,0.9999990220804782
1828.738016,0.9999987800007442
1828.857618,0.9999985975009835
1828.97722,0.9999985229010909
1829.096822,0.9999995992100803
1829.216424,0.9999982617015108
1829.336026,0.9999986193009531
1829.455628,0.9999985377010692
1829.57523,0.9999989288005737
1829.694832,0.9999984537011956
1829.814434,0.9999985104011094
1829.934036,0.9999987536007767
1830.053638,0.9999986414009229
1830.17324,0.9999990101504899
1830.292842,0.9999980997018055
1830.412444,0.9999984844011485
1830.532046,0.9999984474012052
1830.651648,0.9999984417012141
1830.77125,0.9999982664015027
1830.890852,0.9999984898011404
1831.010454,0.9999983912012941
1831.130056,0.999998336901383
1831.249658,0.9999983307013933
1831.36926,0.9999985577010401
1831.488862,0.9999981378017339
1831.608464,0.9999983534013557
1831.728066,0.9999982925014578
1831.847668,0.99999818890164
1831.96727,0.9999984789011569
1832.086872,0.9999980442019126
1832.206474,0.999997997502005
1832.326076,0.9999980220019562
1832.445678,0.9999979576020857
1832.56528,0.9999980683018658
1832.684882,0.9999980842018351
1832.804484,0.9999978703022678
1832.924086,0.9999979473021068
1833.043688,0.9999981092017876
1833.16329,0.9999979779020445
1833.282892,0.9999982783014821
1833.402494,0.9999976363027936
1833.522096,0.9999978077024031
1833.641698,0.9999974907031483
1833.7613,0.9999975308030484
1833.880902,0.9999976269028158
1834.000504,0.9999976825026854
1834.120106,0.9999972477037876
1834.239708,0.9999977247025885
1834.35931,0.9999976017028759
1834.478912,0.999997456003236
1834.598514,0.9999974204033272
1834.718116,0.9999974641032154
1834.837718,0.9999971432040806
1834.95732,0.9999971344041059
1835.076922,0.9999972573037612
1835.196524,0.9999970970042137
1835.316126,0.9999971303041176
1835.435728,0.9999967724052087
1835.55533,0.9999972249038506
1835.674932,0.9999971958039318
1835.794534,0.9999971683040093
1835.914136,0.9999971494040629
1836.033738,0.9999969354046959
1836.15334,0.9999967629052394
1836.272942,0.999997024104428
1836.392544,0.9999973054036304
1836.512146,0.9999968834048566
1836.631748,0.9999972345038239
1836.75135,0.9999971244041346
1836.870952,0.9999970403043799
1836.990554,0.9999970927042262
1837.110156,0.9999969197047441
1837.229758,0.9999969037047935
1837.34936,0.9999966358056589
1837.468962,0.9999970922042276
1837.588564,0.9999971414040858
1837.708166,0.9999968857048495
1837.827768,0.9999970249044257
1837.94737,0.9999970660043042
1838.066972,0.9999970109044674
1838.186574,0.9999971510040584
1838.306176,0.9999969938045186
1838.425778,0.9999972437037986
1838.54538,0.999997136804099
1838.664982,0.999997385803417
1838.784584,0.9999969880045361
1838.904186,0.999997330903562
1839.023788,0.9999974198033287
1839.14339,0.9999976496027622
1839.262992,0.999997500803123
1839.382594,0.9999976422027796
1839.502196,0.9999978824022421
1839.621798,0.9999975324030446
1839.7414,0.99999760000288
1839.861002,0.9999979708020589
1839.980604,0.999997906202192
1840.100206,0.9999980009019982
1840.219808,0.9999980071019858
1840.33941,0.9999977533025238
1840.459012,0.9999978789022496
1840.578614,0.9999978607022884
1840.698216,0.9999981285017513
1840.817818,0.9999982542015239
1840.93742,0.9999982169015897
1841.057022,0.9999979989020022
1841.176624,0.9999980514018986
1841.296226,0.9999982869014673
1841.415828,0.9999985097011105
1841.53543,0.9999983620013415
1841.655032,0.9999984877011435
1841.774634,0.9999983872013005
1841.894236,0.9999986003009795
1842.013838,0.9999985667010272
1842.13344,0.9999990279504725
1842.253042,0.9999985014011229
1842.372644,0.999998602900976
1842.492246,0.9999987098008323
1842.611848,0.999998869500639
1842.73145,0.9999987702007562
1842.851052,0.9999990343804662
1842.970654,0.9999986455009173
1843.090256,0.9999987549007752
1843.209858,0.9999989145005892
1843.32946,0.9999990700704324
1843.449062,0.9999990364004643
1843.568664,0.9999994805601349
1843.688266,0.9999988715006367
1843.807868,0.9999986493009122
1843.92747,0.9999985854010005
1844.047072,0.9999989709005295
1844.166674,1.0
1844.286276,0.9999994913801293
1844.405878,1.0
1844.52548,0.9999991699803444
1844.645082,0.9999994556501481
1844.764684,0.9999992737602638
1844.884286,0.9999991212303861
1845.003888,0.9999992484202824
1845.12349,0.9999991841603328
1845.243092,0.9999994108601735
1845.362694,0.9999993783901931
1845.482296,0.9999992367502912
1845.601898,0.9999993469702132
1845.7215,0.9999994114201732
1845.841102,0.9999993016902439
1845.960704,0.9999994601601457
1846.080306,0.999999192590326
1846.199908,0.9999990465804545
1846.31951,0.9999991736503414
1846.439112,0.9999994868401316
1846.558714,0.9999992685002675
1846.678316,0.9999995239101134
1846.797918,0.999999518320116
1846.91752,0.999999361380204
1847.037122,0.9999992820102578
1847.156724,0.9999993505802108
1847.276326,0.9999994397901569
1847.395928,0.9999992639702708
1847.51553,0.9999991785803374
1847.635132,0.99999968384005
1847.754734,0.9999999288920025
1847.874336,0.999999314350235
1847.993938,0.9999997847200232
1848.11354,0.9999994740001383
1848.233142,0.9999994226701666
1848.352744,0.9999994118401729
1848.472346,0.9999995806600879
1848.591948,0.9999995747300904
1848.71155,0.9999995561000985
1848.831152,0.9999997409100335
1848.950754,0.9999994455601537
1849.070356,0.99999945232015
1849.189958,0.9999996012700795
1849.30956,0.999999561780096
1849.429162,0.9999998094600182
1849.548764,0.9999996335500672
1849.668366,0.9999997581600293
1849.787968,0.9999996276700693
1849.90757,0.9999996863400492
1850.027172,0.9999997297800365
1850.146774,0.9999995660300942
1850.266376,0.9999992300202964
1850.385978,0.9999997492600314
1850.50558,0.9999996009500797
1850.625182,0.9999997219500386
1850.744784,0.9999997568700295
1850.864386,0.9999996718400539
1850.983988,0.9999998953400054
1851.10359,0.9999995490601017
1851.223192,0.9999997459500323
1851.342794,0.9999999986325
1851.462396,0.9999997393400339
1851.581998,0.9999997623900282
1851.7016,0.999999578050089
1851.821202,0.999999900585005
1851.940804,0.999999852000011
1852.060406,0.9999998634700094
1852.180008,0.9999997462000322
1852.29961,0.9999993616502038
1852.419212,0.9999996194600724
1852.538814,0.9999993720201972
1852.658416,0.9999998754700078
1852.778018,0.999999815760017
1852.89762,0.9999997896300221
1853.017222,0.9999994278101637
1853.136824,0.9999998247200154
1853.256426,0.9999998676800087
1853.376028,0.9999997646100277
1853.49563,0.9999997993500201
1853.615232,0.9999996084800766
1853.734834,0.9999998273800149
1853.854436,0.9999997052700434
1853.974038,0.9999997044500437
1854.09364,0.9999999952467
1854.213242,0.9999998237200155
1854.332844,0.9999997486200316
1854.452446,0.999999832640014
1854.572048,0.9999996619400572
1854.69165,0.999999656600059
1854.811252,0.9999997784800245
1854.930854,0.9999996293500687
1855.050456,0.9999996789500515
1855.170058,0.9999995748500904
1855.28966,0.9999997681000269
1855.409262,0.9999994797401354
1855.528864,0.9999997832400235
1855.648466,0.9999999084520041
1855.768068,0.9999995655300944
1855.88767,0.9999997500000313
1856.007272,0.9999999261950028
1856.126874,0.9999997435000328
1856.246476,0.999999954178001
1856.366078,0.999999709900042
1856.48568,0.9999997094300422
1856.605282,0.9999996873200488
1856.724884,0.9999996117900753
1856.844486,0.9999995047801227
1856.964088,0.9999999772930003
1857.08369,0.9999998186400164
1857.203292,0.9999995871300852
1857.322894,0.9999996561500591
1857.442496,0.9999996970100459
1857.562098,0.9999996645200563
1857.6817,0.999999454010149
1857.801302,0.9999996037600785
1857.920904,0.9999998984700051
1858.040506,0.9999996728600535
1858.160108,0.9999992885002531
1858.27971,0.9999994492801516
1858.399312,0.9999996288400689
1858.518914,0.9999999393760018
1858.638516,0.999999742870033
1858.758118,0.99999957563009
1858.87772,0.9999992286102976
1858.997322,0.9999992865502545
1859.116924,0.9999994930101285
1859.236526,0.9999999839760001
1859.356128,0.9999996824600504
1859.47573,0.9999995977600808
1859.595332,0.9999997478500318
1859.714934,0.9999996920800474
1859.834536,0.9999995273001118
1859.954138,0.9999999418740017
1860.07374,0.9999995887600845
1860.193342,0.9999995177001163
1860.312944,0.9999995897300842
1860.432546,0.9999998652600091
1860.552148,0.9999996042100783
1860.67175,0.9999997616200285
1860.791352,0.9999994242601657
1860.910954,0.9999993482902123
1861.030556,0.9999994565001477
1861.150158,0.9999996575900586
1861.26976,0.9999994837801333
1861.389362,0.9999993926001844
1861.508964,0.9999996073800771
1861.628566,0.9999992002903197
1861.748168,0.9999996355300664
1861.86777,0.9999995392801061
1861.987372,0.9999993362702203
1862.106974,0.9999994648801431
1862.226576,0.9999992532002788
1862.346178,0.9999994499001513
1862.46578,0.9999996095500763
1862.585382,0.9999994605701454
1862.704984,0.9999996672800554
1862.824586,0.9999995048401226
1862.944188,0.9999996843000498
1863.06379,0.9999994296801626
1863.183392,0.9999995796200883
1863.302994,0.9999995952400819
1863.422596,0.9999992902602519
1863.542198,0.9999995201701151
1863.6618,0.999999478450136
1863.781402,0.9999991485703624
1863.901004,0.9999995532700998
1864.020606,0.9999991463003643
1864.140208,0.9999993339802218
1864.25981,0.9999995181001161
1864.379412,0.9999995190101156
1864.499014,0.9999992032203174
1864.618616,0.9999994945901277
1864.738218,0.9999993389502185
1864.85782,0.9999996784500517
1864.977422,0.9999993400402177
1865.097024,0.9999994045001773
1865.216626,0.9999992981902462
1865.336228,0.9999995866500855
1865.45583,0.9999992821402577
1865.575432,0.9999991069403987
1865.695034,0.9999991870303304
1865.814636,0.9999992878502536
1865.934238,0.9999993882601871
1866.05384,0.9999992361802917
1866.173442,0.9999992354902922
1866.293044,0.9999990914004128
1866.412646,0.9999998695600085
1866.532248,0.9999993625202032
1866.65185,0.9999993703701983
1866.771452,0.9999992033003173
1866.891054,0.9999990974904073
1867.010656,0.999998927700575
1867.130258,0.9999994913501293
1867.24986,0.9999995387501064
1867.369462,0.999999233100294
1867.489064,0.9999989601005407
1867.608666,0.9999990028504971
1867.728268,0.9999995135401183
1867.84787,0.9999999911644
1867.967472,0.9999991146903919
1868.087074,0.9999996373100658
1868.206676,0.9999987505007806
1868.326278,0.9999987915007302
1868.44588,0.9999991003404047
1868.565482,0.9999988545006561
1868.685084,0.999999097830407
1868.804686,0.9999990239904762
1868.924288,0.9999991703803441
1869.04389,0.9999991789603371
1869.163492,0.9999994762401372
1869.283094,0.9999993683101995
1869.402696,0.9999988183006983
1869.522298,0.9999987330008027
1869.6419,0.9999987757007495
1869.761502,0.9999987652007624
1869.881104,0.999999070460432
1870.000706,0.9999988844006222
1870.120308,0.9999988216006943
1870.23991,0.9999986722008816
1870.359512,0.9999988356006779
1870.479114,0.9999990761304268
1870.598716,0.9999991810903353
1870.718318,0.9999985852010008
1870.83792,0.9999989519005492
1870.957522,0.9999989662005344
1871.077124,0.9999987715007546
1871.196726,0.9999987763007487
1871.316328,0.9999989594005414
1871.43593,0.9999988045007147
1871.555532,0.9999988673006415
1871.675134,0.9999988119007058
1871.794736,0.999998734300801
1871.914338,0.9999986554009039
1872.03394,0.9999988183006983
1872.153542,0.9999988646006446
1872.273144,0.9999990934704109
1872.392746,0.9999988672006416
1872.512348,0.9999987122008293
1872.63195,0.9999986592008989
1872.751552,0.9999987115008301
1872.871154,0.9999991948703241
1872.990756,0.9999988836006232
1873.110358,0.999998639100926
1873.22996,0.9999987599007689
1873.349562,0.9999987544007758
1873.469164,0.9999986167009568
1873.588766,0.9999985506010504
1873.708368,0.9999984584011883
1873.82797,0.9999989234005795
1873.947572,0.9999985552010437
1874.067174,0.9999985237010898
1874.186776,0.9999984962011307
1874.306378,0.9999985312010787
1874.42598,0.9999985596010373
1874.545582,0.9999986268009429
1874.665184,0.9999987548007753
1874.784786,0.9999983995012808
1874.904388,0.9999984064012698
1875.02399,0.9999982357015563
1875.143592,0.9999985320010775
1875.263194,0.9999985358010719
1875.382796,0.9999985627010329
1875.502398,0.9999986570009018
1875.622,0.9999983503013607
1875.741602,0.9999985913009922
1875.861204,0.9999984921011369
1875.980806,0.9999983784013148
1876.100408,0.999998124901758
1876.22001,0.9999983615013424
1876.339612,0.9999982844014716
1876.459214,0.9999986450009181
1876.578816,0.9999985239010895
1876.698418,0.9999981315017457
1876.81802,0.9999985929009899
1876.937622,0.9999980316019373
1877.057224,0.9999985721010195
1877.176826,0.9999981896016388
1877.296428,0.9999980339019328
1877.41603,0.9999983022014413
1877.535632,0.9999983226014069
1877.655234,0.9999985709010212
1877.774836,0.9999983907012949
1877.894438,0.9999982099016023
1878.01404,0.9999979726020551
1878.133642,0.9999983150014196
1878.253244,0.9999982498015316
1878.372846,0.9999983377013816
1878.492448,0.9999981402017294
1878.61205,0.999998003001994
1878.731652,0.9999981781016597
1878.851254,0.9999982689014983
1878.970856,0.9999981980016236
1879.090458,0.9999984298012328
1879.21006,0.9999983403013774
1879.329662,0.9999980771018487
1879.449264,0.9999983378013815
1879.568866,0.999998401201278
1879.688468,0.9999983370013827
1879.80807,0.9999984309012311
1879.927672,0.9999980654018713
1880.047274,0.9999983049014367
1880.166876,0.9999983451013693
1880.286478,0.9999983582013477
1880.40608,0.9999983162014175
1880.525682,0.9999983039014384
1880.645284,0.9999983021014415
1880.764886,0.9999981944016301
1880.884488,0.9999986352009314
1881.00409,0.9999981902016377
1881.123692,0.9999983802013118
1881.243294,0.9999983295013953
1881.362896,0.9999981176017717
1881.482498,0.9999983496013619
1881.6021,0.9999982845014714
1881.721702,0.9999982631015084
1881.841304,0.9999985841010024
1881.960906,0.999998881100626
1882.080508,0.9999986341009328
1882.20011,0.9999984360012231
1882.319712,0.9999984231012433
1882.439314,0.9999980776018478
1882.558916,0.9999984398012172
1882.678518,0.9999984070012689
1882.79812,0.9999984428012124
1882.917722,0.9999981519017077
1883.037324,0.999998731900804
1883.156926,0.9999985760010139
1883.276528,0.9999986825008679
1883.39613,0.9999985790010096
1883.515732,0.9999983412013758
1883.635334,0.999998526901085
1883.754936,0.9999984731011657
1883.874538,0.9999983788013141
1883.99414,0.999998477501159
1884.113742,0.999998834700679
1884.233344,0.9999985362010714
1884.352946,0.9999985213010932
1884.472548,0.9999982739014898
1884.59215,0.9999988698006387
1884.711752,0.9999986335009337
1884.831354,0.9999986803008708
1884.950956,0.9999983507013601
1885.070558,0.9999987309008053
1885.19016,0.9999988020007176
1885.309762,0.999998461801183
1885.429364,0.9999987012008434
1885.548966,0.9999986113009642
1885.668568,0.9999988504006608
1885.78817,0.9999988617006479
1885.907772,0.9999987471007848
1886.027374,0.999998677100875
1886.146976,0.9999987304008059
1886.266578,0.9999987661007612
1886.38618,0.9999989809005193
1886.505782,0.9999991821103345
1886.625384,0.9999985001011249
1886.744986,0.9999988628006466
1886.864588,0.9999990703104321
1886.98419,0.9999988729006352
1887.103792,0.9999985691010237
1887.223394,0.9999992549002776
1887.342996,0.9999991147603918
1887.462598,0.9999990115304885
1887.5822,0.9999989915005085
1887.701802,0.9999989741005262
1887.821404,0.9999991519703596
1887.941006,0.9999990066704934
1888.060608,0.9999990970404077
1888.18021,0.9999990336304669
1888.299812,0.9999991696803447
1888.419414,0.9999992519102798
1888.539016,0.9999989362005658
1888.658618,0.9999991915403268
1888.77822,0.9999992479102828
1888.897822,0.9999994629801442
1889.017424,0.9999992483602825
1889.137026,0.9999985706010216
1889.256628,0.9999994162701704
1889.37623,0.999999514250118
1889.495832,0.9999989443005572
1889.615434,0.9999996757400526
1889.735036,0.9999989168005866
1889.854638,0.9999990887204152
1889.97424,0.9999991407203692
1890.093842,0.9999994078001754
1890.213444,0.9999992628402717
1890.333046,0.9999992414402877
1890.452648,0.9999990430404578
1890.57225,0.999999101070404
1890.691852,0.999999080280423
1890.811454,0.999999272080265
1890.931056,0.9999992681402678
1891.050658,0.9999992262002994
1891.17026,0.9999992492302818
1891.289862,0.9999993318702232
1891.409464,0.9999994275301639
1891.529066,0.9999993461702138
1891.648668,0.9999996727500535
1891.76827,0.9999992148703082
1891.887872,0.9999993778501935
1892.007474,0.9999992154503078
1892.127076,0.999999620630072
1892.246678,0.9999992276202982
1892.36628,0.9999990254104749
1892.485882,0.99999935182021
1892.605484,0.9999995048401226
1892.725086,0.9999988238006917
1892.844688,0.9999992658802694
1892.96429,0.9999993747401955
1893.083892,0.9999993558502075
1893.203494,0.9999993743901957
1893.323096,0.9999993957601826
1893.442698,0.9999993681601996
1893.5623,0.9999995879200849
1893.681902,0.9999995657700943
1893.801504,0.9999992709602658
1893.921106,0.999999342570216
1894.040708,0.9999991883003294
1894.16031,0.9999990772604257
1894.279912,0.99999918756033
1894.399514,0.9999992966302473
1894.519116,0.999999443170155
1894.638718,0.9999993621302035
1894.75832,0.9999996182800729
1894.877922,0.9999994446101542
1894.997524,0.9999992443702855
1895.117126,0.9999990928004115
1895.236728,0.9999995887400845
1895.35633,0.9999993350002211
1895.475932,0.9999991556303565
1895.595534,0.9999993858201887
1895.715136,0.9999991891603287
1895.834738,0.9999990972704075
1895.95434,0.9999994800501352
1896.073942,0.999999597420081
1896.193544,0.9999994118401729
1896.313146,0.999999257030276
1896.432748,0.9999991272203809
1896.55235,0.9999993159002339
1896.671952,0.9999990019604981
1896.791554,0.9999992619302723
1896.911156,0.9999991491503619
1897.030758,0.9999996741100531
1897.15036,0.9999991923103262
1897.269962,0.9999995593100971
1897.389564,0.9999994937801281
1897.509166,0.9999995840500865
1897.628768,0.9999995103601199
1897.74837,0.9999993106202376
1897.867972,0.999999391600185
1897.987574,0.9999991406103693
1898.107176,0.9999992741302635
1898.226778,0.999999375400195
1898.34638,0.9999993036802425
1898.465982,0.999998975200525
1898.585584,0.9999989788005215
1898.705186,0.9999997742500255
1898.824788,0.9999990124704876
1898.94439,0.9999992955202481
1899.063992,0.9999992767402616
1899.183594,0.9999988319006823
1899.303196,0.999999124740383
1899.422798,0.9999991220503854
1899.5424,0.9999994077801754
1899.662002,0.9999991510203604
1899.781604,0.9999993880601873
1899.901206,0.9999990537704476
1900.020808,0.9999990106504895
1900.14041,0.9999991180803889
1900.260012,0.9999994025601785
1900.379614,0.9999992659402694
1900.499216,0.9999994471901528
1900.618818,0.9999992054703156
1900.73842,0.9999990874904163
1900.858022,0.9999988357006778
1900.977624,0.9999991122603941
1901.097226,0.9999987778007469
1901.216828,0.9999991698803445
1901.33643,0.999998788400734
1901.456032,0.9999992522802795
1901.575634,0.9999994752201377
1901.695236,0.9999990928604114
1901.814838,0.9999988851006215
1901.93444,0.9999984977011285
1902.054042,0.999998901800603
1902.173644,0.9999988728006353
1902.293246,0.9999988044007148
1902.412848,0.9999988912006147
1902.53245,0.9999988937006119
1902.652052,0.9999991685103456
1902.771654,0.9999985807010072
1902.891256,0.9999992681202678
1903.010858,0.9999987324008034
1903.13046,0.999998670400884
1903.250062,0.999999122470385
1903.369664,0.9999987927007288
1903.489266,0.9999991821203345
1903.608868,0.9999989584005424
1903.72847,0.9999988014007183
1903.848072,0.9999987548007753
1903.967674,0.9999987228008156
1904.087276,0.9999990457104553
1904.206878,0.9999990518404495
1904.32648,0.9999985207010942
1904.446082,0.9999985311010788
1904.565684,0.999998807500711
1904.685286,0.9999986790008725
1904.804888,0.9999988061007127
1904.92449,0.9999986608008967
1905.044092,0.9999988517006593
1905.163694,0.9999987227008158
1905.283296,0.9999988337006801
1905.402898,0.9999984839011493
1905.5225,0.9999985238010896
1905.642102,0.9999985716010201
1905.761704,0.999998264501506
1905.881306,0.999998429001234
1906.000908,0.9999985601010366
1906.12051,0.9999984865011453
1906.240112,0.9999984862011458
1906.359714,0.9999986926008546
1906.479316,0.9999986324009351
1906.598918,0.9999986739008793
1906.71852,0.9999988195006968
1906.838122,0.9999985361010715
1906.957724,0.9999984546011941
1907.077326,0.999998422001245
1907.196928,0.9999986060009716
1907.31653,0.9999985445010593
1907.436132,0.9999985611010352
1907.555734,0.9999980968018111
1907.675336,0.999998566101028
1907.794938,0.9999982442015414
1907.91454,0.9999982740014896
1908.034142,0.9999984447012095
1908.153744,0.9999982021016163
1908.273346,0.9999980857018322
1908.392948,0.999998386301302
1908.51255,0.9999982885014647
1908.632152,0.9999982990014467
1908.751754,0.9999982186015867
1908.871356,0.9999980263019478
1908.990958,0.999998005501989
1909.11056,0.9999983771013169
1909.230162,0.9999985082011127
1909.349764,0.9999982983014479
1909.469366,0.9999981560017002
1909.588968,0.9999980929018185
1909.70857,0.9999983183014141
1909.828172,0.9999983555013522
1909.947774,0.9999988629006465
1910.067376,0.9999976865026762
1910.186978,0.9999981985016227
1910.30658,0.9999980321019363
1910.426182,0.999997954002093
1910.545784,0.99999764630277
1910.665386,0.9999978495023123
1910.784988,0.9999977854024522
1910.90459,0.9999979794020414
1911.024192,0.999997853402304
1911.143794,0.9999979180021673
1911.263396,0.9999976455027718
1911.382998,0.9999980233019536
1911.5026,0.9999974421032715
1911.622202,0.9999976085028597
1911.741804,0.9999976224028265
1911.861406,0.9999976563027465
1911.981008,0.9999977495025324
1912.10061,0.9999979834020334
1912.220212,0.9999980032019936
1912.339814,0.999997687402674
1912.459416,0.9999974861031599
1912.579018,0.9999978241023673
1912.69862,0.999997782802458
1912.818222,0.9999976134028479
1912.937824,0.9999976558027477
1913.057426,0.9999974493032531
1913.177028,0.9999976972026514
1913.29663,0.9999977007026434
1913.416232,0.9999975745029416
1913.535834,0.9999975288030534
1913.655436,0.9999973547034988
1913.775038,0.9999973865034152
1913.89464,0.9999977513025283
1914.014242,0.9999977455025414
1914.133844,0.9999975652029641
1914.253446,0.9999975297030512
1914.373048,0.9999974522032457
1914.49265,0.999997757202515
1914.612252,0.9999974891031523
1914.731854,0.9999976335028001
1914.851456,0.9999976914026648
1914.971058,0.9999976804026903
1915.09066,0.9999977110026198
1915.210262,0.9999978088024006
1915.329864,0.9999976508027594
1915.449466,0.9999976073028625
1915.569068,0.9999975260030604
1915.68867,0.9999977888024447
1915.808272,0.9999976178028375
1915.927874,0.9999978918022222
1916.047476,0.9999975113030968
1916.167078,0.9999978747022584
1916.28668,0.9999976959026544
1916.406282,0.9999978139023895
1916.525884,0.9999976494027627
1916.645486,0.9999974661032103
1916.765088,0.9999975864029127
1916.88469,0.999997991002018
1917.004292,0.9999980071019858
1917.123894,0.9999978209023742
1917.243496,0.9999976950026566
1917.363098,0.9999976625027319
1917.4827,0.9999980411019186
1917.602302,0.9999981031017992
1917.721904,0.9999983818013093
1917.841506,0.9999982089016041
1917.961108,0.9999980870018298
1918.08071,0.9999981903016375
1918.200312,0.9999976430027777
1918.319914,0.9999979865020271
1918.439516,0.9999984474012052
1918.559118,0.999997934102134
1918.67872,0.9999979421021175
1918.798322,0.9999981043017968
1918.917924,0.9999980091019819
1919.037526,0.9999983233014057
1919.157128,0.9999984001012798
1919.27673,0.9999985530010469
1919.396332,0.9999982853014701
1919.515934,0.9999983670013334
1919.635536,0.9999982858014692
1919.755138,0.9999983396013785
1919.87474,0.9999983901012959
1919.994342,0.9999986271009424
1920.113944,0.9999986932008539
1920.233546,0.9999984567011909
1920.353148,0.9999980210019582
1920.47275,0.9999982870014672
1920.592352,0.9999982591015154
1920.711954,0.999998422601244
1920.831556,0.9999985852010008
1920.951158,0.9999986814008693
1921.07076,0.9999984193012493
1921.190362,0.9999985016011226
1921.309964,0.9999989488005525
1921.429566,0.9999991200603872
1921.549168,0.999998626700943
1921.66877,0.9999988692006394
1921.788372,0.9999986241009465
1921.907974,0.9999987168008233
1922.027576,0.9999987381007962
1922.147178,0.9999988029007165
1922.26678,0.9999985574010406
1922.386382,0.9999990053604947
1922.505984,0.9999988635006458
1922.625586,0.9999987549007752
1922.745188,0.9999986611008963
1922.86479,0.9999988353006782
1922.984392,0.9999989215005816
1923.103994,0.9999990361004646
1923.223596,0.9999990860804177
1923.343198,0.9999985095011108
1923.4628,0.9999989635005372
1923.582402,0.9999992381502902
1923.702004,0.9999990302504702
1923.821606,0.9999992620602722
1923.941208,0.9999992999702451
1924.06081,0.9999993030002429
1924.180412,0.9999993861001885
1924.300014,0.9999992658602694
1924.419616,0.9999993103002378
1924.539218,0.9999990115404885
1924.65882,0.9999990970004077
1924.778422,0.9999991744703407
1924.898024,0.9999990197804804
1925.017626,0.9999992409102881
1925.137228,0.9999992528402791
1925.25683,0.9999994845001329
1925.376432,0.9999991970603224
1925.496034,0.9999993219602299
1925.615636,0.9999991448103657
1925.735238,0.9999992821202577
1925.85484,0.9999993023302434
1925.974442,0.9999990977304071
1926.094044,0.9999992417502874
1926.213646,0.9999990908604133
1926.333248,0.9999992927202501
1926.45285,0.9999992927902501
1926.572452,0.9999993009202444
1926.692054,0.9999990652704369
1926.811656,0.9999991294103789
1926.931258,0.9999991730803419
1927.05086,0.9999993683701994
1927.170462,0.999999254250278
1927.290064,0.9999995983500807
1927.409666,0.9999995029601235
1927.529268,0.9999993875101876
1927.64887,0.9999991221603853
1927.768472,0.9999994429201552
1927.888074,0.9999993020602436
1928.007676,0.9999992896702523
1928.127278,0.9999993394202182
1928.24688,0.9999993002802448
1928.366482,0.9999993823601907
1928.486084,0.9999996109700757
1928.605686,0.9999989075005967
1928.725288,0.9999994865401318
1928.84489,0.9999994800301352
1928.964492,0.9999994331501607
1929.084094,0.9999989724005279
1929.203696,0.9999996058100777
1929.323298,0.9999993093102385
1929.4429,0.9999994597101459
1929.562502,0.9999994930801285
1929.682104,0.9999992783202604
1929.801706,0.9999996562000592
1929.921308,0.9999996498300613
1930.04091,0.9999993406202173
1930.160512,0.9999995419801049
1930.280114,0.9999995537100996
1930.399716,0.9999995754500901
1930.519318,0.9999997770700249
1930.63892,0.9999995149901176
1930.758522,0.9999994802501351
1930.878124,0.9999994172901697
1930.997726,0.9999993962201823
1931.117328,0.9999996088300765
1931.23693,0.9999991930203256
1931.356532,0.9999992224003024
1931.476134,0.9999993128502361
1931.595736,0.9999994695901406
1931.715338,0.9999995868900853
1931.83494,0.9999995029901235
1931.954542,0.9999992960902477
1932.074144,0.9999995634300953
1932.193746,0.9999993768201941
1932.313348,0.9999995868000854
1932.43295,0.9999996471300623
1932.552552,0.9999994831901335
1932.672154,0.9999991926203259
1932.791756,0.9999995465001028
1932.911358,0.9999995538500995
1933.03096,0.9999992763402619
1933.150562,0.9999999621380007
1933.270164,0.9999994722101393
1933.389766,0.9999993024002434
1933.509368,0.9999997936400213
1933.62897,0.9999996900000481
1933.748572,0.9999993299302244
1933.868174,0.9999993112202372
1933.987776,0.9999993510402105
1934.107378,0.9999997414100334
1934.22698,0.9999993451702144
1934.346582,0.9999993447102147
1934.466184,0.9999992843702561
1934.585786,0.9999994248101655
1934.705388,0.9999994948401276
1934.82499,0.9999994485101521
1934.944592,0.9999994383301577
1935.064194,0.9999994810201347
1935.183796,0.9999995333001089
1935.303398,0.9999994738601384
1935.423,0.9999995153401174
1935.542602,0.999999290090252
1935.662204,0.999999492060129
1935.781806,0.9999994539601491
1935.901408,0.9999991763803392
1936.02101,0.9999994763301371
1936.140612,0.9999994798501353
1936.260214,0.9999995184501159
1936.379816,0.9999992473602832
1936.499418,0.999999772160026
1936.61902,0.9999992616902725
1936.738622,0.999999270520266
1936.858224,0.9999992535902785
1936.977826,0.9999994403001566
1937.097428,0.9999993750301953
1937.21703,0.9999992725302647
1937.336632,0.9999990088704912
1937.456234,0.9999993378602192
1937.575836,0.9999992930302499
1937.695438,0.9999992368002912
1937.81504,0.9999994524301499
1937.934642,0.9999995262201122
1938.054244,0.9999995963300815
1938.173846,0.9999993023602434
1938.293448,0.9999996186200727
1938.41305,0.9999991317903769
1938.532652,0.9999995033201233
1938.652254,0.9999992175803061
1938.771856,0.9999990792404239
1938.891458,0.9999993871501878
1939.01106,0.9999991201003872
1939.130662,0.9999995853700859
1939.250264,0.9999991563503559
1939.369866,0.999999347260213
1939.489468,0.999999396690182
1939.60907,0.999999191320327
1939.728672,0.9999990939404104
1939.848274,0.9999992065003148
1939.967876,0.9999993238302286
1940.087478,0.9999991333203756
1940.20708,0.9999994938701281
1940.326682,0.9999995675600934
1940.446284,0.9999993874301876
1940.565886,0.9999995090801205
1940.685488,0.9999990845404191
1940.80509,0.9999992908402514
1940.924692,0.9999994350401595
1941.044294,0.9999993124902363
1941.163896,0.9999991591303535
1941.283498,0.9999991851703319
1941.4031,0.9999988999006051
1941.522702,0.999999221600303
1941.642304,0.9999994683201413
1941.761906,0.999999380290192
1941.881508,0.9999992347902927
1942.00111,0.9999994311601618
1942.120712,0.9999991481603628
1942.240314,0.9999991648403488
1942.359916,0.9999993521902099
1942.479518,0.9999996580300585
1942.59912,0.999999169320345
1942.718722,0.9999995179701162
1942.838324,0.9999991302203782
1942.957926,0.9999993082902392
1943.077528,0.9999992359002919
1943.19713,0.9999992731002642
1943.316732,0.9999995107301197
1943.436334,0.9999993353802209
1943.555936,0.9999993978501813
1943.675538,0.9999990642004378
1943.79514,0.9999994553701483
1943.914742,0.9999994320601613
1944.034344,0.9999995801700882
1944.153946,0.9999996427800638
1944.273548,0.9999990907504134
1944.39315,0.9999994208501677
1944.512752,0.9999995835500867
1944.632354,0.9999993776201936
1944.751956,0.9999992604902734
1944.871558,0.999999291420251
1944.99116,0.9999991074503983
1945.110762,0.9999993194802316
1945.230364,0.9999993525702096
1945.349966,0.9999993828001905
1945.469568,0.9999991149203917
1945.58917,0.999999498080126
1945.708772,0.9999995022701239
1945.828374,0.9999991566903556
1945.947976,0.9999995320901095
1946.067578,0.9999991979803217
1946.18718,0.9999989535005476
1946.306782,0.9999993272702263
1946.426384,0.9999988156007014
1946.545986,0.99999908353042
1946.665588,0.9999992325902944
1946.78519,0.9999993620102036
1946.904792,0.9999993621802034
1947.024394,0.9999990782204249
1947.143996,0.9999995485801019
1947.263598,0.9999993521702099
1947.3832,0.9999992528402791
1947.502802,0.9999993245602281
1947.622404,0.9999993133402357
1947.742006,0.9999993340702217
1947.861608,0.9999995854200859
1947.98121,0.9999993836501899
1948.100812,0.999999224160301
1948.220414,0.9999989363005657
1948.340016,0.9999990647704373
1948.459618,0.9999989844005157
1948.57922,0.99999905137045
1948.698822,0.9999993943201835
1948.818424,0.999998876600631
1948.938026,0.9999991164103904
1949.057628,0.9999989496005517
1949.17723,0.9999993853601888
1949.296832,0.9999992388002897
1949.416434,0.999999262430272
1949.536036,0.9999991054004002
1949.655638,0.9999991674203466
1949.77524,0.9999991115803947
1949.894842,0.9999991810803354
1950.014444,0.9999988525006583
1950.134046,0.9999989854005147
1950.253648,0.9999989653005353
1950.37325,0.9999991760503395
1950.492852,0.9999991314103772
1950.612454,0.9999989711005293
1950.732056,0.9999990687404336
1950.851658,0.9999989992005008
1950.97126,0.9999987968007239
1951.090862,0.9999988876006187
1951.210464,0.9999992063803149
1951.330066,0.9999990538704476
1951.449668,0.9999989725005278
1951.56927,0.9999990862804174
1951.688872,0.9999987082008344
1951.808474,0.9999989610005398
1951.928076,0.9999989381005638
1952.047678,0.9999991433503669
1952.16728,0.9999990734504293
1952.286882,0.9999988079007105
1952.406484,0.9999987889007333
1952.526086,0.9999988205006957
1952.645688,0.9999992092903126
1952.76529,0.9999987135008276
1952.884892,0.9999987888007335
1953.004494,0.9999983933012907
1953.124096,0.9999989947005054
1953.243698,0.9999988383006748
1953.3633,0.9999985907009931
1953.482902,0.9999987210008179
1953.602504,0.9999990129104872
1953.722106,0.999998590800993
1953.841708,0.9999987854007376
1953.96131,0.9999986284009407
1954.080912,0.9999988107007072
1954.200514,0.9999986109009648
1954.320116,0.9999987237008144
1954.439718,0.9999988923006135
1954.55932,0.9999989566005444
1954.678922,0.999998445001209
1954.798524,0.9999987804007437
1954.918126,0.9999986626008943
1955.037728,0.9999988971006082
1955.15733,0.999998934200568
1955.276932,0.9999986567009023
1955.396534,0.9999988763006313
1955.516136,0.9999989219005812
1955.635738,0.9999986805008705
1955.75534,0.9999989415005602
1955.874942,0.9999986157009582
1955.994544,0.9999988543006563
1956.114146,0.999998962700538
1956.233748,0.9999989131005906
1956.35335,0.9999988172006995
1956.472952,0.9999991480903628
1956.592554,0.9999988163007005
1956.712156,0.9999984712011686
1956.831758,0.9999988332006807
1956.95136,0.9999989157005879
1957.070962,0.9999989150005886
1957.190564,0.9999985934009893
1957.310166,0.9999986289009399
1957.429768,0.9999987634007645
1957.54937,0.9999988575006526
1957.668972,0.9999987140008268
1957.788574,0.9999983183014141
1957.908176,0.9999987883007341
1958.027778,0.9999984143012572
1958.14738,0.9999987302008062
1958.266982,0.9999987707007556
1958.386584,0.9999989172005862
1958.506186,0.9999987221008165
1958.625788,0.9999986608008967
1958.74539,0.9999986604008972
1958.864992,0.9999985532010466
1958.984594,0.9999984726011665
1959.104196,0.9999984337012267
1959.223798,0.9999986875008613
1959.3434,0.9999984426012127
1959.463002,0.9999983324013905
1959.582604,0.999998543301061
1959.702206,0.9999986206009513
1959.821808,0.9999987265008109
1959.94141,0.9999986211009507
1960.061012,0.9999985033011201
1960.180614,0.999998482101152
1960.300216,0.9999988171006996
1960.419818,0.9999983634013392
1960.53942,0.999998253601525
1960.659022,0.999998404401273
1960.778624,0.9999986481009138
1960.898226,0.999998419501249
1961.017828,0.9999984067012693
1961.13743,0.9999988826006243
1961.257032,0.9999982353015571
1961.376634,0.9999983168014166
1961.496236,0.9999986654008906
1961.615838,0.9999986208009511
1961.73544,0.9999984455012082
1961.855042,0.9999985387010677
1961.974644,0.9999982272015714
1962.094246,0.999998243301543
1962.213848,0.9999983907012949
1962.33345,0.999998132401744
1962.453052,0.9999982313015642
1962.572654,0.9999982199015843
1962.692256,0.9999983744013213
1962.811858,0.9999983450013695
1962.93146,0.9999982470015365
1963.051062,0.9999979637020733
1963.170664,0.999998059901882
1963.290266,0.9999981526017064
1963.409868,0.999998300001445
1963.52947,0.9999983324013905
1963.649072,0.9999979413021192
1963.768674,0.999998441101215
1963.888276,0.999998442501213
1964.007878,0.9999982338015597
1964.12748,0.9999985045011183
1964.247082,0.999998230801565
1964.366684,0.9999981729016691
1964.486286,0.9999986193009531
1964.605888,0.9999986240009466
1964.72549,0.999998169701675
1964.845092,0.9999979347021327
1964.964694,0.9999982288015685
1965.084296,0.9999981703016739
1965.203898,0.9999983757013192
1965.3235,0.9999984222012447
1965.443102,0.9999979525020961
1965.562704,0.99999817790166
1965.682306,0.9999984158012548
1965.801908,0.9999979849020303
1965.92151,0.9999982751014876
1966.041112,0.9999982857014694
1966.160714,0.9999986460009167
1966.280316,0.9999985400010658
1966.399918,0.9999984853011472
1966.51952,0.9999978873022317
1966.639122,0.999998217301589
1966.758724,0.9999981683016775
1966.878326,0.9999981131017802
1966.997928,0.9999981833016502
1967.11753,0.999998354401354
1967.237132,0.9999981862016449
1967.356734,0.9999981798016566
1967.476336,0.9999986717008822
1967.595938,0.999998008001984
1967.71554,0.9999986922008551
1967.835142,0.999998206101609
1967.954744,0.9999982904014614
1968.074346,0.9999985059011162
1968.193948,0.9999988268006882
1968.31355,0.9999985414010638
1968.433152,0.9999984526011972
1968.552754,0.9999981812016541
1968.672356,0.9999983427013733
1968.791958,0.9999984289012341
1968.91156,0.999998467001175
1969.031162,0.9999988961006093
1969.150764,0.9999984172012526
1969.270366,0.9999984236012425
1969.389968,0.9999984833011502
1969.50957,0.9999988372006761
1969.629172,0.9999985573010407
1969.748774,0.9999984380012199
1969.868376,0.9999985492010524
1969.987978,0.9999984067012693
1970.10758,0.9999986958008504
1970.227182,0.9999986219009496
1970.346784,0.9999983647013371
1970.466386,0.9999984355012238
1970.585988,0.9999983822013087
1970.70559,0.9999985015011228
1970.825192,0.999999047200454
1970.944794,0.9999983689013302
1971.064396,0.9999985209010939
1971.183998,0.9999988794006279
1971.3036,0.9999984505012005
1971.423202,0.999999082380421
1971.542804,0.9999987653007623
1971.662406,0.9999988406006721
1971.782008,0.9999985974009836
1971.90161,0.9999988527006581
1972.021212,0.9999987337008017
1972.140814,0.9999987122008293
1972.260416,0.9999989857005144
1972.380018,0.9999986107009651
1972.49962,0.9999989271005756
1972.619222,0.9999988128007047
1972.738824,0.9999988950006106
1972.858426,0.9999987771007477
1972.978028,0.9999988130007045
1973.09763,0.9999988070007116
1973.217232,0.9999990754604274
1973.336834,0.9999990224504778
1973.456436,0.999998931300571
1973.576038,0.9999990456804554
1973.69564,0.9999987960007248
1973.815242,0.9999989096005945
1973.934844,0.9999989078005964
1974.054446,0.999998723300815
1974.174048,0.9999989712005292
1974.29365,0.9999988567006536
1974.413252,0.9999987903007317
1974.532854,0.9999989177005857
1974.652456,0.9999986334009338
1974.772058,0.9999984911011384
1974.89166,0.9999983121014245
1975.011262,0.9999988447006674
1975.130864,0.9999987292008075
1975.250466,0.9999989265005762
1975.370068,0.9999988122007054
1975.48967,0.999998919200584
1975.609272,0.9999988435006687
1975.728874,0.9999992708902657
1975.848476,0.9999991734303416
1975.968078,0.9999988787006286
1976.08768,0.999999103300402
1976.207282,0.9999985535010462
1976.326884,0.999998707700835
1976.446486,0.999998668900886
1976.566088,0.9999987382007961
1976.68569,0.9999987931007283
1976.805292,0.9999989586005422
1976.924894,0.9999986978008478
1977.044496,0.9999987180008217
1977.164098,0.9999986833008668
1977.2837,0.9999989317005706
1977.403302,0.9999986540009058
1977.522904,0.9999989407005611
1977.642506,0.999998852800658
1977.762108,0.9999988356006779
1977.88171,0.9999984111012623
1978.001312,0.999998744600788
1978.120914,0.9999991038304016
1978.240516,0.9999989080005962
1978.360118,0.999998617300956
1978.47972,0.9999986492009123
1978.599322,0.9999990104804896
1978.718924,0.999998952100549
1978.838526,0.9999992643502706
1978.958128,0.9999987376007968
1979.07773,0.9999989235005794
1979.197332,0.9999985068011148
1979.316934,0.9999988671006418
1979.436536,0.9999989149005887
1979.556138,0.9999986680008871
1979.67574,0.9999990043104957
1979.795342,0.9999990041504958
1979.914944,0.9999992708802659
1980.034546,0.999998937900564
1980.154148,0.9999988097007084
1980.27375,0.9999989080005962
1980.393352,0.9999990499204513
1980.512954,0.9999992122303103
1980.632556,0.9999988346006791
1980.752158,0.9999991656803481
1980.87176,0.9999987149008257
1980.991362,0.9999988437006685
1981.110964,0.9999983796013129
1981.230566,0.9999990655404366
1981.350168,0.9999988898006162
1981.46977,0.9999988346006791
1981.589372,0.9999987038008401
1981.708974,0.9999991678103463
1981.828576,0.9999988762006314
1981.948178,0.9999992898902521
1982.06778,0.9999989090005952
1982.187382,0.9999988123007053
1982.306984,0.9999986389009263
1982.426586,0.9999987107008311
1982.546188,0.9999987213008176
1982.66579,0.9999990749504278
1982.785392,0.999999273430264
1982.904994,0.999998950300551
1983.024596,0.9999987287008081
1983.144198,0.9999989149005887
1983.2638,0.9999987463007859
1983.383402,0.9999988366006768
1983.503004,0.9999991793203368
1983.622606,0.9999992214203031
1983.742208,0.9999984832011504
1983.86181,0.9999988984006067
1983.981412,0.999998635400931
1984.101014,0.9999989308005716
1984.220616,0.9999991392903704
1984.340218,0.999999146880364
1984.45982,0.9999990556804459
1984.579422,0.9999988626006469
1984.699024,0.9999987585007707
1984.818626,0.999999027420473
1984.938228,0.9999992207003037
1985.05783,0.9999989491005522
1985.177432,0.9999992116303108
1985.297034,0.9999989245005784
1985.416636,0.9999993367402199
1985.536238,0.9999992458102844
1985.65584,0.9999991366103728
1985.775442,0.9999991012404039
1985.895044,0.9999991218503855
1986.014646,0.9999990949704095
1986.134248,0.9999993362202203
1986.25385,0.9999992017503186
1986.373452,0.9999990228504774
1986.493054,0.9999990550504465
1986.612656,0.9999987656007618
1986.732258,0.9999991923103262
1986.85186,0.9999988271006879
1986.971462,0.9999993376202194
1987.091064,0.9999991113603949
1987.210666,0.999999159730353
1987.330268,0.9999989780005223
1987.44987,0.9999987695007571
1987.569472,0.9999988614006482
1987.689074,0.9999987535007768
1987.808676,0.9999993163502336
1987.928278,0.9999993598302049
1988.04788,0.9999990468804543
1988.167482,0.9999992097303123
1988.287084,0.9999992445302853
1988.406686,0.9999996691700547
1988.526288,0.9999994910801295
1988.64589,0.999998959800541
1988.765492,0.9999989742005261
1988.885094,0.9999990298004706
1989.004696,0.999999508150121
1989.124298,0.9999993167302335
1989.2439,0.999999168230346
1989.363502,0.9999994686601411
1989.483104,0.9999992851802555
1989.602706,0.9999992923202504
1989.722308,0.9999990316404689
1989.84191,0.9999993790101929
1989.961512,0.9999993601102047
1990.081114,0.999999186350331
1990.200716,0.9999989623005384
1990.320318,0.9999996044400782
1990.43992,0.9999995383501066
1990.559522,0.9999989293005732
1990.679124,0.9999987960007248
1990.798726,0.9999990430904578
1990.918328,0.9999990881204157
1991.03793,0.9999993468002133
1991.157532,0.9999993346502214
1991.277134,0.9999993584302058
1991.396736,0.9999994255001651
1991.516338,0.9999990786304245
1991.63594,0.9999995468501027
1991.755542,0.99999957577009
1991.875144,0.9999999770330003
1991.994746,0.9999990185104817
1992.114348,0.9999996036300786
1992.23395,0.9999995160701171
1992.353552,0.9999991251603827
1992.473154,0.9999993797701924
1992.592756,0.9999990486504525
1992.712358,0.9999992550002775
1992.83196,0.9999997801500242
1992.951562,0.9999990452604558
1993.071164,0.9999992667102688
1993.190766,0.999999080310423
1993.310368,0.9999991162403905
1993.42997,0.999999504130123
1993.549572,0.9999993849001891
1993.669174,0.9999994487901519
1993.788776,0.9999993128502361
1993.908378,0.9999994426001554
1994.02798,0.9999994234301662
1994.147582,0.9999995826100871
1994.267184,0.9999993661202009
1994.386786,0.9999991060503995
1994.506388,0.9999990393104614
1994.62599,0.9999994771101367
1994.745592,0.9999994905801297
1994.865194,0.9999994337601603
1994.984796,0.9999992250603003
1995.104398,0.9999991025104027
1995.224,0.9999994902401299
1995.343602,0.99999947089014
1995.463204,0.9999992030303175
1995.582806,0.9999991094303966
1995.702408,0.999999364420202
1995.82201,0.9999993919101848
1995.941612,0.9999994245301655
1996.061214,0.999999034540466
1996.180816,0.9999996051400779
1996.300418,0.9999995691700928
1996.42002,0.999999385100189
1996.539622,0.9999990094704906
1996.659224,0.9999991394903702
1996.778826,0.9999993069102402
1996.898428,0.9999992739502636
1997.01803,0.9999994738501384
1997.137632,0.9999992170903065
1997.257234,0.9999991851903319
1997.376836,0.9999993915301851
1997.496438,0.9999987963007244
1997.61604,0.999999261090273
1997.735642,0.9999989579005429
1997.855244,0.9999995566700983
1997.974846,0.9999991943203246
1998.094448,0.9999992083303134
1998.21405,0.9999992776302609
1998.333652,0.9999995228601138
1998.453254,0.9999991501803611
1998.572856,0.9999990776604254
1998.692458,0.9999990447704562
1998.81206,0.999999273240264
1998.931662,0.9999995654500944
1999.051264,0.9999992968702472
1999.170866,0.9999989794005208
1999.290468,0.9999995423101048
1999.41007,0.9999991893603286
1999.529672,0.9999992194903046
1999.649274,0.9999993749301953
1999.768876,0.9999992678902679
1999.888478,0.9999993817101911
2000.00808,0.9999992444602854
2000.127682,0.9999992227103021
2000.247284,0.9999994044601773
2000.366886,0.9999989856005145
2000.486488,0.9999992126703099
2000.60609,0.9999993925801844
2000.725692,0.9999994003101799
2000.845294,0.9999994160201705
2000.964896,0.99999908351042
2001.084498,0.9999992885202531
2001.2041,0.9999991308603777
2001.323702,0.9999993990201805
2001.443304,0.9999991602303526
2001.562906,0.9999993166302334
2001.682508,0.9999990644404376
2001.80211,0.9999990365604641
2001.921712,0.9999991423603678
2002.041314,0.9999992647402703
2002.160916,0.9999990071104929
2002.280518,0.9999989312005712
2002.40012,0.9999991055204001
2002.519722,0.99999902016048
2002.639324,0.9999991677303464
2002.758926,0.9999988387006743
2002.878528,0.999999324700228
2002.99813,0.9999992611402729
2003.117732,0.9999990942304102
2003.237334,0.9999988887006175
2003.356936,0.9999990969404078
2003.476538,0.99999916337035
2003.59614,0.9999991484103626
2003.715742,0.9999993979201812
2003.835344,0.9999993575302064
2003.954946,0.9999991336403753
2004.074548,0.9999988307006836
2004.19415,0.9999990602904415
2004.313752,0.999998908200596
2004.433354,0.999999064000438
2004.552956,0.999998891900614
2004.672558,0.9999989890005111
2004.79216,0.999998739800794
2004.911762,0.9999990265504738
2005.031364,0.9999989345005676
2005.150966,0.9999991069603987
2005.270568,0.9999989250005779
2005.39017,0.9999985798010085
2005.509772,0.9999987775007473
2005.629374,0.9999990927604115
2005.748976,0.9999987114008303
2005.868578,0.9999989879005122
2005.98818,0.9999989874005126
2006.107782,0.999999191300327
2006.227384,0.9999985630010325
2006.346986,0.9999989660005346
2006.466588,0.9999992146703084
2006.58619,0.9999990740104288
2006.705792,0.9999988708006375
2006.825394,0.9999987332008023
2006.944996,0.9999986660008898
2007.064598,0.9999988302006843
2007.1842,0.999998753400777
2007.303802,0.9999987487007829
2007.423404,0.9999988176006991
2007.543006,0.999998862500647
2007.662608,0.9999988293006853
2007.78221,0.9999989653005353
2007.901812,0.9999987211008178
2008.021414,0.9999987110008307
2008.141016,0.9999987980007224
2008.260618,0.9999986148009594
2008.38022,0.9999986875008613
2008.499822,0.9999990324404681
2008.619424,0.9999987897007324
2008.739026,0.9999991548903571
2008.858628,0.999999110070396
2008.97823,0.999998845900666
2009.097832,0.9999985387010677
2009.217434,0.999998653900906
2009.337036,0.9999985962009853
2009.456638,0.9999989552005458
2009.57624,0.999998755800774
2009.695842,0.9999988352006783
2009.815444,0.9999986055009723
2009.935046,0.9999987243008137
2010.054648,0.9999989247005782
2010.17425,0.9999988842006226
2010.293852,0.9999987698007567
2010.413454,0.9999991455803651
2010.533056,0.9999989520005491
2010.652658,0.9999993008902444
2010.77226,0.9999987428007903
2010.891862,0.9999987048008387
2011.011464,0.9999984883011426
2011.131066,0.9999989288005737
2011.250668,0.9999986917008559
2011.37027,0.9999989203005829
2011.489872,0.9999987270008103
2011.609474,0.9999986619008953
2011.729076,0.9999990545704469
2011.848678,0.9999984114012618
2011.96828,0.9999986444009188
2012.087882,0.9999988701006384
2012.207484,0.9999986792008723
2012.327086,0.9999990564604452
2012.446688,0.9999986552009043
2012.56629,0.9999985022011217
2012.685892,0.9999986504009107
2012.805494,0.9999984949011327
2012.925096,0.9999985483010537
2013.044698,0.9999986417009225
2013.1643,0.999998542601062
2013.283902,0.9999986055009723
2013.403504,0.9999986018009774
2013.523106,0.9999988693006392
2013.642708,0.9999985133011051
2013.76231,0.9999989057005988
2013.881912,0.9999987183008214
2014.001514,0.9999987506007805
2014.121116,0.9999985984009823
2014.240718,0.9999988039007153
2014.36032,0.9999986069009703
2014.479922,0.9999985695010232
2014.599524,0.9999988962006092
2014.719126,0.9999986667008889
2014.838728,0.9999988046007144
2014.95833,0.9999986199009523
2015.077932,0.9999984006012791
2015.197534,0.9999986849008647
2015.317136,0.9999985885009962
2015.436738,0.9999985795010089
2015.55634,0.9999984919011372
2015.675942,0.9999983687013305
2015.795544,0.9999982274015711
2015.915146,0.9999984808011539
2016.034748,0.9999980898018245
2016.15435,0.9999985162011008
2016.273952,0.9999984672011747
2016.393554,0.9999985530010469
2016.513156,0.9999986095009668
2016.632758,0.999998659900898
2016.75236,0.9999983002014446
2016.871962,0.9999984281012354
2016.991564,0.9999981152017763
2017.111166,0.9999987504007808
2017.230768,0.9999981573016977
2017.35037,0.9999984063012699
2017.469972,0.9999981336017417
2017.589574,0.9999981426017249
2017.709176,0.9999981604016921
2017.828778,0.9999983356013851
2017.94838,0.9999979918020164
2018.067982,0.9999983310013928
2018.187584,0.9999983238014049
2018.307186,0.9999981486017139
2018.426788,0.9999986777008743
2018.54639,0.9999982123015979
2018.665992,0.9999983307013933
2018.785594,0.9999983735013227
2018.905196,0.9999978480023155
2019.024798,0.9999982174015888
2019.1444,0.9999981562016999
2019.264002,0.9999981960016272
2019.383604,0.9999981158017751
2019.503206,0.9999983518013583
2019.622808,0.9999981782016595
2019.74241,0.9999981350017391
2019.862012,0.9999982809014777
2019.981614,0.9999982185015869
2020.101216,0.9999980747018534
2020.220818,0.9999980584018849
2020.34042,0.9999980255019493
2020.460022,0.9999981914016355
2020.579624,0.999998240501548
2020.699226,0.999998290001462
2020.818828,0.9999980914018214
2020.93843,0.9999982267015723
2021.058032,0.9999983677013322
2021.177634,0.9999981347017397
2021.297236,0.9999979754020495
2021.416838,0.9999980214019575
2021.53644,0.9999979863020275
2021.656042,0.99999795550209
2021.775644,0.9999981940016308
2021.895246,0.9999984490012028
2022.014848,0.9999983898012964
2022.13445,0.9999985084011125
2022.254052,0.9999984125012601
2022.373654,0.9999985084011125
2022.493256,0.9999984611011841
2022.612858,0.9999987046008391
2022.73246,0.9999982531015258
2022.852062,0.9999982288015685
2022.971664,0.9999983765013178
2023.091266,0.9999982629015087
2023.210868,0.9999983950012881
2023.33047,0.9999982767014849
2023.450072,0.9999982531015258
2023.569674,0.9999980269019466
2023.689276,0.9999981418017264
2023.808878,0.999998386301302
2023.92848,0.9999983490013629
2024.048082,0.9999985442010597
2024.167684,0.9999983501013611
2024.287286,0.9999982666015024
2024.406888,0.999998366001335
2024.52649,0.9999982602015135
2024.646092,0.9999985667010272
2024.765694,0.999998651700909
2024.885296,0.9999985393010669
2025.004898,0.9999982216015814
2025.1245,0.9999983879012995
2025.244102,0.9999982641015067
2025.363704,0.9999986035009751
2025.483306,0.9999983511013595
2025.602908,0.9999983942012893
2025.72251,0.9999987276008095
2025.842112,0.9999981610016909
2025.961714,0.9999987547007754
2026.081316,0.99999849670113
2026.200918,0.9999983614013425
2026.32052,0.9999984468012062
2026.440122,0.9999985413010639
2026.559724,0.9999987075008353
2026.679326,0.9999984956011316
2026.798928,0.9999983828013077
2026.91853,0.9999988231006925
2027.038132,0.9999986558009034
2027.157734,0.9999984895011408
2027.277336,0.9999985652010294
2027.396938,0.9999986161009576
2027.51654,0.999998306501434
2027.636142,0.9999987084008342
2027.755744,0.9999982698014968
2027.875346,0.9999986282009409
2027.994948,0.9999987099008322
2028.11455,0.9999983945012888
2028.234152,0.999998776000749
2028.353754,0.9999987880007345
2028.473356,0.9999984210012466
2028.592958,0.9999985442010597
2028.71256,0.9999983086014305
2028.832162,0.9999986717008822
2028.951764,0.9999986853008642
2029.071366,0.9999984814011531
2029.190968,0.9999987393007946
2029.31057,0.999998720100819
2029.430172,0.99999860000098
2029.549774,0.9999986054009724
2029.669376,0.9999983541013545
2029.788978,0.9999988402006725
2029.90858,0.9999985463010567
2030.028182,0.9999983808013109
2030.147784,0.9999987681007588
2030.267386,0.9999985110011086
2030.386988,0.9999987820007418
2030.50659,0.9999987386007956
2030.626192,0.9999989886005115
2030.745794,0.9999987326008032
2030.865396,0.9999985963009852
2030.984998,0.9999983297013949
2031.1046,0.9999986130009619
2031.224202,0.9999984729011661
2031.343804,0.999998380101312
2031.463406,0.9999986966008494
2031.583008,0.9999988176006991
2031.70261,0.999998193901631
2031.822212,0.9999987854007376
2031.941814,0.999999037800463
2032.061416,0.9999988266006884
2032.181018,0.9999987813007426
2032.30062,0.9999983269013997
2032.420222,0.9999989794005208
2032.539824,0.9999990620104399
2032.659426,0.9999987755007497
2032.779028,0.9999987059008374
2032.89863,0.9999985707010215
2033.018232,0.9999982764014854
2033.137834,0.9999987331008026
2033.257436,0.9999986841008658
2033.377038,0.999999011140489
2033.49664,0.9999984694011713
2033.616242,0.9999980242019519
2033.735844,0.9999986550009045
2033.855446,0.9999983463013674
2033.975048,0.9999985282010831
2034.09465,0.9999984539011952
2034.214252,0.9999990669704353
2034.333854,0.9999988208006952
2034.453456,0.999998453401196
2034.573058,0.999998604300974
2034.69266,0.9999986827008677
2034.812262,0.9999984665011759
2034.931864,0.999998575901014
2035.051466,0.9999988856006209
2035.171068,0.9999987237008144
2035.29067,0.9999985247010883
2035.410272,0.9999986559009033
2035.529874,0.9999988877006186
2035.649476,0.999998700800844
2035.769078,0.9999988951006104
2035.88868,0.9999986998008452
2036.008282,0.9999987018008427
2036.127884,0.9999988918006141
2036.247486,0.9999986586008996
2036.367088,0.9999987751007502
2036.48669,0.9999988715006367
2036.606292,0.999998710800831
2036.725894,0.9999989145005892
2036.845496,0.9999988363006771
2036.965098,0.9999989679005327
2037.0847,0.9999988156007014
2037.204302,0.999998912800591
2037.323904,0.9999986849008647
2037.443506,0.9999986339009331
2037.563108,0.9999989194005838
2037.68271,0.9999985373010697
2037.802312,0.9999987507007804
2037.921914,0.999998975300525
2038.041516,0.9999987854007376
2038.161118,0.9999986523009081
2038.28072,0.9999987199008193
2038.400322,0.9999990073404927
2038.519924,0.9999985350010732
2038.639526,0.9999991165903902
2038.759128,0.9999988895006166
2038.87873,0.9999989625005382
2038.998332,0.9999987632007649
2039.117934,0.9999988630006463
2039.237536,0.9999986240009466
2039.357138,0.9999984653011776
2039.47674,0.9999988736006344
2039.596342,0.9999985259010865
2039.715944,0.9999986629008939
2039.835546,0.9999987834007401
2039.955148,0.999998821900694
2040.07475,0.9999988932006125
2040.194352,0.9999987449007877
2040.313954,0.9999987695007571
2040.433556,0.9999989724005279
2040.553158,0.9999987389007952
2040.67276,0.9999990023704977
2040.792362,0.9999990789404242
2040.911964,0.9999992234903015
2041.031566,0.9999989556005454
2041.151168,0.9999988300006845
2041.27077,0.9999991365803728
2041.390372,0.9999989096005945
2041.509974,0.999998946500555
2041.629576,0.9999987847007384
2041.749178,0.9999990646904374
2041.86878,0.9999992201803041
2041.988382,0.9999985898009943
2042.107984,0.9999983847013046
2042.227586,0.9999986164009572
2042.347188,0.9999985728010184
2042.46679,0.9999991382203713
2042.586392,0.9999985694010233
2042.705994,0.9999991349203742
2042.825596,0.9999991726503422
2042.945198,0.9999988420006705
2043.0648,0.9999991074203983
2043.184402,0.9999987875007351
2043.304004,0.9999989938005062
2043.423606,0.9999988928006129
2043.543208,0.9999987506007805
2043.66281,0.9999984790011567
2043.782412,0.9999988979006074
2043.902014,0.9999988721006361
2044.021616,0.9999988951006104
2044.141218,0.9999989558005452
2044.26082,0.9999988986006065
2044.380422,0.9999990299904704
2044.500024,0.9999990030904969
2044.619626,0.9999985046011182
2044.739228,0.9999989032006015
2044.85883,0.9999987981007222
2044.978432,0.9999988413006713
2045.098034,0.9999988379006752
2045.217636,0.9999991404803694
2045.337238,0.9999990702804322
2045.45684,0.9999985430010614
2045.576442,0.9999988456006663
2045.696044,0.9999989364005656
2045.815646,0.9999991555403566
2045.935248,0.9999988428006695
2046.05485,0.9999986017009777
2046.174452,0.9999985287010824
2046.294054,0.9999991594103533
2046.413656,0.9999990601904416
2046.533258,0.9999989766005237
2046.65286,0.9999987978007226
2046.772462,0.9999987423007909
2046.892064,0.9999985010011235
2047.011666,0.9999990228504774
2047.131268,0.999998605700972
2047.25087,0.9999988306006837
2047.370472,0.9999987980007224
2047.490074,0.9999985829010041
2047.609676,0.9999989131005906
2047.729278,0.999998815900701
2047.84888,0.9999988420006705
2047.968482,0.9999987695007571
2048.088084,0.9999986884008601
2048.207686,0.9999984708011692
2048.327288,0.9999984942011337
2048.44689,0.9999987501007811
2048.566492,0.9999985284010828
2048.686094,0.9999986306009376
2048.805696,0.9999987458007865
2048.925298,0.9999986176009555
2049.0449,0.9999991678003463
2049.164502,0.999998735900799
2049.284104,0.9999986740008792
2049.403706,0.9999988096007085
2049.523308,0.9999986626008943
2049.64291,0.9999988431006692
2049.762512,0.9999991147703918
2049.882114,0.9999988361006773
2050.001716,0.9999989276005751
2050.121318,0.9999989032006015
2050.24092,0.9999989715005289
2050.360522,0.9999989755005247
2050.480124,0.9999987708007555
2050.599726,0.9999987435007894
2050.719328,0.9999988104007076
2050.83893,0.9999990736704291
2050.958532,0.9999987219008167
2051.078134,0.9999985315010782
2051.197736,0.999998666600889
2051.317338,0.9999986249009455
2051.43694,0.9999989105005935
2051.556542,0.9999987499007814
2051.676144,0.9999986684008866
2051.795746,0.9999985975009835
2051.915348,0.9999983912012941
2052.03495,0.9999985207010942
2052.154552,0.9999988497006616
2052.274154,0.9999986818008688
2052.393756,0.999998449501202
2052.513358,0.9999983218014081
2052.63296,0.9999984589011875
2052.752562,0.9999986773008748
2052.872164,0.9999986331009342
2052.991766,0.9999987517007791
2053.111368,0.999998714700826
2053.23097,0.9999988430006693
2053.350572,0.9999986204009517
2053.470174,0.999998538501068
2053.589776,0.9999991002904047
2053.709378,0.9999989281005744
2053.82898,0.9999987416007918
2053.948582,0.999998490701139
2054.068184,0.9999987032008408
2054.187786,0.9999982806014782
2054.307388,0.9999985789010097
2054.42699,0.9999989150005886
2054.546592,0.999998461201184
2054.666194,0.9999981452017201
2054.785796,0.9999985357010721
2054.905398,0.9999982077016062
2055.025,0.9999983709013269
2055.144602,0.9999980597018824
2055.264204,0.9999983686013307
2055.383806,0.9999982920014586
2055.503408,0.9999982386015512
2055.62301,0.9999982519015279
2055.742612,0.9999983565013505
2055.862214,0.9999982369015542
2055.981816,0.9999981846016478
2056.101418,0.9999980828018378
2056.22102,0.9999981817016531
2056.340622,0.9999982637015074
2056.460224,0.9999981515017085
2056.579826,0.9999982970014502
2056.699428,0.9999983386013801
2056.81903,0.9999981488017134
2056.938632,0.9999980270019464
2057.058234,0.9999983326013901
2057.177836,0.9999979165021705
2057.297438,0.9999979114021811
2057.41704,0.999998203301614
2057.536642,0.9999979416021185
2057.656244,0.9999979379021261
2057.775846,0.9999980411019186
2057.895448,0.9999976148028445
2058.01505,0.9999981214017646
2058.134652,0.999997991002018
2058.254254,0.9999981416017268
2058.373856,0.9999982633015081
2058.493458,0.9999977565025167
2058.61306,0.9999982963014513
2058.732662,0.999998190001638
2058.852264,0.9999981210017653
2058.971866,0.9999981798016566
2059.091468,0.9999979638020731
2059.21107,0.9999980411019186
2059.330672,0.9999980659018703
2059.450274,0.9999981418017264
2059.569876,0.9999978288023571
2059.689478,0.9999981668016803
2059.80908,0.9999981130017804
2059.928682,0.9999981017018018
2060.048284,0.9999977414025506
2060.167886,0.9999980715018596
2060.287488,0.9999977607025072
2060.40709,0.9999980208019587
2060.526692,0.9999979281021464
2060.646294,0.9999979942020116
2060.765896,0.999998046001909
2060.885498,0.9999979730020544
2061.0051,0.9999980235019533
2061.124702,0.9999979469021076
2061.244304,0.9999981552017017
2061.363906,0.9999980940018164
2061.483508,0.9999977643024992
2061.60311,0.9999977328025701
2061.722712,0.9999981220017634
2061.842314,0.9999979926020148
2061.961916,0.9999977398025542
2062.081518,0.9999978207023746
2062.20112,0.999997928302146
2062.320722,0.9999978150023872
2062.440324,0.9999979296021433
2062.559926,0.9999982210015824
2062.679528,0.9999980469019073
2062.79913,0.9999981522017072
2062.918732,0.9999981837016495
2063.038334,0.9999978901022258
2063.157936,0.9999982717014935
2063.277538,0.9999979545020921
2063.39714,0.9999979335021352
2063.516742,0.9999978323023495
2063.636344,0.9999982284015693
2063.755946,0.9999979587020834
2063.875548,0.9999977350025651
2063.99515,0.9999980836018363
2064.114752,0.9999979997020007
2064.234354,0.9999978892022278
2064.353956,0.9999982611015119
2064.473558,0.999997926802149
2064.59316,0.9999978602022894
2064.712762,0.9999978205023751
2064.832364,0.9999985340010745
2064.951966,0.9999978047024096
2065.071568,0.9999975025031187
2065.19117,0.9999978698022689
2065.310772,0.9999977725024809
2065.430374,0.9999977121026172
2065.549976,0.99999771090262
2065.669578,0.9999977658024958
2065.78918,0.9999978160023849
2065.908782,0.9999980366019274
2066.028384,0.9999980490019031
2066.147986,0.9999977814024611
2066.267588,0.9999977749024755
2066.38719,0.9999979586020836
2066.506792,0.9999978918022222
2066.626394,0.9999975662029617
2066.745996,0.9999978530023048
2066.865598,0.9999980597018824
2066.9852,0.9999977535025234
2067.104802,0.9999980441019127
2067.224404,0.9999982394015499
2067.344006,0.9999981792016577
2067.463608,0.9999978183023799
2067.58321,0.9999977826024584
2067.702812,0.9999977292025782
2067.822414,0.999997954002093
2067.942016,0.9999972367038179
2068.061618,0.9999981222017631
2068.18122,0.9999980284019436
2068.300822,0.9999982103016015
2068.420424,0.9999982991014466
2068.540026,0.9999981027017999
2068.659628,0.9999980670018682
2068.77923,0.9999975602029763
2068.898832,0.9999981661016816
2069.018434,0.9999976597027385
2069.138036,0.9999979721020562
2069.257638,0.9999979042021961
2069.37724,0.9999983662013346
2069.496842,0.9999978966022122
2069.616444,0.9999976903026674
2069.736046,0.9999977004026441
2069.855648,0.9999973117036135
2069.97525,0.9999979502021008
2070.094852,0.9999976233028244
2070.214454,0.9999980146019709
2070.334056,0.9999979493021027
2070.453658,0.9999980400019208
2070.57326,0.9999979631020744
2070.692862,0.9999980245019513
2070.812464,0.9999980764018501
2070.932066,0.9999978635022824
2071.051668,0.9999980790018451
2071.17127,0.9999981624016884
2071.290872,0.9999982155015922
2071.410474,0.9999976758027009
2071.530076,0.9999978434023254
2071.649678,0.9999982236015778
2071.76928,0.9999979199021634
2071.888882,0.9999983671013332
2072.008484,0.999998107401791
2072.128086,0.9999981466017176
2072.247688,0.9999978581022939
2072.36729,0.9999978751022576
2072.486892,0.9999982351015574
2072.606494,0.9999977919024379
2072.726096,0.9999978918022222
2072.845698,0.9999982102016017
2072.9653,0.9999979175021684
2073.084902,0.999998144201722
2073.204504,0.9999978402023324
2073.324106,0.999998185601646
2073.443708,0.9999981832016503
2073.56331,0.9999977786024673
2073.682912,0.9999980700018625
2073.802514,0.9999982825014749
2073.922116,0.9999981577016971
2074.041718,0.9999980345019316
2074.16132,0.9999980843018349
2074.280922,0.9999980500019012
2074.400524,0.9999982030016146
2074.520126,0.9999983803013117
2074.639728,0.9999980763018503
2074.75933,0.9999983171014161
2074.878932,0.999998059901882
2074.998534,0.9999983221014077
2075.118136,0.9999981652016833
2075.237738,0.9999979226021578
2075.35734,0.999998009001982
2075.476942,0.999998288301465
2075.596544,0.9999981998016204
2075.716146,0.999998343501372
2075.835748,0.9999985498010515
2075.95535,0.9999979934020132
2076.074952,0.9999985212010934
2076.194554,0.9999984056012711
2076.314156,0.9999982377015528
2076.433758,0.9999983125014238
2076.55336,0.9999982628015089
2076.672962,0.9999981343017404
2076.792564,0.9999984732011655
2076.912166,0.9999980940018164
2077.031768,0.99999823360156
2077.15137,0.9999977348025656
2077.270972,0.999997959402082
2077.390574,0.9999983082014311
2077.510176,0.9999983202014109
2077.629778,0.9999979882020237
2077.74938,0.9999980984018081
2077.868982,0.9999982557015213
2077.988584,0.9999980559018897
2078.108186,0.9999982037016133
2078.227788,0.9999982023016158
2078.34739,0.9999977117026182
2078.466992,0.9999979305021414
2078.586594,0.9999982172015892
2078.706196,0.9999979085021872
2078.825798,0.9999985366010707
2078.9454,0.999998038901923
2079.065002,0.999998302301441
2079.184604,0.9999987471007848
2079.304206,0.9999984381012198
2079.423808,0.9999978712022659
2079.54341,0.9999981368017358
2079.663012,0.9999982179015879
2079.782614,0.9999984846011483
2079.902216,0.9999983266014001
2080.021818,0.9999981844016482
2080.14142,0.9999980994018062
2080.261022,0.9999981931016324
2080.380624,0.9999982534015253
2080.500226,0.9999978684022719
2080.619828,0.9999983669013335
2080.73943,0.9999977832024571
2080.859032,0.9999980264019476
2080.978634,0.9999980473019066
2081.098236,0.9999981279017524
2081.217838,0.99999839380129
2081.33744,0.9999984073012683
2081.457042,0.999998272601492
2081.576644,0.9999982279015701
2081.696246,0.9999981200017672
2081.815848,0.9999979430021156
2081.93545,0.9999982084016049
2082.055052,0.9999981695016754
2082.174654,0.9999980444019122
2082.294256,0.9999982417015458
2082.413858,0.9999982731014911
2082.53346,0.9999982903014616
2082.653062,0.9999981548017024
2082.772664,0.9999978517023076
2082.892266,0.999998331501392
2083.011868,0.999998113701779
2083.13147,0.9999982300015664
2083.251072,0.9999981999016202
2083.370674,0.9999979417021183
2083.490276,0.9999978255023643
2083.609878,0.9999981859016455
2083.72948,0.9999981314017459
2083.849082,0.9999985168011
2083.968684,0.9999978476023164
2084.088286,0.999998063501875
2084.207888,0.9999978516023078
2084.32749,0.9999979115021809
2084.447092,0.9999977625025032
2084.566694,0.9999983928012915
2084.686296,0.9999983738013223
2084.805898,0.9999983196014118
2084.9255,0.999998323701405
2085.045102,0.9999983589013466
2085.164704,0.9999979576020857
2085.284306,0.9999983905012952
2085.403908,0.9999984774011591
2085.52351,0.9999981145017776
2085.643112,0.9999980159019684
2085.762714,0.999997725802586
2085.882316,0.9999980019019962
2086.001918,0.9999980222019559
2086.12152,0.9999981733016684
2086.241122,0.9999979784020434
2086.360724,0.9999982581015171
2086.480326,0.9999979547020916
2086.599928,0.9999979711020582
2086.71953,0.9999980865018308
2086.839132,0.9999981541017037
2086.958734,0.9999981102017856
2087.078336,0.9999979761020481
2087.197938,0.9999984593011869
2087.31754,0.9999981389017318
2087.437142,0.9999980384019239
2087.556744,0.9999977928024358
2087.676346,0.9999979213021605
2087.795948,0.9999980683018658
2087.91555,0.9999980227019548
2088.035152,0.9999978282023584
2088.154754,0.9999979121021797
2088.274356,0.9999982990014467
2088.393958,0.9999981315017457
2088.51356,0.9999982177015883
2088.633162,0.9999979609020789
2088.752764,0.9999979040021966
2088.872366,0.9999977894024433
2088.991968,0.9999978575022952
2089.11157,0.9999978352023432
2089.231172,0.9999977207025976
2089.350774,0.9999979752020499
2089.470376,0.9999979739020526
2089.589978,0.9999977391025558
2089.70958,0.9999979681020643
2089.829182,0.9999979082021878
2089.948784,0.9999981067017923
2090.068386,0.9999979709020587
2090.187988,0.9999981228017619
2090.30759,0.9999980846018344
2090.427192,0.9999978636022822
2090.546794,0.9999980669018684
2090.666396,0.9999980037019927
2090.785998,0.9999980327019351
2090.9056,0.9999980788018455
2091.025202,0.9999981332017425
2091.144804,0.99999774610254
2091.264406,0.9999977483025351
2091.384008,0.9999980074019852
2091.50361,0.9999977341025672
2091.623212,0.9999981570016984
2091.742814,0.9999982309015648
2091.862416,0.9999980285019434
2091.982018,0.9999975439030162
2092.10162,0.9999979598020812
2092.221222,0.9999980327019351
2092.340824,0.9999978685022717
2092.460426,0.9999978793022487
2092.580028,0.9999978393023343
2092.69963,0.9999978845022377
2092.819232,0.9999977240025901
2092.938834,0.9999978500023112
2093.058436,0.9999977758024735
2093.178038,0.9999979438021139
2093.29764,0.9999978115023948
2093.417242,0.9999980016019968
2093.536844,0.9999977259025857
2093.656446,0.999997537503032
2093.776048,0.9999981488017134
2093.89565,0.9999975251030626
2094.015252,0.9999977363025622
2094.134854,0.9999979691020623
2094.254456,0.9999976465027695
2094.374058,0.9999975787029314
2094.49366,0.9999977952024306
2094.613262,0.9999977372025601
2094.732864,0.9999976250028203
2094.852466,0.9999979444021128
2094.972068,0.9999978647022798
2095.09167,0.9999977582025128
2095.211272,0.9999977934024346
2095.330874,0.9999977663024947
2095.450476,0.9999973201035909
2095.570078,0.9999977345025662
2095.68968,0.9999977174026051
2095.809282,0.9999976845026808
2095.928884,0.9999975656029632
2096.048486,0.9999975187030784
2096.168088,0.9999976832026838
2096.28769,0.9999977083026259
2096.407292,0.9999975939028947
2096.526894,0.9999976330028013
2096.646496,0.9999976214028289
2096.766098,0.9999975794029297
2096.8857,0.9999975049031128
2097.005302,0.9999974829031679
2097.124904,0.9999975007031232
2097.244506,0.9999975120030951
2097.364108,0.9999974285033063
2097.48371,0.9999976838026824
2097.603312,0.9999975195030765
2097.722914,0.9999973003036442
2097.842516,0.9999971573040405
2097.962118,0.9999973091036205
2098.08172,0.9999974323032965
2098.201322,0.9999973431035295
2098.320924,0.9999974820031702
2098.440526,0.9999972135038823
2098.560128,0.9999971379040958
2098.67973,0.99999728340369
2098.799332,0.9999976080028609
2098.918934,0.9999973651034714
2099.038536,0.999997237403816
2099.158138,0.9999971878039542
2099.27774,0.9999973966033888
2099.397342,0.999997557902982
2099.516944,0.999997496403134
2099.636546,0.9999973556034965
2099.756148,0.999997353903501
2099.87575,0.99999720000392
2099.995352,0.9999973257035759
2100.114954,0.9999974647032138
2100.234556,0.9999972710037237
2100.354158,0.9999973893034079
2100.47376,0.9999974947031383
2100.593362,0.9999974033033714
2100.712964,0.9999974683032048
2100.832566,0.9999973303035636
2100.952168,0.9999971598040334
2101.07177,0.999997188603952
2101.191372,0.9999974789031779
2101.310974,0.9999973370035458
2101.430576,0.9999971913039444
2101.550178,0.9999968291050273
2101.66978,0.9999972649037404
2101.789382,0.9999968789048707
2101.908984,0.9999971457040735
2102.028586,0.9999973156036029
2102.148188,0.9999970313044065
2102.26779,0.9999976102028556
2102.387392,0.9999971195041486
2102.506994,0.9999974991031273
2102.626596,0.9999971309041159
2102.746198,0.9999974693032022
2102.8658,0.9999972721037207
2102.985402,0.9999974837031659
2103.105004,0.9999972629037459
2103.224606,0.9999975933028961
2103.344208,0.9999971916039435
2103.46381,0.9999975657029629
2103.583412,0.9999975157030858
2103.703014,0.999997476503184
2103.822616,0.9999974191033305
2103.942218,0.9999973802034317
2104.06182,0.9999973157036027
2104.181422,0.999996889704837
2104.301024,0.9999973190035939
2104.420626,0.999997048404356
2104.540228,0.999997066404303
2104.65983,0.9999971289041216
2104.779432,0.9999971639040217
2104.899034,0.9999974245033166
2105.018636,0.9999977025026392
2105.138238,0.9999971516040567
2105.25784,0.9999973014036412
2105.377442,0.9999974410032743
2105.497044,0.999997557902982
2105.616646,0.9999969673045986
2105.736248,0.9999969315047078
2105.85585,0.9999971570040413
2105.975452,0.9999972090038949
2106.095054,0.9999974430032691
2106.214656,0.9999971895039494
2106.334258,0.9999973786034358
2106.45386,0.9999973916034018
2106.573462,0.9999973779034377
2106.693064,0.9999972574037609
2106.812666,0.9999973204035901
2106.932268,0.9999974625032194
2107.05187,0.9999972326038292
2107.171472,0.9999974163033377
2107.291074,0.9999974308033004
2107.410676,0.9999975825029221
2107.530278,0.9999975413030227
2107.64988,0.9999975517029971
2107.769482,0.9999970863042448
2107.889084,0.999997443803267
2108.008686,0.9999974538032416
2108.128288,0.9999974462032609
2108.24789,0.9999970409043781
2108.367492,0.9999973269035727
2108.487094,0.9999975238030658
2108.606696,0.9999974085033579
2108.726298,0.9999975324030446
2108.8459,0.9999972046039072
2108.965502,0.9999971867039573
2109.085104,0.9999975808029262
2109.204706,0.9999974629032184
2109.324308,0.9999977082026261
2109.44391,0.9999973485035152
2109.563512,0.9999974086033577
2109.683114,0.9999973016036406
2109.802716,0.9999974712031974
2109.922318,0.9999973956033914
2110.04192,0.999997413903344
2110.161522,0.9999974821031699
2110.281124,0.9999973453035237
2110.400726,0.9999976304028075
2110.520328,0.9999976391027869
2110.63993,0.9999975782029326
2110.759532,0.9999973518035065
2110.879134,0.9999975544029904
2110.998736,0.999997476903183
2111.118338,0.9999974129033465
2111.23794,0.9999973091036205
2111.357542,0.9999973862034159
2111.477144,0.9999979972020056
2111.596746,0.9999973017036404
2111.716348,0.9999973673034656
2111.83595,0.9999975114030966
2111.955552,0.9999974223033222
2112.075154,0.9999974622032202
2112.194756,0.999997402303374
2112.314358,0.9999974861031599
2112.43396,0.9999968839048551
2112.553562,0.9999970837042524
2112.673164,0.9999971853039613
2112.792766,0.9999972281038417
2112.912368,0.9999972714037226
2113.03197,0.9999974217033238
2113.151572,0.9999971475040684
2113.271174,0.999997574702941
2113.390776,0.9999969959045123
2113.510378,0.9999974303033017
2113.62998,0.9999974136033447
2113.749582,0.9999974987031283
2113.869184,0.9999970901042338
2113.988786,0.9999973789034351
2114.108388,0.9999970290044135
2114.22799,0.9999975393030275
2114.347592,0.9999971926039407
2114.467194,0.9999972757037109
2114.586796,0.9999972575037607
2114.706398,0.9999970478043577
2114.826,0.9999971063041867
2114.945602,0.9999974704031994
2115.065204,0.9999971054041894
2115.184806,0.9999974710031979
2115.304408,0.9999970736042819
2115.42401,0.9999970522043448
2115.543612,0.9999974132033458
2115.663214,0.9999975121030948
2115.782816,0.9999972674037335
2115.902418,0.9999967971051292
2116.02202,0.9999967727052077
2116.141622,0.9999969475046588
2116.261224,0.9999970235044298
2116.380826,0.9999971511040581
2116.500428,0.9999972993036469
2116.62003,0.9999973264035741
2116.739632,0.9999968492049638
2116.859234,0.9999972016039155
2116.978836,0.9999972422038027
2117.098438,0.9999970229044316
2117.21804,0.9999970320044045
2117.337642,0.9999973209035888
2117.457244,0.9999969076047814
2117.576846,0.9999971505040598
2117.696448,0.9999971163041579
2117.81605,0.9999971118041708
2117.935652,0.9999966512056072
2118.055254,0.9999970170044491
2118.174856,0.9999972100038921
2118.294458,0.9999966270056886
2118.41406,0.9999969119047681
2118.533662,0.9999970478043577
2118.653264,0.9999971619040274
2118.772866,0.9999970639043103
2118.892468,0.9999975563029858
2119.01207,0.999996931804707
2119.131672,0.9999969903045292
2119.251274,0.9999968231050463
2119.370876,0.9999971310041156
2119.490478,0.9999972204038631
2119.61008,0.9999973483035157
2119.729682,0.9999974402032763
2119.849284,0.9999975300030505
2119.968886,0.999996932104706
2120.088488,0.9999974681032052
2120.20809,0.9999970796042643
2120.327692,0.999997493203142
2120.447294,0.9999973667034672
2120.566896,0.9999974186033318
2120.686498,0.9999971905039466
2120.8061,0.9999972679037322
2120.925702,0.9999971274041259
2121.045304,0.9999973663034681
2121.164906,0.9999973873034131
2121.284508,0.9999973761034424
2121.40411,0.9999972857036837
2121.523712,0.999997476503184
2121.643314,0.9999973509035088
2121.762916,0.999997048404356
2121.882518,0.9999973511035083
2122.00212,0.9999975607029751
2122.121722,0.9999971842039643
2122.241324,0.9999972226038569
2122.360926,0.9999975356030366
2122.480528,0.9999975113030968
2122.60013,0.9999972084038965
2122.719732,0.9999971779039821
2122.839334,0.9999972591037563
2122.958936,0.9999973296035655
2123.078538,0.9999975011031222
2123.19814,0.9999974412032737
2123.317742,0.999997798202424
2123.437344,0.9999975862029132
2123.556946,0.9999976964026532
2123.676548,0.9999976973026512
2123.79615,0.9999976263028172
2123.915752,0.9999975397030265
2124.035354,0.9999979352021316
2124.154956,0.9999977638025003
2124.274558,0.9999978542023022
2124.39416,0.9999979938020124
2124.513762,0.9999978140023893
2124.633364,0.9999974238033184
2124.752966,0.9999978381023369
2124.872568,0.9999974953031368
2124.99217,0.9999976024028743
2125.111772,0.9999977063026305
2125.231374,0.999997669302716
2125.350976,0.9999976099028562
2125.470578,0.9999976301028082
2125.59018,0.9999976993026466
2125.709782,0.9999976600027378
2125.829384,0.9999979317021389
2125.948986,0.9999976558027477
2126.068588,0.9999976016028762
2126.18819,0.999997567302959
2126.307792,0.9999977545025212
2126.427394,0.999997945302111
2126.546996,0.9999975486030047
2126.666598,0.9999975066031085
2126.7862,0.9999977710024842
2126.905802,0.9999977341025672
2127.025404,0.9999977528025249
2127.145006,0.9999976644027275
2127.264608,0.9999975593029785
2127.38421,0.999997355003498
2127.503812,0.9999974998031255
2127.623414,0.999997300003645
2127.743016,0.9999978111023956
2127.862618,0.9999977745024764
2127.98222,0.9999978017024163
2128.101822,0.9999978205023751
2128.221424,0.9999975570029841
2128.341026,0.9999980580018857
2128.460628,0.999997544003016
2128.58023,0.9999975807029265
2128.699832,0.9999977615025054
2128.819434,0.9999973574034917
2128.939036,0.99999752210307
2129.058638,0.9999977059026315
2129.17824,0.9999976011028774
2129.297842,0.9999975672029593
2129.417444,0.9999974775031815
2129.537046,0.9999977260025855
2129.656648,0.9999979023022002
2129.77625,0.9999973474035181
2129.895852,0.9999973600034848
2130.015454,0.9999975751029401
2130.135056,0.9999974292033045
2130.254658,0.9999974667032088
2130.37426,0.9999972294038381
2130.493862,0.9999977200025992
2130.613464,0.9999977527025252
2130.733066,0.999998056801888
2130.852668,0.999998039901921
2130.97227,0.9999980496019021
2131.091872,0.9999979288021449
2131.211474,0.9999976633027301
2131.331076,0.9999975474030076
2131.450678,0.999997744802543
2131.57028,0.9999974312032993
2131.689882,0.9999975279030556
2131.809484,0.9999977887024449
2131.929086,0.9999974306033009
2132.048688,0.9999973433035291
2132.16829,0.9999975909029019
2132.287892,0.9999978032024129
2132.407494,0.9999975462030105
2132.527096,0.9999974671032078
2132.646698,0.9999975555029877
2132.7663,0.9999976915026646
2132.885902,0.9999976252028199
2133.005504,0.999997838502336
2133.125106,0.9999974354032886
2133.244708,0.999997822402371
2133.36431,0.9999974369032847
2133.483912,0.9999976850026796
2133.603514,0.9999974394032783
2133.723116,0.9999977320025719
2133.842718,0.9999977265025844
2133.96232,0.9999974245033166
2134.081922,0.9999973626034779
2134.201524,0.9999975094031015
2134.321126,0.9999979422021172
2134.440728,0.9999979545020921
2134.56033,0.999997842202328
2134.679932,0.9999979213021605
2134.799534,0.999997549703002
2134.919136,0.9999977601025086
2135.038738,0.999997585502915
2135.15834,0.9999979274021479
2135.277942,0.9999981204017665
2135.397544,0.9999975422030204
2135.517146,0.9999976341027987
2135.636748,0.9999975166030837
2135.75635,0.9999974288033056
2135.875952,0.9999974638032162
2135.995554,0.9999981133017798
2136.115156,0.9999973350035511
2136.234758,0.999997479703176
2136.35436,0.9999976525027554
2136.473962,0.9999976173028386
2136.593564,0.9999975276030564
2136.713166,0.9999975193030769
2136.832768,0.9999976326028023
2136.95237,0.9999977848024536
2137.071972,0.9999975494030027
2137.191574,0.9999974196033292
2137.311176,0.9999973543034999
2137.430778,0.999997592902897
2137.55038,0.9999971610040299
2137.669982,0.9999977848024536
2137.789584,0.9999978859022347
2137.909186,0.9999979954020092
2138.028788,0.9999979316021391
2138.14839,0.9999977449025428
2138.267992,0.9999975856029146
2138.387594,0.999997509203102
2138.507196,0.9999978360023415
2138.626798,0.999997301103642
2138.7464,0.999997606702864
2138.866002,0.9999972865036816
2138.985604,0.9999976908026662
2139.105206,0.9999979042021961
2139.224808,0.9999974998031255
2139.34441,0.9999978624022847
2139.464012,0.999997573902943
2139.583614,0.9999976958026546
2139.703216,0.9999978216023727
2139.822818,0.9999974347032904
2139.94242,0.9999974199033285
2140.062022,0.9999976656027247
2140.181624,0.9999975486030047
2140.301226,0.9999974013033767
2140.420828,0.9999976725027087
2140.54043,0.9999978429023265
2140.660032,0.9999977615025054
2140.779634,0.9999975295030517
2140.899236,0.9999973123036119
2141.018838,0.9999977604025079
2141.13844,0.9999972890036748
2141.258042,0.9999978451023218
2141.377644,0.9999978122023933
2141.497246,0.9999976488027641
2141.616848,0.9999977397025545
2141.73645,0.9999974733031921
2141.856052,0.9999978412023303
2141.975654,0.9999976452027726
2142.095256,0.9999976697027152
2142.214858,0.9999977681024906
2142.33446,0.9999971311041153
2142.454062,0.9999975130030926
2142.573664,0.9999976549027497
2142.693266,0.9999978734022612
2142.812868,0.9999976356027952
2142.93247,0.9999978037024119
2143.052072,0.9999974192033303
2143.171674,0.999997681802687
2143.291276,0.9999977030026381
2143.410878,0.9999974729031931
2143.53048,0.9999976949026568
2143.650082,0.9999974311032996
2143.769684,0.9999974051033668
2143.889286,0.9999972783037038
2144.008888,0.9999975802029277
2144.12849,0.9999972152038775
2144.248092,0.9999974942031395
2144.367694,0.9999973051036313
2144.487296,0.999997666302723
2144.606898,0.9999977761024729
2144.7265,0.999997906202192
2144.846102,0.9999972156038764
2144.965704,0.9999979051021943
2145.085306,0.9999976406027834
2145.204908,0.9999974985031288
2145.32451,0.999997578402932
2145.444112,0.9999973769034404
2145.563714,0.9999974644032147
2145.683316,0.9999974447032648
2145.802918,0.9999972424038022
2145.92252,0.9999975991028821
2146.042122,0.9999974561032358
2146.161724,0.9999973293035663
2146.281326,0.999997504403114
2146.400928,0.9999974342032917
2146.52053,0.9999972083038968
2146.640132,0.9999977809024622
2146.759734,0.9999975710029501
2146.879336,0.9999975079031053
2146.998938,0.9999978402023324
2147.11854,0.9999975607029751
2147.238142,0.9999977876024474
2147.357744,0.9999976683027184
2147.477346,0.9999974618032212
2147.596948,0.999997117304155
2147.71655,0.9999973480035166
2147.836152,0.9999973483035157
2147.955754,0.9999974799031754
2148.075356,0.9999971351041038
2148.194958,0.9999974519032464
2148.31456,0.999997476903183
2148.434162,0.9999973372035452
2148.553764,0.9999975909029019
2148.673366,0.999997595402891
2148.792968,0.9999975054031115
2148.91257,0.9999972369038174
2149.032172,0.9999975659029624
2149.151774,0.9999975137030909
2149.271376,0.999997317103599
2149.390978,0.9999973199035914
2149.51058,0.9999971318041133
2149.630182,0.9999975915029005
2149.749784,0.9999972236038542
2149.869386,0.9999977886024451
2149.988988,0.999997360703483
2150.10859,0.9999972402038082
2150.228192,0.9999972436037988
2150.347794,0.9999974130033463
2150.467396,0.9999967792051868
2150.586998,0.9999972669037349
2150.7066,0.9999975580029817
2150.826202,0.9999975717029483
2150.945804,0.9999975615029731
2151.065406,0.9999971357041021
2151.185008,0.9999972059039035
2151.30461,0.9999974808031732
2151.424212,0.9999973311035615
2151.543814,0.9999974423032709
2151.663416,0.9999971141041643
2151.783018,0.9999970115044655
2151.90262,0.9999972195038656
2152.022222,0.9999975259030606
2152.141824,0.9999974109033517
2152.261426,0.999997168404009
2152.381028,0.999997088304239
2152.50063,0.9999972946036596
2152.620232,0.9999969740045783
2152.739834,0.9999973938033961
2152.859436,0.9999971992039223
2152.979038,0.9999972378038149
2153.09864,0.9999973174035982
2153.218242,0.999997267203734
2153.337844,0.9999972797037
2153.457446,0.9999971735039945
2153.577048,0.9999973362035479
2153.69665,0.9999970968042143
2153.816252,0.9999969852045445
2153.935854,0.9999973861034163
2154.055456,0.9999969062047858
2154.175058,0.9999973073036253
2154.29466,0.9999972659037376
2154.414262,0.9999971167041567
2154.533864,0.9999974899031503
2154.653466,0.9999972674037335
2154.773068,0.9999974017033756
2154.89267,0.9999972301038361
2155.012272,0.9999973079036237
2155.131874,0.9999968640049173
2155.251476,0.9999970858042463
2155.371078,0.999997151504057
2155.49068,0.9999970742042802
2155.610282,0.9999969342046996
2155.729884,0.999997049404353
2155.849486,0.9999972548037681
2155.969088,0.9999966573055868
2156.08869,0.9999969143047608
2156.208292,0.999997110004176
2156.327894,0.9999973500035112
2156.447496,0.9999966758055251
2156.567098,0.9999966980054515
2156.6867,0.9999967343053324
2156.806302,0.9999969433046717
2156.925904,0.9999968546049468
2157.045506,0.9999970448043666
2157.165108,0.9999972918036671
2157.28471,0.9999965566059285
2157.404312,0.9999973254035768
2157.523914,0.9999967187053834
2157.643516,0.9999967685052213
2157.763118,0.9999969771045689
2157.88272,0.9999967530052715
2158.002322,0.9999972558037653
2158.121924,0.9999968937048246
2158.241526,0.9999969066047846
2158.361128,0.9999966278056859
2158.48073,0.9999970489043545
2158.600332,0.9999974651032129
2158.719934,0.9999970446043672
2158.839536,0.9999970323044036
2158.959138,0.9999967913051478
2159.07874,0.9999968209050534
2159.198342,0.9999968095050896
2159.317944,0.9999968081050941
2159.437546,0.999996755305264
2159.557148,0.9999964806061931
2159.67675,0.9999969319047066
2159.796352,0.999996948104657
2159.915954,0.9999967577052562
2160.035556,0.9999967242053655
2160.155158,0.9999967547052659
2160.27476,0.9999965139060765
2160.394362,0.9999963691065917
2160.513964,0.9999964148064269
2160.633566,0.9999963941065012
2160.753168,0.9999967811051806
2160.87277,0.9999967317053409
2160.992372,0.9999964889061639
2161.111974,0.9999961261075035
2161.231576,0.9999961070075777
2161.351178,0.9999964180064154
2161.47078,0.9999963502066606
2161.590382,0.999996755005265
2161.709984,0.999996689105481
2161.829586,0.9999966132057352
2161.949188,0.9999960947076256
2162.06879,0.9999961825072866
2162.188392,0.9999963385067033
2162.307994,0.9999963144067918
2162.427596,0.9999966488056152
2162.547198,0.9999965064061026
2162.6668,0.9999963474066708
2162.786402,0.9999967050054285
2162.906004,0.9999962856068983
2163.025606,0.9999962967068572
2163.145208,0.9999963855065322
2163.26481,0.9999966722055371
2163.384412,0.9999964976061334
2163.504014,0.9999963522066532
2163.623616,0.9999969365046925
2163.743218,0.9999966678055517
2163.86282,0.9999961595073747
2163.982422,0.9999963091068114
2164.102024,0.9999965560059305
2164.221626,0.9999962130071707
2164.341228,0.9999962822069111
2164.46083,0.9999963182067778
2164.580432,0.9999963974064894
2164.700034,0.9999963064068214
2164.819636,0.9999965302060198
2164.939238,0.9999962860068969
2165.05884,0.9999965665058944
2165.178442,0.9999964185064135
2165.298044,0.9999967040054318
2165.417646,0.9999962882068887
2165.537248,0.9999960581077693
2165.65685,0.9999962816069132
2165.776452,0.999996771705211
2165.896054,0.9999962936068687
2166.015656,0.9999964784062009
2166.135258,0.9999962925068727
2166.25486,0.999996299206848
2166.374462,0.9999962918068753
2166.494064,0.9999960999076054
2166.613666,0.9999962323070978
2166.733268,0.9999962471070422
2166.85287,0.9999963227067613
2166.972472,0.9999964788061995
2167.092074,0.9999964489063051
2167.211676,0.9999968302050238
2167.331278,0.9999965168060664
2167.45088,0.9999964996061264
2167.570482,0.9999965825058397
2167.690084,0.9999965428059762
2167.809686,0.9999963571066354
2167.929288,0.9999961263075028
2168.04889,0.9999966273056875
2168.168492,0.9999961828072855
2168.288094,0.9999964947061436
2168.407696,0.9999964158064233
2168.527298,0.9999964126064347
2168.6469,0.9999966793055135
2168.766502,0.9999967077054196
2168.886104,0.9999966702055437
2169.005706,0.9999967760051971
2169.125308,0.9999968023051127
2169.24491,0.999996168307341
2169.364512,0.9999966266056899
2169.484114,0.999996363506612
2169.603716,0.9999962076071911
2169.723318,0.999996492306152
2169.84292,0.9999964026064706
2169.962522,0.9999966327056693
2170.082124,0.9999965010061215
2170.201726,0.9999967312053425
2170.321328,0.9999964945061443
2170.44093,0.9999968505049597
2170.560532,0.9999969361046938
2170.680134,0.9999969085047787
2170.799736,0.9999964598062665
2170.919338,0.9999967098054127
2171.03894,0.9999965549059343
2171.158542,0.9999969401046815
2171.278144,0.9999968388049966
2171.397746,0.9999967889051555
2171.517348,0.9999968568049399
2171.63695,0.9999965569059275
2171.756552,0.9999968544049473
2171.876154,0.9999965790058516
2171.995756,0.9999967170053891
2172.115358,0.9999968555049439
2172.23496,0.9999966122057385
2172.354562,0.9999970885042384
2172.474164,0.9999970603043209
2172.593766,0.9999967299053468
2172.713368,0.9999971758039881
2172.83297,0.9999969095047756
2172.952572,0.9999969630046117
2173.072174,0.9999970295044119
2173.191776,0.9999967703052155
2173.311378,0.9999970312044069
2173.43098,0.999996774805201
2173.550582,0.9999972315038322
2173.670184,0.9999971047041913
2173.789786,0.9999969429046729
2173.909388,0.9999967875051601
2174.02899,0.9999968551049452
2174.148592,0.9999970500043512
2174.268194,0.9999967449052979
2174.387796,0.9999970863042448
2174.507398,0.9999968413049887
2174.627,0.9999973142036067
2174.746602,0.999997018704444
2174.866204,0.9999971594040346
2174.985806,0.9999972367038179
2175.105408,0.9999969597046217
2175.22501,0.999996917504751
2175.344612,0.9999967643052349
2175.464214,0.9999974181033331
2175.583816,0.9999970359043929
2175.703418,0.9999969690045935
2175.82302,0.9999969693045926
2175.942622,0.9999972684037308
2176.062224,0.9999973478035171
2176.181826,0.9999969709045877
2176.301428,0.9999970684042971
2176.42103,0.9999975759029381
2176.540632,0.9999971403040889
2176.660234,0.9999971929039398
2176.779836,0.9999973718034537
2176.899438,0.9999973496035123
2177.01904,0.9999976130028488
2177.138642,0.9999971839039652
2177.258244,0.9999971983039248
2177.377846,0.9999972265038461
2177.497448,0.9999972013039163
2177.61705,0.9999969626046129
2177.736652,0.999997517303082
2177.856254,0.9999975349030383
2177.975856,0.9999970578043282
2178.095458,0.9999970786042672
2178.21506,0.9999971020041992
2178.334662,0.9999970081044758
2178.454264,0.9999976041028702
2178.573866,0.9999969248047285
2178.693468,0.9999972234038548
2178.81307,0.9999969572046293
2178.932672,0.9999970834042533
2179.052274,0.9999970446043672
2179.171876,0.9999971915039438
2179.291478,0.999997154304049
2179.41108,0.9999972253038495
2179.530682,0.9999974293033043
2179.650284,0.9999972792037014
2179.769886,0.9999973265035738
2179.889488,0.9999974590032283
2180.00909,0.9999973164036009
2180.128692,0.9999975920028993
2180.248294,0.9999973117036135
2180.367896,0.9999973971033875
2180.487498,0.9999971746039914
2180.6071,0.9999972760037101
2180.726702,0.999997113504166
2180.846304,0.9999971612040294
2180.965906,0.9999976133028482
2181.085508,0.999997168404009
2181.20511,0.9999969020047988
2181.324712,0.9999970034044898
2181.444314,0.9999972398038094
2181.563916,0.9999969304047113
2181.683518,0.9999973034036358
2181.80312,0.9999973962033899
2181.922722,0.9999970475043586
2182.042324,0.9999969130047648
2182.161926,0.9999968356050067
2182.281528,0.999997168404009
2182.40113,0.9999969647046065
2182.520732,0.999997250803779
2182.640334,0.999997348203516
2182.759936,0.9999970374043885
2182.879538,0.9999972295038378
2182.99914,0.9999970529043427
2183.118742,0.9999970951042192
2183.238344,0.9999972135038823
2183.357946,0.9999971933039388
2183.477548,0.9999973496035123
2183.59715,0.9999970870042428
2183.716752,0.9999970726042848
2183.836354,0.9999971101041758
2183.955956,0.9999969199047435
2184.075558,0.9999968692049009
2184.19516,0.9999970771042717
2184.314762,0.9999966236057001
2184.434364,0.9999968054051027
2184.553966,0.999997083504253
2184.673568,0.9999966265056902
2184.79317,0.9999967800051842
2184.912772,0.9999965452059678
2185.032374,0.9999972386038126
2185.151976,0.9999970447043669
2185.271578,0.9999969885045346
2185.39118,0.9999971978039262
2185.510782,0.9999968815048625
2185.630384,0.9999973396035389
2185.749986,0.9999968215050514
2185.869588,0.9999968782048728
2185.98919,0.9999970323044036
2186.108792,0.9999969542046384
2186.228394,0.9999971250041328
2186.347996,0.9999969031047954
2186.467598,0.999997158904036
2186.5872,0.9999971020041992
2186.706802,0.999996925604726
2186.826404,0.9999972389038119
2186.946006,0.9999969051047892
2187.065608,0.999996604705764
2187.18521,0.9999969664046013
2187.304812,0.9999969032047951
2187.424414,0.9999968927048276
2187.544016,0.9999966748055285
2187.663618,0.9999969024047975
2187.78322,0.9999970186044443
2187.902822,0.9999966900054781
2188.022424,0.9999964493063037
2188.142026,0.9999967801051839
2188.261628,0.9999970702042918
2188.38123,0.9999969428046732
2188.500832,0.9999968770048766
2188.620434,0.9999966777055188
2188.740036,0.9999966288056825
2188.859638,0.9999967856051661
2188.97924,0.9999968768048771
2189.098842,0.9999967825051761
2189.218444,0.9999966992054476
2189.338046,0.9999971330041099
2189.457648,0.9999968198050568
2189.57725,0.9999969299047128
2189.696852,0.9999967680052229
2189.816454,0.9999969581046265
2189.936056,0.9999967124054041
2190.055658,0.9999966045057647
2190.17526,0.9999970102044694
2190.294862,0.9999966856054926
2190.414464,0.9999973847034199
2190.534066,0.9999968947048214
2190.653668,0.9999964857061752
2190.77327,0.9999966021057729
2190.892872,0.9999965426059768
2191.012474,0.9999965699058828
2191.132076,0.9999968105050865
2191.251678,0.999996816605067
2191.37128,0.9999970193044423
2191.490882,0.9999967878051591
2191.610484,0.9999965436059733
2191.730086,0.9999967578052559
2191.849688,0.9999962996068464
2191.96929,0.9999969353046961
2192.088892,0.9999971233041377
2192.208494,0.9999964828061854
2192.328096,0.9999969199047435
2192.447698,0.9999967593052511
2192.5673,0.9999968526049531
2192.686902,0.9999965372059955
2192.806504,0.9999970527043432
2192.926106,0.9999969600046208
2193.045708,0.9999969806045584
2193.16531,0.9999968628049211
2193.284912,0.9999967800051842
2193.404514,0.9999966381056512
2193.524116,0.9999968057051017
2193.643718,0.9999969961045116
2193.76332,0.9999968651049138
2193.882922,0.9999969856045433
2194.002524,0.9999970286044146
2194.122126,0.9999969241047306
2194.241728,0.9999971078041824
2194.36133,0.9999968483049666
2194.480932,0.9999969487046552
2194.600534,0.9999964954061411
2194.720136,0.9999969947045159
2194.839738,0.9999968024051124
2194.95934,0.9999970717042874
2195.078942,0.9999964561062796
2195.198544,0.9999969021047985
2195.318146,0.9999966344056637
2195.437748,0.9999966567055888
2195.55735,0.9999971553040462
2195.676952,0.9999968908048336
2195.796554,0.9999972053039051
2195.916156,0.9999964743062153
2196.035758,0.9999967864051637
2196.15536,0.9999965244060399
2196.274962,0.9999968621049232
2196.394564,0.9999968577049371
2196.514166,0.9999965700058825
2196.633768,0.9999965794058503
2196.75337,0.9999969078047809
2196.872972,0.9999968181050622
2196.992574,0.9999966716055391
2197.112176,0.999996632205671
2197.231778,0.9999967170053891
2197.35138,0.9999972324038298
2197.470982,0.9999964386063418
2197.590584,0.9999966709055415
2197.710186,0.999996888404841
2197.829788,0.9999970257044233
2197.94939,0.9999970134044599
2198.068992,0.9999962598069946
2198.188594,0.9999964169064193
2198.308196,0.9999968414049883
2198.427798,0.9999966265056902
2198.5474,0.999996598505785
2198.667002,0.9999965973057892
2198.786604,0.9999963490066649
2198.906206,0.9999965336060079
2199.025808,0.9999966241056983
2199.14541,0.9999965683058882
2199.265012,0.999996846604972
2199.384614,0.9999964668062418
2199.504216,0.9999967488052851
2199.623818,0.9999965624059085
2199.74342,0.9999966792055138
2199.863022,0.9999969081047799
2199.982624,0.9999968344050105
2200.102226,0.9999962492070342
2200.221828,0.999996498006132
2200.34143,0.99999680940509
2200.461032,0.9999965508059485
2200.580634,0.9999966741055308
2200.700236,0.9999965125060813
2200.819838,0.9999966458056253
2200.93944,0.9999965853058301
2201.059042,0.9999963002068443
2201.178644,0.9999961821072881
2201.298246,0.9999962004072185
2201.417848,0.9999964722062227
2201.53745,0.9999965485059564
2201.657052,0.9999963840065377
2201.776654,0.9999962268071185
2201.896256,0.9999967192053818
2202.015858,0.9999963384067037
2202.13546,0.9999966632055671
2202.255062,0.9999962518070244
2202.374664,0.9999966077057538
2202.494266,0.9999966472056206
2202.613868,0.9999962676069654
2202.73347,0.9999963362067117
2202.853072,0.9999962963068587
2202.972674,0.9999964119064372
2203.092276,0.9999966883054837
2203.211878,0.9999965344060052
2203.33148,0.9999964132064325
2203.451082,0.9999961999072203
2203.570684,0.9999960879076523
2203.690286,0.9999964973061345
2203.809888,0.9999961860072732
2203.92949,0.999996338306704
2204.049092,0.9999964686062354
2204.168694,0.9999960591077653
2204.288296,0.999996643505633
2204.407898,0.9999963221067635
2204.5275,0.9999966687055488
2204.647102,0.9999965627059075
2204.766704,0.9999962636069804
2204.886306,0.9999966999054454
2205.005908,0.9999963426066882
2205.12551,0.9999963973064897
2205.245112,0.9999961999072203
2205.364714,0.999996143307437
2205.484316,0.9999964873061695
2205.603918,0.9999962697069575
2205.72352,0.9999961258075047
2205.843122,0.9999965182060615
2205.962724,0.9999963040068302
2206.082326,0.9999964034064678
2206.201928,0.9999961158075434
2206.32153,0.9999960300078804
2206.441132,0.9999963940065016
2206.560734,0.9999963311067304
2206.680336,0.9999963285067399
2206.799938,0.9999963154067881
2206.91954,0.9999961073075766
2207.039142,0.9999966703055434
2207.158744,0.9999965840058346
2207.278346,0.9999960902076432
2207.397948,0.9999961527074008
2207.51755,0.9999963909065128
2207.637152,0.9999963584066306
2207.756754,0.9999964146064275
2207.876356,0.9999966749055281
2207.995958,0.9999963291067377
2208.11556,0.9999962048072017
2208.235162,0.9999962675069658
2208.354764,0.9999962253071242
2208.474366,0.9999963614066197
2208.593968,0.9999962843069032
2208.71357,0.9999965035061128
2208.833172,0.9999962091071855
2208.952774,0.9999961744073176
2209.072376,0.9999964157064236
2209.191978,0.9999958594085723
2209.31158,0.999996017307931
2209.431182,0.9999966760055244
2209.550784,0.9999963343067186
2209.670386,0.9999962314071011
2209.789988,0.999996246607044
2209.90959,0.9999960143079429
2210.029192,0.9999962436070553
2210.148794,0.9999964603062648
2210.268396,0.9999961227075167
2210.387998,0.9999962146071646
2210.5076,0.999996350906658
2210.627202,0.9999962735069434
2210.746804,0.9999961598073736
2210.866406,0.999996405006462
2210.986008,0.9999964901061597
2211.10561,0.9999960752077021
2211.225212,0.9999961122075575
2211.344814,0.9999963958064951
2211.464416,0.9999963095068098
2211.584018,0.9999964850061777
2211.70362,0.999996332306726
2211.823222,0.9999964348063554
2211.942824,0.9999961286074939
2212.062426,0.999996555005934
2212.182028,0.9999966208057095
2212.30163,0.9999960376078503
2212.421232,0.9999958435086382
2212.540834,0.9999957466090457
2212.660436,0.9999963680065957
2212.780038,0.9999962627069837
2212.89964,0.9999961288074931
2213.019242,0.9999963272067447
2213.138844,0.9999962455070481
2213.258446,0.9999964769062061
2213.378048,0.9999965371059958
2213.49765,0.9999967849051684
2213.617252,0.9999966446056293
2213.736854,0.9999963436066847
2213.856456,0.9999961479074193
2213.976058,0.9999965114060851
2214.09566,0.9999961161075424
2214.215262,0.9999962953068624
2214.334864,0.9999962999068454
2214.454466,0.9999961715073287
2214.574068,0.9999963477066697
2214.69367,0.999996454606285
2214.813272,0.9999961692073375
2214.932874,0.9999961119075587
2215.052476,0.9999962434070561
2215.172078,0.999996395306497
2215.29168,0.9999961017075983
2215.411282,0.9999961897072592
2215.530884,0.999996113607552
2215.650486,0.9999963414066927
2215.770088,0.9999961661073494
2215.88969,0.9999959071083759
2216.009292,0.9999957122091926
2216.128894,0.9999959689081249
2216.248496,0.9999962844069028
2216.368098,0.9999962560070088
2216.4877,0.9999960973076155
2216.607302,0.9999957765089189
2216.726904,0.9999957200091592
2216.846506,0.9999960931076319
2216.966108,0.999995873508514
2217.08571,0.9999962278071147
2217.205312,0.9999961970072314
2217.324914,0.9999963289067385
2217.444516,0.9999961727073241
2217.564118,0.9999960310078765
2217.68372,0.999996064007746
2217.803322,0.9999960963076194
2217.922924,0.9999962055071991
2218.042526,0.9999961800072962
2218.162128,0.9999962646069765
2218.28173,0.999995888308453
2218.401332,0.9999961973072302
2218.520934,0.9999956953092652
2218.640536,0.9999958972084164
2218.760138,0.9999956866093027
2218.87974,0.9999957688089515
2218.999342,0.999995881508481
2219.118944,0.9999961099075664
2219.238546,0.9999956328095362
2219.358148,0.9999960874076542
2219.47775,0.999995781708897
2219.597352,0.999996109507568
2219.716954,0.9999956570094308
2219.836556,0.9999954038105625
2219.956158,0.9999957829088919
2220.07576,0.9999957305091143
2220.195362,0.9999957726089355
2220.314964,0.9999961687073394
2220.434566,0.9999957087092076
2220.554168,0.9999956835093161
2220.67377,0.999995559509859
2220.793372,0.9999955025101137
2220.912974,0.9999957132091883
2221.032576,0.9999956700093744
2221.152178,0.9999957352090942
2221.27178,0.9999953851106487
2221.391382,0.9999960706077201
2221.510984,0.9999956362095214
2221.630586,0.9999953439108397
2221.750188,0.9999953761106902
2221.86979,0.9999958388086578
2221.989392,0.9999958218087287
2222.108994,0.9999953143109779
2222.228596,0.9999956583094252
2222.348198,0.9999955699098129
2222.4678,0.9999951364118272
2222.587402,0.9999954027105675
2222.707004,0.9999956718093667
2222.826606,0.9999951737116466
2222.946208,0.9999948662131779
2223.06581,0.9999950254123733
2223.185412,0.9999951541117413
2223.305014,0.9999955961096971
2223.424616,0.9999950168124161
2223.544218,0.9999952882111005
2223.66382,0.999995379410675
2223.783422,0.9999954805102129
2223.903024,0.9999953150109746
2224.022626,0.9999951931115532
2224.142228,0.9999949806125972
2224.26183,0.9999952904110901
2224.381432,0.9999956619094096
2224.501034,0.9999954138105166
2224.620636,0.9999953218109427
2224.740238,0.9999948696131605
2224.85984,0.9999951992115238
2224.979442,0.9999951922115574
2225.099044,0.9999952616112262
2225.218646,0.9999954997101264
2225.338248,0.9999951659116842
2225.45785,0.99999544151039
2225.577452,0.9999951504117592
2225.697054,0.9999951423117986
2225.816656,0.9999952666112025
2225.936258,0.9999950986120119
2226.05586,0.999995533009977
2226.175462,0.9999948148134431
2226.295064,0.9999948486132685
2226.414666,0.99999496611267
2226.534268,0.999995089812055
2226.65387,0.9999954002105791
2226.773472,0.9999954932101556
2226.893074,0.9999950751121273
2227.012676,0.9999952895110944
2227.132278,0.9999956482094691
2227.25188,0.9999948596132119
2227.371482,0.9999950765121204
2227.491084,0.9999949156129255
2227.610686,0.9999948803131057
2227.730288,0.9999946942140757
2227.84989,0.9999948712131522
2227.969492,0.9999952707111831
2228.089094,0.9999949796126022
2228.208696,0.9999947950135459
2228.328298,0.9999948973130187
2228.4479,0.9999950779121135
2228.567502,0.9999947289138922
2228.687104,0.9999950010124949
2228.806706,0.9999949494127542
2228.926308,0.9999951012119991
2229.04591,0.999995009612452
2229.165512,0.9999954649102836
2229.285114,0.9999947651137021
2229.404716,0.9999954752102369
2229.524318,0.999995366210736
2229.64392,0.9999949335128346
2229.763522,0.999994996412518
2229.883124,0.9999953029110313
2230.002726,0.9999950909120496
2230.122328,0.9999948413133061
2230.24193,0.999995230311375
2230.361532,0.9999951715116572
2230.481134,0.9999951255118803
2230.600736,0.9999948178134276
2230.720338,0.9999947650137025
2230.83994,0.9999947602137277
2230.959542,0.9999952953110671
2231.079144,0.9999951953115426
2231.198746,0.9999951918115594
2231.318348,0.9999948092134722
2231.43795,0.9999951938115498
2231.557552,0.9999947809136195
2231.677154,0.9999949504127492
2231.796756,0.9999948462132808
2231.916358,0.9999944881151905
2232.03596,0.9999948257133867
2232.155562,0.9999952414113221
2232.275164,0.9999948922130448
2232.394766,0.9999949713126439
2232.514368,0.9999945918146242
2232.63397,0.9999947951135455
2232.753572,0.9999949582127099
2232.873174,0.9999948878130672
2232.992776,0.9999947625137157
2233.112378,0.999995007212464
2233.23198,0.9999945487148583
2233.351582,0.9999949911125445
2233.471184,0.9999951770116307
2233.590786,0.9999955491099053
2233.710388,0.9999953341108853
2233.82999,0.9999951144119346
2233.949592,0.9999948631131939
2234.069194,0.9999946883141071
2234.188796,0.9999951320118486
2234.308398,0.999994943312785
2234.428,0.9999950015124924
2234.547602,0.999994996812516
2234.667204,0.9999948120134576
2234.786806,0.9999949585127084
2234.906408,0.9999947709136717
2235.02601,0.9999950176124122
2235.145612,0.9999948315133567
2235.265214,0.9999951983115282
2235.384816,0.9999950204123982
2235.504418,0.9999947814136169
2235.62402,0.9999946892141023
2235.743622,0.9999951596117147
2235.863224,0.999995192111558
2235.982826,0.9999949865125676
2236.102428,0.9999950669121677
2236.22203,0.9999948792131113
2236.341632,0.9999949535127336
2236.461234,0.9999951867115839
2236.580836,0.9999952635112171
2236.700438,0.9999950740121327
2236.82004,0.9999949444127795
2236.939642,0.9999950520122414
2237.059244,0.9999954992101285
2237.178846,0.9999954956101448
2237.298448,0.9999953558107842
2237.41805,0.9999956161096093
2237.537652,0.9999954054105552
2237.657254,0.9999954746102396
2237.776856,0.9999951934115516
2237.896458,0.9999952800111391
2238.01606,0.9999952001115195
2238.135662,0.9999953701107179
2238.255264,0.9999953012110393
2238.374866,0.9999951568117282
2238.494468,0.9999956852093087
2238.61407,0.9999954321104328
2238.733672,0.9999953979105897
2238.853274,0.9999953317108965
2238.972876,0.9999956037096637
2239.092478,0.999995345110834
2239.21208,0.9999953744106981
2239.331682,0.9999954412103913
2239.451284,0.9999956785093377
2239.570886,0.9999957331091032
2239.690488,0.9999955853097448
2239.81009,0.9999956300095484
2239.929692,0.9999954201104877
2240.049294,0.9999956136096202
2240.168896,0.9999955478099111
2240.288498,0.9999954764102315
2240.4081,0.9999956465094765
2240.527702,0.9999957771089164
2240.647304,0.9999953938106085
2240.766906,0.9999955393099489
2240.886508,0.9999954219104795
2241.00611,0.9999956602094169
2241.125712,0.9999954928101574
2241.245314,0.9999956905092858
2241.364916,0.9999956007096769
2241.484518,0.9999954030105662
2241.60412,0.9999953684107259
2241.723722,0.999995699309248
2241.843324,0.9999957220091507
2241.962926,0.9999954633102908
2242.082528,0.999995476510231
2242.20213,0.9999954813102093
2242.321732,0.9999956366095196
2242.441334,0.9999954177104987
2242.560936,0.9999955328099779
2242.680538,0.9999955611098519
2242.80014,0.9999957177091691
2242.919742,0.999995645009483
2243.039344,0.9999953171109648
2243.158946,0.9999958868084592
2243.278548,0.9999958236087212
2243.39815,0.9999957290091207
2243.517752,0.9999956223095822
2243.637354,0.999995430310441
2243.756956,0.9999958597085711
2243.876558,0.9999955035101092
2243.99616,0.9999957434090593
2244.115762,0.9999957601089884
2244.235364,0.9999960073079708
2244.354966,0.9999958052087982
2244.474568,0.9999960423078317
2244.59417,0.999995707909211
2244.713772,0.9999956447094843
2244.833374,0.9999955085100868
2244.952976,0.9999958882084534
2245.072578,0.9999959170083355
2245.19218,0.999995965408139
2245.311782,0.9999959093083669
2245.431384,0.9999957092092054
2245.550986,0.9999959766080939
2245.670588,0.9999956571094304
2245.79019,0.9999956118096281
2245.909792,0.9999959426082312
2246.029394,0.9999957216091523
2246.148996,0.9999959827080693
2246.268598,0.9999958420086444
2246.3882,0.9999958184087429
2246.507802,0.9999956149096145
2246.627404,0.999995760908985
2246.747006,0.9999955122100702
2246.866608,0.9999959028083936
2246.98621,0.9999954464103676
2247.105812,0.9999953756106925
2247.225414,0.999995993008028
2247.345016,0.9999955956096993
2247.464618,0.9999957903088608
2247.58422,0.9999959210083191
2247.703822,0.9999957535090164
2247.823424,0.9999953263109217
2247.943026,0.9999951337118405
2248.062628,0.9999955185100419
2248.18223,0.9999956508094577
2248.301832,0.9999953191109554
2248.421434,0.9999955155100554
2248.541036,0.9999956455094808
2248.660638,0.9999955709098084
2248.78024,0.9999955923097139
2248.899842,0.9999952671112001
2249.019444,0.9999954381104055
2249.139046,0.9999955549098795
2249.258648,0.9999954304104406
2249.37825,0.9999957733089325
2249.497852,0.9999954208104845
2249.617454,0.9999956607094147
2249.737056,0.9999954804102134
2249.856658,0.9999957147091819
2249.97626,0.9999955615098501
2250.095862,0.99999540001058
2250.215464,0.9999952974110572
2250.335066,0.9999951944115468
2250.454668,0.9999954741102419
2250.57427,0.9999952655112078
2250.693872,0.9999950316123425
2250.813474,0.9999952541112618
2250.933076,0.9999956218095843
2251.052678,0.9999954070105478
2251.17228,0.9999955451099231
2251.291882,0.99999495421273
2251.411484,0.9999953182109597
2251.531086,0.9999955935097086
2251.650688,0.9999954977101353
2251.77029,0.9999954679102699
2251.889892,0.9999955500099013
2252.009494,0.9999956238095755
2252.129096,0.9999953625107532
2252.248698,0.9999953769106865
2252.3683,0.9999952013115138
2252.487902,0.9999951106119531
2252.607504,0.999994937212816
2252.727106,0.9999951483117695
2252.846708,0.999995167411677
2252.96631,0.9999951236118896
2253.085912,0.9999952464112983
2253.205514,0.9999950933120378
2253.325116,0.999995192511556
2253.444718,0.9999950964120227
2253.56432,0.9999951657116852
2253.683922,0.999995167411677
2253.803524,0.9999954846101944
2253.923126,0.9999954727102482
2254.042728,0.9999945933146162
2254.16233,0.9999946772141661
2254.281932,0.9999951563117307
2254.401534,0.9999948593132134
2254.521136,0.9999951220118974
2254.640738,0.999995077012118
2254.76034,0.9999952316113688
2254.879942,0.9999946833141337
2254.999544,0.9999948677131703
2255.119146,0.9999947770136398
2255.238748,0.9999948143134457
2255.35835,0.9999948051134935
2255.477952,0.999995109811957
2255.597554,0.9999948712131522
2255.717156,0.9999944965151443
2255.836758,0.9999950542122304
2255.95636,0.9999949819125906
2256.075962,0.9999945251149872
2256.195564,0.9999949250128778
2256.315166,0.9999945730147262
2256.434768,0.9999951110119512
2256.55437,0.9999946648142322
2256.673972,0.9999948633131929
2256.793574,0.9999947276138991
2256.913176,0.9999945403149041
2257.032778,0.9999948199134167
2257.15238,0.9999946833141337
2257.271982,0.9999947533137639
2257.391584,0.999995077212117
2257.511186,0.9999947675136895
2257.630788,0.9999946555142818
2257.75039,0.9999943301160739
2257.869992,0.9999950443122795
2257.989594,0.9999944348154857
2258.109196,0.9999943576159183
2258.228798,0.9999945208150108
2258.3484,0.9999947330138707
2258.468002,0.9999950001124995
2258.587604,0.9999949533127346
2258.707206,0.9999945688147489
2258.826808,0.9999942256166718
2258.94641,0.9999943562159263
2259.066012,0.9999947852135971
2259.185614,0.9999946203144705
2259.305216,0.9999947254139107
2259.424818,0.9999946188144786
2259.54442,0.9999943228161152
2259.664022,0.9999942787163666
2259.783624,0.9999943926157214
2259.903226,0.9999946809141463
2260.022828,0.9999947404138316
2260.14243,0.9999943462159827
2260.262032,0.999994355015933
2260.381634,0.9999947726136629
2260.501236,0.99999458521466
2260.620838,0.9999943933157175
2260.74044,0.9999944750152627
2260.860042,0.9999944754152605
2260.979644,0.999994783113608
2261.099246,0.9999945922146222
2261.218848,0.9999944228155525
2261.33845,0.9999946016145713
2261.458052,0.9999942514165232
2261.577654,0.9999948771131221
2261.697256,0.999994147317127
2261.816858,0.9999944774152495
2261.93646,0.9999944009156749
2262.056062,0.9999943970156968
2262.175664,0.9999946525142979
2262.295266,0.9999943931157186
2262.414868,0.9999940713175747
2262.53447,0.9999938201190955
2262.654072,0.999994136217192
2262.773674,0.9999945243149916
2262.893276,0.9999943127161727
2263.012878,0.9999941677170078
2263.13248,0.9999941954168466
2263.252082,0.9999940522176881
2263.371684,0.9999939576182553
2263.491286,0.9999940578176548
2263.610888,0.9999942142167377
2263.73049,0.9999939433183418
2263.850092,0.9999939927180438
2263.969694,0.999994340516015
2264.089296,0.9999940676175967
2264.208898,0.9999942987162523
2264.3285,0.9999940450177309
2264.448102,0.9999942388165957
2264.567704,0.9999940697175842
2264.687306,0.9999942020168083
2264.806908,0.9999939465183224
2264.92651,0.9999942513165238
2265.046112,0.9999939740181563
2265.165714,0.9999941997168217
2265.285316,0.9999940251178496
2265.404918,0.9999946160144937
2265.52452,0.9999941246172601
2265.644122,0.9999941914168698
2265.763724,0.9999942961162672
2265.883326,0.9999942974162598
2266.002928,0.9999945967145978
2266.12253,0.9999943567159234
2266.242132,0.9999942278166591
2266.361734,0.999994356415925
2266.481336,0.9999945314149528
2266.600938,0.9999941475171259
2266.72054,0.9999943654158743
2266.840142,0.9999944456154256
2266.959744,0.9999942278166591
2267.079346,0.9999943316160653
2267.198948,0.9999947204139371
2267.31855,0.9999945390149112
2267.438152,0.999994060817637
2267.557754,0.999994385215763
2267.677356,0.999994147817124
2267.796958,0.9999946938140779
2267.91656,0.9999943617158952
2268.036162,0.9999947268139033
2268.155764,0.9999942334166269
2268.275366,0.9999944088156307
2268.394968,0.9999944635153264
2268.51457,0.9999940102179388
2268.634172,0.9999944557153696
2268.753774,0.9999944377154696
2268.873376,0.9999947420138232
2268.992978,0.9999949996125019
2269.11258,0.9999943962157013
2269.232182,0.9999948665131764
2269.351784,0.9999947313138796
2269.471386,0.9999945742147196
2269.590988,0.9999942208166995
2269.71059,0.9999948199134167
2269.830192,0.9999943502159601
2269.949794,0.9999946360143862
2270.069396,0.9999943591159098
2270.188998,0.9999942586164818
2270.3086,0.9999948254133882
2270.428202,0.9999947753136488
2270.547804,0.9999944301155118
2270.667406,0.9999948003135184
2270.787008,0.9999949048129805
2270.90661,0.9999944962151459
2271.026212,0.9999949848125761
2271.145814,0.9999948495132638
2271.265416,0.9999950795121056
2271.385018,0.999994601114574
2271.50462,0.9999949134129368
2271.624222,0.9999946540142899
2271.743824,0.9999944072156397
2271.863426,0.9999946129145104
2271.983028,0.9999945647147712
2272.10263,0.9999948990130101
2272.222232,0.9999945203150136
2272.341834,0.9999949017129963
2272.461436,0.9999946540142899
2272.581038,0.9999947593137325
2272.70064,0.9999953535107949
2272.820242,0.9999947216139308
2272.939844,0.9999947577137408
2273.059446,0.9999946152144981
2273.179048,0.9999948091134727
2273.29865,0.9999949046129816
2273.418252,0.9999948020135095
2273.537854,0.9999948983130137
2273.657456,0.999994566214763
2273.777058,0.9999945455148758
2273.89666,0.9999950791121076
2274.016262,0.9999950872120678
2274.135864,0.9999950153124236
2274.255466,0.9999949905125475
2274.375068,0.9999952341113569
2274.49467,0.9999950672121662
2274.614272,0.9999948377133246
2274.733874,0.9999946455143353
2274.853476,0.9999947209139344
2274.973078,0.9999949623126891
2275.09268,0.9999950934120373
2275.212282,0.9999951720116548
2275.331884,0.9999949259128732
2275.451486,0.9999950172124141
2275.571088,0.9999945013151178
2275.69069,0.9999945626147826
2275.810292,0.9999948307133608
2275.929894,0.9999947622137173
2276.049496,0.9999947953135444
2276.169098,0.9999948337133453
2276.2887,0.9999947565137471
2276.408302,0.9999947731136603
2276.527904,0.9999949767126167
2276.647506,0.9999951697116659
2276.767108,0.99999459261462
2276.88671,0.9999946656142279
2277.006312,0.9999947127139778
2277.125914,0.9999944780152462
2277.245516,0.9999945724147294
2277.365118,0.9999946618142481
2277.48472,0.9999945225150014
2277.604322,0.9999949689126559
2277.723924,0.9999949126129408
2277.843526,0.9999950515122438
2277.963128,0.9999949262128717
2278.08273,0.9999948101134675
2278.202332,0.9999944905151773
2278.321934,0.9999948871130708
2278.441536,0.9999946452143369
2278.561138,0.9999948931130402
2278.68074,0.9999947957135423
2278.800342,0.9999945874146481
2278.919944,0.9999948997130065
2279.039546,0.9999946918140885
2279.159148,0.9999944621153342
2279.27875,0.9999942042167956
2279.398352,0.9999950592122058
2279.517954,0.9999947987135267
2279.637556,0.9999945260149823
2279.757158,0.9999945125150563
2279.87676,0.9999946572142727
2279.996362,0.9999947682136858
2280.115964,0.9999948854130796
2280.235566,0.9999946045145557
2280.355168,0.9999944671153065
2280.47477,0.9999947426138202
2280.594372,0.9999947937135527
2280.713974,0.9999946518143016
2280.833576,0.9999948317133557
2280.953178,0.9999944638153248
2281.07278,0.9999946017145708
2281.192382,0.999994855513233
2281.311984,0.9999945702147414
2281.431586,0.9999950633121855
2281.551188,0.9999945575148104
2281.67079,0.99999503211234
2281.790392,0.9999949393128054
2281.909994,0.9999949272128666
2282.029596,0.9999951166119238
2282.149198,0.9999949616126927
2282.2688,0.9999946621142466
2282.388402,0.9999948265133826
2282.508004,0.9999946771141666
2282.627606,0.9999950273123639
2282.747208,0.9999948960130254
2282.86681,0.9999949637126822
2282.986412,0.9999950941120339
2283.106014,0.9999948917130473
2283.225616,0.9999947647137042
2283.345218,0.9999952271113902
2283.46482,0.9999949607126972
2283.584422,0.9999949218128941
2283.704024,0.9999951864115854
2283.823626,0.9999948672131728
2283.943228,0.9999950253123738
2284.06283,0.9999950613121954
2284.182432,0.9999950825120909
2284.302034,0.999995001612492
2284.421636,0.9999954251104648
2284.541238,0.9999951321118482
2284.66084,0.9999952317113683
2284.780442,0.9999950779121135
2284.900044,0.9999949129129393
2285.019646,0.9999952554112556
2285.139248,0.9999949270128676
2285.25885,0.9999952249114008
2285.378452,0.9999951735116476
2285.498054,0.9999951016119971
2285.617656,0.999994967912661
2285.737258,0.9999950893120575
2285.85686,0.9999948778131185
2285.976462,0.9999950159124206
2286.096064,0.9999950569122171
2286.215666,0.999995295111068
2286.335268,0.9999953009110407
2286.45487,0.9999950726121396
2286.574472,0.9999950347123271
2286.694074,0.9999949519127417
2286.813676,0.9999952402113278
2286.933278,0.9999947058140143
2287.05288,0.9999946400143648
2287.172482,0.9999953063110154
2287.292084,0.9999948489132668
2287.411686,0.9999951084119638
2287.531288,0.999995240811325
2287.65089,0.9999948854130796
2287.770492,0.9999952230114099
2287.890094,0.9999952738111685
2288.009696,0.999995158111722
2288.129298,0.9999955517098936
2288.2489,0.9999947994135231
2288.368502,0.9999949531127356
2288.488104,0.9999952659112058
2288.607706,0.9999950512122453
2288.727308,0.9999953059110173
2288.84691,0.999994944512779
2288.966512,0.9999950523122398
2289.086114,0.9999952481112903
2289.205716,0.9999944974151392
2289.325318,0.9999947990135252
2289.44492,0.9999952634112177
2289.564522,0.9999951142119355
2289.684124,0.9999949716126424
2289.803726,0.9999951802116153
2289.923328,0.9999952403113274
2290.04293,0.9999946177144845
2290.162532,0.9999949595127033
2290.282134,0.9999950148124261
2290.401736,0.9999952285113836
2290.521338,0.999994921612895
2290.64094,0.9999955867097386
2290.760542,0.9999951162119257
2290.880144,0.9999950928120402
2290.999746,0.9999950524122394
2291.119348,0.9999951566117292
2291.23895,0.9999950989120103
2291.358552,0.9999951733116484
2291.478154,0.9999950515122438
2291.597756,0.9999951009120006
2291.717358,0.9999950911120487
2291.83696,0.9999950424122889
2291.956562,0.9999947500137812
2292.076164,0.9999952988110506
2292.195766,0.9999951249118832
2292.315368,0.9999953385108648
2292.43497,0.9999950172124141
2292.554572,0.9999948574132231
2292.674174,0.9999951244118858
2292.793776,0.9999950828120894
2292.913378,0.9999948415133051
2293.03298,0.9999948504132592
2293.152582,0.9999950755121253
2293.272184,0.9999948052134929
2293.391786,0.9999948959130259
2293.511388,0.9999948007135163
2293.63099,0.9999947579137398
2293.750592,0.9999952926110798
2293.870194,0.9999949869125656
2293.989796,0.9999950362123197
2294.109398,0.9999949139129342
2294.229,0.9999951130119413
2294.348602,0.9999947475137944
2294.468204,0.999994645014338
2294.587806,0.9999950271123649
2294.707408,0.9999948877130678
2294.82701,0.9999950901120536
2294.946612,0.9999948629131948
2295.066214,0.9999949388128079
2295.185816,0.9999949891125546
2295.305418,0.999994731613878
2295.42502,0.9999949457127729
2295.544622,0.9999947026140312
2295.664224,0.9999948758131287
2295.783826,0.9999948370133283
2295.903428,0.9999945287149675
2296.02303,0.9999950721121421
2296.142632,0.9999945799146888
2296.262234,0.9999946310144131
2296.381836,0.99999494631277
2296.501438,0.9999951251118823
2296.62104,0.9999944454154268
2296.740642,0.9999948497132628
2296.860244,0.9999947511137754
2296.979846,0.9999946747141794
2297.099448,0.9999948329133495
2297.21905,0.9999945416148971
2297.338652,0.9999948735131404
2297.458254,0.99999492261289
2297.577856,0.9999945520148403
2297.697458,0.999994469015296
2297.81706,0.9999945468148687
2297.936662,0.9999944496154034
2298.056264,0.9999947268139033
2298.175866,0.9999944447154306
2298.295468,0.9999947021140339
2298.41507,0.9999946741141826
2298.534672,0.9999946127145115
2298.654274,0.9999945996145821
2298.773876,0.9999944688152971
2298.893478,0.9999944072156397
2299.01308,0.9999944938151591
2299.132682,0.9999946826141374
2299.252284,0.9999944021156683
2299.371886,0.9999944065156436
2299.491488,0.9999949457127729
2299.61109,0.9999946810141459
2299.730692,0.9999945378149178
2299.850294,0.9999945236149954
2299.969896,0.9999944865151993
2300.089498,0.9999943943157119
2300.2091,0.9999944402154557
2300.328702,0.9999945883146433
2300.448304,0.9999943267160931
2300.567906,0.9999944738152694
2300.687508,0.9999943365160376
2300.80711,0.999994171116988
2300.926712,0.9999943374160325
2301.046314,0.9999943840157697
2301.165916,0.9999939552182697
2301.285518,0.9999938356189999
2301.40512,0.9999941351171985
2301.524722,0.9999945047150991
2301.644324,0.9999942988162518
2301.763926,0.9999942850163306
2301.883528,0.9999940104179377
2302.00313,0.9999938313190264
2302.122732,0.9999942840163363
2302.242334,0.9999940551176709
2302.361936,0.9999937555194969
2302.481538,0.9999938158191222
2302.60114,0.999994607614539
2302.720742,0.9999935161210204
2302.840344,0.9999940387177685
2302.959946,0.9999937682194177
2303.079548,0.9999936305202852
2303.19915,0.9999937664194288
2303.318752,0.9999937519195193
2303.438354,0.999993527620946
2303.557956,0.999993429921583
2303.677558,0.9999933532220899
2303.79716,0.9999936318202769
2303.916762,0.9999934377215318
2304.036364,0.9999935749206409
2304.155966,0.9999931872232071
2304.275568,0.9999937191197248
2304.39517,0.9999934714213112
2304.514772,0.9999934476214669
2304.634374,0.9999936956198727
2304.753976,0.9999931844232262
2304.873578,0.9999931961231465
2304.99318,0.9999933447221464
2305.112782,0.9999933422221631
2305.232384,0.9999932990224516
2305.351986,0.9999935139210347
2305.471588,0.9999929011251971
2305.59119,0.9999931776232726
2305.710792,0.99999348082125
2305.830394,0.999993276022606
2305.949996,0.9999933135223545
2306.069598,0.999992760126208
2306.1892,0.9999927169265217
2306.308802,0.9999930150243951
2306.428404,0.9999927338263987
2306.548006,0.9999928498255626
2306.667608,0.9999928148258135
2306.78721,0.9999927669261588
2306.906812,0.9999926380270995
2307.026414,0.9999925715275912
2307.146016,0.9999927685261473
2307.265618,0.9999927099265727
2307.38522,0.9999920831313386
2307.504822,0.9999927450263174
2307.624424,0.9999923783290451
2307.744026,0.9999927491262877
2307.863628,0.9999926172272529
2307.98323,0.9999924563284537
2308.102832,0.9999927138265443
2308.222434,0.9999924877282172
2308.342036,0.9999922903297197
2308.461638,0.9999925661276313
2308.58124,0.9999923526292412
2308.700842,0.9999926388270935
2308.820444,0.9999928604254869
2308.940046,0.9999929528248315
2309.059648,0.9999921283309817
2309.17925,0.9999922783298123
2309.298852,0.9999929924245532
2309.418454,0.9999929488248597
2309.538056,0.9999925992273858
2309.657658,0.9999928005259163
2309.77726,0.99999267472683
2309.896862,0.9999925780275429
2310.016464,0.9999925836275014
2310.136066,0.9999926141272757
2310.255668,0.9999930167243832
2310.37527,0.9999926292271643
2310.494872,0.999992835525665
2310.614474,0.9999925573276969
2310.734076,0.9999925414278152
2310.853678,0.9999919811321513
2310.97328,0.999992693026696
2311.092882,0.9999920995312088
2311.212484,0.9999924617284129
2311.332086,0.9999923452292979
2311.451688,0.9999925536277243
2311.57129,0.99999269522668
2311.690892,0.9999928280257188
2311.810494,0.9999930807239383
2311.930096,0.9999925739275735
2312.049698,0.9999925043280927
2312.1693,0.9999930052244635
2312.288902,0.999992498428137
2312.408504,0.9999926947266836
2312.528106,0.9999928426256142
2312.647708,0.9999927545262486
2312.76731,0.9999927028266244
2312.886912,0.9999931898231894
2313.006514,0.9999930667240353
2313.126116,0.9999928275257223
2313.245718,0.9999926773268109
2313.36532,0.9999925497277534
2313.484922,0.9999928069258703
2313.604524,0.9999931819232432
2313.724126,0.9999930405242172
2313.843728,0.9999929447248885
2313.96333,0.999992917225083
2314.082932,0.999992559727679
2314.202534,0.999992885525308
2314.322136,0.9999930063244559
2314.441738,0.9999930777239591
2314.56134,0.9999930350242555
2314.680942,0.9999929426249033
2314.800544,0.9999926999266456
2314.920146,0.9999931420235161
2315.039748,0.9999930039244727
2315.15935,0.999992654826976
2315.278952,0.9999925822275119
2315.398554,0.9999929794246444
2315.518156,0.999992962824761
2315.637758,0.9999929357249521
2315.75736,0.9999931720233107
2315.876962,0.9999928554255226
2315.996564,0.9999930062244565
2316.116166,0.9999929876245868
2316.235768,0.9999931264236231
2316.35537,0.9999931699233251
2316.474972,0.9999931682233367
2316.594574,0.9999930761239701
2316.714176,0.9999930311242827
2316.833778,0.99999301002443
2316.95338,0.9999926933266938
2317.072982,0.9999931088237443
2317.192584,0.9999918985328171
2317.312186,0.9999924632284016
2317.431788,0.9999933343222157
2317.55139,0.9999926547269766
2317.670992,0.9999930559241103
2317.790594,0.9999932488227893
2317.910196,0.9999929875245875
2318.029798,0.9999931171236871
2318.1494,0.9999930138244034
2318.269002,0.9999931500234612
2318.388604,0.9999929948245364
2318.508206,0.9999927250264627
2318.627808,0.9999926988266536
2318.74741,0.999993170823319
2318.867012,0.999992815725807
2318.986614,0.9999926509270046
2319.106216,0.9999926301271577
2319.225818,0.9999923930289332
2319.34542,0.9999927311264184
2319.465022,0.9999929572248004
2319.584624,0.999992988024584
2319.704226,0.9999926501270104
2319.823828,0.9999926892267238
2319.94343,0.9999929642247511
2320.063032,0.9999932401228481
2320.182634,0.9999928689254263
2320.302236,0.999992505628083
2320.421838,0.9999927783260764
2320.54144,0.9999927451263168
2320.661042,0.9999931850232221
2320.780644,0.9999934046217496
2320.900246,0.9999926607269326
2321.019848,0.9999931432235079
2321.13945,0.9999914243367712
2321.259052,0.9999930585240921
2321.378654,0.9999929051251687
2321.498256,0.9999928919252625
2321.617858,0.999993149023468
2321.73746,0.9999929972245195
2321.857062,0.9999929979245147
2321.976664,0.9999930096244328
2322.096266,0.9999932292229218
2322.215868,0.9999931659233524
2322.33547,0.9999932761226054
2322.455072,0.9999930724239957
2322.574674,0.9999930645240506
2322.694276,0.9999932925224952
2322.813878,0.999993112623718
2322.93348,0.9999936802199699
2323.053082,0.9999927438263262
2323.172684,0.9999933599220454
2323.292286,0.9999933234222884
2323.411888,0.9999935184210055
2323.53149,0.9999930366242444
2323.651092,0.9999934741212937
2323.770694,0.9999933539220853
2323.890296,0.9999936577201124
2324.009898,0.9999936150203841
2324.1295,0.9999936360202502
2324.249102,0.9999936643200705
2324.368704,0.9999934812212473
2324.488306,0.9999938262190579
2324.607908,0.9999936743200072
2324.72751,0.9999935513207928
2324.847112,0.999994069917583
2324.966714,0.999992509628053
2325.086316,0.9999938617188393
2325.205918,0.9999936771199895
2325.32552,0.9999938055191859
2325.445122,0.9999933331222237
2325.564724,0.9999939105185409
2325.684326,0.9999940924174499
2325.803928,0.9999939842180949
2325.92353,0.9999940377177745
2326.043132,0.9999934120217008
2326.162734,0.9999934417215056
2326.282336,0.9999935777206229
2326.401938,0.999993701119838
2326.52154,0.9999941124173319
2326.641142,0.9999936478201752
2326.760744,0.9999939901180595
2326.880346,0.9999921823305581
2326.999948,0.9999935783206191
2327.11955,0.9999939075185592
2327.239152,0.9999937263196796
2327.358754,0.9999938746187602
2327.478356,0.999993949718303
2327.597958,0.99999338942185
2327.71756,0.9999935907205395
2327.837162,0.9999937763193671
2327.956764,0.9999939785181292
2328.076366,0.9999939867180798
2328.195968,0.9999939099185446
2328.31557,0.99999383721899
2328.435172,0.9999938706187848
2328.554774,0.9999938764187492
2328.674376,0.9999939091185495
2328.793978,0.9999940186178885
2328.91358,0.9999935574207535
2329.033182,0.9999938914186575
2329.152784,0.999993863718827
2329.272386,0.9999938635188282
2329.391988,0.9999939493183054
2329.51159,0.9999935716206622
2329.631192,0.9999940771175403
2329.750794,0.999994217116721
2329.870396,0.999993550820796
2329.989998,0.9999933605220415
2330.1096,0.9999939311184157
2330.229202,0.9999935817205973
2330.348804,0.9999942054167886
2330.468406,0.9999941940168547
2330.588008,0.9999927684261479
2330.70761,0.9999936573201149
2330.827212,0.9999939343183963
2330.946814,0.999993710019782
2331.066416,0.999993528220942
2331.186018,0.9999939062185672
2331.30562,0.9999935795206114
2331.425222,0.9999935912205363
2331.544824,0.999994156717072
2331.664426,0.9999939754181478
2331.784028,0.9999936777199857
2331.90363,0.9999934238216232
2332.023232,0.9999937550194999
2332.142834,0.9999929828246205
2332.262436,0.9999937852193118
2332.382038,0.9999918398332943
2332.50164,0.9999930037244741
2332.621242,0.9999940591176472
2332.740844,0.9999938622188362
2332.860446,0.9999938636188277
2332.980048,0.9999943968156979
2333.09965,0.9999939166185038
2333.219252,0.9999936264203113
2333.338854,0.9999939661182039
2333.458456,0.9999933251222771
2333.578058,0.9999935729206537
2333.69766,0.999993654620132
2333.817262,0.9999933694219824
2333.936864,0.999993336522201
2334.056466,0.9999933051224108
2334.176068,0.9999922600299537
2334.29567,0.9999932969224657
2334.415272,0.9999934902211887
2334.534874,0.9999933534220886
2334.654476,0.9999936196203547
2334.774078,0.9999938027192032
2334.89368,0.9999934728213021
2335.013282,0.9999932360228758
2335.132884,0.9999929899245706
2335.252486,0.9999931303235964
2335.372088,0.9999934889211972
2335.49169,0.9999932133230296
2335.611292,0.9999930724239957
2335.730894,0.9999932606227097
2335.850496,0.9999934865212128
2335.970098,0.9999926407270796
2336.0897,0.9999929542248216
2336.209302,0.9999931041237766
2336.328904,0.9999932974224623
2336.448506,0.9999930026244818
2336.568108,0.9999933218222992
2336.68771,0.9999932404228461
2336.807312,0.9999930219243469
2336.926914,0.9999926844267589
2337.046516,0.9999930621240671
2337.166118,0.999993237022869
2337.28572,0.9999927388263624
2337.405322,0.9999921728306325
2337.524924,0.9999927639261805
2337.644526,0.9999910686398849
2337.764128,0.9999925029281032
2337.88373,0.9999923360293683
2338.003332,0.9999923213294811
2338.122934,0.9999921989304285
2338.242536,0.9999923839290025
2338.362138,0.9999921558307656
2338.48174,0.9999919431324568
2338.601342,0.9999923976288981
2338.720944,0.9999921465308387
2338.840546,0.9999918889328949
2338.960148,0.9999919563323505
2339.07975,0.999992061631509
2339.199352,0.9999919971320231
2339.318954,0.9999920371317038
2339.438556,0.9999918837329371
2339.558158,0.9999912091386398
2339.67776,0.9999915552356572
2339.797362,0.999991377737172
2339.916964,0.9999912325384344
2340.036566,0.9999915209359475
2340.156168,0.9999915276358907
2340.27577,0.9999914774363172
2340.395372,0.9999911716389702
2340.514974,0.999990941441029
2340.634576,0.9999912161385783
2340.754178,0.9999912669381334
2340.87378,0.999991465036423
2340.993382,0.9999916196351154
2341.112984,0.9999906145440437
2341.232586,0.9999908405419481
2341.352188,0.9999912746380661
2341.47179,0.9999909157412621
2341.591392,0.9999908203421333
2341.710994,0.9999906800434311
2341.830596,0.999991058539975
2341.950198,0.9999909007413985
2342.0698,0.9999906853433816
2342.189402,0.9999905581445746
2342.309004,0.9999904382457139
2342.428606,0.9999905650445094
2342.548208,0.9999911338393046
2342.66781,0.9999909611408507
2342.787412,0.9999900309496913
2342.907014,0.9999900067499329
2343.026616,0.9999905855443163
2343.146218,0.9999906434437729
2343.26582,0.9999905783443841
2343.385422,0.9999907134431203
2343.505024,0.9999905542446115
2343.624626,0.9999903145469043
2343.744228,0.9999904058460242
2343.86383,0.999990542344724
2343.983432,0.9999901230487774
2344.103034,0.9999902032479885
2344.222636,0.9999906512436999
2344.342238,0.999989573054361
2344.46184,0.9999900968490365
2344.581442,0.9999899450505514
2344.701044,0.9999900035499648
2344.820646,0.9999903210468414
2344.940248,0.9999903474465862
2345.05985,0.9999901945480738
2345.179452,0.9999896690533646
2345.299054,0.999989880051207
2345.418656,0.9999897440525926
2345.538258,0.9999898310517041
2345.65786,0.9999899380506218
2345.777462,0.9999900985490197
2345.897064,0.9999901772482436
2346.016666,0.9999890150603349
2346.136268,0.9999897460525721
2346.25587,0.999990018549815
2346.375472,0.9999901636483772
2346.495074,0.9999896480535818
2346.614676,0.9999901394486156
2346.734278,0.99998998105019
2346.85388,0.9999896440536232
2346.973482,0.9999896370536957
2347.093084,0.9999901782482338
2347.212686,0.9999898130518873
2347.332288,0.9999892100582118
2347.45189,0.9999897980520402
2347.571492,0.9999896160539136
2347.691094,0.9999900570494314
2347.810696,0.999990190948109
2347.930298,0.9999902828472118
2348.0499,0.9999903521465409
2348.169502,0.999990190248116
2348.289104,0.9999898120518975
2348.408706,0.9999903854462201
2348.528308,0.9999902889471526
2348.64791,0.9999903685463828
2348.767512,0.9999901031489742
2348.887114,0.9999903861462134
2349.006716,0.9999902816472235
2349.126318,0.9999905715444481
2349.24592,0.9999904535455677
2349.365522,0.9999908849415424
2349.485124,0.9999909498409529
2349.604726,0.9999904587455181
2349.724328,0.999990344246617
2349.84393,0.99999057134445
2349.963532,0.9999905054450736
2350.083134,0.9999905065450632
2350.202736,0.9999907880424304
2350.322338,0.9999906728434982
2350.44194,0.9999910331402025
2350.561542,0.9999909958405376
2350.681144,0.9999910166403506
2350.800746,0.9999912257384941
2350.920348,0.9999910440401049
2351.03995,0.9999910496400547
2351.159552,0.9999911180394448
2351.279154,0.9999918283333883
2351.398756,0.99999161073519
2351.518358,0.999991433336694
2351.63796,0.9999915716355189
2351.757562,0.9999918611331208
2351.877164,0.9999915670355577
2351.996766,0.9999918825329468
2352.116368,0.9999918439332609
2352.23597,0.999991926232593
2352.355572,0.999991985532116
2352.475174,0.9999918373333148
2352.594776,0.9999918687330589
2352.714378,0.9999915039360917
2352.83398,0.9999920994312097
2352.953582,0.9999901667483467
2353.073184,0.9999917185342915
2353.192786,0.9999919398324834
2353.312388,0.9999923647291489
2353.43199,0.9999922255302214
2353.551592,0.9999922492300374
2353.671194,0.9999926763268182
2353.790796,0.9999927115265611
2353.910398,0.9999923275294336
2354.03,0.9999921158310803
2354.149602,0.9999923053296041
2354.269204,0.9999929089251418
2354.388806,0.9999922137303131
2354.508408,0.9999926093273112
2354.62801,0.9999925822275119
2354.747612,0.9999931261236252
2354.867214,0.9999926980266596
2354.986816,0.9999924652283866
2355.106418,0.99999303152428
2355.22602,0.9999927653261704
2355.345622,0.9999927638261812
2355.465224,0.9999926332271348
2355.584826,0.9999929259250214
2355.704428,0.9999932801225785
2355.82403,0.9999932544227516
2355.943632,0.9999922902297205
2356.063234,0.9999924940281699
2356.182836,0.9999930561241088
2356.302438,0.9999924700283503
2356.42204,0.9999931008237994
2356.541642,0.9999927769260866
2356.661244,0.9999931953231519
2356.780846,0.9999929410249146
2356.900448,0.9999924910281924
2357.02005,0.9999930889238816
2357.139652,0.9999931410235229
2357.259254,0.9999928933252525
2357.378856,0.9999925584276886
2357.498458,0.999992500828119
2357.61806,0.9999929855246016
2357.737662,0.999992547627769
2357.857264,0.9999929705247069
2357.976866,0.9999927459263109
2358.096468,0.9999930294242946
2358.21607,0.9999926414270744
2358.335672,0.9999930663240381
2358.455274,0.9999927859260216
2358.574876,0.9999930696240151
2358.694478,0.999992473928321
2358.81408,0.9999930674240304
2358.933682,0.999992622627213
2359.053284,0.9999927565262341
2359.172886,0.9999926046273458
2359.292488,0.9999930864238988
2359.41209,0.9999928273257237
2359.531692,0.9999925761275571
2359.651294,0.9999930944238437
2359.770896,0.999992711126564
2359.890498,0.9999926988266536
2360.0101,0.9999928554255226
2360.129702,0.9999906064441197
2360.249304,0.9999922975296642
2360.368906,0.9999930334242667
2360.488508,0.9999930211243525
2360.60811,0.9999929971245203
2360.727712,0.9999928537255347
2360.847314,0.9999927994259242
2360.966916,0.9999927132265487
2361.086518,0.9999931255236293
2361.20612,0.9999928845253151
2361.325722,0.9999929973245189
2361.445324,0.9999920298317619
2361.564926,0.9999929341249634
2361.684528,0.9999928576255068
2361.80413,0.9999929019251914
2361.923732,0.9999927927259725
2362.043334,0.9999931829232364
2362.162936,0.9999930296242932
2362.282538,0.9999927159265289
2362.40214,0.9999926959266748
2362.521742,0.9999927442263232
2362.641344,0.9999930185243706
2362.760946,0.999992776726088
2362.880548,0.9999926882267312
2363.00015,0.9999926584269495
2363.119752,0.9999926737268373
2363.239354,0.9999929816246289
2363.358956,0.9999925392278317
2363.478558,0.9999931593233975
2363.59816,0.9999925102280485
2363.717762,0.9999930573241005
2363.837364,0.9999927552262435
2363.956966,0.9999933973217978
2364.076568,0.9999922407301033
2364.19617,0.9999925992273858
2364.315772,0.9999924943281677
2364.435374,0.9999927958259501
2364.554976,0.9999930764239681
2364.674578,0.999992909025141
2364.79418,0.999992757926224
2364.913782,0.9999927717261241
2365.033384,0.999992417928744
2365.152986,0.9999924628284046
2365.272588,0.9999927223264824
2365.39219,0.9999914289367318
2365.511792,0.999992551127743
2365.631394,0.9999928732253955
2365.750996,0.999993006724453
2365.870598,0.9999925910274465
2365.9902,0.9999929951245342
2366.109802,0.9999928022259041
2366.229404,0.9999925972274006
2366.349006,0.9999928209257697
2366.468608,0.9999929225250455
2366.58821,0.9999926276271761
2366.707812,0.999992509628053
2366.827414,0.9999922722298594
2366.947016,0.9999922603299514
2367.066618,0.9999920735314146
2367.18622,0.9999928836253215
2367.305822,0.9999928027259005
2367.425424,0.9999918487332218
2367.545026,0.9999923494292657
2367.664628,0.9999924408285706
2367.78423,0.9999927120265574
2367.903832,0.9999913687372496
2368.023434,0.9999919817321464
2368.143036,0.9999926858267487
2368.262638,0.9999922247302275
2368.38224,0.9999923782290459
2368.501842,0.9999922850297606
2368.621444,0.9999925571276983
2368.741046,0.999992521927961
2368.860648,0.9999921570307563
2368.98025,0.9999923050296065
2369.099852,0.9999906144440446
2369.219454,0.9999921163310763
2369.339056,0.9999928727253992
2369.458658,0.9999925698276039
2369.57826,0.9999918403332902
2369.697862,0.9999922752298361
2369.817464,0.9999917973336421
2369.937066,0.9999918049335798
2370.056668,0.9999920883312974
2370.17627,0.9999921012311954
2370.295872,0.9999910008404926
2370.415474,0.999991849933212
2370.535076,0.9999926048273444
2370.654678,0.9999921459308434
2370.77428,0.9999919430324575
2370.893882,0.9999920322317428
2371.013484,0.9999922417300955
2371.133086,0.9999923319293998
2371.252688,0.9999928543255304
2371.37229,0.9999922474300513
2371.491892,0.999992130330966
2371.611494,0.9999923449293002
2371.731096,0.9999915520356842
2371.850698,0.999992149030819
2371.9703,0.9999922393301142
2372.089902,0.9999919715322283
2372.209504,0.9999919978320175
2372.329106,0.9999922128303201
2372.448708,0.9999922754298346
2372.56831,0.9999907267429969
2372.687912,0.9999920131318952
2372.807514,0.9999923889289644
2372.927116,0.9999921189310558
2373.046718,0.9999919906320751
2373.16632,0.9999922009304129
2373.285922,0.9999921007311994
2373.405524,0.999992009031928
2373.525126,0.9999921916304855
2373.644728,0.9999913143377206
2373.76433,0.9999916876345479
2373.883932,0.9999921075311456
2374.003534,0.9999921170310707
2374.123136,0.9999920978312223
2374.242738,0.9999921844305417
2374.36234,0.9999921714306435
2374.481942,0.999992106231156
2374.601544,0.9999925812275192
2374.721146,0.9999917145343247
2374.840748,0.9999921034311781
2374.96035,0.9999919630322966
2375.079952,0.9999920579315384
2375.199554,0.9999921833305503
2375.319156,0.999991901632792
2375.438758,0.9999918108335314
2375.55836,0.9999918660330809
2375.677962,0.9999922183302773
2375.797564,0.999991401536967
2375.917166,0.9999923150295296
2376.036768,0.9999920747314051
2376.15637,0.9999917207342733
2376.275972,0.9999920118319056
2376.395574,0.9999922019304051
2376.515176,0.9999918036335904
2376.634778,0.9999919515323891
2376.75438,0.9999923084295803
2376.873982,0.9999914899362108
2376.993584,0.9999923641291534
2377.113186,0.9999924192287342
2377.232788,0.9999921684306669
2377.35239,0.9999918674330694
2377.471992,0.999991862333111
2377.591594,0.9999918876329055
2377.711196,0.999992272529857
2377.830798,0.9999917461340634
2377.9504,0.9999916664347244
2378.070002,0.9999919315325503
2378.189604,0.9999918796329703
2378.309206,0.9999919006328001
2378.428808,0.999991792833679
2378.54841,0.9999920561315527
2378.668012,0.9999919582323352
2378.787614,0.999991961232311
2378.907216,0.9999921994304246
2379.026818,0.9999918598331313
2379.14642,0.9999920337317308
2379.266022,0.9999920511315924
2379.385624,0.9999915651355736
2379.505226,0.9999921974304402
2379.624828,0.9999920310317524
2379.74443,0.9999920505315972
2379.864032,0.9999918469332364
2379.983634,0.9999913273376078
2380.103236,0.9999917426340922
2380.222838,0.9999917135343329
2380.34244,0.9999918980328211
2380.462042,0.999991736734141
2380.581644,0.9999922580299692
2380.701246,0.9999914816362815
2380.820848,0.9999913212376607
2380.94045,0.9999914198368098
2381.060052,0.9999914800362951
2381.179654,0.999991732134179
2381.299256,0.9999917749338261
2381.418858,0.9999915397357882
2381.53846,0.9999917809337767
2381.658062,0.9999911790389049
2381.777664,0.9999912286384686
2381.897266,0.9999916076352161
2382.016868,0.9999915917353497
2382.13647,0.9999916097351985
2382.256072,0.9999911789389058
2382.375674,0.9999912294384616
2382.495276,0.9999913366375272
2382.614878,0.9999912561382278
2382.73448,0.9999913144377197
2382.854082,0.9999908266420755
2382.973684,0.9999915368358128
2383.093286,0.9999914323367026
2383.212888,0.9999914433366085
2383.33249,0.9999914231367815
2383.452092,0.9999913074377805
2383.571694,0.9999911503391585
2383.691296,0.9999910963396378
2383.810898,0.9999912194385494
2383.9305,0.9999912514382688
2384.050102,0.9999911309393303
2384.169704,0.9999908143421884
2384.289306,0.9999911284393526
2384.408908,0.9999907760425409
2384.52851,0.99999116033907
2384.648112,0.9999910298402321
2384.767714,0.9999910050404549
2384.887316,0.999990360846457
2385.006918,0.999990779942505
2385.12652,0.9999905883442899
2385.246122,0.9999907852424561
2385.365724,0.999990845141906
2385.485326,0.9999908605417651
2385.604928,0.9999905571445841
2385.72453,0.9999905107450233
2385.844132,0.9999908361419884
2385.963734,0.9999903961461173
2386.083336,0.9999904263458277
2386.202938,0.9999903466465939
2386.32254,0.999990832042026
2386.442142,0.9999906391438131
2386.561744,0.9999903054469925
2386.681346,0.999990569344469
2386.800948,0.9999901888481296
2386.92055,0.9999904164459226
2387.040152,0.9999904862452561
2387.159754,0.999990374746323
2387.279356,0.9999901891481268
2387.398958,0.9999903233468191
2387.51856,0.9999901086489197
2387.638162,0.9999902037479836
2387.757764,0.999989785052173
2387.877366,0.999990101148994
2387.996968,0.9999902741472965
2388.11657,0.9999896840532098
2388.236172,0.9999901053489524
2388.355774,0.9999897900521219
2388.475376,0.9999894470556827
2388.594978,0.9999899180508232
2388.71458,0.9999896130539447
2388.834182,0.999989724052798
2388.953784,0.9999902098479239
2389.073386,0.9999900070499299
2389.192988,0.9999897430526028
2389.31259,0.9999896490535715
2389.432192,0.9999894100560739
2389.551794,0.9999896860531892
2389.671396,0.9999894120560526
2389.790998,0.9999894210559575
2389.9106,0.9999895810542776
2390.030202,0.9999893360568602
2390.149804,0.9999893790564026
2390.269406,0.9999893000572448
2390.389008,0.9999896350537164
2390.50861,0.9999892030582874
2390.628212,0.9999888530621276
2390.747814,0.9999892090582226
2390.867416,0.9999891540588176
2390.987018,0.9999894020561586
2391.10662,0.999989403056148
2391.226222,0.999989250057781
2391.345824,0.9999886720641615
2391.465426,0.9999891530588285
2391.585028,0.9999891110592849
2391.70463,0.9999892280580178
2391.824232,0.9999890290601812
2391.943834,0.9999891790585468
2392.063436,0.9999894330558305
2392.183038,0.9999893070571699
2392.30264,0.9999892490577917
2392.422242,0.9999891550588068
2392.541844,0.9999894020561586
2392.661446,0.9999893700564982
2392.781048,0.9999894050561268
2392.90065,0.9999891980583414
2393.020252,0.9999890510599401
2393.139854,0.9999889310612612
2393.259456,0.9999891140592523
2393.379058,0.9999888960616492
2393.49866,0.9999890420600387
2393.618262,0.9999893920562646
2393.737864,0.9999890630598087
2393.857466,0.9999893580566259
2393.977068,0.9999890350601154
2394.09667,0.9999894180559892
2394.216272,0.9999893920562646
2394.335874,0.9999890460599948
2394.455476,0.9999896120539551
2394.575078,0.9999894660554823
2394.69468,0.9999893430567857
2394.814282,0.999989520054915
2394.933884,0.999989585054236
2395.053486,0.9999891950583738
2395.173088,0.9999895100550199
2395.29269,0.9999891120592741
2395.412292,0.999989620053872
2395.531894,0.9999893250569776
2395.651496,0.9999891860584711
2395.771098,0.9999892000583198
2395.8907,0.9999889880606319
2396.010302,0.9999890860595575
2396.129904,0.9999894450557039
2396.249506,0.9999894110560633
2396.369108,0.999989484055293
2396.48871,0.9999895580545175
2396.608312,0.999989518054936
2396.727914,0.9999894550555983
2396.847516,0.9999895600544966
2396.967118,0.9999898770512374
2397.08672,0.9999895130549884
2397.206322,0.9999894790553455
2397.325924,0.9999894900552299
2397.445526,0.9999895940541422
2397.565128,0.9999895090550304
2397.68473,0.999989420055968
2397.804332,0.9999897330527054
2397.923934,0.9999896120539551
2398.043536,0.9999893180570524
2398.163138,0.9999899140508636
2398.28274,0.9999893960562222
2398.402342,0.9999893600566045
2398.521944,0.9999896070540071
2398.641546,0.999989920050803
2398.761148,0.9999897790522343
2398.88075,0.9999893130571058
2399.000352,0.9999896310537579
2399.119954,0.9999898450515619
2399.239556,0.9999894700554403
2399.359158,0.9999899070509342
2399.47876,0.9999899410505916
2399.598362,0.999989662053437
2399.717964,0.9999897220528184
2399.837566,0.9999894190559786
2399.957168,0.9999898000520199
2400.07677,0.9999898700513082
2400.196372,0.9999897110529316
2400.315974,0.9999893630565727
2400.435576,0.9999892920573304
2400.555178,0.999989557054528
2400.67478,0.9999898630513792
2400.794382,0.9999899770502301
2400.913984,0.9999896700533543
2401.033586,0.9999897090529521
2401.153188,0.9999895030550933
2401.27279,0.9999897640523877
2401.392392,0.9999897220528184
2401.511994,0.999989636053706
2401.631596,0.9999897210528288
2401.751198,0.9999896210538617
2401.8708,0.9999896970530757
2401.990402,0.9999894850552824
2402.110004,0.9999899480505212
2402.229606,0.9999894050561268
2402.349208,0.9999895650544445
2402.46881,0.9999900315496854
2402.588412,0.9999897570524593
2402.708014,0.9999899640503604
2402.827616,0.9999897250527876
2402.947218,0.9999892850574054
2403.06682,0.999989557054528
2403.186422,0.9999900821491822
2403.306024,0.9999895080550408
2403.425626,0.9999895460546429
2403.545228,0.9999896670533852
2403.66483,0.9999892280580178
2403.784432,0.999989851051501
2403.904034,0.9999896630534266
2404.023636,0.9999895650544445
2404.143238,0.9999893730564664
2404.26284,0.9999892490577917
2404.382442,0.9999897270527671
2404.502044,0.9999896220538512
2404.621646,0.9999894370557882
2404.741248,0.9999898180518364
2404.86085,0.9999897890521321
2404.980452,0.999989520054915
2405.100054,0.9999896700533543
2405.219656,0.9999900632493698
2405.339258,0.9999895870542151
2405.45886,0.9999895980541006
2405.578462,0.9999898950510553
2405.698064,0.9999893080571592
2405.817666,0.999989731052726
2405.937268,0.9999899220507829
2406.05687,0.9999895500546011
2406.176472,0.999989344056775
2406.296074,0.9999895290548207
2406.415676,0.9999897210528288
2406.535278,0.9999897540524901
2406.65488,0.999989851051501
2406.774482,0.9999902006480139
2406.894084,0.9999899140508636
2407.013686,0.9999894470556827
2407.133288,0.9999897500525311
2407.25289,0.9999899770502301
2407.372492,0.999989559054507
2407.492094,0.9999899290507124
2407.611696,0.9999898610513995
2407.731298,0.999989951050491
2407.8509,0.999989731052726
2407.970502,0.9999898700513082
2408.090104,0.9999898170518465
2408.209706,0.9999900128498719
2408.329308,0.999989785052173
2408.44891,0.9999902215478094
2408.568512,0.9999899670503304
2408.688114,0.999989656053499
2408.807716,0.99998998105019
2408.927318,0.9999898460515517
2409.04692,0.9999900527494743
2409.166522,0.9999901979480404
2409.286124,0.9999898460515517
2409.405726,0.9999902324477028
2409.525328,0.9999898660513488
2409.64493,0.999989767052357
2409.764532,0.9999901096489099
2409.884134,0.9999896590534679
2410.003736,0.9999898920510857
2410.123338,0.9999898740512677
2410.24294,0.9999903040470061
2410.362542,0.9999897640523877
2410.482144,0.9999900663493391
2410.601746,0.9999903322467331
2410.721348,0.9999900110498899
2410.84095,0.9999904210458784
2410.960552,0.9999902103479189
2411.080154,0.9999904062460203
2411.199756,0.9999903605464598
2411.319358,0.9999903473465872
2411.43896,0.9999899160508433
2411.558562,0.9999900156498439
2411.678164,0.999990219747827
2411.797766,0.9999904566455381
2411.917368,0.9999902676473597
2412.03697,0.999990471445397
2412.156572,0.9999900252497481
2412.276174,0.9999901761482544
2412.395776,0.9999901708483064
2412.515378,0.9999903763463076
2412.63498,0.9999904619454876
2412.754582,0.9999902863471778
2412.874184,0.9999906975432681
2412.993786,0.9999905597445595
2413.113388,0.9999901154488525
2413.23299,0.999989951050491
2413.352592,0.9999906731434954
2413.472194,0.9999898750512577
2413.591796,0.9999900409495917
2413.711398,0.9999902593474405
2413.831,0.999990162548388
2413.950602,0.9999903461465988
2414.070204,0.9999905234449028
2414.189806,0.9999903016470293
2414.309408,0.9999902681473548
2414.42901,0.9999903909461673
2414.548612,0.9999902343476843
2414.668214,0.99999063734383
2414.787816,0.9999901416485939
2414.907418,0.9999904610454962
2415.02702,0.9999905236449009
2415.146622,0.9999904948451742
2415.266224,0.9999902113479092
2415.385826,0.9999903067469799
2415.505428,0.999990429345799
2415.62503,0.9999901529484825
2415.744632,0.9999903763463076
2415.864234,0.9999907865424441
2415.983836,0.9999906992432523
2416.103438,0.9999908988414158
2416.22304,0.9999901093489129
2416.342642,0.9999905652445076
2416.462244,0.9999905008451172
2416.581846,0.9999904325457684
2416.701448,0.9999902676473597
2416.82105,0.9999905790443775
2416.940652,0.9999907886424249
2417.060254,0.999990484045277
2417.179856,0.9999902041479797
2417.299458,0.999990261547419
2417.41906,0.9999905145449872
2417.538662,0.999990276047278
2417.658264,0.999990253647496
2417.777866,0.9999899650503504
2417.897468,0.9999902524475077
2418.01707,0.9999906969432737
2418.136672,0.9999901399486106
2418.256274,0.9999900743492596
2418.375876,0.9999903190468608
2418.495478,0.9999906487437232
2418.61508,0.9999900494495071
2418.734682,0.9999901806482101
2418.854284,0.9999900257497432
2418.973886,0.9999905236449009
2419.093488,0.9999903287467669
2419.21309,0.9999904727453846
2419.332692,0.9999901703483114
2419.452294,0.9999904231458584
2419.571896,0.999990400546075
2419.691498,0.9999904313457799
2419.8111,0.9999900292497083
2419.930702,0.9999896020540591
2420.050304,0.9999903435466239
2420.169906,0.9999898760512476
2420.289508,0.9999901303487053
2420.40911,0.9999900538494633
2420.528712,0.9999900026499738
2420.648314,0.9999901726482887
2420.767916,0.9999901922480963
2420.887518,0.9999898630513792
2421.00712,0.9999899220507829
2421.126722,0.9999902561474716
2421.246324,0.9999897260527774
2421.365926,0.9999897830521933
2421.485528,0.9999899150508534
2421.60513,0.9999900730492725
2421.724732,0.9999896510535508
2421.844334,0.9999899600504006
2421.963936,0.9999897510525209
2422.083538,0.9999895620544758
2422.20314,0.9999900071499288
2422.322742,0.9999898010520096
2422.442344,0.9999897500525311
2422.561946,0.9999901292487162
2422.681548,0.9999898540514705
2422.80115,0.9999897160528801
2422.920752,0.9999896330537371
2423.040354,0.9999892400578886
2423.159956,0.9999890190602909
2423.279558,0.9999895830542568
2423.39916,0.9999895960541214
2423.518762,0.9999894940551878
2423.638364,0.9999895310547998
2423.757966,0.9999897690523365
2423.877568,0.999989420055968
2423.99717,0.9999889610609295
2424.116772,0.9999894530556194
2424.236374,0.9999892350579423
2424.355976,0.9999894940551878
2424.475578,0.9999893330568922
2424.59518,0.9999890030604668
2424.714782,0.9999892450578348
2424.834384,0.9999885400656655
2424.953986,0.9999887240635739
2425.073588,0.9999893970562116
2425.19319,0.9999889660608744
2425.312792,0.9999887650631124
2425.432394,0.9999890060604338
2425.551996,0.9999892820574375
2425.671598,0.9999887740630113
2425.7912,0.9999892840574162
2425.910802,0.9999885110659983
2426.030404,0.9999884540666548
2426.150006,0.9999888610620384
2426.269608,0.9999888430622391
2426.38921,0.9999888850617714
2426.508812,0.9999886300646382
2426.628414,0.999988794062787
2426.748016,0.9999888970616381
2426.867618,0.999988686064003
2426.98722,0.9999888470621945
2427.106822,0.9999883750675701
2427.226424,0.9999887280635288
2427.346026,0.999988794062787
2427.465628,0.9999885850651509
2427.58523,0.9999886270646723
2427.704832,0.9999882030695844
2427.824434,0.9999885170659294
2427.944036,0.999988771063045
2428.063638,0.999988398067303
2428.18324,0.9999882750687376
2428.302842,0.9999886170647861
2428.422444,0.9999888010627086
2428.542046,0.9999884440667703
2428.661648,0.999988450066701
2428.78125,0.9999885130659754
2428.900852,0.9999885620654136
2429.020454,0.9999887900628318
2429.140056,0.999988432066909
2429.259658,0.9999883200682109
2429.37926,0.9999885160659409
2429.498862,0.99998829106855
2429.618464,0.9999880190717719
2429.738066,0.9999882740687492
2429.857668,0.9999878780734711
2429.97727,0.999988580065208
2430.096872,0.9999882870685969
2430.216474,0.9999882780687024
2430.336076,0.9999886460644564
2430.455678,0.9999883320680708
2430.57528,0.9999884750664125
2430.694882,0.9999886410645132
2430.814484,0.9999886340645927
2430.934086,0.9999886840640256
2431.053688,0.9999886400645246
2431.17329,0.9999882990684564
2431.292892,0.9999889690608412
2431.412494,0.9999889270613055
2431.532096,0.9999885810651965
2431.651698,0.9999889590609516
2431.7713,0.999988814062563
2431.890902,0.9999889550609958
2432.010504,0.9999887430633598
2432.130106,0.9999885300657801
2432.249708,0.9999889720608082
2432.36931,0.9999888220624736
2432.488912,0.9999887930627982
2432.608514,0.9999888210624848
2432.728116,0.9999891820585144
2432.847718,0.9999891980583414
2432.96732,0.9999884150671059
2433.086922,0.9999889580609627
2433.206524,0.9999887910628206
2433.326126,0.9999889640608964
2433.445728,0.9999892760575019
2433.56533,0.999988950061051
2433.684932,0.9999893090571486
2433.804534,0.9999889000616048
2433.924136,0.9999889180614051
2434.043738,0.99998902006028
2434.16334,0.9999894800553351
2434.282942,0.9999889420611394
2434.402544,0.9999892880573733
2434.522146,0.9999891630587201
2434.641748,0.9999893960562222
2434.76135,0.9999890100603899
2434.880952,0.9999895430546742
2435.000554,0.9999894450557039
2435.120156,0.9999894060561162
2435.239758,0.9999898460515517
2435.35936,0.9999898270517448
2435.478962,0.9999895680544131
2435.598564,0.9999892450578348
2435.718166,0.9999893920562646
2435.837768,0.9999897050529933
2435.95737,0.9999893510567004
2436.076972,0.9999897970520504
2436.196574,0.9999897720523058
2436.316176,0.9999897410526234
2436.435778,0.9999897470525618
2436.55538,0.9999901776482396
2436.674982,0.9999897890521321
2436.794584,0.9999898990510149
2436.914186,0.9999898740512677
2437.033788,0.9999897930520912
2437.15339,0.9999902670473655
2437.272992,0.9999898210518059
2437.392594,0.9999900417495837
2437.512196,0.999989920050803
2437.631798,0.9999898880511261
2437.7514,0.9999900047499528
2437.871002,0.9999901787482288
2437.990604,0.9999898900511058
2438.110206,0.9999897210528288
2438.229808,0.9999899470505312
2438.34941,0.999990017449826
2438.469012,0.9999899260507426
2438.588614,0.999990017749823
2438.708216,0.9999900888491158
2438.827818,0.9999901009489959
2438.94742,0.9999901311486974
2439.067022,0.9999900525494763
2439.186624,0.9999901377486323
2439.306226,0.999990048849513
2439.425828,0.9999902980470643
2439.54543,0.9999898430515821
2439.665032,0.9999905029450973
2439.784634,0.9999905416447306
2439.904236,0.9999904937451847
2440.023838,0.9999904063460194
2440.14344,0.9999904018460626
2440.263042,0.9999903624464416
2440.382644,0.9999905441447069
2440.502246,0.9999905856443153
2440.621848,0.9999903023470226
2440.74145,0.9999900695493072
2440.861052,0.9999901003490018
2440.980654,0.9999901137488693
2441.100256,0.9999902871471701
2441.219858,0.9999906475437345
2441.33946,0.9999906113440737
2441.459062,0.9999906260439358
2441.578664,0.9999903105469431
2441.698266,0.9999902477475535
2441.817868,0.9999903918461586
2441.93747,0.9999900231497691
2442.057072,0.9999903670463972
2442.176674,0.9999898340516736
2442.296276,0.9999902127478955
2442.415878,0.9999903757463134
2442.53548,0.9999904529455734
2442.655082,0.9999902863471778
2442.774684,0.9999899050509543
2442.894286,0.9999903607464579
2443.013888,0.9999907856424525
2443.13349,0.9999901418485919
2443.253092,0.9999904817452989
2443.372694,0.9999906323438768
2443.492296,0.9999906773434563
2443.611898,0.999990156448448
2443.7315,0.9999901663483507
2443.851102,0.9999905061450669
2443.970704,0.9999904134459513
2444.090306,0.999990580044368
2444.209908,0.9999908195421406
2444.32951,0.9999902749472886
2444.449112,0.9999902248477771
2444.568714,0.9999899600504006
2444.688316,0.9999897010530345
2444.807918,0.9999902523475087
2444.92752,0.9999904808453074
2445.047122,0.9999901921480973
2445.166724,0.9999899540504609
2445.286326,0.9999906475437345
2445.405928,0.9999905697444651
2445.52553,0.9999903882461932
2445.645132,0.9999907600426887
2445.764734,0.9999899930500699
2445.884336,0.9999904097459867
2446.003938,0.9999898920510857
2446.12354,0.999990200848012
2446.243142,0.9999905611445463
2446.362744,0.9999899640503604
2446.482346,0.999990626443932
2446.601948,0.9999906092440934
2446.72155,0.9999903144469052
2446.841152,0.9999901762482534
2446.960754,0.9999905318448232
2447.080356,0.9999904795453198
2447.199958,0.9999904986451381
2447.31956,0.9999907427428487
2447.439162,0.9999902006480139
2447.558764,0.9999905109450213
2447.678366,0.9999906763434655
2447.797968,0.9999903820462528
2447.91757,0.9999905674444868
2448.037172,0.9999903965461134
2448.156774,0.9999904863452551
2448.276376,0.9999904070460127
2448.395978,0.9999905580445756
2448.51558,0.9999908283420599
2448.635182,0.9999905346447967
2448.754784,0.9999910018404837
2448.874386,0.9999906715435103
2448.993988,0.9999908694416838
2449.11359,0.999990615044039
2449.233192,0.9999906388438159
2449.352794,0.9999906780434497
2449.472396,0.9999905067450612
2449.591998,0.9999906511437008
2449.7116,0.9999904378457177
2449.831202,0.9999903143469062
2449.950804,0.9999903029470167
2450.070406,0.999990363946427
2450.190008,0.9999906015441657
2450.30961,0.9999905184449502
2450.429212,0.9999907766425354
2450.548814,0.9999902226477986
2450.668416,0.9999906972432709
2450.788018,0.9999905243448943
2450.90762,0.9999906469437401
2451.027222,0.9999905233449038
2451.146824,0.9999906700435243
2451.266426,0.9999909514409384
2451.386028,0.999990020449796
2451.50563,0.9999907100431519
2451.625232,0.9999905574445812
2451.744834,0.9999908988414158
2451.864436,0.9999909298411341
2451.984038,0.9999907260430034
2452.10364,0.9999908111422178
2452.223242,0.9999909512409403
2452.342844,0.9999907007432384
2452.462446,0.9999908474418849
2452.582048,0.9999908761416226
2452.70165,0.9999907805424995
2452.821252,0.9999914612364554
2452.940854,0.9999909937405566
2453.060456,0.9999907368429033
2453.180058,0.9999910533400216
2453.29966,0.9999912414383564
2453.419262,0.9999907188430702
2453.538864,0.9999911075395381
2453.658466,0.999991123539396
2453.778068,0.9999907627426637
2453.89767,0.9999907886424249
2454.017272,0.9999913172376954
2454.136874,0.9999907656426369
2454.256476,0.9999914337366906
2454.376078,0.9999911358392869
2454.49568,0.9999914304367189
2454.615282,0.9999911436392178
2454.734884,0.9999909582408769
2454.854486,0.9999914770363206
2454.974088,0.9999912085386451
2455.09369,0.9999908555418108
2455.213292,0.9999910954396458
2455.332894,0.9999909181412403
2455.452496,0.9999911418392338
2455.572098,0.9999915055360782
2455.6917,0.9999912529382557
2455.811302,0.9999912537382488
2455.930904,0.9999914963361564
2456.050506,0.9999910387401524
2456.170108,0.999990741742858
2456.28971,0.9999910905396895
2456.409312,0.9999909083413294
2456.528914,0.9999909303411296
2456.648516,0.9999908515418474
2456.768118,0.9999908132421985
2456.88772,0.999991474536342
2457.007322,0.9999909673407947
2457.126924,0.999991319937672
2457.246526,0.9999909490409602
2457.366128,0.9999908574417934
2457.48573,0.9999909821406612
2457.605332,0.9999912049386768
2457.724934,0.9999910763398161
2457.844536,0.9999910702398705
2457.964138,0.9999908102422261
2458.08374,0.9999915109360323
2458.203342,0.9999909665408019
2458.322944,0.9999910537400181
2458.442546,0.9999908350419985
2458.562148,0.9999910991396129
2458.68175,0.9999907957423594
2458.801352,0.999990768442611
2458.920954,0.9999912539382471
2459.040556,0.9999906686435374
2459.160158,0.9999909084413284
2459.27976,0.9999907305429617
2459.399362,0.999990840441949
2459.518964,0.9999908848415433
2459.638566,0.9999908940414595
2459.758168,0.9999906546436681
2459.87777,0.9999902915471274
2459.997372,0.9999906186440052
2460.116974,0.9999904259458315
2460.236576,0.9999906007441732
2460.356178,0.9999906054441291
2460.47578,0.9999908003423171
2460.595382,0.9999906382438215
2460.714984,0.9999903111469373
2460.834586,0.999990407846005
2460.954188,0.9999904305457875
2461.07379,0.9999903920461567
2461.193392,0.9999897770522547
2461.312994,0.9999904067460156
2461.432596,0.9999898680513285
2461.552198,0.9999900710492924
2461.6718,0.9999901543484687
2461.791402,0.9999901296487123
2461.911004,0.999990465045458
2462.030606,0.9999902635473996
2462.150208,0.9999904949451733
2462.26981,0.9999902788472507
2462.389412,0.9999901870481473
2462.509014,0.9999905152449806
2462.628616,0.9999905469446804
2462.748218,0.9999900437495638
2462.86782,0.9999901671483428
2462.987422,0.9999902370476579
2463.107024,0.9999898400516126
2463.226626,0.9999900622493798
2463.346228,0.999990079549208
2463.46583,0.9999898970510351
2463.585432,0.9999899670503304
2463.705034,0.999989872051288
2463.824636,0.9999900017499829
2463.944238,0.9999902595474385
2464.06384,0.9999897490525413
2464.183442,0.9999894120560526
2464.303044,0.999989780052224
2464.422646,0.9999896520535404
2464.542248,0.9999893890562964
2464.66185,0.9999898850511565
2464.781452,0.9999898900511058
2464.901054,0.9999901722482927
2465.020656,0.9999899170508333
2465.140258,0.9999896490535715
2465.25986,0.9999902582474511
2465.379462,0.9999897100529419
2465.499064,0.9999897180528596
2465.618666,0.9999901134488722
2465.738268,0.9999901890481278
2465.85787,0.999989484055293
2465.977472,0.9999898780512273
2466.097074,0.9999894540556089
2466.216676,0.9999900551494504
2466.336278,0.9999895290548207
2466.45588,0.999989780052224
2466.575482,0.9999900131498689
2466.695084,0.9999896190538824
2466.814686,0.999989677053282
2466.934288,0.9999901505485062
2467.05389,0.9999897880521423
2467.173492,0.9999901602484107
2467.293094,0.9999899250507527
2467.412696,0.9999897460525721
2467.532298,0.9999896690533646
2467.6519,0.9999902851471895
2467.771502,0.9999901775482406
2467.891104,0.9999902111479111
2468.010706,0.9999902584474493
2468.130308,0.9999902323477038
2468.24991,0.9999897140529007
2468.369512,0.9999897970520504
2468.489114,0.99998998105019
2468.608716,0.9999899920500799
2468.728318,0.999990049049511
2468.84792,0.9999898370516431
2468.967522,0.9999899570504308
2469.087124,0.9999900318496824
2469.206726,0.9999905721444425
2469.326328,0.9999901333486757
2469.44593,0.99999059684421
2469.565532,0.9999904828452884
2469.685134,0.9999904725453865
2469.804736,0.9999905994441856
2469.924338,0.9999905925442504
2470.04394,0.9999909661408055
2470.163542,0.999990473445378
2470.283144,0.9999907761425401
2470.402746,0.9999904880452389
2470.522348,0.9999905440447078
2470.64195,0.9999901962480571
2470.761552,0.9999909190412322
2470.881154,0.9999904306457865
2471.000756,0.999990836841982
2471.120358,0.9999907574427127
2471.23996,0.999990744442833
2471.359562,0.9999904872452465
2471.479164,0.9999911069395435
2471.598766,0.9999911630390461
2471.718368,0.9999908800415871
2471.83797,0.9999911838388625
2471.957572,0.9999909324411106
2472.077174,0.999990813842193
2472.196776,0.9999906734434926
2472.316378,0.9999909581408779
2472.43598,0.9999908651417231
2472.555582,0.9999909993405062
2472.675184,0.9999910840397475
2472.794786,0.9999911775389181
2472.914388,0.999990469445416
2473.03399,0.9999912374383915
2473.153592,0.9999907629426619
2473.273194,0.9999912143385942
2473.392796,0.999991412236875
2473.512398,0.999991099239612
2473.632,0.9999911862388414
2473.751602,0.999990841641938
2473.871204,0.9999910680398902
2473.990806,0.9999911929387824
2474.110408,0.9999916833345837
2474.23001,0.999991028840241
2474.349612,0.999991057439985
2474.469214,0.9999915331358441
2474.588816,0.9999912455383205
2474.708418,0.9999909622408408
2474.82802,0.9999913936370349
2474.947622,0.9999909681407875
2475.067224,0.999991046140086
2475.186826,0.9999912407383625
2475.306428,0.9999912964378762
2475.42603,0.9999916425349238
2475.545632,0.999991249938282
2475.665234,0.9999909122412939
2475.784836,0.9999913224376502
2475.904438,0.9999917536340015
2476.02404,0.9999912296384599
2476.143642,0.9999909163412567
2476.263244,0.9999909517409358
2476.382846,0.9999910125403875
2476.502448,0.9999908959414422
2476.62205,0.9999914170368338
2476.741652,0.9999911904388045
2476.861254,0.9999912771380444
2476.980856,0.9999918468332373
2477.100458,0.9999917125343413
2477.22006,0.9999912237385116
2477.339662,0.9999911925387859
2477.459264,0.9999908181421535
2477.578866,0.9999914896362133
2477.698468,0.9999918615331175
2477.81807,0.9999913498374129
2477.937672,0.999991506136073
2478.057274,0.99999136173731
2478.176876,0.9999913524373903
2478.296478,0.9999912719380898
2478.41608,0.9999918115335257
2478.535682,0.9999914102368922
2478.655284,0.999991558935626
2478.774886,0.999991986032112
2478.894488,0.9999914414366247
2479.01409,0.9999913172376954
2479.133692,0.999991412236875
2479.253294,0.9999917039344125
2479.372896,0.9999912704381029
2479.492498,0.9999911364392816
2479.6121,0.9999912918379162
2479.731702,0.9999910831397555
2479.851304,0.9999909701407694
2479.970906,0.9999915972353034
2480.090508,0.9999910695398768
2480.21011,0.9999913532373834
2480.329712,0.9999913046378048
2480.449314,0.9999909346410906
2480.568916,0.9999911259393747
2480.688518,0.999991382137134
2480.80812,0.9999913805371478
2480.927722,0.9999912864379633
2481.047324,0.9999913981369962
2481.166926,0.9999915360358196
2481.286528,0.9999912350384125
2481.40613,0.9999914697363829
2481.525732,0.99999124673831
2481.645334,0.9999913197376737
2481.764936,0.9999909451409955
2481.884538,0.9999912937378997
2482.00414,0.9999910399401416
2482.123742,0.9999913159377067
2482.243344,0.9999912253384976
2482.362946,0.9999911465391921
2482.482548,0.9999909458409891
2482.60215,0.9999913990369885
2482.721752,0.9999912471383066
2482.841354,0.999991022840295
2482.960956,0.9999910388401514
2483.080558,0.9999912894379371
2483.20016,0.9999907648426444
2483.319762,0.9999908481418786
2483.439364,0.9999906502437093
2483.558966,0.999990945640991
2483.678568,0.9999911511391514
2483.79817,0.9999908516418465
2483.917772,0.9999910113403983
2484.037374,0.9999908057422674
2484.156976,0.9999907541427432
2484.276578,0.9999908547418181
2484.39618,0.9999907550427349
2484.515782,0.9999912945378927
2484.635384,0.999991071639858
2484.754986,0.999990460745499
2484.874588,0.9999907122431315
2484.99419,0.9999906350438514
2485.113792,0.9999905917442579
2485.233394,0.9999908319420269
2485.352996,0.9999908328420186
2485.472598,0.999990677043459
2485.5922,0.9999909102413121
2485.711802,0.9999908505418565
2485.831404,0.9999908144421875
2485.951006,0.9999906393438112
2486.070608,0.9999904416456814
2486.19021,0.9999905157449759
2486.309812,0.9999901442485682
2486.429414,0.9999903133469159
2486.549016,0.9999905014451116
2486.668618,0.9999900921490831
2486.78822,0.9999901370486393
2486.907822,0.9999903661464059
2487.027424,0.9999902768472702
2487.147026,0.9999904462456374
2487.266628,0.9999903445466142
2487.38623,0.9999905248448896
2487.505832,0.9999902509475224
2487.625434,0.9999905914442607
2487.745036,0.9999904473456269
2487.864638,0.9999900494495071
2487.98424,0.9999903646464203
2488.103842,0.999990155648456
2488.223444,0.9999904006460741
2488.343046,0.9999901546484657
2488.462648,0.9999902433475965
2488.58225,0.9999898900511058
2488.701852,0.9999902861471798
2488.821454,0.9999901333486757
2488.941056,0.999990155948453
2489.060658,0.9999901963480561
2489.18026,0.9999901325486836
2489.299862,0.9999903630464357
2489.419464,0.9999902308477184
2489.539066,0.9999905272448668
2489.658668,0.9999902589474443
2489.77827,0.9999897540524901
2489.897872,0.9999900947490573
2490.017474,0.9999898770512374
2490.137076,0.999990162148392
2490.256678,0.9999901037489682
2490.37628,0.9999901933480855
2490.495882,0.9999900276497242
2490.615484,0.9999899620503806
2490.735086,0.9999897900521219
2490.854688,0.999989826051755
2490.97429,0.9999899650503504
2491.093892,0.9999898780512273
2491.213494,0.999989420055968
2491.333096,0.9999897140529007
2491.452698,0.9999901859481581
2491.5723,0.9999897600524286
2491.691902,0.9999897730522956
2491.811504,0.9999899570504308
2491.931106,0.9999898850511565
2492.050708,0.9999897920521015
2492.17031,0.9999897610524184
2492.289912,0.9999894830553034
2492.409514,0.9999894310558517
2492.529116,0.9999896230538409
2492.648718,0.9999899890501099
2492.76832,0.9999899720502802
2492.887922,0.9999894770553666
2493.007524,0.9999898280517346
2493.127126,0.999989794052081
2493.246728,0.9999901534484776
2493.36633,0.9999895940541422
2493.485932,0.9999899480505212
2493.605534,0.9999898190518262
2493.725136,0.9999893740564557
2493.844738,0.9999894690554508
2493.96434,0.9999892680575877
2494.083942,0.9999894500556511
2494.203544,0.9999894550555983
2494.323146,0.9999897720523058
2494.442748,0.9999897340526952
2494.56235,0.9999893870563177
2494.681952,0.9999897110529316
2494.801554,0.999989518054936
2494.921156,0.9999896050540278
2495.040758,0.9999895390547161
2495.16036,0.9999894560555878
2495.279962,0.9999896270537993
2495.399564,0.9999893650565514
2495.519166,0.999988731063495
2495.638768,0.9999898630513792
2495.75837,0.9999891220591652
2495.877972,0.9999895420546847
2495.997574,0.9999894710554297
2496.117176,0.9999894420557355
2496.236778,0.9999893290569349
2496.35638,0.9999894400557566
2496.475982,0.9999891880584495
2496.595584,0.9999893260569669
2496.715186,0.999989427055894
2496.834788,0.9999894370557882
2496.95439,0.9999891660586876
2497.073992,0.999989191058417
2497.193594,0.9999893590566152
2497.313196,0.9999892750575126
2497.432798,0.9999893320569029
2497.5524,0.9999894100560739
2497.672002,0.9999891940583846
2497.791604,0.9999893360568602
2497.911206,0.9999891470588936
2498.030808,0.9999890340601264
2498.15041,0.9999892180581256
2498.270012,0.9999893900562858
2498.389614,0.9999891900584278
2498.509216,0.9999893510567004
2498.628818,0.9999893890562964
2498.74842,0.9999890840595793
2498.868022,0.9999892770574912
2498.987624,0.9999888850617714
2499.107226,0.9999890970594375
2499.226828,0.9999888760618715
2499.34643,0.999988978060742
2499.466032,0.9999887010638334
2499.585634,0.9999891770585685
2499.705236,0.9999891160592305
2499.824838,0.9999887770629776
2499.94444,0.9999887180636415
2500.064042,0.9999887630631349
2500.183644,0.9999887580631911
2500.303246,0.9999892360579317
2500.422848,0.9999895450546533
2500.54245,0.9999895110550093
2500.662052,0.9999887330634724
2500.781654,0.9999891670586767
2500.901256,0.9999891590587634
2501.020858,0.9999892390578994
2501.14046,0.9999892210580932
2501.260062,0.9999888400622726
2501.379664,0.9999886550643543
2501.499266,0.9999892810574482
2501.618868,0.9999890850595684
2501.73847,0.9999894390557672
2501.858072,0.9999885820651851
2501.977674,0.9999887610631574
2502.097276,0.9999889340612279
2502.216878,0.9999889680608522
2502.33648,0.9999888430622391
2502.456082,0.9999892030582874
2502.575684,0.9999890420600387
2502.695286,0.9999887930627982
2502.814888,0.9999892380579101
2502.93449,0.999988908061516
2503.054092,0.9999888620620273
2503.173694,0.9999888160625406
2503.293296,0.9999894230559363
2503.412898,0.9999886550643543
2503.5325,0.9999889670608633
2503.652102,0.9999889170614162
2503.771704,0.9999885310657687
2503.891306,0.9999881710699623
2504.010908,0.9999888580620718
2504.13051,0.9999887350634499
2504.250112,0.9999887600631686
2504.369714,0.9999890230602471
2504.489316,0.9999890250602251
2504.608918,0.9999889480610731
2504.72852,0.9999891740586009
2504.848122,0.9999884540666548
2504.967724,0.9999892970572769
2505.087326,0.9999888890617269
2505.206928,0.9999891420589478
2505.32653,0.9999891490588719
2505.446132,0.9999888810618158
2505.565734,0.9999889230613498
2505.685336,0.9999886100648658
2505.804938,0.9999888730619049
2505.92454,0.999988908061516
2506.044142,0.9999888050626637
2506.163744,0.9999888820618047
2506.283346,0.9999887810629328
2506.402948,0.9999890740596885
2506.52255,0.9999887590631799
2506.642152,0.9999888010627086
2506.761754,0.9999891590587634
2506.881356,0.9999890460599948
2507.000958,0.9999888690619494
2507.12056,0.999988750063281
2507.240162,0.9999887520632585
2507.359764,0.9999889240613387
2507.479366,0.9999890030604668
2507.598968,0.9999886540643657
2507.71857,0.9999889160614273
2507.838172,0.9999889270613055
2507.957774,0.9999890330601373
2508.077376,0.9999886300646382
2508.196978,0.9999886410645132
2508.31658,0.999988837062306
2508.436182,0.9999888250624401
2508.555784,0.999988809062619
2508.675386,0.999988398067303
2508.794988,0.9999888050626637
2508.91459,0.9999885980650025
2509.034192,0.999988647064445
2509.153794,0.9999889270613055
2509.273396,0.9999889460610952
2509.392998,0.9999892120581902
2509.5126,0.9999885940650481
2509.632202,0.9999884990661363
2509.751804,0.9999886740641389
2509.871406,0.9999892090582226
2509.991008,0.9999890480599729
2510.11061,0.9999891360590131
2510.230212,0.9999887650631124
2510.349814,0.9999890820596011
2510.469416,0.9999887110637206
2510.589018,0.9999893490567217
2510.70862,0.9999888550621053
2510.828222,0.9999885090660213
2510.947824,0.9999882860686087
2511.067426,0.9999885050660673
2511.187028,0.9999883680676515
2511.30663,0.9999887930627982
2511.426232,0.9999886870639917
2511.545834,0.9999886780640936
2511.665436,0.999988597065014
2511.785038,0.999988706063777
2511.90464,0.9999890080604118
2512.024242,0.999988706063777
2512.143844,0.9999888890617269
2512.263446,0.9999884220670248
2512.383048,0.99998869606389
2512.50265,0.9999886670642182
2512.622252,0.9999889770607531
2512.741854,0.9999888080626302
2512.861456,0.9999884900662398
2512.981058,0.9999886700641842
2513.10066,0.9999884520666779
2513.220262,0.9999886350645814
2513.339864,0.9999885120659868
2513.459466,0.999988920061383
2513.579068,0.9999886700641842
2513.69867,0.9999887790629551
2513.818272,0.9999884360668628
2513.937874,0.999988809062619
2514.057476,0.9999884230670132
2514.177078,0.9999887390634048
2514.29668,0.9999888160625406
2514.416282,0.9999887970627533
2514.535884,0.9999885600654366
2514.655486,0.9999888780618492
2514.775088,0.9999888740618937
2514.89469,0.9999887930627982
2515.014292,0.9999886210647406
2515.133894,0.9999889310612612
2515.253496,0.9999891770585685
2515.373098,0.9999891650586984
2515.4927,0.9999886750641276
2515.612302,0.9999886450644677
2515.731904,0.9999884330668974
2515.851506,0.9999881650700333
2515.971108,0.999988206069549
2516.09071,0.9999884870662743
2516.210312,0.9999886730641502
2516.329914,0.9999885660653679
2516.449516,0.9999887040637996
2516.569118,0.9999885710653108
2516.68872,0.999988539065677
2516.808322,0.9999883390679892
2516.927924,0.9999889380611837
2517.047526,0.9999884330668974
2517.167128,0.9999883450679192
2517.28673,0.9999884310669206
2517.406332,0.9999885130659754
2517.525934,0.9999883160682577
2517.645536,0.9999887580631911
2517.765138,0.9999883320680708
2517.88474,0.9999883020684214
2518.004342,0.999988461066574
2518.123944,0.9999887260635513
2518.243546,0.9999886980638674
2518.363148,0.9999883460679075
2518.48275,0.9999886650642409
2518.602352,0.9999883310680825
2518.721954,0.9999883160682577
2518.841556,0.9999885740652765
2518.961158,0.999988804062675
2519.08076,0.999988398067303
2519.200362,0.9999885110659983
2519.319964,0.9999881820698323
2519.439566,0.9999885270658146
2519.559168,0.9999884720664471
2519.67877,0.9999878420739082
2519.798372,0.9999882400691485
2519.917974,0.9999884040672333
2520.037576,0.9999881930697023
2520.157178,0.9999887350634499
2520.27678,0.9999883180682343
2520.396382,0.9999880860709714
2520.515984,0.9999881230705313
2520.635586,0.9999883460679075
2520.755188,0.9999874820783499
2520.87479,0.9999883730675933
2520.994392,0.9999881960696669
2521.113994,0.9999885170659294
2521.233596,0.9999885450656083
2521.353198,0.9999879960720477
2521.4728,0.9999880890709357
2521.592402,0.9999881990696315
2521.712004,0.9999879740723121
2521.831606,0.9999882210693721
2521.951208,0.9999879660724083
2522.07081,0.9999884460667472
2522.190412,0.9999882490690427
2522.310014,0.9999882100695018
2522.429616,0.9999879850721798
2522.549218,0.9999878940732774
2522.66882,0.9999886100648658
2522.788422,0.999988023071724
2522.908024,0.9999880040719518
2523.027626,0.9999884460667472
2523.147228,0.9999881840698086
2523.26683,0.9999883280681175
2523.386432,0.9999881050707452
2523.506034,0.9999881290704601
2523.625636,0.9999883600677445
2523.745238,0.9999881100706858
2523.86484,0.9999883820674887
2523.984442,0.9999883360680242
2524.104044,0.9999887430633598
2524.223646,0.9999886150648089
2524.343248,0.9999881870697732
2524.46285,0.9999882600689135
2524.582452,0.9999885130659754
2524.702054,0.9999876220766071
2524.821656,0.9999884230670132
2524.941258,0.9999880980708286
2525.06086,0.9999882490690427
2525.180462,0.9999886070649
2525.300064,0.9999885680653451
2525.419666,0.9999883270681292
2525.539268,0.9999883870674307
2525.65887,0.9999888490621722
2525.778472,0.9999883760675584
2525.898074,0.9999885050660673
2526.017676,0.9999884860662859
2526.137278,0.9999887030638108
2526.25688,0.9999886480644337
2526.376482,0.9999890880595357
2526.496084,0.9999887670630899
2526.615686,0.999988844062228
2526.735288,0.9999887490632923
2526.85489,0.999988888061738
2526.974492,0.9999885810651965
2527.094094,0.999988650064411
2527.213696,0.9999887750630001
2527.333298,0.9999888060626526
2527.4529,0.9999888860617603
2527.572502,0.9999891840584927
2527.692104,0.9999893160570738
2527.811706,0.9999889650608854
2527.931308,0.9999888810618158
2528.05091,0.9999889070615271
2528.170512,0.9999887510632698
2528.290114,0.9999890580598635
2528.409716,0.9999890890595248
2528.529318,0.9999884040672333
2528.64892,0.9999890020604778
2528.768522,0.999989091059503
2528.888124,0.9999888660619828
2529.007726,0.9999889260613165
2529.127328,0.9999890780596449
2529.24693,0.9999890560598853
2529.366532,0.9999891720586226
2529.486134,0.9999893890562964
2529.605736,0.9999889190613941
2529.725338,0.9999891510588502
2529.84494,0.9999890030604668
2529.964542,0.9999893290569349
2530.084144,0.9999891240591434
2530.203746,0.9999893070571699
2530.323348,0.9999886600642975
2530.44295,0.9999894110560633
2530.562552,0.9999890330601373
2530.682154,0.9999891230591543
2530.801756,0.9999891670586767
2530.921358,0.9999894430557249
2531.04096,0.9999891670586767
2531.160562,0.9999894660554823
2531.280164,0.9999892610576628
2531.399766,0.999989408056095
2531.519368,0.9999894220559469
2531.63897,0.9999891250591326
2531.758572,0.9999892770574912
2531.878174,0.9999891230591543
2531.997776,0.9999890230602471
2532.117378,0.9999890650597869
2532.23698,0.9999892090582226
2532.356582,0.9999890290601812
2532.476184,0.9999893100571379
2532.595786,0.9999890120603678
2532.715388,0.9999892580576951
2532.83499,0.99998869606389
2532.954592,0.9999895270548417
2533.074194,0.9999891480588827
2533.193796,0.9999887680630787
2533.313398,0.9999890010604888
2533.433,0.9999891770585685
2533.552602,0.9999890790596339
2533.672204,0.9999894150560209
2533.791806,0.9999895790542984
2533.911408,0.9999888340623395
2534.03101,0.9999892990572555
2534.150612,0.9999891180592088
2534.270214,0.9999894330558305
2534.389816,0.9999889280612944
2534.509418,0.9999891790585468
2534.62902,0.9999892310579854
2534.748622,0.9999893590566152
2534.868224,0.9999895310547998
2534.987826,0.9999890570598744
2535.107428,0.9999895030550933
2535.22703,0.9999892220580824
2535.346632,0.9999892390578994
2535.466234,0.999989103059372
2535.585836,0.9999897890521321
2535.705438,0.9999887420633711
2535.82504,0.9999891150592414
2535.944642,0.9999897410526234
2536.064244,0.9999890900595139
2536.183846,0.9999890580598635
2536.303448,0.9999887520632585
2536.42305,0.9999890110603789
2536.542652,0.9999891210591761
2536.662254,0.9999891590587634
2536.781856,0.9999887730630225
2536.901458,0.9999888410622614
2537.02106,0.9999890400600606
2537.140662,0.9999887530632473
2537.260264,0.9999890470599839
2537.379866,0.9999888120625854
2537.499468,0.9999890640597978
2537.61907,0.999988653064377
2537.738672,0.9999890460599948
2537.858274,0.9999887830629103
2537.977876,0.9999888670619717
2538.097478,0.9999888400622726
2538.21708,0.9999889860606539
2538.336682,0.9999890540599072
2538.456284,0.9999889570609737
2538.575886,0.999988857062083
2538.695488,0.9999887170636528
2538.81509,0.9999885320657572
2538.934692,0.9999887830629103
2539.054294,0.9999885910650824
2539.173896,0.9999885310657687
2539.293498,0.9999889350612169
2539.4131,0.9999889940605659
2539.532702,0.9999889880606319
2539.652304,0.9999888900617159
2539.771906,0.999988814062563
2539.891508,0.9999893570566365
2540.01111,0.9999890540599072
2540.130712,0.9999889720608082
2540.250314,0.9999887480633035
2540.369916,0.9999891740586009
2540.489518,0.9999891890584387
2540.60912,0.9999888830617936
2540.728722,0.9999885670653565
2540.848324,0.9999891010593939
2540.967926,0.9999887700630562
2541.087528,0.9999887810629328
2541.20713,0.9999889640608964
2541.326732,0.9999889150614384
2541.446334,0.9999892130581794
2541.565936,0.9999889250613276
2541.685538,0.9999888840617825
2541.80514,0.9999893650565514
2541.924742,0.9999894110560633
2542.044344,0.9999891780585576
2542.163946,0.9999891700586442
2542.283548,0.999989191058417
2542.40315,0.9999893270569563
2542.522752,0.999989372056477
2542.642354,0.9999896260538097
2542.761956,0.9999895010551143
2542.881558,0.9999892360579317
2543.00116,0.9999893630565727
2543.120762,0.9999892430578563
2543.240364,0.9999896840532098
2543.359966,0.9999894280558834
2543.479568,0.9999888000627197
2543.59917,0.9999890720597103
2543.718772,0.9999895040550828
2543.838374,0.9999895640544548
2543.957976,0.9999896050540278
2544.077578,0.999989668053375
2544.19718,0.999989320057031
2544.316782,0.9999895040550828
2544.436384,0.999989520054915
2544.555986,0.9999894320558411
2544.675588,0.9999898150518669
2544.79519,0.9999895290548207
2544.914792,0.9999892520577596
2545.034394,0.9999893190570417
2545.153996,0.9999896300537683
2545.273598,0.9999896520535404
2545.3932,0.9999896700533543
2545.512802,0.99998998105019
2545.632404,0.999989735052685
2545.752006,0.9999897520525106
2545.871608,0.9999894140560315
2545.99121,0.9999899260507426
2546.110812,0.999989851051501
2546.230414,0.9999898910510958
2546.350016,0.9999899800502
2546.469618,0.9999895580545175
2546.58922,0.9999898770512374
2546.708822,0.9999893920562646
2546.828424,0.9999896480535818
2546.948026,0.9999896720533336
2547.067628,0.9999895830542568
2547.18723,0.999989920050803
2547.306832,0.9999902486475447
2547.426434,0.9999899550504509
2547.546036,0.9999898750512577
2547.665638,0.9999897180528596
2547.78524,0.9999896660533956
2547.904842,0.9999897920521015
2548.024444,0.9999902344476833
2548.144046,0.9999897010530345
2548.263648,0.9999896790532613
2548.38325,0.9999900344496564
2548.502852,0.9999901790482258
2548.622454,0.9999898860511464
2548.742056,0.9999895510545906
2548.861658,0.9999900981490236
2548.98126,0.9999897810522138
2549.100862,0.99998998205018
2549.220464,0.9999899180508232
2549.340066,0.9999893920562646
2549.459668,0.9999900801492021
2549.57927,0.9999896330537371
2549.698872,0.9999900358496425
2549.818474,0.9999898690513184
2549.938076,0.9999902318477087
2550.057678,0.999989838051633
2550.17728,0.9999901119488871
2550.296882,0.9999896710533439
2550.416484,0.9999901544484677
2550.536086,0.9999901922480963
2550.655688,0.9999899980500199
2550.77529,0.9999903252468008
2550.894892,0.99998998205018
2551.014494,0.9999898490515212
2551.134096,0.9999901201488061
2551.253698,0.9999900978490266
2551.3733,0.99999016844833
2551.492902,0.999989934050662
2551.612504,0.9999900361496394
2551.732106,0.9999901410485997
2551.851708,0.9999900669493331
2551.97131,0.9999900439495618
2552.090912,0.9999901567484452
2552.210514,0.9999901208487991
2552.330116,0.9999899190508131
2552.449718,0.9999899050509543
2552.56932,0.9999898490515212
2552.688922,0.999990134848661
2552.808524,0.999989656053499
2552.928126,0.9999900558494433
2553.047728,0.9999903598464666
2553.16733,0.9999902632474025
2553.286932,0.9999904201458871
2553.406534,0.9999905860443116
2553.526136,0.9999899490505111
2553.645738,0.9999903981460981
2553.76534,0.9999905193449417
2553.884942,0.9999902588474453
2554.004544,0.9999903542465206
2554.124146,0.9999901034489712
2554.243748,0.9999903276467775
2554.36335,0.9999903138469111
2554.482952,0.9999902905471371
2554.602554,0.9999900057499429
2554.722156,0.9999907090431612
2554.841758,0.999990168148333
2554.96136,0.9999901847481699
2555.080962,0.9999902160478632
2555.200564,0.9999899730502702
2555.320166,0.999990016549835
2555.439768,0.9999901364486451
2555.55937,0.9999902548474843
2555.678972,0.9999902996470488
2555.798574,0.9999903156468937
2555.918176,0.9999903573464907
2556.037778,0.999990405346029
2556.15738,0.9999899500505011
2556.276982,0.999989920050803
2556.396584,0.9999900507494941
2556.516186,0.9999899500505011
2556.635788,0.999990265147384
2556.75539,0.9999898150518669
2556.874992,0.9999900708492944
2556.994594,0.9999898780512273
2557.114196,0.9999899580504207
2557.233798,0.9999899990500098
2557.3534,0.9999903694463741
2557.473002,0.9999901438485722
2557.592604,0.9999901939480796
2557.712206,0.9999903157468927
2557.831808,0.9999901097489089
2557.95141,0.9999902958470855
2558.071012,0.9999903152468975
2558.190614,0.9999900209497911
2558.310216,0.9999901961480581
2558.429818,0.9999900109498909
2558.54942,0.9999901029489762
2558.669022,0.9999902183478406
2558.788624,0.999989785052173
2558.908226,0.9999902226477986
2559.027828,0.9999904100459839
2559.14743,0.9999900067499329
2559.267032,0.99999019594806
2559.386634,0.9999902813472265
2559.506236,0.9999897460525721
2559.625838,0.999990017949821
2559.74544,0.9999902100479219
2559.865042,0.9999901768482474
2559.984644,0.9999897210528288
2560.104246,0.9999898940510654
2560.223848,0.9999902785472536
2560.34345,0.999990349846563
2560.463052,0.9999902294477322
2560.582654,0.9999900298497023
2560.702256,0.9999899190508131
2560.821858,0.9999898610513995
2560.94146,0.9999900239497611
2561.061062,0.9999895240548731
2561.180664,0.9999896000540798
2561.300266,0.999989566054434
2561.419868,0.9999895890541943
2561.53947,0.9999895550545488
2561.659072,0.9999898470515415
2561.778674,0.9999899040509644
2561.898276,0.9999898480515313
2562.017878,0.9999894770553666
2562.13748,0.9999898030519893
2562.257082,0.9999896980530654
2562.376684,0.9999898310517041
2562.496286,0.9999895960541214
2562.615888,0.9999897270527671
2562.73549,0.9999901983480365
2562.855092,0.9999895580545175
2562.974694,0.9999899460505413
2563.094296,0.9999897000530448
2563.213898,0.999988979060731
2563.3335,0.9999895010551143
2563.453102,0.9999893990561904
2563.572704,0.9999897320527157
2563.692306,0.9999894250559151
2563.811908,0.9999893530566791
2563.93151,0.9999896970530757
2564.051112,0.9999891520588393
2564.170714,0.9999892000583198
2564.290316,0.9999891340590348
2564.409918,0.9999893170570631
2564.52952,0.9999893310569136
2564.649122,0.9999891000594048
2564.768724,0.9999890980594266
2564.888326,0.9999891110592849
2565.007928,0.999989220058104
2565.12753,0.9999893270569563
2565.247132,0.999989180058536
2565.366734,0.9999892220580824
2565.486336,0.9999888560620941
2565.605938,0.9999891710586334
2565.72554,0.9999893350568709
2565.845142,0.9999885940650481
2565.964744,0.9999890780596449
2566.084346,0.9999891050593503
2566.203948,0.999989080059623
2566.32355,0.9999889850606649
2566.443152,0.9999890450600057
2566.562754,0.9999892040582766
2566.682356,0.9999887540632361
2566.801958,0.9999885950650368
2566.92156,0.9999887120637092
2567.041162,0.9999888360623173
2567.160764,0.9999888510621499
2567.280366,0.9999886780640936
2567.399968,0.9999888790618381
2567.51957,0.9999885930650596
2567.639172,0.9999888990616159
2567.758774,0.9999887260635513
2567.878376,0.9999885840651623
2567.997978,0.9999889940605659
2568.11758,0.9999886320646154
2568.237182,0.9999887080637544
2568.356784,0.9999889370611947
2568.476386,0.9999888450622167
2568.595988,0.9999883450679192
2568.71559,0.999988789062843
2568.835192,0.9999884310669206
2568.954794,0.9999883910673841
2569.074396,0.9999881190705788
2569.193998,0.9999884990661363
2569.3136,0.9999883110683161
2569.433202,0.99998811307065
2569.552804,0.999988799062731
2569.672406,0.9999883490678726
2569.792008,0.9999885190659065
2569.91161,0.99998829106855
2570.031212,0.9999885420656426
2570.150814,0.9999886620642748
2570.270416,0.9999882920685383
2570.390018,0.9999881280704719
2570.50962,0.9999886380645473
2570.629222,0.9999885640653908
2570.748824,0.9999886280646609
2570.868426,0.9999882490690427
2570.988028,0.9999886480644337
2571.10763,0.9999886370645586
2571.227232,0.999988136070377
2571.346834,0.9999886330646041
2571.466436,0.9999883960673261
2571.586038,0.9999883570677794
2571.70564,0.9999883850674538
2571.825242,0.9999881820698323
2571.944844,0.9999882220693603
2572.064446,0.9999880470714368
2572.184048,0.9999882470690662
2572.30365,0.9999886480644337
2572.423252,0.9999882690688079
2572.542854,0.9999882900685618
2572.662456,0.9999885730652879
2572.782058,0.999988023071724
2572.90166,0.9999886160647975
2573.021262,0.9999883510678493
2573.140864,0.9999887220635965
2573.260466,0.9999885930650596
2573.380068,0.9999883720676049
2573.49967,0.9999884850662973
2573.619272,0.9999882090695136
2573.738874,0.9999882180694075
2573.858476,0.9999886300646382
2573.978078,0.999988448066724
2574.09768,0.9999884210670363
2574.217282,0.9999881260704957
2574.336884,0.9999885580654594
2574.456486,0.999988650064411
2574.576088,0.9999885720652993
2574.69569,0.9999885250658376
2574.815292,0.9999883340680475
2574.934894,0.9999882390691602
2575.054496,0.9999887360634386
2575.174098,0.9999886150648089
2575.2937,0.9999888320623619
2575.413302,0.9999886780640936
2575.532904,0.9999882420691251
2575.652506,0.9999883250681525
2575.772108,0.9999882490690427
2575.89171,0.9999883400679775
2576.011312,0.9999891160592305
2576.130914,0.9999887540632361
2576.250516,0.9999888610620384
2576.370118,0.9999889060615382
2576.48972,0.9999887260635513
2576.609322,0.9999888120625854
2576.728924,0.9999885420656426
2576.848526,0.9999889260613165
2576.968128,0.9999886380645473
2577.08773,0.9999888510621499
2577.207332,0.999988814062563
2577.326934,0.9999884510666894
2577.446536,0.9999887190636303
2577.566138,0.9999890550598963
2577.68574,0.9999888850617714
2577.805342,0.9999892070582442
2577.924944,0.9999891750585901
2578.044546,0.9999890030604668
2578.164148,0.9999893590566152
2578.28375,0.9999889390611726
2578.403352,0.9999889900606098
2578.522954,0.9999886870639917
2578.642556,0.9999888710619271
2578.762158,0.9999890600598416
2578.88176,0.9999888520621387
2579.001362,0.9999887140636866
2579.120964,0.9999890970594375
2579.240566,0.9999888670619717
2579.360168,0.9999891680586659
2579.47977,0.9999891740586009
2579.599372,0.9999894060561162
2579.718974,0.9999887740630113
2579.838576,0.9999891180592088
2579.958178,0.9999892480578025
2580.07778,0.9999891130592632
2580.197382,0.9999895520545802
2580.316984,0.999989320057031
2580.436586,0.9999891820585144
2580.556188,0.999989246057824
2580.67579,0.9999889900606098
2580.795392,0.9999890510599401
2580.914994,0.9999891410589588
2581.034596,0.9999893050571913
2581.154198,0.9999893570566365
2581.2738,0.9999889900606098
2581.393402,0.9999892160581472
2581.513004,0.999988750063281
2581.632606,0.9999889360612059
2581.752208,0.9999891080593176
2581.87181,0.9999891000594048
2581.991412,0.9999891220591652
2582.111014,0.9999892340579531
2582.230616,0.9999888730619049
2582.350218,0.9999888790618381
2582.46982,0.9999895310547998
2582.589422,0.9999892400578886
2582.709024,0.9999890870595466
2582.828626,0.9999891530588285
2582.948228,0.9999891970583522
2583.06783,0.9999893020572234
2583.187432,0.9999889660608744
2583.307034,0.9999896330537371
2583.426636,0.9999891000594048
2583.546238,0.9999891740586009
2583.66584,0.9999893880563071
2583.785442,0.9999886680642068
2583.905044,0.9999895480546219
2584.024646,0.9999892000583198
2584.144248,0.9999892990572555
2584.26385,0.9999891700586442
2584.383452,0.9999890790596339
2584.503054,0.9999889310612612
2584.622656,0.9999889560609847
2584.742258,0.9999893280569456
2584.86186,0.9999892840574162
2584.981462,0.9999892530577488
2585.101064,0.9999891160592305
2585.220666,0.9999893060571806
2585.340268,0.9999889610609295
2585.45987,0.9999893560566472
2585.579472,0.9999892050582658
2585.699074,0.9999892030582874
2585.818676,0.9999894100560739
2585.938278,0.9999891470588936
2586.05788,0.9999891070593285
2586.177482,0.9999888050626637
2586.297084,0.999989482055314
2586.416686,0.9999892470578133
2586.536288,0.9999889550609958
2586.65589,0.9999889180614051
2586.775492,0.9999893090571486
2586.895094,0.9999890990594157
2587.014696,0.9999891590587634
2587.134298,0.9999889640608964
2587.2539,0.999988920061383
2587.373502,0.9999889030615715
2587.493104,0.9999891810585252
2587.612706,0.9999891780585576
2587.732308,0.9999890470599839
2587.85191,0.999989180058536
2587.971512,0.9999893780564132
2588.091114,0.9999893580566259
2588.210716,0.9999889410611505
2588.330318,0.9999890270602031
2588.44992,0.999988639064536
2588.569522,0.9999891140592523
2588.689124,0.9999890610598307
2588.808726,0.9999890120603678
2588.928328,0.9999887020638222
2589.04793,0.9999887390634048
2589.167532,0.9999889030615715
2589.287134,0.9999889700608302
2589.406736,0.9999891190591979
2589.526338,0.9999888120625854
2589.64594,0.9999887810629328
2589.765542,0.9999892150581579
2589.885144,0.9999893400568176
2590.004746,0.9999888340623395
2590.124348,0.9999894870552614
2590.24395,0.999989206058255
2590.363552,0.9999891100592958
2590.483154,0.9999891360590131
2590.602756,0.9999892550577273
2590.722358,0.9999894230559363
2590.84196,0.9999892020582982
2590.961562,0.9999891740586009
2591.081164,0.9999890010604888
2591.200766,0.9999891140592523
2591.320368,0.9999888740618937
2591.43997,0.9999891650586984
2591.559572,0.9999893100571379
2591.679174,0.9999892910573411
2591.798776,0.9999892520577596
2591.918378,0.9999890630598087
2592.03798,0.9999896320537476
2592.157582,0.9999894670554719
2592.277184,0.999989398056201
2592.396786,0.9999895160549569
2592.516388,0.9999892350579423
2592.63599,0.9999891410589588
2592.755592,0.9999893090571486
2592.875194,0.9999892650576199
2592.994796,0.9999894660554823
2593.114398,0.9999888900617159
2593.234,0.9999892520577596
2593.353602,0.9999892470578133
2593.473204,0.9999895780543089
2593.592806,0.9999893350568709
2593.712408,0.9999894960551668
2593.83201,0.9999890960594484
2593.951612,0.9999891110592849
2594.071214,0.9999894920552088
2594.190816,0.9999894830553034
2594.310418,0.9999892080582334
2594.43002,0.9999894050561268
2594.549622,0.9999892020582982
2594.669224,0.9999892180581256
2594.788826,0.9999897860521627
2594.908428,0.999989713052911
2595.02803,0.9999897390526439
2595.147632,0.9999897600524286
2595.267234,0.9999893210570203
2595.386836,0.9999895750543402
2595.506438,0.9999896120539551
2595.62604,0.9999896340537268
2595.745642,0.9999896600534576
2595.865244,0.999989951050491
2595.984846,0.9999895360547475
2596.104448,0.9999897410526234
2596.22405,0.9999895000551248
2596.343652,0.999989620053872
2596.463254,0.9999894700554403
2596.582856,0.9999898240517753
2596.702458,0.9999900509494921
2596.82206,0.9999894610555351
2596.941662,0.9999894890552403
2597.061264,0.9999892810574482
2597.180866,0.9999896460536025
2597.300468,0.9999902060479611
2597.42007,0.9999896420536439
2597.539672,0.9999899740502601
2597.659274,0.9999899240507627
2597.778876,0.999989620053872
2597.898478,0.9999896970530757
2598.01808,0.999990020449796
2598.137682,0.9999901060489454
2598.257284,0.999989463055514
2598.376886,0.9999899600504006
2598.496488,0.9999902472475584
2598.61609,0.9999896240538305
2598.735692,0.9999896700533543
2598.855294,0.9999901519484924
2598.974896,0.9999901338486707
2599.094498,0.9999897560524695
2599.2141,0.9999896630534266
2599.333702,0.999989809051928
2599.453304,0.9999898570514401
2599.572906,0.9999899960500398
2599.692508,0.9999903154468955
2599.81211,0.9999901230487774
2599.931712,0.9999902413476159
2600.051314,0.9999895490546115
2600.170916,0.9999900843491604
2600.290518,0.9999903740463298
2600.41012,0.9999900499495021
2600.529722,0.9999900727492754
2600.649324,0.9999904350457445
2600.768926,0.9999900057499429
2600.888528,0.999990111148895
2601.00813,0.9999900076499239
2601.127732,0.999990090749097
2601.247334,0.9999899300507022
2601.366936,0.9999900243497571
2601.486538,0.9999906137440512
2601.60614,0.9999903014470313
2601.725742,0.9999901878481394
2601.845344,0.9999895050550723
2601.964946,0.9999898620513894
2602.084548,0.9999897840521832
2602.20415,0.9999901201488061
2602.323752,0.9999900550494514
2602.443354,0.999990272347314
2602.562956,0.9999901643483703
2602.682558,0.9999902030479905
2602.80216,0.9999905078450508
2602.921762,0.9999902326477009
2603.041364,0.9999900740492625
2603.160966,0.9999901805482111
2603.280568,0.9999899150508534
2603.40017,0.9999899910500899
2603.519772,0.9999901938480806
2603.639374,0.9999901338486707
2603.758976,0.9999898560514502
2603.878578,0.9999901145488614
2603.99818,0.9999901025489801
2604.117782,0.9999903612464531
2604.237384,0.9999903041470051
2604.356986,0.9999905194449408
2604.476588,0.9999903111469373
2604.59619,0.9999904750453626
2604.715792,0.9999902316477106
2604.835394,0.9999898320516939
2604.954996,0.9999900715492874
2605.074598,0.9999897410526234
2605.1942,0.9999897270527671
2605.313802,0.9999893570566365
2605.433404,0.9999895680544131
2605.553006,0.9999899550504509
2605.672608,0.9999903701463674
2605.79221,0.9999900980490246
2605.911812,0.9999904625454819
2606.031414,0.999990185448163
2606.151016,0.9999904582455228
2606.270618,0.9999902820472196
2606.39022,0.9999895890541943
2606.509822,0.9999903272467814
2606.629424,0.9999894680554613
2606.749026,0.9999898340516736
2606.868628,0.9999898880511261
2606.98823,0.9999904123459619
2607.107832,0.999990358246482
2607.227434,0.999989809051928
2607.347036,0.999989921050793
2607.466638,0.9999897320527157
2607.58624,0.9999899980500199
2607.705842,0.9999901497485141
2607.825444,0.9999902563474697
2607.945046,0.9999898730512778
2608.064648,0.9999896000540798
2608.18425,0.9999901073489326
2608.303852,0.999989920050803
2608.423454,0.9999900280497203
2608.543056,0.9999898770512374
2608.662658,0.999989585054236
2608.78226,0.9999899700503003
2608.901862,0.9999896900531479
2609.021464,0.9999898550514603
2609.141066,0.9999897570524593
2609.260668,0.9999901309486994
2609.38027,0.9999896170539032
2609.499872,0.99998998805012
2609.619474,0.9999903119469294
2609.739076,0.9999898330516838
2609.858678,0.9999897250527876
2609.97828,0.9999897970520504
2610.097882,0.9999896210538617
2610.217484,0.9999896310537579
2610.337086,0.99998997905021
2610.456688,0.9999899230507728
2610.57629,0.9999898140518771
2610.695892,0.9999898850511565
2610.815494,0.9999899980500199
2610.935096,0.999990016149839
2611.054698,0.9999897080529625
2611.1743,0.9999898780512273
2611.293902,0.9999896900531479
2611.413504,0.9999897730522956
2611.533106,0.9999894640555035
2611.652708,0.9999898540514705
2611.77231,0.9999897270527671
2611.891912,0.9999894990551353
2612.011514,0.9999903816462566
2612.131116,0.9999896270537993
2612.250718,0.9999898630513792
2612.37032,0.9999897880521423
2612.489922,0.9999896160539136
2612.609524,0.9999900492495091
2612.729126,0.9999897520525106
2612.848728,0.999989636053706
2612.96833,0.999989393056254
2613.087932,0.9999898130518873
2613.207534,0.9999898210518059
2613.327136,0.999989731052726
2613.446738,0.9999897250527876
2613.56634,0.9999896190538824
2613.685942,0.999989889051116
2613.805544,0.999989909050914
2613.925146,0.9999896370536957
2614.044748,0.9999896500535611
2614.16435,0.9999895400547056
2614.283952,0.9999893790564026
2614.403554,0.9999893380568389
2614.523156,0.9999899850501499
2614.642758,0.99998998805012
2614.76236,0.999989656053499
2614.881962,0.9999899550504509
2615.001564,0.9999902932471109
2615.121166,0.9999896940531067
2615.240768,0.9999896520535404
2615.36037,0.999989921050793
2615.479972,0.9999894210559575
2615.599574,0.999989771052316
2615.719176,0.9999896980530654
2615.838778,0.9999895770543192
2615.95838,0.9999896410536543
2616.077982,0.9999895720543714
2616.197584,0.9999894230559363
2616.317186,0.9999895760543297
2616.436788,0.9999900329496714
2616.55639,0.9999898880511261
2616.675992,0.9999901487485239
2616.795594,0.9999896130539447
2616.915196,0.9999897360526747
2617.034798,0.999989844051572
2617.1544,0.9999898030519893
2617.274002,0.9999898100519179
2617.393604,0.9999900225497751
2617.513206,0.9999894640555035
2617.632808,0.9999900210497901
2617.75241,0.9999898860511464
2617.872012,0.9999899870501299
2617.991614,0.9999896980530654
2618.111216,0.9999898060519586
2618.230818,0.999990397846101
2618.35042,0.9999901022489831
2618.470022,0.999989809051928
2618.589624,0.9999900142498579
2618.709226,0.9999899720502802
2618.828828,0.9999899220507829
2618.94843,0.9999899950500498
2619.068032,0.9999899170508333
2619.187634,0.9999900552494494
2619.307236,0.999989758052449
2619.426838,0.9999897920521015
2619.54644,0.9999901372486373
2619.666042,0.9999902410476189
2619.785644,0.9999899310506922
2619.905246,0.9999899900500999
2620.024848,0.9999902345476823
2620.14445,0.9999899960500398
2620.264052,0.9999898150518669
2620.383654,0.9999900698493043
2620.503256,0.9999899370506318
2620.622858,0.9999896730533233
2620.74246,0.999990065349349
2620.862062,0.9999898330516838
2620.981664,0.9999900858491455
2621.101266,0.9999904050460319
2621.220868,0.9999896780532717
2621.34047,0.9999899900500999
2621.460072,0.9999904213458756
2621.579674,0.9999900091499089
2621.699276,0.9999899750502501
2621.818878,0.9999900902491019
2621.93848,0.9999900022499778
2622.058082,0.999990128048728
2622.177684,0.9999898770512374
2622.297286,0.9999897180528596
2622.416888,0.9999898180518364
2622.53649,0.9999901072489336
2622.656092,0.9999902914471283
2622.775694,0.9999903342467137
2622.895296,0.9999900681493211
2623.014898,0.9999899930500699
2623.1345,0.9999900741492616
2623.254102,0.999989785052173
2623.373704,0.9999899330506721
2623.493306,0.9999901565484471
2623.612908,0.9999900648493539
2623.73251,0.9999898410516025
2623.852112,0.9999897280527568
2623.971714,0.9999895010551143
2624.091316,0.9999898120518975
2624.210918,0.9999905305448356
2624.33052,0.9999899870501299
2624.450122,0.999990020649794
2624.569724,0.999990019149809
2624.689326,0.9999898270517448
2624.808928,0.9999901998480218
2624.92853,0.9999900222497781
2625.048132,0.9999901438485722
2625.167734,0.9999895250548626
2625.287336,0.999990174148274
2625.406938,0.9999901933480855
2625.52654,0.9999898850511565
2625.646142,0.9999899950500498
2625.765744,0.9999901820481965
2625.885346,0.9999901821481955
2626.004948,0.9999900758492447
2626.12455,0.999990018249818
2626.244152,0.9999897880521423
2626.363754,0.9999899300507022
2626.483356,0.9999897110529316
2626.602958,0.9999899470505312
2626.72256,0.9999901412485979
2626.842162,0.999989909050914
2626.961764,0.9999897730522956
2627.081366,0.9999897340526952
2627.200968,0.9999899750502501
2627.32057,0.9999900854491495
2627.440172,0.9999899590504107
2627.559774,0.9999898580514299
2627.679376,0.9999897160528801
2627.798978,0.999990471545396
2627.91858,0.999990135248657
2628.038182,0.9999901043489623
2628.157784,0.9999899240507627
2628.277386,0.9999896880531685
2628.396988,0.9999898110519077
2628.51659,0.9999896380536853
2628.636192,0.9999898210518059
2628.755794,0.9999901320486886
2628.875396,0.9999898320516939
2628.994998,0.9999900375496256
2629.1146,0.9999901092489138
2629.234202,0.9999897300527363
2629.353804,0.9999902837472031
2629.473406,0.999989934050662
2629.593008,0.9999900345496554
2629.71261,0.9999899640503604
2629.832212,0.999989573054361
2629.951814,0.9999897360526747
2630.071416,0.9999897470525618
2630.191018,0.9999900450495508
2630.31062,0.9999901699483152
2630.430222,0.9999896930531169
2630.549824,0.9999897730522956
2630.669426,0.9999894890552403
2630.789028,0.9999898900511058
2630.90863,0.9999895930541526
2631.028232,0.9999898590514198
2631.147834,0.9999897260527774
2631.267436,0.9999896130539447
2631.387038,0.9999899230507728
2631.50664,0.9999899350506519
2631.626242,0.9999895720543714
2631.745844,0.9999896060540174
2631.865446,0.9999898590514198
2631.985048,0.9999892600576736
2632.10465,0.9999895790542984
2632.224252,0.999989566054434
2632.343854,0.9999899910500899
2632.463456,0.9999899870501299
2632.583058,0.999989785052173
2632.70266,0.9999899670503304
2632.822262,0.9999896520535404
2632.941864,0.9999898270517448
2633.061466,0.9999897640523877
2633.181068,0.9999900102498979
2633.30067,0.9999900565494364
2633.420272,0.9999897540524901
2633.539874,0.9999899420505816
2633.659476,0.999989559054507
2633.779078,0.9999892090582226
2633.89868,0.9999896710533439
2634.018282,0.9999895560545384
2634.137884,0.9999894830553034
2634.257486,0.999989364056562
2634.377088,0.9999893400568176
2634.49669,0.9999892700575662
2634.616292,0.9999898010520096
2634.735894,0.9999893810563814
2634.855496,0.9999897140529007
2634.975098,0.9999895620544758
2635.0947,0.9999892410578778
2635.214302,0.9999894570555772
2635.333904,0.9999895740543505
2635.453506,0.9999894650554929
2635.573108,0.9999899550504509
2635.69271,0.9999896500535611
2635.812312,0.9999897070529727
2635.931914,0.9999894240559257
2636.051516,0.9999895670544235
2636.171118,0.999989557054528
2636.29072,0.9999895230548835
2636.410322,0.9999898960510453
2636.529924,0.9999892850574054
2636.649526,0.9999891730586118
2636.769128,0.999989294057309
2636.88873,0.9999896970530757
2637.008332,0.9999893100571379
2637.127934,0.9999895710543818
2637.247536,0.9999897910521116
2637.367138,0.9999895270548417
2637.48674,0.999989484055293
2637.606342,0.9999896600534576
2637.725944,0.9999895690544027
2637.845546,0.999989364056562
2637.965148,0.9999891410589588
2638.08475,0.9999896450536129
2638.204352,0.9999897780522444
2638.323954,0.9999890550598963
2638.443556,0.9999894320558411
2638.563158,0.999989393056254
2638.68276,0.9999889660608744
2638.802362,0.9999893030572127
2638.921964,0.9999893530566791
2639.041566,0.9999894000561798
2639.161168,0.999989294057309
2639.28077,0.9999894120560526
2639.400372,0.99998965305353
2639.519974,0.9999895580545175
2639.639576,0.9999892720575447
2639.759178,0.9999893020572234
2639.87878,0.9999895770543192
2639.998382,0.9999894220559469
2640.117984,0.9999897330527054
2640.237586,0.9999894760553771
2640.357188,0.9999894190559786
2640.47679,0.9999896940531067
2640.596392,0.999989304057202
2640.715994,0.999989463055514
2640.835596,0.9999893630565727
2640.955198,0.9999890480599729
2641.0748,0.9999891790585468
2641.194402,0.9999891040593611
2641.314004,0.9999895260548521
2641.433606,0.9999893020572234
2641.553208,0.9999893430567857
2641.67281,0.9999892820574375
2641.792412,0.9999899570504308
2641.912014,0.9999896750533026
2642.031616,0.9999896610534473
2642.151218,0.999989408056095
2642.27082,0.999989102059383
2642.390422,0.9999894950551773
2642.510024,0.9999893750564451
2642.629626,0.9999897450525823
2642.749228,0.9999891820585144
2642.86883,0.999989706052983
2642.988432,0.9999891530588285
2643.108034,0.9999896480535818
2643.227636,0.9999893400568176
2643.347238,0.9999890400600606
2643.46684,0.9999893960562222
2643.586442,0.9999897420526132
2643.706044,0.9999899400506016
2643.825646,0.9999894990551353
2643.945248,0.9999895710543818
2644.06485,0.9999895440546638
2644.184452,0.9999896420536439
2644.304054,0.999989872051288
2644.423656,0.9999895790542984
2644.543258,0.999989229058007
2644.66286,0.9999892330579639
2644.782462,0.9999895150549675
2644.902064,0.9999894360557988
2645.021666,0.999989920050803
2645.141268,0.9999892490577917
2645.26087,0.9999892760575019
2645.380472,0.9999891540588176
2645.500074,0.9999893170570631
2645.619676,0.9999895550545488
2645.739278,0.9999894460556933
2645.85888,0.9999894220559469
2645.978482,0.9999897570524593
2646.098084,0.9999895460546429
2646.217686,0.9999897570524593
2646.337288,0.999989662053437
2646.45689,0.9999892150581579
2646.576492,0.9999890510599401
2646.696094,0.9999892410578778
2646.815696,0.9999894860552719
2646.935298,0.9999897080529625
2647.0549,0.9999899690503103
2647.174502,0.999989427055894
2647.294104,0.9999891250591326
2647.413706,0.9999891710586334
2647.533308,0.9999894260559046
2647.65291,0.9999894700554403
2647.772512,0.9999893910562753
2647.892114,0.9999893500567111
2648.011716,0.9999893970562116
2648.131318,0.9999894570555772
2648.25092,0.9999891200591869
2648.370522,0.9999892350579423
2648.490124,0.9999896900531479
2648.609726,0.9999893140570951
2648.729328,0.9999894710554297
2648.84893,0.999989323056999
2648.968532,0.999989323056999
2649.088134,0.9999895670544235
2649.207736,0.9999896830532201
2649.327338,0.9999891470588936
2649.44694,0.9999892780574804
2649.566542,0.99998895106104
2649.686144,0.9999889750607751
2649.805746,0.9999892140581687
2649.925348,0.9999895780543089
2650.04495,0.9999887570632023
2650.164552,0.9999890470599839
2650.284154,0.9999896400536646
2650.403756,0.9999892900573518
2650.523358,0.9999898920510857
2650.64296,0.9999893940562434
2650.762562,0.9999896640534163
2650.882164,0.9999888490621722
2651.001766,0.9999892860573947
2651.121368,0.9999886870639917
2651.24097,0.9999893770564239
2651.360572,0.9999894170559998
2651.480174,0.9999891400589696
2651.599776,0.999989482055314
2651.719378,0.9999892700575662
2651.83898,0.999989196058363
2651.958582,0.9999893580566259
2652.078184,0.9999895230548835
2652.197786,0.9999893250569776
2652.317388,0.9999894960551668
2652.43699,0.9999886900639579
2652.556592,0.9999892900573518
2652.676194,0.9999890120603678
2652.795796,0.9999893000572448
2652.915398,0.9999892970572769
2653.035,0.999989049059962
2653.154602,0.9999896100539759
2653.274204,0.9999894400557566
2653.393806,0.9999896030540486
2653.513408,0.9999892420578671
2653.63301,0.9999889590609516
2653.752612,0.999989103059372
2653.872214,0.9999891110592849
2653.991816,0.9999889930605768
2654.111418,0.9999893110571272
2654.23102,0.9999892330579639
2654.350622,0.9999893330568922
2654.470224,0.9999891540588176
2654.589826,0.9999887860628767
2654.709428,0.9999888580620718
2654.82903,0.9999895540545592
2654.948632,0.9999889130614605
2655.068234,0.9999891380589913
2655.187836,0.9999892600576736
2655.307438,0.9999889570609737
2655.42704,0.9999896920531273
2655.546642,0.9999892420578671
2655.666244,0.9999892790574697
2655.785846,0.9999891330590456
2655.905448,0.999988888061738
2656.02505,0.9999889530610179
2656.144652,0.9999891450589153
2656.264254,0.9999888350623284
2656.383856,0.9999891650586984
2656.503458,0.9999894870552614
2656.62306,0.9999891620587309
2656.742662,0.9999888780618492
2656.862264,0.999988983060687
2656.981866,0.9999889970605328
2657.101468,0.9999892860573947
2657.22107,0.9999888380622949
2657.340672,0.9999889490610621
2657.460274,0.999988656064343
2657.579876,0.999989017060313
2657.699478,0.9999890440600168
2657.81908,0.9999887730630225
2657.938682,0.9999889870606429
2658.058284,0.9999894190559786
2658.177886,0.9999888110625966
2658.297488,0.9999888610620384
2658.41709,0.9999891250591326
2658.536692,0.9999888730619049
2658.656294,0.9999889140614495
2658.775896,0.9999892380579101
2658.895498,0.9999889440611174
2659.0151,0.999988857062083
2659.134702,0.9999888540621165
2659.254304,0.999989301057234
2659.373906,0.9999879910721078
2659.493508,0.9999894310558517
2659.61311,0.9999889570609737
2659.732712,0.9999884970661592
2659.852314,0.9999888490621722
2659.971916,0.9999887590631799
2660.091518,0.9999891780585576
2660.21112,0.9999890950594593
2660.330722,0.9999894110560633
2660.450324,0.9999891580587743
2660.569926,0.9999884390668281
2660.689528,0.9999887420633711
2660.80913,0.9999886170647861
2660.928732,0.999989022060258
2661.048334,0.9999889110614827
2661.167936,0.9999891640587092
2661.287538,0.9999890870595466
2661.40714,0.9999888490621722
2661.526742,0.9999886680642068
2661.646344,0.9999882880685852
2661.765946,0.9999883540678144
2661.885548,0.9999887910628206
2662.00515,0.9999886230647178
2662.124752,0.9999890480599729
2662.244354,0.9999893130571058
2662.363956,0.9999888900617159
2662.483558,0.9999886700641842
2662.60316,0.9999882990684564
2662.722762,0.9999891900584278
2662.842364,0.9999884240670016
2662.961966,0.999988656064343
2663.081568,0.9999885280658032
2663.20117,0.9999885700653222
2663.320772,0.9999887250635626
2663.440374,0.9999883540678144
2663.559976,0.9999889270613055
2663.679578,0.999988731063495
2663.79918,0.9999886080648885
2663.918782,0.9999880870709595
2664.038384,0.9999883220681876
2664.157986,0.9999889890606208
2664.277588,0.9999888980616269
2664.39719,0.9999888270624178
2664.516792,0.9999884910662283
2664.636394,0.9999880300716402
2664.755996,0.9999884950661823
2664.875598,0.9999887750630001
2664.9952,0.9999885890651052
2665.114802,0.9999887150636754
2665.234404,0.9999884560666317
2665.354006,0.9999884020672566
2665.473608,0.9999887360634386
2665.59321,0.9999883200682109
2665.712812,0.999988864062005
2665.832414,0.999988539065677
2665.952016,0.9999887110637206
2666.071618,0.9999884750664125
2666.19122,0.9999885760652536
2666.310822,0.9999889550609958
2666.430424,0.9999888340623395
2666.550026,0.9999883120683044
2666.669628,0.99998895106104
2666.78923,0.999988784062899
2666.908832,0.9999885490655624
2667.028434,0.9999885840651623
2667.148036,0.9999885420656426
2667.267638,0.9999884770663895
2667.38724,0.9999883940673494
2667.506842,0.9999885230658605
2667.626444,0.9999883110683161
2667.746046,0.9999882410691368
2667.865648,0.9999883120683044
2667.98525,0.9999884230670132
2668.104852,0.9999886580643202
2668.224454,0.9999886980638674
2668.344056,0.9999885880651166
2668.463658,0.9999889470610842
2668.58326,0.9999887520632585
2668.702862,0.9999886310646269
2668.822464,0.9999885880651166
2668.942066,0.9999887620631461
2669.061668,0.9999887100637318
2669.18127,0.9999885060660557
2669.300872,0.9999886310646269
2669.420474,0.9999882190693957
2669.540076,0.9999886310646269
2669.659678,0.9999884450667588
2669.77928,0.9999883200682109
2669.898882,0.999988216069431
2670.018484,0.9999888120625854
2670.138086,0.999988482066332
2670.257688,0.9999889710608192
2670.37729,0.9999885780652308
2670.496892,0.9999886880639804
2670.616494,0.9999889470610842
2670.736096,0.9999884790663665
2670.855698,0.9999888320623619
2670.9753,0.9999884450667588
2671.094902,0.999988647064445
2671.214504,0.9999886230647178
2671.334106,0.9999887200636189
2671.453708,0.9999884930662053
2671.57331,0.9999886090648772
2671.692912,0.999988294068515
2671.812514,0.9999888110625966
2671.932116,0.9999887630631349
2672.051718,0.9999882320692426
2672.17132,0.9999883940673494
2672.290922,0.9999882130694664
2672.410524,0.9999885810651965
2672.530126,0.9999890420600387
2672.649728,0.9999890690597432
2672.76933,0.999988413067129
2672.888932,0.9999887000638448
2673.008534,0.999988587065128
2673.128136,0.999988620064752
2673.247738,0.9999885880651166
2673.36734,0.9999890180603019
2673.486942,0.9999886940639126
2673.606544,0.9999883840674655
2673.726146,0.9999888620620273
2673.845748,0.9999883440679309
2673.96535,0.9999885630654022
2674.084952,0.9999887490632923
2674.204554,0.9999884830663204
2674.324156,0.9999883810675003
2674.443758,0.9999890190602909
2674.56336,0.9999886660642295
2674.682962,0.9999893520566897
2674.802564,0.9999884560666317
2674.922166,0.9999891470588936
2675.041768,0.9999882970684798
2675.16137,0.9999884520666779
2675.280972,0.9999884340668859
2675.400574,0.9999888170625295
2675.520176,0.9999891230591543
2675.639778,0.9999893220570096
2675.75938,0.9999888980616269
2675.878982,0.9999890970594375
2675.998584,0.9999888560620941
2676.118186,0.9999884770663895
2676.237788,0.9999885260658261
2676.35739,0.9999888630620162
2676.476992,0.9999889690608412
2676.596594,0.9999885850651509
2676.716196,0.99998869606389
2676.835798,0.9999891950583738
2676.9554,0.999989320057031
2677.075002,0.9999891360590131
2677.194604,0.9999890060604338
2677.314206,0.9999892660576092
2677.433808,0.9999890570598744
2677.55341,0.9999887490632923
2677.673012,0.9999891060593394
2677.792614,0.9999889100614938
2677.912216,0.9999884980661478
2678.031818,0.9999889910605988
2678.15142,0.9999889280612944
2678.271022,0.9999890900595139
2678.390624,0.9999892260580393
2678.510226,0.9999893020572234
2678.629828,0.9999890850595684
2678.74943,0.9999891930583954
2678.869032,0.999988864062005
2678.988634,0.9999890850595684
2679.108236,0.9999890150603349
2679.227838,0.9999890360601045
2679.34744,0.999989347056743
2679.467042,0.9999896860531892
2679.586644,0.9999890300601703
2679.706246,0.9999885560654823
2679.825848,0.9999894490556616
2679.94545,0.999989066059776
2680.065052,0.9999892740575234
2680.184654,0.999989017060313
2680.304256,0.9999888400622726
2680.423858,0.9999890940594702
2680.54346,0.9999893360568602
2680.663062,0.9999890410600496
2680.782664,0.9999891700586442
2680.902266,0.9999892440578455
2681.021868,0.9999889850606649
2681.14147,0.999989420055968
2681.261072,0.9999890730596994
2681.380674,0.999989049059962
2681.500276,0.9999888930616825
2681.619878,0.9999885420656426
2681.73948,0.9999890590598525
2681.859082,0.9999895040550828
2681.978684,0.9999895530545697
2682.098286,0.9999892720575447
2682.217888,0.9999892370579209
2682.33749,0.9999890830595902
2682.457092,0.9999888820618047
2682.576694,0.9999891240591434
2682.696296,0.9999891730586118
2682.815898,0.9999891860584711
2682.9355,0.9999893510567004
2683.055102,0.9999896180538927
2683.174704,0.9999892830574268
2683.294306,0.9999892750575126
2683.413908,0.9999890450600057
2683.53351,0.9999895710543818
2683.653112,0.9999889350612169
2683.772714,0.9999892950572983
2683.892316,0.9999895480546219
2684.011918,0.9999891000594048
2684.13152,0.9999891630587201
2684.251122,0.9999895210549046
2684.370724,0.9999894210559575
2684.490326,0.9999889770607531
2684.609928,0.9999892280580178
2684.72953,0.9999891810585252
2684.849132,0.9999893190570417
2684.968734,0.9999892390578994
2685.088336,0.9999893280569456
2685.207938,0.9999891240591434
2685.32754,0.9999891730586118
2685.447142,0.9999891760585793
2685.566744,0.9999888820618047
2685.686346,0.9999893790564026
2685.805948,0.9999888680619605
2685.92555,0.9999891410589588
2686.045152,0.9999891190591979
2686.164754,0.9999889670608633
2686.284356,0.9999889980605218
2686.403958,0.9999894530556194
2686.52356,0.9999891060593394
2686.643162,0.9999895160549569
2686.762764,0.9999894480556721
2686.882366,0.9999892480578025
2687.001968,0.9999890260602141
2687.12157,0.9999896450536129
2687.241172,0.9999892100582118
2687.360774,0.9999892320579747
2687.480376,0.9999896830532201
2687.599978,0.9999895090550304
2687.71958,0.9999893270569563
2687.839182,0.9999895800542881
2687.958784,0.9999893510567004
2688.078386,0.9999890540599072
2688.197988,0.9999892380579101
2688.31759,0.9999891690586551
2688.437192,0.999989427055894
2688.556794,0.9999894740553982
2688.676396,0.999989250057781
2688.795998,0.9999893280569456
2688.9156,0.9999892340579531
2689.035202,0.9999891230591543
2689.154804,0.9999890160603239
2689.274406,0.9999892720575447
2689.394008,0.9999895410546952
2689.51361,0.999989024060236
2689.633212,0.9999890320601483
2689.752814,0.999989220058104
2689.872416,0.9999893320569029
2689.992018,0.9999888050626637
2690.11162,0.9999899560504408
2690.231222,0.9999892130581794
2690.350824,0.9999889100614938
2690.470426,0.9999889590609516
2690.590028,0.9999892080582334
2690.70963,0.9999891160592305
2690.829232,0.9999892430578563
2690.948834,0.99998998305017
2691.068436,0.999989191058417
2691.188038,0.9999891740586009
2691.30764,0.9999888990616159
2691.427242,0.9999891730586118
2691.546844,0.9999895890541943
2691.666446,0.9999892000583198
2691.786048,0.9999892470578133
2691.90565,0.9999889610609295
2692.025252,0.9999889980605218
2692.144854,0.9999893150570844
2692.264456,0.9999893830563601
2692.384058,0.9999892150581579
2692.50366,0.9999895340547684
2692.623262,0.9999894050561268
2692.742864,0.9999890090604008
2692.862466,0.999989364056562
2692.982068,0.9999891370590022
2693.10167,0.9999893320569029
2693.221272,0.9999897180528596
2693.340874,0.9999894160560103
2693.460476,0.999989180058536
2693.580078,0.9999897510525209
2693.69968,0.9999892080582334
2693.819282,0.9999894050561268
2693.938884,0.9999892540577381
2694.058486,0.9999892280580178
2694.178088,0.9999892350579423
2694.29769,0.9999893590566152
2694.417292,0.9999888940616714
2694.536894,0.9999893580566259
2694.656496,0.9999895360547475
2694.776098,0.9999897460525721
2694.8957,0.9999892380579101
2695.015302,0.9999892040582766
2695.134904,0.9999892710575555
2695.254506,0.9999892140581687
2695.374108,0.9999893650565514
2695.49371,0.9999891490588719
2695.613312,0.9999893270569563
2695.732914,0.9999892180581256
2695.852516,0.9999892080582334
2695.972118,0.9999890250602251
2696.09172,0.999989441055746
2696.211322,0.9999890980594266
2696.330924,0.9999893090571486
2696.450526,0.9999893340568816
2696.570128,0.9999890940594702
2696.68973,0.9999889560609847
2696.809332,0.9999892450578348
2696.928934,0.9999895840542463
2697.048536,0.9999891390589805
2697.168138,0.9999892770574912
2697.28774,0.9999891520588393
2697.407342,0.9999893960562222
2697.526944,0.9999894020561586
2697.646546,0.9999894420557355
2697.766148,0.9999893170570631
2697.88575,0.9999892350579423
2698.005352,0.9999891240591434
2698.124954,0.9999892240580609
2698.244556,0.9999892020582982
2698.364158,0.9999893650565514
2698.48376,0.9999893710564877
2698.603362,0.999989280057459
2698.722964,0.9999892390578994
2698.842566,0.9999893150570844
2698.962168,0.9999896540535197
2699.08177,0.9999895670544235
2699.201372,0.9999892240580609
2699.320974,0.9999894310558517
2699.440576,0.9999890400600606
2699.560178,0.9999893890562964
2699.67978,0.9999895110550093
2699.799382,0.9999892000583198
2699.918984,0.9999890580598635
2700.038586,0.9999894750553876
2700.158188,0.9999892540577381
2700.27779,0.9999892680575877
2700.397392,0.9999895980541006
2700.516994,0.9999891000594048
2700.636596,0.9999892580576951
2700.756198,0.9999896010540694
2700.8758,0.9999891120592741
2700.995402,0.9999893750564451
2701.115004,0.9999892420578671
2701.234606,0.9999887700630562
2701.354208,0.9999889300612722
2701.47381,0.9999891630587201
2701.593412,0.9999889150614384
2701.713014,0.9999887860628767
2701.832616,0.9999894240559257
2701.952218,0.999989287057384
2702.07182,0.9999893860563283
2702.191422,0.9999889930605768
2702.311024,0.9999891370590022
2702.430626,0.9999891280591
2702.550228,0.9999890030604668
2702.66983,0.999989143058937
2702.789432,0.9999892480578025
2702.909034,0.9999889950605548
2703.028636,0.9999893520566897
2703.148238,0.9999891150592414
2703.26784,0.999989585054236
2703.387442,0.9999892760575019
2703.507044,0.9999892860573947
2703.626646,0.9999893330568922
2703.746248,0.9999891860584711
2703.86585,0.999989196058363
2703.985452,0.9999893710564877
2704.105054,0.9999896650534059
2704.224656,0.9999893420567962
2704.344258,0.9999893860563283
2704.46386,0.999989229058007
2704.583462,0.9999891100592958
2704.703064,0.9999893190570417
2704.822666,0.9999895800542881
2704.942268,0.999989522054894
2705.06187,0.9999893190570417
2705.181472,0.9999888540621165
2705.301074,0.9999892550577273
2705.420676,0.9999890820596011
2705.540278,0.9999896790532613
2705.65988,0.9999897040530036
2705.779482,0.9999895860542255
2705.899084,0.9999893110571272
2706.018686,0.9999893380568389
2706.138288,0.9999894310558517
2706.25789,0.999989201058309
2706.377492,0.9999890750596776
2706.497094,0.999988920061383
2706.616696,0.9999891760585793
2706.736298,0.9999893180570524
2706.8559,0.9999893080571592
2706.975502,0.9999894780553561
2707.095104,0.9999892440578455
2707.214706,0.9999893360568602
2707.334308,0.9999895280548312
2707.45391,0.9999889960605438
2707.573512,0.999989102059383
2707.693114,0.9999890930594811
2707.812716,0.9999895330547789
2707.932318,0.9999891130592632
2708.05192,0.9999891130592632
2708.171522,0.9999891560587959
2708.291124,0.9999891870584603
2708.410726,0.9999894880552509
2708.530328,0.9999890130603568
2708.64993,0.999989150058861
2708.769532,0.9999895670544235
2708.889134,0.9999894370557882
2709.008736,0.999989557054528
2709.128338,0.9999892590576843
2709.24794,0.999989103059372
2709.367542,0.999989150058861
2709.487144,0.9999888700619383
2709.606746,0.9999890020604778
2709.726348,0.9999892080582334
2709.84595,0.999989403056148
2709.965552,0.9999891470588936
2710.085154,0.999989220058104
2710.204756,0.9999888160625406
2710.324358,0.9999890820596011
2710.44396,0.9999892050582658
2710.563562,0.9999889930605768
2710.683164,0.9999888770618603
2710.802766,0.999988950061051
2710.922368,0.9999890650597869
2711.04197,0.9999890560598853
2711.161572,0.9999892120581902
2711.281174,0.9999889700608302
2711.400776,0.999989092059492
2711.520378,0.9999889890606208
2711.63998,0.9999893370568496
2711.759582,0.999989364056562
2711.879184,0.9999885950650368
2711.998786,0.9999893390568283
2712.118388,0.999988909061505
2712.23799,0.9999893270569563
2712.357592,0.9999893370568496
2712.477194,0.9999893300569243
2712.596796,0.9999892910573411
2712.716398,0.9999892040582766
2712.836,0.9999893500567111
2712.955602,0.9999891700586442
2713.075204,0.9999895030550933
2713.194806,0.9999890530599181
2713.314408,0.9999895110550093
2713.43401,0.9999885840651623
2713.553612,0.9999886250646951
2713.673214,0.9999888850617714
2713.792816,0.9999886230647178
2713.912418,0.999989191058417
2714.03202,0.9999888060626526
2714.151622,0.999989427055894
2714.271224,0.9999891240591434
2714.390826,0.9999889580609627
2714.510428,0.9999888530621276
2714.63003,0.9999891390589805
2714.749632,0.9999889160614273
2714.869234,0.999989320057031
2714.988836,0.9999890080604118
2715.108438,0.9999891150592414
2715.22804,0.9999894380557778
2715.347642,0.9999888830617936
2715.467244,0.9999896440536232
2715.586846,0.9999890350601154
2715.706448,0.9999891520588393
2715.82605,0.9999889260613165
2715.945652,0.9999890270602031
2716.065254,0.9999890000604997
2716.184856,0.9999888810618158
2716.304458,0.9999891570587851
2716.42406,0.9999891060593394
2716.543662,0.9999889320612501
2716.663264,0.9999889680608522
2716.782866,0.9999890340601264
2716.902468,0.9999891320590565
2717.02207,0.9999891720586226
2717.141672,0.9999894710554297
2717.261274,0.9999888760618715
2717.380876,0.9999892250580501
2717.500478,0.9999893260569669
2717.62008,0.9999890190602909
2717.739682,0.9999891250591326
2717.859284,0.9999887540632361
2717.978886,0.999989294057309
2718.098488,0.9999894650554929
2718.21809,0.9999889230613498
2718.337692,0.9999889970605328
2718.457294,0.9999888190625071
2718.576896,0.9999886690641956
2718.696498,0.9999889070615271
2718.8161,0.9999892180581256
2718.935702,0.9999890330601373
2719.055304,0.9999890420600387
2719.174906,0.999989220058104
2719.294508,0.9999888730619049
2719.41411,0.9999891730586118
2719.533712,0.9999894590555561
2719.653314,0.9999891320590565
2719.772916,0.9999887660631012
2719.892518,0.9999890150603349
2720.01212,0.9999886900639579
2720.131722,0.999989024060236
2720.251324,0.9999890260602141
2720.370926,0.999988981060709
2720.490528,0.9999895970541111
2720.61013,0.9999886910639465
2720.729732,0.9999886290646496
2720.849334,0.9999888580620718
2720.968936,0.9999895170549464
2721.088538,0.9999889720608082
2721.20814,0.9999888740618937
2721.327742,0.9999893340568816
2721.447344,0.9999891060593394
2721.566946,0.9999893080571592
2721.686548,0.9999884300669322
2721.80615,0.999988771063045
2721.925752,0.9999890290601812
2722.045354,0.9999888210624848
2722.164956,0.9999889710608192
2722.284558,0.9999892430578563
2722.40416,0.9999891540588176
2722.523762,0.9999888380622949
2722.643364,0.9999891860584711
2722.762966,0.9999889590609516
2722.882568,0.9999890740596885
2723.00217,0.999989021060269
2723.121772,0.9999891120592741
2723.241374,0.9999889850606649
2723.360976,0.9999892680575877
2723.480578,0.9999887850628879
2723.60018,0.9999889030615715
2723.719782,0.9999890050604447
2723.839384,0.999988706063777
2723.958986,0.9999888680619605
2724.078588,0.9999884830663204
2724.19819,0.9999887740630113
2724.317792,0.9999890770596558
2724.437394,0.9999892830574268
2724.556996,0.9999889210613719
2724.676598,0.9999887770629776
2724.7962,0.9999885510655395
2724.915802,0.9999890760596667
2725.035404,0.9999889160614273
2725.155006,0.9999888230624624
2725.274608,0.9999888190625071
2725.39421,0.9999887640631236
2725.513812,0.9999888020626974
2725.633414,0.9999888930616825
2725.753016,0.999988981060709
2725.872618,0.9999890100603899
2725.99222,0.9999891000594048
2726.111822,0.9999888820618047
2726.231424,0.9999890720597103
2726.351026,0.9999892280580178
2726.470628,0.9999891590587634
2726.59023,0.999989050059951
2726.709832,0.9999889920605878
2726.829434,0.9999886980638674
2726.949036,0.9999885190659065
2727.068638,0.9999891080593176
2727.18824,0.9999890560598853
2727.307842,0.9999890710597213
2727.427444,0.9999887770629776
2727.547046,0.9999885940650481
2727.666648,0.9999888290623954
2727.78625,0.9999885740652765
2727.905852,0.9999890900595139
2728.025454,0.9999884740664241
2728.145056,0.999988857062083
2728.264658,0.999988888061738
2728.38426,0.9999885620654136
2728.503862,0.9999891370590022
2728.623464,0.9999887440633485
2728.743066,0.9999886310646269
2728.862668,0.9999884390668281
2728.98227,0.9999887880628542
2729.101872,0.9999890470599839
2729.221474,0.9999890960594484
2729.341076,0.9999887640631236
2729.460678,0.9999887120637092
2729.58028,0.9999889590609516
2729.699882,0.9999889240613387
2729.819484,0.9999887680630787
2729.939086,0.9999885470655854
2730.058688,0.999989081059612
2730.17829,0.9999886180647747
2730.297892,0.9999882550689723
2730.417494,0.9999888540621165
2730.537096,0.999988857062083
2730.656698,0.9999891130592632
2730.7763,0.9999887700630562
2730.895902,0.999988837062306
2731.015504,0.999988656064343
2731.135106,0.9999885400656655
2731.254708,0.9999890470599839
2731.37431,0.9999886150648089
2731.493912,0.9999889310612612
2731.613514,0.9999888780618492
2731.733116,0.9999890540599072
2731.852718,0.999988738063416
2731.97232,0.9999885710653108
2732.091922,0.9999889020615825
2732.211524,0.999989092059492
2732.331126,0.9999883820674887
2732.450728,0.9999890100603899
2732.57033,0.9999885750652651
2732.689932,0.9999891040593611
2732.809534,0.9999888320623619
2732.929136,0.99998872706354
2733.048738,0.9999887070637656
2733.16834,0.999988820062496
2733.287942,0.9999886850640144
2733.407544,0.9999886720641615
2733.527146,0.9999884450667588
2733.646748,0.9999887200636189
2733.76635,0.9999889060615382
2733.885952,0.9999886220647292
2734.005554,0.9999886920639351
2734.125156,0.9999885950650368
2734.244758,0.9999887620631461
2734.36436,0.9999890100603899
2734.483962,0.9999885380656884
2734.603564,0.9999885090660213
2734.723166,0.9999883400679775
2734.842768,0.9999889850606649
2734.96237,0.9999887470633148
2735.081972,0.9999884290669437
2735.201574,0.9999887240635739
2735.321176,0.9999885040660788
2735.440778,0.9999889060615382
2735.56038,0.9999886940639126
2735.679982,0.9999888250624401
2735.799584,0.9999888330623508
2735.919186,0.9999887820629215
2736.038788,0.9999888590620607
2736.15839,0.9999889190613941
2736.277992,0.9999886710641729
2736.397594,0.9999884040672333
2736.517196,0.9999885060660557
2736.636798,0.9999884120671406
2736.7564,0.9999884190670595
2736.876002,0.9999885950650368
2736.995604,0.9999883650676864
2737.115206,0.9999890110603789
2737.234808,0.9999889110614827
2737.35441,0.9999885310657687
2737.474012,0.999988441066805
2737.593614,0.9999886630642636
2737.713216,0.9999888710619271
2737.832818,0.9999887600631686
2737.95242,0.9999886770641049
2738.072022,0.9999888030626861
2738.191624,0.9999884190670595
2738.311226,0.9999882810686672
2738.430828,0.9999888170625295
2738.55043,0.9999887690630674
2738.670032,0.9999890250602251
2738.789634,0.9999885830651737
2738.909236,0.9999886060649114
2739.028838,0.9999890290601812
2739.14844,0.9999887330634724
2739.268042,0.999988857062083
2739.387644,0.9999890180603019
2739.507246,0.9999882750687376
2739.626848,0.9999888940616714
2739.74645,0.999988789062843
2739.866052,0.9999887360634386
2739.985654,0.9999884680664932
2740.105256,0.999988620064752
2740.224858,0.999988789062843
2740.34446,0.9999884380668397
2740.464062,0.9999889590609516
2740.583664,0.9999887730630225
2740.703266,0.9999885360657114
2740.822868,0.9999888360623173
2740.94247,0.9999885640653908
2741.062072,0.999988699063856
2741.181674,0.9999891670586767
2741.301276,0.9999889990605108
2741.420878,0.9999883690676398
2741.54048,0.9999886290646496
2741.660082,0.9999880610712696
2741.779684,0.999988559065448
2741.899286,0.9999883660676747
2742.018888,0.9999884900662398
2742.13849,0.9999887290635174
2742.258092,0.9999886080648885
2742.377694,0.9999887110637206
2742.497296,0.9999887360634386
2742.616898,0.9999886210647406
2742.7365,0.999988814062563
2742.856102,0.9999886570643316
2742.975704,0.9999885010661133
2743.095306,0.9999882220693603
2743.214908,0.9999884700664702
2743.33451,0.9999887610631574
2743.454112,0.9999885930650596
2743.573714,0.9999883920673726
2743.693316,0.9999884070671986
2743.812918,0.9999883350680359
2743.93252,0.9999885130659754
2744.052122,0.9999886220647292
2744.171724,0.9999886950639013
2744.291326,0.9999886660642295
2744.410928,0.9999887010638334
2744.53053,0.9999888070626414
2744.650132,0.9999884870662743
2744.769734,0.9999887150636754
2744.889336,0.9999888390622838
2745.008938,0.9999880710711503
2745.12854,0.9999885610654251
2745.248142,0.9999882440691015
2745.367744,0.9999882420691251
2745.487346,0.9999878650736288
2745.606948,0.9999884240670016
2745.72655,0.999988857062083
2745.846152,0.9999887390634048
2745.965754,0.9999886160647975
2746.085356,0.9999882800686789
2746.204958,0.9999882780687024
2746.32456,0.9999883250681525
2746.444162,0.9999887330634724
2746.563764,0.9999888460622056
2746.683366,0.9999888210624848
2746.802968,0.999988238069172
2746.92257,0.9999882400691485
2747.042172,0.9999884890662513
2747.161774,0.9999884400668165
2747.281376,0.999988522065872
2747.400978,0.9999882170694193
2747.52058,0.999988580065208
2747.640182,0.9999882440691015
2747.759784,0.9999881740699269
2747.879386,0.9999882590689253
2747.998988,0.9999884380668397
2748.11859,0.9999885100660098
2748.238192,0.9999887300635062
2748.357794,0.9999884870662743
2748.477396,0.9999885860651394
2748.596998,0.999988398067303
2748.7166,0.9999883040683979
2748.836202,0.9999880660712099
2748.955804,0.9999890760596667
2749.075406,0.9999886090648772
2749.195008,0.9999886330646041
2749.31461,0.9999882770687141
2749.434212,0.9999883030684097
2749.553814,0.9999881660700215
2749.673416,0.9999883760675584
2749.793018,0.9999883190682226
2749.91262,0.9999885660653679
2750.032222,0.9999884640665394
2750.151824,0.9999884520666779
2750.271426,0.9999881580701162
2750.391028,0.9999884050672218
2750.51063,0.9999883800675119
2750.630232,0.999988254068984
2750.749834,0.9999886590643089
2750.869436,0.9999887070637656
2750.989038,0.9999880560713292
2751.10864,0.999988393067361
2751.228242,0.9999880250717
2751.347844,0.9999881140706383
2751.467446,0.9999883220681876
2751.587048,0.9999882090695136
2751.70665,0.9999880320716162
2751.826252,0.9999881420703058
2751.945854,0.999988699063856
2752.065456,0.9999888290623954
2752.185058,0.9999886760641162
2752.30466,0.9999883280681175
2752.424262,0.9999885710653108
2752.543864,0.9999883940673494
2752.663466,0.99998826206889
2752.783068,0.9999887560632136
2752.90267,0.9999887430633598
2753.022272,0.9999878040743709
2753.141874,0.9999884200670479
2753.261476,0.999987857073726
2753.381078,0.999988350067861
2753.50068,0.9999884900662398
2753.620282,0.9999885470655854
2753.739884,0.9999884950661823
2753.859486,0.9999881530701754
2753.979088,0.9999882800686789
2754.09869,0.9999885160659409
2754.218292,0.9999882150694428
2754.337894,0.9999886380645473
2754.457496,0.9999882610689018
2754.577098,0.9999888070626414
2754.6967,0.9999879550725407
2754.816302,0.9999883200682109
2754.935904,0.9999885110659983
2755.055506,0.9999882490690427
2755.175108,0.9999885940650481
2755.29471,0.9999881290704601
2755.414312,0.9999883740675817
2755.533914,0.9999884550666432
2755.653516,0.9999883970673146
2755.773118,0.9999884750664125
2755.89272,0.9999880890709357
2756.012322,0.9999886070649
2756.131924,0.999987831074042
2756.251526,0.9999880320716162
2756.371128,0.9999876680760388
2756.49073,0.9999883050683862
2756.610332,0.9999883720676049
2756.729934,0.9999882800686789
2756.849536,0.9999882890685735
2756.969138,0.999988238069172
2757.08874,0.9999879990720117
2757.208342,0.9999880480714248
2757.327944,0.9999881460702584
2757.447546,0.9999885290657917
2757.567148,0.9999881840698086
2757.68675,0.9999881680699978
2757.806352,0.999988206069549
2757.925954,0.9999880310716281
2758.045556,0.9999884460667472
2758.165158,0.9999880570713173
2758.28476,0.9999881510701991
2758.404362,0.9999882760687259
2758.523964,0.9999880360715684
2758.643566,0.9999877570749452
2758.763168,0.9999883050683862
2758.88277,0.9999878760734954
2759.002372,0.9999877960744685
2759.121974,0.9999881530701754
2759.241576,0.9999883200682109
2759.361178,0.9999882670688314
2759.48078,0.9999885520655281
2759.600382,0.999988539065677
2759.719984,0.9999884900662398
2759.839586,0.9999879580725046
2759.959188,0.9999878260741029
2760.07879,0.9999877410751412
2760.198392,0.999988068071186
2760.317994,0.9999885730652879
2760.437596,0.9999879160730112
2760.557198,0.9999880800710429
2760.6768,0.9999879620724564
2760.796402,0.9999879850721798
2760.916004,0.9999881080707096
2761.035606,0.9999886400645246
2761.155208,0.9999879010731926
2761.27481,0.9999880930708881
2761.394412,0.9999879750723
2761.514014,0.9999878410739204
2761.633616,0.9999881650700333
2761.753218,0.9999881550701517
2761.87282,0.9999885140659639
2761.992422,0.9999882660688431
2762.112024,0.9999876080767806
2762.231626,0.9999880990708166
2762.351228,0.9999875830770907
2762.47083,0.9999879840721918
2762.590432,0.9999880010719877
2762.710034,0.9999884460667472
2762.829636,0.9999882300692662
2762.949238,0.9999879640724324
2763.06884,0.9999880540713532
2763.188442,0.9999882670688314
2763.308044,0.9999883330680592
2763.427646,0.9999884060672102
2763.547248,0.9999880150718198
2763.66685,0.9999882200693839
2763.786452,0.9999880240717121
2763.906054,0.9999879870721557
2764.025656,0.9999880820710191
2764.145258,0.9999878560737381
2764.26486,0.9999883200682109
2764.384462,0.9999882000696197
2764.504064,0.9999876450763227
2764.623666,0.999988023071724
2764.743268,0.9999880990708166
2764.86287,0.9999881040707571
2764.982472,0.9999882880685852
2765.102074,0.9999877950744807
2765.221676,0.999988136070377
2765.341278,0.999987932072818
2765.46088,0.9999883000684447
2765.580482,0.9999883000684447
2765.700084,0.9999885300657801
2765.819686,0.9999878770734832
2765.939288,0.9999880580713054
2766.05889,0.9999879790722519
2766.178492,0.9999880890709357
2766.298094,0.9999882780687024
2766.417696,0.99998762507657
2766.537298,0.9999880890709357
2766.6569,0.9999881400703295
2766.776502,0.9999882480690545
2766.896104,0.9999882140694546
2767.015706,0.9999880660712099
2767.135308,0.9999882780687024
2767.25491,0.9999880430714846
2767.374512,0.9999883920673726
2767.494114,0.9999882000696197
2767.613716,0.9999881150706263
2767.733318,0.9999878520737866
2767.85292,0.9999878420739082
2767.972522,0.999988367067663
2768.092124,0.999988136070377
2768.211726,0.9999878800734469
2768.331328,0.9999877530749942
2768.45093,0.9999880940708762
2768.570532,0.9999880860709714
2768.690134,0.999987871073556
2768.809736,0.9999881930697023
2768.929338,0.9999885070660443
2769.04894,0.999987948072625
2769.168542,0.9999884260669785
2769.288144,0.9999879160730112
2769.407746,0.9999878480738352
2769.527348,0.9999881560701399
2769.64695,0.9999882690688079
2769.766552,0.9999881770698914
2769.886154,0.9999882860686087
2770.005756,0.9999879530725648
2770.125358,0.9999877360752025
2770.24496,0.9999879920720958
2770.364562,0.9999876890757801
2770.484164,0.9999881600700925
2770.603766,0.9999882000696197
2770.723368,0.999987948072625
2770.84297,0.9999879430726853
2770.962572,0.9999883810675003
2771.082174,0.9999878160742246
2771.201776,0.9999877630748718
2771.321378,0.9999880340715923
2771.44098,0.9999876700760142
2771.560582,0.9999879790722519
2771.680184,0.9999879770722759
2771.799786,0.9999879380727457
2771.919388,0.9999881380703532
2772.03899,0.9999876540762116
2772.158592,0.9999883150682694
2772.278194,0.9999879230729267
2772.397796,0.9999880780710667
2772.517398,0.9999877220753743
2772.637,0.9999880190717719
2772.756602,0.9999884710664587
2772.876204,0.9999880640712338
2772.995806,0.9999875580774014
2773.115408,0.999988250069031
2773.23501,0.9999877400751535
2773.354612,0.9999880200717599
2773.474214,0.9999877140754726
2773.593816,0.9999878290740664
2773.713418,0.9999881000708047
2773.83302,0.9999880010719877
2773.952622,0.9999881400703295
2774.072224,0.9999875550774386
2774.191826,0.9999873700797581
2774.311428,0.9999875750771899
2774.43103,0.9999875730772149
2774.550632,0.999987709075534
2774.670234,0.999988559065448
2774.789836,0.9999880590712935
2774.909438,0.9999879880721437
2775.02904,0.9999881660700215
2775.148642,0.9999879660724083
2775.268244,0.9999876350764463
2775.387846,0.999987599076892
2775.507448,0.9999884350668744
2775.62705,0.9999877370751903
2775.746652,0.9999875710772397
2775.866254,0.9999879150730233
2775.985856,0.9999881290704601
2776.105458,0.9999879600724805
2776.22506,0.9999880840709953
2776.344662,0.9999879300728421
2776.464264,0.9999877190754112
2776.583866,0.9999874110792412
2776.703468,0.9999877180754234
2776.82307,0.9999879600724805
2776.942672,0.9999881800698559
2777.062274,0.9999874610786129
2777.181876,0.9999877100755218
2777.301478,0.9999876460763103
2777.42108,0.9999877770747005
2777.540682,0.9999881920697141
2777.660284,0.999988081071031
2777.779886,0.9999881250705075
2777.899488,0.999987933072806
2778.01909,0.9999875620773516
2778.138692,0.9999876670760511
2778.258294,0.9999876080767806
2778.377896,0.9999881790698677
2778.497498,0.9999881520701873
2778.6171,0.9999879840721918
2778.736702,0.9999875230778374
2778.856304,0.9999874200791279
2778.975906,0.999987441078864
2779.095508,0.9999880650712218
2779.21511,0.9999876220766071
2779.334712,0.999987857073726
2779.454314,0.9999874570786631
2779.573916,0.9999878780734711
2779.693518,0.9999869290854252
2779.81312,0.9999872950807082
2779.932722,0.9999874340789519
2780.052324,0.9999879100730837
2780.171926,0.9999878480738352
2780.291528,0.9999876100767557
2780.41113,0.9999877270753129
2780.530732,0.9999875560774263
2780.650334,0.9999877720747616
2780.769936,0.9999879590724926
2780.889538,0.9999878450738717
2781.00914,0.9999880760710906
2781.128742,0.9999879030731684
2781.248344,0.9999876220766071
2781.367946,0.9999878200741759
2781.487548,0.9999877120754972
2781.60715,0.9999878860733742
2781.726752,0.9999874450788137
2781.846354,0.9999879420726974
2781.965956,0.9999878390739446
2782.085558,0.9999875760771776
2782.20516,0.9999878300740541
2782.324762,0.9999881920697141
2782.444364,0.9999877630748718
2782.563966,0.999987814074249
2782.683568,0.9999875950769417
2782.80317,0.999987425079065
2782.922772,0.9999878450738717
2783.042374,0.9999875160779248
2783.161976,0.9999874490787635
2783.281578,0.9999872640811025
2783.40118,0.9999872460813319
2783.520782,0.9999877370751903
2783.640384,0.9999873340802135
2783.759986,0.9999874660785503
2783.879588,0.9999872570811916
2783.99919,0.9999872490812937
2784.118792,0.9999878240741272
2784.238394,0.9999872200816639
2784.357996,0.9999875860770534
2784.477598,0.9999874430788388
2784.5972,0.9999876300765081
2784.716802,0.9999873910794931
2784.836404,0.999987837073969
2784.956006,0.9999875660773019
2785.075608,0.9999872940807208
2785.19521,0.9999878390739446
2785.314812,0.9999872370814468
2785.434414,0.9999876560761869
2785.554016,0.9999874650785627
2785.673618,0.9999872720810007
2785.79322,0.9999875940769541
2785.912822,0.9999877190754112
2786.032424,0.999987266081077
2786.152026,0.9999874200791279
2786.271628,0.9999873230803529
2786.39123,0.9999873970794174
2786.510832,0.9999876980756693
2786.630434,0.9999881390703413
2786.750036,0.9999873200803908
2786.869638,0.999987353079973
2786.98924,0.9999874930782122
2787.108842,0.9999877480750554
2787.228444,0.9999875540774511
2787.348046,0.9999872170817022
2787.467648,0.9999877410751412
2787.58725,0.9999876450763227
2787.706852,0.9999881180705907
2787.826454,0.9999875620773516
2787.946056,0.9999871960819708
2788.065658,0.9999877800746639
2788.18526,0.9999878240741272
2788.304862,0.9999877360752025
2788.424464,0.9999876960756939
2788.544066,0.9999876730759771
2788.663668,0.9999870970832433
2788.78327,0.9999873370801754
2788.902872,0.999987644076335
2789.022474,0.9999873520799856
2789.142076,0.9999873820796066
2789.261678,0.9999873920794805
2789.38128,0.9999874280790273
2789.500882,0.9999877370751903
2789.620484,0.999987238081434
2789.740086,0.9999873380801628
2789.859688,0.9999872800808989
2789.97929,0.9999875300777501
2790.098892,0.9999874440788262
2790.218494,0.999987837073969
2790.338096,0.9999874450788137
2790.457698,0.9999874260790524
2790.5773,0.999987850073811
2790.696902,0.9999876190766442
2790.816504,0.9999874160791782
2790.936106,0.9999873820796066
2791.055708,0.9999876310764958
2791.17531,0.9999877950744807
2791.294912,0.9999874680785252
2791.414514,0.9999876980756693
2791.534116,0.9999876480762856
2791.653718,0.999987103083166
2791.77332,0.9999873740797076
2791.892922,0.9999873680797834
2792.012524,0.9999875440775756
2792.132126,0.9999872390814212
2792.251728,0.9999873040805939
2792.37133,0.9999873140804669
2792.490932,0.9999875870770409
2792.610534,0.9999874710784876
2792.730136,0.9999875640773267
2792.849738,0.9999875880770286
2792.96934,0.9999871320827923
2793.088942,0.9999873970794174
2793.208544,0.999987406079304
2793.328146,0.9999872890807844
2793.447748,0.9999871530825224
2793.56735,0.9999871190829597
2793.686952,0.9999873250803275
2793.806554,0.999987308080543
2793.926156,0.9999871180829726
2794.045758,0.9999871330827795
2794.16536,0.999987425079065
2794.284962,0.9999874930782122
2794.404564,0.9999869760848119
2794.524166,0.9999871920820221
2794.643768,0.9999872780809242
2794.76337,0.9999872320815105
2794.882972,0.9999874170791656
2795.002574,0.9999874700785001
2795.122176,0.999987599076892
2795.241778,0.9999875360776753
2795.36138,0.9999875660773019
2795.480982,0.9999873910794931
2795.600584,0.9999872190816766
2795.720186,0.9999875310777376
2795.839788,0.9999876770759278
2795.95939,0.9999870570837602
2796.078992,0.9999872700810261
2796.198594,0.999987308080543
2796.318196,0.9999872080818173
2796.437798,0.9999873510799983
2796.5574,0.9999873960794301
2796.677002,0.9999872190816766
2796.796604,0.9999870770835017
2796.916206,0.9999871350827537
2797.035808,0.9999872700810261
2797.15541,0.9999871690823169
2797.275012,0.9999871050831401
2797.394614,0.9999874380789016
2797.514216,0.9999874680785252
2797.633818,0.9999873680797834
2797.75342,0.9999871890820605
2797.873022,0.999987028084136
2797.992624,0.9999870830834241
2798.112226,0.9999868400865924
2798.231828,0.9999872680810515
2798.35143,0.9999868590863425
2798.471032,0.9999869660849422
2798.590634,0.9999869630849814
2798.710236,0.9999870110843567
2798.829838,0.9999867250881124
2798.94944,0.9999872740809752
2799.069042,0.9999874400788765
2799.188644,0.9999867190881921
2799.308246,0.9999869840847078
2799.427848,0.9999872850808352
2799.54745,0.9999871610824196
2799.667052,0.9999877470750677
2799.786654,0.9999872090818045
2799.906256,0.9999872860808225
2800.025858,0.9999876050768177
2800.14546,0.9999872190816766
2800.265062,0.9999873760796824
2800.384664,0.9999872830808607
2800.504266,0.999987262081128
2800.623868,0.9999868640862769
2800.74347,0.9999869880846557
2800.863072,0.9999871600824325
2800.982674,0.9999870920833078
2801.102276,0.9999866790887241
2801.221878,0.9999872990806573
2801.34148,0.9999873270803021
2801.461082,0.9999873610798719
2801.580684,0.999987069083605
2801.700286,0.9999872230816255
2801.819888,0.9999871550824967
2801.93949,0.9999872670810643
2802.059092,0.9999876030768425
2802.178694,0.9999869590850334
2802.298296,0.9999869250854775
2802.417898,0.9999868930858964
2802.5375,0.9999868570863688
2802.657102,0.9999869740848379
2802.776704,0.9999872260815872
2802.896306,0.9999875350776878
2803.015908,0.9999876400763845
2803.13551,0.9999872030818813
2803.255112,0.9999872140817405
2803.374714,0.9999867380879399
2803.494316,0.9999871220829211
2803.613918,0.9999872670810643
2803.73352,0.9999870110843567
2803.853122,0.9999865060910436
2803.972724,0.9999870510838379
2804.092326,0.9999867540877279
2804.211928,0.9999866620889507
2804.33153,0.9999871840821246
2804.451132,0.9999872150817277
2804.570734,0.9999871510825481
2804.690336,0.9999872610811407
2804.809938,0.9999871820821502
2804.92954,0.9999871890820605
2805.049142,0.9999869770847989
2805.168744,0.9999870180842658
2805.288346,0.9999869360853336
2805.407948,0.9999869390852945
2805.52755,0.9999870390839934
2805.647152,0.9999868320866977
2805.766754,0.9999870620836956
2805.886356,0.9999866520890841
2806.005958,0.9999864670915707
2806.12556,0.9999871150830113
2806.245162,0.9999869450852161
2806.364764,0.9999869950845647
2806.484366,0.9999869250854775
2806.603968,0.9999869380853076
2806.72357,0.9999871500825609
2806.843172,0.9999871310828052
2806.962774,0.9999869530851118
2807.082376,0.9999867740874632
2807.201978,0.9999871120830499
2807.32158,0.9999869530851118
2807.441182,0.9999871790821887
2807.560784,0.9999865330906796
2807.680386,0.9999869050857392
2807.799988,0.9999871630823939
2807.91959,0.9999869080856999
2808.039192,0.9999869580850466
2808.158794,0.9999867520877543
2808.278396,0.9999872210816511
2808.397998,0.9999872440813574
2808.5176,0.9999870670836308
2808.637202,0.9999865870899539
2808.756804,0.9999870720835662
2808.876406,0.9999870220842139
2808.996008,0.9999867540877279
2809.11561,0.9999870400839804
2809.235212,0.9999871150830113
2809.354814,0.9999865850899807
2809.474416,0.9999868260867768
2809.594018,0.9999868980858309
2809.71362,0.999986819086869
2809.833222,0.999986766087569
2809.952824,0.9999870200842398
2810.072426,0.9999869150856082
2810.192028,0.9999865250907874
2810.31163,0.9999872480813065
2810.431232,0.9999868990858177
2810.550834,0.999986766087569
2810.670436,0.9999871100830757
2810.790038,0.9999872250816
2810.90964,0.9999873230803529
2811.029242,0.9999865330906796
2811.148844,0.9999870910833207
2811.268446,0.9999870580837473
2811.388048,0.9999870250841749
2811.50765,0.9999868550863952
2811.627252,0.9999870390839934
2811.746854,0.9999864780914218
2811.866456,0.9999866420892177
2811.986058,0.9999865270907604
2812.10566,0.9999866520890841
2812.225262,0.9999865790900612
2812.344864,0.9999868640862769
2812.464466,0.9999872610811407
2812.584068,0.9999868100869876
2812.70367,0.9999864080923708
2812.823272,0.9999864340920178
2812.942874,0.9999866370892845
2813.062476,0.9999866730888041
2813.182078,0.9999869290854252
2813.30168,0.9999867530877411
2813.421282,0.9999868410865793
2813.540884,0.9999866190895251
2813.660486,0.9999868290867372
2813.780088,0.9999868830860275
2813.89969,0.9999870640836697
2814.019292,0.9999867690875293
2814.138894,0.9999869180855689
2814.258496,0.999986948085177
2814.378098,0.9999868660862506
2814.4977,0.9999870440839286
2814.617302,0.9999872100817917
2814.736904,0.9999867040883914
2814.856506,0.9999865600903164
2814.976108,0.9999864830913542
2815.09571,0.9999868730861586
2815.215312,0.9999869740848379
2815.334914,0.9999868380866187
2815.454516,0.9999867110882984
2815.574118,0.9999868050870536
2815.69372,0.999986430092072
2815.813322,0.9999866400892444
2815.932924,0.9999865180908818
2816.052526,0.9999860270976219
2816.172128,0.9999864660915841
2816.29173,0.9999866670888841
2816.411332,0.9999869320853859
2816.530934,0.9999866990884579
2816.650536,0.9999867310880328
2816.770138,0.9999863820927245
2816.88974,0.9999867110882984
2817.009342,0.9999865960898332
2817.128944,0.9999864630916248
2817.248546,0.9999867590876617
2817.368148,0.999986230094806
2817.48775,0.999986356093079
2817.607352,0.9999869740848379
2817.726954,0.9999870730835533
2817.846556,0.9999867570876881
2817.966158,0.9999866230894716
2818.08576,0.9999864030924388
2818.205362,0.9999863300934341
2818.324964,0.9999866290893914
2818.444566,0.999986702088418
2818.564168,0.9999866250894449
2818.68377,0.9999868110869745
2818.803372,0.999986973084851
2818.922974,0.9999862960938993
2819.042576,0.999986336093352
2819.162178,0.9999866510890975
2819.28178,0.999986430092072
2819.401382,0.9999866120896189
2819.520984,0.9999863570930653
2819.640586,0.9999865040910706
2819.760188,0.99998653009072
2819.87979,0.9999865780900746
2819.999392,0.9999863550930926
2820.118994,0.999986457091706
2820.238596,0.9999864500918009
2820.358198,0.9999866100896456
2820.4778,0.9999865360906393
2820.597402,0.9999866870886176
2820.717004,0.9999865100909896
2820.836606,0.9999861750955649
2820.956208,0.9999862180949713
2821.07581,0.9999864910912462
2821.195412,0.9999863920925884
2821.315014,0.9999868040870669
2821.434616,0.9999866220894851
2821.554218,0.9999867190881921
2821.67382,0.9999860790968966
2821.793422,0.9999866360892978
2821.913024,0.9999862930939405
2822.032626,0.9999861550958415
2822.152228,0.9999861350961187
2822.27183,0.9999869540850986
2822.391432,0.9999863380933247
2822.511034,0.9999864480918279
2822.630636,0.9999860420974124
2822.750238,0.9999867990871328
2822.86984,0.9999865210908413
2822.989442,0.9999866050897126
2823.109044,0.9999865710901686
2823.228646,0.9999866780887374
2823.348248,0.9999865050910571
2823.46785,0.9999866590889908
2823.587452,0.9999864890912732
2823.707054,0.9999864900912596
2823.826656,0.9999864870913002
2823.946258,0.9999861420960217
2824.06586,0.9999860940966879
2824.185462,0.9999861630957309
2824.305064,0.9999868250867899
2824.424666,0.9999862870940227
2824.544268,0.9999863230935297
2824.66387,0.9999867030884048
2824.783472,0.9999857331017732
2824.903074,0.9999862390946821
2825.022676,0.9999863250935024
2825.142278,0.9999862480945583
2825.26188,0.9999864260921263
2825.381482,0.9999865760901014
2825.501084,0.9999863300934341
2825.620686,0.9999861860954129
2825.740288,0.9999861680956617
2825.85989,0.9999860840968271
2825.979492,0.9999864770914354
2826.099094,0.9999863120936803
2826.218696,0.9999863140936529
2826.338298,0.9999860560972171
2826.4579,0.9999866790887241
2826.577502,0.999986095096674
2826.697104,0.9999864700915301
2826.816706,0.9999860520972729
2826.936308,0.9999861550958415
2827.05591,0.9999865050910571
2827.175512,0.9999860140978036
2827.295114,0.9999859470987429
2827.414716,0.9999864560917195
2827.534318,0.9999865420905585
2827.65392,0.9999863950925476
2827.773522,0.9999860230976778
2827.893124,0.9999868440865398
2828.012726,0.9999867000884446
2828.132328,0.99998622109493
2828.25193,0.9999859740983639
2828.371532,0.999986336093352
2828.491134,0.9999862060951368
2828.610736,0.9999862900939817
2828.730338,0.9999862930939405
2828.84994,0.9999868990858177
2828.969542,0.9999863840926974
2829.089144,0.9999866250894449
2829.208746,0.9999861180963545
2829.328348,0.9999862000952195
2829.44795,0.999986281094105
2829.567552,0.9999864600916654
2829.687154,0.9999858710998139
2829.806756,0.9999859350989116
2829.926358,0.9999864500918009
2830.04596,0.9999865310907066
2830.165562,0.9999860440973846
2830.285164,0.9999859830982377
2830.404766,0.9999863010938309
2830.524368,0.9999865340906662
2830.64397,0.99998686308629
2830.763572,0.9999863310934204
2830.883174,0.9999865270907604
2831.002776,0.9999859470987429
2831.122378,0.9999862450945995
2831.24198,0.999986712088285
2831.361582,0.9999859090992776
2831.481184,0.9999858401002524
2831.600786,0.999985905099334
2831.720388,0.9999859850982097
2831.83999,0.9999859900981396
2831.959592,0.9999859110992495
2832.079194,0.9999867270880859
2832.198796,0.9999862520945033
2832.318398,0.9999867600876484
2832.438,0.9999862470945721
2832.557602,0.9999855531043574
2832.677204,0.9999861320961603
2832.796806,0.999986053097259
2832.916408,0.9999864200922077
2833.03601,0.9999855391045598
2833.155612,0.9999857691012602
2833.275214,0.9999858091006918
2833.394816,0.9999856061035931
2833.514418,0.9999858351003231
2833.63402,0.9999861290962019
2833.753622,0.9999864280920991
2833.873224,0.9999862030951782
2833.992826,0.9999860160977757
2834.112428,0.9999858381002806
2834.23203,0.9999862040951644
2834.351632,0.9999860990966185
2834.471234,0.9999865030910841
2834.590836,0.9999860080978876
2834.710438,0.9999860900967436
2834.83004,0.9999858081007059
2834.949642,0.9999860320975521
2835.069244,0.9999862250948749
2835.188846,0.9999857151020302
2835.308448,0.9999860900967436
2835.42805,0.9999856161034493
2835.547652,0.9999859360988976
2835.667254,0.9999858071007202
2835.786856,0.9999858471001533
2835.906458,0.9999860720969942
2836.02606,0.9999858281004224
2836.145662,0.9999860400974403
2836.265264,0.9999857251018873
2836.384866,0.9999859100992636
2836.504468,0.9999859600985603
2836.62407,0.9999861600957723
2836.743672,0.9999859180991509
2836.863274,0.9999857551014595
2836.982876,0.9999861890953714
2837.102478,0.9999861820954681
2837.22208,0.9999859790982938
2837.341682,0.9999864370919771
2837.461284,0.9999864720915029
2837.580886,0.9999862570944346
2837.700488,0.9999861720956064
2837.82009,0.999985774101189
2837.939692,0.9999858291004081
2838.059294,0.9999856691026883
2838.178896,0.9999861970952609
2838.298498,0.9999858131006351
2838.4181,0.9999858341003373
2838.537702,0.9999855921037948
2838.657304,0.9999856631027743
2838.776906,0.9999858511000966
2838.896508,0.9999862630943521
2839.01611,0.9999852921081621
2839.135712,0.9999861340961326
2839.255314,0.9999853991065941
2839.374916,0.9999855731040687
2839.494518,0.9999858001008195
2839.61412,0.9999859730983779
2839.733722,0.9999857651013171
2839.853324,0.9999854641056471
2839.972926,0.9999859770983218
2840.092528,0.9999859340989257
2840.21213,0.9999858131006351
2840.331732,0.9999856461030182
2840.451334,0.9999855471044441
2840.570936,0.9999856231033486
2840.690538,0.9999861090964794
2840.81014,0.9999854071064773
2840.929742,0.9999859160991791
2841.049344,0.9999855551043285
2841.168946,0.9999852801083386
2841.288548,0.9999851731099194
2841.40815,0.9999853551072375
2841.527752,0.9999856441030469
2841.647354,0.9999852871082356
2841.766956,0.9999858541000541
2841.886558,0.9999856601028173
2842.00616,0.9999854601057053
2842.125762,0.9999850911111385
2842.245364,0.9999853881067547
2842.364966,0.9999858511000966
2842.484568,0.9999854381060254
2842.60417,0.9999856101035356
2842.723772,0.9999859720983919
2842.843374,0.9999853881067547
2842.962976,0.9999855141049216
2843.082578,0.9999855081050085
2843.20218,0.999986053097259
2843.321782,0.9999855531043574
2843.441384,0.9999853311075892
2843.560986,0.9999858461001674
2843.680588,0.9999858261004506
2843.80019,0.999985247108825
2843.919792,0.9999851401104093
2844.039394,0.999985745101602
2844.158996,0.9999851411103944
2844.278598,0.999985345107384
2844.3982,0.9999853221077213
2844.517802,0.9999854701055599
2844.637404,0.9999852791083534
2844.757006,0.9999851721099342
2844.876608,0.9999846731174579
2844.99621,0.9999855871038668
2845.115812,0.9999855041050665
2845.235414,0.9999851201107066
2845.355016,0.9999857181019873
2845.474618,0.999985373106974
2845.59422,0.9999850921111236
2845.713822,0.9999855041050665
2845.833424,0.9999855461044586
2845.953026,0.9999847001170444
2846.072628,0.9999851411103944
2846.19223,0.9999854861053276
2846.311832,0.9999852301090759
2846.431434,0.9999853121078681
2846.551036,0.9999851461103201
2846.670638,0.9999849021139743
2846.79024,0.9999848861142159
2846.909842,0.9999853891067402
2847.029444,0.9999850141122896
2847.149046,0.9999849461133109
2847.268648,0.9999851491102756
2847.38825,0.9999852921081621
2847.507852,0.9999851541102013
2847.627454,0.9999853281076333
2847.747056,0.9999853321075746
2847.866658,0.9999849501132507
2847.98626,0.9999852141093124
2848.105862,0.9999848621145789
2848.225464,0.999985187109712
2848.345066,0.9999850571116461
2848.464668,0.9999852231091794
2848.58427,0.9999845221197836
2848.703872,0.9999848201152156
2848.823474,0.9999842391242039
2848.943076,0.9999852081094011
2849.062678,0.9999851131108108
2849.18228,0.9999849411133862
2849.301882,0.9999849921126195
2849.421484,0.9999848651145335
2849.541086,0.9999849061139139
2849.660688,0.9999847461163417
2849.78029,0.9999846001185794
2849.899892,0.9999845941186718
2850.019494,0.9999856811025164
2850.139096,0.999984797115565
2850.258698,0.99998496811298
2850.3783,0.9999843041231815
2850.497902,0.9999849361134615
2850.617504,0.9999849901126495
2850.737106,0.9999847251166623
2850.856708,0.9999851061109151
2850.97631,0.9999847451163569
2851.095912,0.9999845271197062
2851.215514,0.9999849581131303
2851.335116,0.9999850121123195
2851.454718,0.9999849721129198
2851.57432,0.9999850531117058
2851.693922,0.9999849791128147
2851.813524,0.9999845491193661
2851.933126,0.9999847401164332
2852.052728,0.9999847191167539
2852.17233,0.99998503211202
2852.291932,0.999984579118903
2852.411534,0.9999846081184562
2852.531136,0.9999846311181024
2852.650738,0.9999844391210717
2852.77034,0.9999849611130852
2852.889942,0.9999854361060545
2853.009544,0.9999844231213209
2853.129146,0.9999841621254204
2853.248748,0.9999844591207607
2853.36835,0.9999848561146698
2853.487952,0.99998489511408
2853.607554,0.9999847291166011
2853.727156,0.9999845161198765
2853.846758,0.9999846041185178
2853.96636,0.9999842521239991
2854.085962,0.999984715116815
2854.205564,0.9999847591161435
2854.325166,0.9999844861203415
2854.444768,0.9999840851266429
2854.56437,0.99998429212337
2854.683972,0.9999847671160216
2854.803574,0.9999842931233542
2854.923176,0.9999850231121548
2855.042778,0.9999849021139743
2855.16238,0.9999848101153674
2855.281982,0.9999847761158845
2855.401584,0.9999842641238103
2855.521186,0.9999845071200159
2855.640788,0.999984444120994
2855.76039,0.9999846001185794
2855.879992,0.9999841961248825
2855.999594,0.9999848121153371
2856.119196,0.9999845941186718
2856.238798,0.9999846841172894
2856.3584,0.9999847581161587
2856.478002,0.9999846441179028
2856.597604,0.9999844741205277
2856.717206,0.9999842831235114
2856.836808,0.9999845981186102
2856.95641,0.9999850051124245
2857.076012,0.9999847071169373
2857.195614,0.9999837761316084
2857.315216,0.9999844331211651
2857.434818,0.9999842981232757
2857.55442,0.9999846611176418
2857.674022,0.9999845451194279
2857.793624,0.999984558119227
2857.913226,0.9999844801204346
2858.032828,0.9999844141214611
2858.15243,0.9999843481224919
2858.272032,0.9999846551177339
2858.391634,0.9999841551255314
2858.511236,0.9999843211229149
2858.630838,0.999984483120388
2858.75044,0.999984222124472
2858.870042,0.9999845101199695
2858.989644,0.9999845611191808
2859.109246,0.9999845971186256
2859.228848,0.9999843041231815
2859.34845,0.9999846741174425
2859.468052,0.9999844941202174
2859.587654,0.9999841361258326
2859.707256,0.9999845601191962
2859.826858,0.9999846971170903
2859.94646,0.9999844261212741
2860.066062,0.9999842651237945
2860.185664,0.9999840911265475
2860.305266,0.9999843421225858
2860.424868,0.9999842701237158
2860.54447,0.9999845491193661
2860.664072,0.9999841871250248
2860.783674,0.9999844881203105
2860.903276,0.9999848871142009
2861.022878,0.9999843431225702
2861.14248,0.9999846741174425
2861.262082,0.9999848641145487
2861.381684,0.9999844731205433
2861.501286,0.999984153125563
2861.620888,0.9999841831250881
2861.74049,0.9999846431179181
2861.860092,0.9999844251212897
2861.979694,0.9999850401119003
2862.099296,0.9999848571146547
2862.218898,0.9999845621191653
2862.3385,0.9999842251244246
2862.458102,0.9999847701159759
2862.577704,0.9999843071231345
2862.697306,0.9999844201213676
2862.816908,0.9999845361195671
2862.93651,0.9999845301196598
2863.056112,0.9999849221136725
2863.175714,0.9999847621160978
2863.295316,0.9999847131168456
2863.414918,0.9999842581239047
2863.53452,0.9999842041247562
2863.654122,0.9999843751220697
2863.773724,0.9999843861218979
2863.893326,0.999984606118487
2864.012928,0.9999841431257216
2864.13253,0.9999843671221947
2864.252132,0.9999845261197218
2864.371734,0.9999841291259437
2864.491336,0.9999844921202484
2864.610938,0.9999844121214922
2864.73054,0.9999839171293308
2864.850142,0.9999842421241566
2864.969744,0.9999843191229463
2865.089346,0.9999843801219915
2865.208948,0.9999844181213987
2865.32855,0.9999840051279193
2865.448152,0.9999838001312192
2865.567754,0.9999844471209473
2865.687356,0.9999842551239518
2865.806958,0.9999842761236214
2865.92656,0.9999843781220228
2866.046162,0.9999840481272325
2866.165764,0.9999841791251514
2866.285366,0.9999843041231815
2866.404968,0.9999840471272484
2866.52457,0.9999840521271687
2866.644172,0.9999843541223981
2866.763774,0.9999840601270411
2866.883376,0.9999845191198301
2867.002978,0.999983876129991
2867.12258,0.9999842071247088
2867.242182,0.9999845931186873
2867.361784,0.9999838851298459
2867.481386,0.9999843711221322
2867.600988,0.9999839741284157
2867.72059,0.9999839201292825
2867.840192,0.9999837321323232
2867.959794,0.9999845611191808
2868.079396,0.9999840241276156
2868.198998,0.9999843041231815
2868.3186,0.9999844111215078
2868.438202,0.999983854130346
2868.557804,0.9999838561303137
2868.677406,0.999984213124614
2868.797008,0.9999844881203105
2868.91661,0.9999841171261342
2869.036212,0.9999844331211651
2869.155814,0.9999838401305721
2869.275416,0.9999837531319818
2869.395018,0.9999843641222416
2869.51462,0.999984513119923
2869.634222,0.9999843061231501
2869.753824,0.9999843431225702
2869.873426,0.9999838121310249
2869.993028,0.999984302123213
2870.11263,0.9999842831235114
2870.232232,0.9999840211276635
2870.351834,0.9999841901249774
2870.471436,0.9999840841266588
2870.591038,0.9999838291307499
2870.71064,0.9999840221276476
2870.830242,0.999983643133775
2870.949844,0.9999840771267703
2871.069446,0.9999841791251514
2871.189048,0.9999839751283996
2871.30865,0.9999844191213831
2871.428252,0.9999842331242985
2871.547854,0.9999843251228522
2871.667456,0.9999841671253413
2871.787058,0.9999846361180257
2871.90666,0.9999840951264839
2872.026262,0.9999845211197991
2872.145864,0.9999844361211184
2872.265466,0.9999836591335134
2872.385068,0.9999841641253888
2872.50467,0.9999838491304267
2872.624272,0.9999839561287043
2872.743874,0.9999840061279034
2872.863476,0.99998392712917
2872.983078,0.9999841441257057
2873.10268,0.9999840551271209
2873.222282,0.9999840501272006
2873.341884,0.9999838881297975
2873.461486,0.9999838331306853
2873.581088,0.9999842301243458
2873.70069,0.9999834251373646
2873.820292,0.9999839361290254
2873.939894,0.9999838511303945
2874.059496,0.9999842121246298
2874.179098,0.9999839371290093
2874.2987,0.9999839041295399
2874.418302,0.9999839051295238
2874.537904,0.9999842571239204
2874.657506,0.9999837501320306
2874.777108,0.9999840791267385
2874.89671,0.9999839281291539
2875.016312,0.9999833861380117
2875.135914,0.9999834521369174
2875.255516,0.9999834661366859
2875.375118,0.999983691132991
2875.49472,0.9999840661269455
2875.614322,0.9999836521336278
2875.733924,0.9999838661301523
2875.853526,0.9999841001264044
2875.973128,0.9999838801299265
2876.09273,0.9999846871172434
2876.212332,0.9999842491240464
2876.331934,0.9999836271340369
2876.451536,0.9999838781299587
2876.571138,0.9999837351322743
2876.69074,0.9999836921329747
2876.810342,0.9999837061327465
2876.929944,0.9999836241340859
2877.049546,0.9999839641285759
2877.169148,0.9999839671285279
2877.28875,0.9999837781315759
2877.408352,0.9999841641253888
2877.527954,0.999983264140046
2877.647556,0.9999835391354815
2877.767158,0.9999841821251039
2877.88676,0.9999836941329421
2878.006362,0.9999837351322743
2878.125964,0.9999837211325022
2878.245566,0.9999834451370333
2878.365168,0.9999837761316084
2878.48477,0.9999832991394609
2878.604372,0.9999839551287203
2878.723974,0.9999837391322094
2878.843576,0.9999833541385439
2878.963178,0.9999836961329095
2879.08278,0.9999836931329584
2879.202382,0.9999838401305721
2879.321984,0.9999837701317057
2879.441586,0.9999834041377128
2879.561188,0.999983740132193
2879.68079,0.9999832411404312
2879.800392,0.99998360313443
2879.919994,0.9999840461272644
2880.039596,0.9999838421305398
2880.159198,0.9999838871298137
2880.2788,0.9999839581286722
2880.398402,0.999983643133775
2880.518004,0.9999836481336932
2880.637606,0.9999836231341024
2880.757208,0.9999837681317382
2880.87681,0.9999840161277435
2880.996412,0.9999838041311545
2881.116014,0.9999838961296688
2881.235616,0.9999838021311869
2881.355218,0.9999835141358934
2881.47482,0.9999835041360583
2881.594422,0.9999835711349553
2881.714024,0.9999833621384108
2881.833626,0.9999834361371823
2881.953228,0.9999834411370995
2882.07283,0.9999838411305559
2882.192432,0.9999837761316084
2882.312034,0.9999833121392439
2882.431636,0.9999832711399289
2882.551238,0.9999837351322743
2882.67084,0.9999834571368347
2882.790442,0.9999832291406324
2882.910044,0.9999838391305883
2883.029646,0.9999837581319005
2883.149248,0.9999834131375636
2883.26885,0.9999833071393274
2883.388452,0.9999829191458794
2883.508054,0.9999832021410856
2883.627656,0.9999835521352676
2883.747258,0.9999835851347254
2883.86686,0.999983586134709
2883.986462,0.9999834581368181
2884.106064,0.9999832691399624
2884.225666,0.9999837191325348
2884.345268,0.9999836451337423
2884.46487,0.9999832131409009
2884.584472,0.9999833621384108
2884.704074,0.9999829951445842
2884.823676,0.999983147142011
2884.943278,0.9999837171325673
2885.06288,0.999983337138827
2885.182482,0.999983322139077
2885.302084,0.9999835731349225
2885.421686,0.9999832941395445
2885.541288,0.9999834021377461
2885.66089,0.9999830131442783
2885.780492,0.9999833521385771
2885.900094,0.9999832141408841
2886.019696,0.9999830281440236
2886.139298,0.9999828911463581
2886.2589,0.999983309139294
2886.378502,0.9999828931463239
2886.498104,0.9999831861413545
2886.617706,0.9999829661450778
2886.737308,0.9999833891379619
2886.85691,0.9999832291406324
2886.976512,0.999982939145538
2887.096114,0.9999831461420279
2887.215716,0.9999828251474895
2887.335318,0.9999830551435657
2887.45492,0.9999833651383608
2887.574522,0.999983538135498
2887.694124,0.9999833441387104
2887.813726,0.9999830541435827
2887.933328,0.9999836291340041
2888.05293,0.9999833471386604
2888.172532,0.9999830881430071
2888.292134,0.9999832971394943
2888.411736,0.9999831791414723
2888.531338,0.999982736149022
2888.65094,0.9999833391387937
2888.770542,0.9999831321422639
2888.890144,0.9999829611451629
2889.009746,0.9999829271457429
2889.129348,0.9999830821431086
2889.24895,0.9999830261440575
2889.368552,0.9999830581435148
2889.488154,0.9999830031444482
2889.607756,0.9999833001394443
2889.727358,0.99998319414122
2889.84696,0.9999830141442613
2889.966562,0.9999832171408337
2890.086164,0.9999826931497653
2890.205766,0.9999831781414891
2890.325368,0.999983108142669
2890.44497,0.999983098142838
2890.564572,0.9999827851481773
2890.684174,0.9999829551452651
2890.803776,0.9999829311456746
2890.923378,0.9999828331473521
2891.04298,0.9999835041360583
2891.162582,0.9999823151563787
2891.282184,0.9999828871464266
2891.401786,0.9999825411524075
2891.521388,0.9999830241440915
2891.64099,0.999982912145999
2891.760592,0.9999829081460674
2891.880194,0.9999831131425846
2891.999796,0.9999827791482806
2892.119398,0.999982629150875
2892.239,0.9999831281423314
2892.358602,0.9999827431489011
2892.478204,0.9999830451437351
2892.597806,0.9999828071477987
2892.717408,0.99998304014382
2892.83701,0.9999829021461699
2892.956612,0.9999828661467861
2893.076214,0.999982675150077
2893.195816,0.9999822581573884
2893.315418,0.9999823321560782
2893.43502,0.9999822501575303
2893.554622,0.9999823551556721
2893.674224,0.9999826831499384
2893.793826,0.9999820641608491
2893.913428,0.9999826151511182
2894.03303,0.9999828771465977
2894.152632,0.9999825471523027
2894.272234,0.9999826701501636
2894.391836,0.9999826441506144
2894.511438,0.9999822911568034
2894.63104,0.9999826851499037
2894.750642,0.9999828811465292
2894.870244,0.9999824551539126
2894.989846,0.9999820151617291
2895.109448,0.9999822231580099
2895.22905,0.9999829151459477
2895.348652,0.9999824191545449
2895.468254,0.9999830091443462
2895.587856,0.9999823591556015
2895.707458,0.999982637150736
2895.82706,0.9999825611520585
2895.946662,0.9999823331560606
2896.066264,0.9999823281561488
2896.185866,0.9999827941480224
2896.305468,0.9999821591591497
2896.42507,0.9999817261669686
2896.544672,0.999982569151919
2896.664274,0.9999826231509792
2896.783876,0.9999825111529317
2896.903478,0.9999825251526869
2897.02308,0.9999823551556721
2897.142682,0.9999821461593817
2897.262284,0.9999816201689111
2897.381886,0.9999827181493329
2897.501488,0.9999826601503369
2897.62109,0.9999823651554957
2897.740692,0.9999821451593995
2897.860294,0.999982374155337
2897.979896,0.9999819431630267
2898.099498,0.9999818841640937
2898.2191,0.9999823461558309
2898.338702,0.9999819481629364
2898.458304,0.9999820381613158
2898.577906,0.9999820501611003
2898.697508,0.9999819721625034
2898.81711,0.9999822341578144
2898.936712,0.9999822731571223
2899.056314,0.999982118159882
2899.175916,0.9999818311650552
2899.295518,0.9999821711589357
2899.41512,0.9999815261706433
2899.534722,0.9999820421612439
2899.654324,0.9999820211616213
2899.773926,0.9999823901550552
2899.893528,0.9999818411648737
2900.01313,0.9999817721661289
2900.132732,0.9999820161617111
2900.252334,0.9999819771624133
2900.371936,0.99998183916491
2900.491538,0.9999819771624133
2900.61114,0.9999821851586862
2900.730742,0.9999819661626116
2900.850344,0.9999814591718833
2900.969946,0.9999816141690214
2901.089548,0.9999814711716608
2901.20915,0.9999819671625936
2901.328752,0.999981642168507
2901.448354,0.9999820161617111
2901.567956,0.9999813641736491
2901.687558,0.9999820101618191
2901.80716,0.9999814491720688
2901.926762,0.9999809941806129
2902.046364,0.9999812691754241
2902.165966,0.9999816901676271
2902.285568,0.9999815051710315
2902.40517,0.9999815191707726
2902.524772,0.9999816471684153
2902.644374,0.9999818131653825
2902.763976,0.999981728166932
2902.883578,0.9999817501665302
2903.00318,0.9999814971711795
2903.122782,0.9999815941693894
2903.242384,0.9999822031583656
2903.361986,0.99998143617231
2903.481588,0.9999818961638764
2903.60119,0.9999821281597032
2903.720792,0.9999817701661654
2903.840394,0.9999813471739661
2903.959996,0.9999811301780374
2904.079598,0.9999812851751245
2904.1992,0.9999816831677553
2904.318802,0.9999809361817169
2904.438404,0.9999815051710315
2904.558006,0.9999814471721058
2904.677608,0.9999807861845877
2904.79721,0.999981821165237
2904.916812,0.9999815321705324
2905.036414,0.9999816231688561
2905.156016,0.999981332174246
2905.275618,0.9999814141727186
2905.39522,0.9999811361779242
2905.514822,0.9999810321798914
2905.634424,0.9999811611774528
2905.754026,0.9999813431740407
2905.873628,0.9999813261743581
2905.99323,0.9999807631850299
2906.112832,0.9999811311780185
2906.232434,0.9999810931787362
2906.352036,0.9999809701810694
2906.471638,0.9999809541813739
2906.59124,0.9999808101841269
2906.710842,0.9999811501776601
2906.830444,0.9999813871732208
2906.950046,0.9999814131727373
2907.069648,0.9999808011842997
2907.18925,0.9999811901769069
2907.308852,0.9999809111821938
2907.428454,0.9999808451834559
2907.548056,0.9999810581793985
2907.667658,0.9999811261781129
2907.78726,0.9999808181839734
2907.906862,0.999981017180176
2908.026464,0.9999814311724028
2908.146066,0.9999808411835325
2908.265668,0.9999810071803659
2908.38527,0.9999804961902018
2908.504872,0.999980597188237
2908.624474,0.9999814291724399
2908.744076,0.9999810041804229
2908.863678,0.9999808721829391
2908.98328,0.9999811661773587
2909.102882,0.9999807531852223
2909.222484,0.9999806231877328
2909.342086,0.9999811581775093
2909.461688,0.9999813961730534
2909.58129,0.9999804791905335
2909.700892,0.9999813121746196
2909.820494,0.9999809311818122
2909.940096,0.9999804901903188
2910.059698,0.9999803311934335
2910.1793,0.9999806581870553
2910.298902,0.9999806461872874
2910.418504,0.9999811371779053
2910.538106,0.9999803561929421
2910.657708,0.9999804111918632
2910.77731,0.9999805031900653
2910.896912,0.9999806651869199
2911.016514,0.9999800501989999
2911.136116,0.9999804841904358
2911.255718,0.9999801241975264
2911.37532,0.9999809711810502
2911.494922,0.9999806491872294
2911.614524,0.9999803921922356
2911.734126,0.9999800701986011
2911.853728,0.9999801791964347
2911.97333,0.9999801831963554
2912.092932,0.9999804571909632
2912.212534,0.9999803131937877
2912.332136,0.9999807011862245
2912.451738,0.9999807071861088
2912.57134,0.9999807651849915
2912.690942,0.9999802111958009
2912.810544,0.999979918201642
2912.930146,0.9999796162077523
2913.049748,0.999980136197288
2913.16935,0.9999802171956823
2913.288952,0.9999802491950497
2913.408554,0.9999798242035342
2913.528156,0.9999803561929421
2913.647758,0.9999798832023455
2913.76736,0.9999802721945957
2913.886962,0.9999797812044026
2914.006564,0.9999798642027279
2914.126166,0.9999797102058406
2914.245768,0.9999803491930797
2914.36537,0.9999799192016219
2914.484972,0.9999800311993792
2914.604574,0.9999801991960385
2914.724176,0.9999800961980833
2914.843778,0.9999798832023455
2914.96338,0.9999798532029495
2915.082982,0.9999803751925691
2915.202584,0.999979766204706
2915.322186,0.9999798122037763
2915.441788,0.9999796562069377
2915.56139,0.9999798032039581
2915.680992,0.9999790622191984
2915.800594,0.9999798132037561
2915.920196,0.9999796632067954
2916.039798,0.999979530209509
2916.1594,0.9999801011979838
2916.279002,0.9999796882062872
2916.398604,0.9999797032059827
2916.518206,0.9999794872103901
2916.637808,0.9999792432154251
2916.75741,0.9999798902022047
2916.877012,0.9999796202076708
2916.996614,0.9999793932123228
2917.116216,0.9999788812230045
2917.235818,0.9999796682066937
2917.35542,0.9999796662067344
2917.475022,0.9999796902062467
2917.594624,0.9999797972040793
2917.714226,0.9999797102058406
2917.833828,0.9999793482132511
2917.95343,0.9999788652233426
2918.073032,0.9999793292136436
2918.192634,0.9999796852063482
2918.312236,0.9999794272116227
2918.431838,0.9999795192097343
2918.55144,0.9999794102119726
2918.671042,0.9999796192076912
2918.790644,0.9999795652087932
2918.910246,0.9999790442195754
2919.029848,0.9999794492111703
2919.14945,0.999979085218717
2919.269052,0.9999796142077931
2919.388654,0.9999793032141814
2919.508256,0.9999789812208977
2919.627858,0.9999788242242099
2919.74746,0.9999796462071413
2919.867062,0.9999795372093657
2919.986664,0.9999785092309299
2920.106266,0.9999794022121373
2920.225868,0.9999791412175474
2920.34547,0.9999793002142435
2920.465072,0.9999787962248032
2920.584674,0.999979114218111
2920.704276,0.9999785022310803
2920.823878,0.9999789712211079
2920.94348,0.9999789492215707
2921.063082,0.999978517230758
2921.182684,0.9999790512194288
2921.302286,0.9999786892270778
2921.421888,0.999978818224337
2921.54149,0.9999788322240405
2921.661092,0.9999782572363773
2921.780694,0.9999783402345761
2921.900296,0.9999784372324798
2922.019898,0.9999787752252487
2922.1395,0.9999787962248032
2922.259102,0.9999783822336673
2922.378704,0.9999785352303715
2922.498306,0.9999785412302427
2922.617908,0.9999784722317258
2922.73751,0.9999783772337754
2922.857112,0.999978877223089
2922.976714,0.9999786292283582
2923.096316,0.9999789502215497
2923.215918,0.9999785812293851
2923.33552,0.9999780832401757
2923.455122,0.9999786692275041
2923.574724,0.9999787382260347
2923.694326,0.9999786182285934
2923.813928,0.9999783922334512
2923.93353,0.9999779662427468
2924.053132,0.9999778812446233
2924.172734,0.9999785262305647
2924.292336,0.9999789062224769
2924.411938,0.9999781212393436
2924.53154,0.9999777622472625
2924.651142,0.9999781142394968
2924.770744,0.9999780112417563
2924.890346,0.9999784062331487
2925.009948,0.9999781492387314
2925.12955,0.9999779542430113
2925.249152,0.9999784052331704
2925.368754,0.9999783812336889
2925.488356,0.9999780732403949
2925.607958,0.9999780202415585
2925.72756,0.9999783522343163
2925.847162,0.9999781622384474
2925.966764,0.9999781852379453
2926.086366,0.9999777832467958
2926.205968,0.9999779692426807
2926.32557,0.9999780802402415
2926.445172,0.9999779332434745
2926.564774,0.9999774792535958
2926.684376,0.9999776152505423
2926.803978,0.9999778582451323
2926.92358,0.999978464231898
2927.043182,0.9999779452432097
2927.162784,0.9999779532430333
2927.282386,0.9999782722360513
2927.401988,0.9999779762425265
2927.52159,0.9999783832336456
2927.641192,0.9999782122373567
2927.760794,0.9999779582429231
2927.880396,0.9999770252639233
2927.999998,0.9999773952554911
2928.1196,0.9999777792468846
2928.239202,0.9999779092440043
2928.358804,0.9999780982398471
2928.478406,0.9999782702360948
2928.598008,0.9999780472409654
2928.71761,0.9999773492565319
2928.837212,0.9999775852512143
2928.956814,0.999977801246396
2929.076416,0.9999779112439602
2929.196018,0.9999781252392561
2929.31562,0.9999775722515057
2929.435222,0.9999772172595306
2929.554824,0.9999776892488885
2929.674426,0.9999777372478188
2929.794028,0.9999774952532356
2929.91363,0.9999770982622488
2930.033232,0.99997731625728
2930.152834,0.999977011264245
2930.272436,0.999977352256464
2930.392038,0.9999771322614707
2930.51164,0.9999777312479523
2930.631242,0.9999775082529432
2930.750844,0.9999779312435186
2930.870446,0.999977603250811
2930.990048,0.9999779572429451
2931.10965,0.9999780482409434
2931.229252,0.999977447254317
2931.348854,0.9999773362568265
2931.468456,0.99997782224593
2931.588058,0.9999776872489331
2931.70766,0.9999774752536859
2931.827262,0.9999772062597813
2931.946864,0.9999774132550844
2932.066466,0.9999773572563508
2932.186068,0.9999776172504975
2932.30567,0.9999773622562376
2932.425272,0.999977417254994
2932.544874,0.9999772252593483
2932.664476,0.999976724270884
2932.784078,0.9999774292547231
2932.90368,0.9999772522587338
2933.023282,0.9999773902556042
2933.142884,0.9999775462520891
2933.262486,0.999977063263051
2933.382088,0.9999774772536408
2933.50169,0.9999769752650732
2933.621292,0.9999771682606481
2933.740894,0.9999766292730997
2933.860496,0.9999766552724924
2933.980098,0.9999769832648892
2934.0997,0.9999770952623175
2934.219302,0.9999773762559208
2934.338904,0.9999773152573027
2934.458506,0.9999768772673345
2934.578108,0.9999770412635558
2934.69771,0.9999772892578928
2934.817312,0.9999766802719091
2934.936914,0.9999765222756061
2935.056516,0.9999767152710936
2935.176118,0.9999773212571665
2935.29572,0.9999774742537084
2935.415322,0.999976992264682
2935.534924,0.9999774932532807
2935.654526,0.9999770982622488
2935.774128,0.9999769312660873
2935.89373,0.9999766092735674
2936.013332,0.9999766922716293
2936.132934,0.9999769242662488
2936.252536,0.9999770572631886
2936.372138,0.9999764352776525
2936.49174,0.9999763972785486
2936.611342,0.9999765492749726
2936.730944,0.999976092285794
2936.850546,0.9999766242732165
2936.970148,0.9999767452703954
2937.08975,0.9999771622607851
2937.209352,0.9999769662652805
2937.328954,0.9999764872764284
2937.448556,0.999976739270535
2937.568158,0.999976956265511
2937.68776,0.9999768252685383
2937.807362,0.9999765212756295
2937.926964,0.9999771072620427
2938.046566,0.9999763152804874
2938.166168,0.9999765382752306
2938.28577,0.999976314280511
2938.405372,0.9999762702815542
2938.524974,0.9999756192972141
2938.644576,0.9999764192780296
2938.764178,0.9999762572818628
2938.88378,0.9999767622700002
2939.003382,0.9999764242779117
2939.122984,0.9999764872764284
2939.242586,0.9999766922716293
2939.362188,0.9999764922763109
2939.48179,0.999976026287374
2939.601392,0.9999759552890787
2939.720994,0.9999760882858896
2939.840596,0.9999766282731231
2939.960198,0.9999763332800612
2940.0798,0.9999762072830511
2940.199402,0.9999762522819815
2940.319004,0.9999758162924306
2940.438606,0.9999759432893673
2940.558208,0.9999762052830987
2940.67781,0.9999758572914399
2940.797412,0.9999757522939804
2940.917014,0.9999756752958504
2941.036616,0.9999761712839084
2941.156218,0.9999759012903786
2941.27582,0.9999760882858896
2941.395422,0.9999760952857223
2941.515024,0.9999763102806059
2941.634626,0.9999759802884779
2941.754228,0.9999757782933503
2941.87383,0.9999756932954127
2941.993432,0.9999758762909814
2942.113034,0.9999759412894155
2942.232636,0.9999761302848862
2942.352238,0.9999752863053883
2942.47184,0.9999759512891749
2942.591442,0.9999759382894876
2942.711044,0.9999756372967755
2942.830646,0.99997540630243
2942.950248,0.9999756382967511
2943.06985,0.9999757022951941
2943.189452,0.9999760342871823
2943.309054,0.9999757252946354
2943.428656,0.999975932289632
2943.548258,0.9999756062975312
2943.66786,0.9999759352895597
2943.787462,0.9999760902858418
2943.907064,0.9999751843079144
2944.026666,0.9999757242946598
2944.146268,0.9999755862980193
2944.26587,0.9999754913003431
2944.385472,0.9999756652960937
2944.505074,0.9999753893028481
2944.624676,0.9999756842956316
2944.744278,0.9999748603160071
2944.86388,0.9999752943051907
2944.983482,0.999975217307096
2945.103084,0.999975641296678
2945.222686,0.9999757132949268
2945.342288,0.9999750983100523
2945.46189,0.9999752363066253
2945.581492,0.9999752283068235
2945.701094,0.999974343329138
2945.820696,0.9999753843029713
2945.940298,0.999975243306452
2946.0599,0.9999752163071208
2946.179502,0.9999750103122474
2946.299104,0.9999755692984345
2946.418706,0.9999749063148518
2946.538308,0.9999745453239758
2946.65791,0.9999751023099527
2946.777512,0.9999748563161077
2946.897114,0.999975446301447
2947.016716,0.9999746693208271
2947.136318,0.9999749783130476
2947.25592,0.9999744943252753
2947.375522,0.9999745773231618
2947.495124,0.9999745823230346
2947.614726,0.9999749413139741
2947.734328,0.9999743333293947
2947.85393,0.9999742613312452
2947.973532,0.9999744663259899
2948.093134,0.999973631347659
2948.212736,0.9999743243296256
2948.332338,0.9999747813179963
2948.45194,0.9999742933304221
2948.571542,0.9999744383267052
2948.691144,0.9999739553391681
2948.810746,0.9999746813205231
2948.930348,0.9999739243399759
2949.04995,0.999974525324485
2949.169552,0.9999739053404716
2949.289154,0.9999744863254794
2949.408756,0.999973700345842
2949.528358,0.9999734763517582
2949.64796,0.9999743033301651
2949.767562,0.9999736913460787
2949.887164,0.999973956339142
2950.006766,0.9999740593364649
2950.126368,0.9999738773412026
2950.24597,0.9999742633311938
2950.365572,0.9999741133350655
2950.485174,0.9999740513366724
2950.604776,0.9999736943459998
2950.724378,0.9999737163454213
2950.84398,0.9999733523550548
2950.963582,0.9999736143481074
2951.083184,0.9999735053509894
2951.202786,0.999973372354522
2951.322388,0.9999730413633906
2951.44199,0.999973717345395
2951.561592,0.9999728543684493
2951.681194,0.9999727003726416
2951.800796,0.9999736163480547
2951.920398,0.9999731153613983
2952.04,0.9999734553523154
2952.159602,0.9999728503685579
2952.279204,0.9999726843730785
2952.398806,0.9999729703653072
2952.518408,0.9999726383743361
2952.63801,0.9999725853757877
2952.757612,0.9999725733761168
2952.877214,0.9999725803759247
2952.996816,0.9999731493604849
2953.116418,0.9999723833813459
2953.23602,0.9999726783732424
2953.355622,0.9999727723706786
2953.475224,0.9999727573710872
2953.594826,0.9999725793759522
2953.714428,0.9999721023891456
2953.83403,0.9999716484019141
2953.953632,0.9999723973809593
2954.073234,0.9999724553793601
2954.192836,0.9999720643902064
2954.312438,0.9999719113944923
2954.43204,0.9999718623958698
2954.551642,0.9999720213914086
2954.671244,0.9999718033975317
2954.790846,0.9999719313939307
2954.910448,0.9999716434020559
2955.03005,0.9999718283968271
2955.149652,0.9999711564159842
2955.269254,0.9999714954062636
2955.388856,0.9999712224140826
2955.508458,0.9999714544074332
2955.62806,0.9999704604363016
2955.747662,0.9999712824123578
2955.867264,0.9999706274313823
2955.986866,0.99997109041789
2956.106468,0.9999715804038444
2956.22607,0.9999705224344719
2956.345672,0.99997116141584
2956.465274,0.9999705494336765
2956.584876,0.9999709154229645
2956.704478,0.9999709254226737
2956.82408,0.9999714034088903
2956.943682,0.999971008420264
2957.063284,0.9999714564073761
2957.182886,0.999970413437691
2957.302488,0.9999709434221505
2957.42209,0.9999703164405656
2957.541692,0.999970988420844
2957.661294,0.9999701194464327
2957.780896,0.9999705534335587
2957.900498,0.9999702564423484
2958.0201,0.9999701464456262
2958.139702,0.9999697234583438
2958.259304,0.9999695084648763
2958.378906,0.9999700004499955
2958.498508,0.9999702014439857
2958.61811,0.9999703224403875
2958.737712,0.9999704374369812
2958.857314,0.9999698374548988
2958.976916,0.9999700244492759
2959.096518,0.9999699424517372
2959.21612,0.9999697284581923
2959.335722,0.9999695244643886
2959.455324,0.9999693134708412
2959.574926,0.9999697574573149
2959.694528,0.9999700754477483
2959.81413,0.9999689214829471
2959.933732,0.9999695184645715
2960.053334,0.9999696664600711
2960.172936,0.9999693904684813
2960.292538,0.9999692734720694
2960.41214,0.9999695074649068
2960.531742,0.9999691704752396
2960.651344,0.9999685034960253
2960.770946,0.9999689744813014
2960.890548,0.9999690124801232
2961.01015,0.9999689434822636
2961.129752,0.9999685514945146
2961.249354,0.9999691204767823
2961.368956,0.9999687124894644
2961.488558,0.9999684714970337
2961.60816,0.9999685874933831
2961.727762,0.9999690814779874
2961.847364,0.9999683994993064
2961.966966,0.9999686814904347
2962.086568,0.9999683065022495
2962.20617,0.9999679585133394
2962.325772,0.9999683695002548
2962.445374,0.9999679565134035
2962.564976,0.9999685674940115
2962.684578,0.9999682145051696
2962.80418,0.9999684304983272
2962.923782,0.9999686114926295
2963.043384,0.999968367500318
2963.162986,0.9999685254953327
2963.282588,0.9999682145051696
2963.40219,0.9999684584974436
2963.521792,0.9999681975057101
2963.641394,0.9999680985088634
2963.760996,0.9999679535134997
2963.880598,0.9999677385204128
2964.0002,0.9999679305142369
2964.119802,0.999968674490654
2964.239404,0.9999681255080024
2964.359006,0.9999679385139805
2964.478608,0.9999680285110989
2964.59821,0.9999674815287369
2964.717812,0.9999674555295828
2964.837414,0.9999680095117066
2964.957016,0.9999675445266902
2965.076618,0.9999674905284444
2965.19622,0.9999677135212196
2965.315822,0.9999680605100764
2965.435424,0.9999674235306247
2965.555026,0.9999674325303316
2965.674628,0.9999676545231262
2965.79423,0.9999675085278593
2965.913832,0.9999679045150711
2966.033434,0.9999677035215425
2966.153036,0.9999672835351953
2966.272638,0.999968082509374
2966.39224,0.9999677785191231
2966.511842,0.9999674825287044
2966.631444,0.9999677695194131
2966.751046,0.999967558526236
2966.870648,0.9999679195145897
2966.99025,0.9999676695226412
2967.109852,0.99996813750762
2967.229454,0.9999675165275994
2967.349056,0.999967737520445
2967.468658,0.9999670915414952
2967.58826,0.9999671605392269
2967.707862,0.9999677925186721
2967.827464,0.9999676695226412
2967.947066,0.9999675855253605
2968.066668,0.9999672505362754
2968.18627,0.9999678055182535
2968.305872,0.9999679005151995
2968.425474,0.9999676105245504
2968.545076,0.9999681275079386
2968.664678,0.999967783518962
2968.78428,0.9999675835254253
2968.903882,0.9999676095245827
2969.023484,0.9999673445332014
2969.143086,0.9999671005411991
2969.262688,0.9999676975217363
2969.38229,0.9999679215145256
2969.501892,0.9999677675194776
2969.621494,0.9999669265469388
2969.741096,0.99996786251642
2969.860698,0.9999671975380126
2969.9803,0.9999677275207677
2970.099902,0.9999676875220593
2970.219504,0.9999677505200256
2970.339106,0.9999679065150069
2970.458708,0.999967538526885
2970.57831,0.9999674345302664
2970.697912,0.9999670565426476
2970.817514,0.9999673125342469
2970.937116,0.9999674755289321
2971.056718,0.9999673715323201
2971.17632,0.9999672075376845
2971.295922,0.9999678535167092
2971.415524,0.9999675985249391
2971.535126,0.9999674565295502
2971.654728,0.9999672895349989
2971.77433,0.99996729653477
2971.893932,0.9999678745160344
2972.013534,0.9999675905251983
2972.133136,0.9999673345335279
2972.252738,0.9999673415332994
2972.37234,0.9999672485363409
2972.491942,0.9999673145341815
2972.611544,0.999967426530527
2972.731146,0.9999670275436033
2972.850748,0.999967232536865
2972.97035,0.9999672685356861
2973.089952,0.9999672765354243
2973.209554,0.9999675965250039
2973.329156,0.9999674945283143
2973.448758,0.999967765519542
2973.56836,0.9999665115607503
2973.687962,0.9999673475331035
2973.807564,0.9999674835286719
2973.927166,0.9999673155341487
2974.046768,0.999966881548428
2974.16637,0.9999668855482956
2974.285972,0.9999669045476666
2974.405574,0.9999672475363737
2974.525176,0.999967010544164
2974.644778,0.9999671975380126
2974.76438,0.999966838549853
2974.883982,0.9999671905382421
2975.003584,0.9999671105408702
2975.123186,0.999967306534443
2975.242788,0.9999669755453193
2975.36239,0.9999666005577738
2975.481992,0.999967462529355
2975.601594,0.9999664975612192
2975.721196,0.9999664595624931
2975.840798,0.999966653556005
2975.9604,0.9999667575525424
2976.080002,0.9999668705487924
2976.199604,0.9999664775618895
2976.319206,0.9999664835616884
2976.438808,0.9999671225404755
2976.55841,0.9999663055676702
2976.678012,0.9999673215339527
2976.797614,0.999967006544296
2976.917216,0.9999668725487262
2977.036818,0.9999671015411662
2977.15642,0.999967004544362
2977.276022,0.9999669495461783
2977.395624,0.9999667085541725
2977.515226,0.9999668705487924
2977.634828,0.999966677555205
2977.75443,0.9999666445563051
2977.874032,0.9999661215738869
2977.993634,0.9999669685455504
2978.113236,0.9999663205671648
2978.232838,0.9999665295601476
2978.35244,0.9999663235670638
2978.472042,0.9999661715721941
2978.591644,0.9999662605691874
2978.711246,0.9999664105641377
2978.830848,0.9999663055676702
2978.95045,0.9999661075743612
2979.070052,0.9999656815888901
2979.189654,0.9999658195841638
2979.309256,0.9999665285601811
2979.428858,0.9999660475763966
2979.54846,0.9999662415698286
2979.668062,0.9999661895715855
2979.787664,0.9999663715654484
2979.907266,0.9999663445663568
2980.026868,0.9999657915851212
2980.14647,0.9999664375632312
2980.266072,0.9999658305837879
2980.385674,0.9999655995917076
2980.505276,0.9999660925748697
2980.624878,0.999965691588547
2980.74448,0.9999657395869014
2980.864082,0.9999657345870727
2980.983684,0.9999659955781635
2981.103286,0.9999653196013789
2981.222888,0.9999662045710783
2981.34249,0.9999660465764305
2981.462092,0.9999655705927056
2981.581694,0.9999661165740562
2981.701296,0.9999655075948767
2981.820898,0.9999655755925335
2981.9405,0.9999653446005122
2982.060102,0.9999652856025586
2982.179704,0.9999653595999926
2982.299306,0.9999654605964989
2982.418908,0.999965581592327
2982.53851,0.9999657835853949
2982.658112,0.9999654225978122
2982.777714,0.999965407598331
2982.897316,0.9999648816166649
2983.016918,0.9999655005951181
2983.13652,0.9999656455901262
2983.256122,0.9999649046158574
2983.375724,0.999965261603392
2983.495326,0.9999659025813302
2983.614928,0.9999650456109189
2983.73453,0.9999650296114783
2983.854132,0.9999652226047476
2983.973734,0.9999644536317871
2984.093336,0.9999650526106743
2984.212938,0.9999651676066619
2984.33254,0.9999647396216618
2984.452142,0.9999650046123528
2984.571744,0.9999650746099057
2984.691346,0.9999647956196888
2984.810948,0.9999647966196535
2984.93055,0.9999647776203225
2985.050152,0.9999645836271746
2985.169754,0.9999645846271391
2985.289356,0.9999644296326405
2985.408958,0.9999646926233201
2985.52856,0.9999647666207101
2985.648162,0.9999648366182462
2985.767764,0.9999643386358815
2985.887366,0.9999640666456184
2986.006968,0.9999650926092771
2986.12657,0.999963925650695
2986.246172,0.9999640026479202
2986.365774,0.9999639576495412
2986.485376,0.9999642666384517
2986.604978,0.9999635566640745
2986.72458,0.999963687659309
2986.844182,0.9999642506390236
2986.963784,0.9999635696636008
2987.083386,0.9999638856521388
2987.202988,0.9999640496462294
2987.32259,0.9999635986625448
2987.442192,0.9999636526605805
2987.561794,0.9999638696527168
2987.681396,0.9999629406867133
2987.800998,0.9999637696563347
2987.9206,0.9999636546605079
2988.040202,0.999963434668528
2988.159804,0.9999633786705773
2988.279406,0.9999626876961213
2988.399008,0.9999634166691864
2988.51861,0.9999629986845655
2988.638212,0.9999629416866762
2988.757814,0.9999626816963452
2988.877416,0.9999629566861205
2988.997018,0.9999627276946297
2989.11662,0.9999630946810181
2989.236222,0.9999631426792477
2989.355824,0.9999629816851947
2989.475426,0.9999626616970918
2989.595028,0.9999629496863798
2989.71463,0.9999627826925812
2989.834232,0.9999629326870099
2989.953834,0.9999622677118807
2990.073436,0.9999621027181201
2990.193038,0.9999628786890129
2990.31264,0.9999628636895699
2990.432242,0.9999619017257577
2990.551844,0.9999624337056309
2990.671446,0.9999625097027788
2990.791048,0.9999622567122958
2990.91065,0.9999619257248437
2991.030252,0.9999621617158859
2991.149854,0.9999619467240443
2991.269456,0.9999621947146378
2991.389058,0.999961577738154
2991.50866,0.9999620497201301
2991.628262,0.9999620027219148
2991.747864,0.999961507740846
2991.867466,0.9999616207365027
2991.987068,0.9999615817380003
2992.10667,0.9999617307322871
2992.226272,0.9999612957490288
2992.345874,0.9999619917223329
2992.465476,0.999960790768702
2992.585078,0.999961231751508
2992.70468,0.9999618637272062
2992.824282,0.9999618497277402
2992.943884,0.9999610837572567
2993.063486,0.999961188753176
2993.183088,0.9999607607698787
2993.30269,0.9999611977528267
2993.422292,0.9999611907530983
2993.541894,0.9999606547740437
2993.661496,0.9999610187597883
2993.781098,0.9999605307789302
2993.9007,0.9999603767850204
2994.020302,0.9999608467665079
2994.139904,0.9999604877806283
2994.259506,0.9999605457783383
2994.379108,0.9999604267830404
2994.49871,0.9999604407824865
2994.618312,0.9999603957842677
2994.737914,0.9999601377945189
2994.857516,0.999960432782803
2994.977118,0.9999598458062012
2995.09672,0.9999602547898618
2995.216322,0.9999598108076072
2995.335924,0.9999596758130419
2995.455526,0.999959721811188
2995.575128,0.9999594358227485
2995.69473,0.9999590348390951
2995.814332,0.999959786808572
2995.933934,0.999959926802952
2996.053536,0.9999600607975911
2996.173138,0.9999593108278269
2996.29274,0.9999594618216942
2996.412342,0.9999588028486259
2996.531944,0.9999587548506046
2996.651546,0.9999592148317376
2996.771148,0.9999589378430734
2996.89075,0.9999589178438949
2997.010352,0.9999590688377029
2997.129954,0.9999587268517598
2997.249556,0.9999591258353714
2997.369158,0.9999583838659754
2997.48876,0.9999584548630231
2997.608362,0.9999587728498623
2997.727964,0.9999588338473493
2997.847566,0.9999588618461971
2997.967168,0.9999577528924342
2998.08677,0.999958276870434
2998.206372,0.9999582148730227
2998.325974,0.9999577648919273
2998.445576,0.999958233872229
2998.565178,0.9999576238978923
2998.68478,0.9999577028945478
2998.804382,0.9999578888866978
2998.923984,0.999957886886782
2999.043586,0.999958297869558
2999.163188,0.9999572409141958
2999.28279,0.9999577018945901
2999.402392,0.9999571669173627
2999.521994,0.999957283912358
2999.641596,0.9999573589091572
2999.761198,0.9999574879036648
2999.8808,0.9999573969075375
