nu,[0]HFE-263m1-HITRAN(x-sec)-X=0.01-T=298.0K-P=0.0atm-L=15cm
450.297,1.0
450.779117,1.0
451.261233,1.0
451.74335,1.0
452.225467,1.0
452.707583,1.0
453.1897,1.0
453.671817,1.0
454.153934,1.0
454.63605,1.0
455.118167,1.0
455.600284,1.0
456.0824,1.0
456.564517,1.0
457.046634,1.0
457.52875,1.0
458.010867,1.0
458.492984,1.0
458.9751,1.0
459.457217,1.0
459.939334,1.0
460.42145,1.0
460.903567,1.0
461.385684,1.0
461.867801,1.0
462.349917,1.0
462.832034,1.0
463.314151,1.0
463.796267,1.0
464.278384,1.0
464.760501,1.0
465.242617,1.0
465.724734,1.0
466.206851,1.0
466.688967,1.0
467.171084,1.0
467.653201,1.0
468.135318,1.0
468.617434,1.0
469.099551,1.0
469.581668,1.0
470.063784,1.0
470.545901,1.0
471.028018,1.0
471.510134,1.0
471.992251,1.0
472.474368,1.0
472.956484,1.0
473.438601,1.0
473.920718,1.0
474.402835,1.0
474.884951,1.0
475.367068,1.0
475.849185,1.0
476.331301,1.0
476.813418,1.0
477.295535,1.0
477.777651,1.0
478.259768,1.0
478.741885,1.0
479.224001,1.0
479.706118,1.0
480.188235,1.0
480.670351,1.0
481.152468,1.0
481.634585,1.0
482.116702,1.0
482.598818,1.0
483.080935,1.0
483.563052,1.0
484.045168,1.0
484.527285,1.0
485.009402,1.0
485.491518,1.0
485.973635,1.0
486.455752,1.0
486.937868,1.0
487.419985,1.0
487.902102,1.0
488.384219,1.0
488.866335,1.0
489.348452,1.0
489.830569,1.0
490.312685,1.0
490.794802,1.0
491.276919,1.0
491.759035,1.0
492.241152,1.0
492.723269,1.0
493.205385,1.0
493.687502,1.0
494.169619,1.0
494.651735,1.0
495.133852,1.0
495.615969,1.0
496.098086,1.0
496.580202,1.0
497.062319,1.0
497.544436,1.0
498.026552,1.0
498.508669,1.0
498.990786,1.0
499.472902,1.0
499.955019,1.0
500.437136,1.0
500.919252,1.0
501.401369,1.0
501.883486,1.0
502.365603,1.0
502.847719,1.0
503.329836,1.0
503.811953,1.0
504.294069,1.0
504.776186,1.0
505.258303,1.0
505.740419,1.0
506.222536,1.0
506.704653,1.0
507.186769,1.0
507.668886,1.0
508.151003,1.0
508.633119,1.0
509.115236,1.0
509.597353,1.0
510.07947,1.0
510.561586,1.0
511.043703,1.0
511.52582,1.0
512.007936,1.0
512.490053,1.0
512.97217,1.0
513.454286,1.0
513.936403,1.0
514.41852,1.0
514.900636,1.0
515.382753,1.0
515.86487,1.0
516.346987,1.0
516.829103,1.0
517.31122,1.0
517.793337,1.0
518.275453,1.0
518.75757,1.0
519.239687,1.0
519.721803,1.0
520.20392,1.0
520.686037,1.0
521.168153,1.0
521.65027,1.0
522.132387,1.0
522.614504,1.0
523.09662,1.0
523.578737,1.0
524.060854,1.0
524.54297,1.0
525.025087,1.0
525.507204,1.0
525.98932,1.0
526.471437,1.0
526.953554,1.0
527.43567,1.0
527.917787,1.0
528.399904,1.0
528.88202,1.0
529.364137,1.0
529.846254,1.0
530.328371,1.0
530.810487,1.0
531.292604,1.0
531.774721,1.0
532.256837,1.0
532.738954,1.0
533.221071,1.0
533.703187,1.0
534.185304,1.0
534.667421,1.0
535.149537,1.0
535.631654,1.0
536.113771,1.0
536.595888,1.0
537.078004,1.0
537.560121,1.0
538.042238,1.0
538.524354,1.0
539.006471,1.0
539.488588,1.0
539.970704,1.0
540.452821,1.0
540.934938,1.0
541.417054,1.0
541.899171,1.0
542.381288,1.0
542.863404,1.0
543.345521,1.0
543.827638,1.0
544.309755,1.0
544.791871,1.0
545.273988,1.0
545.756105,1.0
546.238221,1.0
546.720338,1.0
547.202455,1.0
547.684571,1.0
548.166688,1.0
548.648805,1.0
549.130921,1.0
549.613038,1.0
550.095155,0.9999991736903414
550.577272,0.9999995455301033
551.059388,0.999999385130189
551.541505,0.9999990570304446
552.023622,0.9999991323703764
552.505738,0.9999995358101077
552.987855,0.9999999027870047
553.469972,0.9999998371700133
553.952088,0.9999993827001905
554.434205,0.9999992247303006
554.916322,0.9999994118601729
555.398438,0.9999994094301744
555.880555,0.9999991858403314
556.362672,0.9999989890005111
556.844788,0.9999989987005014
557.326905,0.9999991858403314
557.809022,0.9999992733302641
558.291139,0.9999990983504065
558.773255,0.9999988553006551
559.255372,0.9999987994007207
559.737489,0.9999989501005512
560.219605,0.9999989307005717
560.701722,0.9999986001009799
561.183839,0.9999984956011316
561.665955,0.9999988820006249
562.148072,0.9999993486702121
562.630189,0.9999994847701328
563.112305,0.9999992101403119
563.594422,0.9999987557007741
564.076539,0.9999984738011647
564.558656,0.9999984810011536
565.040772,0.9999986099009662
565.522889,0.9999987241008139
566.005006,0.9999988699006386
566.487122,0.9999990375904632
566.969239,0.9999990278704726
567.451356,0.9999987946007265
567.933472,0.9999985880009968
568.415589,0.9999985758010141
568.897706,0.9999985588010385
569.379822,0.9999984397012173
569.861939,0.9999983741013218
570.344056,0.9999982259015737
570.826173,0.9999980071019858
571.308289,0.999998012001976
571.790406,0.9999981724016701
572.272523,0.9999983206014101
572.754639,0.9999982769014846
573.236756,0.9999979731020542
573.718873,0.9999977544025214
574.200989,0.9999977228025928
574.683106,0.999997499203127
575.165223,0.9999969913045261
575.647339,0.9999966802055106
576.129456,0.9999968260050371
576.611573,0.9999969402046812
577.093689,0.9999965635059047
577.575806,0.9999961139075508
578.057923,0.9999959900080401
578.54004,0.9999959608081576
579.022156,0.9999958417086457
579.504273,0.9999956497094625
579.98639,0.9999955233100204
580.468506,0.9999955792097717
580.950623,0.999995647309473
581.43274,0.9999954699102609
581.914856,0.9999951709116601
582.396973,0.9999950737121341
582.87909,0.9999948574132231
583.361206,0.999994040817756
583.843323,0.9999930541241228
584.32544,0.9999924976281429
584.807557,0.9999922691298834
585.289673,0.9999920966312318
585.77179,0.9999919775321802
586.253907,0.9999918292333809
586.736023,0.9999916883345421
587.21814,0.9999917247342403
587.700257,0.9999917758338186
588.182373,0.9999917952336593
588.66449,0.9999919094327289
589.146607,0.9999919070327482
589.628723,0.9999917515340188
590.11084,0.9999917320341798
590.592957,0.9999918876329055
591.075073,0.9999919775321802
591.55719,0.9999920528315789
592.039307,0.9999922351301468
592.521424,0.9999922375301281
593.00354,0.9999919605323166
593.485657,0.9999917976336395
593.967774,0.9999920407316751
594.44989,0.9999925438277973
594.932007,0.9999930177243762
595.414124,0.9999933385221877
595.89624,0.9999935353208961
596.378357,0.9999934697213224
596.860474,0.9999931611233852
597.34259,0.9999922691298834
597.824707,0.9999905679444822
598.306824,0.9999900697493053
598.788941,0.9999922789298076
599.271057,0.9999946460143326
599.753174,0.9999950737121341
600.235291,0.9999947213139323
600.717407,0.9999946533142936
601.199524,0.9999946727141901
601.681641,0.9999947894135751
602.163757,0.999995217111438
602.645874,0.9999958271087065
603.127991,0.9999963302067337
603.610107,0.9999966899054784
604.092224,0.9999969888045337
604.574341,0.9999971249041331
605.056458,0.999997078704267
605.538574,0.9999972100038921
606.020691,0.9999975721029474
606.502808,0.9999978637022819
606.984924,0.99999812380176
607.467041,0.9999984786011573
607.949158,0.9999986633008934
608.431274,0.9999985734010176
608.913391,0.9999985418010632
609.395508,0.9999986560009032
609.877624,0.9999986390009261
610.359741,0.9999986001009799
610.841858,0.9999987411007925
611.323974,0.9999988893006169
611.806091,0.9999988723006359
612.288208,0.9999987387007955
612.770325,0.999998422701244
613.252441,0.9999980533018948
613.734558,0.9999979561020887
614.216675,0.9999979877020246
614.698791,0.9999979731020542
615.180908,0.9999980606018807
615.663025,0.9999982550015225
616.145141,0.9999982866014678
616.627258,0.9999980023019954
617.109375,0.9999976742027047
617.591491,0.9999976669027216
618.073608,0.9999978540023027
618.555725,0.9999979439021137
619.037842,0.9999979221021589
619.519958,0.9999978370023392
620.002075,0.9999977471025377
620.484192,0.999997713102615
620.966308,0.9999977981024242
621.448425,0.9999979731020542
621.930542,0.9999979731020542
622.412658,0.9999977665024943
622.894775,0.9999976645027273
623.376892,0.9999977519025269
623.859008,0.9999978783022508
624.341125,0.9999978686022715
624.823242,0.9999976912026652
625.305358,0.9999975843029179
625.787475,0.9999977690024887
626.269592,0.999998063001876
626.751709,0.9999981894016391
627.233825,0.9999981700016745
627.715942,0.9999981724016701
628.198059,0.9999981408017283
628.680175,0.9999980849018338
629.162292,0.9999981627016878
629.644409,0.9999982210015824
630.126525,0.9999981918016347
630.608642,0.9999983061014347
631.090759,0.9999984835011498
631.572875,0.999998449501202
632.054992,0.9999983328013897
632.537109,0.9999984324012287
633.019226,0.9999986244009461
633.501342,0.9999986001009799
633.983459,0.9999984665011759
634.465576,0.9999984956011316
634.947692,0.9999987314008046
635.429809,0.9999990716204309
635.911926,0.9999992174303062
636.394042,0.9999989720005283
636.876159,0.9999985953009866
637.358276,0.999998566101028
637.840392,0.9999987703007561
638.322509,0.9999987678007591
638.804626,0.9999987241008139
639.286742,0.9999989039006008
639.768859,0.9999990375904632
640.250976,0.9999989744005259
640.733093,0.999998959800541
641.215209,0.9999991032104021
641.697326,0.9999992514602801
642.179443,0.999999300070245
642.661559,0.9999992757602623
643.143676,0.9999992466002838
643.625793,0.9999994167201701
644.107909,0.9999997934200213
644.590026,0.9999999416720017
645.072143,0.9999999416720017
645.554259,0.9999995746900905
646.036376,0.9999994288701631
646.518493,0.9999995722600915
647.00061,0.9999996719100538
647.482726,0.999999674340053
647.964843,0.9999996524600604
648.44696,0.9999995552500989
648.929076,0.9999994167201701
649.411193,0.9999992976402466
649.89331,0.9999993268002266
650.375426,0.9999994458901535
650.857543,0.9999994240101658
651.33966,0.9999992466002838
651.821776,0.9999991202203871
652.303893,0.9999991809803354
652.78601,0.9999994118601729
653.268127,0.9999995771200895
653.750243,0.9999995844100864
654.23236,0.9999994458901535
654.714477,0.9999991736903414
655.196593,0.9999990157204844
655.67871,0.9999990570304446
656.160827,0.9999991105003956
656.642943,0.9999990934904108
657.12506,0.9999990691804332
657.607177,0.9999990691804332
658.089293,0.9999990570304446
658.57141,0.9999989866005135
659.053527,0.9999989258005769
659.535643,0.999998964700536
660.01776,0.999999018150482
660.499877,0.9999990813404219
660.981994,0.999999234450293
661.46411,0.9999993025002433
661.946227,0.9999991323703764
662.428344,0.9999988966006087
662.91046,0.9999988553006551
663.392577,0.999998937900564
663.874694,0.9999988456006663
664.35681,0.9999986099009662
664.838927,0.9999984908011389
665.321044,0.9999984349012248
665.80316,0.9999982793014804
666.285277,0.9999981651016834
666.767394,0.9999981578016969
667.249511,0.9999980800018432
667.731627,0.9999978953022148
668.213744,0.9999978759022559
668.695861,0.999998184501648
669.177977,0.9999985078011133
669.660094,0.9999984738011647
670.142211,0.9999982234015782
670.624327,0.9999980873018293
671.106444,0.9999981165017738
671.588561,0.9999982283015695
672.070677,0.9999983109014265
672.552794,0.9999983061014347
673.034911,0.9999982380015523
673.517027,0.9999980946018153
673.999144,0.9999979342021338
674.481261,0.9999979002022046
674.963378,0.9999979610020787
675.445494,0.9999979585020838
675.927611,0.9999978565022973
676.409728,0.9999977519025269
676.891844,0.9999978346023445
677.373961,0.999998111601783
677.856078,0.9999983449013696
678.338194,0.9999983765013178
678.820311,0.9999982210015824
679.302428,0.9999979804020394
679.784544,0.9999978880022302
680.266661,0.9999980436019138
680.748778,0.9999982380015523
681.230895,0.9999982623015098
681.713011,0.9999982016016171
682.195128,0.9999982477015352
682.677245,0.9999983304013937
683.159361,0.9999982696014972
683.641478,0.9999982016016171
684.123595,0.9999982623015098
684.605711,0.9999983206014101
685.087828,0.9999982890014638
685.569945,0.9999982429015437
686.052061,0.9999982793014804
686.534178,0.9999984397012173
687.016295,0.9999985710010211
687.498412,0.9999986074009697
687.980528,0.9999986293009394
688.462645,0.9999987022008422
688.944762,0.9999988675006413
689.426878,0.9999990011404989
689.908995,0.9999989720005283
690.391112,0.999998955000546
690.873228,0.9999990448804561
691.355345,0.9999991032104021
691.837462,0.9999990570304446
692.319578,0.9999990740504286
692.801695,0.9999992733302641
693.283812,0.9999994531801495
693.765928,0.999999504210123
694.248045,0.9999995406701055
694.730162,0.9999995844100864
695.212279,0.9999995212301146
695.694395,0.9999994434601549
696.176512,0.9999995941400823
696.658629,0.9999999319510023
697.140745,0.9999998371700133
697.622862,0.9999997934200213
698.104979,0.9999998274500149
698.587095,0.9999998493200114
699.069212,0.9999997812700239
699.551329,0.9999998128600175
700.033445,0.9999999829880002
700.515562,0.99999985904001
700.997679,0.9999999343810021
701.479796,0.9999999392420018
701.961912,0.9999999027870047
702.444029,0.9999998930700057
702.926146,0.9999998396000128
703.408262,0.9999998639000093
703.890379,0.9999999246600029
704.372496,0.9999998857700065
704.854612,0.9999997934200213
705.336729,0.9999997545400301
705.818846,0.9999997569700295
706.300962,0.9999998298800145
706.783079,0.9999999538240011
707.265196,0.999999987848
707.747312,0.999999922230003
708.229429,0.9999998080000184
708.711546,0.9999998347400136
709.193663,0.9999999805570002
709.675779,0.9999999392420018
710.157896,0.9999999319510023
710.640013,0.9999999951393
711.122129,0.9999998784800074
711.604246,0.9999998517500109
712.086363,0.9999999392420018
712.568479,1.0
713.050596,0.9999999489630013
713.532713,0.9999998857700065
714.014829,0.9999999319510023
714.496946,0.9999999052170044
714.979063,0.9999997521100307
715.46118,0.9999997180800397
715.943296,0.9999997666900272
716.425413,0.9999998493200114
716.90753,0.9999999951393
717.389646,0.9999999441020015
717.871763,0.9999999635450006
718.35388,0.9999999659750006
718.835996,0.9999999149390036
719.318113,0.9999998250200153
719.80023,0.9999998031400193
720.282346,0.9999997885600224
720.764463,0.9999997982800204
721.24658,0.9999998371700133
721.728696,0.9999998614700096
722.210813,0.9999998055700189
722.69293,0.9999996719100538
723.175047,0.9999996281600692
723.657163,0.9999997715500261
724.13928,0.999999922230003
724.621397,0.9999999197990033
725.103513,0.9999999343810021
725.58563,0.99999985904001
726.067747,0.9999996548900596
726.549863,0.9999998007100198
727.03198,0.9999997448200325
727.514097,0.9999994142901715
727.996213,0.9999994191501687
728.47833,0.9999995188001157
728.960447,0.9999995455301033
729.442564,0.9999995965700814
729.92468,0.9999996840600499
730.406797,0.999999735090035
730.888914,0.9999998225900157
731.37103,0.9999998274500149
731.853147,0.9999996694800546
732.335264,0.9999997496800314
732.81738,0.9999999465330014
733.299497,0.9999998225900157
733.781614,0.9999997715500261
734.26373,0.9999996305900682
734.745847,0.9999995576800979
735.227964,0.9999996476000621
735.710081,0.9999998420300125
736.192197,0.9999999052170044
736.674314,0.99999985904001
737.156431,0.9999999027870047
737.638547,0.9999999684060005
738.120664,0.9999999441020015
738.602781,0.9999998493200114
739.084897,0.9999996621800571
739.567014,0.9999994701901403
740.049131,0.9999994507501508
740.531247,0.9999996038600785
741.013364,0.9999996767700522
741.495481,0.9999997156500404
741.977597,0.9999997278000371
742.459714,0.9999996792000515
742.941831,0.9999996378800655
743.423948,0.9999996840600499
743.906064,0.9999997691200266
744.388181,0.9999998055700189
744.870298,0.9999997958500209
745.352414,0.9999997399500338
745.834531,0.9999997399500338
746.316648,0.9999997521100307
746.798764,0.9999995868400854
747.280881,0.999999492060129
747.762998,0.9999997594000289
748.245114,0.9999998687600086
748.727231,0.9999998566100102
749.209348,0.9999998979300052
749.691465,0.9999997691200266
750.173581,0.9999998493200114
750.655698,0.9999999586840008
751.137815,0.999999992709
751.619931,0.9999999513930011
752.102048,0.9999998882000063
752.584165,0.9999997545400301
753.066281,0.9999996378800655
753.548398,0.9999997253700377
754.030515,0.9999999125080038
754.512631,0.999999992709
754.994748,0.9999999951393
755.476865,0.9999999732660003
755.958981,0.999999956254001
756.441098,0.9999997691200266
756.923215,0.9999994677601416
757.405332,0.9999991445203659
757.887448,0.9999991080703978
758.369565,0.999999300070245
758.851682,0.9999995212301146
759.333798,0.9999997253700377
759.815915,0.9999998396000128
760.298032,0.9999999513930011
760.780148,0.9999999125080038
761.262265,0.9999999295210025
761.744382,0.9999996014300794
762.226498,0.9999996135800746
762.708615,0.9999997691200266
763.190732,0.9999995698300925
763.672849,0.9999992052803158
764.154965,0.9999991469603638
764.637082,0.9999993632502028
765.119199,0.999999482340134
765.601315,0.9999994240101658
766.083432,0.9999994944901278
766.565549,0.9999996451700629
767.047665,0.9999996208700719
767.529782,0.9999994993501253
768.011899,0.999999436160159
768.494015,0.9999993608202042
768.976132,0.9999992101403119
769.458249,0.9999991177903892
769.940365,0.9999991979903217
770.422482,0.999999385130189
770.904599,0.9999995674000935
771.386716,0.9999996160100737
771.868832,0.9999994872001314
772.350949,0.9999993268002266
772.833066,0.9999992514602801
773.315182,0.9999991882703294
773.797299,0.9999991226503848
774.279416,0.9999992101403119
774.761532,0.9999994191501687
775.243649,0.9999994337301603
775.725766,0.999999300070245
776.207882,0.9999993462402137
776.689999,0.999999504210123
777.172116,0.9999996014300794
777.654233,0.999999550390101
778.136349,0.9999993438102153
778.618466,0.9999992223003024
779.100583,0.9999992806202588
779.582699,0.9999994240101658
780.064816,0.9999995990000804
780.546933,0.9999996889200484
781.029049,0.9999996014300794
781.511166,0.9999994944901278
781.993283,0.9999994531801495
782.475399,0.999999389990186
782.957516,0.9999992781902605
783.439633,0.9999992198603043
783.92175,0.9999993097902382
784.403866,0.9999994240101658
784.885983,0.999999375410195
785.3681,0.9999991834103334
785.850216,0.9999990570304446
786.332333,0.9999991542503577
786.81445,0.9999993608202042
787.296566,0.9999994313001617
787.778683,0.9999992806202588
788.2608,0.9999990789104242
788.742916,0.9999989866005135
789.225033,0.9999989574005435
789.70715,0.9999988893006169
790.189266,0.9999988262006889
790.671383,0.9999988796006276
791.1535,0.9999990448804561
791.635617,0.9999991566803555
792.117733,0.9999991153603913
792.59985,0.9999990764804264
793.081967,0.9999991080703978
793.564083,0.9999991177903892
794.0462,0.9999990740504286
794.528317,0.9999990060004941
795.010433,0.9999989671005335
795.49255,0.9999990108604891
795.974667,0.999999018150482
796.456783,0.999998955000546
796.9389,0.9999989015006033
797.421017,0.9999989234005795
797.903134,0.9999990278704726
798.38525,0.9999990983504065
798.867367,0.9999990205804796
799.349484,0.9999988966006087
799.8316,0.9999988359006776
800.313717,0.9999988650006442
800.795834,0.9999989209005822
801.27795,0.9999988893006169
801.760067,0.9999987484007833
802.242184,0.9999985710010211
802.7243,0.9999984738011647
803.206417,0.9999985540010454
803.688534,0.9999986876008612
804.17065,0.9999986998008452
804.652767,0.9999986390009261
805.134884,0.9999985977009832
805.617001,0.9999985394010666
806.099117,0.9999983693013296
806.581234,0.9999981821016524
807.063351,0.9999982064016085
807.545467,0.9999983328013897
808.027584,0.9999983206014101
808.509701,0.9999983182014143
808.991817,0.999998459201187
809.473934,0.9999985029011207
809.956051,0.9999983304013937
810.438167,0.9999981335017419
810.920284,0.9999980144019713
811.402401,0.9999979537020937
811.884518,0.9999978662022766
812.366634,0.9999976620027331
812.848751,0.9999975259030606
813.330868,0.9999976426027787
813.812984,0.999997873502261
814.295101,0.9999979294021437
814.777218,0.9999977592025105
815.259334,0.9999975429030187
815.741451,0.999997462703219
816.223568,0.999997496803133
816.705684,0.9999975356030366
817.187801,0.9999975672029593
817.669918,0.9999975041031147
818.152035,0.9999972780037046
818.634151,0.9999969913045261
819.116268,0.9999967191053821
819.598385,0.9999964323063643
820.080501,0.9999961674073444
820.562618,0.9999960143079429
821.044735,0.9999958903084448
821.526851,0.9999956206095896
822.008968,0.9999951904115661
822.491085,0.999994665414229
822.973201,0.9999942255166724
823.455318,0.9999940894174676
823.937435,0.9999940506176976
824.419551,0.9999937735193846
824.901668,0.9999933506221073
825.383785,0.9999928646254569
825.865902,0.9999921671306771
826.348018,0.9999914258367584
826.830135,0.9999909009413966
827.312252,0.9999905047450802
827.794368,0.9999901377486323
828.276485,0.9999897610524184
828.758602,0.9999891970583522
829.240718,0.9999885020661018
829.722835,0.9999880570713173
830.204952,0.9999878820734227
830.687068,0.9999877030756078
831.169185,0.9999875300777501
831.651302,0.9999874670785377
832.133419,0.9999873450800741
832.615535,0.9999871990819325
833.097652,0.999987311080505
833.579769,0.9999876660760635
834.061885,0.9999879870721557
834.544002,0.9999880350715803
835.026119,0.9999877830746272
835.508235,0.9999874210791153
835.990352,0.9999869270854513
836.472469,0.9999861400960494
836.954585,0.9999852841082798
837.436702,0.9999848861142159
837.918819,0.9999851391104241
838.400935,0.9999859530986587
838.883052,0.9999871410826766
839.365169,0.9999882640688665
839.847286,0.9999888790618381
840.329402,0.9999889150614384
840.811519,0.9999886650642409
841.293636,0.9999883340680475
841.775752,0.9999878650736288
842.257869,0.9999873870795436
842.739986,0.9999871680823298
843.222102,0.9999872580811789
843.704219,0.9999875810771155
844.186336,0.9999880870709595
844.668452,0.9999886600642975
845.150569,0.9999891700586442
845.632686,0.9999896400536646
846.114803,0.999990205847963
846.596919,0.9999909154412648
847.079036,0.9999917004344416
847.561153,0.9999924563284537
848.043269,0.9999930833239203
848.525386,0.9999935839205831
849.007503,0.9999940335177995
849.489619,0.9999944904151779
849.971736,0.9999949498127523
850.453853,0.9999953338108867
850.935969,0.9999956594094204
851.418086,0.9999960167079334
851.900203,0.9999964323063643
852.382319,0.9999968406049909
852.864436,0.9999971735039945
853.346553,0.9999973704034574
853.82867,0.9999975041031147
854.310786,0.9999976596027388
854.792903,0.9999977714024834
855.27502,0.9999977519025269
855.757136,0.9999977252025873
856.239253,0.999997756802516
856.72137,0.9999978565022973
857.203486,0.999998046001909
857.685603,0.9999982988014471
858.16772,0.9999985151011025
858.649836,0.999998566101028
859.131953,0.9999984276012363
859.61407,0.9999982915014595
860.096187,0.999998301201443
860.578303,0.9999983352013858
861.06042,0.9999983474013655
861.542537,0.9999984543011946
862.024653,0.9999985928009901
862.50677,0.9999986463009163
862.988887,0.9999987095008327
863.471003,0.9999988310006833
863.95312,0.9999989136005901
864.435237,0.9999989331005691
864.917353,0.9999989477005536
865.39947,0.999998906400598
865.881587,0.9999987921007295
866.363704,0.9999987241008139
866.84582,0.9999987970007236
867.327937,0.9999989671005335
867.810054,0.9999991250803827
868.29217,0.9999992636102711
868.774287,0.9999993413802168
869.256404,0.9999992538902783
869.73852,0.9999991566803555
870.220637,0.999999234450293
870.702754,0.9999993656802012
871.18487,0.9999994458901535
871.666987,0.9999994726201391
872.149104,0.9999994847701328
872.63122,0.999999504210123
873.113337,0.9999993972801816
873.595454,0.9999992004203196
874.077571,0.9999991105003956
874.559687,0.9999991202203871
875.041804,0.9999991809803354
875.523921,0.999999300070245
876.006037,0.9999994021401787
876.488154,0.9999994118601729
876.970271,0.9999993948501831
877.452387,0.9999994410201563
877.934504,0.999999482340134
878.416621,0.9999994726201391
878.898737,0.9999994677601416
879.380854,0.9999994531801495
879.862971,0.9999993656802012
880.345088,0.9999992781902605
880.827204,0.999999234450293
881.309321,0.9999992417402874
881.791438,0.9999993511002105
882.273554,0.9999994969201266
882.755671,0.9999994969201266
883.237788,0.999999385130189
883.719904,0.9999993948501831
884.202021,0.9999995552500989
884.684138,0.9999996524600604
885.166254,0.9999995479601022
885.648371,0.9999993559602074
886.130488,0.9999992393102893
886.612604,0.9999991834103334
887.094721,0.9999991542503577
887.576838,0.9999992441702856
888.058955,0.9999993997101801
888.541071,0.999999465330143
889.023188,0.9999994507501508
889.505305,0.9999993681101996
889.987421,0.9999992660402693
890.469538,0.9999992781902605
890.951655,0.9999993219402299
891.433771,0.9999992247303006
891.915888,0.9999991275103807
892.398005,0.9999991882703294
892.880121,0.9999992490302819
893.362238,0.9999992879102535
893.844355,0.9999994483201522
894.326472,0.9999995990000804
894.808588,0.9999996038600785
895.290705,0.9999995115001193
895.772822,0.999999516360117
896.254938,0.9999996476000621
896.737055,0.9999998250200153
897.219172,0.9999998784800074
897.701288,0.999999623300071
898.183405,0.9999998663300089
898.665522,0.9999996986400455
899.147638,0.9999996573200587
899.629755,0.9999997545400301
900.111872,0.9999996670500554
900.593988,0.9999996062900776
901.076105,0.9999996524600604
901.558222,0.9999995844100864
902.040339,0.999999465330143
902.522455,0.9999993073602399
903.004572,0.9999992368802911
903.486689,0.9999993438102153
903.968805,0.9999995260901123
904.450922,0.9999996889200484
904.933039,0.9999997278000371
905.415155,0.9999996281600692
905.897272,0.9999995212301146
906.379389,0.9999994629001442
906.861505,0.9999993924201845
907.343622,0.9999993268002266
907.825739,0.9999993146502348
908.307856,0.999999353530209
908.789972,0.9999993511002105
909.272089,0.999999300070245
909.754206,0.9999992393102893
910.236322,0.9999991979903217
910.718439,0.9999991882703294
911.200556,0.9999991834103334
911.682672,0.9999991809803354
912.164789,0.9999991469603638
912.646906,0.9999990862004176
913.129022,0.9999990813404219
913.611139,0.9999991469603638
914.093256,0.9999992223003024
914.575373,0.999999300070245
915.057489,0.9999993292302249
915.539606,0.9999992271602987
916.021723,0.9999990375904632
916.503839,0.999998955000546
916.985956,0.9999990424504585
917.468073,0.9999991032104021
917.950189,0.9999990132904868
918.432306,0.9999988529006579
918.914423,0.9999987119008296
919.396539,0.999998690100858
919.878656,0.9999988018007179
920.360773,0.9999988918006141
920.842889,0.9999988869006194
921.325006,0.9999988359006776
921.807123,0.9999987046008391
922.28924,0.9999985126011062
922.771356,0.9999984373012211
923.253473,0.9999984665011759
923.73559,0.999998422701244
924.217706,0.9999982988014471
924.699823,0.9999982210015824
925.18194,0.9999982113015997
925.664056,0.9999981384017328
926.146173,0.9999979901020198
926.62829,0.9999978565022973
927.110406,0.999997700902643
927.592523,0.9999975138030905
928.07464,0.9999974020033748
928.556757,0.9999973631034766
929.038873,0.9999972707037246
929.52099,0.9999971103041752
930.003107,0.9999969475046588
930.485223,0.9999967750052003
930.96734,0.9999965854058297
931.449457,0.9999963983064861
931.931573,0.9999962330070952
932.41369,0.9999960823076742
932.895807,0.999995977808089
933.377923,0.9999959098083648
933.86004,0.9999957882088696
934.342157,0.9999956376095153
934.824273,0.9999955233100204
935.30639,0.9999954140105157
935.788507,0.999995275411161
936.270624,0.9999951369118248
936.75274,0.9999949984125079
937.234857,0.999994821013411
937.716974,0.9999946508143069
938.19909,0.9999945439148845
938.681207,0.9999945002151239
939.163324,0.9999944273155275
939.64544,0.9999941745169681
940.127557,0.9999937857193087
940.609674,0.9999935159210217
941.09179,0.9999934187216567
941.573907,0.9999932364228731
942.056024,0.9999928937252497
942.538141,0.9999925972274006
943.020257,0.9999924101288032
943.502374,0.9999922035303926
943.984491,0.9999919240326108
944.466607,0.9999916688347044
944.948724,0.9999914890362185
945.430841,0.9999912703381038
945.912957,0.9999909568408896
946.395074,0.9999905898442758
946.877191,0.9999902520475116
947.359307,0.9999899890501099
947.841424,0.9999898050519689
948.323541,0.9999896420536439
948.805658,0.9999894260559046
949.287774,0.9999892360579317
949.769891,0.9999891780585576
950.252008,0.9999892090582226
950.734124,0.9999892530577488
951.216241,0.9999892770574912
951.698358,0.9999893190570417
952.180474,0.9999894350558094
952.662591,0.999989557054528
953.144708,0.9999896100539759
953.626824,0.999989620053872
954.108941,0.9999896350537164
954.591058,0.9999896180538927
955.073174,0.9999894720554192
955.555291,0.9999891490588719
956.037408,0.9999887770629776
956.519525,0.9999886410645132
957.001641,0.9999890250602251
957.483758,0.9999898850511565
957.965875,0.9999906627435925
958.447991,0.9999909908405827
958.930108,0.999990973840736
959.412225,0.9999908182421526
959.894341,0.9999907113431399
960.376458,0.9999907137431175
960.858575,0.9999907429428468
961.340691,0.9999907429428468
961.822808,0.9999907283429821
962.304925,0.9999908207421296
962.787042,0.9999910807397768
963.269158,0.9999914574364879
963.751275,0.999991873033024
964.233392,0.9999923153295273
964.715508,0.9999927455263138
965.197625,0.9999931635233689
965.679742,0.9999936180203649
966.161858,0.9999941235172666
966.643975,0.9999946290144238
967.126092,0.9999950932120383
967.608208,0.9999955792097717
968.090325,0.9999960750077028
968.572442,0.999996480906192
969.054558,0.999996765205232
969.536675,0.9999970301044101
970.018792,0.9999973266035735
970.500909,0.999997562402971
970.983025,0.9999976766026991
971.465142,0.9999977544025214
971.947259,0.9999978783022508
972.429375,0.999998012001976
972.911492,0.9999981092017876
973.393609,0.9999981554017012
973.875725,0.9999982502015309
974.357842,0.9999984324012287
974.839959,0.9999985977009832
975.322075,0.9999987119008296
975.804192,0.9999987848007383
976.286309,0.9999988286006861
976.768426,0.9999988602006495
977.250542,0.9999989161005874
977.732659,0.9999989890005111
978.214776,0.9999990157204844
978.696892,0.9999990351604655
979.179009,0.9999990934904108
979.661126,0.9999991542503577
980.143242,0.9999991639703495
980.625359,0.9999991275103807
981.107476,0.9999990764804264
981.589592,0.9999990497404515
982.071709,0.9999990813404219
982.553826,0.999999142090368
983.035942,0.999999142090368
983.518059,0.9999990813404219
984.000176,0.9999990740504286
984.482293,0.9999991056404
984.964409,0.9999991080703978
985.446526,0.9999991323703764
985.928643,0.9999992563202765
986.410759,0.9999993583902058
986.892876,0.9999993389502185
987.374993,0.9999992903402518
987.857109,0.9999993438102153
988.339226,0.9999994677601416
988.821343,0.9999995212301146
989.303459,0.9999994872001314
989.785576,0.9999994701901403
990.267693,0.9999994896301302
990.74981,0.9999994847701328
991.231926,0.9999994191501687
991.714043,0.9999993438102153
992.19616,0.9999993195102316
992.678276,0.9999993802701921
993.160393,0.9999994434601549
993.64251,0.9999993924201845
994.124626,0.9999993511002105
994.606743,0.9999994483201522
995.08886,0.9999995455301033
995.570976,0.9999995066401217
996.053093,0.9999993924201845
996.53521,0.9999993073602399
997.017327,0.9999993389502185
997.499443,0.999999465330143
997.98156,0.9999995941400823
998.463677,0.9999996476000621
998.945793,0.9999996305900682
999.42791,0.9999996330200673
999.910027,0.9999996281600692
1000.392143,0.9999994896301302
1000.87426,0.9999993340902217
1001.356377,0.9999993049302416
1001.838493,0.9999993389502185
1002.32061,0.9999993729801966
1002.802727,0.9999994264401645
1003.284843,0.9999994604701455
1003.76696,0.9999994385901576
1004.249077,0.9999994021401787
1004.731194,0.9999993997101801
1005.21331,0.9999994313001617
1005.695427,0.9999994337301603
1006.177544,0.9999993462402137
1006.65966,0.9999992781902605
1007.141777,0.9999992927702501
1007.623894,0.9999992976402466
1008.10601,0.9999992903402518
1008.588127,0.9999993365202201
1009.070244,0.9999993292302249
1009.55236,0.9999992198603043
1010.034477,0.9999991105003956
1010.516594,0.9999991153603913
1010.998711,0.9999991979903217
1011.480827,0.9999991858403314
1011.962944,0.9999990278704726
1012.445061,0.9999988675006413
1012.927177,0.9999988310006833
1013.409294,0.9999988432006691
1013.891411,0.9999987873007353
1014.373527,0.9999987532007772
1014.855644,0.9999988213006946
1015.337761,0.9999988529006579
1015.819877,0.999998690100858
1016.301994,0.9999984640011796
1016.784111,0.999998410601263
1017.266227,0.9999984859011463
1017.748344,0.9999984908011389
1018.230461,0.9999983328013897
1018.712578,0.9999981773016611
1019.194694,0.9999981530017057
1019.676811,0.9999980679018665
1020.158928,0.9999977471025377
1020.641044,0.9999974287033058
1021.123161,0.999997343703528
1021.605278,0.9999973509035088
1022.087394,0.9999971930039396
1022.569511,0.9999969426046739
1023.051628,0.9999968552049449
1023.533744,0.9999968940048236
1024.015861,0.9999967895051537
1024.497978,0.9999965368059969
1024.980095,0.9999963132067963
1025.462211,0.9999961479074193
1025.944328,0.9999959462082166
1026.426445,0.9999957372090857
1026.908561,0.9999956206095896
1027.390678,0.9999955598098577
1027.872795,0.9999953702107175
1028.354911,0.999995044612278
1028.837028,0.9999947894135751
1029.319145,0.9999946824141384
1029.801261,0.9999945682147522
1030.283378,0.9999943398160189
1030.765495,0.999994274116393
1031.247612,0.999994633814398
1031.729728,0.9999950543122299
1032.211845,0.9999950640121821
1032.693962,0.9999948040134992
1033.176078,0.9999945026151107
1033.658195,0.9999941769169542
1034.140312,0.9999938853186947
1034.622428,0.9999937079197952
1035.104545,0.9999935742206454
1035.586662,0.9999933919218335
1036.068778,0.9999931659233524
1036.550895,0.9999929909245637
1037.033012,0.9999929010251979
1037.515128,0.9999927722261205
1037.997245,0.9999925462277794
1038.479362,0.9999922545299963
1038.961479,0.9999918997328073
1039.443595,0.9999914987361359
1039.925712,0.9999911026395818
1040.407829,0.9999907648426444
1040.889945,0.9999904002460779
1041.372062,0.9999899260507426
1041.854179,0.9999893770564239
1042.336295,0.9999887720630337
1042.818412,0.9999880740711145
1043.300529,0.9999872970806828
1043.782645,0.9999865260907739
1044.264762,0.9999857781011322
1044.746879,0.9999849541131904
1045.228996,0.9999839381289932
1045.711112,0.999982681149973
1046.193229,0.9999811971767752
1046.675346,0.999979918201642
1047.157462,0.9999794732106774
1047.639579,0.9999796562069377
1048.121696,0.9999802201956229
1048.603812,0.9999811721772457
1049.085929,0.9999812521757426
1049.568046,0.9999795882083234
1050.050162,0.9999772962577339
1050.532279,0.9999754543012506
1051.014396,0.9999739713387514
1051.496512,0.9999726103751027
1051.978629,0.9999712254139963
1052.460746,0.9999697674570125
1052.942863,0.9999682365044705
1053.424979,0.9999666325567055
1053.907096,0.9999650286115133
1054.389213,0.9999635456644754
1054.871329,0.9999620877186887
1055.353446,0.9999606297750276
1055.835563,0.9999591958325127
1056.317679,0.9999578108899856
1056.799796,0.9999564979462418
1057.281913,0.9999552340020272
1057.764029,0.9999540440560067
1058.246146,0.9999529011091876
1058.728263,0.9999518561589519
1059.21038,0.9999509082050416
1059.692496,0.9999500582471309
1060.174613,0.9999492802862882
1060.65673,0.9999485023260507
1061.138846,0.999947749365112
1061.620963,0.9999470444021972
1062.10308,0.9999463644384382
1062.585196,0.9999455624817755
1063.067313,0.999944760525756
1063.54943,0.9999440795636059
1064.031546,0.99994354559361
1064.513663,0.9999433746032783
1064.99578,0.9999436665867864
1065.477896,0.9999442015567911
1065.960013,0.9999446625311742
1066.44213,0.9999448815190793
1066.924247,0.9999449055177567
1067.406363,0.9999451005070323
1067.88848,0.9999453924910443
1068.370597,0.9999456104791636
1068.852713,0.9999458784646231
1069.33483,0.9999462664436992
1069.816947,0.9999466074254343
1070.299063,0.9999471903944763
1070.78118,0.9999481383448622
1071.263297,0.9999491832912127
1071.745413,0.9999503252338321
1072.22753,0.9999516621683107
1072.709647,0.999953169096601
1073.191764,0.9999547970216854
1073.67388,0.99995642494942
1074.155997,0.9999579808828278
1074.638114,0.9999596088157459
1075.12023,0.9999613097484871
1075.602347,0.9999631566787318
1076.084464,0.9999650526106743
1076.56658,0.9999668505494552
1077.048697,0.9999685764937287
1077.530814,0.9999701564453277
1078.01293,0.9999716874008092
1078.495047,0.9999731453605922
1078.977164,0.999974433326833
1079.459281,0.9999756482965075
1079.941397,0.999976873267427
1080.423514,0.9999780712404388
1080.905631,0.9999791792167555
1081.387747,0.9999802321953857
1081.869864,0.9999812821751807
1082.351981,0.9999822831569452
1082.834097,0.9999831531419099
1083.316214,0.9999839111294273
1083.798331,0.9999846481178414
1084.280447,0.999985345107384
1084.762564,0.9999859550986305
1085.244681,0.999986543090545
1085.726797,0.9999871190829597
1086.208914,0.9999876130767186
1086.691031,0.9999880140718318
1087.173148,0.9999883610677329
1087.655264,0.9999886480644337
1088.137381,0.9999888130625743
1088.619498,0.9999888910617047
1089.101614,0.9999889660608744
1089.583731,0.9999890390600715
1090.065848,0.9999890470599839
1090.547964,0.9999889540610069
1091.030081,0.9999887740630113
1091.512198,0.9999885430656311
1091.994314,0.9999882660688431
1092.476431,0.9999879410727095
1092.958548,0.9999875570774138
1093.440665,0.9999871340827666
1093.922781,0.9999867060883648
1094.404898,0.9999862420946408
1094.887015,0.9999857171020016
1095.369131,0.9999851971095639
1095.851248,0.9999846551177339
1096.333365,0.9999840421273282
1096.815481,0.9999834231373977
1097.297598,0.9999828981462384
1097.779715,0.9999824041548087
1098.261831,0.9999818361649645
1098.743948,0.9999812091765498
1099.226065,0.9999806111879654
1099.708181,0.9999800301993991
1100.190298,0.9999794152118696
1100.672415,0.9999787592255884
1101.154532,0.9999780572407458
1101.636648,0.9999773442566452
1102.118765,0.9999766542725157
1102.600882,0.9999759762885739
1103.082998,0.9999753083048449
1103.565115,0.9999747733181981
1104.047232,0.9999743363293176
1104.529348,0.9999739473393765
1105.011465,0.999973631347659
1105.493582,0.999973364354735
1105.975698,0.9999731933593045
1106.457815,0.9999729993645238
1106.939932,0.9999727803704609
1107.422049,0.9999724643791121
1107.904165,0.9999721243885321
1108.386282,0.9999717843980676
1108.868399,0.9999713224112099
1109.350515,0.9999707154288014
1109.832632,0.9999700104496956
1110.314749,0.9999693544695839
1110.796865,0.9999689654815807
1111.278982,0.9999691354763192
1111.761099,0.9999696454607083
1112.243215,0.9999699854504456
1112.725332,0.9999698644540846
1113.207449,0.9999695484636575
1113.689565,0.9999692084740688
1114.171682,0.9999689404823568
1114.653799,0.9999687224891516
1115.135916,0.9999685764937287
1115.618032,0.9999685034960253
1116.100149,0.9999685764937287
1116.582266,0.9999686974899338
1117.064382,0.9999688434853743
1117.546499,0.9999690864778328
1118.028616,0.999969451466616
1118.510732,0.9999698404548082
1118.992849,0.9999702284431816
1119.474966,0.9999705934323816
1119.957082,0.999970909423139
1120.439199,0.9999711034175143
1120.921316,0.9999712494133061
1121.403433,0.999971346410522
1121.885549,0.9999713954091191
1122.367666,0.9999714444077187
1122.849783,0.9999714444077187
1123.331899,0.999971346410522
1123.814016,0.9999711034175143
1124.296133,0.9999708124259655
1124.778249,0.9999705204345309
1125.260366,0.9999702044438964
1125.742483,0.9999698644540846
1126.224599,0.9999695244643886
1126.706716,0.9999691594755787
1127.188833,0.9999686734906853
1127.67095,0.9999681145083531
1128.153066,0.9999675555263333
1128.635183,0.9999670205438342
1129.1173,0.9999664375632312
1129.599416,0.9999657815854633
1130.081533,0.9999650526106743
1130.56365,0.9999642016407766
1131.045766,0.9999632056769278
1131.527883,0.9999620637195988
1132.01,0.9999608477664687
1132.492116,0.9999596088157459
1132.974233,0.9999582478716443
1133.45635,0.9999566679388608
1133.938466,0.9999548700183882
1134.420583,0.9999530711011952
1134.9027,0.9999513221848033
1135.384817,0.9999494022801078
1135.866933,0.999947312388041
1136.34905,0.9999450515097236
1136.831167,0.9999425246517711
1137.313283,0.999939680819275
1137.7954,0.9999365460132894
1138.277517,0.9999332652268641
1138.759633,0.9999298384614359
1139.24175,0.9999261937238172
1139.723867,0.9999222330240081
1140.205983,0.9999180523578914
1140.6881,0.999913653728054
1141.170217,0.9999089881418305
1141.652334,0.999904055602958
1142.13445,0.9998989551053793
1142.616567,0.9998936256581515
1143.098684,0.9998880362684065
1143.5808,0.9998821369463955
1144.062917,0.9998759676926428
1144.545034,0.999869528512145
1145.02715,0.9998627894142336
1145.509267,0.9998557504049734
1145.991384,0.9998484514846366
1146.4735,0.999840922654143
1146.955617,0.9998331039286991
1147.437734,0.9998249053308612
1147.91985,0.9998164268516128
1148.401967,0.999807828467315
1148.884084,0.9997991001830715
1149.366201,0.9997901120295626
1149.848317,0.9997808040269485
1150.330434,0.9997713061544251
1150.812551,0.9997616584078712
1151.294667,0.9997518907841835
1151.776784,0.9997419333049397
1152.258901,0.999731965927552
1152.741017,0.9997217687135054
1153.223134,0.9997115616063542
1153.705251,0.999701354603417
1154.187367,0.9996909077788462
1154.669484,0.9996807109835906
1155.151601,0.9996702543780419
1155.633718,0.9996598078784666
1156.115834,0.9996493614880568
1156.597951,0.9996389152068113
1157.080068,0.9996287189418771
1157.562184,0.9996185127847592
1158.044301,0.9996080668258809
1158.526418,0.99959786087962
1159.008534,0.9995883847368159
1159.490651,0.9995793984776304
1159.972768,0.9995706521961587
1160.454884,0.9995623957766707
1160.937001,0.9995551089933659
1161.419118,0.9995468427067956
1161.901235,0.9995368872698204
1162.383351,0.9995291109030875
1162.865468,0.9995269319320008
1163.347585,0.9995271718184933
1163.829701,0.9995271718184933
1164.311818,0.9995276515916509
1164.793935,0.9995293607853964
1165.276051,0.9995329990788915
1165.758168,0.9995388263732626
1166.240285,0.9995466028155822
1166.722401,0.9995548591046198
1167.204518,0.9995631254574859
1167.686635,0.9995718716730984
1168.168751,0.9995813376635444
1168.650868,0.9995915434411025
1169.132985,0.999602718937029
1169.615102,0.9996134047472099
1170.097218,0.9996238607581085
1170.579335,0.9996340569734888
1171.061452,0.9996440233747192
1171.543568,0.9996544697093456
1172.025685,0.9996656459087917
1172.507802,0.9996768222331885
1172.989918,0.9996882386076859
1173.472035,0.9997006248216946
1173.954152,0.999713501048665
1174.436268,0.9997266273731079
1174.918385,0.9997392639975412
1175.400502,0.9997518907841835
1175.882619,0.9997647976644073
1176.364735,0.9997777946912574
1176.846852,0.9997907019059027
1177.328969,0.9998034093264795
1177.811085,0.9998157969674623
1178.293202,0.9998277548359019
1178.775319,0.9998393729019139
1179.257435,0.9998506211581304
1179.739552,0.9998613796086945
1180.221669,0.9998714182673397
1180.703785,0.9998806271255086
1181.185902,0.9998890161591621
1181.668019,0.9998966453414607
1182.150135,0.9999035936473911
1182.632252,0.9999098150669056
1183.114369,0.9999153795805097
1183.596486,0.9999203851694288
1184.078602,0.9999248568233899
1184.560719,0.9999287695370099
1185.042836,0.9999321962987748
1185.524952,0.9999351851005763
1186.007069,0.9999377609369309
1186.489186,0.9999400217987643
1186.971302,0.9999419896826636
1187.453419,0.9999437155840272
1187.935536,0.9999452215003968
1188.417652,0.9999465584280517
1188.899769,0.999947749365112
1189.381886,0.9999487703122852
1189.864003,0.9999496202691013
1190.346119,0.9999503252338321
1190.828236,0.9999508842062201
1191.310353,0.9999514431789206
1191.792469,0.9999520021519336
1192.274586,0.9999525121275847
1192.756703,0.9999529011091876
1193.238819,0.9999533630875346
1193.720936,0.9999538250660951
1194.203053,0.9999542140482087
1194.685169,0.9999543840404396
1195.167286,0.9999545540326993
1195.649403,0.9999546750272076
1196.131519,0.999954602030519
1196.613636,0.9999545300337902
1197.095753,0.9999550640096518
1197.57787,0.9999555259889982
1198.059986,0.9999548940173054
1198.542103,0.999954068054904
1199.02422,0.9999541890493536
1199.506336,0.9999548210206008
1199.988453,0.9999552590009083
1200.47057,0.9999555259889982
1200.952686,0.999955719980389
1201.434803,0.9999557929771592
1201.91692,0.9999557689782205
1202.399036,0.9999557449792823
1202.881153,0.9999557449792823
1203.36327,0.9999557689782205
1203.845387,0.999955719980389
1204.327503,0.9999555749868201
1204.80962,0.9999553559965731
1205.291737,0.9999551130074512
1205.773853,0.9999547970216854
1206.25597,0.9999544320382511
1206.738087,0.9999540440560067
1207.220203,0.9999536550739593
1207.70232,0.9999532170943543
1208.184437,0.9999527071183436
1208.666553,0.9999521481449365
1209.14867,0.9999515161753786
1209.630787,0.9999507632121705
1210.112904,0.999949912254433
1210.59502,0.9999489403035907
1211.077137,0.999947968353693
1211.559254,0.9999470204034684
1212.04137,0.9999459994580817
1212.523487,0.9999448575204024
1213.005604,0.9999435935909013
1213.48772,0.9999421846713705
1213.969837,0.9999406047639668
1214.451954,0.9999388788679725
1214.93407,0.9999370319825688
1215.416187,0.9999351121053105
1215.898304,0.9999330952382234
1216.38042,0.9999308593903221
1216.862537,0.999928429561286
1217.344654,0.9999258047526035
1217.826771,0.9999230589601137
1218.308887,0.9999201671868087
1218.791004,0.999917129433955
1219.273121,0.9999139697008185
1219.755237,0.9999106169948988
1220.237354,0.9999070203228781
1220.719471,0.999903253680227
1221.201587,0.9998993650640349
1221.683704,0.9998951854934243
1222.165821,0.999890735969749
1222.647937,0.9998860964874977
1223.130054,0.9998813570386329
1223.612171,0.9998763976394013
1224.094288,0.999871108307248
1224.576404,0.9998654690500999
1225.058521,0.9998596098556187
1225.540638,0.999853510730601
1226.022754,0.9998471916763814
1226.504871,0.9998407026891643
1226.986988,0.9998341237589852
1227.469104,0.9998275148772695
1227.951221,0.9998208760446117
1228.433338,0.9998141472727583
1228.915454,0.9998073685558196
1229.397571,0.9998005598908233
1229.879688,0.9997936412948872
1230.361804,0.9997865427852338
1230.843921,0.9997793043568671
1231.326038,0.9997718660265134
1231.808155,0.9997642377962773
1232.290271,0.999756269707055
1232.772388,0.9997482516939242
1233.254505,0.9997399838100705
1233.736621,0.9997312461207957
1234.218738,0.999722498510663
1234.700855,0.9997139909084005
1235.182971,0.9997057333049396
1235.665088,0.9996979556245897
1236.147205,0.9996906678530572
1236.629321,0.9996836200586923
1237.111438,0.9996773020781784
1237.593555,0.9996712340553712
1238.075672,0.9996658858285755
1238.557788,0.9996610274641763
1239.039905,0.9996564090408979
1239.522022,0.9996522804684541
1240.004138,0.9996486317442893
1240.486255,0.9996447531151227
1240.968372,0.9996415942426938
1241.450488,0.9996391651165712
1241.932605,0.999637465731435
1242.414722,0.9996367359963514
1242.896838,0.9996369759091969
1243.378955,0.9996379455575337
1243.861072,0.9996389152068113
1244.343188,0.9996398948534281
1244.825305,0.9996406145944116
1245.307422,0.9996406145944116
1245.789539,0.9996406145944116
1246.271655,0.9996408645045964
1246.753772,0.9996413443323265
1247.235889,0.9996430437240564
1247.718005,0.9996459626860057
1248.200122,0.999650091232357
1248.682239,0.9996554393746514
1249.164355,0.9996607875455584
1249.646472,0.999666125748417
1250.128589,0.9996717138976787
1250.610705,0.9996775519975352
1251.092822,0.9996841099037861
1251.574939,0.9996909077788462
1252.057056,0.9996977156971091
1252.539172,0.9997047635908486
1253.021289,0.9997118015371578
1253.503406,0.9997188495302028
1253.985522,0.9997256576387497
1254.467639,0.9997324557963353
1254.949756,0.9997387741254219
1255.431872,0.9997448525556469
1255.913989,0.9997504411449928
1256.396106,0.9997552999439436
1256.878222,0.9997599888072958
1257.360339,0.9997641378198585
1257.842456,0.9997677369772332
1258.324573,0.9997707462826505
1258.806689,0.9997732757058383
1259.288806,0.9997753852296756
1259.770923,0.9997770448581925
1260.253039,0.9997781346157654
1260.735156,0.999778794469552
1261.217273,0.9997791044010262
1261.699389,0.9997792043789417
1262.181506,0.999778984427541
1262.663623,0.9997784745403889
1263.145739,0.9997777247068141
1263.627856,0.9997768249072668
1264.109973,0.9997757351511216
1264.592089,0.9997744954299786
1265.074206,0.9997730557557418
1265.556323,0.9997715061087064
1266.03844,0.9997697265170093
1266.520556,0.9997677169818786
1267.002673,0.9997653575328507
1267.48479,0.9997626381747765
1267.966906,0.9997593489611077
1268.449023,0.9997552999439436
1268.93114,0.9997506810851275
1269.413256,0.9997448525556469
1269.895373,0.9997382842535426
1270.37749,0.9997309961880154
1270.859606,0.9997234682419568
1271.341723,0.9997164202163501
1271.82384,0.9997103519560965
1272.305957,0.9997040338066375
1272.788073,0.9996974657727115
1273.27019,0.9996892083057476
1273.752307,0.9996790015310364
1274.234423,0.9996666155849385
1274.71654,0.9996527702981916
1275.198657,0.9996384353802471
1275.680773,0.9996236108521745
1276.16289,0.9996085466378681
1276.645007,0.9995932427481706
1277.127123,0.9995776991940973
1277.60924,0.9995623957766707
1278.091357,0.9995468427067956
1278.573473,0.9995310599867542
1279.05559,0.9995155074044602
1279.537707,0.9994997251791993
1280.019824,0.999484173084471
1280.50194,0.9994686312264178
1280.984057,0.9994535693476368
1281.466174,0.9994385076958365
1281.94829,0.9994239359886223
1282.430407,0.9994098442104722
1282.912524,0.9993962423350535
1283.39464,0.9993838598923204
1283.876757,0.9993724469938081
1284.358874,0.9993622434532135
1284.84099,0.9993537389167085
1285.323107,0.9993467034911513
1285.805224,0.9993411171586926
1286.287341,0.9993372297293079
1286.769457,0.9993348013427902
1287.251574,0.9993340718286514
1287.733691,0.9993352810236099
1288.215807,0.9993384389280875
1288.697924,0.9993432957247027
1289.180041,0.9993491319065914
1289.662157,0.9993554378195088
1290.144274,0.999361513919042
1290.626391,0.9993673402136518
1291.108507,0.9993726868432242
1291.590624,0.999377783656924
1292.072741,0.999383370194349
1292.554858,0.9993896863172075
1293.036974,0.9993974615992128
1293.519091,0.9994088747833935
1294.001208,0.9994261247294388
1294.483324,0.9994457936291149
1294.965441,0.9994635239547613
1295.447558,0.9994781062339534
1295.929674,0.9994897602166146
1296.411791,0.9994994753042992
1296.893908,0.9995082209629703
1297.376024,0.9995176963458182
1297.858141,0.9995283812471029
1298.340258,0.9995400458113747
1298.822374,0.9995548591046198
1299.304491,0.9995745405335587
1299.786608,0.999595921661651
1300.268725,0.9996160837147245
1300.750841,0.9996352765277823
1301.232958,0.9996549495436061
1301.715075,0.9996753627060935
1302.197191,0.9996952864346116
1302.679308,0.9997147206998803
1303.161425,0.9997331856012944
1303.643541,0.9997511609655696
1304.125658,0.9997681268867267
1304.607775,0.9997842332809874
1305.089891,0.9997992001629865
1305.572008,0.9998130474778012
1306.054125,0.9998258351684555
1306.536242,0.9998374932056598
1307.018358,0.9998480715422973
1307.500475,0.9998576901270108
1307.982592,0.999866368929427
1308.464708,0.9998739679427071
1308.946825,0.9998806071278963
1309.428942,0.9998864864431514
1309.911058,0.9998917058642333
1310.393175,0.9998963053766592
1310.875292,0.9999003369666901
1311.357408,0.9999039826099647
1311.839525,0.9999072143048588
1312.321642,0.9999099600538393
1312.803758,0.9999123418422009
1313.285875,0.999914334669484
1313.767992,0.9999159145353809
1314.250109,0.9999172024279082
1314.732225,0.9999183933300054
1315.214342,0.9999194622433393
1315.696459,0.9999203131751637
1316.178575,0.999920920126978
1316.660692,0.9999214310866987
1317.142809,0.9999219410467587
1317.624925,0.9999224030108022
1318.107042,0.9999227429844769
1318.589159,0.9999230349619606
1319.071275,0.9999232779432875
1319.553392,0.9999235209246736
1320.035509,0.9999237149098554
1320.517626,0.999923933893173
1320.999742,0.9999241518766143
1321.481859,0.9999243708600276
1321.963976,0.9999246388397949
1322.446092,0.9999249058197092
1322.928209,0.9999252217960293
1323.410326,0.9999255617706625
1323.892442,0.9999259507417817
1324.374559,0.9999263397130521
1324.856676,0.9999267766809581
1325.338792,0.9999272876436716
1325.820909,0.9999279435961874
1326.303026,0.9999287935353006
1326.785142,0.99992981446312
1327.267259,0.9999309083869354
1327.749376,0.999931856321886
1328.231493,0.9999326582675563
1328.713609,0.9999334112171314
1329.195726,0.9999342131640488
1329.677843,0.9999351371036886
1330.159959,0.9999362060349215
1330.642076,0.9999374449566483
1331.124193,0.9999387578753755
1331.606309,0.9999400457973251
1332.088426,0.9999412607252187
1332.570543,0.9999423546615563
1333.052659,0.9999434965963775
1333.534776,0.9999447845244305
1334.016893,0.9999461694489161
1334.49901,0.9999475553752674
1334.981126,0.9999489403035907
1335.463243,0.9999503982302085
1335.94536,0.9999519291554401
1336.427476,0.9999534600830156
1336.909593,0.9999549670140153
1337.39171,0.9999564739472862
1337.873826,0.9999579558838786
1338.355943,0.9999595118196685
1338.83806,0.9999610907569842
1339.320176,0.9999626226985487
1339.802293,0.999964153642496
1340.28441,0.9999656595896453
1340.766527,0.9999670695422195
1341.248643,0.9999683814998753
1341.73076,0.9999696944592221
1342.212877,0.999970909423139
1342.694993,0.9999720763898713
1343.17711,0.9999732183586345
1343.659227,0.9999743113299595
1344.141343,0.9999753323042526
1344.62346,0.9999763852788319
1345.105577,0.9999774342546103
1345.587693,0.9999783532342946
1346.06981,0.9999791092182154
1346.551927,0.9999798452031107
1347.034043,0.9999806721867845
1347.51616,0.9999813161745449
1347.998277,0.9999816631681218
1348.480394,0.9999821011601862
1348.96251,0.9999828541469918
1349.444627,0.9999836581335297
1349.926744,0.9999842901234014
1350.40886,0.9999848301150639
1350.890977,0.9999853891067402
1351.373094,0.9999859480987289
1351.85521,0.999986446091855
1352.337327,0.9999868670862375
1352.819444,0.9999872160817149
1353.30156,0.9999875570774138
1353.783677,0.9999879020731806
1354.265794,0.999988201069608
1354.747911,0.9999884560666317
1355.230027,0.9999887160636641
1355.712144,0.9999889930605768
1356.194261,0.9999892750575126
1356.676377,0.9999895300548103
1357.158494,0.9999897340526952
1357.640611,0.9999898900511058
1358.122727,0.9999900235497651
1358.604844,0.9999901256487518
1359.086961,0.9999901766482494
1359.569077,0.999990215547868
1360.051194,0.9999902908471341
1360.533311,0.9999904124459609
1361.015427,0.9999905144449882
1361.497544,0.9999905120450109
1361.979661,0.9999904026460549
1362.461778,0.9999902860471808
1362.943894,0.9999901450485603
1363.426011,0.999989934050662
1363.908128,0.9999896370536957
1364.390244,0.9999892700575662
1364.872361,0.9999888550621053
1365.354478,0.9999883300680942
1365.836594,0.9999875960769293
1366.318711,0.9999866430892044
1366.800828,0.9999855611042419
1367.282944,0.9999843681221791
1367.765061,0.9999830141442613
1368.247178,0.999981469171698
1368.729295,0.9999797142057595
1369.211411,0.999977736247841
1369.693528,0.9999755512988744
1370.175645,0.9999731213612371
1370.657761,0.9999703744388456
1371.139878,0.9999674095310809
1371.621995,0.9999643236364166
1372.104111,0.9999610907569842
1372.586228,0.9999577128941248
1373.068345,0.9999543590415803
1373.550461,0.9999512731871897
1374.032578,0.9999486723173105
1374.514695,0.9999465824267694
1374.996812,0.9999449305163797
1375.478928,0.9999437885799211
1375.961045,0.9999432536101373
1376.443162,0.9999434475991473
1376.925278,0.9999445415378774
1377.407395,0.9999464124358648
1377.889512,0.9999487213147967
1378.371628,0.9999512241895785
1378.853745,0.9999535570785059
1379.335862,0.9999550890085288
1379.817978,0.9999546750272076
1380.300095,0.9999501062447348
1380.782212,0.9999386848798488
1381.264328,0.9999218680524596
1381.746445,0.9999092071219229
1382.228562,0.9999121958550096
1382.710679,0.9999295474818952
1383.192795,0.9999477733638582
1383.674912,0.999957737893068
1384.157029,0.9999601437942797
1384.639145,0.9999586128564715
1385.121262,0.9999552100031018
1385.603379,0.9999509812014605
1386.085495,0.9999466804215392
1386.567612,0.999942937628119
1387.049729,0.9999400457973251
1387.531845,0.9999382469068008
1388.013962,0.9999375179520845
1388.496079,0.9999379559248133
1388.978196,0.9999394868309956
1389.460312,0.999941965684056
1389.942429,0.9999451005070323
1390.424546,0.9999486973160278
1390.906662,0.9999527311172088
1391.388779,0.9999569359272839
1391.870896,0.9999610667579183
1392.353012,0.9999650036123878
1392.835129,0.9999686974899338
1393.317246,0.9999720513905697
1393.799362,0.9999750653108745
1394.281479,0.9999777262480637
1394.763596,0.9999798572028689
1395.245712,0.9999814521720131
1395.727829,0.9999826621503023
1396.209946,0.9999836201341514
1396.692063,0.9999843801219915
1397.174179,0.9999849541131904
1397.656296,0.9999853431074133
1398.138413,0.9999856001036795
1398.620529,0.9999857871010042
1399.102646,0.999985824100479
1399.584763,0.9999856781025593
1400.066879,0.9999854861053276
1400.548996,0.9999853141078388
1401.031113,0.9999851291105728
1401.513229,0.9999848661145184
1401.995346,0.9999845331196134
1402.477463,0.9999842321243143
1402.95958,0.9999840251275997
1403.441696,0.9999837991312355
1403.923813,0.9999835611351197
1404.40593,0.9999834111375967
1404.888046,0.9999832921395778
1405.370163,0.9999831141425677
1405.85228,0.9999829681450437
1406.334396,0.9999829201458623
1406.816513,0.999982912145999
1407.29863,0.9999828541469918
1407.780746,0.9999827421489185
1408.262863,0.999982621151014
1408.74498,0.9999824921532642
1409.227096,0.999982400154879
1409.709213,0.9999823751553194
1410.19133,0.9999823361560075
1410.673447,0.9999822541574593
1411.155563,0.9999822851569097
1411.63768,0.9999825361524948
1412.119797,0.9999829341456233
1412.601913,0.9999833041393774
1413.08403,0.999983549135317
1413.566147,0.9999836631334481
1414.048263,0.9999836801331705
1414.53038,0.9999837311323395
1415.012497,0.999983914129379
1415.494613,0.9999841521255789
1415.97673,0.9999843951217574
1416.458847,0.9999846721174732
1416.940964,0.9999849881126796
1417.42308,0.9999853351075306
1417.905197,0.999985712102073
1418.387314,0.9999861620957446
1418.86943,0.9999866960884978
1419.351547,0.9999871680823298
1419.833664,0.9999874810783623
1420.31578,0.999987758074933
1420.797897,0.9999880890709357
1421.280014,0.9999884830663204
1421.76213,0.9999888910617047
1422.244247,0.9999892310579854
1422.726364,0.9999895160549569
1423.208481,0.9999898320516939
1423.690597,0.999990162048393
1424.172714,0.9999904415456823
1424.654831,0.9999907089431621
1425.136947,0.9999910005404954
1425.619064,0.999991243538338
1426.101181,0.9999914137368622
1426.583297,0.9999916202351105
1427.065414,0.9999918584331428
1427.547531,0.9999920261317915
1428.029647,0.9999921257310023
1428.511764,0.9999922545299963
1428.993881,0.9999924320286372
1429.475997,0.9999926677268812
1429.958114,0.9999928816253357
1430.440231,0.9999929569248026
1430.922348,0.999992961824768
1431.404464,0.9999930274243085
1431.886581,0.9999931465234851
1432.368698,0.999993255822742
1432.850814,0.9999933288222524
1433.332931,0.9999933628220261
1433.815048,0.9999933263222691
1434.297164,0.9999932486227906
1434.779281,0.9999932024231036
1435.261398,0.9999932024231036
1435.743514,0.9999932267229388
1436.225631,0.999993255822742
1436.707748,0.9999932315229062
1437.189865,0.9999931173236857
1437.671981,0.9999929812246318
1438.154098,0.9999928670254398
1438.636215,0.9999927625261906
1439.118331,0.9999926312271495
1439.600448,0.9999925000281249
1440.082565,0.9999924295286562
1440.564681,0.9999923688291176
1441.046798,0.9999922934296958
1441.528915,0.9999922011304113
1442.011031,0.9999920966312318
1442.493148,0.9999920067319463
1442.975265,0.9999919362325124
1443.457381,0.9999918584331428
1443.939498,0.9999917345341591
1444.421615,0.9999915692355391
1444.903732,0.9999913991369876
1445.385848,0.9999912678381255
1445.867965,0.9999911658390215
1446.350082,0.9999910661399072
1446.832198,0.9999908984414194
1447.314315,0.9999906918433211
1447.796432,0.99999055334462
1448.278548,0.9999904610454962
1448.760665,0.9999903759463115
1449.242782,0.9999902908471341
1449.724898,0.9999901693483212
1450.207015,0.9999900648493539
1450.689132,0.9999900211497891
1451.171249,0.9999899630503705
1451.653365,0.9999897560524695
1452.135482,0.9999893990561904
1452.617599,0.9999891220591652
1453.099715,0.9999892020582982
1453.581832,0.9999894770553666
1454.063949,0.9999896270537993
1454.546065,0.9999896400536646
1455.028182,0.9999896300537683
1455.510299,0.9999896520535404
1455.992415,0.9999897320527157
1456.474532,0.9999898290517244
1456.956649,0.9999898320516939
1457.438765,0.9999897490525413
1457.920882,0.9999897560524695
1458.402999,0.9999898140518771
1458.885116,0.9999898190518262
1459.367232,0.9999898340516736
1459.849349,0.9999898700513082
1460.331466,0.9999898660513488
1460.813582,0.9999898340516736
1461.295699,0.9999898290517244
1461.777816,0.9999898530514806
1462.259932,0.9999899000510049
1462.742049,0.9999899650503504
1463.224166,0.9999900381496195
1463.706282,0.9999901037489682
1464.188399,0.9999901766482494
1464.670516,0.9999902665473703
1465.152633,0.9999903540465225
1465.634749,0.9999904440456584
1466.116866,0.9999905144449882
1466.598983,0.9999904926451952
1467.081099,0.9999904488456126
1467.563216,0.9999904537455657
1468.045333,0.9999905071450574
1468.527449,0.9999906116440709
1469.009566,0.9999907769425327
1469.491683,0.999990944641
1469.973799,0.999991039440146
1470.455916,0.9999910321402115
1470.938033,0.9999909859406269
1471.42015,0.9999910564399939
1471.902266,0.999991226538487
1472.384383,0.9999913456374492
1472.8665,0.9999914161368416
1473.348616,0.9999914744363428
1473.830733,0.9999914428366127
1474.31285,0.9999913359375332
1474.794966,0.9999912873379555
1475.277083,0.99999134323747
1475.7592,0.9999914112368836
1476.241316,0.9999914209368004
1476.723433,0.9999913918370504
1477.20555,0.9999913699372392
1477.687666,0.9999913505374068
1478.169783,0.99999134323747
1478.6519,0.9999913164377023
1479.134017,0.999991233838423
1479.616133,0.9999911901388071
1480.09825,0.9999912217385292
1480.580367,0.9999912460383161
1481.062483,0.99999123873838
1481.5446,0.9999912484382951
1482.026717,0.9999912848379773
1482.508833,0.9999913480374284
1482.99095,0.9999914088369043
1483.473067,0.9999914404366332
1483.955183,0.9999914817362806
1484.4373,0.9999916081352119
1484.919417,0.9999918074335593
1485.401534,0.9999920407316751
1485.88365,0.9999922302301848
1486.365767,0.9999923445293033
1486.847884,0.9999924052288405
1487.33,0.9999923736290809
1487.812117,0.9999922327301654
1488.294234,0.9999920237318106
1488.77635,0.999991744234079
1489.258467,0.9999914137368622
1489.740584,0.9999911779389146
1490.2227,0.9999912581382103
1490.704817,0.9999917077343811
1491.186934,0.9999922910297142
1491.66905,0.999992750326279
1492.151167,0.9999930177243762
1492.633284,0.9999931611233852
1493.115401,0.9999932194229882
1493.597517,0.999993197523137
1494.079634,0.9999931149237022
1494.561751,0.9999930274243085
1495.043867,0.999993000724495
1495.525984,0.9999930298242918
1496.008101,0.9999930760239708
1496.490217,0.9999932170230045
1496.972334,0.9999935402208645
1497.454451,0.9999938974186209
1497.936567,0.9999941453171387
1498.418684,0.9999943276160881
1498.900801,0.9999944273155275
1499.382918,0.9999944904151779
1499.865034,0.9999946387143718
1500.347151,0.9999948793131107
1500.829268,0.9999951442117894
1501.311384,0.99999538481065
1501.793501,0.9999955938097073
1502.275618,0.9999958077087877
1502.757734,0.9999960143079429
1503.239851,0.9999961868072702
1503.721968,0.9999963229067605
1504.204084,0.9999964396063382
1504.686201,0.9999965465059634
1505.168318,0.9999966632055671
1505.650435,0.9999967968051302
1506.132551,0.9999969426046739
1506.614668,0.9999970933042245
1507.096785,0.9999971444040773
1507.578901,0.999997076304274
1508.061018,0.999997042304374
1508.543135,0.9999971176041541
1509.025251,0.999997219703865
1509.507368,0.9999972975036517
1509.989485,0.999997360703483
1510.471601,0.9999973825034256
1510.953718,0.9999973777034382
1511.435835,0.9999974141033434
1511.917951,0.9999975429030187
1512.400068,0.9999976402027844
1512.882185,0.9999976183028363
1513.364302,0.9999975794029297
1513.846418,0.9999976329028015
1514.328535,0.9999977422025488
1514.810652,0.9999977933024348
1515.292768,0.9999977884024456
1515.774885,0.9999978103023974
1516.257002,0.9999978832022404
1516.739118,0.9999979853020295
1517.221235,0.999998072801857
1517.703352,0.9999980655018711
1518.185468,0.9999980217019568
1518.667585,0.9999980655018711
1519.149702,0.9999981748016656
1519.631819,0.9999983206014101
1520.113935,0.9999984640011796
1520.596052,0.9999985928009901
1521.078169,0.9999986633008934
1521.560285,0.9999986099009662
1522.042402,0.9999985491010526
1522.524519,0.9999986099009662
1523.006635,0.9999986852008643
1523.488752,0.9999987338008016
1523.970869,0.9999987800007442
1524.452985,0.9999988383006748
1524.935102,0.9999989185005849
1525.417219,0.9999989914005086
1525.899335,0.9999990060004941
1526.381452,0.9999989866005135
1526.863569,0.9999989817005185
1527.345686,0.9999989866005135
1527.827802,0.9999990254404749
1528.309919,0.9999990886304153
1528.792036,0.9999991469603638
1529.274152,0.9999991591103535
1529.756269,0.9999991469603638
1530.238386,0.9999991493903617
1530.720502,0.9999991615403515
1531.202619,0.9999991591103535
1531.684736,0.9999991688303455
1532.166852,0.9999992077103138
1532.648969,0.9999992806202588
1533.131086,0.999999385130189
1533.613203,0.9999994385901576
1534.095319,0.9999994191501687
1534.577436,0.9999994264401645
1535.059553,0.9999994677601416
1535.541669,0.9999994531801495
1536.023786,0.9999993972801816
1536.505903,0.9999993656802012
1536.988019,0.9999993559602074
1537.470136,0.9999993656802012
1537.952253,0.9999994288701631
1538.434369,0.9999995674000935
1538.916486,0.9999996840600499
1539.398603,0.9999996937800469
1539.880719,0.9999996476000621
1540.362836,0.9999995674000935
1540.844953,0.9999995090701205
1541.32707,0.9999995892700844
1541.809186,0.9999997399500338
1542.291303,0.9999997521100307
1542.77342,0.9999996864900491
1543.255536,0.9999996670500554
1543.737653,0.999999674340053
1544.21977,0.9999996913500476
1544.701886,0.9999997423900332
1545.184003,0.9999997691200266
1545.66612,0.9999997326600357
1546.148236,0.9999996889200484
1546.630353,0.9999996548900596
1547.11247,0.9999996354500664
1547.594587,0.9999996524600604
1548.076703,0.9999996864900491
1548.55882,0.9999996937800469
1549.040937,0.9999996937800469
1549.523053,0.999999703500044
1550.00517,1.0
1550.487287,1.0
1550.969403,1.0
1551.45152,1.0
1551.933637,1.0
1552.415753,1.0
1552.89787,1.0
1553.379987,1.0
1553.862104,1.0
1554.34422,1.0
1554.826337,1.0
1555.308454,1.0
1555.79057,1.0
1556.272687,1.0
1556.754804,1.0
1557.23692,1.0
1557.719037,1.0
1558.201154,1.0
1558.68327,1.0
1559.165387,1.0
1559.647504,1.0
1560.12962,1.0
1560.611737,1.0
1561.093854,1.0
1561.575971,1.0
1562.058087,1.0
1562.540204,1.0
1563.022321,1.0
1563.504437,1.0
1563.986554,1.0
1564.468671,1.0
1564.950787,1.0
1565.432904,1.0
1565.915021,1.0
1566.397137,1.0
1566.879254,1.0
1567.361371,1.0
1567.843488,1.0
1568.325604,1.0
1568.807721,1.0
1569.289838,1.0
1569.771954,1.0
1570.254071,1.0
1570.736188,1.0
1571.218304,1.0
1571.700421,1.0
1572.182538,1.0
1572.664654,1.0
1573.146771,1.0
1573.628888,1.0
1574.111004,1.0
1574.593121,1.0
1575.075238,1.0
1575.557355,1.0
1576.039471,1.0
1576.521588,1.0
1577.003705,1.0
1577.485821,1.0
1577.967938,1.0
1578.450055,1.0
1578.932171,1.0
1579.414288,1.0
1579.896405,1.0
1580.378521,1.0
1580.860638,1.0
1581.342755,1.0
1581.824872,1.0
1582.306988,1.0
1582.789105,1.0
1583.271222,1.0
1583.753338,1.0
1584.235455,1.0
1584.717572,1.0
1585.199688,1.0
1585.681805,1.0
1586.163922,1.0
1586.646038,1.0
1587.128155,1.0
1587.610272,1.0
1588.092388,1.0
1588.574505,1.0
1589.056622,1.0
1589.538739,1.0
1590.020855,1.0
1590.502972,1.0
1590.985089,1.0
1591.467205,1.0
1591.949322,1.0
1592.431439,1.0
1592.913555,1.0
1593.395672,1.0
1593.877789,1.0
1594.359905,1.0
1594.842022,1.0
1595.324139,1.0
1595.806256,1.0
1596.288372,1.0
1596.770489,1.0
1597.252606,1.0
1597.734722,1.0
1598.216839,1.0
1598.698956,1.0
1599.181072,1.0
1599.663189,1.0
1600.145306,1.0
1600.627422,1.0
1601.109539,1.0
1601.591656,1.0
1602.073773,1.0
1602.555889,1.0
1603.038006,1.0
1603.520123,1.0
1604.002239,1.0
1604.484356,1.0
1604.966473,1.0
1605.448589,1.0
1605.930706,1.0
1606.412823,1.0
1606.894939,1.0
1607.377056,1.0
1607.859173,1.0
1608.341289,1.0
1608.823406,1.0
1609.305523,1.0
1609.78764,1.0
1610.269756,1.0
1610.751873,1.0
1611.23399,1.0
1611.716106,1.0
1612.198223,1.0
1612.68034,1.0
1613.162456,1.0
1613.644573,1.0
1614.12669,1.0
1614.608806,1.0
1615.090923,1.0
1615.57304,1.0
1616.055157,1.0
1616.537273,1.0
1617.01939,1.0
1617.501507,1.0
1617.983623,1.0
1618.46574,1.0
1618.947857,1.0
1619.429973,1.0
1619.91209,1.0
1620.394207,1.0
1620.876323,1.0
1621.35844,1.0
1621.840557,1.0
1622.322673,1.0
1622.80479,1.0
1623.286907,1.0
1623.769024,1.0
1624.25114,1.0
1624.733257,1.0
1625.215374,1.0
1625.69749,1.0
1626.179607,1.0
1626.661724,1.0
1627.14384,1.0
1627.625957,1.0
1628.108074,1.0
1628.59019,1.0
1629.072307,1.0
1629.554424,1.0
1630.036541,1.0
1630.518657,1.0
1631.000774,1.0
1631.482891,1.0
1631.965007,1.0
1632.447124,1.0
1632.929241,1.0
1633.411357,1.0
1633.893474,1.0
1634.375591,1.0
1634.857707,1.0
1635.339824,1.0
1635.821941,1.0
1636.304058,1.0
1636.786174,1.0
1637.268291,1.0
1637.750408,1.0
1638.232524,1.0
1638.714641,1.0
1639.196758,1.0
1639.678874,1.0
1640.160991,1.0
1640.643108,1.0
1641.125224,1.0
1641.607341,1.0
1642.089458,1.0
1642.571574,1.0
1643.053691,1.0
1643.535808,1.0
1644.017925,1.0
1644.500041,1.0
1644.982158,1.0
1645.464275,1.0
1645.946391,1.0
1646.428508,1.0
1646.910625,1.0
1647.392741,1.0
1647.874858,1.0
1648.356975,1.0
1648.839091,1.0
1649.321208,1.0
1649.803325,1.0
1650.285442,1.0
1650.767558,1.0
1651.249675,1.0
1651.731792,1.0
1652.213908,1.0
1652.696025,1.0
1653.178142,1.0
1653.660258,1.0
1654.142375,1.0
1654.624492,1.0
1655.106608,1.0
1655.588725,1.0
1656.070842,1.0
1656.552958,1.0
1657.035075,1.0
1657.517192,1.0
1657.999309,1.0
1658.481425,1.0
1658.963542,1.0
1659.445659,1.0
1659.927775,1.0
1660.409892,1.0
1660.892009,1.0
1661.374125,1.0
1661.856242,1.0
1662.338359,1.0
1662.820475,1.0
1663.302592,1.0
1663.784709,1.0
1664.266826,1.0
1664.748942,1.0
1665.231059,1.0
1665.713176,1.0
1666.195292,1.0
1666.677409,1.0
1667.159526,1.0
1667.641642,1.0
1668.123759,1.0
1668.605876,1.0
1669.087992,1.0
1669.570109,1.0
1670.052226,1.0
1670.534342,1.0
1671.016459,1.0
1671.498576,1.0
1671.980693,1.0
1672.462809,1.0
1672.944926,1.0
1673.427043,1.0
1673.909159,1.0
1674.391276,1.0
1674.873393,1.0
1675.355509,1.0
1675.837626,1.0
1676.319743,1.0
1676.801859,1.0
1677.283976,1.0
1677.766093,1.0
1678.24821,1.0
1678.730326,1.0
1679.212443,1.0
1679.69456,1.0
1680.176676,1.0
1680.658793,1.0
1681.14091,1.0
1681.623026,1.0
1682.105143,1.0
1682.58726,1.0
1683.069376,1.0
1683.551493,1.0
1684.03361,1.0
1684.515727,1.0
1684.997843,1.0
1685.47996,1.0
1685.962077,1.0
1686.444193,1.0
1686.92631,1.0
1687.408427,1.0
1687.890543,1.0
1688.37266,1.0
1688.854777,1.0
1689.336893,1.0
1689.81901,1.0
1690.301127,1.0
1690.783243,1.0
1691.26536,1.0
1691.747477,1.0
1692.229594,1.0
1692.71171,1.0
1693.193827,1.0
1693.675944,1.0
1694.15806,1.0
1694.640177,1.0
1695.122294,1.0
1695.60441,1.0
1696.086527,1.0
1696.568644,1.0
1697.05076,1.0
1697.532877,1.0
1698.014994,1.0
1698.497111,1.0
1698.979227,1.0
1699.461344,1.0
1699.943461,1.0
1700.425577,1.0
1700.907694,1.0
1701.389811,1.0
1701.871927,1.0
1702.354044,1.0
1702.836161,1.0
1703.318277,1.0
1703.800394,1.0
1704.282511,1.0
1704.764627,1.0
1705.246744,1.0
1705.728861,1.0
1706.210978,1.0
1706.693094,1.0
1707.175211,1.0
1707.657328,1.0
1708.139444,1.0
1708.621561,1.0
1709.103678,1.0
1709.585794,1.0
1710.067911,1.0
1710.550028,1.0
1711.032144,1.0
1711.514261,1.0
1711.996378,1.0
1712.478495,1.0
1712.960611,1.0
1713.442728,1.0
1713.924845,1.0
1714.406961,1.0
1714.889078,1.0
1715.371195,1.0
1715.853311,1.0
1716.335428,1.0
1716.817545,1.0
1717.299661,1.0
1717.781778,1.0
1718.263895,1.0
1718.746012,1.0
1719.228128,1.0
1719.710245,1.0
1720.192362,1.0
1720.674478,1.0
1721.156595,1.0
1721.638712,1.0
1722.120828,1.0
1722.602945,1.0
1723.085062,1.0
1723.567178,1.0
1724.049295,1.0
1724.531412,1.0
1725.013528,1.0
1725.495645,1.0
1725.977762,1.0
1726.459879,1.0
1726.941995,1.0
1727.424112,1.0
1727.906229,1.0
1728.388345,1.0
1728.870462,1.0
1729.352579,1.0
1729.834695,1.0
1730.316812,1.0
1730.798929,1.0
1731.281045,1.0
1731.763162,1.0
1732.245279,1.0
1732.727396,1.0
1733.209512,1.0
1733.691629,1.0
1734.173746,1.0
1734.655862,1.0
1735.137979,1.0
1735.620096,1.0
1736.102212,1.0
1736.584329,1.0
1737.066446,1.0
1737.548562,1.0
1738.030679,1.0
1738.512796,1.0
1738.994912,1.0
1739.477029,1.0
1739.959146,1.0
1740.441263,1.0
1740.923379,1.0
1741.405496,1.0
1741.887613,1.0
1742.369729,1.0
1742.851846,1.0
1743.333963,1.0
1743.816079,1.0
1744.298196,1.0
1744.780313,1.0
1745.262429,1.0
1745.744546,1.0
1746.226663,1.0
1746.70878,1.0
1747.190896,1.0
1747.673013,1.0
1748.15513,1.0
1748.637246,1.0
1749.119363,1.0
1749.60148,1.0
1750.083596,1.0
1750.565713,1.0
1751.04783,1.0
1751.529946,1.0
1752.012063,1.0
1752.49418,1.0
1752.976296,1.0
1753.458413,1.0
1753.94053,1.0
1754.422647,1.0
1754.904763,1.0
1755.38688,1.0
1755.868997,1.0
1756.351113,1.0
1756.83323,1.0
1757.315347,1.0
1757.797463,1.0
1758.27958,1.0
1758.761697,1.0
1759.243813,1.0
1759.72593,1.0
1760.208047,1.0
1760.690164,1.0
1761.17228,1.0
1761.654397,1.0
1762.136514,1.0
1762.61863,1.0
1763.100747,1.0
1763.582864,1.0
1764.06498,1.0
1764.547097,1.0
1765.029214,1.0
1765.51133,1.0
1765.993447,1.0
1766.475564,1.0
1766.957681,1.0
1767.439797,1.0
1767.921914,1.0
1768.404031,1.0
1768.886147,1.0
1769.368264,1.0
1769.850381,1.0
1770.332497,1.0
1770.814614,1.0
1771.296731,1.0
1771.778847,1.0
1772.260964,1.0
1772.743081,1.0
1773.225197,1.0
1773.707314,1.0
1774.189431,1.0
1774.671548,1.0
1775.153664,1.0
1775.635781,1.0
1776.117898,1.0
1776.600014,1.0
1777.082131,1.0
1777.564248,1.0
1778.046364,1.0
1778.528481,1.0
1779.010598,1.0
1779.492714,1.0
1779.974831,1.0
1780.456948,1.0
1780.939065,1.0
1781.421181,1.0
1781.903298,1.0
1782.385415,1.0
1782.867531,1.0
1783.349648,1.0
1783.831765,1.0
1784.313881,1.0
1784.795998,1.0
1785.278115,1.0
1785.760231,1.0
1786.242348,1.0
1786.724465,1.0
1787.206581,1.0
1787.688698,1.0
1788.170815,1.0
1788.652932,1.0
1789.135048,1.0
1789.617165,1.0
1790.099282,1.0
1790.581398,1.0
1791.063515,1.0
1791.545632,1.0
1792.027748,1.0
1792.509865,1.0
1792.991982,1.0
1793.474098,1.0
1793.956215,1.0
1794.438332,1.0
1794.920449,1.0
1795.402565,1.0
1795.884682,1.0
1796.366799,1.0
1796.848915,1.0
1797.331032,1.0
1797.813149,1.0
1798.295265,1.0
1798.777382,1.0
1799.259499,1.0
1799.741615,1.0
1800.223732,1.0
1800.705849,1.0
1801.187965,1.0
1801.670082,1.0
1802.152199,1.0
1802.634316,1.0
1803.116432,1.0
1803.598549,1.0
1804.080666,1.0
1804.562782,1.0
1805.044899,1.0
1805.527016,1.0
1806.009132,1.0
1806.491249,1.0
1806.973366,1.0
1807.455482,1.0
1807.937599,1.0
1808.419716,1.0
1808.901833,1.0
1809.383949,1.0
1809.866066,1.0
1810.348183,1.0
1810.830299,1.0
1811.312416,1.0
1811.794533,1.0
1812.276649,1.0
1812.758766,1.0
1813.240883,1.0
1813.722999,1.0
1814.205116,1.0
1814.687233,1.0
1815.16935,1.0
1815.651466,1.0
1816.133583,1.0
1816.6157,1.0
1817.097816,1.0
1817.579933,1.0
1818.06205,1.0
1818.544166,1.0
1819.026283,1.0
1819.5084,1.0
1819.990516,1.0
1820.472633,1.0
1820.95475,1.0
1821.436866,1.0
1821.918983,1.0
1822.4011,1.0
1822.883217,1.0
1823.365333,1.0
1823.84745,1.0
1824.329567,1.0
1824.811683,1.0
1825.2938,1.0
1825.775917,1.0
1826.258033,1.0
1826.74015,1.0
1827.222267,1.0
1827.704383,1.0
1828.1865,1.0
1828.668617,1.0
1829.150734,1.0
1829.63285,1.0
1830.114967,1.0
1830.597084,1.0
1831.0792,1.0
1831.561317,1.0
1832.043434,1.0
1832.52555,1.0
1833.007667,1.0
1833.489784,1.0
1833.9719,1.0
1834.454017,1.0
1834.936134,1.0
1835.41825,1.0
1835.900367,1.0
1836.382484,1.0
1836.864601,1.0
1837.346717,1.0
1837.828834,1.0
1838.310951,1.0
1838.793067,1.0
1839.275184,1.0
1839.757301,1.0
1840.239417,1.0
1840.721534,1.0
1841.203651,1.0
1841.685767,1.0
1842.167884,1.0
1842.650001,1.0
1843.132118,1.0
1843.614234,1.0
1844.096351,1.0
1844.578468,1.0
1845.060584,1.0
1845.542701,1.0
1846.024818,1.0
1846.506934,1.0
1846.989051,1.0
1847.471168,1.0
1847.953284,1.0
1848.435401,1.0
1848.917518,1.0
1849.399635,1.0
1849.881751,1.0
1850.363868,1.0
1850.845985,1.0
1851.328101,1.0
1851.810218,1.0
1852.292335,1.0
1852.774451,1.0
1853.256568,1.0
1853.738685,1.0
1854.220801,1.0
1854.702918,1.0
1855.185035,1.0
1855.667151,1.0
1856.149268,1.0
1856.631385,1.0
1857.113502,1.0
1857.595618,1.0
1858.077735,1.0
1858.559852,1.0
1859.041968,1.0
1859.524085,1.0
1860.006202,1.0
1860.488318,1.0
1860.970435,1.0
1861.452552,1.0
1861.934668,1.0
1862.416785,1.0
1862.898902,1.0
1863.381019,1.0
1863.863135,1.0
1864.345252,1.0
1864.827369,1.0
1865.309485,1.0
1865.791602,1.0
1866.273719,1.0
1866.755835,1.0
1867.237952,1.0
1867.720069,1.0
1868.202185,1.0
1868.684302,1.0
1869.166419,1.0
1869.648535,1.0
1870.130652,1.0
1870.612769,1.0
1871.094886,1.0
1871.577002,1.0
1872.059119,1.0
1872.541236,1.0
1873.023352,1.0
1873.505469,1.0
1873.987586,1.0
1874.469702,1.0
1874.951819,1.0
1875.433936,1.0
1875.916052,1.0
1876.398169,1.0
1876.880286,1.0
1877.362403,1.0
1877.844519,1.0
1878.326636,1.0
1878.808753,1.0
1879.290869,1.0
1879.772986,1.0
1880.255103,1.0
1880.737219,1.0
1881.219336,1.0
1881.701453,1.0
1882.183569,1.0
1882.665686,1.0
1883.147803,1.0
1883.629919,1.0
1884.112036,1.0
1884.594153,1.0
1885.07627,1.0
1885.558386,1.0
1886.040503,1.0
1886.52262,1.0
1887.004736,1.0
1887.486853,1.0
1887.96897,1.0
1888.451086,1.0
1888.933203,1.0
1889.41532,1.0
1889.897436,1.0
1890.379553,1.0
1890.86167,1.0
1891.343787,1.0
1891.825903,1.0
1892.30802,1.0
1892.790137,1.0
1893.272253,1.0
1893.75437,1.0
1894.236487,1.0
1894.718603,1.0
1895.20072,1.0
1895.682837,1.0
1896.164953,1.0
1896.64707,1.0
1897.129187,1.0
1897.611304,1.0
1898.09342,1.0
1898.575537,1.0
1899.057654,1.0
1899.53977,1.0
1900.021887,1.0
1900.504004,1.0
1900.98612,1.0
1901.468237,1.0
1901.950354,1.0
1902.43247,1.0
1902.914587,1.0
1903.396704,1.0
1903.87882,1.0
1904.360937,1.0
1904.843054,1.0
1905.325171,1.0
1905.807287,1.0
1906.289404,1.0
1906.771521,1.0
1907.253637,1.0
1907.735754,1.0
1908.217871,1.0
1908.699987,1.0
1909.182104,1.0
1909.664221,1.0
1910.146337,1.0
1910.628454,1.0
1911.110571,1.0
1911.592688,1.0
1912.074804,1.0
1912.556921,1.0
1913.039038,1.0
1913.521154,1.0
1914.003271,1.0
1914.485388,1.0
1914.967504,1.0
1915.449621,1.0
1915.931738,1.0
1916.413854,1.0
1916.895971,1.0
1917.378088,1.0
1917.860204,1.0
1918.342321,1.0
1918.824438,1.0
1919.306555,1.0
1919.788671,1.0
1920.270788,1.0
1920.752905,1.0
1921.235021,1.0
1921.717138,1.0
1922.199255,1.0
1922.681371,1.0
1923.163488,1.0
1923.645605,1.0
1924.127721,1.0
1924.609838,1.0
1925.091955,1.0
1925.574072,1.0
1926.056188,1.0
1926.538305,1.0
1927.020422,1.0
1927.502538,1.0
1927.984655,1.0
1928.466772,1.0
1928.948888,1.0
1929.431005,1.0
1929.913122,1.0
1930.395238,1.0
1930.877355,1.0
1931.359472,1.0
1931.841588,1.0
1932.323705,1.0
1932.805822,1.0
1933.287939,1.0
1933.770055,1.0
1934.252172,1.0
1934.734289,1.0
1935.216405,1.0
1935.698522,1.0
1936.180639,1.0
1936.662755,1.0
1937.144872,1.0
1937.626989,1.0
1938.109105,1.0
1938.591222,1.0
1939.073339,1.0
1939.555456,1.0
1940.037572,1.0
1940.519689,1.0
1941.001806,1.0
1941.483922,1.0
1941.966039,1.0
1942.448156,1.0
1942.930272,1.0
1943.412389,1.0
1943.894506,1.0
1944.376622,1.0
1944.858739,1.0
1945.340856,1.0
1945.822973,1.0
1946.305089,1.0
1946.787206,1.0
1947.269323,1.0
1947.751439,1.0
1948.233556,1.0
1948.715673,1.0
1949.197789,1.0
1949.679906,1.0
1950.162023,1.0
1950.644139,1.0
1951.126256,1.0
1951.608373,1.0
1952.090489,1.0
1952.572606,1.0
1953.054723,1.0
1953.53684,1.0
1954.018956,1.0
1954.501073,1.0
1954.98319,1.0
1955.465306,1.0
1955.947423,1.0
1956.42954,1.0
1956.911656,1.0
1957.393773,1.0
1957.87589,1.0
1958.358006,1.0
1958.840123,1.0
1959.32224,1.0
1959.804357,1.0
1960.286473,1.0
1960.76859,1.0
1961.250707,1.0
1961.732823,1.0
1962.21494,1.0
1962.697057,1.0
1963.179173,1.0
1963.66129,1.0
1964.143407,1.0
1964.625523,1.0
1965.10764,1.0
1965.589757,1.0
1966.071873,1.0
1966.55399,1.0
1967.036107,1.0
1967.518224,1.0
1968.00034,1.0
1968.482457,1.0
1968.964574,1.0
1969.44669,1.0
1969.928807,1.0
1970.410924,1.0
1970.89304,1.0
1971.375157,1.0
1971.857274,1.0
1972.33939,1.0
1972.821507,1.0
1973.303624,1.0
1973.785741,1.0
1974.267857,1.0
1974.749974,1.0
1975.232091,1.0
1975.714207,1.0
1976.196324,1.0
1976.678441,1.0
1977.160557,1.0
1977.642674,1.0
1978.124791,1.0
1978.606907,1.0
1979.089024,1.0
1979.571141,1.0
1980.053258,1.0
1980.535374,1.0
1981.017491,1.0
1981.499608,1.0
1981.981724,1.0
1982.463841,1.0
1982.945958,1.0
1983.428074,1.0
1983.910191,1.0
1984.392308,1.0
1984.874424,1.0
1985.356541,1.0
1985.838658,1.0
1986.320774,1.0
1986.802891,1.0
1987.285008,1.0
1987.767125,1.0
1988.249241,1.0
1988.731358,1.0
1989.213475,1.0
1989.695591,1.0
1990.177708,1.0
1990.659825,1.0
1991.141941,1.0
1991.624058,1.0
1992.106175,1.0
1992.588291,1.0
1993.070408,1.0
1993.552525,1.0
1994.034642,1.0
1994.516758,1.0
1994.998875,1.0
1995.480992,1.0
1995.963108,1.0
1996.445225,1.0
1996.927342,1.0
1997.409458,1.0
1997.891575,1.0
1998.373692,1.0
1998.855808,1.0
1999.337925,1.0
1999.820042,1.0
2000.302158,1.0
2000.784275,1.0
2001.266392,1.0
2001.748509,1.0
2002.230625,1.0
2002.712742,1.0
2003.194859,1.0
2003.676975,1.0
2004.159092,1.0
2004.641209,1.0
2005.123325,1.0
2005.605442,1.0
2006.087559,1.0
2006.569675,1.0
2007.051792,1.0
2007.533909,1.0
2008.016026,1.0
2008.498142,1.0
2008.980259,1.0
2009.462376,1.0
2009.944492,1.0
2010.426609,1.0
2010.908726,1.0
2011.390842,1.0
2011.872959,1.0
2012.355076,1.0
2012.837192,1.0
2013.319309,1.0
2013.801426,1.0
2014.283542,1.0
2014.765659,1.0
2015.247776,1.0
2015.729893,1.0
2016.212009,1.0
2016.694126,1.0
2017.176243,1.0
2017.658359,1.0
2018.140476,1.0
2018.622593,1.0
2019.104709,1.0
2019.586826,1.0
2020.068943,1.0
2020.551059,1.0
2021.033176,1.0
2021.515293,1.0
2021.99741,1.0
2022.479526,1.0
2022.961643,1.0
2023.44376,1.0
2023.925876,1.0
2024.407993,1.0
2024.89011,1.0
2025.372226,1.0
2025.854343,1.0
2026.33646,1.0
2026.818576,1.0
2027.300693,1.0
2027.78281,1.0
2028.264927,1.0
2028.747043,1.0
2029.22916,1.0
2029.711277,1.0
2030.193393,1.0
2030.67551,1.0
2031.157627,1.0
2031.639743,1.0
2032.12186,1.0
2032.603977,1.0
2033.086093,1.0
2033.56821,1.0
2034.050327,1.0
2034.532443,1.0
2035.01456,1.0
2035.496677,1.0
2035.978794,1.0
2036.46091,1.0
2036.943027,1.0
2037.425144,1.0
2037.90726,1.0
2038.389377,1.0
2038.871494,1.0
2039.35361,1.0
2039.835727,1.0
2040.317844,1.0
2040.79996,1.0
2041.282077,1.0
2041.764194,1.0
2042.246311,1.0
2042.728427,1.0
2043.210544,1.0
2043.692661,1.0
2044.174777,1.0
2044.656894,1.0
2045.139011,1.0
2045.621127,1.0
2046.103244,1.0
2046.585361,1.0
2047.067477,1.0
2047.549594,1.0
2048.031711,1.0
2048.513827,1.0
2048.995944,1.0
2049.478061,1.0
2049.960178,1.0
2050.442294,1.0
2050.924411,1.0
2051.406528,1.0
2051.888644,1.0
2052.370761,1.0
2052.852878,1.0
2053.334994,1.0
2053.817111,1.0
2054.299228,1.0
2054.781344,1.0
2055.263461,1.0
2055.745578,1.0
2056.227695,1.0
2056.709811,1.0
2057.191928,1.0
2057.674045,1.0
2058.156161,1.0
2058.638278,1.0
2059.120395,1.0
2059.602511,1.0
2060.084628,1.0
2060.566745,1.0
2061.048861,1.0
2061.530978,1.0
2062.013095,1.0
2062.495212,1.0
2062.977328,1.0
2063.459445,1.0
2063.941562,1.0
2064.423678,1.0
2064.905795,1.0
2065.387912,1.0
2065.870028,1.0
2066.352145,1.0
2066.834262,1.0
2067.316378,1.0
2067.798495,1.0
2068.280612,1.0
2068.762728,1.0
2069.244845,1.0
2069.726962,1.0
2070.209079,1.0
2070.691195,1.0
2071.173312,1.0
2071.655429,1.0
2072.137545,1.0
2072.619662,1.0
2073.101779,1.0
2073.583895,1.0
2074.066012,1.0
2074.548129,1.0
2075.030245,1.0
2075.512362,1.0
2075.994479,1.0
2076.476596,1.0
2076.958712,1.0
2077.440829,1.0
2077.922946,1.0
2078.405062,1.0
2078.887179,1.0
2079.369296,1.0
2079.851412,1.0
2080.333529,1.0
2080.815646,1.0
2081.297762,1.0
2081.779879,1.0
2082.261996,1.0
2082.744112,1.0
2083.226229,1.0
2083.708346,1.0
2084.190463,1.0
2084.672579,1.0
2085.154696,1.0
2085.636813,1.0
2086.118929,1.0
2086.601046,1.0
2087.083163,1.0
2087.565279,1.0
2088.047396,1.0
2088.529513,1.0
2089.011629,1.0
2089.493746,1.0
2089.975863,1.0
2090.45798,1.0
2090.940096,1.0
2091.422213,1.0
2091.90433,1.0
2092.386446,1.0
2092.868563,1.0
2093.35068,1.0
2093.832796,1.0
2094.314913,1.0
2094.79703,1.0
2095.279146,1.0
2095.761263,1.0
2096.24338,1.0
2096.725496,1.0
2097.207613,1.0
2097.68973,1.0
2098.171847,1.0
2098.653963,1.0
2099.13608,1.0
2099.618197,1.0
2100.100313,1.0
2100.58243,1.0
2101.064547,1.0
2101.546663,1.0
2102.02878,1.0
2102.510897,1.0
2102.993013,1.0
2103.47513,1.0
2103.957247,1.0
2104.439364,1.0
2104.92148,1.0
2105.403597,1.0
2105.885714,1.0
2106.36783,1.0
2106.849947,1.0
2107.332064,1.0
2107.81418,1.0
2108.296297,1.0
2108.778414,1.0
2109.26053,1.0
2109.742647,1.0
2110.224764,1.0
2110.706881,1.0
2111.188997,1.0
2111.671114,1.0
2112.153231,1.0
2112.635347,1.0
2113.117464,1.0
2113.599581,1.0
2114.081697,1.0
2114.563814,1.0
2115.045931,1.0
2115.528047,1.0
2116.010164,1.0
2116.492281,1.0
2116.974397,1.0
2117.456514,1.0
2117.938631,1.0
2118.420748,1.0
2118.902864,1.0
2119.384981,1.0
2119.867098,1.0
2120.349214,1.0
2120.831331,1.0
2121.313448,1.0
2121.795564,1.0
2122.277681,1.0
2122.759798,1.0
2123.241914,1.0
2123.724031,1.0
2124.206148,1.0
2124.688265,1.0
2125.170381,1.0
2125.652498,1.0
2126.134615,1.0
2126.616731,1.0
2127.098848,1.0
2127.580965,1.0
2128.063081,1.0
2128.545198,1.0
2129.027315,1.0
2129.509431,1.0
2129.991548,1.0
2130.473665,1.0
2130.955781,1.0
2131.437898,1.0
2131.920015,1.0
2132.402132,1.0
2132.884248,1.0
2133.366365,1.0
2133.848482,1.0
2134.330598,1.0
2134.812715,1.0
2135.294832,1.0
2135.776948,1.0
2136.259065,1.0
2136.741182,1.0
2137.223298,1.0
2137.705415,1.0
2138.187532,1.0
2138.669649,1.0
2139.151765,1.0
2139.633882,1.0
2140.115999,1.0
2140.598115,1.0
2141.080232,1.0
2141.562349,1.0
2142.044465,1.0
2142.526582,1.0
2143.008699,1.0
2143.490815,1.0
2143.972932,1.0
2144.455049,1.0
2144.937165,1.0
2145.419282,1.0
2145.901399,1.0
2146.383516,1.0
2146.865632,1.0
2147.347749,1.0
2147.829866,1.0
2148.311982,1.0
2148.794099,1.0
2149.276216,1.0
2149.758332,1.0
2150.240449,1.0
2150.722566,1.0
2151.204682,1.0
2151.686799,1.0
2152.168916,1.0
2152.651033,1.0
2153.133149,1.0
2153.615266,1.0
2154.097383,1.0
2154.579499,1.0
2155.061616,1.0
2155.543733,1.0
2156.025849,1.0
2156.507966,1.0
2156.990083,1.0
2157.472199,1.0
2157.954316,1.0
2158.436433,1.0
2158.91855,1.0
2159.400666,1.0
2159.882783,1.0
2160.3649,1.0
2160.847016,1.0
2161.329133,1.0
2161.81125,1.0
2162.293366,1.0
2162.775483,1.0
2163.2576,1.0
2163.739716,1.0
2164.221833,1.0
2164.70395,1.0
2165.186066,1.0
2165.668183,1.0
2166.1503,1.0
2166.632417,1.0
2167.114533,1.0
2167.59665,1.0
2168.078767,1.0
2168.560883,1.0
2169.043,1.0
2169.525117,1.0
2170.007233,1.0
2170.48935,1.0
2170.971467,1.0
2171.453583,1.0
2171.9357,1.0
2172.417817,1.0
2172.899934,1.0
2173.38205,1.0
2173.864167,1.0
2174.346284,1.0
2174.8284,1.0
2175.310517,1.0
2175.792634,1.0
2176.27475,1.0
2176.756867,1.0
2177.238984,1.0
2177.7211,1.0
2178.203217,1.0
2178.685334,1.0
2179.16745,1.0
2179.649567,1.0
2180.131684,1.0
2180.613801,1.0
2181.095917,1.0
2181.578034,1.0
2182.060151,1.0
2182.542267,1.0
2183.024384,1.0
2183.506501,1.0
2183.988617,1.0
2184.470734,1.0
2184.952851,1.0
2185.434967,1.0
2185.917084,1.0
2186.399201,1.0
2186.881318,1.0
2187.363434,1.0
2187.845551,1.0
2188.327668,1.0
2188.809784,1.0
2189.291901,1.0
2189.774018,1.0
2190.256134,1.0
2190.738251,1.0
2191.220368,1.0
2191.702484,1.0
2192.184601,1.0
2192.666718,1.0
2193.148835,1.0
2193.630951,1.0
2194.113068,1.0
2194.595185,1.0
2195.077301,1.0
2195.559418,1.0
2196.041535,1.0
2196.523651,1.0
2197.005768,1.0
2197.487885,1.0
2197.970001,1.0
2198.452118,1.0
2198.934235,1.0
2199.416351,1.0
2199.898468,1.0
2200.380585,1.0
2200.862702,1.0
2201.344818,1.0
2201.826935,1.0
2202.309052,1.0
2202.791168,1.0
2203.273285,1.0
2203.755402,1.0
2204.237518,1.0
2204.719635,1.0
2205.201752,1.0
2205.683868,1.0
2206.165985,1.0
2206.648102,1.0
2207.130219,1.0
2207.612335,1.0
2208.094452,1.0
2208.576569,1.0
2209.058685,1.0
2209.540802,1.0
2210.022919,1.0
2210.505035,1.0
2210.987152,1.0
2211.469269,1.0
2211.951385,1.0
2212.433502,1.0
2212.915619,1.0
2213.397735,1.0
2213.879852,1.0
2214.361969,1.0
2214.844086,1.0
2215.326202,1.0
2215.808319,1.0
2216.290436,1.0
2216.772552,1.0
2217.254669,1.0
2217.736786,1.0
2218.218902,1.0
2218.701019,1.0
2219.183136,1.0
2219.665252,1.0
2220.147369,1.0
2220.629486,1.0
2221.111603,1.0
2221.593719,1.0
2222.075836,1.0
2222.557953,1.0
2223.040069,1.0
2223.522186,1.0
2224.004303,1.0
2224.486419,1.0
2224.968536,1.0
2225.450653,1.0
2225.932769,1.0
2226.414886,1.0
2226.897003,1.0
2227.379119,1.0
2227.861236,1.0
2228.343353,1.0
2228.82547,1.0
2229.307586,1.0
2229.789703,1.0
2230.27182,1.0
2230.753936,1.0
2231.236053,1.0
2231.71817,1.0
2232.200286,1.0
2232.682403,1.0
2233.16452,1.0
2233.646636,1.0
2234.128753,1.0
2234.61087,1.0
2235.092987,1.0
2235.575103,1.0
2236.05722,1.0
2236.539337,1.0
2237.021453,1.0
2237.50357,1.0
2237.985687,1.0
2238.467803,1.0
2238.94992,1.0
2239.432037,1.0
2239.914153,1.0
2240.39627,1.0
2240.878387,1.0
2241.360504,1.0
2241.84262,1.0
2242.324737,1.0
2242.806854,1.0
2243.28897,1.0
2243.771087,1.0
2244.253204,1.0
2244.73532,1.0
2245.217437,1.0
2245.699554,1.0
2246.18167,1.0
2246.663787,1.0
2247.145904,1.0
2247.62802,1.0
2248.110137,1.0
2248.592254,1.0
2249.074371,1.0
2249.556487,1.0
2250.038604,1.0
2250.520721,1.0
2251.002837,1.0
2251.484954,1.0
2251.967071,1.0
2252.449187,1.0
2252.931304,1.0
2253.413421,1.0
2253.895537,1.0
2254.377654,1.0
2254.859771,1.0
2255.341888,1.0
2255.824004,1.0
2256.306121,1.0
2256.788238,1.0
2257.270354,1.0
2257.752471,1.0
2258.234588,1.0
2258.716704,1.0
2259.198821,1.0
2259.680938,1.0
2260.163054,1.0
2260.645171,1.0
2261.127288,1.0
2261.609404,1.0
2262.091521,1.0
2262.573638,1.0
2263.055755,1.0
2263.537871,1.0
2264.019988,1.0
2264.502105,1.0
2264.984221,1.0
2265.466338,1.0
2265.948455,1.0
2266.430571,1.0
2266.912688,1.0
2267.394805,1.0
2267.876921,1.0
2268.359038,1.0
2268.841155,1.0
2269.323272,1.0
2269.805388,1.0
2270.287505,1.0
2270.769622,1.0
2271.251738,1.0
2271.733855,1.0
2272.215972,1.0
2272.698088,1.0
2273.180205,1.0
2273.662322,1.0
2274.144438,1.0
2274.626555,1.0
2275.108672,1.0
2275.590788,1.0
2276.072905,1.0
2276.555022,1.0
2277.037139,1.0
2277.519255,1.0
2278.001372,1.0
2278.483489,1.0
2278.965605,1.0
2279.447722,1.0
2279.929839,1.0
2280.411955,1.0
2280.894072,1.0
2281.376189,1.0
2281.858305,1.0
2282.340422,1.0
2282.822539,1.0
2283.304656,1.0
2283.786772,1.0
2284.268889,1.0
2284.751006,1.0
2285.233122,1.0
2285.715239,1.0
2286.197356,1.0
2286.679472,1.0
2287.161589,1.0
2287.643706,1.0
2288.125822,1.0
2288.607939,1.0
2289.090056,1.0
2289.572173,1.0
2290.054289,1.0
2290.536406,1.0
2291.018523,1.0
2291.500639,1.0
2291.982756,1.0
2292.464873,1.0
2292.946989,1.0
2293.429106,1.0
2293.911223,1.0
2294.393339,1.0
2294.875456,1.0
2295.357573,1.0
2295.839689,1.0
2296.321806,1.0
2296.803923,1.0
2297.28604,1.0
2297.768156,1.0
2298.250273,1.0
2298.73239,1.0
2299.214506,1.0
2299.696623,1.0
2300.17874,1.0
2300.660856,1.0
2301.142973,1.0
2301.62509,1.0
2302.107206,1.0
2302.589323,1.0
2303.07144,1.0
2303.553557,1.0
2304.035673,1.0
2304.51779,1.0
2304.999907,1.0
2305.482023,1.0
2305.96414,1.0
2306.446257,1.0
2306.928373,1.0
2307.41049,1.0
2307.892607,1.0
2308.374723,1.0
2308.85684,1.0
2309.338957,1.0
2309.821073,1.0
2310.30319,1.0
2310.785307,1.0
2311.267424,1.0
2311.74954,1.0
2312.231657,1.0
2312.713774,1.0
2313.19589,1.0
2313.678007,1.0
2314.160124,1.0
2314.64224,1.0
2315.124357,1.0
2315.606474,1.0
2316.08859,1.0
2316.570707,1.0
2317.052824,1.0
2317.534941,1.0
2318.017057,1.0
2318.499174,1.0
2318.981291,1.0
2319.463407,1.0
2319.945524,1.0
2320.427641,1.0
2320.909757,1.0
2321.391874,1.0
2321.873991,1.0
2322.356107,1.0
2322.838224,1.0
2323.320341,1.0
2323.802458,1.0
2324.284574,1.0
2324.766691,1.0
2325.248808,1.0
2325.730924,1.0
2326.213041,1.0
2326.695158,1.0
2327.177274,1.0
2327.659391,1.0
2328.141508,1.0
2328.623624,1.0
2329.105741,1.0
2329.587858,1.0
2330.069974,1.0
2330.552091,1.0
2331.034208,1.0
2331.516325,1.0
2331.998441,1.0
2332.480558,1.0
2332.962675,1.0
2333.444791,1.0
2333.926908,1.0
2334.409025,1.0
2334.891141,1.0
2335.373258,1.0
2335.855375,1.0
2336.337491,1.0
2336.819608,1.0
2337.301725,1.0
2337.783842,1.0
2338.265958,1.0
2338.748075,1.0
2339.230192,1.0
2339.712308,1.0
2340.194425,1.0
2340.676542,1.0
2341.158658,1.0
2341.640775,1.0
2342.122892,1.0
2342.605008,1.0
2343.087125,1.0
2343.569242,1.0
2344.051358,1.0
2344.533475,1.0
2345.015592,1.0
2345.497709,1.0
2345.979825,1.0
2346.461942,1.0
2346.944059,1.0
2347.426175,1.0
2347.908292,1.0
2348.390409,1.0
2348.872525,1.0
2349.354642,1.0
2349.836759,1.0
2350.318875,1.0
2350.800992,1.0
2351.283109,1.0
2351.765226,1.0
2352.247342,1.0
2352.729459,1.0
2353.211576,1.0
2353.693692,1.0
2354.175809,1.0
2354.657926,1.0
2355.140042,1.0
2355.622159,1.0
2356.104276,1.0
2356.586392,1.0
2357.068509,1.0
2357.550626,1.0
2358.032742,1.0
2358.514859,1.0
2358.996976,1.0
2359.479093,1.0
2359.961209,1.0
2360.443326,1.0
2360.925443,1.0
2361.407559,1.0
2361.889676,1.0
2362.371793,1.0
2362.853909,1.0
2363.336026,1.0
2363.818143,1.0
2364.300259,1.0
2364.782376,1.0
2365.264493,1.0
2365.74661,1.0
2366.228726,1.0
2366.710843,1.0
2367.19296,1.0
2367.675076,1.0
2368.157193,1.0
2368.63931,1.0
2369.121426,1.0
2369.603543,1.0
2370.08566,1.0
2370.567776,1.0
2371.049893,1.0
2371.53201,1.0
2372.014127,1.0
2372.496243,1.0
2372.97836,1.0
2373.460477,1.0
2373.942593,1.0
2374.42471,1.0
2374.906827,1.0
2375.388943,1.0
2375.87106,1.0
2376.353177,1.0
2376.835293,1.0
2377.31741,1.0
2377.799527,1.0
2378.281643,1.0
2378.76376,1.0
2379.245877,1.0
2379.727994,1.0
2380.21011,1.0
2380.692227,1.0
2381.174344,1.0
2381.65646,1.0
2382.138577,1.0
2382.620694,1.0
2383.10281,1.0
2383.584927,1.0
2384.067044,1.0
2384.54916,1.0
2385.031277,1.0
2385.513394,1.0
2385.995511,1.0
2386.477627,1.0
2386.959744,1.0
2387.441861,1.0
2387.923977,1.0
2388.406094,1.0
2388.888211,1.0
2389.370327,1.0
2389.852444,1.0
2390.334561,1.0
2390.816677,1.0
2391.298794,1.0
2391.780911,1.0
2392.263027,1.0
2392.745144,1.0
2393.227261,1.0
2393.709378,1.0
2394.191494,1.0
2394.673611,1.0
2395.155728,1.0
2395.637844,1.0
2396.119961,1.0
2396.602078,1.0
2397.084194,1.0
2397.566311,1.0
2398.048428,1.0
2398.530544,1.0
2399.012661,1.0
2399.494778,1.0
2399.976895,1.0
2400.459011,1.0
2400.941128,1.0
2401.423245,1.0
2401.905361,1.0
2402.387478,1.0
2402.869595,1.0
2403.351711,1.0
2403.833828,1.0
2404.315945,1.0
2404.798061,1.0
2405.280178,1.0
2405.762295,1.0
2406.244412,1.0
2406.726528,1.0
2407.208645,1.0
2407.690762,1.0
2408.172878,1.0
2408.654995,1.0
2409.137112,1.0
2409.619228,1.0
2410.101345,1.0
2410.583462,1.0
2411.065578,1.0
2411.547695,1.0
2412.029812,1.0
2412.511928,1.0
2412.994045,1.0
2413.476162,1.0
2413.958279,1.0
2414.440395,1.0
2414.922512,1.0
2415.404629,1.0
2415.886745,1.0
2416.368862,1.0
2416.850979,1.0
2417.333095,1.0
2417.815212,1.0
2418.297329,1.0
2418.779445,1.0
2419.261562,1.0
2419.743679,1.0
2420.225796,1.0
2420.707912,1.0
2421.190029,1.0
2421.672146,1.0
2422.154262,1.0
2422.636379,1.0
2423.118496,1.0
2423.600612,1.0
2424.082729,1.0
2424.564846,1.0
2425.046962,1.0
2425.529079,1.0
2426.011196,1.0
2426.493312,1.0
2426.975429,1.0
2427.457546,1.0
2427.939663,1.0
2428.421779,1.0
2428.903896,1.0
2429.386013,1.0
2429.868129,1.0
2430.350246,1.0
2430.832363,1.0
2431.314479,1.0
2431.796596,1.0
2432.278713,1.0
2432.760829,1.0
2433.242946,1.0
2433.725063,1.0
2434.20718,1.0
2434.689296,1.0
2435.171413,1.0
2435.65353,1.0
2436.135646,1.0
2436.617763,1.0
2437.09988,1.0
2437.581996,1.0
2438.064113,1.0
2438.54623,1.0
2439.028346,1.0
2439.510463,1.0
2439.99258,1.0
2440.474696,1.0
2440.956813,1.0
2441.43893,1.0
2441.921047,1.0
2442.403163,1.0
2442.88528,1.0
2443.367397,1.0
2443.849513,1.0
2444.33163,1.0
2444.813747,1.0
2445.295863,1.0
2445.77798,1.0
2446.260097,1.0
2446.742213,1.0
2447.22433,1.0
2447.706447,1.0
2448.188564,1.0
2448.67068,1.0
2449.152797,1.0
2449.634914,1.0
2450.11703,1.0
2450.599147,1.0
2451.081264,1.0
2451.56338,1.0
2452.045497,1.0
2452.527614,1.0
2453.00973,1.0
2453.491847,1.0
2453.973964,1.0
2454.456081,1.0
2454.938197,1.0
2455.420314,1.0
2455.902431,1.0
2456.384547,1.0
2456.866664,1.0
2457.348781,1.0
2457.830897,1.0
2458.313014,1.0
2458.795131,1.0
2459.277247,1.0
2459.759364,1.0
2460.241481,1.0
2460.723597,1.0
2461.205714,1.0
2461.687831,1.0
2462.169948,1.0
2462.652064,1.0
2463.134181,1.0
2463.616298,1.0
2464.098414,1.0
2464.580531,1.0
2465.062648,1.0
2465.544764,1.0
2466.026881,1.0
2466.508998,1.0
2466.991114,1.0
2467.473231,1.0
2467.955348,1.0
2468.437465,1.0
2468.919581,1.0
2469.401698,1.0
2469.883815,1.0
2470.365931,1.0
2470.848048,1.0
2471.330165,1.0
2471.812281,1.0
2472.294398,1.0
2472.776515,1.0
2473.258631,1.0
2473.740748,1.0
2474.222865,1.0
2474.704981,1.0
2475.187098,1.0
2475.669215,1.0
2476.151332,1.0
2476.633448,1.0
2477.115565,1.0
2477.597682,1.0
2478.079798,1.0
2478.561915,1.0
2479.044032,1.0
2479.526148,1.0
2480.008265,1.0
2480.490382,1.0
2480.972498,1.0
2481.454615,1.0
2481.936732,1.0
2482.418849,1.0
2482.900965,1.0
2483.383082,1.0
2483.865199,1.0
2484.347315,1.0
2484.829432,1.0
2485.311549,1.0
2485.793665,1.0
2486.275782,1.0
2486.757899,1.0
2487.240015,1.0
2487.722132,1.0
2488.204249,1.0
2488.686365,1.0
2489.168482,1.0
2489.650599,1.0
2490.132716,1.0
2490.614832,1.0
2491.096949,1.0
2491.579066,1.0
2492.061182,1.0
2492.543299,1.0
2493.025416,1.0
2493.507532,1.0
2493.989649,1.0
2494.471766,1.0
2494.953882,1.0
2495.435999,1.0
2495.918116,1.0
2496.400233,1.0
2496.882349,1.0
2497.364466,1.0
2497.846583,1.0
2498.328699,1.0
2498.810816,1.0
2499.292933,1.0
2499.775049,1.0
2500.257166,1.0
2500.739283,1.0
2501.221399,1.0
2501.703516,1.0
2502.185633,1.0
2502.66775,1.0
2503.149866,1.0
2503.631983,1.0
2504.1141,1.0
2504.596216,1.0
2505.078333,1.0
2505.56045,1.0
2506.042566,1.0
2506.524683,1.0
2507.0068,1.0
2507.488916,1.0
2507.971033,1.0
2508.45315,1.0
2508.935266,1.0
2509.417383,1.0
2509.8995,1.0
2510.381617,1.0
2510.863733,1.0
2511.34585,1.0
2511.827967,1.0
2512.310083,1.0
2512.7922,1.0
2513.274317,1.0
2513.756433,1.0
2514.23855,1.0
2514.720667,1.0
2515.202783,1.0
2515.6849,1.0
2516.167017,1.0
2516.649134,1.0
2517.13125,1.0
2517.613367,1.0
2518.095484,1.0
2518.5776,1.0
2519.059717,1.0
2519.541834,1.0
2520.02395,1.0
2520.506067,1.0
2520.988184,1.0
2521.4703,1.0
2521.952417,1.0
2522.434534,1.0
2522.91665,1.0
2523.398767,1.0
2523.880884,1.0
2524.363001,1.0
2524.845117,1.0
2525.327234,1.0
2525.809351,1.0
2526.291467,1.0
2526.773584,1.0
2527.255701,1.0
2527.737817,1.0
2528.219934,1.0
2528.702051,1.0
2529.184167,1.0
2529.666284,1.0
2530.148401,1.0
2530.630518,1.0
2531.112634,1.0
2531.594751,1.0
2532.076868,1.0
2532.558984,1.0
2533.041101,1.0
2533.523218,1.0
2534.005334,1.0
2534.487451,1.0
2534.969568,1.0
2535.451684,1.0
2535.933801,1.0
2536.415918,1.0
2536.898035,1.0
2537.380151,1.0
2537.862268,1.0
2538.344385,1.0
2538.826501,1.0
2539.308618,1.0
2539.790735,1.0
2540.272851,1.0
2540.754968,1.0
2541.237085,1.0
2541.719201,1.0
2542.201318,1.0
2542.683435,1.0
2543.165551,1.0
2543.647668,1.0
2544.129785,1.0
2544.611902,1.0
2545.094018,1.0
2545.576135,1.0
2546.058252,1.0
2546.540368,1.0
2547.022485,1.0
2547.504602,1.0
2547.986718,1.0
2548.468835,1.0
2548.950952,1.0
2549.433068,1.0
2549.915185,1.0
2550.397302,1.0
2550.879419,1.0
2551.361535,1.0
2551.843652,1.0
2552.325769,1.0
2552.807885,1.0
2553.290002,1.0
2553.772119,1.0
2554.254235,1.0
2554.736352,1.0
2555.218469,1.0
2555.700585,1.0
2556.182702,1.0
2556.664819,1.0
2557.146935,1.0
2557.629052,1.0
2558.111169,1.0
2558.593286,1.0
2559.075402,1.0
2559.557519,1.0
2560.039636,1.0
2560.521752,1.0
2561.003869,1.0
2561.485986,1.0
2561.968102,1.0
2562.450219,1.0
2562.932336,1.0
2563.414452,1.0
2563.896569,1.0
2564.378686,1.0
2564.860803,1.0
2565.342919,1.0
2565.825036,1.0
2566.307153,1.0
2566.789269,1.0
2567.271386,1.0
2567.753503,1.0
2568.235619,1.0
2568.717736,1.0
2569.199853,1.0
2569.681969,1.0
2570.164086,1.0
2570.646203,1.0
2571.128319,1.0
2571.610436,1.0
2572.092553,1.0
2572.57467,1.0
2573.056786,1.0
2573.538903,1.0
2574.02102,1.0
2574.503136,1.0
2574.985253,1.0
2575.46737,1.0
2575.949486,1.0
2576.431603,1.0
2576.91372,1.0
2577.395836,1.0
2577.877953,1.0
2578.36007,1.0
2578.842187,1.0
2579.324303,1.0
2579.80642,1.0
2580.288537,1.0
2580.770653,1.0
2581.25277,1.0
2581.734887,1.0
2582.217003,1.0
2582.69912,1.0
2583.181237,1.0
2583.663353,1.0
2584.14547,1.0
2584.627587,1.0
2585.109704,1.0
2585.59182,1.0
2586.073937,1.0
2586.556054,1.0
2587.03817,1.0
2587.520287,1.0
2588.002404,1.0
2588.48452,1.0
2588.966637,1.0
2589.448754,1.0
2589.93087,1.0
2590.412987,1.0
2590.895104,1.0
2591.37722,1.0
2591.859337,1.0
2592.341454,1.0
2592.823571,1.0
2593.305687,1.0
2593.787804,1.0
2594.269921,1.0
2594.752037,1.0
2595.234154,1.0
2595.716271,1.0
2596.198387,1.0
2596.680504,1.0
2597.162621,1.0
2597.644737,1.0
2598.126854,1.0
2598.608971,1.0
2599.091088,1.0
2599.573204,1.0
2600.055321,1.0
2600.537438,1.0
2601.019554,1.0
2601.501671,1.0
2601.983788,1.0
2602.465904,1.0
2602.948021,1.0
2603.430138,1.0
2603.912254,1.0
2604.394371,1.0
2604.876488,1.0
2605.358604,1.0
2605.840721,1.0
2606.322838,1.0
2606.804955,1.0
2607.287071,1.0
2607.769188,1.0
2608.251305,1.0
2608.733421,1.0
2609.215538,1.0
2609.697655,1.0
2610.179771,1.0
2610.661888,1.0
2611.144005,1.0
2611.626121,1.0
2612.108238,1.0
2612.590355,1.0
2613.072472,1.0
2613.554588,1.0
2614.036705,1.0
2614.518822,1.0
2615.000938,1.0
2615.483055,1.0
2615.965172,1.0
2616.447288,1.0
2616.929405,1.0
2617.411522,1.0
2617.893638,1.0
2618.375755,1.0
2618.857872,1.0
2619.339988,1.0
2619.822105,1.0
2620.304222,1.0
2620.786339,1.0
2621.268455,1.0
2621.750572,1.0
2622.232689,1.0
2622.714805,1.0
2623.196922,1.0
2623.679039,1.0
2624.161155,1.0
2624.643272,1.0
2625.125389,1.0
2625.607505,1.0
2626.089622,1.0
2626.571739,1.0
2627.053856,1.0
2627.535972,1.0
2628.018089,1.0
2628.500206,1.0
2628.982322,1.0
2629.464439,1.0
2629.946556,1.0
2630.428672,1.0
2630.910789,1.0
2631.392906,1.0
2631.875022,1.0
2632.357139,1.0
2632.839256,1.0
2633.321373,1.0
2633.803489,1.0
2634.285606,1.0
2634.767723,1.0
2635.249839,1.0
2635.731956,1.0
2636.214073,1.0
2636.696189,1.0
2637.178306,1.0
2637.660423,1.0
2638.142539,1.0
2638.624656,1.0
2639.106773,1.0
2639.588889,1.0
2640.071006,1.0
2640.553123,1.0
2641.03524,1.0
2641.517356,1.0
2641.999473,1.0
2642.48159,1.0
2642.963706,1.0
2643.445823,1.0
2643.92794,1.0
2644.410056,1.0
2644.892173,1.0
2645.37429,1.0
2645.856406,1.0
2646.338523,1.0
2646.82064,1.0
2647.302757,1.0
2647.784873,1.0
2648.26699,1.0
2648.749107,1.0
2649.231223,1.0
2649.71334,1.0
2650.195457,1.0
2650.677573,1.0
2651.15969,1.0
2651.641807,1.0
2652.123923,1.0
2652.60604,1.0
2653.088157,1.0
2653.570273,1.0
2654.05239,1.0
2654.534507,1.0
2655.016624,1.0
2655.49874,1.0
2655.980857,1.0
2656.462974,1.0
2656.94509,1.0
2657.427207,1.0
2657.909324,1.0
2658.39144,1.0
2658.873557,1.0
2659.355674,1.0
2659.83779,1.0
2660.319907,1.0
2660.802024,1.0
2661.284141,1.0
2661.766257,1.0
2662.248374,1.0
2662.730491,1.0
2663.212607,1.0
2663.694724,1.0
2664.176841,1.0
2664.658957,1.0
2665.141074,1.0
2665.623191,1.0
2666.105307,1.0
2666.587424,1.0
2667.069541,1.0
2667.551658,1.0
2668.033774,1.0
2668.515891,1.0
2668.998008,1.0
2669.480124,1.0
2669.962241,1.0
2670.444358,1.0
2670.926474,1.0
2671.408591,1.0
2671.890708,1.0
2672.372824,1.0
2672.854941,1.0
2673.337058,1.0
2673.819174,1.0
2674.301291,1.0
2674.783408,1.0
2675.265525,1.0
2675.747641,1.0
2676.229758,1.0
2676.711875,1.0
2677.193991,1.0
2677.676108,1.0
2678.158225,1.0
2678.640341,1.0
2679.122458,1.0
2679.604575,1.0
2680.086691,1.0
2680.568808,1.0
2681.050925,1.0
2681.533042,1.0
2682.015158,1.0
2682.497275,1.0
2682.979392,1.0
2683.461508,1.0
2683.943625,1.0
2684.425742,1.0
2684.907858,1.0
2685.389975,1.0
2685.872092,1.0
2686.354208,1.0
2686.836325,1.0
2687.318442,1.0
2687.800558,1.0
2688.282675,1.0
2688.764792,1.0
2689.246909,1.0
2689.729025,1.0
2690.211142,1.0
2690.693259,1.0
2691.175375,1.0
2691.657492,1.0
2692.139609,1.0
2692.621725,1.0
2693.103842,1.0
2693.585959,1.0
2694.068075,1.0
2694.550192,1.0
2695.032309,1.0
2695.514426,1.0
2695.996542,1.0
2696.478659,1.0
2696.960776,1.0
2697.442892,1.0
2697.925009,1.0
2698.407126,1.0
2698.889242,1.0
2699.371359,1.0
2699.853476,1.0
2700.335592,1.0
2700.817709,1.0
2701.299826,1.0
2701.781942,1.0
2702.264059,1.0
2702.746176,1.0
2703.228293,1.0
2703.710409,1.0
2704.192526,1.0
2704.674643,1.0
2705.156759,1.0
2705.638876,1.0
2706.120993,1.0
2706.603109,1.0
2707.085226,1.0
2707.567343,1.0
2708.049459,1.0
2708.531576,1.0
2709.013693,1.0
2709.49581,1.0
2709.977926,1.0
2710.460043,1.0
2710.94216,1.0
2711.424276,1.0
2711.906393,1.0
2712.38851,1.0
2712.870626,1.0
2713.352743,1.0
2713.83486,1.0
2714.316976,1.0
2714.799093,1.0
2715.28121,1.0
2715.763327,1.0
2716.245443,1.0
2716.72756,1.0
2717.209677,1.0
2717.691793,1.0
2718.17391,1.0
2718.656027,1.0
2719.138143,1.0
2719.62026,1.0
2720.102377,1.0
2720.584493,1.0
2721.06661,1.0
2721.548727,1.0
2722.030843,1.0
2722.51296,1.0
2722.995077,1.0
2723.477194,1.0
2723.95931,1.0
2724.441427,1.0
2724.923544,1.0
2725.40566,1.0
2725.887777,1.0
2726.369894,1.0
2726.85201,1.0
2727.334127,1.0
2727.816244,1.0
2728.29836,1.0
2728.780477,1.0
2729.262594,1.0
2729.744711,1.0
2730.226827,1.0
2730.708944,1.0
2731.191061,1.0
2731.673177,1.0
2732.155294,1.0
2732.637411,1.0
2733.119527,1.0
2733.601644,1.0
2734.083761,1.0
2734.565877,1.0
2735.047994,1.0
2735.530111,1.0
2736.012227,1.0
2736.494344,1.0
2736.976461,1.0
2737.458578,1.0
2737.940694,1.0
2738.422811,1.0
2738.904928,1.0
2739.387044,1.0
2739.869161,1.0
2740.351278,1.0
2740.833394,1.0
2741.315511,1.0
2741.797628,1.0
2742.279744,1.0
2742.761861,1.0
2743.243978,1.0
2743.726095,1.0
2744.208211,1.0
2744.690328,1.0
2745.172445,1.0
2745.654561,1.0
2746.136678,1.0
2746.618795,1.0
2747.100911,1.0
2747.583028,1.0
2748.065145,1.0
2748.547261,1.0
2749.029378,1.0
2749.511495,1.0
2749.993612,1.0
2750.475728,1.0
2750.957845,1.0
2751.439962,1.0
2751.922078,1.0
2752.404195,1.0
2752.886312,1.0
2753.368428,1.0
2753.850545,1.0
2754.332662,1.0
2754.814778,1.0
2755.296895,1.0
2755.779012,1.0
2756.261128,1.0
2756.743245,1.0
2757.225362,1.0
2757.707479,1.0
2758.189595,1.0
2758.671712,1.0
2759.153829,1.0
2759.635945,1.0
2760.118062,1.0
2760.600179,1.0
2761.082295,1.0
2761.564412,1.0
2762.046529,1.0
2762.528645,1.0
2763.010762,1.0
2763.492879,1.0
2763.974996,1.0
2764.457112,1.0
2764.939229,1.0
2765.421346,1.0
2765.903462,1.0
2766.385579,1.0
2766.867696,1.0
2767.349812,1.0
2767.831929,1.0
2768.314046,1.0
2768.796162,1.0
2769.278279,1.0
2769.760396,1.0
2770.242512,1.0
2770.724629,1.0
2771.206746,1.0
2771.688863,1.0
2772.170979,1.0
2772.653096,1.0
2773.135213,1.0
2773.617329,1.0
2774.099446,1.0
2774.581563,1.0
2775.063679,1.0
2775.545796,1.0
2776.027913,1.0
2776.510029,1.0
2776.992146,1.0
2777.474263,1.0
2777.95638,1.0
2778.438496,1.0
2778.920613,1.0
2779.40273,1.0
2779.884846,1.0
2780.366963,1.0
2780.84908,1.0
2781.331196,1.0
2781.813313,1.0
2782.29543,1.0
2782.777546,1.0
2783.259663,1.0
2783.74178,1.0
2784.223896,1.0
2784.706013,1.0
2785.18813,1.0
2785.670247,1.0
2786.152363,1.0
2786.63448,1.0
2787.116597,1.0
2787.598713,1.0
2788.08083,1.0
2788.562947,1.0
2789.045063,1.0
2789.52718,1.0
2790.009297,1.0
2790.491413,1.0
2790.97353,1.0
2791.455647,1.0
2791.937764,1.0
2792.41988,1.0
2792.901997,1.0
2793.384114,1.0
2793.86623,1.0
2794.348347,1.0
2794.830464,1.0
2795.31258,1.0
2795.794697,1.0
2796.276814,1.0
2796.75893,1.0
2797.241047,1.0
2797.723164,1.0
2798.205281,1.0
2798.687397,1.0
2799.169514,1.0
2799.651631,1.0
2800.133747,1.0
2800.615864,1.0
2801.097981,1.0
2801.580097,1.0
2802.062214,1.0
2802.544331,1.0
2803.026447,1.0
2803.508564,1.0
2803.990681,1.0
2804.472797,1.0
2804.954914,1.0
2805.437031,1.0
2805.919148,1.0
2806.401264,1.0
2806.883381,1.0
2807.365498,1.0
2807.847614,1.0
2808.329731,1.0
2808.811848,1.0
2809.293964,1.0
2809.776081,1.0
2810.258198,1.0
2810.740314,1.0
2811.222431,1.0
2811.704548,1.0
2812.186665,1.0
2812.668781,1.0
2813.150898,1.0
2813.633015,1.0
2814.115131,1.0
2814.597248,1.0
2815.079365,1.0
2815.561481,1.0
2816.043598,1.0
2816.525715,1.0
2817.007831,1.0
2817.489948,1.0
2817.972065,1.0
2818.454181,1.0
2818.936298,1.0
2819.418415,1.0
2819.900532,1.0
2820.382648,1.0
2820.864765,1.0
2821.346882,1.0
2821.828998,1.0
2822.311115,1.0
2822.793232,1.0
2823.275348,1.0
2823.757465,1.0
2824.239582,1.0
2824.721698,1.0
2825.203815,1.0
2825.685932,1.0
2826.168049,1.0
2826.650165,1.0
2827.132282,1.0
2827.614399,1.0
2828.096515,1.0
2828.578632,1.0
2829.060749,1.0
2829.542865,1.0
2830.024982,1.0
2830.507099,1.0
2830.989215,1.0
2831.471332,1.0
2831.953449,1.0
2832.435565,1.0
2832.917682,1.0
2833.399799,1.0
2833.881916,1.0
2834.364032,1.0
2834.846149,1.0
2835.328266,1.0
2835.810382,1.0
2836.292499,1.0
2836.774616,1.0
2837.256732,1.0
2837.738849,1.0
2838.220966,1.0
2838.703082,1.0
2839.185199,1.0
2839.667316,1.0
2840.149433,1.0
2840.631549,1.0
2841.113666,1.0
2841.595783,1.0
2842.077899,1.0
2842.560016,1.0
2843.042133,1.0
2843.524249,1.0
2844.006366,1.0
2844.488483,1.0
2844.970599,1.0
2845.452716,1.0
2845.934833,1.0
2846.41695,1.0
2846.899066,1.0
2847.381183,1.0
2847.8633,1.0
2848.345416,1.0
2848.827533,1.0
2849.30965,1.0
2849.791766,1.0
2850.273883,1.0
2850.756,1.0
2851.238116,1.0
2851.720233,1.0
2852.20235,1.0
2852.684466,1.0
2853.166583,1.0
2853.6487,1.0
2854.130817,1.0
2854.612933,1.0
2855.09505,1.0
2855.577167,1.0
2856.059283,1.0
2856.5414,1.0
2857.023517,1.0
2857.505633,1.0
2857.98775,1.0
2858.469867,1.0
2858.951983,1.0
2859.4341,1.0
2859.916217,1.0
2860.398334,1.0
2860.88045,1.0
2861.362567,1.0
2861.844684,1.0
2862.3268,1.0
2862.808917,1.0
2863.291034,1.0
2863.77315,1.0
2864.255267,1.0
2864.737384,1.0
2865.2195,1.0
2865.701617,1.0
2866.183734,1.0
2866.66585,1.0
2867.147967,1.0
2867.630084,1.0
2868.112201,1.0
2868.594317,1.0
2869.076434,1.0
2869.558551,1.0
2870.040667,1.0
2870.522784,1.0
2871.004901,1.0
2871.487017,1.0
2871.969134,1.0
2872.451251,1.0
2872.933367,1.0
2873.415484,1.0
2873.897601,1.0
2874.379718,1.0
2874.861834,1.0
2875.343951,1.0
2875.826068,1.0
2876.308184,1.0
2876.790301,1.0
2877.272418,1.0
2877.754534,1.0
2878.236651,1.0
2878.718768,1.0
2879.200884,1.0
2879.683001,1.0
2880.165118,1.0
2880.647235,1.0
2881.129351,1.0
2881.611468,1.0
2882.093585,1.0
2882.575701,1.0
2883.057818,1.0
2883.539935,1.0
2884.022051,1.0
2884.504168,1.0
2884.986285,1.0
2885.468401,1.0
2885.950518,1.0
2886.432635,1.0
2886.914751,1.0
2887.396868,1.0
2887.878985,1.0
2888.361102,1.0
2888.843218,1.0
2889.325335,1.0
2889.807452,1.0
2890.289568,1.0
2890.771685,1.0
2891.253802,1.0
2891.735918,1.0
2892.218035,1.0
2892.700152,1.0
2893.182268,1.0
2893.664385,1.0
2894.146502,1.0
2894.628619,1.0
2895.110735,1.0
2895.592852,1.0
2896.074969,1.0
2896.557085,1.0
2897.039202,1.0
2897.521319,1.0
2898.003435,1.0
2898.485552,1.0
2898.967669,1.0
2899.449785,1.0
2899.931902,1.0
2900.414019,1.0
2900.896135,1.0
2901.378252,1.0
2901.860369,1.0
2902.342486,1.0
2902.824602,1.0
2903.306719,1.0
2903.788836,1.0
2904.270952,1.0
2904.753069,1.0
2905.235186,1.0
2905.717302,1.0
2906.199419,1.0
2906.681536,1.0
2907.163652,1.0
2907.645769,1.0
2908.127886,1.0
2908.610003,1.0
2909.092119,1.0
2909.574236,1.0
2910.056353,1.0
2910.538469,1.0
2911.020586,1.0
2911.502703,1.0
2911.984819,1.0
2912.466936,1.0
2912.949053,1.0
2913.431169,1.0
2913.913286,1.0
2914.395403,1.0
2914.877519,1.0
2915.359636,1.0
2915.841753,1.0
2916.32387,1.0
2916.805986,1.0
2917.288103,1.0
2917.77022,1.0
2918.252336,1.0
2918.734453,1.0
2919.21657,1.0
2919.698686,1.0
2920.180803,1.0
2920.66292,1.0
2921.145036,1.0
2921.627153,1.0
2922.10927,1.0
2922.591387,1.0
2923.073503,1.0
2923.55562,1.0
2924.037737,1.0
2924.519853,1.0
2925.00197,1.0
2925.484087,1.0
2925.966203,1.0
2926.44832,1.0
2926.930437,1.0
2927.412553,1.0
2927.89467,1.0
2928.376787,1.0
2928.858904,1.0
2929.34102,1.0
2929.823137,1.0
2930.305254,1.0
2930.78737,1.0
2931.269487,1.0
2931.751604,1.0
2932.23372,1.0
2932.715837,1.0
2933.197954,1.0
2933.68007,1.0
2934.162187,1.0
2934.644304,1.0
2935.12642,1.0
2935.608537,1.0
2936.090654,1.0
2936.572771,1.0
2937.054887,1.0
2937.537004,1.0
2938.019121,1.0
2938.501237,1.0
2938.983354,1.0
2939.465471,1.0
2939.947587,1.0
2940.429704,1.0
2940.911821,1.0
2941.393937,1.0
2941.876054,1.0
2942.358171,1.0
2942.840288,1.0
2943.322404,1.0
2943.804521,1.0
2944.286638,1.0
2944.768754,1.0
2945.250871,1.0
2945.732988,1.0
2946.215104,1.0
2946.697221,1.0
2947.179338,1.0
2947.661454,1.0
2948.143571,1.0
2948.625688,1.0
2949.107804,1.0
2949.589921,1.0
2950.072038,1.0
2950.554155,1.0
2951.036271,1.0
2951.518388,1.0
2952.000505,1.0
2952.482621,1.0
2952.964738,1.0
2953.446855,1.0
2953.928971,1.0
2954.411088,1.0
2954.893205,1.0
2955.375321,1.0
2955.857438,1.0
2956.339555,1.0
2956.821672,1.0
2957.303788,1.0
2957.785905,1.0
2958.268022,1.0
2958.750138,1.0
2959.232255,1.0
2959.714372,1.0
2960.196488,1.0
2960.678605,1.0
2961.160722,1.0
2961.642838,1.0
2962.124955,1.0
2962.607072,1.0
2963.089188,1.0
2963.571305,1.0
2964.053422,1.0
2964.535539,1.0
2965.017655,1.0
2965.499772,1.0
2965.981889,1.0
2966.464005,1.0
2966.946122,1.0
2967.428239,1.0
2967.910355,1.0
2968.392472,1.0
2968.874589,1.0
2969.356705,1.0
2969.838822,1.0
2970.320939,1.0
2970.803056,1.0
2971.285172,1.0
2971.767289,1.0
2972.249406,1.0
2972.731522,1.0
2973.213639,1.0
2973.695756,1.0
2974.177872,1.0
2974.659989,1.0
2975.142106,1.0
2975.624222,1.0
2976.106339,1.0
2976.588456,1.0
2977.070573,1.0
2977.552689,1.0
2978.034806,1.0
2978.516923,1.0
2978.999039,1.0
2979.481156,1.0
2979.963273,1.0
2980.445389,1.0
2980.927506,1.0
2981.409623,1.0
2981.891739,1.0
2982.373856,1.0
2982.855973,1.0
2983.338089,1.0
2983.820206,1.0
2984.302323,1.0
2984.78444,1.0
2985.266556,1.0
2985.748673,1.0
2986.23079,1.0
2986.712906,1.0
2987.195023,1.0
2987.67714,1.0
2988.159256,1.0
2988.641373,1.0
2989.12349,1.0
2989.605606,1.0
2990.087723,1.0
2990.56984,1.0
2991.051957,1.0
2991.534073,1.0
2992.01619,1.0
2992.498307,1.0
2992.980423,1.0
2993.46254,1.0
2993.944657,1.0
2994.426773,1.0
2994.90889,1.0
2995.391007,1.0
2995.873123,1.0
2996.35524,1.0
2996.837357,1.0
2997.319473,1.0
2997.80159,1.0
2998.283707,1.0
2998.765824,1.0
2999.24794,1.0
2999.730057,1.0
3000.212174,1.0
3000.69429,1.0
3001.176407,1.0
3001.658524,1.0
3002.14064,1.0
3002.622757,1.0
3003.104874,1.0
3003.58699,1.0
3004.069107,1.0
3004.551224,1.0
3005.033341,1.0
3005.515457,1.0
3005.997574,1.0
3006.479691,1.0
3006.961807,1.0
3007.443924,1.0
3007.926041,1.0
3008.408157,1.0
3008.890274,1.0
3009.372391,1.0
3009.854507,1.0
3010.336624,1.0
3010.818741,1.0
3011.300858,1.0
3011.782974,1.0
3012.265091,1.0
3012.747208,1.0
3013.229324,1.0
3013.711441,1.0
3014.193558,1.0
3014.675674,1.0
3015.157791,1.0
3015.639908,1.0
3016.122024,1.0
3016.604141,1.0
3017.086258,1.0
3017.568374,1.0
3018.050491,1.0
3018.532608,1.0
3019.014725,1.0
3019.496841,1.0
3019.978958,1.0
3020.461075,1.0
3020.943191,1.0
3021.425308,1.0
3021.907425,1.0
3022.389541,1.0
3022.871658,1.0
3023.353775,1.0
3023.835891,1.0
3024.318008,1.0
3024.800125,1.0
3025.282242,1.0
3025.764358,1.0
3026.246475,1.0
3026.728592,1.0
3027.210708,1.0
3027.692825,1.0
3028.174942,1.0
3028.657058,1.0
3029.139175,1.0
3029.621292,1.0
3030.103408,1.0
3030.585525,1.0
3031.067642,1.0
3031.549758,1.0
3032.031875,1.0
3032.513992,1.0
3032.996109,1.0
3033.478225,1.0
3033.960342,1.0
3034.442459,1.0
3034.924575,1.0
3035.406692,1.0
3035.888809,1.0
3036.370925,1.0
3036.853042,1.0
3037.335159,1.0
3037.817275,1.0
3038.299392,1.0
3038.781509,1.0
3039.263626,1.0
3039.745742,1.0
3040.227859,1.0
3040.709976,1.0
3041.192092,1.0
3041.674209,1.0
3042.156326,1.0
3042.638442,1.0
3043.120559,1.0
3043.602676,1.0
3044.084792,1.0
3044.566909,1.0
3045.049026,1.0
3045.531142,1.0
3046.013259,1.0
3046.495376,1.0
3046.977493,1.0
3047.459609,1.0
3047.941726,1.0
3048.423843,1.0
3048.905959,1.0
3049.388076,1.0
3049.870193,1.0
3050.352309,1.0
3050.834426,1.0
3051.316543,1.0
3051.798659,1.0
3052.280776,1.0
3052.762893,1.0
3053.24501,1.0
3053.727126,1.0
3054.209243,1.0
3054.69136,1.0
3055.173476,1.0
3055.655593,1.0
3056.13771,1.0
3056.619826,1.0
3057.101943,1.0
3057.58406,1.0
3058.066176,1.0
3058.548293,1.0
3059.03041,1.0
3059.512527,1.0
3059.994643,1.0
3060.47676,1.0
3060.958877,1.0
3061.440993,1.0
3061.92311,1.0
3062.405227,1.0
3062.887343,1.0
3063.36946,1.0
3063.851577,1.0
3064.333693,1.0
3064.81581,1.0
3065.297927,1.0
3065.780043,1.0
3066.26216,1.0
3066.744277,1.0
3067.226394,1.0
3067.70851,1.0
3068.190627,1.0
3068.672744,1.0
3069.15486,1.0
3069.636977,1.0
3070.119094,1.0
3070.60121,1.0
3071.083327,1.0
3071.565444,1.0
3072.04756,1.0
3072.529677,1.0
3073.011794,1.0
3073.493911,1.0
3073.976027,1.0
3074.458144,1.0
3074.940261,1.0
3075.422377,1.0
3075.904494,1.0
3076.386611,1.0
3076.868727,1.0
3077.350844,1.0
3077.832961,1.0
3078.315077,1.0
3078.797194,1.0
3079.279311,1.0
3079.761427,1.0
3080.243544,1.0
3080.725661,1.0
3081.207778,1.0
3081.689894,1.0
3082.172011,1.0
3082.654128,1.0
3083.136244,1.0
3083.618361,1.0
3084.100478,1.0
3084.582594,1.0
3085.064711,1.0
3085.546828,1.0
3086.028944,1.0
3086.511061,1.0
3086.993178,1.0
3087.475295,1.0
3087.957411,1.0
3088.439528,1.0
3088.921645,1.0
3089.403761,1.0
3089.885878,1.0
3090.367995,1.0
3090.850111,1.0
3091.332228,1.0
3091.814345,1.0
3092.296461,1.0
3092.778578,1.0
3093.260695,1.0
3093.742812,1.0
3094.224928,1.0
3094.707045,1.0
3095.189162,1.0
3095.671278,1.0
3096.153395,1.0
3096.635512,1.0
3097.117628,1.0
3097.599745,1.0
3098.081862,1.0
3098.563978,1.0
3099.046095,1.0
3099.528212,1.0
3100.010328,1.0
3100.492445,1.0
3100.974562,1.0
3101.456679,1.0
3101.938795,1.0
3102.420912,1.0
3102.903029,1.0
3103.385145,1.0
3103.867262,1.0
3104.349379,1.0
3104.831495,1.0
3105.313612,1.0
3105.795729,1.0
3106.277845,1.0
3106.759962,1.0
3107.242079,1.0
3107.724196,1.0
3108.206312,1.0
3108.688429,1.0
3109.170546,1.0
3109.652662,1.0
3110.134779,1.0
3110.616896,1.0
3111.099012,1.0
3111.581129,1.0
3112.063246,1.0
3112.545362,1.0
3113.027479,1.0
3113.509596,1.0
3113.991712,1.0
3114.473829,1.0
3114.955946,1.0
3115.438063,1.0
3115.920179,1.0
3116.402296,1.0
3116.884413,1.0
3117.366529,1.0
3117.848646,1.0
3118.330763,1.0
3118.812879,1.0
3119.294996,1.0
3119.777113,1.0
3120.259229,1.0
3120.741346,1.0
3121.223463,1.0
3121.70558,1.0
3122.187696,1.0
3122.669813,1.0
3123.15193,1.0
3123.634046,1.0
3124.116163,1.0
3124.59828,1.0
3125.080396,1.0
3125.562513,1.0
3126.04463,1.0
3126.526746,1.0
3127.008863,1.0
3127.49098,1.0
3127.973096,1.0
3128.455213,1.0
3128.93733,1.0
3129.419447,1.0
3129.901563,1.0
3130.38368,1.0
3130.865797,1.0
3131.347913,1.0
3131.83003,1.0
3132.312147,1.0
3132.794263,1.0
3133.27638,1.0
3133.758497,1.0
3134.240613,1.0
3134.72273,1.0
3135.204847,1.0
3135.686964,1.0
3136.16908,1.0
3136.651197,1.0
3137.133314,1.0
3137.61543,1.0
3138.097547,1.0
3138.579664,1.0
3139.06178,1.0
3139.543897,1.0
3140.026014,1.0
3140.50813,1.0
3140.990247,1.0
3141.472364,1.0
3141.954481,1.0
3142.436597,1.0
3142.918714,1.0
3143.400831,1.0
3143.882947,1.0
3144.365064,1.0
3144.847181,1.0
3145.329297,1.0
3145.811414,1.0
3146.293531,1.0
3146.775647,1.0
3147.257764,1.0
3147.739881,1.0
3148.221997,1.0
3148.704114,1.0
3149.186231,1.0
3149.668348,1.0
3150.150464,1.0
3150.632581,1.0
3151.114698,1.0
3151.596814,1.0
3152.078931,1.0
3152.561048,1.0
3153.043164,1.0
3153.525281,1.0
3154.007398,1.0
3154.489514,1.0
3154.971631,1.0
3155.453748,1.0
3155.935865,1.0
3156.417981,1.0
3156.900098,1.0
3157.382215,1.0
3157.864331,1.0
3158.346448,1.0
3158.828565,1.0
3159.310681,1.0
3159.792798,1.0
3160.274915,1.0
3160.757031,1.0
3161.239148,1.0
3161.721265,1.0
3162.203381,1.0
3162.685498,1.0
3163.167615,1.0
3163.649732,1.0
3164.131848,1.0
3164.613965,1.0
3165.096082,1.0
3165.578198,1.0
3166.060315,1.0
3166.542432,1.0
3167.024548,1.0
3167.506665,1.0
3167.988782,1.0
3168.470898,1.0
3168.953015,1.0
3169.435132,1.0
3169.917249,1.0
3170.399365,1.0
3170.881482,1.0
3171.363599,1.0
3171.845715,1.0
3172.327832,1.0
3172.809949,1.0
3173.292065,1.0
3173.774182,1.0
3174.256299,1.0
3174.738415,1.0
3175.220532,1.0
3175.702649,1.0
3176.184765,1.0
3176.666882,1.0
3177.148999,1.0
3177.631116,1.0
3178.113232,1.0
3178.595349,1.0
3179.077466,1.0
3179.559582,1.0
3180.041699,1.0
3180.523816,1.0
3181.005932,1.0
3181.488049,1.0
3181.970166,1.0
3182.452282,1.0
3182.934399,1.0
3183.416516,1.0
3183.898633,1.0
3184.380749,1.0
3184.862866,1.0
3185.344983,1.0
3185.827099,1.0
3186.309216,1.0
3186.791333,1.0
3187.273449,1.0
3187.755566,1.0
3188.237683,1.0
3188.719799,1.0
3189.201916,1.0
3189.684033,1.0
3190.16615,1.0
3190.648266,1.0
3191.130383,1.0
3191.6125,1.0
3192.094616,1.0
3192.576733,1.0
3193.05885,1.0
3193.540966,1.0
3194.023083,1.0
3194.5052,1.0
3194.987316,1.0
3195.469433,1.0
3195.95155,1.0
3196.433666,1.0
3196.915783,1.0
3197.3979,1.0
3197.880017,1.0
3198.362133,1.0
3198.84425,1.0
3199.326367,1.0
3199.808483,1.0
