nu,[0]HCFO-1233zd-HITRAN(x-sec)-X=0.01-T=295.0K-P=0.9211atm-L=15cm
600,1.0
600.119002,1.0
600.238004,1.0
600.357006,1.0
600.476008,1.0
600.59501,1.0
600.714012,1.0
600.833014,0.989286799514843
600.952016,1.0
601.071018,1.0
601.19002,1.0
601.309022,1.0
601.428024,1.0
601.547026,1.0
601.666028,0.9990351457714663
601.78503,1.0
601.904032,0.995906501300781
602.023034,0.9946121667193265
602.142036,0.9985777124110665
602.261038,0.9987240147623203
602.38004,1.0
602.499042,0.9964418452886257
602.618044,0.998507814417656
602.737046,0.988958410812945
602.856048,0.9975471132551491
602.97505,0.9977295813083583
603.094052,0.997331267415203
603.213054,0.9955439577487162
603.332056,0.9848341772024338
603.451058,0.9987290083948781
603.57006,0.9922656650908949
603.689062,0.9922088098972021
603.808064,0.996683810742079
603.927066,1.0
604.046068,0.9931495718960038
604.16507,1.0
604.284072,1.0
604.403074,1.0
604.522076,0.9939295003918258
604.641078,0.9959290090420468
604.76008,0.9955784041655739
604.879082,0.9914685015589363
604.998084,1.0
605.117086,0.9946471776837844
605.236088,0.9995312199117365
605.35509,1.0
605.474092,0.9926229450368593
605.593094,0.9990985865174452
605.712096,1.0
605.831098,1.0
605.9501,1.0
606.069102,0.9996302183860801
606.188104,0.9908853921779113
606.307106,0.9937344111795315
606.426108,1.0
606.54511,0.9881695368037091
606.664112,1.0
606.783114,1.0
606.902116,0.9919370811191262
607.021118,0.9808124697744954
607.14012,0.9923205388994213
607.259122,0.9985777124110665
607.378124,1.0
607.497126,0.9967214861021849
607.616128,1.0
607.73513,0.9898666914711075
607.854132,1.0
607.973134,1.0
608.092136,1.0
608.211138,0.9959692453867809
608.33014,0.9915911537984637
608.449142,1.0
608.568144,1.0
608.687146,1.0
608.806148,1.0
608.92515,1.0
609.044152,1.0
609.163154,0.9908102859117476
609.282156,0.9893036175333875
609.401158,0.9999569679259063
609.52016,1.0
609.639162,1.0
609.758164,1.0
609.877166,0.9973594922894509
609.996168,0.9932320067314695
610.11517,1.0
610.234172,0.9987431904474897
610.353174,1.0
610.472176,0.990085476184743
610.591178,1.0
610.71018,1.0
610.829182,1.0
610.948184,1.0
611.067186,1.0
611.186188,1.0
611.30519,1.0
611.424192,0.9982957538795001
611.543194,1.0
611.662196,0.9993576064231617
611.781198,1.0
611.9002,0.9964627707870937
612.019202,1.0
612.138204,1.0
612.257206,1.0
612.376208,0.9963260654731406
612.49521,1.0
612.614212,1.0
612.733214,0.9958495370780989
612.852216,0.9945764607834667
612.971218,1.0
613.09022,0.999652400426735
613.209222,0.9955640679397749
613.328224,1.0
613.447226,1.0
613.566228,1.0
613.68523,1.0
613.804232,1.0
613.923234,1.0
614.042236,1.0
614.161238,1.0
614.28024,1.0
614.399242,1.0
614.518244,1.0
614.637246,0.9986990469740499
614.756248,0.9995276116105456
614.87525,1.0
614.994252,0.9993112772784459
615.113254,1.0
615.232256,1.0
615.351258,1.0
615.47026,1.0
615.589262,0.9939385451914332
615.708264,0.9940474868258786
615.827266,0.9990594625828488
615.946268,1.0
616.06527,1.0
616.184272,0.9949116895336225
616.303274,0.9919495796050886
616.422276,0.9966909868913505
616.541278,1.0
616.66028,1.0
616.779282,0.9993479226948733
616.898284,0.9805427834288795
617.017286,1.0
617.136288,0.9941155814109391
617.25529,1.0
617.374292,0.9990567251636716
617.493294,1.0
617.612296,1.0
617.731298,1.0
617.8503,0.9924704898613589
617.969302,1.0
618.088304,1.0
618.207306,1.0
618.326308,1.0
618.44531,0.9970108763525629
618.564312,0.9973788412512856
618.683314,1.0
618.802316,1.0
618.921318,1.0
619.04032,1.0
619.159322,1.0
619.278324,0.9947440610370335
619.397326,0.9994339102892752
619.516328,1.0
619.63533,0.9963788721539754
619.754332,0.9835576752650539
619.873334,0.9994282834921997
619.992336,0.9988993062082855
620.111338,1.0
620.23034,0.9989714293418075
620.349342,0.9945862076805421
620.468344,0.9909621887716346
620.587346,0.9969893411502146
620.706348,1.0
620.82535,1.0
620.944352,0.9991877500537238
621.063354,1.0
621.182356,0.9970434791412723
621.301358,0.9843783045210586
621.42036,1.0
621.539362,0.9987364988905304
621.658364,1.0
621.777366,0.9983219095708898
621.896368,0.9982028168710988
622.01537,1.0
622.134372,0.9977434498459246
622.253374,0.990908579167375
622.372376,0.9907431112516095
622.491378,0.9956910104508504
622.61038,1.0
622.729382,1.0
622.848384,1.0
622.967386,1.0
623.086388,1.0
623.20539,0.9991116747946566
623.324392,0.989396616444316
623.443394,1.0
623.562396,1.0
623.681398,1.0
623.8004,1.0
623.919402,0.9856913557552038
624.038404,1.0
624.157406,1.0
624.276408,1.0
624.39541,0.9976240271025718
624.514412,1.0
624.633414,1.0
624.752416,1.0
624.871418,1.0
624.99042,1.0
625.109422,1.0
625.228424,1.0
625.347426,1.0
625.466428,0.9937140398329094
625.58543,1.0
625.704432,0.9913212794179692
625.823434,0.9946784100955101
625.942436,0.9964042801391657
626.061438,0.9926361470098212
626.18044,1.0
626.299442,0.9943364984361012
626.418444,1.0
626.537446,0.9994603156819988
626.656448,0.9952388702827087
626.77545,0.9952321026814006
626.894452,1.0
627.013454,1.0
627.132456,1.0
627.251458,1.0
627.37046,0.9982909620713818
627.489462,1.0
627.608464,1.0
627.727466,0.9950363597787488
627.846468,1.0
627.96547,0.9902968820006762
628.084472,1.0
628.203474,1.0
628.322476,1.0
628.441478,1.0
628.56048,1.0
628.679482,1.0
628.798484,1.0
628.917486,0.9950479022674685
629.036488,0.994438721482315
629.15549,1.0
629.274492,1.0
629.393494,1.0
629.512496,0.9978802498503245
629.631498,0.9973853242348234
629.7505,1.0
629.869502,0.9971695134022333
629.988504,1.0
630.107506,0.9947298362986678
630.226508,0.99826540614987
630.34551,0.9927165537941598
630.464512,1.0
630.583514,0.9963248698825794
630.702516,0.9963898323818502
630.821518,0.9953620884818989
630.94052,0.9908329757270924
631.059522,1.0
631.178524,1.0
631.297526,0.9937834034936534
631.416528,0.9859506266743989
631.53553,0.9973181027293602
631.654532,0.9939462979423214
631.773534,1.0
631.892536,0.9866666867277123
632.011538,0.9907781841785349
632.13054,1.0
632.249542,1.0
632.368544,1.0
632.487546,1.0
632.606548,1.0
632.72555,1.0
632.844552,1.0
632.963554,1.0
633.082556,1.0
633.201558,0.9958551138511215
633.32056,1.0
633.439562,1.0
633.558564,0.9998340737672803
633.677566,0.996343800234945
633.796568,0.9992860949515571
633.91557,1.0
634.034572,1.0
634.153574,1.0
634.272576,0.997920465234728
634.391578,0.9876854523410543
634.51058,0.9972755181555607
634.629582,1.0
634.748584,1.0
634.867586,1.0
634.986588,1.0
635.10559,0.9891542439651282
635.224592,0.9979891245245887
635.343594,1.0
635.462596,1.0
635.581598,0.999356317252681
635.7006,1.0
635.819602,1.0
635.938604,1.0
636.057606,1.0
636.176608,0.946179482618304
636.29561,0.9598416078075942
636.414612,0.9921306269234318
636.533614,0.9957378090280995
636.652616,0.9993619736254442
636.771618,0.9892373364114552
636.89062,1.0
637.009622,1.0
637.128624,0.9987522790518758
637.247626,1.0
637.366628,0.9994869916338133
637.48563,0.9972901782134288
637.604632,0.9998783074051446
637.723634,0.9971461799086225
637.842636,0.9986194538318349
637.961638,0.995507720608174
638.08064,1.0
638.199642,1.0
638.318644,1.0
638.437646,1.0
638.556648,1.0
638.67565,0.9968642268389876
638.794652,1.0
638.913654,0.9968354178791234
639.032656,0.9963552582545312
639.151658,1.0
639.27066,0.9966859037802793
639.389662,0.9938155032159939
639.508664,0.9989066980905014
639.627666,1.0
639.746668,0.9975910062937722
639.86567,0.9929071736714109
639.984672,0.9943243676048185
640.103674,0.9957086343377063
640.222676,1.0
640.341678,1.0
640.46068,1.0
640.579682,1.0
640.698684,1.0
640.817686,1.0
640.936688,0.9971574477241186
641.05569,0.9912914410965278
641.174692,0.9916177287974889
641.293694,1.0
641.412696,0.9903105481919444
641.531698,0.9942134071970997
641.6507,0.9988663430750754
641.769702,0.9938546603182105
641.888704,1.0
642.007706,0.9994073057126918
642.126708,0.9843034946127275
642.24571,0.984831222704334
642.364712,0.9999897120529213
642.483714,0.9833452497499782
642.602716,0.990698033465575
642.721718,1.0
642.84072,1.0
642.959722,1.0
643.078724,1.0
643.197726,0.9938702639588657
643.316728,1.0
643.43573,1.0
643.554732,0.9989278751369768
643.673734,0.9820480903338704
643.792736,0.9987329034456063
643.911738,1.0
644.03074,1.0
644.149742,0.9964380588168078
644.268744,0.9861527672715704
644.387746,0.9987944272873733
644.506748,1.0
644.62575,0.9986502117846829
644.744752,1.0
644.863754,0.9966260047574458
644.982756,0.9893105426829483
645.101758,0.986889698598305
645.22076,0.9824979713741374
645.339762,0.9991085375889232
645.458764,1.0
645.577766,0.9952831593978618
645.696768,0.9947451552561025
645.81577,0.9989643366698382
645.934772,1.0
646.053774,1.0
646.172776,0.9895628490390256
646.291778,0.9929406352069874
646.41078,0.998347966112766
646.529782,0.9823378372560886
646.648784,0.9974257191584466
646.767786,1.0
646.886788,0.9997508310477409
647.00579,0.9972097998643558
647.124792,1.0
647.243794,1.0
647.362796,1.0
647.481798,0.99680401805801
647.6008,0.9949377565613648
647.719802,0.9762788757818599
647.838804,0.999095149624219
647.957806,0.9936894953992506
648.076808,1.0
648.19581,0.9956558631785344
648.314812,0.9897776074777149
648.433814,0.9778812867559873
648.552816,0.9982304674720852
648.671818,1.0
648.79082,0.9929071736714109
648.909822,0.9920417360016323
649.028824,0.9892581106136482
649.147826,0.9872716988239385
649.266828,0.9967076317698159
649.38583,1.0
649.504832,0.998617556456675
649.623834,0.9824223219428821
649.742836,0.9991965829124755
649.861838,0.997086253224025
649.98084,0.9911696188645465
650.099842,0.9933071972403039
650.218844,0.9882060997529812
650.337846,0.9819930971806343
650.456848,1.0
650.57585,0.9832951004210597
650.694852,0.9779360496413921
650.813854,0.9940306875653054
650.932856,0.992650341808216
651.051858,0.9776524893052321
651.17086,0.9609950700940278
651.289862,0.9869064758657875
651.408864,0.9984635815012436
651.527866,0.9940908282411403
651.646868,0.9842995574066234
651.76587,0.9747112555486941
651.884872,0.9815503181479829
652.003874,0.9831309038500846
652.122876,0.9830660193516425
652.241878,0.9764985632428235
652.36088,0.9783635010864237
652.479882,0.9904528660430123
652.598884,0.9910625783260022
652.717886,0.9697111842658837
652.836888,0.9748506492246478
652.95589,0.9643528735033691
653.074892,0.9730488427084999
653.193894,0.9769273402217477
653.312896,0.9882871359756007
653.431898,0.9695337433555015
653.5509,0.9622894403741536
653.669902,0.9705629645625006
653.788904,0.9743331409405188
653.907906,0.9803663016117024
654.026908,0.9610536925812713
654.14591,0.9858520365413203
654.264912,0.9728999776240349
654.383914,0.9632021233069858
654.502916,0.9496972779103499
654.621918,0.9554450749495689
654.74092,0.9612862957187204
654.859922,0.9513588004998146
654.978924,0.9482690585117716
655.097926,0.9386543236306318
655.216928,0.9391359768321375
655.33593,0.9450475833544689
655.454932,0.9302675928268208
655.573934,0.935041841899575
655.692936,0.9321924445901656
655.811938,0.9194533227100693
655.93094,0.91560154819276
656.049942,0.9260055970720121
656.168944,0.901567828110934
656.287946,0.9102882239537256
656.406948,0.9051224867186013
656.52595,0.8950013968341072
656.644952,0.8774371062499813
656.763954,0.8895229243793228
656.882956,0.875403811697163
657.001958,0.8714559154352663
657.12096,0.8559100415586492
657.239962,0.8542426432193475
657.358964,0.8359721331547167
657.477966,0.8434286235163111
657.596968,0.8259178215991362
657.71597,0.8213548878642281
657.834972,0.8160252343888849
657.953974,0.8064769194429765
658.072976,0.7959809703651226
658.191978,0.7862110587625554
658.31098,0.7573574076834712
658.429982,0.7591696566627193
658.548984,0.7427914203408137
658.667986,0.7372118345040554
658.786988,0.7182195332875931
658.90599,0.7132880093124704
659.024992,0.6928096450443917
659.143994,0.6889820917230189
659.262996,0.6557471542053772
659.381998,0.651980907799715
659.501,0.6316309470111136
659.620002,0.6281288238699956
659.739004,0.6066398450577679
659.858006,0.6064700096792144
659.977008,0.5721008453971734
660.09601,0.5670317388575233
660.215012,0.5425581556272798
660.334014,0.5328315212503598
660.453016,0.5059588181814269
660.572018,0.5083017559402662
660.69102,0.48118185663908325
660.810022,0.4769326466763981
660.929024,0.4458913350649797
661.048026,0.44661426444247604
661.167028,0.42143488392950146
661.28603,0.42491760476259316
661.405032,0.39358036528302437
661.524034,0.3899253376924496
661.643036,0.37227591226318985
661.762038,0.37135009835831095
661.88104,0.3451762923997237
662.000042,0.3459019242605473
662.119044,0.32690031554102195
662.238046,0.32161503247474676
662.357048,0.30547113172722584
662.47605,0.30602147492461984
662.595052,0.2901375958726029
662.714054,0.2897896395730903
662.833056,0.28105637696589053
662.952058,0.27731534242415656
663.07106,0.2612179924883281
663.190062,0.2679111187321443
663.309064,0.25763794334626894
663.428066,0.25916250023234294
663.547068,0.24897569443318332
663.66607,0.25155339646230135
663.785072,0.24521988037629286
663.904074,0.24887612407081014
664.023076,0.24316866056549566
664.142078,0.2481802456079005
664.26108,0.24426538531801115
664.380082,0.24867710279068003
664.499084,0.24529345737640393
664.618086,0.2509754884993565
664.737088,0.2523848938867936
664.85609,0.25882580787948783
664.975092,0.2647948245132042
665.094094,0.27469332099268307
665.213096,0.2769827636004512
665.332098,0.2843071816011539
665.4511,0.2912713418641669
665.570102,0.30029198329606105
665.689104,0.3085103150663647
665.808106,0.32229113370076384
665.927108,0.33567897744448255
666.04611,0.3511295623925985
666.165112,0.3650941549128204
666.284114,0.3780268704660539
666.403116,0.38904899194132
666.522118,0.394778670093943
666.64112,0.40144690336773037
666.760122,0.4092209699522862
666.879124,0.41598752797484806
666.998126,0.4016275951268425
667.117128,0.38803877840895146
667.23613,0.35725695292866355
667.355132,0.3470799923839709
667.474134,0.3178422781186704
667.593136,0.30294621423658985
667.712138,0.2774262907493119
667.83114,0.3111127164968277
667.950142,0.31758810597858733
668.069144,0.2865047968601901
668.188146,0.22357686702670268
668.307148,0.16162119246533926
668.42615,0.11678741064160414
668.545152,0.09869707186539996
668.664154,0.0894120337639935
668.783156,0.1504386378291344
668.902158,0.29987186866830473
669.02116,0.3888661818788374
669.140162,0.44549021339524825
669.259164,0.46184774430402226
669.378166,0.4770471242483596
669.497168,0.472342935003826
669.61617,0.47082914511508844
669.735172,0.4548579984775183
669.854174,0.4416312593292189
669.973176,0.42725254513003574
670.092178,0.40285845782742047
670.21118,0.39121421678768425
670.330182,0.371416947392248
670.449184,0.3578290215862342
670.568186,0.33144281102515405
670.687188,0.32458754335749457
670.80619,0.302764501027462
670.925192,0.29434580363145335
671.044194,0.28100017131125016
671.163196,0.27149813741000095
671.282198,0.2544120709344793
671.4012,0.25079986713205676
671.520202,0.23825827610243483
671.639204,0.2395962653218127
671.758206,0.22725103306370184
671.877208,0.22752389798959005
671.99621,0.22020419588349685
672.115212,0.22275116111663013
672.234214,0.21549878661737712
672.353216,0.21864628322717988
672.472218,0.2143167967427348
672.59122,0.2206891783995987
672.710222,0.21448831877979593
672.829224,0.22368868341198284
672.948226,0.22255077525878725
673.067228,0.22923674236195785
673.18623,0.22456277264338298
673.305232,0.24168984670387655
673.424234,0.2366199527130642
673.543236,0.24627659617265069
673.662238,0.25730323162967317
673.78124,0.26748280368558397
673.900242,0.26098300205664476
674.019244,0.2857608519358442
674.138246,0.2843071816011539
674.257248,0.3040691914559916
674.37625,0.3045865487105362
674.495252,0.3267042341819875
674.614254,0.33383781091775794
674.733256,0.3506733905374382
674.852258,0.3543748598447579
674.97126,0.3727490030208079
675.090262,0.37726025429768106
675.209264,0.4043922322930078
675.328266,0.40891825845159047
675.447268,0.44374731008107987
675.56627,0.4448269272481824
675.685272,0.46690008264375654
675.804274,0.46666202431164283
675.923276,0.5042414793300269
676.042278,0.5222128581411746
676.16128,0.5339997009718008
676.280282,0.5450760242557692
676.399284,0.5689117235714017
676.518286,0.5790537345091736
676.637288,0.6091382655581206
676.75629,0.6149280560814051
676.875292,0.6317383333996898
676.994294,0.6380810283616428
677.113296,0.6658172802917233
677.232298,0.6813289839377746
677.3513,0.7023594282026405
677.470302,0.7176093060676079
677.589304,0.7326992217383569
677.708306,0.7287824602079855
677.827308,0.7651985012930209
677.94631,0.7721009293521334
678.065312,0.7832996197932782
678.184314,0.7846715942554315
678.303316,0.8047770471388993
678.422318,0.8065898341155412
678.54132,0.8219053800333808
678.660322,0.8297921759218664
678.779324,0.8486995858400226
678.898326,0.8530731320961776
679.017328,0.8717784137824924
679.13633,0.8727204430736295
679.255332,0.8830177293859184
679.374334,0.8876036284484909
679.493336,0.8978520313827426
679.612338,0.9054384295952912
679.73134,0.9128816813947915
679.850342,0.906443117810357
679.969344,0.9064648727062422
680.088346,0.9179007588806483
680.207348,0.9389275117857571
680.32635,0.9241304847950671
680.445352,0.9292801730559417
680.564354,0.9449455237267858
680.683356,0.9514168351566842
680.802358,0.9375951808978278
680.92136,0.9483667352550642
681.040362,0.9408542874552063
681.159364,0.952323967580533
681.278366,0.9650513177901083
681.397368,0.9590443107543135
681.51637,0.9586473485864998
681.635372,0.9663067003250835
681.754374,0.964719397230398
681.873376,0.9606847188108179
681.992378,0.9634236852739959
682.11138,0.9804888550588347
682.230382,0.9767309975594617
682.349384,0.982316226061393
682.468386,0.9743711406740054
682.587388,0.9674553548507624
682.70639,0.9851296717775646
682.825392,0.9882248758472488
682.944394,0.9690558810227708
683.063396,0.9793687965328917
683.182398,0.9786325880469837
683.3014,0.969369905997521
683.420402,0.9774833700538194
683.539404,0.9798576235145503
683.658406,0.9855740654627798
683.777408,0.9833236163924515
683.89641,0.986313523273894
684.015412,0.990085476184743
684.134414,0.9885253418780291
684.253416,0.9841184629492616
684.372418,0.9791954635963227
684.49142,0.9929071736714109
684.610422,0.9844196492780822
684.729424,0.9761197552937796
684.848426,0.9828812203116585
684.967428,0.9966647742630929
685.08643,0.9800643952867667
685.205432,0.9768150000373066
685.324434,0.9906745542004122
685.443436,0.9940820802803428
685.562438,0.9858411922285621
685.68144,0.9874316497948269
685.800442,0.989720202041255
685.919444,0.9796352210776441
686.038446,0.9846165528976435
686.157448,0.994367223908609
686.27645,0.9850804165253673
686.395452,0.9809762791346486
686.514454,0.9892393148881065
686.633456,0.9868877248208816
686.752458,0.9993600848330989
686.87146,0.9956694041903523
686.990462,0.9992879636183019
687.109464,0.9959580905936994
687.228466,0.9790182452561554
687.347468,0.9866272208495661
687.46647,0.996304246171229
687.585472,0.9985777124110665
687.704474,0.9975910062937722
687.823476,0.9938676798995387
687.942478,0.9909218574312999
688.06148,0.9989634376023399
688.180482,0.9926072617182262
688.299484,0.9787128392094562
688.418486,0.9923229204715724
688.537488,0.9933624266558341
688.65649,0.9864762784321655
688.775492,1.0
688.894494,0.9990649474343543
689.013496,0.9891601789083968
689.132498,0.9998770975531246
689.2515,0.9914198216506113
689.370502,0.9858786549056532
689.489504,0.9858214756018845
689.608506,0.9980811433638731
689.727508,1.0
689.84651,0.9894450980663118
689.965512,0.9976236280530408
690.084514,1.0
690.203516,1.0
690.322518,1.0
690.44152,0.9953253602984731
690.560522,0.9908212839669603
690.679524,0.9975566897534035
690.798526,1.0
690.917528,0.9886775865032136
691.03653,0.9994842130638388
691.155532,1.0
691.274534,0.9895964947478667
691.393536,0.982280863313788
691.512538,0.9824174098435526
691.63154,0.993721790832649
691.750542,1.0
691.869544,0.9960784095981647
691.988546,0.9884937095732086
692.107548,0.9949037302719433
692.22655,0.9912809334629427
692.345552,0.9921096931880554
692.464554,0.9952681307356216
692.583556,0.9980318393732095
692.702558,0.998794527166821
692.82156,0.991173980020464
692.940562,1.0
693.059564,0.9988712375321478
693.178566,1.0
693.297568,0.9929071736714109
693.41657,0.9941394404712006
693.535572,0.9903815560038494
693.654574,1.0
693.773576,1.0
693.892578,0.9956579540580426
694.01158,0.9957558320455507
694.130582,0.9986085689391109
694.249584,0.984663815626479
694.368586,0.9981661834999461
694.487588,0.9904989231721032
694.60659,0.999474658040435
694.725592,1.0
694.844594,1.0
694.963596,0.9878267014598104
695.082598,0.9971281317261028
695.2016,1.0
695.320602,0.9918836171513207
695.439604,0.9991447659213119
695.558606,0.9990410600770356
695.677608,0.9910757595459488
695.79661,0.9950211358389076
695.915612,1.0
696.034614,0.9975583856012176
696.153616,0.9914952715698718
696.272618,0.9986401254684799
696.39162,0.992226669816519
696.510622,0.9912534753613822
696.629624,1.0
696.748626,0.9961890800571013
696.867628,0.9948475197991438
696.98663,1.0
697.105632,0.9990199106016617
697.224634,0.9970976200721027
697.343636,1.0
697.462638,1.0
697.58164,1.0
697.700642,0.9930923681281469
697.819644,0.9889485212782846
697.938646,0.9947969828287879
698.057648,0.9937228839272201
698.17665,0.9921520571764192
698.295652,0.9997411834987708
698.414654,0.9929071736714109
698.533656,0.9972716287886242
698.652658,1.0
698.77166,1.0
698.890662,0.9943750794407071
699.009664,0.9985777124110665
699.128666,0.9849513794429159
699.247668,0.9987266114481343
699.36667,1.0
699.485672,0.9983466682612536
699.604674,0.9925570370614778
699.723676,0.992304562667354
699.842678,0.9921697176402147
699.96168,0.997747540602455
700.080682,1.0
700.199684,0.9961071966801734
700.318686,0.9938421378283823
700.437688,0.9938062607747914
700.55669,0.9994439546505465
700.675692,1.0
700.794694,1.0
700.913696,0.9939473912838505
701.032698,0.993692575841461
701.1517,0.9958878780233348
701.270702,0.9931905898203374
701.389704,1.0
701.508706,0.9889406097217607
701.627708,0.9982396512346311
701.74671,0.9954541637334982
701.865712,0.9900478536514806
701.984714,1.0
702.103716,1.0
702.222718,1.0
702.34172,0.9925837372048901
702.460722,0.9949004470950507
702.579724,0.996904800038679
702.698726,0.9943243676048185
702.817728,0.9987589707145625
702.93673,1.0
703.055732,1.0
703.174734,0.9997073228383192
703.293736,0.9930914743454178
703.412738,0.9999928197257782
703.53174,0.9818752650790402
703.650742,0.9994309619635886
703.769744,0.9947509247947346
703.888746,0.99672866252272
704.007748,0.9909740803892494
704.12675,0.9987077356935544
704.245752,1.0
704.364754,0.9965996941782214
704.483756,1.0
704.602758,1.0
704.72176,1.0
704.840762,1.0
704.959764,0.9990452560582995
705.078766,0.9994959570723382
705.197768,1.0
705.31677,0.9974277140118798
705.435772,1.0
705.554774,0.9969064947782795
705.673776,0.9972659443565407
705.792778,0.9992976467655841
705.91178,0.9957402983757337
706.030782,0.9992074542304374
706.149784,1.0
706.268786,0.9972119937283287
706.387788,0.9914952715698718
706.50679,0.9867574642385928
706.625792,0.9894233305135983
706.744794,0.9934498463957919
706.863796,0.9790485952921815
706.982798,1.0
707.1018,1.0
707.220802,1.0
707.339804,0.9995331390135211
707.458806,0.9969608276628026
707.577808,0.9960614764091341
707.69681,1.0
707.815812,1.0
707.934814,0.999893895629467
708.053816,0.991562596384463
708.172818,0.9999617657309483
708.29182,1.0
708.410822,1.0
708.529824,0.9961207438301687
708.648826,0.9979248560944349
708.767828,0.997555492686094
708.88683,0.9964525072734117
709.005832,1.0
709.124834,0.9977714868307831
709.243836,0.9989691317101623
709.362838,1.0
709.48184,1.0
709.600842,1.0
709.719844,0.9925057231891368
709.838846,0.997381234963377
709.957848,0.9991374921738924
710.07685,1.0
710.195852,1.0
710.314854,0.9992456546616092
710.433856,0.9900718130994471
710.552858,0.9985193971754831
710.67186,0.9980632778713036
710.790862,0.9933132564326876
710.909864,0.9928849327998194
711.028866,0.9924090578393772
711.147868,1.0
711.26687,0.9953002784154266
711.385872,0.9960350811297483
711.504874,1.0
711.623876,0.9975141947435702
711.742878,1.0
711.86188,0.9971529605257
711.980882,0.9964854903972702
712.099884,0.9997866827553595
712.218886,0.9987547759356946
712.337888,1.0
712.45689,1.0
712.575892,0.9998620195201822
712.694894,0.9915606132612533
712.813896,0.9985682259678592
712.932898,1.0
713.0519,1.0
713.170902,0.9851247461415198
713.289904,0.9776280482985134
713.408906,0.9979824380198542
713.527908,1.0
713.64691,0.9988331812629744
713.765912,1.0
713.884914,0.9960666559422782
714.003916,0.9996360362508812
714.122918,0.9937028109277027
714.24192,0.998692555451342
714.360922,1.0
714.479924,0.9990855084025441
714.598926,0.9943243676048185
714.717928,1.0
714.83693,1.0
714.955932,1.0
715.074934,0.9992657896644102
715.193936,0.9971316216806713
715.312938,0.9986762768953588
715.43194,0.9984071699025315
715.550942,1.0
715.669944,0.9923572554386123
715.788946,0.9990950896785118
715.907948,1.0
716.02695,1.0
716.145952,0.9995903739196808
716.264954,0.9989508507423234
716.383956,0.9979040994732978
716.502958,0.9960402605256365
716.62196,1.0
716.740962,1.0
716.859964,1.0
716.978966,0.9943243676048185
717.097968,0.9942037633738225
717.21697,0.9944087893272796
717.335972,0.9956916078656358
717.454974,0.9957784359594916
717.573976,1.0
717.692978,1.0
717.81198,1.0
717.930982,0.9945860087633205
718.049984,0.9929071736714109
718.168986,0.9979677677858417
718.287988,0.9988172000599241
718.40699,1.0
718.525992,0.9977798681464739
718.644994,0.991871020309373
718.763996,1.0
718.882998,0.994160218202633
719.002,1.0
719.121002,1.0
719.240004,1.0
719.359006,0.9957148077503767
719.478008,0.9982000219071245
719.59701,1.0
719.716012,1.0
719.835014,0.9957224747839144
719.954016,0.9962808332965464
720.073018,1.0
720.19202,1.0
720.311022,1.0
720.430024,0.9982227811270781
720.549026,1.0
720.668028,0.9980787479720036
720.78703,1.0
720.906032,0.9980535967044619
721.025034,0.9943124357839983
721.144036,0.999048492970173
721.263038,0.990085476184743
721.38204,0.9964729347591919
721.501042,1.0
721.620044,1.0
721.739046,1.0
721.858048,0.9980740570129119
721.97705,0.9889979699405548
722.096052,1.0
722.215054,1.0
722.334056,1.0
722.453058,1.0
722.57206,1.0
722.691062,0.9974601309393574
722.810064,0.9980154717852584
722.929066,1.0
723.048068,0.992785152878098
723.16707,0.9920258634608369
723.286072,1.0
723.405074,0.9936393153467898
723.524076,0.998788035023494
723.643078,0.9928068951110226
723.76208,0.9985719206771305
723.881082,1.0
724.000084,1.0
724.119086,0.999415420932962
724.238088,1.0
724.35709,0.9923655912745685
724.476092,0.9944709418188576
724.595094,1.0
724.714096,0.9956333616102953
724.833098,1.0
724.9521,1.0
725.071102,0.9978035158095727
725.190104,0.993535485463542
725.309106,0.9995224340709273
725.428108,0.9910576230254988
725.54711,0.9959381716310779
725.666112,1.0
725.785114,0.9990007296035164
725.904116,0.9955071233037208
726.023118,1.0
726.14212,1.0
726.261122,0.9980118789360272
726.380124,0.9961970496016198
726.499126,0.9997663772940355
726.618128,0.9945652221329584
726.73713,0.9999106989875728
726.856132,0.9929326917136797
726.975134,0.999944963514563
727.094136,0.9904633648990362
727.213138,0.9940269102558696
727.33214,0.999864229217687
727.451142,1.0
727.570144,0.9951515916610084
727.689146,0.9990245760355381
727.808148,1.0
727.92715,0.9971574477241186
728.046152,0.9960908606561036
728.165154,0.9939374518596348
728.284156,0.9967346429126362
728.403158,0.9995395560368722
728.52216,0.9990737792075259
728.641162,0.9985777124110665
728.760164,0.9977247922178618
728.879166,1.0
728.998168,1.0
729.11717,1.0
729.236172,1.0
729.355174,0.9979048977968967
729.474176,1.0
729.593178,0.994541153945809
729.71218,1.0
729.831182,1.0
729.950184,1.0
730.069186,1.0
730.188188,0.9939045530744561
730.30719,1.0
730.426192,0.9993016839362321
730.545194,0.9977822628210311
730.664196,1.0
730.783198,0.9995180661674343
730.9022,0.9914952715698718
731.021202,0.9943243676048185
731.140204,0.993039239107666
731.259206,0.9971574477241186
731.378208,0.9958608898275321
731.49721,1.0
731.616212,1.0
731.735214,1.0
731.854216,1.0
731.973218,1.0
732.09222,0.9919593999545373
732.211222,0.999232454713697
732.330224,1.0
732.449226,1.0
732.568228,0.9977565203707294
732.68723,0.9993275262119179
732.806232,0.9979005070250061
732.925234,0.9965397006824541
733.044236,1.0
733.163238,1.0
733.28224,1.0
733.401242,0.9991299587056026
733.520244,0.9994112233970088
733.639246,0.9992020685167736
733.758248,0.9970572384362234
733.87725,0.9879314166399716
733.996252,0.9956091680135616
734.115254,1.0
734.234256,0.9985777124110665
734.353258,1.0
734.47226,0.9985777124110665
734.591262,0.9971574477241186
734.710264,1.0
734.829266,0.9991255925172232
734.948268,0.9937050964467962
735.06727,1.0
735.186272,0.9990133170920104
735.305274,0.9917858222480376
735.424276,0.9965080112238375
735.543278,1.0
735.66228,1.0
735.781282,0.9917904836523564
735.900284,1.0
736.019286,0.9969284269624178
736.138288,0.994444986465995
736.25729,1.0
736.376292,1.0
736.495294,0.9972926714419909
736.614296,0.9996884485422379
736.733298,0.9948811462135962
736.8523,0.9964552973443382
736.971302,1.0
737.090304,1.0
737.209306,1.0
737.328308,0.994643000174411
737.44731,0.9992872741098449
737.566312,1.0
737.685314,1.0
737.804316,0.9924181880447082
737.923318,0.9929071736714109
738.04232,0.990085476184743
738.161322,0.9937535904387466
738.280324,0.9973624843724158
738.399326,0.9992221926490829
738.518328,0.9958004429061021
738.63733,1.0
738.756332,1.0
738.875334,1.0
738.994336,0.9931353699586698
739.113338,1.0
739.23234,1.0
739.351342,1.0
739.470344,0.9981251597128489
739.589346,0.9943243676048185
739.708348,0.9968792796024609
739.82735,1.0
739.946352,1.0
740.065354,0.9988502614564092
740.184356,1.0
740.303358,1.0
740.42236,0.999670754213294
740.541362,0.9987061377624556
740.660364,1.0
740.779366,0.9957402983757337
740.898368,1.0
741.01737,0.9971889583973327
741.136372,0.9914952715698718
741.255374,0.999824115469498
741.374376,1.0
741.493378,1.0
741.61238,0.9932971648882752
741.731382,0.9950462106874726
741.850384,1.0
741.969386,1.0
742.088388,0.9964184291804017
742.20739,0.996406970434354
742.326392,1.0
742.445394,1.0
742.564396,1.0
742.683398,0.9990980969592577
742.8024,0.9971574477241186
742.921402,0.9955041367868307
743.040404,0.9944867540325394
743.159406,1.0
743.278408,1.0
743.39741,1.0
743.516412,1.0
743.635414,0.9993865682262504
743.754416,0.9977335722346654
743.873418,1.0
743.99242,0.9957402983757337
744.111422,1.0
744.230424,1.0
744.349426,1.0
744.468428,0.9957181931864784
744.58743,0.9931077611791488
744.706432,1.0
744.825434,0.9983253038711526
744.944436,0.9959558994883104
745.063438,1.0
745.18244,1.0
745.301442,0.9969413871162092
745.420444,0.9959562978707499
745.539446,0.9999637496570596
745.658448,1.0
745.77745,1.0
745.896452,0.9891760055978726
746.015454,0.9992435662403734
746.134456,0.9961709495808321
746.253458,0.9937864842269792
746.37246,0.9973732559454135
746.491462,0.9978220751275678
746.610464,1.0
746.729466,1.0
746.848468,0.9946829856267202
746.96747,0.9996032987067741
747.086472,1.0
747.205474,1.0
747.324476,1.0
747.443478,1.0
747.56248,0.9985777124110665
747.681482,1.0
747.800484,0.9984533972246522
747.919486,0.9993147748740372
748.038488,1.0
748.15749,0.9957402983757337
748.276492,0.9949503923511103
748.395494,0.9983417763745643
748.514496,0.9980212602917814
748.633498,1.0
748.7525,1.0
748.871502,1.0
748.990504,1.0
749.109506,1.0
749.228508,1.0
749.34751,1.0
749.466512,0.9994627243842621
749.585514,0.9964352687941491
749.704516,1.0
749.823518,0.9987379969964023
749.94252,1.0
750.061522,0.9973335612797559
750.180524,0.9997913017805038
750.299526,0.9887734928804884
750.418528,0.9999600437982703
750.53753,1.0
750.656532,1.0
750.775534,1.0
750.894536,1.0
751.013538,0.9900656746732351
751.13254,0.9926723788904148
751.251542,0.9864052546970035
751.370544,0.9987663615582919
751.489546,0.9989220813721029
751.608548,0.9996192325103476
751.72755,1.0
751.846552,0.9990944003031378
751.965554,1.0
752.084556,0.999102293180077
752.203558,1.0
752.32256,1.0
752.441562,0.9968463831290288
752.560564,0.9929925673602227
752.679566,1.0
752.798568,0.9993186422296992
752.91757,0.9971574477241186
753.036572,0.9991864710942222
753.155574,1.0
753.274576,1.0
753.393578,1.0
753.51258,0.9943243676048185
753.631582,1.0
753.750584,1.0
753.869586,0.9968020244519675
753.988588,1.0
754.10759,0.996022531166791
754.226592,0.9910707050724641
754.345594,1.0
754.464596,1.0
754.583598,1.0
754.7026,0.9998957854307156
754.821602,1.0
754.940604,1.0
755.059606,0.9957523469062376
755.178608,0.9999197602193834
755.29761,0.991873202428018
755.416612,0.9993263569993962
755.535614,1.0
755.654616,1.0
755.773618,1.0
755.89262,1.0
756.011622,1.0
756.130624,1.0
756.249626,1.0
756.368628,1.0
756.48763,0.9961752331251249
756.606632,0.9990541476006457
756.725634,1.0
756.844636,1.0
756.963638,0.9929071736714109
757.08264,1.0
757.201642,0.9984617842684145
757.320644,0.9936810490744366
757.439646,1.0
757.558648,0.9980180666288584
757.67765,0.9992023982535106
757.796652,1.0
757.915654,0.9988942118348145
758.034656,0.9990942304571042
758.153658,1.0
758.27266,1.0
758.391662,0.999591233567772
758.510664,0.9946267876256407
758.629666,0.991086562330603
758.748668,1.0
758.86767,1.0
758.986672,1.0
759.105674,1.0
759.224676,0.9970018035948692
759.343678,0.9986977486661327
759.46268,1.0
759.581682,1.0
759.700684,1.0
759.819686,1.0
759.938688,1.0
760.05769,1.0
760.176692,1.0
760.295694,0.9996630167916003
760.414696,1.0
760.533698,1.0
760.6527,1.0
760.771702,0.9988902162659583
760.890704,0.9993023434755611
761.009706,1.0
761.128708,1.0
761.24771,1.0
761.366712,1.0
761.485714,0.9991064894185204
761.604716,1.0
761.723718,0.9991785975358519
761.84272,0.9963748866464578
761.961722,0.9972336334633829
762.080724,1.0
762.199726,0.9972947657587999
762.318728,0.9970177557513437
762.43773,0.9991822645280338
762.556732,1.0
762.675734,0.9978705704588461
762.794736,0.9990741089019275
762.913738,0.9990786646902513
763.03274,0.9970096799402292
763.151742,1.0
763.270744,1.0
763.389746,0.9974731977526601
763.508748,1.0
763.62775,0.9992673585129315
763.746752,0.9975729500599676
763.865754,1.0
763.984756,1.0
764.103758,0.9998999850018334
764.22276,1.0
764.341762,1.0
764.460764,1.0
764.579766,1.0
764.698768,1.0
764.81777,1.0
764.936772,0.9971574477241186
765.055774,1.0
765.174776,1.0
765.293778,1.0
765.41278,1.0
765.531782,1.0
765.650784,0.9961075951231319
765.769786,0.9957402983757337
765.888788,0.9991178593150646
766.00779,1.0
766.126792,1.0
766.245794,1.0
766.364796,0.9943243676048185
766.483798,1.0
766.6028,0.9984701713826282
766.721802,0.9935977820914594
766.840804,0.9942862857108121
766.959806,1.0
767.078808,0.9993790328799343
767.19781,0.9991621411998688
767.316812,1.0
767.435814,0.9957402983757337
767.554816,0.9952657420949742
767.673818,0.9937836022503539
767.79282,1.0
767.911822,1.0
768.030824,1.0
768.149826,0.9959757192079157
768.268828,0.9976767030418354
768.38783,1.0
768.506832,0.9975327486801434
768.625834,1.0
768.744836,0.9972731246971893
768.863838,1.0
768.98284,0.999912420835279
769.101842,0.998585401489055
769.220844,1.0
769.339846,0.9985777124110665
769.458848,1.0
769.57785,0.9987142273149342
769.696852,0.9941522649527004
769.815854,1.0
769.934856,1.0
770.053858,1.0
770.17286,1.0
770.291862,0.9996469123501214
770.410864,1.0
770.529866,0.9980060904839159
770.648868,1.0
770.76787,1.0
770.886872,1.0
771.005874,1.0
771.124876,1.0
771.243878,1.0
771.36288,1.0
771.481882,1.0
771.600884,0.9985777124110665
771.719886,1.0
771.838888,1.0
771.95789,0.9946147527143219
772.076892,0.9982126991279029
772.195894,1.0
772.314896,0.9943243676048185
772.433898,0.9971574477241186
772.5529,0.9968892484451011
772.671902,1.0
772.790904,0.999375525065685
772.909906,0.9965656110515052
773.028908,1.0
773.14791,0.9991842229271914
773.266912,0.9921618795304058
773.385914,1.0
773.504916,0.9955492341456746
773.623918,0.9943837305415305
773.74292,0.994300802396555
773.861922,0.9943120380591035
773.980924,0.9984808550706196
774.099926,1.0
774.218928,0.9959805995008966
774.33793,0.999686489154799
774.456932,1.0
774.575934,1.0
774.694936,0.996532127009509
774.813938,0.9962567235921092
774.93294,1.0
775.051942,1.0
775.170944,1.0
775.289946,1.0
775.408948,0.9966993591308038
775.52795,0.9966418512369006
775.646952,1.0
775.765954,0.9952531023003124
775.884956,0.9962510449449689
776.003958,1.0
776.12296,0.99637956961943
776.241962,0.9935484015088071
776.360964,1.0
776.479966,0.9961156636273297
776.598968,0.9946396183939594
776.71797,0.9994553583711271
776.836972,0.9952339936241922
776.955974,0.9919692204012079
777.074976,0.9899726128737889
777.193978,0.9971574477241186
777.31298,0.9950488973158683
777.431982,0.9996717738779833
777.550984,0.9926170885787601
777.669986,0.9938147081639094
777.788988,0.9874889224914071
777.90799,0.9945072406706841
778.026992,0.9944713396073139
778.145994,1.0
778.264996,0.9971574477241186
778.383998,0.9985777124110665
778.503,0.9943243676048185
778.622002,0.9984801561342657
778.741004,0.9931117336181383
778.860006,0.9994762472064046
778.979008,1.0
779.09801,1.0
779.217012,0.9963765804852048
779.336014,0.9978320533982105
779.455016,0.9963081317653659
779.574018,0.9925883031005828
779.69302,0.9918495961267163
779.812022,0.9984278371448537
779.931024,0.9990067336159434
780.050026,0.9924450829420284
780.169028,0.9971574477241186
780.28803,0.9980408217001843
780.407032,1.0
780.526034,0.9993902359816862
780.645036,1.0
780.764038,0.9926741657023049
780.88304,0.9900349831130418
781.002042,1.0
781.121044,0.9968397042806361
781.240046,0.9975242696878155
781.359048,0.9949229320992347
781.47805,0.9955157842533687
781.597052,0.9995115593260033
781.716054,0.9961905743418421
781.835056,0.9991675666650256
781.954058,0.9903650167699671
782.07306,0.9903810608131952
782.192062,1.0
782.311064,0.998640325196525
782.430066,0.9952630548810982
782.549068,0.9994006996522341
782.66807,0.9914952715698718
782.787072,0.9927803875208011
782.906074,0.9944154518884876
783.025076,0.9941586275475564
783.144078,0.9915531765845415
783.26308,0.9985444603268935
783.382082,0.9915999789990045
783.501084,0.9997336754706754
783.620086,0.9974065687684831
783.739088,0.9929071736714109
783.85809,0.9992122304534837
783.977092,1.0
784.096094,0.993709766871725
784.215096,0.9962441708364744
784.334098,1.0
784.4531,0.9961159624620737
784.572102,0.9967454077049095
784.691104,0.9918685406349218
784.810106,0.986313523273894
784.929108,0.9970161605242106
785.04811,0.9991350143159843
785.167112,0.9963315452815702
785.286114,0.9907093274875323
785.405116,0.9894262987880422
785.524118,0.9978959166932315
785.64312,0.9944285782590864
785.762122,0.9934281894252023
785.881124,0.9953253602984731
786.000126,0.9932130361813103
786.119128,1.0
786.23813,0.9976606405762196
786.357132,0.9995316896915203
786.476134,0.9929071736714109
786.595136,0.9957402983757337
786.714138,0.9957402983757337
786.83314,0.9933576585276296
786.952142,0.9898171993738467
787.071144,1.0
787.190146,0.9936804528659859
787.309148,0.9916734592798592
787.42815,0.9944671628364589
787.547152,0.9968356172462269
787.666154,0.9871305290648851
787.785156,0.9844659180889069
787.904158,0.9858668244327773
788.02316,0.9942511880244044
788.142162,0.9943968564934048
788.261164,0.9904092870756507
788.380166,0.9858678103000946
788.499168,0.9951990615240779
788.61817,0.9917106477318613
788.737172,0.994072040102035
788.856174,0.9903719493493485
788.975176,0.9904077024220591
789.094178,0.9862247590512493
789.21318,0.9882841711186401
789.332182,0.9906358195826097
789.451184,0.996207808587854
789.570186,0.990085476184743
789.689188,0.9994581668446301
789.80819,0.9870515617812933
789.927192,0.9936833345434777
790.046194,0.9896004531417625
790.165196,0.9910172878010691
790.284198,1.0
790.4032,0.9929071736714109
790.522202,0.9944877485197906
790.641204,0.9906721765843353
790.760206,0.9957402983757337
790.879208,0.9923905992025671
790.99821,0.9967049406628432
791.117212,0.9976831879614811
791.236214,0.9916804010183702
791.355216,0.9858678103000946
791.474218,0.9862030623452147
791.59322,0.9909891433097492
791.712222,0.9923755149800997
791.831224,0.9858678103000946
791.950226,0.9920778469780385
792.069228,0.9935311139170233
792.18823,0.9834308045082845
792.307232,0.9928203973766113
792.426234,0.9872716988239385
792.545236,0.9929374578020386
792.664238,0.9915573411166286
792.78324,0.9859240063668544
792.902242,0.9872716988239385
793.021244,0.9899577633959672
793.140246,0.9861932003639013
793.259248,0.9856696707839128
793.37825,0.9823673078332628
793.497252,0.9839275624853933
793.616254,0.9836747255927668
793.735256,0.9873121777934035
793.854258,0.9898102706777016
793.97326,0.9878523852879367
794.092262,0.9895757134396815
794.211264,0.9821492464966277
794.330266,0.9830660193516425
794.449268,0.9859033021801155
794.56827,0.9994019688919287
794.687272,0.9904085937893924
794.806274,0.9916606667747463
794.925276,0.9900649816275053
795.044278,0.9830660193516425
795.16328,0.9871394132796255
795.282282,0.9882802179898619
795.401284,0.9836294775961014
795.520286,0.9902694511569639
795.639288,0.9938259383335619
795.75829,0.9877605192879401
795.877292,0.9848873596839168
795.996294,0.9854814258547561
796.115296,0.9855178893420831
796.234298,0.9932254514218576
796.3533,0.9926254265973238
796.472302,0.9862947834949802
796.591304,0.9792904501630656
796.710306,0.9856952985285125
796.829308,0.9802692501519693
796.94831,0.9847711498319902
797.067312,0.9872055538359992
797.186314,0.987302304720991
797.305316,0.9858776690274912
797.424318,0.9789154537370527
797.54332,0.9870436654003846
797.662322,0.9846884325295797
797.781324,0.9765307882271198
797.900326,0.9809409646242647
798.019328,0.9835016140753229
798.13833,0.9749569137367241
798.257332,0.9822003195853344
798.376334,0.9844659180889069
798.495336,0.9834258873665548
798.614338,0.9788753190262167
798.73334,0.9873803046840219
798.852342,0.984464933623481
798.971344,0.9807702957450433
799.090346,0.9774833700538194
799.209348,0.9819214143009971
799.32835,0.9765151638595034
799.447352,0.9812490284506463
799.566354,0.9837032525734483
799.685356,0.9809537169396947
799.804358,0.9797233922151828
799.92336,0.979929155731961
800.042362,0.987514597537166
800.161364,0.9822111238482731
800.280366,0.9867623980382485
800.399368,0.9811960424337454
800.51837,0.9812313661270956
800.637372,0.9756952355399674
800.756374,0.9792395283836348
800.875376,0.9809282124746138
800.994378,0.9895668072983382
801.11338,0.9873753677948408
801.232382,0.9807153741463006
801.351384,0.9874612731886694
801.470386,0.9838537706854339
801.589388,0.9765591080306135
801.70839,0.9871078253238106
801.827392,0.9773914909354205
801.946394,0.977494122430028
802.065396,0.976142206306337
802.184398,0.9801496645983179
802.3034,0.9777688368740025
802.422402,0.9797469058587585
802.541404,0.9833993352260514
802.660406,0.97115227511965
802.779408,0.978166869784813
802.89841,0.9788753190262167
803.017412,0.9791827341380377
803.136414,0.9781913242622374
803.255416,0.9844659180889069
803.374418,0.9778959550853008
803.49342,0.9873200763224199
803.612422,0.9776006750963876
803.731424,0.9759304064286863
803.850426,0.9788753190262167
803.969428,0.9818811563483044
804.08843,0.9785905077504305
804.207432,0.9747775381676549
804.326434,0.9816690929222077
804.445436,0.9866045286844475
804.564438,0.9777619925160996
804.68344,0.9790485952921815
804.802442,0.984748500356014
804.921444,0.9793962192431107
805.040446,0.9868462764068618
805.159448,0.9826551836262021
805.27845,0.9765073517694409
805.397452,0.9834475229740677
805.516454,0.9816838180690399
805.635456,0.9767095097138826
805.754458,0.9813932826602533
805.87346,0.977720927374788
805.992462,0.9830660193516425
806.111464,0.9813314568309797
806.230466,0.9819341793623557
806.349468,0.9856726277973606
806.46847,0.9831279544617972
806.587472,0.9843861795789949
806.706474,0.9775009649128336
806.825476,0.9829333143968161
806.944478,0.9778011037780203
807.06348,0.9786453103533231
807.182482,0.9818192997839568
807.301484,0.9800830166871799
807.420486,0.9870495876801438
807.539488,0.982439023264316
807.65849,0.9813756177401501
807.777492,0.9830660193516425
807.896494,0.9841017330775959
808.015496,0.978675648828188
808.134498,0.9766196565722968
808.2535,0.9863283180877039
808.372502,0.9772155762998443
808.491504,0.9781140501999863
808.610506,0.9836432485051839
808.729508,0.9824547424144411
808.84851,0.9822091594279898
808.967512,0.977516605053393
809.086514,0.9871956818298209
809.205516,0.9853296734004133
809.324518,0.9802692501519693
809.44352,0.9822415728650697
809.562522,0.9825274467554072
809.681524,0.9854745275089194
809.800526,0.9811960424337454
809.919528,0.9778128374616676
810.03853,0.9890770929430279
810.157532,0.9858678103000946
810.276534,0.984888344571769
810.395536,0.9741295265925027
810.514538,0.9757176767884582
810.63354,0.9828468200709554
810.752542,0.979058385827087
810.871544,0.9863154959029131
810.990546,0.9895163406780758
811.109548,0.9787979909305136
811.22855,0.9789595059236377
811.347552,0.9830660193516425
811.466554,0.9844373689912462
811.585556,0.9817329034870685
811.704558,0.9842660917905903
811.82356,0.9819381071069286
811.942562,0.9802692501519693
812.061564,0.9814619825945091
812.180566,0.9830660193516425
812.299568,0.9794275604235827
812.41857,0.9764038474759779
812.537572,0.9792287568080664
812.656574,0.9840820512397533
812.775576,0.9797106558938702
812.894578,0.9784231830802722
813.01358,0.9802692501519693
813.132582,0.9771374021807469
813.251584,0.977759059234522
813.370586,0.9794686972449876
813.489588,0.9747054072987056
813.60859,0.9796038732521375
813.727592,0.9781825205799357
813.846594,0.9815895809459595
813.965596,0.9830660193516425
814.084598,0.9836560359505327
814.2036,0.9811136254277436
814.322602,0.9856647424478797
814.441604,0.9914433185788218
814.560606,0.9840171039676551
814.679608,0.9830660193516425
814.79861,0.9848440255934477
814.917612,0.9872716988239385
815.036614,0.9864821973075927
815.155616,0.9895400893552351
815.274618,0.9849375902201285
815.39362,0.9896835830712346
815.512622,0.9816681112536056
815.631624,0.988807111750764
815.750626,0.9841853852800757
815.869628,0.9846982794631396
815.98863,0.9857327556615375
816.107632,0.9761060897128647
816.226634,0.99129947058972
816.345636,0.9806879145002614
816.464638,0.9866716200734793
816.58364,0.9836865297602988
816.702642,0.9774833700538194
816.821644,0.9816681112536056
816.940646,0.9805300364555505
817.059648,0.9791709840157289
817.17865,0.9796068120681655
817.297652,0.9834337548051234
817.416654,0.9721472443866954
817.535656,0.9738363577291258
817.654658,0.9747054072987056
817.77366,0.9797616021725685
817.892662,0.973553986131245
818.011664,0.9826168608213403
818.130666,0.9877229851013613
818.249668,0.9853109523144696
818.36867,0.9865315226505813
818.487672,0.9823437313007943
818.606674,0.9839413375676934
818.725676,0.9786883716943212
818.844678,0.9852961727610319
818.96368,0.9769517637105456
819.082682,0.9831643308690716
819.201684,0.9886775865032136
819.320686,0.9869568093795503
819.439688,0.9774833700538194
819.55869,0.9820255034875425
819.677692,0.9796273840272237
819.796694,0.9791602131941443
819.915696,0.9802692501519693
820.034698,0.9848972086067582
820.1537,0.9837455527227555
820.272702,0.9748486995252991
820.391704,0.9774833700538194
820.510706,0.9761666101665416
820.629708,0.9802692501519693
820.74871,0.9788704246618575
820.867712,0.9760934004161791
820.986714,0.9747736390653005
821.105716,0.9759909159896619
821.224718,0.9762320155204777
821.34372,0.9745319251765734
821.462722,0.9763023067560492
821.581724,0.9744617614038867
821.700726,0.9825038663796507
821.819728,0.9773523960576859
821.93873,0.9712493952030851
822.057732,0.9654296920631944
822.176734,0.9706813804674006
822.295736,0.9733193878908108
822.414738,0.9756035244983131
822.53374,0.9729826776368337
822.652742,0.970553258981383
822.771744,0.9683864947085906
822.890746,0.9685472602098797
823.009748,0.9677949912830219
823.12875,0.9684910860978525
823.247752,0.9670636147647699
823.366754,0.9711668425130319
823.485756,0.9641089230874016
823.604758,0.9600931192554006
823.72376,0.9609143498984356
823.842762,0.9646036378484322
823.961764,0.9637368488580359
824.080766,0.958210305049044
824.199768,0.9616458840321422
824.31877,0.9650513177901083
824.437772,0.9620027208442539
824.556774,0.9639247958678011
824.675776,0.9648216629064895
824.794778,0.9619190302481342
824.91378,0.958210305049044
825.032782,0.9624232079029935
825.151784,0.9593004097729825
825.270786,0.9555320244075296
825.389788,0.9540673619653965
825.50879,0.9514168351566842
825.627792,0.9554288325213558
825.746794,0.9516728007111649
825.865796,0.9512950615954583
825.984798,0.9577418547553065
826.1038,0.9535151168532064
826.222802,0.9487063113267756
826.341804,0.9522430234834615
826.460806,0.9479192117798724
826.579808,0.947017222105466
826.69881,0.9420499314735215
826.817812,0.933953152438506
826.936814,0.9447282112482216
827.055816,0.9406670760801523
827.174818,0.944524171991625
827.29382,0.9362947015282099
827.412822,0.9309785888336313
827.531824,0.9338186728673163
827.650826,0.9273325869850338
827.769828,0.9280097869214363
827.88883,0.9319389227257737
828.007832,0.9281787000732866
828.126834,0.925264163572516
828.245836,0.9230978842443301
828.364838,0.9186372105669227
828.48384,0.916751349485139
828.602842,0.9189872780277653
828.721844,0.9210057495693571
828.840846,0.9117859686026728
828.959848,0.9233887058798699
829.07885,0.9150615026084394
829.197852,0.9033637344229913
829.316854,0.900720752540401
829.435856,0.9043851124127704
829.554858,0.8904752232974726
829.67386,0.88617573636825
829.792862,0.8872042966720776
829.911864,0.883459348646226
830.030866,0.8822145487547906
830.149868,0.8735324506106673
830.26887,0.8710115862319721
830.387872,0.8724237685605097
830.506874,0.8568520606198605
830.625876,0.8550802113510536
830.744878,0.8529537102174107
830.86388,0.8471563573576951
830.982882,0.8456243911984913
831.101884,0.8330180236621268
831.220886,0.8293525025923522
831.339888,0.8255049659108599
831.45889,0.8173400931935683
831.577892,0.8157478329701061
831.696894,0.805823937631563
831.815896,0.7946448449944772
831.934898,0.7871550783315294
832.0539,0.7866986607599878
832.172902,0.772734311765501
832.291904,0.7682193305138361
832.410906,0.7516533740954919
832.529908,0.7485554472827636
832.64891,0.7375657811250105
832.767912,0.73440105729871
832.886914,0.7277919897346891
833.005916,0.7182482626435078
833.124918,0.7021417305247812
833.24392,0.6955029681350972
833.362922,0.6831778896198997
833.481924,0.6792608889237338
833.600926,0.667704211943883
833.719928,0.6607035677541513
833.83893,0.6465789300357722
833.957932,0.6393584674316231
834.076934,0.6197928312043961
834.195936,0.6182020087107071
834.314938,0.6043450314636701
834.43394,0.5922834251305658
834.552942,0.5781800231881246
834.671944,0.5752618215473135
834.790946,0.5563208960779106
834.909948,0.5531201674896413
835.02895,0.5378960247739005
835.147952,0.528242405132812
835.266954,0.5128919909171611
835.385956,0.509579195864114
835.504958,0.4883856103585288
835.62396,0.47098454437244364
835.742962,0.45491258471244417
835.861964,0.450260038402366
835.980966,0.43261374195762975
836.099968,0.4224982391017934
836.21897,0.40573704565915275
836.337972,0.4009494177124052
836.456974,0.3878215375261669
836.575976,0.38148642962164653
836.694978,0.36732803566720185
836.81398,0.3574713714195355
836.932982,0.3403774942731271
837.051984,0.334004771559899
837.170986,0.3175245947087303
837.289988,0.31490004751059086
837.40899,0.3002619555991413
837.527992,0.29425751313460063
837.646994,0.27814853761932545
837.765996,0.27419931775119444
837.884998,0.2625536071725197
838.004,0.2571231823921175
838.123002,0.24551432086170277
838.242004,0.240941768299707
838.361006,0.2262080789451566
838.480008,0.2241365084545744
838.59901,0.2128005365789935
838.718012,0.2097581664888783
838.837014,0.19932871158437077
838.956016,0.19766136307479995
839.075018,0.1859458084759678
839.19402,0.18464873287761796
839.313022,0.17587179269317638
839.432024,0.17527484398588242
839.551026,0.16454025951949686
839.670028,0.16609423017869124
839.78903,0.157252890816471
839.908032,0.15883330864364498
840.027034,0.15034840171997674
840.146036,0.1500480054129759
840.265038,0.14218873274777347
840.38404,0.14390527620300608
840.503042,0.13765565028968216
840.622044,0.1393592705746593
840.741046,0.13305402902235253
840.860048,0.13472764267869633
840.97905,0.129108776662144
841.098052,0.13001570865745998
841.217054,0.12693247840632588
841.336056,0.12834927760523412
841.455058,0.12460581554525889
841.57406,0.12758148761294813
841.693062,0.12342766537156175
841.812064,0.12529303565368946
841.931066,0.1217117177169953
842.050068,0.12341532322214233
842.16907,0.12156575125312921
842.288072,0.12255443259209302
842.407074,0.12030801898423464
842.526076,0.12336596696476303
842.645078,0.12045247526344853
842.76408,0.12292264793672479
842.883082,0.12249317069254818
843.002084,0.12409597758354263
843.121086,0.12372424752467778
843.240088,0.12800320196805112
843.35909,0.12559410007204946
843.478092,0.1308373932106246
843.597094,0.12802880516867943
843.716096,0.12901843214275133
843.835098,0.12676757339587855
843.9541,0.12878640784940495
844.073102,0.12813126919295934
844.192104,0.12805441349045998
844.311106,0.12525545338061622
844.430108,0.12334129623852494
844.54911,0.12217510211707426
844.668112,0.1261100929449144
844.787114,0.1291733471917622
844.906116,0.1296262460175444
845.025118,0.1370238884645537
845.14412,0.14446760260393107
845.263122,0.1441068846826967
845.382124,0.1447423519781303
845.501126,0.14301582364269563
845.620128,0.14700333579174799
845.73913,0.14656298663836467
845.858132,0.14480026049985378
845.977134,0.13840100143814488
846.096136,0.13613612155765864
846.215138,0.13310726127970318
846.33414,0.12470554008219122
846.453142,0.11408631134440404
846.572144,0.10681039774842031
846.691146,0.10258126143617163
846.810148,0.10148949331461275
846.92915,0.0948555567224777
847.048152,0.08621595720994131
847.167154,0.07951576301960253
847.286156,0.08565737086040076
847.405158,0.09748078473910447
847.52416,0.09861814578255018
847.643162,0.10258126143617163
847.762164,0.1198756887771806
847.881166,0.14904604409529068
848.000168,0.15856352140307906
848.11917,0.16062224102150247
848.238172,0.15529946403383493
848.357174,0.1518290594294306
848.476176,0.14456876532857668
848.595178,0.14147956348462778
848.71418,0.13497037082531335
848.833182,0.1311124404348725
848.952184,0.1246681340313547
849.071186,0.12074190838489864
849.190188,0.11559067408538985
849.30919,0.11342652596580172
849.428192,0.10974453755213974
849.547194,0.10837043142694744
849.666196,0.10480015794369547
849.785198,0.10465354037881727
849.9042,0.10339486289588204
850.023202,0.10413157866861843
850.142204,0.1004595620616821
850.261206,0.10336384908931688
850.380208,0.102992408227303
850.49921,0.10512554251883362
850.618212,0.10462214902564201
850.737214,0.10996424626271839
850.856216,0.11130289614166065
850.975218,0.11648415777349697
851.09422,0.11927780628511289
851.213222,0.12607226559141768
851.332224,0.12815689800959415
851.451226,0.13685955841614492
851.570228,0.1422740715865136
851.68923,0.15164697383132442
851.808232,0.156218439182531
851.927234,0.16892507593922018
852.046236,0.17666499913625716
852.165238,0.19006293971857036
852.28424,0.1987514956883574
852.403242,0.21459558975469478
852.522244,0.22297402369046182
852.641246,0.24185908882440071
852.760248,0.2538529796043867
852.87925,0.2732686231482344
852.998252,0.2854466878206563
853.117254,0.308232780692007
853.236256,0.32180805939651735
853.355258,0.3476357648712103
853.47426,0.3634549222553961
853.593262,0.38808922672921436
853.712264,0.40144690336773037
853.831266,0.4335188501869539
853.950268,0.447530762774408
854.06927,0.4724988338942794
854.188272,0.49674920398370503
854.307274,0.5233315902740334
854.426276,0.5367461580770775
854.545278,0.5695264801416525
854.66428,0.5820493738821014
854.783282,0.6074229154296901
854.902284,0.62970740751161
855.021286,0.6506131845054328
855.140288,0.6665834106045547
855.25929,0.6865954670533007
855.378292,0.7032379264349012
855.497294,0.7220362020520619
855.616296,0.737595284346316
855.735298,0.7574558705464174
855.8543,0.7703117314680967
855.973302,0.7850640281528579
856.092304,0.7932950963693823
856.211306,0.808665435995205
856.330308,0.8182805749741158
856.44931,0.8296594197944923
856.568312,0.8328347798544791
856.687314,0.8482668594058642
856.806316,0.8490221529665143
856.925318,0.8575978462823225
857.04432,0.8680030938368247
857.163322,0.8728950046178168
857.282324,0.8772616363763036
857.401326,0.8772616363763036
857.520328,0.88018778696218
857.63933,0.8806544101334876
857.758332,0.88188818975189
857.877334,0.8933114417047453
857.996336,0.88488286381977
858.115338,0.8898877035529389
858.23434,0.8924542742269286
858.353342,0.9025330219736418
858.472344,0.8976635022524038
858.591346,0.8936599011121779
858.710348,0.8923739569565795
858.82935,0.8971968385743043
858.948352,0.8998654741470485
859.067354,0.9025871755795521
859.186356,0.8933293081122429
859.305358,0.8931238659981258
859.42436,0.8968739058437967
859.543362,0.8990919225141607
859.662364,0.8958251769999669
859.781366,0.9061231998586106
859.900368,0.8941426077778484
860.01937,0.8930613495156083
860.138372,0.8974839875040265
860.257374,0.8982202261903873
860.376376,0.8940531979876346
860.495378,0.8937313967640548
860.61438,0.8949029520950152
860.733382,0.8904930329800348
860.852384,0.8848917126926525
860.971386,0.8894873441739565
861.090388,0.8921062849223051
861.20939,0.8872930215379141
861.328392,0.8876746395791741
861.447394,0.8826910732611553
861.566396,0.8826557663243683
861.685398,0.8831766868829534
861.8044,0.8810067423592883
861.923402,0.8807248653044675
862.042404,0.8760255691012274
862.161406,0.8770423483793512
862.280408,0.8702802437064009
862.39941,0.8638034711488666
862.518412,0.8677167000734286
862.637414,0.8720051056387402
862.756416,0.8622758913119016
862.875418,0.8612159439668381
862.99442,0.8599422871083273
863.113422,0.8574949407152261
863.232424,0.8551400690608436
863.351426,0.8562011004499868
863.470428,0.8518115176856258
863.58943,0.851138852324456
863.708432,0.8503986835430398
863.827434,0.8477919629480157
863.946436,0.8415667044367394
864.065438,0.8412385574148377
864.18444,0.8420886375760441
864.303442,0.841785540227313
864.422444,0.8381065823603939
864.541446,0.8310544190910524
864.660448,0.8256122885322474
864.77945,0.8268020266335802
864.898452,0.8177161561242802
865.017454,0.8231803211965801
865.136456,0.8166864825981108
865.255458,0.8158946807959486
865.37446,0.8089485184343403
865.493462,0.8099036410976381
865.612464,0.8031771332573899
865.731466,0.7991872541785541
865.850468,0.8072999455727782
865.96947,0.8030486351961877
866.088472,0.795551256674264
866.207474,0.7989715027476797
866.326476,0.7903179074297646
866.445478,0.782845437739326
866.56448,0.7789799278523714
866.683482,0.7835659869438576
866.802484,0.7741032626614701
866.921486,0.7712135236394627
867.040488,0.7704504000595598
867.15949,0.7570772372773497
867.278492,0.768757272302856
867.397494,0.7359817181734589
867.516496,0.7677047959507183
867.635498,0.7672980202139565
867.7545,0.7523376899824239
867.873502,0.7480316418229653
867.992504,0.7450156903141434
868.111506,0.7376100363995229
868.230508,0.7365044507414645
868.34951,0.7321938336542977
868.468512,0.7351505285425098
868.587514,0.7313596082827402
868.706516,0.7287022985463348
868.825518,0.7177169555370264
868.94452,0.71597502064313
869.063522,0.7132523458035999
869.182524,0.7102700707041083
869.301526,0.7099505210763501
869.420528,0.7054213465594872
869.53953,0.7043499206027292
869.658532,0.7026193492735084
869.777534,0.6953013015174109
869.896536,0.7005987166552321
870.015538,0.6927542224897199
870.13454,0.6966166636028992
870.253542,0.6892370622635977
870.372544,0.6920756559036151
870.491546,0.6894645480272312
870.610548,0.6854361006545264
870.72955,0.682829557728376
870.848552,0.6815811223045529
870.967554,0.6809543560287276
871.086556,0.6768808625933344
871.205558,0.6775174297438603
871.32456,0.6801377008925734
871.443562,0.6678778376093467
871.562564,0.6734375580839665
871.681566,0.6754068695490495
871.800568,0.6724348833006382
871.91957,0.6663434837661592
872.038572,0.6747655377038378
872.157574,0.6658106221522111
872.276576,0.6723004097717792
872.395578,0.6684324063287442
872.51458,0.6750219973324086
872.633582,0.6712994280777712
872.752584,0.6775513064622584
872.871586,0.6781342512161312
872.990588,0.6735116402898024
873.10959,0.6732692197376156
873.228592,0.6657507018926696
873.347594,0.6672569999546264
873.466596,0.6774903295886773
873.585598,0.6735116402898024
873.7046,0.6751232582263857
873.823602,0.6754879232365193
873.942604,0.6735722590652324
874.061606,0.6698777807688481
874.180608,0.6764072117866421
874.29961,0.6718769939036259
874.418612,0.6801445023035892
874.537614,0.6774903295886773
874.656616,0.6814380052966807
874.775618,0.6779172829725125
874.89462,0.6813903063057941
875.013622,0.6796074003299828
875.132624,0.6767590350028796
875.251626,0.6734308237420574
875.370628,0.6796753644681661
875.48963,0.6725693837268926
875.608632,0.6735655233763203
875.727634,0.6730066959373864
875.846636,0.6718030914990033
875.965638,0.6709839914799818
876.08464,0.6735587877547647
876.203642,0.6689472974892742
876.322644,0.6723407490065304
876.441646,0.662330899327999
876.560648,0.6756635729300315
876.67965,0.677835937779365
876.798652,0.6767590350028796
876.917654,0.6673771170248303
877.036656,0.6599441953740417
877.155658,0.6570271087061305
877.27466,0.6774835547192557
877.393662,0.6717157627735986
877.512664,0.6648458963453284
877.631666,0.6742259411410784
877.750668,0.6871999369920722
877.86967,0.6739428257042026
877.988672,0.6651185390507653
878.107674,0.6603799023104615
878.226676,0.6647328821494285
878.345678,0.67196434359044
878.46468,0.6813357972616806
878.583682,0.6753866076468931
878.702684,0.6741989726428063
878.821686,0.6706150517523932
878.940688,0.6732692197376156
879.05969,0.6677576304175489
879.178692,0.6720248231029003
879.297694,0.6721256343870231
879.416696,0.6702731252746627
879.535698,0.669348786302367
879.6547,0.67276445713245
879.773702,0.6707961422624852
879.892704,0.6736463560889911
880.011706,0.6692350066802375
880.130708,0.6687533308995173
880.24971,0.6690275759815861
880.368712,0.6778901668235202
880.487714,0.6759676899590495
880.606716,0.6770365630966023
880.725718,0.6795462384162805
880.84472,0.6774022615703759
880.963722,0.6811109935432378
881.082724,0.684217109619237
881.201726,0.690043941558789
881.320728,0.6913839261702224
881.43973,0.6900922463253453
881.558732,0.7007038143448601
881.677734,0.7026474546095823
881.796736,0.707668156976723
881.915738,0.7026755610698922
882.03474,0.7084186829316002
882.153742,0.715373854151065
882.272744,0.7217402278880702
882.391746,0.7187799630627559
882.510748,0.7273845403169226
882.62975,0.7242924729547859
882.748752,0.735900764636986
882.867754,0.7392789202101594
882.986756,0.7468954974158895
883.105758,0.7451050975613087
883.22476,0.7538287943147344
883.343762,0.7522699826372017
883.462764,0.7578650071734597
883.581766,0.7626393752431384
883.700768,0.7752420312474294
883.81977,0.7748080172451937
883.938772,0.7746763110776035
884.057774,0.7772913741522988
884.176776,0.7839186709859403
884.295778,0.7835346449312243
884.41478,0.7889991779699396
884.533782,0.7997628762006237
884.652784,0.7981729305975548
884.771786,0.7983086315300089
884.890788,0.8050829205290756
885.00979,0.8039565930535346
885.128792,0.8116955074274539
885.247794,0.813475068496845
885.366796,0.8111356307070107
885.485798,0.8184115103406616
885.6048,0.8234931891597831
885.723802,0.8263639376632964
885.842804,0.8291949405857242
885.961806,0.8310876619326684
886.080808,0.8323601992982699
886.19981,0.8285898491643365
886.318812,0.8325266879864434
886.437814,0.8429732950093736
886.556816,0.835863463841065
886.675818,0.8475291881716966
886.79482,0.8467667550487117
886.913822,0.8464873681209241
887.032824,0.8523568515451656
887.151826,0.852646702146501
887.270828,0.8538497819684817
887.38983,0.8492514198974581
887.508832,0.8617414459544692
887.627834,0.8593319447816459
887.746836,0.8535168454803492
887.865838,0.8595811871840341
887.98484,0.860785443628908
888.103842,0.8624052423966873
888.222844,0.8639416907615246
888.341846,0.8708025685344034
888.460848,0.8723016377822652
888.57985,0.8723016377822652
888.698852,0.870332462087559
888.817854,0.8642527657603389
888.936856,0.8734014305698244
889.055858,0.8760255691012274
889.17486,0.8808305586297768
889.293862,0.8735499214343871
889.412864,0.8760080487650493
889.531866,0.8877012702178191
889.650868,0.8822763059346794
889.76987,0.8840514647465625
889.888872,0.8816853787924015
890.007874,0.8857416166254526
890.126876,0.880733672597157
890.245878,0.8845112910527089
890.36488,0.8940889608308062
890.483882,0.8945540079922212
890.602884,0.8941157839019752
890.721886,0.9013154244572236
890.840888,0.8985706003971309
890.95989,0.8936062831266668
891.078892,0.8924185767699133
891.197894,0.8974570633882651
891.316896,0.8975198875815235
891.435898,0.894920850333039
891.5549,0.9022623026769746
891.673902,0.901594875551487
891.792904,0.9046474221284405
891.911906,0.9103419325433266
892.030908,0.9087920307816003
892.14991,0.9082941491807504
892.268912,0.9006396913204819
892.387914,0.907683980552122
892.506916,0.9138608152792418
892.625918,0.9151392861419144
892.74492,0.9146754281217848
892.863922,0.9121033253366155
892.982924,0.9103419325433266
893.101926,0.9116255083931114
893.220928,0.9136652699888643
893.33993,0.9148428290418481
893.458932,0.9149041255648045
893.577934,0.9207350136791097
893.696936,0.9208786595453299
893.815938,0.9161116803137099
893.93494,0.9213023611726238
894.053942,0.9179576704919405
894.172944,0.9138772649219631
894.291946,0.9190084149782339
894.410948,0.9216783292282501
894.52995,0.9194615978272116
894.648952,0.9240657979251983
894.767954,0.925716728391583
894.886956,0.9278780188874454
895.005958,0.9253122785600005
895.12496,0.9255121675994086
895.243962,0.9307756576215713
895.362964,0.9263038188854045
895.481966,0.9285649027371016
895.600968,0.9302694533638669
895.71997,0.9379355897289585
895.838972,0.9326381390911793
895.957974,0.9313221833221953
896.076976,0.9299811145281528
896.195978,0.9351091673358783
896.31498,0.9366215254064928
896.433982,0.937974983850998
896.552984,0.937974983850998
896.671986,0.9368566469158848
896.790988,0.9387632138476835
896.90999,0.939594387031823
897.028992,0.9389669475693978
897.147994,0.9419811643385548
897.266996,0.9392975221126485
897.385998,0.9415375956787709
897.505,0.9450560888209937
897.624002,0.9413182429745601
897.743004,0.9390110800530388
897.862006,0.9431301395359887
897.981008,0.933233352076672
898.10001,0.9373270670182033
898.219012,0.9406285095206529
898.338014,0.9467094915172111
898.457016,0.9425729142997993
898.576018,0.9498454422422213
898.69502,0.9438736189783717
898.814022,0.9421177615104396
898.933024,0.9450749901317825
899.052026,0.942404208847728
899.171028,0.9456128908194006
899.29003,0.9376111201513863
899.409032,0.9499679802077994
899.528034,0.9472985279922878
899.647036,0.9272296587804996
899.766038,0.9559353440162817
899.88504,0.9512227659180476
900.004042,0.9536295455328123
900.123044,0.9434329329065158
900.242046,0.9515928635533127
900.361048,0.9499356818455476
900.48005,0.9500648818836821
900.599052,0.9500591815114918
900.718054,0.9526611499428134
900.837056,0.9475874981090281
900.956058,0.9496934791288358
901.07506,0.9476405644947672
901.194062,0.9494883674901984
901.313064,0.9554804270713523
901.432066,0.9492159034291917
901.551068,0.9462882995156567
901.67007,0.9517898636648764
901.789072,0.9521249526690914
901.908074,0.9487063113267756
902.027076,0.9491276304549298
902.146078,0.9482406108667331
902.26508,0.9531194901779256
902.384082,0.9489302324379005
902.503084,0.9489169475076411
902.622086,0.9504934577820122
902.741088,0.9453821894207558
902.86009,0.9487063113267756
902.979092,0.9453613912413694
903.098094,0.9479628170665282
903.217096,0.9487063113267756
903.336098,0.9500439806861947
903.4551,0.9500439806861947
903.574102,0.9514168351566842
903.693104,0.9509402947056214
903.812106,0.9550601081603824
903.931108,0.9462097608461969
904.05011,0.9450097822071627
904.169112,0.9449767074435972
904.288114,0.948428381096324
904.407116,0.9433093512870777
904.526118,0.9458001407089102
904.64512,0.9406219251441316
904.764122,0.9448075717510609
904.883124,0.9434131210229502
905.002126,0.948775569415392
905.121128,0.9446016261493053
905.24013,0.9460044556045176
905.359132,0.9460366203028049
905.478134,0.9525554104238216
905.597136,0.9439179820809885
905.716138,0.9442625750288354
905.83514,0.935298078467062
905.954142,0.9338915135645502
906.073144,0.9581164050403248
906.192146,0.9522373100424609
906.311148,0.9431971041531115
906.43015,0.937974983850998
906.549152,0.9416025640142546
906.668154,0.9406219251441316
906.787156,0.9352746963073786
906.906158,0.9404648543984048
907.02516,0.9418379940827905
907.144162,0.9334209508334829
907.263164,0.937974983850998
907.382166,0.9380772286964806
907.501168,0.9371555518590546
907.62017,0.9292848194684229
907.739172,0.9392975221126485
907.858174,0.9289568398189645
907.977176,0.92712952338476
908.096178,0.9273325869850338
908.21518,0.9299811145281528
908.334182,0.9268857203816099
908.453184,0.9264390691159883
908.572186,0.9269524585560228
908.691188,0.9256713693831966
908.81019,0.9260259694192426
908.929192,0.925738945859673
909.048194,0.921338292665369
909.167196,0.9142300896370122
909.286198,0.9200042402336984
909.4052,0.9214921690085611
909.524202,0.9115124738383579
909.643204,0.9131053648068324
909.762206,0.918134853419948
909.881208,0.9141843792752989
910.00021,0.9116081876729993
910.119212,0.9155511914924312
910.238214,0.9079154694807468
910.357216,0.9115106508152333
910.476218,0.9067640554766773
910.59522,0.9064703115117948
910.714222,0.9030114912584482
910.833224,0.8992357887307534
910.952226,0.8994876100049312
911.071228,0.9025871755795521
911.19023,0.8978161180197594
911.309232,0.8987413450314329
911.428234,0.8974839875040265
911.547236,0.8966317825773308
911.666238,0.8941247251045201
911.78524,0.8916157613719395
911.904242,0.8905820867359464
912.023244,0.889709743808796
912.142246,0.8893183576327932
912.261248,0.8898076172635563
912.38025,0.8791761528083025
912.499252,0.8815883987347353
912.618254,0.879237697293031
912.737256,0.8762533653614243
912.856258,0.8718220037929227
912.97526,0.8723016377822652
913.094262,0.8739343679718541
913.213264,0.8736372807944258
913.332266,0.8641836283046131
913.451268,0.8624052423966873
913.57027,0.8594006940871639
913.689272,0.8550802113510536
913.808274,0.8565008232835805
913.927276,0.8543537019816292
914.046278,0.8479445792364003
914.16528,0.8474359650883613
914.284282,0.8445426844177859
914.403284,0.8499820902617929
914.522286,0.8393311116595112
914.641288,0.8381987791551844
914.76029,0.8370261219159686
914.879292,0.8347691996029981
914.998294,0.8299830500720142
915.117296,0.8322603220671078
915.236298,0.8244572400508972
915.3553,0.8240039132451684
915.474302,0.8197384114871489
915.593304,0.815160705921469
915.712306,0.8152992950212155
915.831308,0.8167273179431158
915.95031,0.8052761636182457
916.069312,0.8062592000681651
916.188314,0.8031771332573899
916.307316,0.801380029985986
916.426318,0.79225656018286
916.54532,0.7963312790543432
916.664322,0.7876668954549898
916.783324,0.7884313030213149
916.902326,0.7817033173509887
917.021328,0.7845146756289663
917.14033,0.7763514203762912
917.259332,0.7739871558802972
917.378334,0.7662398792312664
917.497336,0.7638987689263533
917.616338,0.7645330681023061
917.73534,0.7641279729359136
917.854342,0.7544773659236632
917.973344,0.7561087983467745
918.092346,0.749506716628989
918.211348,0.7440105977223672
918.33035,0.7435345832806942
918.449352,0.7399889687423249
918.568354,0.7328970772375166
918.687356,0.7296867109782563
918.806358,0.72609094747434
918.92536,0.7275009311543921
919.044362,0.715703001822135
919.163364,0.7176380110139458
919.282366,0.7076398508165709
919.401368,0.7054566185086065
919.52037,0.703596669249025
919.639372,0.7017486412309624
919.758374,0.6910797841588567
919.877376,0.6934542577127133
919.996378,0.6819219980775468
920.11538,0.6859915288140931
920.234382,0.678297022968252
920.353384,0.6767793380784743
920.472386,0.6666100744742527
920.591388,0.6655443511610987
920.71039,0.664766119624466
920.829392,0.6633317744565318
920.948394,0.6577765467085527
921.067396,0.6563704100015015
921.186398,0.6509515913395271
921.3054,0.6473293967811736
921.424402,0.636538739195587
921.543404,0.6360297118423199
921.662406,0.6323261233297041
921.781408,0.6242402304529902
921.90041,0.6238533214642897
922.019412,0.6226504457023565
922.138414,0.6170285400424101
922.257416,0.6136319257814149
922.376418,0.605560986602445
922.49542,0.610785161183733
922.614422,0.6038013656216792
922.733424,0.5984214544139997
922.852426,0.5916086067454792
922.971428,0.586384242711158
923.09043,0.5846160336377687
923.209432,0.5862493898440087
923.328434,0.5774519751255077
923.447436,0.5756991867093992
923.566438,0.5712661876113403
923.68544,0.5682180744806257
923.804442,0.5609968435196263
923.923444,0.5611314989200727
924.042446,0.5523905305348884
924.161448,0.5536957116949416
924.28045,0.550466047759131
924.399452,0.5407598493907538
924.518454,0.541522858573457
924.637456,0.5427372293641783
924.756458,0.534320196931557
924.87546,0.5310866969368256
924.994462,0.5241486246759999
925.113464,0.5222807502256229
925.232466,0.5223434276762218
925.351468,0.516463841318934
925.47047,0.5138776895075622
925.589472,0.5141758250184171
925.708474,0.507392709636298
925.827476,0.5032843300990116
925.946478,0.5046551269154095
926.06548,0.5026757243403308
926.184482,0.500819260735855
926.303484,0.4946721792245873
926.422486,0.4954593336114582
926.541488,0.49075512631567103
926.66049,0.4882293519658903
926.779492,0.48754630911469754
926.898494,0.4828399725501657
927.017496,0.47991321188545966
927.136498,0.4795630030825485
927.2555,0.4721351498285152
927.374502,0.47057967178444987
927.493504,0.4685324106877939
927.612506,0.4682326458799242
927.731508,0.46079132303358555
927.85051,0.46104482796872076
927.969512,0.458667377213875
928.088514,0.456448226225531
928.207516,0.4535634987202259
928.326518,0.45204660321809226
928.44552,0.44701639821352723
928.564522,0.44927504787656664
928.683524,0.4443645477228732
928.802526,0.44559714387760774
928.921528,0.44057261518794744
929.04053,0.4393670985343592
929.159532,0.4402423096066325
929.278534,0.4391123395044697
929.397536,0.4324450554942647
929.516538,0.4318702858769787
929.63554,0.42825348673058306
929.754542,0.43224617651440966
929.873544,0.42478165288253
929.992546,0.4235388642140847
930.111548,0.42143066960173386
930.23055,0.42261232902779783
930.349552,0.41790129947388327
930.468554,0.4206265052442286
930.587556,0.41657448409611414
930.706558,0.41986585986147046
930.82556,0.41674531465246456
930.944562,0.4166703072466961
931.063564,0.4134742664291336
931.182566,0.4124789932329613
931.301568,0.40941744316766265
931.42057,0.4118813321018087
931.539572,0.4062404716553821
931.658574,0.4089427942831652
931.777576,0.3953633751006589
931.896578,0.40024436736353536
932.01558,0.3958024721007714
932.134582,0.4058141430218455
932.253584,0.40205756664736886
932.372586,0.4034914423690545
932.491588,0.39985232001809523
932.61059,0.3999362978226599
932.729592,0.3966067672024625
932.848594,0.39516179118762473
932.967596,0.3885319007239211
933.086598,0.39678924828280643
933.2056,0.3903701060472128
933.324602,0.39084273976126166
933.443604,0.39033107098839354
933.562606,0.39376932920607366
933.681608,0.3765629680159128
933.80061,0.37814029554010414
933.919612,0.3807051834918041
934.038614,0.3779626113602534
934.157616,0.3658982462297604
934.276618,0.3667407807393576
934.39562,0.34990275708587465
934.514622,0.3574713714195355
934.633624,0.34739250498669316
934.752626,0.3444177392708358
934.871628,0.335645411225077
934.99063,0.34666374619077567
935.109632,0.35200848449343414
935.228634,0.38350600495705905
935.347636,0.4043194482419562
935.466638,0.41347840119247165
935.58564,0.4179514506388299
935.704642,0.4199876386178965
935.823644,0.4176088709261841
935.942646,0.41948815058226613
936.061648,0.4140783797535363
936.18065,0.4183654274596771
936.299652,0.4106393268507556
936.418654,0.41755876086833654
936.537656,0.4111899523854519
936.656658,0.4149571570934627
936.77566,0.4184407400145464
936.894662,0.41701628716351424
937.013664,0.4193958733400069
937.132666,0.4198070827555833
937.251668,0.41951332062639485
937.37067,0.4270005404770919
937.489672,0.41877562654330897
937.608674,0.4257214584380306
937.727676,0.42473492947054775
937.846678,0.4330725556524028
937.96568,0.42992693643465835
938.084682,0.43304657207857866
938.203684,0.4348300560387948
938.322686,0.43789330244725716
938.441688,0.43617575895221394
938.56069,0.44397367892837075
938.679692,0.4395780453648448
938.798694,0.444297898039566
938.917696,0.44896066538976076
939.036698,0.4537948751005351
939.1557,0.4483415269752861
939.274702,0.4590528196739039
939.393704,0.45415805625370714
939.512706,0.461238507466315
939.631708,0.46103560716436975
939.75071,0.46840123997755767
939.869712,0.46712424847892203
939.988714,0.4701046262543231
940.107716,0.47089977478394845
940.226718,0.4765703155681854
940.34572,0.4784277845305943
940.464722,0.483211902503685
940.583724,0.48150435650842344
940.702726,0.48918721989967306
940.821728,0.49047057087146384
940.94073,0.4961286554023893
941.059732,0.49398506255218394
941.178734,0.4976640639320751
941.297736,0.5026556177134924
941.416738,0.5058222277410571
941.53574,0.5091716955292901
941.654742,0.516045674987693
941.773744,0.513153632545473
941.892746,0.5236090295317877
942.011748,0.5235409647822531
942.13075,0.5272871511451727
942.249752,0.533508647166293
942.368754,0.5327995523181623
942.487756,0.5384772662945809
942.606758,0.5393017670942839
942.72576,0.5429597972515167
942.844762,0.5461017310436458
942.963764,0.5468394662397685
943.082766,0.5606939870027446
943.201768,0.5575294232000911
943.32077,0.5606042831413245
943.439772,0.5648076772673712
943.558774,0.5732175304597844
943.677776,0.5683203629397173
943.796778,0.5780297159228869
943.91578,0.5775848043545624
944.034782,0.5822240148891072
944.153784,0.5838682038278944
944.272786,0.5919518392652003
944.391788,0.5915731112939486
944.51079,0.5922952709175258
944.629792,0.6088459493521545
944.748794,0.6103760721858575
944.867796,0.610980643710848
944.986798,0.6147251633020481
945.1058,0.6189938139290888
945.224802,0.6210212367303315
945.343804,0.6275010090058756
945.462806,0.6281539495254601
945.581808,0.6340230301797515
945.70081,0.6401197568852531
945.819812,0.6419916381920321
945.938814,0.6481973996048701
946.057816,0.6522743652311948
946.176818,0.6520852330907636
946.29582,0.6585597667226177
946.414822,0.6587968909184322
946.533824,0.6727240924759739
946.652826,0.6734375580839665
946.771828,0.6761975580489965
946.89083,0.6803689870272916
947.009832,0.6859778091207142
947.128834,0.6888649747226531
947.247836,0.6938565778437463
947.366838,0.6997165181740045
947.48584,0.7006547667945402
947.604842,0.7053931302699544
947.723844,0.7086524996746083
947.842846,0.7123470902833585
947.961848,0.717537548724928
948.08085,0.7195350783901425
948.199852,0.7197941576498316
948.318854,0.7288189002419893
948.437856,0.7342909054017139
948.556858,0.7367107008613414
948.67586,0.7405737910020083
948.794862,0.7443826960380553
948.913864,0.7501290654428209
949.032866,0.7487201475975361
949.151868,0.7532711673543632
949.27087,0.7620676101504172
949.389872,0.7615571958594977
949.508874,0.760104009849826
949.627876,0.7713832092793993
949.746878,0.7712212358132599
949.86588,0.7728734164606659
949.984882,0.7788553010343263
950.103884,0.7822272340661146
950.222886,0.786014530564913
950.341888,0.7888808369690411
950.46089,0.7911007095812497
950.579892,0.7906894441505466
950.698894,0.8007632048710424
950.817896,0.8052761636182457
950.936898,0.8021015966692752
951.0559,0.8103330037984849
951.174902,0.8114682645008686
951.293904,0.8123694943645051
951.412906,0.8152503785310236
951.531908,0.8230074714789845
951.65091,0.8229745518385225
951.769912,0.8279355216768848
951.888914,0.8344937712153125
952.007916,0.8300245502620139
952.126918,0.8394150489674727
952.24592,0.8394234431599332
952.364922,0.8440445511977294
952.483924,0.8419370752622979
952.602926,0.8484789526312642
952.721928,0.8494382757632272
952.84093,0.8505942977350245
952.959932,0.8577264956077231
953.078934,0.8524165186130968
953.197936,0.8618707168664383
953.316938,0.8633457766089246
953.43594,0.8673349887080549
953.554942,0.8666153993383261
953.673944,0.8743714444158452
953.792946,0.868610908712898
953.911948,0.8696712607047238
954.03095,0.8757890741258284
954.149952,0.8804871016903676
954.268954,0.8829735796032029
954.387956,0.8835211929651572
954.506958,0.8847943799576549
954.62596,0.8823821854440351
954.744962,0.8824969025845955
954.863964,0.894920850333039
954.982966,0.8893272508608355
955.101968,0.8903149521821122
955.22097,0.8929006129394214
955.339972,0.8974929623887759
955.458974,0.8922668785065802
955.577976,0.9029482826663866
955.696978,0.9000454652403873
955.81598,0.9022983938909012
955.934982,0.8990020178172191
956.053984,0.9069164046349684
956.172986,0.9062754413441135
956.291988,0.9079072982782919
956.41099,0.9105977745704926
956.529992,0.9155511914924312
956.648994,0.9142300896370122
956.767996,0.9155511914924312
956.886998,0.9142337465646846
957.006,0.9142675738391083
957.125002,0.9090992544058721
957.244004,0.9177236211285272
957.363006,0.9194615978272116
957.482008,0.926819913831623
957.60101,0.9224906856267504
957.720012,0.9266197423495337
957.839014,0.9137685199978888
957.958016,0.9163279081841491
958.077018,0.9250328764437186
958.19602,0.9233887058798699
958.315022,0.9224869956713878
958.434024,0.9238246482233449
958.553026,0.9230185012398032
958.672028,0.9258185628324976
958.79103,0.9271063454364008
958.910032,0.9276822572790361
959.029034,0.9318038013785128
959.148036,0.9233480776706383
959.267038,0.9312290557603188
959.38604,0.9406219251441316
959.505042,0.9323835636303389
959.624044,0.9257833823955426
959.743046,0.9318149830912196
959.862048,0.92674947819476
959.98105,0.9216460710512485
960.100052,0.9282529573395435
960.219054,0.9237618302830999
960.338056,0.9407724366927575
960.457058,0.9421262406084491
960.57606,0.9340400141206884
960.695062,0.935492640701154
960.814064,0.9207193613169226
960.933066,0.9319193522138876
961.052068,0.9246879035222546
961.17107,0.9454360777413554
961.290072,0.9261028327644891
961.409074,0.9380631576435833
961.528076,0.9285946172894195
961.647078,0.9207359344145837
961.76608,0.9336160562000076
961.885082,0.9508651733896707
962.004084,0.9389688255051708
962.123086,0.9413446002543636
962.242088,0.9303810923964786
962.36109,0.9286410481810466
962.480092,0.9382320242094941
962.599094,0.9418342267383488
962.718096,0.9463214201857482
962.837098,0.9306993371468286
962.9561,0.9375736164566592
963.075102,0.9343866072549781
963.194104,0.937974983850998
963.313106,0.933953152438506
963.432108,0.9344893954350224
963.55111,0.927898432428409
963.670112,0.9327603226902512
963.789114,0.9292049044103454
963.908116,0.9260139311598891
964.027118,0.9377649009847747
964.14612,0.9409022722474683
964.265122,0.9331969566856557
964.384124,0.9392975221126485
964.503126,0.9357957894241824
964.622128,0.9406219251441316
964.74113,0.93443893437013
964.860132,0.935695664631486
964.979134,0.9305764929422211
965.098136,0.9322847362105399
965.217138,0.9347099609580531
965.33614,0.931293312782008
965.455142,0.9315233706412411
965.574144,0.933760777904361
965.693146,0.9299811145281528
965.812148,0.9328927840606079
965.93115,0.9366215254064928
966.050152,0.937974983850998
966.169154,0.9352503794813947
966.288156,0.9326381390911793
966.407158,0.9313352219240318
966.52616,0.9351512481952207
966.645162,0.9353027549691456
966.764164,0.9390101410424282
966.883166,0.9369756352656434
967.002168,0.9353027549691456
967.12117,0.9283030843526571
967.240172,0.9360250874804563
967.359174,0.9405523216970302
967.478176,0.9299811145281528
967.597178,0.9408382930682722
967.71618,0.9383849684940608
967.835182,0.9348473734218826
967.954184,0.9291445080544616
968.073186,0.9364192370049388
968.192188,0.9337336992344444
968.31119,0.9369587698559978
968.430192,0.9412495292509044
968.549194,0.9366215254064928
968.668196,0.9399421012781936
968.787198,0.9347800668340625
968.9062,0.9330401927654706
969.025202,0.9406219251441316
969.144204,0.9369428416923
969.263206,0.933953152438506
969.382208,0.933953152438506
969.50121,0.9326381390911793
969.620212,0.9316752213261503
969.739214,0.938005937536198
969.858216,0.9420602940797619
969.977218,0.9329114421028689
970.09622,0.9406219251441316
970.215222,0.9318010059713018
970.334224,0.9321728687543762
970.453226,0.9404808424368275
970.572228,0.9391895091084723
970.69123,0.9323397426326497
970.810232,0.9288750952138758
970.929234,0.9379599763713165
971.048236,0.9326913009802069
971.167238,0.9391153160679164
971.28624,0.9392975221126485
971.405242,0.9406219251441316
971.524244,0.9418153902421796
971.643246,0.9421752324467374
971.762248,0.9392975221126485
971.88125,0.9441398288727546
972.000252,0.9398941654534022
972.119254,0.9392975221126485
972.238256,0.9353027549691456
972.357258,0.9453254681910445
972.47626,0.9414669830071033
972.595262,0.9366215254064928
972.714264,0.9336365959791808
972.833266,0.9350250112978966
972.952268,0.9414020240263864
973.07127,0.9427095972816494
973.190272,0.9432621869986304
973.309274,0.9386383666427649
973.428276,0.9399233026241551
973.547278,0.9419811643385548
973.66628,0.9402871233370379
973.785282,0.9358257353685766
973.904284,0.9406219251441316
974.023286,0.9375061135864067
974.142288,0.9388232966159978
974.26129,0.9398387133334941
974.380292,0.9366215254064928
974.499294,0.9366215254064928
974.618296,0.9391425508069843
974.737298,0.945745285891554
974.8563,0.9399458610541181
974.975302,0.9368154261302845
975.094304,0.9392975221126485
975.213306,0.9396676782523319
975.332308,0.9459145894499451
975.45131,0.9405109383053168
975.570312,0.9406445003412363
975.689314,0.9432970883452203
975.808316,0.9446252414851496
975.927318,0.9433904793797464
976.04632,0.948247248574241
976.165322,0.9476358263037902
976.284324,0.9421610999242449
976.403326,0.945789736964583
976.522328,0.9446715292560235
976.64133,0.9422619165555304
976.760332,0.9403078098813025
976.879334,0.9479969443422299
976.998336,0.9487063113267756
977.117338,0.9477666090716235
977.23634,0.9527268858300215
977.355342,0.9537478029282654
977.474344,0.9530565863674224
977.593346,0.9619584697368784
977.712348,0.9586233827023599
977.83135,0.9520411693597761
977.950352,0.9541446445516182
978.069354,0.9554804270713523
978.188356,0.9560978668388129
978.307358,0.9523411095662269
978.42636,0.9509041596609927
978.545362,0.9585141058656299
978.664364,0.9559621105806443
978.783366,0.9595556176231214
978.902368,0.9500439806861947
979.02137,0.959359888242202
979.140372,0.9571568532182201
979.259374,0.9561093400820544
979.378376,0.9576489583009461
979.497378,0.9543498077044454
979.61638,0.9536867650221118
979.735382,0.9505675991631956
979.854384,0.9584901433125165
979.973386,0.9593464572977833
980.092388,0.9554804270713523
980.21139,0.9541017090086704
980.330392,0.9554832935169332
980.449394,0.9581786846307171
980.568396,0.954233384129888
980.687398,0.9579066005220542
980.8064,0.9596947632754927
980.925402,0.956999892365434
981.044404,0.9580033539746741
981.163406,0.958210305049044
981.282408,0.9642207662092553
981.40141,0.9618468890261952
981.520412,0.9602342633177656
981.639414,0.965428726633985
981.758416,0.9544003895846618
981.877418,0.9568640080287343
981.99642,0.9595613749740992
982.115422,0.9604032794210904
982.234424,0.9609143498984356
982.353426,0.9617074313382131
982.472428,0.9671690304438293
982.59143,0.9608182632678574
982.710432,0.9609057017082034
982.829434,0.9631886385716529
982.948436,0.9532214794197018
983.067438,0.9689512286389509
983.18644,0.9563445719120434
983.305442,0.9600009547399196
983.424444,0.9723698915977926
983.543446,0.9677949912830219
983.662448,0.9687700516997672
983.78145,0.9612074734742276
983.900452,0.9608855229003458
984.019454,0.9672009475484633
984.138456,0.9611795988616807
984.257458,0.9643644458072848
984.37646,0.9568276478872763
984.495462,0.9623029125206237
984.614464,0.958331047154073
984.733466,0.9637493775185072
984.852468,0.9595086005497856
984.97147,0.9636780627032515
985.090472,0.959625667740006
985.209474,0.9607125790716352
985.328476,0.9611728706280375
985.447478,0.9567090086147252
985.56648,0.963659752994003
985.685482,0.9572056694625378
985.804484,0.9632088657454475
985.923486,0.959817612067347
986.042488,0.9641619505364128
986.16149,0.9702223567421085
986.280492,0.9657792408762392
986.399494,0.9640636110328581
986.518496,0.9590634918323387
986.637498,0.9659163912658908
986.7565,0.9670655488939335
986.875502,0.961758403182816
986.994504,0.9656208660678247
987.113506,0.963659752994003
987.232508,0.96219898941802
987.35151,0.957527344605875
987.470512,0.9663086329404168
987.589514,0.9726888812336771
987.708516,0.9640443299534489
987.827518,0.9664468249554208
987.94652,0.9668818238940713
988.065522,0.9574028741418317
988.184524,0.9687196769668331
988.303526,0.9595613749740992
988.422528,0.9675656510479792
988.54153,0.9677949912830219
988.660532,0.9702388506623711
988.779534,0.9628294362048717
988.898536,0.9646325763916436
989.017538,0.9701350406592845
989.13654,0.9667638715067982
989.255542,0.9702747501639823
989.374544,0.9635566469167061
989.493546,0.9664854836015868
989.612548,0.9649837665621835
989.73155,0.960915310813266
989.850552,0.9609143498984356
989.969554,0.9621614643891755
990.088556,0.9716175684882976
990.207558,0.9642207662092553
990.32656,0.9633100079862255
990.445562,0.9613333999012537
990.564564,0.9606731906633612
990.683566,0.963659752994003
990.802568,0.963659752994003
990.92157,0.9626474786369608
991.040572,0.9646624804650225
991.159574,0.9631395172036913
991.278576,0.963683844788974
991.397578,0.9687748955621353
991.51658,0.9623029125206237
991.635582,0.9716331144937611
991.754584,0.96466923312602
991.873586,0.9695327738222429
991.992588,0.9718371788738147
992.11159,0.9650513177901083
992.230592,0.969083014967313
992.349594,0.9693340399745247
992.468596,0.9611603754619381
992.587598,0.9652742703945523
992.7066,0.970553258981383
992.825602,0.9728776011818796
992.944604,0.9733962831597773
993.063606,0.970553258981383
993.182608,0.9715699603938495
993.30161,0.9671390486686054
993.420612,0.9639566059109276
993.539614,0.9694329170892492
993.658616,0.9685017395583935
993.777618,0.9652395211463083
993.89662,0.9665705380664853
994.015622,0.9719353393859034
994.134624,0.9676266096041696
994.253626,0.9679440431883816
994.372628,0.9704649426532695
994.49163,0.959601677398193
994.610632,0.9703329683955216
994.729634,0.9653206046715449
994.848636,0.9675462999284701
994.967638,0.9691731438786343
995.08664,0.9693689366280998
995.205642,0.9641185642248381
995.324644,0.9647840355953734
995.443646,0.9639623896679143
995.562648,0.9660844753408615
995.68165,0.9606587806735765
995.800652,0.9643981991535682
995.919654,0.9733193878908108
996.038656,0.9659955996574743
996.157658,0.9709134010426865
996.27666,0.9694290393653363
996.395662,0.9672154556714871
996.514664,0.9670307351608243
996.633666,0.965773446218178
996.752668,0.9677949912830219
996.87167,0.9664158991518378
996.990672,0.9677949912830219
997.109674,0.9664158991518378
997.228676,0.97028348267603
997.347678,0.9703737232360399
997.46668,0.963659752994003
997.585682,0.969143099976857
997.704684,0.9733193878908108
997.823686,0.9729379214630622
997.942688,0.9702087737241956
998.06169,0.9699332735553335
998.180692,0.9617555179119344
998.299694,0.9634940177701258
998.418696,0.9673876353461331
998.537698,0.968474621889335
998.6567,0.9698760491803294
998.775702,0.964357695279791
998.894704,0.9770240608160201
999.013706,0.958210305049044
999.132708,0.966386907109746
999.25171,0.9651304552427583
999.370712,0.9703290870714107
999.489714,0.9627389344915156
999.608716,0.9672173901043329
999.727718,0.9667745059678742
999.84672,0.9648351705043231
999.965722,0.9677949912830219
1000.084724,0.9667000671968441
1000.203726,0.963659752994003
1000.322728,0.9684639687270867
1000.44173,0.963850576516001
1000.560732,0.96145838136686
1000.679734,0.9677949912830219
1000.798736,0.9627889982177548
1000.917738,0.9667416361934607
1001.03674,0.9647869299518218
1001.155742,0.965996565653557
1001.274744,0.9683167733909691
1001.393746,0.960257309216635
1001.512748,0.9677649901033128
1001.63175,0.9665212442260476
1001.750752,0.964440633607882
1001.869754,0.9601200022390999
1001.988756,0.969399956930394
1002.107758,0.9634323561261822
1002.22676,0.9564000415058169
1002.345762,0.9613468586630634
1002.464764,0.9654422427307703
1002.583766,0.9622326669720034
1002.702768,0.9561236818297184
1002.82177,0.9656285910656532
1002.940772,0.9675395271280753
1003.059774,0.9677949912830219
1003.178776,0.9660448666893555
1003.297778,0.9623029125206237
1003.41678,0.9623029125206237
1003.535782,0.9637407038131413
1003.654784,0.9636144620499577
1003.773786,0.9623337067065286
1003.892788,0.9677707967106732
1004.01179,0.9623606524275548
1004.130792,0.9676072572655015
1004.249794,0.9639180484178461
1004.368796,0.9662535549180777
1004.487798,0.9626994630043725
1004.6068,0.9659473010849658
1004.725802,0.9639315433649884
1004.844804,0.964744480260804
1004.963806,0.9629777233558648
1005.082808,0.959927997439772
1005.20181,0.960512771635882
1005.320812,0.963659752994003
1005.439814,0.9573071386412723
1005.558816,0.9657454391943414
1005.677818,0.9617430151714695
1005.79682,0.9611411524466597
1005.915822,0.9552005123157346
1006.034824,0.9583348804859283
1006.153826,0.9548032315427414
1006.272828,0.9605857733805575
1006.39183,0.9709668027482774
1006.510832,0.9568276478872763
1006.629834,0.9633986365838132
1006.748836,0.9628092169990138
1006.867838,0.9645660190401276
1006.98684,0.9586770671149408
1007.105842,0.9621441456386858
1007.224844,0.9660439006449718
1007.343846,0.9626378522103066
1007.462848,0.9684058626321633
1007.58185,0.9683622853488412
1007.700852,0.963659752994003
1007.819854,0.9638621427923167
1007.938856,0.9693398559962125
1008.057858,0.9658922436579556
1008.17686,0.9569242923601766
1008.295862,0.9610969409705189
1008.414864,0.9691731438786343
1008.533866,0.9650783396053101
1008.652868,0.9569147231650991
1008.77187,0.9648149091784872
1008.890872,0.9691731438786343
1009.009874,0.9639566059109276
1009.128876,0.971197920349235
1009.247878,0.9686693048533171
1009.36688,0.9611699871137509
1009.485882,0.963659752994003
1009.604884,0.963659752994003
1009.723886,0.9656981188271794
1009.842888,0.9687797394487228
1009.96189,0.9631558907146582
1010.080892,0.9687012714678236
1010.199894,0.9692894516342255
1010.318896,0.9628275105479249
1010.437898,0.9609143498984356
1010.5569,0.9652095991849455
1010.675902,0.964204374595559
1010.794904,0.9637089008946664
1010.913906,0.9637137194512173
1011.032908,0.9649297289843224
1011.15191,0.9626551798475947
1011.270912,0.9642950140667593
1011.389914,0.9687409890341583
1011.508916,0.9549846613920243
1011.627918,0.9559305643515108
1011.74692,0.9634583691509718
1011.865922,0.9703669306437513
1011.984924,0.9599107188913255
1012.103926,0.9684368521155967
1012.222928,0.9677949912830219
1012.34193,0.9691731438786343
1012.460932,0.9668479836224433
1012.579934,0.9736834774223805
1012.698936,0.971348467694007
1012.817938,0.9637725077811297
1012.93694,0.9665686049273423
1013.055942,0.9720189294194105
1013.174944,0.9746927362107729
1013.293946,0.9665289764269301
1013.412948,0.9716807256828359
1013.53195,0.973516991782669
1013.650952,0.9625675822119815
1013.769954,0.971429092962728
1013.888956,0.9707570965679666
1014.007958,0.9716962726988226
1014.12696,0.9741558284447942
1014.245962,0.9788753190262167
1014.364964,0.975050514093188
1014.483966,0.972693744690242
1014.602968,0.9631250702192858
1014.72197,0.9682770732171192
1014.840972,0.9677949912830219
1014.959974,0.9731442061678185
1015.078976,0.9752621230134837
1015.197978,0.9768902176881519
1015.31698,0.9745718818046109
1015.435982,0.9698314359081803
1015.554984,0.9712348265714221
1015.673986,0.9754376859958205
1015.792988,0.9693195000729746
1015.91199,0.9697548222510228
1016.030992,0.9724836655307549
1016.149994,0.9755781591364273
1016.268996,0.9695996738916625
1016.387998,0.9682364064340525
1016.507,0.9695802820921032
1016.626002,0.9670549112314029
1016.745004,0.9663917390563613
1016.864006,0.9774833700538194
1016.983008,0.9733193878908108
1017.10201,0.9809733362102255
1017.221012,0.9810704573779289
1017.340014,0.9792023179885583
1017.459016,0.9829372461379371
1017.578018,0.9832528196407849
1017.69702,0.990085476184743
1017.816022,0.985800773568269
1017.935024,0.9816681112536056
1018.054026,0.9803663016117024
1018.173028,0.9694222533858117
1018.29203,0.9782803437230693
1018.411032,0.9791846925054642
1018.530034,0.9798889794601952
1018.649036,0.9814423535511483
1018.768038,0.9833275496947836
1018.88704,0.972019901438826
1019.006042,0.9807418538188766
1019.125044,0.9852035592736944
1019.244046,0.9826630448991162
1019.363048,0.9821070149870124
1019.48205,0.9811940800436229
1019.601052,0.9812872979090055
1019.720054,0.985084356854914
1019.839056,0.9943243676048185
1019.958058,0.9833472164424444
1020.07706,0.9760934004161791
1020.196062,0.9810057088644664
1020.315064,0.9865463207344064
1020.434066,0.9872716988239385
1020.553068,0.9872716988239385
1020.67207,0.98021925769503
1020.791072,0.9719353393859034
1020.910074,0.9770846381856697
1021.029076,0.9807330271819121
1021.148078,0.9830660193516425
1021.26708,0.9802692501519693
1021.386082,0.988707247275718
1021.505084,0.9898746104363151
1021.624086,0.9769146402488749
1021.743088,0.9765913350129208
1021.86209,0.9834966965795463
1021.981092,0.9856874129976664
1022.100094,0.9860127435205395
1022.219096,0.9856499575876297
1022.338098,0.987492872454997
1022.4571,0.9899320248287217
1022.576102,0.9830817485337853
1022.695104,0.9984102649695555
1022.814106,0.9863490311998706
1022.933108,0.9882594643231983
1023.05211,0.9864269558513187
1023.171112,0.9774833700538194
1023.290114,0.9906472119600409
1023.409116,0.9889247867985888
1023.528118,0.9912116453473415
1023.64712,0.9843340084940232
1023.766122,0.9921886682627994
1023.885124,0.9955012498290201
1024.004126,0.9924799183757979
1024.123128,0.9919579120165534
1024.24213,0.9928252622084773
1024.361132,0.997694860923067
1024.480134,0.9898142299267028
1024.599136,0.9916949788274119
1024.718138,0.9987068368569968
1024.83714,0.9948881104059943
1024.956142,0.9879521634175615
1025.075144,0.9923325460505851
1025.194146,0.9829097242803531
1025.313148,0.9975213768716279
1025.43215,0.990989936101381
1025.551152,0.9907515326038459
1025.670154,0.9919025623093339
1025.789156,0.9848430407499146
1025.908158,0.9975718527303261
1026.02716,0.992816227539699
1026.146162,0.9851917369019175
1026.265164,0.9850705657704559
1026.384166,0.9923023795997175
1026.503168,0.9955063268983408
1026.62217,0.9912980827714327
1026.741172,0.9871107866517286
1026.860174,0.9889277535773994
1026.979176,0.9899953825057348
1027.098178,0.9917658875533547
1027.21718,0.9999445615367684
1027.336182,0.9915476239023001
1027.455184,0.9969968185983137
1027.574186,0.9917625155550694
1027.693188,0.9994968166392308
1027.81219,0.9899597433134739
1027.931192,0.9889099530380403
1028.050194,1.0
1028.169196,0.9860630314527904
1028.288198,0.9987758498837962
1028.4072,1.0
1028.526202,0.9912108523783424
1028.645204,0.9929071736714109
1028.764206,0.9924598704839311
1028.883208,0.9995133984289645
1029.00221,0.9935713527419677
1029.121212,0.9926576874479243
1029.240214,0.9979837353978669
1029.359216,1.0
1029.478218,0.9955610812520511
1029.59722,0.9907983962596547
1029.716222,0.9929071736714109
1029.835224,0.990085476184743
1029.954226,0.9929071736714109
1030.073228,0.9909247311088533
1030.19223,0.990085476184743
1030.311232,0.9919945159388449
1030.430234,0.9966712526051802
1030.549236,0.9962979694742498
1030.668238,0.9907119033351324
1030.78724,0.9907968109834889
1030.906242,0.9936814465469357
1031.025244,0.9920651484628678
1031.144246,0.9980768516241839
1031.263248,0.9882525465311603
1031.38225,0.9920274507034882
1031.501252,0.9954558560070149
1031.620254,0.9913895838071803
1031.739256,0.9872716988239385
1031.858258,0.990085476184743
1031.97726,0.984472809374453
1032.096262,0.9898983677120518
1032.215264,0.9999261727253673
1032.334266,0.9945429441214972
1032.453268,0.9930524466173759
1032.57227,0.9860472545705026
1032.691272,0.9962874087717452
1032.810274,0.9974110571081413
1032.929276,0.9892521750827911
1033.048278,0.9894391614135334
1033.16728,0.9943243676048185
1033.286282,0.991890461171891
1033.405284,0.9938913342318058
1033.524286,0.9957402983757337
1033.643288,0.9919977895261489
1033.76229,0.9932442235602856
1033.881292,0.9932200880189012
1034.000294,0.9858678103000946
1034.119296,0.9967484976204627
1034.238298,0.9992642707815642
1034.3573,0.9887003263492103
1034.476302,0.9954528696439264
1034.595304,0.9968654230767775
1034.714306,0.987619279632558
1034.833308,0.997711622337526
1034.95231,0.9938068570587267
1035.071312,0.9938428335181223
1035.190314,0.9859476688269556
1035.309316,0.9874908974712271
1035.428318,0.9925348040328585
1035.54732,0.9890128050213667
1035.666322,0.9917956409762805
1035.785324,0.9909663508215677
1035.904326,0.9891344610780785
1036.023328,0.9907234947322109
1036.14233,0.9804251253544937
1036.261332,0.9858678103000946
1036.380334,0.9861231831323166
1036.499336,0.9957903853724195
1036.618338,0.9900151826113853
1036.73734,0.9816897081896186
1036.856342,0.9872144387259656
1036.975344,0.9858678103000946
1037.094346,0.9926489520987103
1037.213348,0.9877634825739429
1037.33235,0.984664800290787
1037.451352,0.9819027579713611
1037.570354,0.9855977195241985
1037.689356,0.9797880560929534
1037.808358,0.9894361931005016
1037.92736,0.9898132401129678
1038.046362,0.9926596727652844
1038.165364,0.9909290911872624
1038.284366,0.9858195039609049
1038.403368,0.9939552434992578
1038.52237,0.9867160212954027
1038.641372,0.999401009466499
1038.760374,0.994801956826137
1038.879376,0.9906703933760224
1038.998378,0.980964507489929
1039.11738,0.991370549309903
1039.236382,0.9875402732504848
1039.355384,0.9876656988295432
1039.474386,0.9914952715698718
1039.593388,0.9957402983757337
1039.71239,0.9895173301949113
1039.831392,0.9830660193516425
1039.950394,0.9834858781753852
1040.069396,0.9864999541469552
1040.188398,0.9795715468577086
1040.3074,0.9904011657527941
1040.426402,0.9805584722389246
1040.545404,0.9892224979626977
1040.664406,0.9906090727765645
1040.783408,0.9712309416398857
1040.90241,0.9829303656012961
1041.021412,0.9758933217778549
1041.140414,0.9748350517390405
1041.259416,0.9802398425155815
1041.378418,0.9788753190262167
1041.49742,0.9802280797080484
1041.616422,0.9735471712771941
1041.735424,0.9798223492750439
1041.854426,0.978071014128578
1041.973428,0.9807546035458492
1042.09243,0.9839413375676934
1042.211432,0.9733193878908108
1042.330434,0.9925684515330371
1042.449436,0.9836176741131913
1042.568438,0.98442260254146
1042.68744,0.985655871505117
1042.806442,0.9788753190262167
1042.925444,0.9849316806123161
1043.044446,0.9785914863414276
1043.163448,0.9803800268360012
1043.28245,0.990085476184743
1043.401452,0.9836747255927668
1043.520454,0.9895480057076153
1043.639456,0.9893214251587713
1043.758458,0.978906643537615
1043.87746,0.9828595971626671
1043.996462,0.9854272258668474
1044.115464,0.9735617745942878
1044.234466,0.9798684020076905
1044.353468,0.9904742600559733
1044.47247,0.9849375902201285
1044.591472,0.9883325982294794
1044.710474,0.9731198778667693
1044.829476,0.9817849367098216
1044.948478,0.989836995915799
1045.06748,0.9808556264726058
1045.186482,0.9858678103000946
1045.305484,0.9835734123137542
1045.424486,0.973134474774414
1045.543488,0.9780876414771503
1045.66249,0.9796891024965287
1045.781492,0.972255158719957
1045.900494,0.9801790695293277
1046.019496,0.9761129224794074
1046.138498,0.9829893431925422
1046.2575,0.9803908110756097
1046.376502,0.9775791681181131
1046.495504,0.9760934004161791
1046.614506,0.9684552525905908
1046.733508,0.9734984951355439
1046.85251,0.9893659456246063
1046.971512,0.9827622988788925
1047.090514,0.9777913258158725
1047.209516,0.9799252360231775
1047.328518,0.9778617293258272
1047.44752,0.980837971230227
1047.566522,0.9704639721888121
1047.685524,0.9782108882843622
1047.804526,0.9848016782108224
1047.923528,0.9708337894079228
1048.04253,0.9832793678253141
1048.161532,0.9796430581907611
1048.280534,0.9901568639210729
1048.399536,0.9795735060027615
1048.518538,0.9760934004161791
1048.63754,0.9713144710925816
1048.756542,0.9790437000614431
1048.875544,0.9833501664885188
1048.994546,0.9797488653545297
1049.113548,0.9812411784898186
1049.23255,0.9826148955895838
1049.351552,0.9869666789969922
1049.470554,0.9941999854066998
1049.589556,0.9820127372389779
1049.708558,0.9880559038409973
1049.82756,0.9752777273322861
1049.946562,0.9751782540773205
1050.065564,0.9756903570759858
1050.184566,0.9748711213032376
1050.303568,0.9760934004161791
1050.42257,0.9775791681181131
1050.541572,0.9846490457800188
1050.660574,0.9856883986855722
1050.779576,0.974715154401514
1050.898578,0.9926781364069092
1051.01758,0.9686712421938642
1051.136582,0.984586030257607
1051.255584,0.9813294941700287
1051.374586,0.9743341152741469
1051.493588,0.9790975489457773
1051.61259,0.9820333597229952
1051.731592,0.9803388517395573
1051.850594,0.9729933805051534
1051.969596,0.9788753190262167
1052.088598,0.9666217676625751
1052.2076,0.9711649001812892
1052.326602,0.9765610611507827
1052.445604,0.9679121015619961
1052.564606,0.9725585496560026
1052.683608,0.9780573212302307
1052.80261,0.9784378595380916
1052.921612,0.9923576523815939
1053.040614,0.9843389301763699
1053.159616,0.9671690304438293
1053.278618,0.9702242971887626
1053.39762,0.9869074627727569
1053.516622,0.9810263102006658
1053.635624,0.9759850600617338
1053.754626,0.9847514546059465
1053.873628,0.9641330261117653
1053.99263,0.9808173738491044
1054.111632,0.9865019271488366
1054.230634,0.9737195043775396
1054.349636,0.9841410979342108
1054.468638,0.9769078018703274
1054.58764,0.9777355932986928
1054.706642,0.980923307845813
1054.825644,0.9869045020548096
1054.944646,0.9770426244495295
1055.063648,0.9749276654680382
1055.18265,0.9773308945414901
1055.301652,0.9733602681635819
1055.420654,0.9788811922957507
1055.539656,0.9775420208155279
1055.658658,0.9733836290903479
1055.77766,0.9760934004161791
1055.896662,0.9760934004161791
1056.015664,0.9748759956710301
1056.134666,0.9772771428204763
1056.253668,0.9802692501519693
1056.37267,0.9716515756983174
1056.491672,0.9723893391900998
1056.610674,0.9809713742655151
1056.729676,0.9748428504506492
1056.848678,0.9715204115893746
1056.96768,0.9733193878908108
1057.086682,0.9710386569502535
1057.205684,0.9727988012876226
1057.324686,0.9738762858383133
1057.443688,0.9749081671097131
1057.56269,0.9810351394771893
1057.681692,0.975306010796487
1057.800694,0.9760768069694168
1057.919696,0.9796117101144709
1058.038698,0.9827642644054558
1058.1577,0.9849090274441744
1058.276702,0.9741568026011097
1058.395704,0.9747054072987056
1058.514706,0.9784926535924449
1058.633708,0.9868225923804376
1058.75271,0.9829018610340119
1058.871712,0.9893283504329858
1058.990714,0.9754172020194971
1059.109716,0.9814875009377936
1059.228718,0.9819872052397272
1059.34772,0.9795754651517325
1059.466722,0.979873301361949
1059.585724,0.9821580858796234
1059.704726,0.9806477071200238
1059.823728,0.9667793398524888
1059.94273,0.9745358233120703
1060.061732,0.9706804097865055
1060.180734,0.9802555264785331
1060.299736,0.9479590252228436
1060.418738,0.973189945020363
1060.53774,0.9997549900198487
1060.656742,0.9855602675224491
1060.775744,0.9778636850512415
1060.894746,0.9747054072987056
1061.013748,0.9783527391471024
1061.13275,0.9813707108743286
1061.251752,0.9778147930892982
1061.370754,0.9736844511063447
1061.489756,0.9729194358181686
1061.608758,0.9770465326278437
1061.72776,0.9737896147057963
1061.846762,0.9801388830113061
1061.965764,0.9715651025561921
1062.084766,0.9690684788311097
1062.203768,0.9780974224024697
1062.32277,0.9740593917914713
1062.441772,0.9788753190262167
1062.560774,0.9726509471070294
1062.679776,0.9747054072987056
1062.798778,0.9727209804963928
1062.91778,0.9724982528951428
1063.036782,0.973848043835535
1063.155784,0.9747054072987056
1063.274786,0.9719353393859034
1063.393788,0.9755527944340323
1063.51279,0.9753157639053605
1063.631792,0.9691731438786343
1063.750794,0.9739551730123537
1063.869796,0.9752435932091802
1063.988798,0.9696665785773461
1064.1078,0.976519069927971
1064.226802,0.9788753190262167
1064.345804,0.9771979865777789
1064.464806,0.9719353393859034
1064.583808,0.9746332817672431
1064.70281,0.9676856366276613
1064.821812,0.969186712397628
1064.940814,0.9843645233212639
1065.059816,0.9682732001165726
1065.178818,0.9728007468871709
1065.29782,0.9788753190262167
1065.416822,0.9774833700538194
1065.535824,0.9774833700538194
1065.654826,0.9749500890622143
1065.773828,0.9722143248608078
1065.89283,0.9754630477053572
1066.011832,0.9778343495807242
1066.130834,0.9750904919838069
1066.249836,0.9747054072987056
1066.368838,0.9723903115799253
1066.48784,0.9687700516997672
1066.606842,0.9722697426567171
1066.725844,0.9730546810190711
1066.844846,0.9713416682785311
1066.963848,0.9690500667049277
1067.08285,0.964382768905824
1067.201852,0.9733028416018605
1067.320854,0.9713737230824856
1067.439856,0.9677949912830219
1067.558858,0.9736717932907563
1067.67786,0.9750037127917518
1067.796862,0.9667870741181446
1067.915864,0.9673576467942624
1068.034866,0.9691731438786343
1068.153868,0.970553258981383
1068.27287,0.9688068656611926
1068.391872,0.9732678033302555
1068.510874,0.9793687965328917
1068.629876,0.9689115024529691
1068.748878,0.974231815562872
1068.86788,0.9784877611414081
1068.986882,0.9734770784042358
1069.105884,0.9760934004161791
1069.224886,0.9760934004161791
1069.343888,0.9760934004161791
1069.46289,0.9733028416018605
1069.581892,0.9733018682995056
1069.700894,0.978821482364192
1069.819896,0.9694367948286731
1069.938898,0.9757225553890386
1070.0579,0.9673605488715559
1070.176902,0.969782945548654
1070.295904,0.9737769555230901
1070.414906,0.9691731438786343
1070.533908,0.9730206247012244
1070.65291,0.9716020227315681
1070.771912,0.9723047449974911
1070.890914,0.9668180117995167
1071.009916,0.9696782146461053
1071.128918,0.9719353393859034
1071.24792,0.9733193878908108
1071.366922,0.9688795289009546
1071.485924,0.9685966573797675
1071.604926,0.9711668425130319
1071.723928,0.9670636147647699
1071.84293,0.9698702299414922
1071.961932,0.9631202546059738
1072.080934,0.9606837581265795
1072.199936,0.9677949912830219
1072.318938,0.9675288842518129
1072.43794,0.9670829562304791
1072.556942,0.9605281399631745
1072.675944,0.9723660021260052
1072.794946,0.9738665471241486
1072.913948,0.9701709363198545
1073.03295,0.9643586596379684
1073.151952,0.9642834425960195
1073.270954,0.9677949912830219
1073.389956,0.9696578516174102
1073.508958,0.9729028963283458
1073.62796,0.9677949912830219
1073.746962,0.9723494720444752
1073.865964,0.9746020940012334
1073.984966,0.970553258981383
1074.103968,0.9691731438786343
1074.22297,0.9705513178768062
1074.341972,0.9705911112965986
1074.460974,0.9677949912830219
1074.579976,0.9718284323785642
1074.698978,0.970553258981383
1074.81798,0.9719353393859034
1074.936982,0.9691731438786343
1075.055984,0.9719353393859034
1075.174986,0.9680776286835288
1075.293988,0.9726830451178982
1075.41299,0.9709066046726667
1075.531992,0.9739269287218805
1075.650994,0.970440681332971
1075.769996,0.9673382998347967
1075.888998,0.970553258981383
1076.008,0.9736464781532289
1076.127002,0.9744490934833302
1076.246004,0.9648515728416411
1076.365006,0.9680292260121715
1076.484008,0.9733193878908108
1076.60301,0.9712561939726472
1076.722012,0.9671525887100669
1076.841014,0.9638399742179721
1076.960016,0.962052746286388
1077.079018,0.9713261269361697
1077.19802,0.9637840731206149
1077.317022,0.9559831419784216
1077.436024,0.9696879114767358
1077.555026,0.9591718721302873
1077.674028,0.9643837332890751
1077.79303,0.9650513177901083
1077.912032,0.9664158991518378
1078.031034,0.9634053803978726
1078.150036,0.965272339847942
1078.269038,0.963659752994003
1078.38804,0.9667213348322656
1078.507042,0.970553258981383
1078.626044,0.9675462999284701
1078.745046,0.9624453438913382
1078.864048,0.9719090974860073
1078.98305,0.9610450431369606
1079.102052,0.9648245573758198
1079.221054,0.9665995356175884
1079.340056,0.9661617651904416
1079.459058,0.9641436316333828
1079.57806,0.9593685225200503
1079.697062,0.9723893391900998
1079.816064,0.9724710233252775
1079.935066,0.9642622285936372
1080.054068,0.967124541691678
1080.17307,0.9654190723949899
1080.292072,0.9683593802663427
1080.411074,0.9686780229162921
1080.530076,0.9655233432853353
1080.649078,0.9633215677756799
1080.76808,0.9631221808484093
1080.887082,0.9650513177901083
1081.006084,0.9658062830735727
1081.125086,0.9670674830269654
1081.244088,0.9650513177901083
1081.36309,0.9630123911779227
1081.482092,0.9649036762333535
1081.601094,0.9646605511419909
1081.720096,0.9606597413328375
1081.839098,0.968830117304987
1081.9581,0.9663453533661521
1082.077102,0.9613651244269021
1082.196104,0.9654605863076456
1082.315106,0.9604272898032045
1082.434108,0.9534350249472979
1082.55311,0.9588141677379991
1082.672112,0.9609143498984356
1082.791114,0.96253678054218
1082.910116,0.9650513177901083
1083.029118,0.9633244577447182
1083.14812,0.959430883500724
1083.267122,0.9583061308707601
1083.386124,0.9607903999422428
1083.505126,0.9555081364055208
1083.624128,0.9636269891193902
1083.74313,0.9610796413812781
1083.862132,0.9593349452093685
1083.981134,0.9650513177901083
1084.100136,0.963659752994003
1084.219138,0.9614574199089594
1084.33814,0.9579928159957393
1084.457142,0.9661675621784237
1084.576144,0.9601296034871284
1084.695146,0.965773446218178
1084.814148,0.963011428166013
1084.93315,0.9619084491969974
1085.052152,0.959978874971879
1085.171154,0.958210305049044
1085.290156,0.9621835943573501
1085.409158,0.9638843118765444
1085.52816,0.9562747613064119
1085.647162,0.9673750593886176
1085.766164,0.9565100338350278
1085.885166,0.9575943738659941
1086.004168,0.960302442370789
1086.12317,0.9594606263191239
1086.242172,0.9616949292228697
1086.361174,0.9620450498952033
1086.480176,0.9642844068799442
1086.599178,0.9531309276804326
1086.71818,0.9568496551762605
1086.837182,0.961767059047396
1086.956184,0.9677949912830219
1087.075186,0.9601632086113366
1087.194188,0.9526840140847807
1087.31319,0.9589886877973711
1087.432192,0.95435553382047
1087.551194,0.9575570284136544
1087.670196,0.9504060164062613
1087.789198,0.958210305049044
1087.9082,0.952534454435309
1088.027202,0.9516490091885423
1088.146204,0.9568716629714182
1088.265206,0.958192099226204
1088.384208,0.9501465909769647
1088.50321,0.9565262946438194
1088.622212,0.9544805625846058
1088.741214,0.9485763474648516
1088.860216,0.9604215272567532
1088.979218,0.958406758297349
1089.09822,0.958210305049044
1089.217222,0.9606482134851086
1089.336224,0.9615228012364532
1089.455226,0.9534302577840912
1089.574228,0.9560844815623744
1089.69323,0.9577983631917195
1089.812232,0.9618536219779837
1089.931234,0.9586809018308787
1090.050236,0.9568276478872763
1090.169238,0.9584690567613164
1090.28824,0.963659752994003
1090.407242,0.9552071987427233
1090.526244,0.9521201920562296
1090.645246,0.9561514098185454
1090.764248,0.9616439607422975
1090.88325,0.954258194520409
1091.002252,0.9548968068445475
1091.121254,0.9495121049961033
1091.240256,0.9575014917165862
1091.359258,0.9567817212624256
1091.47826,0.960844205711187
1091.597262,0.9617911035244269
1091.716264,0.9463658983377253
1091.835266,0.9510791421242633
1091.954268,0.9479343786085952
1092.07327,0.9560127779151776
1092.192272,0.9563646553589289
1092.311274,0.9543011371053634
1092.430276,0.9568276478872763
1092.549278,0.9570841120615744
1092.66828,0.9649567473949899
1092.787282,0.9551880947897886
1092.906284,0.9487784157463697
1093.025286,0.9527583263360193
1093.144288,0.958074248845946
1093.26329,0.9531547562514805
1093.382292,0.9458918877722196
1093.501294,0.9577610097839513
1093.620296,0.9507738947144717
1093.739298,0.9511970832500853
1093.8583,0.9560730086174334
1093.977302,0.9560538873484744
1094.096304,0.9548376050777968
1094.215306,0.9609143498984356
1094.334308,0.9568276478872763
1094.45331,0.9586310517200975
1094.572312,0.9518688655020915
1094.691314,0.9580790392291663
1094.810316,0.9543354925646937
1094.929318,0.9529908277316621
1095.04832,0.957768671902678
1095.167322,0.9594644641693049
1095.286324,0.9527583263360193
1095.405326,0.9615478011542828
1095.524328,0.9590328022916353
1095.64333,0.9554804270713523
1095.762332,0.9546657497763239
1095.881334,0.9606126701587653
1096.000336,0.9589627954523489
1096.119338,0.9541017090086704
1096.23834,0.9523449189382838
1096.357342,0.9548710249788194
1096.476344,0.9544337941828743
1096.595346,0.9503622987350208
1096.714348,0.9511333551804217
1096.83335,0.9505352804142458
1096.952352,0.9552654681590457
1097.071354,0.9512379856040594
1097.190356,0.951698496223672
1097.309358,0.9583176306133289
1097.42836,0.9566066462272889
1097.547362,0.9500439806861947
1097.666364,0.9514215922527527
1097.785366,0.9527583263360193
1097.904368,0.9474652672058348
1098.02337,0.9499470811421253
1098.142372,0.9426370114372495
1098.261374,0.9451751733903554
1098.380376,0.9552750208614907
1098.499378,0.9550066262918318
1098.61838,0.9697276694961402
1098.737382,0.9421771167990867
1098.856384,0.9366374481077673
1098.975386,0.9390758740529297
1099.094388,0.9477561836962634
1099.21339,0.96045418214381
1099.332392,0.9460877076596474
1099.451394,0.9561523659704333
1099.570396,0.9527669011995432
1099.689398,0.9444599465316199
1099.8084,0.9476073976554329
1099.927402,0.9534007019042183
1100.046404,0.9460129696829314
1100.165406,0.9506132275030268
1100.284408,0.9522915891160723
1100.40341,0.9448699311086326
1100.522412,0.9467909120345136
1100.641414,0.9531080528126677
1100.760416,0.9478092595286598
1100.879418,0.954541651295429
1100.99842,0.9510135199274485
1101.117422,0.9514168351566842
1101.236424,0.9480490856080404
1101.355426,0.9473383153659924
1101.474428,0.944153991076404
1101.59343,0.9439802827237044
1101.712432,0.9483240597121847
1101.831434,0.9431546612383974
1101.950436,0.9434329329065158
1102.069438,0.9444958366914968
1102.18844,0.9407837260297336
1102.307442,0.9472587422896177
1102.426444,0.9353729053063731
1102.545446,0.9430678950008716
1102.664448,0.9396263337840738
1102.78345,0.9377423948972252
1102.902452,0.94437022709844
1103.021454,0.9461870520844428
1103.140456,0.9361664379403569
1103.259458,0.9398678487852047
1103.37846,0.935091400430485
1103.497462,0.9413907272698788
1103.616464,0.9374114302505234
1103.735466,0.9318680980590179
1103.854468,0.9343781978133554
1103.97347,0.9366046663707672
1104.092472,0.9319230798987518
1104.211474,0.9361598847982274
1104.330476,0.9359530163234955
1104.449478,0.9275023043771198
1104.56848,0.9332520169303614
1104.687482,0.9306472194432577
1104.806484,0.9326689166575963
1104.925486,0.9304825094626795
1105.044488,0.9354692536774756
1105.16349,0.9286716938412872
1105.282492,0.9302936406840883
1105.401494,0.9278084306456205
1105.520496,0.9282288230763995
1105.639498,0.9246906775901262
1105.7585,0.9260259694192426
1105.877502,0.9270293988030591
1105.996504,0.9290748248295111
1106.115506,0.9226170755081905
1106.234508,0.9268616216661647
1106.35351,0.9192584192661498
1106.472512,0.9205923108117473
1106.591514,0.9139640873861324
1106.710516,0.9103419325433266
1106.829518,0.9103419325433266
1106.94852,0.9103756158179674
1107.067522,0.9155530225966454
1107.186524,0.9181679068696297
1107.305526,0.9067286923680988
1107.424528,0.9076522121687526
1107.54353,0.9087702200345916
1107.662532,0.9091947148391698
1107.781534,0.9049695339432193
1107.900536,0.9113985419000226
1108.019538,0.9023525334187043
1108.13854,0.8987413450314329
1108.257542,0.8993976657412188
1108.376544,0.9016670060267117
1108.495546,0.890119104436674
1108.614548,0.9000544657400421
1108.73355,0.8984448093186562
1108.852552,0.8906266169535293
1108.971554,0.8964435096723364
1109.090556,0.8947508315237741
1109.209558,0.8924988980562263
1109.32856,0.8942677965059438
1109.447562,0.8936330917172874
1109.566564,0.8956908133009462
1109.685566,0.8880120200404421
1109.804568,0.8916425102460118
1109.92357,0.8888382553589519
1110.042572,0.8868406174697729
1110.161574,0.8822763059346794
1110.280576,0.8897809234354478
1110.399578,0.8867430703670404
1110.51858,0.880090971630555
1110.637582,0.8835211929651572
1110.756584,0.8789651758498762
1110.875586,0.8767354372699957
1110.994588,0.8835211929651572
1111.11359,0.8806632167216217
1111.232592,0.8769809575636683
1111.351594,0.8721882459399829
1111.470596,0.8736023360020946
1111.589598,0.8761131760384113
1111.7086,0.8784994477355281
1111.827602,0.8735586569772792
1111.946604,0.8747125157837611
1112.065606,0.8687151482761922
1112.184608,0.8745375907736884
1112.30361,0.8621724244130824
1112.422612,0.8652472281472376
1112.541614,0.8667280666634576
1112.660616,0.8656453334293804
1112.779618,0.8644429222852569
1112.89862,0.8608887440800466
1113.017622,0.8597101340328837
1113.136624,0.8588766195227636
1113.255626,0.8627934120873959
1113.374628,0.8567149752572828
1113.49363,0.860725190756729
1113.612632,0.8560469981215314
1113.731634,0.8570063078726083
1113.850636,0.8499480916581591
1113.969638,0.8527916644073089
1114.08864,0.8538497819684817
1114.207642,0.8532181668562393
1114.326644,0.853303492939158
1114.445646,0.8576921872340708
1114.564648,0.8587220356442159
1114.68365,0.8506793614179112
1114.802652,0.8513686908413871
1114.921654,0.8441880509685679
1115.040656,0.8450411116231594
1115.159658,0.8429985845875656
1115.27866,0.8426951597168678
1115.397662,0.8408684938695254
1115.516664,0.8401204538371728
1115.635666,0.836030653252217
1115.754668,0.835955413879247
1115.87367,0.8243006080557983
1115.992672,0.8322603220671078
1116.111674,0.8260995435085651
1116.230676,0.8214370274599259
1116.349678,0.8123370002346175
1116.46868,0.8135076081503736
1116.587682,0.8101142434214392
1116.706684,0.812304507404469
1116.825686,0.8069690204393813
1116.944688,0.8043104117888916
1117.06369,0.8023101701977929
1117.182692,0.8020213905199826
1117.301694,0.7971519228307623
1117.420696,0.7949786659268635
1117.539698,0.7974788221288996
1117.6587,0.7915517655244425
1117.777702,0.7892516981079573
1117.896704,0.7929461233066837
1118.015706,0.7888098408885854
1118.134708,0.7892359132318443
1118.25371,0.781914405742324
1118.372712,0.7852995826927182
1118.491714,0.7785983211889915
1118.610716,0.7767940668281598
1118.729718,0.7744981560146732
1118.84872,0.7739639366139115
1118.967722,0.7724561774804406
1119.086724,0.7685036242572254
1119.205726,0.7680503408506675
1119.324728,0.7700190686196017
1119.44373,0.7702886224627895
1119.562732,0.7648389425003483
1119.681734,0.7590557897544515
1119.800736,0.7605678147419447
1119.919738,0.7595645275417148
1120.03874,0.7655352627156697
1120.157742,0.7563281016957436
1120.276744,0.7612830846119732
1120.395746,0.754273684533089
1120.514748,0.7470822446326729
1120.63375,0.7482261553355002
1120.752752,0.7543264855390199
1120.871754,0.7466863959521841
1120.990756,0.7460072204036109
1121.109758,0.7479568423988165
1121.22876,0.74376511473204
1121.347762,0.7355843953324672
1121.466764,0.7341440619054728
1121.585766,0.7414481838657214
1121.704768,0.7377944619608574
1121.82377,0.7332269551392347
1121.942772,0.7381117817983763
1122.061774,0.7275882365043468
1122.180776,0.726323333757354
1122.299778,0.7202837841311702
1122.41878,0.7171932133486416
1122.537782,0.718047181282672
1122.656784,0.717056959582623
1122.775786,0.7090494562118826
1122.894788,0.7150949127450559
1123.01379,0.7163116079946639
1123.132792,0.7094821083256508
1123.251794,0.707137604840911
1123.370796,0.70819202522023
1123.489798,0.7010121918612502
1123.6088,0.7034629985809832
1123.727802,0.6970696116264011
1123.846804,0.6961083190068214
1123.965806,0.7020996032847796
1124.084808,0.693114548362022
1124.20381,0.6932462526377208
1124.322812,0.6855252131397975
1124.441814,0.6765222107872839
1124.560816,0.6767116635284504
1124.679818,0.6814243766728615
1124.79882,0.6820993208480083
1124.917822,0.6760690927175602
1125.036824,0.6761231804084564
1125.155826,0.676515445599002
1125.274828,0.6649855286444392
1125.39383,0.6642145926605298
1125.512832,0.6603865061425036
1125.631834,0.665244923579335
1125.750836,0.6496899694212758
1125.869838,0.6552227662651564
1125.98884,0.6479640905391639
1126.107842,0.6470058129854733
1126.226844,0.6372520619696735
1126.345846,0.6359343145405201
1126.464848,0.6359343145405201
1126.58385,0.6329967443868013
1126.702852,0.6215990551243977
1126.821854,0.6191176250725763
1126.940856,0.6210212367303315
1127.059858,0.6185730412145537
1127.17886,0.6096379637841511
1127.297862,0.6127611868177827
1127.416864,0.6039160987804523
1127.535866,0.6025286878874012
1127.654868,0.5947286665806162
1127.77387,0.5919281616651849
1127.892872,0.594467043528613
1128.011874,0.5899662187957294
1128.130876,0.5839499510986058
1128.249878,0.5794070650420806
1128.36888,0.5804509369620389
1128.487882,0.5804219151407424
1128.606884,0.573699235473152
1128.725886,0.5703700033854915
1128.844888,0.5668333124755656
1128.96389,0.5685875362911184
1129.082892,0.5656894648594035
1129.201894,0.5601111683744798
1129.320896,0.5527386462140504
1129.439898,0.5551816064118473
1129.5589,0.5521861838450594
1129.677902,0.5466207741945976
1129.796904,0.540311204928967
1129.915906,0.5427372293641783
1130.034908,0.5407003690787979
1130.15391,0.535518415676663
1130.272912,0.5280100296009196
1130.391914,0.5305717926097684
1130.510916,0.5202842407085333
1130.629918,0.5202842407085333
1130.74892,0.517492627666066
1130.867922,0.5126048518087017
1130.986924,0.5086119146001634
1131.105926,0.5060903845770444
1131.224928,0.5039541435852756
1131.34393,0.5030428115896436
1131.462932,0.49376281928252147
1131.581934,0.4932150466231863
1131.700936,0.4817644390769115
1131.819938,0.482917233126455
1131.93894,0.47654172220706076
1132.057942,0.4767514467008369
1132.176944,0.4659206212646048
1132.295946,0.4683403517741796
1132.414948,0.4610586595210321
1132.53395,0.4592686252094788
1132.652952,0.4534274500789264
1132.771954,0.44983699282883766
1132.890956,0.44085026338551486
1133.009958,0.4424313357593465
1133.12896,0.43196962746657525
1133.247962,0.42802657252019327
1133.366964,0.42187762295493914
1133.485966,0.4192365331846846
1133.604968,0.40712297064397696
1133.72397,0.4063989363379323
1133.842972,0.39680908824121536
1133.961974,0.3952961690395688
1134.080976,0.3869924868364922
1134.199978,0.3796406999504474
1134.31898,0.36808183051605453
1134.437982,0.3636730606437217
1134.556984,0.35402066211329536
1134.675986,0.34962294681923584
1134.794988,0.3388492367073548
1134.91399,0.3352764042637663
1135.032992,0.32335645124915574
1135.151994,0.3192757913559355
1135.270996,0.30999472431080527
1135.389998,0.3047693554763081
1135.509,0.2962652829045335
1135.628002,0.29431637052277015
1135.747004,0.2807193115932029
1135.866006,0.28097207269907304
1135.985008,0.2690118091925064
1136.10401,0.26710858977128576
1136.223012,0.2539799378311006
1136.342014,0.2506243686566969
1136.461016,0.2406046858368682
1136.580018,0.23643073244909113
1136.69902,0.2267062845440518
1136.818022,0.22362158687194347
1136.937024,0.21188745879583787
1137.056026,0.21040942573527574
1137.175028,0.19906975261910853
1137.29403,0.1981165074252322
1137.413032,0.18575995560941286
1137.532034,0.17677102994179963
1137.651036,0.1712381502250622
1137.770038,0.16873936051789504
1137.88904,0.1600930612529801
1138.008042,0.1554548411734905
1138.127044,0.1464311392905963
1138.246046,0.14461214246442028
1138.365048,0.13563334861142584
1138.48405,0.13194105620865476
1138.603052,0.12451862199567994
1138.722054,0.12129860057387025
1138.841056,0.11407490328368211
1138.960058,0.11165963588849104
1139.07906,0.10499946752793457
1139.198062,0.10202881557069586
1139.317064,0.0948555567224777
1139.436066,0.09355554078089193
1139.555068,0.08702150560605396
1139.67407,0.08524720067623924
1139.793072,0.07852014993988396
1139.912074,0.07583464748021237
1140.031076,0.07061589628382928
1140.150078,0.06798283718507322
1140.26908,0.06274351832066416
1140.388082,0.06082830838073201
1140.507084,0.05620778548025406
1140.626086,0.056202164982735586
1140.745088,0.05172055470403362
1140.86409,0.05001161502657909
1140.983092,0.04545192977336782
1141.102094,0.04372216925107248
1141.221096,0.04009915569014014
1141.340098,0.038789720617204954
1141.4591,0.035828916075242495
1141.578102,0.03394546543084315
1141.697104,0.031073497298599553
1141.816106,0.03020946479180024
1141.935108,0.027187444813053317
1142.05411,0.02564004222731145
1142.173112,0.023400450609211056
1142.292114,0.02211055903880098
1142.411116,0.0197915539592932
1142.530118,0.018640847574937607
1142.64912,0.017033044968945622
1142.768122,0.015884682482048943
1142.887124,0.014545116171887602
1143.006126,0.013665238587545585
1143.125128,0.012288394482795898
1143.24413,0.011502395050917096
1143.363132,0.010489295689105723
1143.482134,0.009900203168316458
1143.601136,0.00908891263554766
1143.720138,0.008602520820592619
1143.83914,0.007971361282095482
1143.958142,0.0072707196742836456
1144.077144,0.006680249111421162
1144.196146,0.00618517487182866
1144.315148,0.00580346573133668
1144.43415,0.005775675844910252
1144.553152,0.0055082957771626995
1144.672154,0.005182850937895122
1144.791156,0.004872247253328987
1144.910158,0.004572935220741162
1145.02916,0.0042548320029677225
1145.148162,0.003900307042887437
1145.267164,0.0036279047543839663
1145.386166,0.0033546762868317667
1145.505168,0.003111034411168619
1145.62417,0.002797301714012055
1145.743172,0.002543790468264157
1145.862174,0.002296428934066288
1145.981176,0.002151693655947549
1146.100178,0.001968467416831844
1146.21918,0.0018846747865421609
1146.338182,0.0016868371708893143
1146.457184,0.0015582373506068505
1146.576186,0.0014346992982309126
1146.695188,0.0014092466614943537
1146.81419,0.0013001183242535707
1146.933192,0.0012289440183564724
1147.052194,0.00112126249594259
1147.171196,0.0011200297853121981
1147.290198,0.0010092982415177828
1147.4092,0.000973901878652108
1147.528202,0.0008407636264348038
1147.647204,0.000821236029149714
1147.766206,0.0006884278763771547
1147.885208,0.0006827375724316476
1148.00421,0.0005541362294009707
1148.123212,0.0005315039119512738
1148.242214,0.0004577442206725031
1148.361216,0.0004596248245808603
1148.480218,0.0003704841107917441
1148.59922,0.0003791419063020796
1148.718222,0.00029833307329344257
1148.837224,0.0003021762806864658
1148.956226,0.00023965743702014024
1149.075228,0.0002562389885364588
1149.19423,0.00020047921147692597
1149.313232,0.00020489764422075164
1149.432234,0.00015904871802544524
1149.551236,0.00016504374466826038
1149.670238,0.0001303353257082231
1149.78924,0.00013637528827128512
1149.908242,0.00010674155703397797
1150.027244,0.00011343279624201002
1150.146246,9.154316026605794e-05
1150.265248,0.00010075688721699384
1150.38425,7.728582466317172e-05
1150.503252,8.495405304813037e-05
1150.622254,6.68071798775983e-05
1150.741256,7.444871938422445e-05
1150.860258,5.712321251530477e-05
1150.97926,6.65671064215391e-05
1151.098262,5.171824175990181e-05
1151.217264,5.985413733172038e-05
1151.336266,4.742789501199902e-05
1151.455268,5.496026985702044e-05
1151.57427,4.414636355463394e-05
1151.693272,5.294271912992026e-05
1151.812274,4.0548977236584106e-05
1151.931276,4.9412852279841144e-05
1152.050278,3.927195135021125e-05
1152.16928,4.785667267233323e-05
1152.288282,3.8302323416555486e-05
1152.407284,4.873076512104133e-05
1152.526286,4.034673836890116e-05
1152.645288,4.892118618472894e-05
1152.76429,4.006529739295107e-05
1152.883292,5.131640866055381e-05
1153.002294,4.0874670088859145e-05
1153.121296,5.4982258362371085e-05
1153.240298,4.271330900474429e-05
1153.3593,5.787644952981418e-05
1153.478302,4.5586451582957064e-05
1153.597304,5.9424735245457886e-05
1153.716306,4.771808936450359e-05
1153.835308,6.402736422303304e-05
1153.95431,5.1040046902093414e-05
1154.073312,6.974254672232613e-05
1154.192314,5.835882314217953e-05
1154.311316,8.068966966419663e-05
1154.430318,6.226569038514409e-05
1154.54932,8.805050391353423e-05
1154.668322,6.965890586081322e-05
1154.787324,9.358878500333092e-05
1154.906326,7.557386769083581e-05
1155.025328,0.00010259719138679508
1155.14433,8.407510932598339e-05
1155.263332,0.00011452699483575107
1155.382334,9.730112564805737e-05
1155.501336,0.0001254378677089944
1155.620338,0.00011145384488317577
1155.73934,0.00013753941876717127
1155.858342,0.0001262811231739766
1155.977344,0.0001585881448969926
1156.096346,0.0001365390368467062
1156.215348,0.000168512605648455
1156.33435,0.00015377808519875894
1156.453352,0.0001993596655470039
1156.572354,0.00018447437371209866
1156.691356,0.00022649221148774102
1156.810358,0.00020691551253922868
1156.92936,0.00027446137974758834
1157.048362,0.00023658571131044605
1157.167364,0.0002874964631182309
1157.286366,0.0002657910723758403
1157.405368,0.00032269595301445854
1157.52437,0.00030451201910016145
1157.643372,0.00039770501333862376
1157.762374,0.0003822254271434019
1157.881376,0.00045423312523846577
1158.000378,0.0004463531960287115
1158.11938,0.0005511519585452905
1158.238382,0.0004807322959838968
1158.357384,0.0005405086053068505
1158.476386,0.0004598546944558308
1158.595388,0.0006426566228046622
1158.71439,0.0006639524649374995
1158.833392,0.0008233740210105205
1158.952394,0.0007811057609055848
1159.071396,0.0009534724756401194
1159.190398,0.0008949882215995337
1159.3094,0.0010402439770752342
1159.428402,0.0010057718724182294
1159.547404,0.0010453536811141353
1159.666406,0.0008776172441346702
1159.785408,0.0009772187805775169
1159.90441,0.001113218399469573
1160.023412,0.0014620729814324685
1160.142414,0.0013488539135801368
1160.261416,0.0015876505453136982
1160.380418,0.00164042487594644
1160.49942,0.0021431040719445396
1160.618422,0.0024127212961111183
1160.737424,0.0027852991406684523
1160.856426,0.0027855776845094786
1160.975428,0.0029839719405075457
1161.09443,0.002562684338831459
1161.213432,0.002199995420964073
1161.332434,0.0019292962111582305
1161.451436,0.0025300910215313487
1161.570438,0.003309030608532733
1161.68944,0.0035710343187955553
1161.808442,0.003646818993508421
1161.927444,0.004303184280461664
1162.046446,0.0050116002685860655
1162.165448,0.006002375328582594
1162.28445,0.006450484723938075
1162.403452,0.006997516350200322
1162.522454,0.007443605033343192
1162.641456,0.007986521265955502
1162.760458,0.008213304003448578
1162.87946,0.008942858483672314
1162.998462,0.008908049257697328
1163.117464,0.009711932450021341
1163.236466,0.010479859569876123
1163.355468,0.010974290160185859
1163.47447,0.011869300525789939
1163.593472,0.012507835388130066
1163.712474,0.013207109445812128
1163.831476,0.014475466906226673
1163.950478,0.014843399361326781
1164.06948,0.016123136320549902
1164.188482,0.01677777810500203
1164.307484,0.01775301355011515
1164.426486,0.0193144839654096
1164.545488,0.01964170828402508
1164.66449,0.02085628369256057
1164.783492,0.02236853489083011
1164.902494,0.023574256231389014
1165.021496,0.02548921136674392
1165.140498,0.02623135048902573
1165.2595,0.02765081709760436
1165.378502,0.029813320163101197
1165.497504,0.030650693206626403
1165.616506,0.033097418188127226
1165.735508,0.03369856581324132
1165.85451,0.03594375224656387
1165.973512,0.03805206216324115
1166.092514,0.03919131942294992
1166.211516,0.04165641086021701
1166.330518,0.043330435175355
1166.44952,0.04451629397889029
1166.568522,0.04826734663771017
1166.687524,0.048455956840429186
1166.806526,0.05249696083065988
1166.925528,0.053643230328568034
1167.04453,0.05668191945306954
1167.163532,0.05832059435857937
1167.282534,0.06155648933401297
1167.401536,0.06310217758291994
1167.520538,0.06682353099930843
1167.63954,0.06937699157085127
1167.758542,0.07312390119033295
1167.877544,0.07397707729864236
1167.996546,0.07813634230182658
1168.115548,0.08038722567982494
1168.23455,0.0840368404079645
1168.353552,0.08652689400631891
1168.472554,0.09162052136725025
1168.591556,0.09230102799451305
1168.710558,0.09837190834314173
1168.82956,0.09882546149400204
1168.948562,0.10408993436656665
1169.067564,0.1065650161306318
1169.186566,0.11159266020167327
1169.305568,0.11397228205720564
1169.42457,0.11956441681526032
1169.543572,0.12134712971928181
1169.662574,0.12849053949039282
1169.781576,0.12886370288030502
1169.900578,0.13534881744163532
1170.01958,0.13724330217025332
1170.138582,0.14224561961748802
1170.257584,0.14646042844727247
1170.376586,0.15049882532096193
1170.495588,0.15378496246503195
1170.61459,0.16257757605817583
1170.733592,0.16241507974381617
1170.852594,0.17171828892618335
1170.971596,0.1714266158273874
1171.090598,0.17908405542164496
1171.2096,0.17774594917676806
1171.328602,0.18689655444066422
1171.447604,0.18941782304333743
1171.566606,0.19785912330150807
1171.685608,0.19851313693738498
1171.80461,0.20669727411922956
1171.923612,0.20698685296088778
1172.042614,0.21655732196545308
1172.161616,0.21519729940640336
1172.280618,0.22718286797905665
1172.39962,0.2253275855154835
1172.518622,0.23447647874168137
1172.637624,0.23461720684313495
1172.756626,0.24433867592664815
1172.875628,0.24575995798065423
1172.99463,0.2559175389164303
1173.113632,0.2539799378311006
1173.232634,0.26313186095423013
1173.351636,0.26231741522838226
1173.470638,0.2737609496308074
1173.58964,0.27425416309909667
1173.708642,0.28325718871393757
1173.827644,0.2833421786184
1173.946646,0.29103841797265484
1174.065648,0.2937870775624026
1174.18465,0.3037652742484658
1174.303652,0.301525707834637
1174.422654,0.3123596595864038
1174.541656,0.309839765691533
1174.660658,0.320171016301776
1174.77966,0.3192119425827545
1174.898662,0.3267042341819875
1175.017664,0.32952600682682137
1175.136666,0.3389848035135914
1175.255668,0.34112714907845315
1175.37467,0.3486453718118346
1175.493672,0.34826207275597165
1175.612674,0.3566144688225582
1175.731676,0.35640056431903283
1175.850678,0.3606310014701304
1175.96968,0.3674749962716301
1176.088682,0.37391005692320184
1176.207684,0.3723913356856976
1176.326686,0.37781145654868703
1176.445688,0.3823457404504559
1176.56469,0.3871202154312072
1176.683692,0.3913589928298118
1176.802694,0.3965076279035907
1176.921696,0.3974405165439935
1177.040698,0.40688690778584996
1177.1597,0.4062242223615039
1177.278702,0.40853814125312476
1177.397704,0.4132014634481768
1177.516706,0.4196895532273135
1177.635708,0.41503185610444887
1177.75471,0.4253044557734411
1177.873712,0.42294209523654175
1177.992714,0.4299140388200305
1178.111716,0.4318530114110352
1178.230718,0.4392353081743413
1178.34972,0.4380903987767065
1178.468722,0.44769190285248056
1178.587724,0.4437339978614617
1178.706726,0.4515812349225922
1178.825728,0.4480815642861079
1178.94473,0.454217100638822
1179.063732,0.4560695313778658
1179.182734,0.4582914241263914
1179.301736,0.46211569369353006
1179.420738,0.4682279635768769
1179.53974,0.46517109259685074
1179.658742,0.4702409763657474
1179.777744,0.4716255191168208
1179.896746,0.47256971403524123
1180.015748,0.4740369531944334
1180.13475,0.4761892117775726
1180.253752,0.47869577912141326
1180.372754,0.48290757487837527
1180.491756,0.4855660282417726
1180.610758,0.49294878239582146
1180.72976,0.4896668583596331
1180.848762,0.49501362081205325
1180.967764,0.49857562299121655
1181.086766,0.5050994188868908
1181.205768,0.5043826867123502
1181.32477,0.5031233048787893
1181.443772,0.5038886338048375
1181.562774,0.5118672320357944
1181.681776,0.5107117183137245
1181.800778,0.5159527951256336
1181.91978,0.5121027451263888
1182.038782,0.513143369575452
1182.157784,0.5181347165371991
1182.276786,0.5181088104490298
1182.395788,0.515942476172921
1182.51479,0.5228921763179024
1182.633792,0.5236142656482635
1182.752794,0.5266495195372062
1182.871796,0.5280628332440178
1182.990798,0.5323308949516077
1183.1098,0.5302111264311921
1183.228802,0.5300997937849786
1183.347804,0.5273557029305911
1183.466806,0.5290935604012102
1183.585808,0.5330660187053669
1183.70481,0.5350634184245646
1183.823812,0.5367032201019731
1183.942814,0.5376486495031789
1184.061816,0.5461181143413254
1184.180818,0.5462218866411065
1184.29982,0.5475508198255288
1184.418822,0.5481424941575689
1184.537824,0.548855542781158
1184.656826,0.549882862891092
1184.775828,0.5509121058869695
1184.89483,0.5543383713910679
1185.013832,0.5538673839733954
1185.132834,0.5499158568526743
1185.251836,0.5591541967205137
1185.370838,0.5563487128181271
1185.48984,0.5571114328986474
1185.608842,0.5593163749522697
1185.727844,0.5605426200617105
1185.846846,0.5610473355076485
1185.965848,0.5630257020109523
1186.08485,0.5616592105146498
1186.203852,0.5648020292188388
1186.322854,0.5645309892995983
1186.441856,0.5676217586230328
1186.560858,0.5708436070066154
1186.67986,0.5715290305068726
1186.798862,0.5699309875256817
1186.917864,0.5716719306262701
1187.036866,0.5731086294749183
1187.155868,0.5741698617766536
1187.27487,0.5705411400557242
1187.393872,0.574813292275663
1187.512874,0.5745949047208616
1187.631876,0.5796446706445678
1187.750878,0.5788279475840273
1187.86988,0.5813687743430291
1187.988882,0.5789784624164794
1188.107884,0.583278794643771
1188.226886,0.5847797490462749
1188.345888,0.5816246328884922
1188.46489,0.5850312584090025
1188.583892,0.5782147150302607
1188.702894,0.5826666733293238
1188.821896,0.5828589850612129
1188.940898,0.5823870604385879
1189.0599,0.5978113757235234
1189.178902,0.5957346078080522
1189.297904,0.5928522902302501
1189.416906,0.5904915224559119
1189.535908,0.592490760610954
1189.65491,0.5922064332898768
1189.773912,0.5989003831234718
1189.892914,0.5952046398778142
1190.011916,0.5960146688829191
1190.130918,0.5961577295700469
1190.24992,0.5995175683138978
1190.368922,0.5951808321683766
1190.487924,0.6031677069168139
1190.606926,0.6002134122045713
1190.725928,0.6021973882248218
1190.84493,0.601324834766032
1190.963932,0.6062638449259176
1191.082934,0.6019505379034235
1191.201936,0.6058517256478028
1191.320938,0.6068218643128084
1191.43994,0.6093332209943053
1191.558942,0.6066823113332243
1191.677944,0.6154140411845499
1191.796946,0.6146575472530357
1191.915948,0.6163501818137903
1192.03495,0.6145715012197832
1192.153952,0.6197184605269815
1192.272954,0.6149157576432682
1192.391956,0.617047051176277
1192.510958,0.6168557962364597
1192.62996,0.622326751638342
1192.748962,0.6182638320026913
1192.867964,0.6237597504840691
1192.986966,0.6227874438696569
1193.105968,0.623379373063182
1193.22497,0.6227749882453362
1193.343972,0.6255087252073738
1193.462974,0.6244025540140564
1193.581976,0.6269177043462085
1193.700978,0.6266920545920366
1193.81998,0.6322755392632273
1193.938982,0.6238034151948499
1194.057984,0.6326803251260152
1194.176986,0.6297262990172066
1194.295988,0.6331676765825938
1194.41499,0.6336554034443064
1194.533992,0.6380874092038306
1194.652994,0.6371055108494454
1194.771996,0.6411447682867216
1194.890998,0.6376855407378907
1195.01,0.6416578893223989
1195.129002,0.6396590365395233
1195.248004,0.6433734050812828
1195.367006,0.6426339509330685
1195.486008,0.6459262149930188
1195.60501,0.642428340968119
1195.724012,0.6468570187604784
1195.843014,0.6423062911784322
1195.962016,0.6462298716677943
1196.081018,0.6478474674992554
1196.20002,0.6487486016222047
1196.319022,0.6496314999551932
1196.438024,0.6551310414987628
1196.557026,0.6552948447336887
1196.676028,0.6560554278064753
1196.79503,0.6544435149198095
1196.914032,0.6560095055338271
1197.033034,0.6594889909428227
1197.152036,0.6612389544463703
1197.271038,0.654535143425744
1197.39004,0.662046158265004
1197.509042,0.6578291709372305
1197.628044,0.6606242880828962
1197.747046,0.6599837932136875
1197.866048,0.664766119624466
1197.98505,0.6605582289570993
1198.104052,0.6686262798368795
1198.223054,0.6590406908682813
1198.342056,0.6658772065435904
1198.461058,0.6665434167997446
1198.58006,0.6713195673627013
1198.699062,0.6680715502692315
1198.818064,0.6678377661412462
1198.937066,0.6645401375629211
1199.056068,0.6655510066378877
1199.17507,0.6702731252746627
1199.294072,0.67359920249446
1199.413074,0.6719710632674742
1199.532076,0.674758790082199
1199.651078,0.672441607683093
1199.77008,0.6714807033944187
1199.889082,0.6714538447034604
1200.008084,0.6756838431412711
1200.127086,0.6781206886667328
1200.246088,0.67849375763006
1200.36509,0.6737271985021697
1200.484092,0.682829557728376
1200.603094,0.6790843040496419
1200.722096,0.6817992631643665
1200.841098,0.6761434644081271
1200.9601,0.6877430394395168
1201.079102,0.681172296291239
1201.198104,0.6778156030062548
1201.317106,0.6809543560287276
1201.436108,0.685566345886556
1201.55511,0.6832257137459979
1201.674112,0.6880938778458201
1201.793114,0.6837178133945099
1201.912116,0.6901474559134053
1202.031118,0.685566345886556
1202.15012,0.6886032557620104
1202.269122,0.690658354039774
1202.388124,0.6838408936778141
1202.507126,0.6890372124951583
1202.626128,0.687096864732136
1202.74513,0.6915637093618288
1202.864132,0.6885481697050211
1202.983134,0.6856280496343128
1203.102136,0.6883622867945228
1203.221138,0.6901267518002911
1203.34014,0.6926156854993828
1203.459142,0.690244083320994
1203.578144,0.6914392390968035
1203.697146,0.6924287045078678
1203.816148,0.6921863968676005
1203.93515,0.69683961660583
1204.054152,0.6933849157540978
1204.173154,0.6912664008927051
1204.292156,0.6908863089070916
1204.411158,0.6894162871980181
1204.53016,0.6913424443791183
1204.649162,0.6909692202387409
1204.768164,0.6924910258956938
1204.887166,0.6957742671925473
1205.006168,0.6900784446184363
1205.12517,0.6944535511624255
1205.244172,0.691487641537606
1205.363174,0.6905616686383445
1205.482176,0.6906169157816918
1205.601178,0.6896645217409462
1205.72018,0.6915291320408009
1205.839182,0.69166053505878
1205.958184,0.6906169157816918
1206.077186,0.6915637093618288
1206.196188,0.6944327178683916
1206.31519,0.6902509857963395
1206.434192,0.6910797841588567
1206.553194,0.6902716936365294
1206.672196,0.6952595846908372
1206.791198,0.6956003453668832
1206.9102,0.6938218858821604
1207.029202,0.693045240372643
1207.148204,0.6887547651436989
1207.267206,0.6930868243345718
1207.386208,0.6899059465704361
1207.50521,0.6920410529859001
1207.624212,0.6887203282663709
1207.743214,0.6860807135097186
1207.862216,0.6873098977786192
1207.981218,0.6907343306373547
1208.10022,0.6881764540656357
1208.219222,0.6898576548444063
1208.338224,0.6874886215851297
1208.457226,0.6934265200971608
1208.576228,0.6847373122745175
1208.69523,0.6851140213817768
1208.814232,0.6874404990659265
1208.933234,0.6860189690240462
1209.052236,0.6792473038418065
1209.171238,0.687770549711296
1209.29024,0.6824131587127733
1209.409242,0.6820720374208465
1209.528244,0.6837656753165953
1209.647246,0.681172296291239
1209.766248,0.6775716333063534
1209.88525,0.6876811453512429
1210.004252,0.6836357721794739
1210.123254,0.682829557728376
1210.242256,0.6837861885945523
1210.361258,0.6837725130075367
1210.48026,0.6800152871239824
1210.599262,0.6819424560443572
1210.718264,0.6752785544341571
1210.837266,0.6807501003618008
1210.956268,0.6798928953878868
1211.07527,0.6812472293650745
1211.194272,0.6700720734963548
1211.313274,0.6828841862781071
1211.432276,0.6785683960484371
1211.551278,0.6753325788794609
1211.67028,0.6775851848745347
1211.789282,0.6757649300675663
1211.908284,0.680321362865065
1212.027286,0.6771448976132279
1212.146288,0.6730605386267403
1212.26529,0.6691881618693575
1212.384292,0.6720718664870168
1212.503294,0.672939398632714
1212.622296,0.6652316188139115
1212.741298,0.6702731252746627
1212.8603,0.6661702569808379
1212.979302,0.6688335861144418
1213.098304,0.6662168905309818
1213.217306,0.6665967424060844
1213.336308,0.6629670422911205
1213.45531,0.6640020779950385
1213.574312,0.6653314110409635
1213.693314,0.669348786302367
1213.812316,0.6635241685669219
1213.931318,0.6617880106053463
1214.05032,0.6671302331678611
1214.169322,0.6603931100405845
1214.288324,0.6581713310600398
1214.407326,0.6550000283922104
1214.526328,0.6565476539390567
1214.64533,0.6606705334016293
1214.764332,0.658223986872729
1214.883334,0.6550655316701589
1215.002336,0.6496509891925291
1215.121338,0.6569876882622332
1215.24034,0.6506587290223876
1215.359342,0.6515637735159321
1215.478344,0.6489108090476936
1215.597346,0.6471740563675414
1215.716348,0.648346502152915
1215.83535,0.6461006386171966
1215.954352,0.6424861621207189
1216.073354,0.651394388955765
1216.192356,0.6443456327701292
1216.311358,0.6471999438475423
1216.43036,0.6399213505151949
1216.549362,0.6469799332705516
1216.668364,0.6423512541925018
1216.787366,0.6431868538450459
1216.906368,0.6391347311241597
1217.02537,0.642813913632932
1217.144372,0.6376982945762435
1217.263374,0.6410037319522641
1217.382376,0.6378003344663492
1217.501378,0.6392433932644711
1217.62038,0.6350573304446577
1217.739382,0.6369462543796212
1217.858384,0.6317888744879784
1217.977386,0.6368061416166267
1218.096388,0.6327435963220348
1218.21539,0.637405020818874
1218.334392,0.6299845397355333
1218.453394,0.6346573703271433
1218.572396,0.6300727437452329
1218.691398,0.6335096794604147
1218.8104,0.6284303980774727
1218.929402,0.6316877963545267
1219.048404,0.6282356148470294
1219.167406,0.6282042038515684
1219.286408,0.6286818205178395
1219.40541,0.6269051661175042
1219.524412,0.6226317664691754
1219.643414,0.6295688871197592
1219.762416,0.61896905467172
1219.881418,0.623167460103585
1220.00042,0.624358847365026
1220.119422,0.6250272688734406
1220.238424,0.6176952908462818
1220.357426,0.6220281064781279
1220.476428,0.6177817742406967
1220.59543,0.6281288238699956
1220.714432,0.6190928608628609
1220.833434,0.6204005259007419
1220.952436,0.6127795699291324
1221.071438,0.6113045492794084
1221.19044,0.6124610073862088
1221.309442,0.618072199919278
1221.428444,0.6175161851835128
1221.547446,0.6111211854205786
1221.666448,0.61291439626487
1221.78545,0.6077327801253403
1221.904452,0.6147190160811512
1222.023454,0.613693292042255
1222.142456,0.6102357018324642
1222.261458,0.6114635091261056
1222.38046,0.6090347208545248
1222.499462,0.6133742544873463
1222.618464,0.6106324839788829
1222.737466,0.6111395193311485
1222.856468,0.6082252430978203
1222.97547,0.606100175784116
1223.094472,0.6075687144245727
1223.213474,0.6060638108645274
1223.332476,0.6015293199703674
1223.451478,0.6033728188042106
1223.57048,0.6011564873820312
1223.689482,0.5986668575145074
1223.808484,0.6070585709946931
1223.927486,0.6001173857409404
1224.046488,0.6032280267034447
1224.16549,0.6017398920803266
1224.284492,0.5997274361875432
1224.403494,0.5938966290096025
1224.522496,0.5965334272720259
1224.641498,0.5965095664121554
1224.7605,0.5940867063416367
1224.879502,0.596121961179335
1224.998504,0.5969630859982419
1225.117506,0.591448893983851
1225.236508,0.5977575751207718
1225.35551,0.5967183813008735
1225.474512,0.5936769279040799
1225.593514,0.5964916713935896
1225.712516,0.595818016491617
1225.831518,0.5968914547258843
1225.95052,0.5958358913002325
1226.069522,0.5927396589954125
1226.188524,0.5941936515735603
1226.307526,0.5879519806379753
1226.426528,0.5943303318310493
1226.54553,0.5910763985290297
1226.664532,0.5922301220209799
1226.783534,0.5894119111154866
1226.902536,0.5906864168141228
1227.021538,0.5875523091948328
1227.14054,0.5906332574288178
1227.259542,0.5909522855176609
1227.378544,0.5896654127362086
1227.497546,0.5901255311810084
1227.616548,0.591206449641804
1227.73555,0.5836405396258065
1227.854552,0.5871940115781072
1227.973554,0.5870178797957222
1228.092556,0.5892527913816161
1228.211558,0.5858860278761551
1228.33056,0.5875993152597859
1228.449562,0.5841952615896642
1228.568564,0.5853062877272817
1228.687566,0.5821716170857039
1228.806568,0.5821716170857039
1228.92557,0.586448748525611
1229.044572,0.5847095796866352
1229.163574,0.5805612331178647
1229.282576,0.5799345654475514
1229.401578,0.5747155823215576
1229.52058,0.5869063569935628
1229.639582,0.576961349492085
1229.758584,0.5780701794192074
1229.877586,0.5772268127647231
1229.996588,0.5820202721409569
1230.11559,0.5741239300250061
1230.234592,0.5767652159778446
1230.353594,0.5787642800115738
1230.472596,0.576355858013774
1230.591598,0.5771113789459368
1230.7106,0.5770248187312733
1230.829602,0.5739402397594081
1230.948604,0.5766152765146653
1231.067606,0.5721637799515041
1231.186608,0.575952550087407
1231.30561,0.5703129692369079
1231.424612,0.5752042982413721
1231.543614,0.5691108775245606
1231.662616,0.5743823439322858
1231.781618,0.5706780863622369
1231.90062,0.571883488376372
1232.019622,0.5637637489958148
1232.138624,0.5705183188665487
1232.257626,0.5670374092032636
1232.376628,0.5670771032111819
1232.49563,0.5614907380236327
1232.614632,0.5650731992684693
1232.733634,0.5660176599163882
1232.852636,0.5587964525249662
1232.971638,0.5562541415757315
1233.09064,0.5614233631776414
1233.209642,0.5559649646146381
1233.328644,0.5626148432301847
1233.447646,0.5587070522447753
1233.566648,0.5609463560756786
1233.68565,0.5515680815210666
1233.804652,0.5548153074435717
1233.923654,0.553192077785483
1234.042656,0.5515901446855879
1234.161658,0.5515901446855879
1234.28066,0.5495475366296361
1234.399662,0.5441556237322823
1234.518664,0.5495805104710392
1234.637666,0.5486744503339375
1234.756668,0.5471731400743477
1234.87567,0.5412142784977465
1234.994672,0.5434378121688137
1235.113674,0.5398413386021678
1235.232676,0.5407003690787979
1235.351678,0.5371112695884147
1235.47068,0.5343896630723594
1235.589682,0.5307575252384958
1235.708684,0.5331353217924016
1235.827686,0.5287867751125115
1235.946688,0.5285753026997686
1236.06569,0.5297023679929412
1236.184692,0.5296917740515211
1236.303694,0.5236666296929869
1236.422696,0.5268075380946659
1236.541698,0.517963760290074
1236.6607,0.523012455350014
1236.779702,0.5189799648153564
1236.898704,0.5186219921544044
1237.017706,0.5132870698360309
1237.136708,0.5090138767668481
1237.25571,0.5105278951852801
1237.374712,0.506176427255843
1237.493714,0.5022285419713399
1237.612716,0.5077937082505081
1237.731718,0.4969529129148156
1237.85072,0.49838620024708064
1237.969722,0.4921016392420619
1238.088724,0.49202782953204227
1238.207726,0.4838453248970478
1238.326728,0.48586231387693146
1238.44573,0.48189453303735663
1238.564732,0.4851680273013012
1238.683734,0.4792801443622575
1238.802736,0.4796157579143501
1238.921738,0.4722815344134004
1239.04074,0.4739374158860457
1239.159742,0.4697427850188609
1239.278744,0.466811380055067
1239.397746,0.4643438245390262
1239.516748,0.459866062672463
1239.63575,0.45659887899652546
1239.754752,0.4513645279436651
1239.873754,0.44672593196644556
1239.992756,0.4467974138339571
1240.111758,0.44098694815220857
1240.23076,0.43782324512360093
1240.349762,0.43351017989665336
1240.468764,0.43627172817541093
1240.587766,0.42973781019345136
1240.706768,0.4275688290240397
1240.82577,0.42208439364486894
1240.944772,0.42299708128293806
1241.063774,0.4172999546748086
1241.182776,0.41383414556565196
1241.301778,0.4086525479488656
1241.42078,0.40797474744933065
1241.539782,0.40400420203433146
1241.658784,0.40040049310934867
1241.777786,0.39599250289112087
1241.896788,0.394108116486841
1242.01579,0.3877750017338671
1242.134792,0.3871240866527176
1242.253794,0.3822004766709508
1242.372796,0.37697741518488315
1242.491798,0.3714838084600942
1242.6108,0.3708565310225286
1242.729802,0.3664841520233697
1242.848804,0.36663077500682073
1242.967806,0.3597665248534908
1243.086808,0.35732841146486477
1243.20581,0.3498327835320461
1243.324812,0.3492385730220808
1243.443814,0.34510726404430936
1243.562816,0.34366085312447836
1243.681818,0.34047962283992816
1243.80082,0.3348073457153938
1243.919822,0.32893339352650897
1244.038824,0.3280792775352806
1244.157826,0.325855906477022
1244.276828,0.3223555983737564
1244.39583,0.31790585293156354
1244.514832,0.3143966102917489
1244.633834,0.31058427418201723
1244.752836,0.3078631231940343
1244.871838,0.3052573767579843
1244.99084,0.30074275926846394
1245.109842,0.2980184147270063
1245.228844,0.2941104211540929
1245.347846,0.2894421005707087
1245.466848,0.2864761478129803
1245.58585,0.28382426998360805
1245.704852,0.27828764666249783
1245.823854,0.27881689581863917
1245.942856,0.2738978643314456
1246.061858,0.2713081552153397
1246.18086,0.2646889277641607
1246.299862,0.2645566163808809
1246.418864,0.2612702413115339
1246.537866,0.2570717628977599
1246.656868,0.25459022172963724
1246.77587,0.2524858680378322
1246.894872,0.24588286868475992
1247.013874,0.24593205017648212
1247.132876,0.24079724659957288
1247.251878,0.24079724659957288
1247.37088,0.23697514897272928
1247.489882,0.23579323048641057
1247.608884,0.23063936012526265
1247.727886,0.23001747377729012
1247.846888,0.22438319426619668
1247.96589,0.2228179964897698
1248.084892,0.21777344493464032
1248.203894,0.22057886139194904
1248.322896,0.21369617836378035
1248.441898,0.21301344355131643
1248.5609,0.2098630717962641
1248.679902,0.2082116850951212
1248.798904,0.20421130753103547
1248.917906,0.2049477931167973
1249.036908,0.19984764054981524
1249.15591,0.19895034659292712
1249.274912,0.19506937782040817
1249.393914,0.19514742117916753
1249.512916,0.19010095610802633
1249.631918,0.19208832244373253
1249.75092,0.18715839286100847
1249.869922,0.18715839286100847
1249.988924,0.18304925671158812
1250.107926,0.18288458649326114
1250.226928,0.1804502793175693
1250.34593,0.17937081926021417
1250.464932,0.1764531282852288
1250.583934,0.17677102994179963
1250.702936,0.17230312476606846
1250.821938,0.17337472266040746
1250.94094,0.16781384154529919
1251.059942,0.16887440601730672
1251.178944,0.16606101465431863
1251.297946,0.16631029308838596
1251.416948,0.163049735328782
1251.53595,0.16321286661616022
1251.654952,0.15927866511594221
1251.773954,0.16031734850317583
1251.892956,0.15609351440775757
1252.011958,0.15756771131366099
1252.13096,0.15396961518946634
1252.249962,0.15472591773188893
1252.368964,0.15070967123411227
1252.487966,0.15314042010910325
1252.606968,0.14744500797614576
1252.72597,0.15104159749583831
1252.844972,0.14527889066491884
1252.963974,0.1508604562853066
1253.082976,0.14432320721105654
1253.201978,0.14771064799479677
1253.32098,0.14451094938640457
1253.439982,0.14443871197256974
1253.558984,0.14138056244459513
1253.677986,0.14224561961748802
1253.796988,0.13997380234363527
1253.91599,0.14186207446348234
1254.034992,0.13834565210817362
1254.153994,0.14073170537276608
1254.272996,0.1368048255400834
1254.391998,0.13990383293627295
1254.511,0.13675011455279432
1254.630002,0.13845637291227667
1254.749004,0.13617696852086406
1254.868006,0.13585053567251976
1254.987008,0.13537588991228047
1255.10601,0.1360272562123568
1255.225012,0.13320046898148863
1255.344014,0.13651783685004212
1255.463016,0.13136179087960834
1255.582018,0.13494337945037577
1255.70102,0.13130925667079874
1255.820022,0.13340041961044177
1255.939024,0.13400207420623755
1256.058026,0.13468723044803044
1256.177028,0.13408249957595944
1256.29603,0.13556554888846337
1256.415032,0.13520001559846748
1256.534034,0.13816591961186792
1256.653036,0.13549778305688884
1256.772038,0.1386087587193085
1256.89104,0.136668089094161
1257.010042,0.14083025205384142
1257.129044,0.13694169879084278
1257.248046,0.14025403008265233
1257.367048,0.13679114574153073
1257.48605,0.13973604902722894
1257.605052,0.13675011455279432
1257.724054,0.1368048255400834
1257.843056,0.1334137603194272
1257.962058,0.13328041324375786
1258.08106,0.1312829974454746
1258.200062,0.13413614330382015
1258.319064,0.13190147982854597
1258.438066,0.13461990366590457
1258.557068,0.13522705830576776
1258.67607,0.1379036535962186
1258.795072,0.13829032491350698
1258.914074,0.1397639990319417
1259.033076,0.14119688712824038
1259.152078,0.14273007783646505
1259.27108,0.14146541623565356
1259.390082,0.14477130334356594
1259.509084,0.1411404196676341
1259.628086,0.14584658462217678
1259.747088,0.14391966745017679
1259.86609,0.144756826937064
1259.985092,0.14536608415474894
1260.104094,0.14514819848362373
1260.223096,0.1462994105520588
1260.342098,0.14690046946410884
1260.4611,0.14701803686036835
1260.580102,0.14882264262214037
1260.699104,0.1474302642125486
1260.818106,0.15019812846740582
1260.937108,0.1472681800845287
1261.05611,0.14947890496806926
1261.175112,0.1505590368926018
1261.294114,0.15140453267783788
1261.413116,0.15340098023664558
1261.532118,0.15475686601016
1261.65112,0.15416990584993437
1261.770122,0.1580885436617151
1261.889124,0.1565311887061699
1262.008126,0.16259383462869662
1262.127128,0.16137894240960493
1262.24613,0.1644415649751093
1262.365132,0.16701026523189982
1262.484134,0.16712721334462624
1262.603136,0.1706910639492302
1262.722138,0.17195886289316317
1262.84114,0.17314948195912616
1262.960142,0.17765709841672073
1263.079144,0.17755053612955374
1263.198146,0.182136294734975
1263.317148,0.18224560930290695
1263.43615,0.1858528588110825
1263.555152,0.187814594919752
1263.674154,0.18883153700478014
1263.793156,0.19368929034593027
1263.912158,0.19396064525653073
1264.03116,0.19683292628494622
1264.150162,0.20020769025032195
1264.269164,0.20205809983316886
1264.388166,0.20519387808999115
1264.507168,0.20773334851733358
1264.62617,0.20994703381626711
1264.745172,0.21414541186843086
1264.864174,0.21408117788045025
1264.983176,0.21965437295881005
1265.102178,0.22181756815753562
1265.22118,0.22397966779928988
1265.340182,0.22652499204308585
1265.459184,0.23284087468340467
1265.578186,0.23258489053834447
1265.697188,0.23706995799285827
1265.81619,0.2385443576483555
1265.935192,0.24433867592664815
1266.054194,0.24499928176821822
1266.173196,0.24952404392420885
1266.292198,0.2555850622724813
1266.4112,0.25645553044154434
1266.530202,0.25986318448104045
1266.649204,0.2631581754560287
1266.768206,0.2645566163808809
1266.887208,0.2706577963855908
1267.00621,0.27136242227290763
1267.125212,0.27834330975795435
1267.244214,0.28029854827719325
1267.363216,0.28556088933456464
1267.482218,0.28676276724662514
1267.60122,0.2893842179390506
1267.720222,0.29546644555640483
1267.839224,0.2982867520339359
1267.958226,0.3000518457772391
1268.077228,0.3063276494612982
1268.19623,0.307740002570523
1268.315232,0.3124846284423433
1268.434234,0.3150890442324439
1268.553236,0.32023505690888365
1268.672238,0.3225813262881709
1268.79124,0.32955896107518906
1268.910242,0.33074751144208603
1269.029244,0.3337043024968552
1269.148246,0.33695698423380344
1269.267248,0.34318006456062766
1269.38625,0.34259715406518
1269.505252,0.34680243942604977
1269.624254,0.3487499811139889
1269.743256,0.35462300908875194
1269.862258,0.35476488666601114
1269.98126,0.3586888426105563
1270.100262,0.35926320412541457
1270.219264,0.36429183065230286
1270.338266,0.36480219638787126
1270.457268,0.3694240898090132
1270.57627,0.3687966023717794
1270.695272,0.37389883978975197
1270.814274,0.37389883978975197
1270.933276,0.379693853369093
1271.052278,0.376841727740622
1271.17128,0.38264026004609536
1271.290282,0.3831878270350484
1271.409284,0.38527419630204535
1271.528286,0.3842007794072295
1271.647288,0.38750365421536487
1271.76629,0.38691122694684354
1271.885292,0.3908818259895166
1272.004294,0.38499304877007934
1272.123296,0.3914020446868318
1272.242298,0.3900150308344348
1272.3613,0.3899253376924496
1272.480302,0.38753853111368114
1272.599304,0.3904872346474385
1272.718306,0.385783094039779
1272.837308,0.3870040967852456
1272.95631,0.3847505795351828
1273.075312,0.3866714163351081
1273.194314,0.3825293104591497
1273.313316,0.3816466875739018
1273.432318,0.3786132664547662
1273.55132,0.3800699364143192
1273.670322,0.37212331042467656
1273.789324,0.36882610728014975
1273.908326,0.3621850535939837
1274.027328,0.36291014855443376
1274.14633,0.35504881213038697
1274.265332,0.3546939407835027
1274.384334,0.34780962621535977
1274.503336,0.34366085312447836
1274.622338,0.3358804452652514
1274.74134,0.33383781091775794
1274.860342,0.32553021344420247
1274.979344,0.3222589061987957
1275.098346,0.3148685590802876
1275.217348,0.3105221635384522
1275.33635,0.3022200151099495
1275.455352,0.2983762514837923
1275.574354,0.2881425373284478
1275.693356,0.2862470585426562
1275.812358,0.2760702269940971
1275.93136,0.2737883270946208
1276.050362,0.2654576397483149
1276.169364,0.2623961222584149
1276.288366,0.24994859556552895
1276.407368,0.24919987342358682
1276.52637,0.24012395735392023
1276.645372,0.23759208603069254
1276.764374,0.22868723385426243
1276.883376,0.2263212112653523
1277.002378,0.21801312752532528
1277.12138,0.21418824523399832
1277.240382,0.20669727411922956
1277.359384,0.203253766370041
1277.478386,0.19677388526365674
1277.597388,0.1932056718950137
1277.71639,0.18787094775072993
1277.835392,0.18512944423706632
1277.954394,0.17940669701172177
1278.073396,0.17723123262388757
1278.192398,0.1720792762369418
1278.3114,0.1706910639492302
1278.430402,0.1646390132983796
1278.549404,0.16508413928395177
1278.668406,0.1606865027694038
1278.787408,0.1591831265812992
1278.90641,0.1562496859949446
1279.025412,0.15564149895516874
1279.144414,0.15372346078120275
1279.263416,0.15376958473768465
1279.382418,0.1506946010205121
1279.50142,0.15185942827810012
1279.620422,0.14971826265110164
1279.739424,0.15227000276057837
1279.858426,0.1509509997193917
1279.977428,0.1518290594294306
1280.09643,0.15294146691055974
1280.215432,0.15446310712405495
1280.334434,0.1547413910973175
1280.453436,0.15728434453990184
1280.572438,0.15791474187219648
1280.69144,0.16288676709115274
1280.810442,0.16290305658232282
1280.929444,0.16764611158271267
1281.048446,0.17052045820237158
1281.167448,0.1745402334032425
1281.28645,0.17603014855604948
1281.405452,0.18104674887278735
1281.524454,0.18468566631741434
1281.643456,0.1890960862978823
1281.762458,0.19216517314182496
1281.88146,0.19661652910630106
1282.000462,0.19930877970982266
1282.119464,0.2030912283808093
1282.238466,0.20618117632497523
1282.357468,0.2092344260210224
1282.47647,0.21180272076105636
1282.595472,0.21343989674946617
1282.714474,0.2145312207336043
1282.833476,0.2135252897856346
1282.952478,0.21205703658494607
1283.07148,0.21212066323944254
1283.190482,0.21112603532875082
1283.309484,0.20948565804131197
1283.428486,0.20731829701015658
1283.547488,0.2035995916410642
1283.66649,0.2008493810167733
1283.785492,0.198612418324132
1283.904494,0.19968782637157012
1284.023496,0.1992091502294135
1284.142498,0.19992759559597836
1284.2615,0.19334096321177666
1284.380502,0.18787094775072993
1284.499504,0.19297396414119689
1284.618506,0.20447695486418038
1284.737508,0.21207824334892508
1284.85651,0.2105778206248387
1284.975512,0.20333508413905857
1285.094514,0.20854509044442632
1285.213516,0.21403836592621228
1285.332518,0.22711472334086977
1285.45152,0.24605504694820088
1285.570522,0.25175471969802826
1285.689524,0.2517043737888474
1285.808526,0.24716478970798703
1285.927528,0.24270707875200323
1286.04653,0.23811536401468703
1286.165532,0.2332370408161693
1286.284534,0.22843581620208275
1286.403536,0.22141865566380278
1286.522538,0.21794773339667745
1286.64154,0.21324788725962274
1286.760542,0.21007303983458217
1286.879544,0.20421130753103547
1286.998546,0.20201769225409483
1287.117548,0.19770089930090573
1287.23655,0.19545990697502721
1287.355552,0.19368929034593027
1287.474554,0.19149377067553444
1287.593556,0.19071025352350304
1287.712558,0.19072932550243846
1287.83156,0.18883153700478014
1287.950562,0.1898919600252268
1288.069564,0.18953150783919162
1288.188566,0.19061492223155038
1288.307568,0.18970216297954082
1288.42657,0.19332163008212808
1288.545572,0.19276180948709357
1288.664574,0.19730589264063308
1288.783576,0.19839406478044183
1288.902578,0.20459967785031302
1289.02158,0.2050913067959066
1289.140582,0.20998902742225098
1289.259584,0.21233288999837585
1289.378586,0.21943482837643782
1289.497588,0.22013814453292976
1289.61659,0.2291450660015075
1289.735592,0.22999447317996144
1289.854594,0.23952439722296998
1289.973596,0.2417623645350185
1290.092598,0.25072463845678267
1290.2116,0.252082213658588
1290.330602,0.26216007198693797
1290.449604,0.2656169621240969
1290.568606,0.27576671670566616
1290.687608,0.27784274244612384
1290.80661,0.28915280314296
1290.925612,0.2931707720468052
1291.044614,0.30315835082569936
1291.163616,0.3046170088883908
1291.282618,0.31701696157200077
1291.40162,0.3214864121875292
1291.520622,0.3305821790229142
1291.639624,0.32982271373104477
1291.758626,0.3412977553009937
1291.877628,0.3486802380923007
1291.99663,0.35611555788535143
1292.115632,0.36009046047502297
1292.234634,0.36834326141270696
1292.353636,0.3716881807519756
1292.472638,0.3790413412625757
1292.59164,0.384173886293941
1292.710642,0.3924406356304602
1292.829644,0.3929275638517475
1292.948646,0.40056068534290323
1293.067648,0.400929370742698
1293.18665,0.4092905434307562
1293.305652,0.41027402043532657
1293.424654,0.41645369501099017
1293.543656,0.41424818669728
1293.662658,0.41757963932833714
1293.78166,0.4183570602348004
1293.900662,0.4240219738394545
1294.019664,0.42086212205371454
1294.138666,0.4226630455502116
1294.257668,0.4184867710276073
1294.37667,0.42086212205371454
1294.495672,0.41788876262295277
1294.614674,0.41852862179721373
1294.733676,0.4160956987937186
1294.852678,0.41497375571171663
1294.97168,0.4091227687041188
1295.090682,0.4113544612659888
1295.209684,0.4021621152054207
1295.328686,0.399732382313645
1295.447688,0.39478656574630117
1295.56669,0.38950444565035514
1295.685692,0.38163905471647913
1295.804694,0.37895417177896024
1295.923696,0.37058590454556434
1296.042698,0.36545943167567496
1296.1617,0.35718550868274057
1296.280702,0.3536314534889593
1296.399704,0.34490026179276834
1296.518706,0.3384090189032053
1296.637708,0.3276858185248597
1296.75671,0.32190461629714723
1296.875712,0.31292241330005816
1296.994714,0.30547113172722584
1297.113716,0.29520064538342344
1297.232718,0.28561800722403013
1297.35172,0.27560130630372565
1297.470722,0.26788432895978204
1297.589724,0.2584378602011675
1297.708726,0.25100058730312574
1297.827728,0.2404122790611707
1297.94673,0.23305052579947053
1298.065732,0.2234204179833375
1298.184734,0.21519729940640336
1298.303736,0.20376253648362366
1298.422738,0.19545990697502721
1298.54174,0.18453797686801696
1298.660742,0.17910196472263726
1298.779744,0.16914482134150519
1298.898746,0.1606704349225326
1299.017748,0.14971826265110164
1299.13675,0.14341682909453757
1299.255752,0.13320046898148863
1299.374754,0.12725020659709674
1299.493756,0.11842209035390205
1299.612758,0.11111384195980495
1299.73176,0.1035086598219023
1299.850762,0.09772479158241949
1299.969764,0.08964480752654196
1300.088766,0.08450031642089868
1300.207768,0.07703464679135964
1300.32677,0.07297050212322786
1300.445772,0.06625793816071447
1300.564774,0.06185267074954541
1300.683776,0.05629216042386183
1300.802778,0.052063039321098306
1300.92178,0.04702856951142992
1301.040782,0.04417041755749008
1301.159784,0.03999103399974272
1301.278786,0.036589279182307984
1301.397788,0.033166995797242096
1301.51679,0.030394305718696703
1301.635792,0.027452446206670474
1301.754794,0.025097174723414068
1301.873796,0.0226952415458432
1301.992798,0.020688030141458078
1302.1118,0.01879621047392892
1302.230802,0.016971836248858986
1302.349804,0.015197869886444563
1302.468806,0.013909266587416263
1302.587808,0.012499082967063138
1302.70681,0.011365191179974253
1302.825812,0.010357959717613696
1302.944814,0.009305031533655556
1303.063816,0.008502457836912097
1303.182818,0.007674132662792382
1303.30182,0.0069521799966945465
1303.420822,0.006320860026114606
1303.539824,0.005795926127690142
1303.658826,0.005273821694617371
1303.777828,0.004868837873673751
1303.89683,0.004443113098130479
1304.015832,0.004204920045028287
1304.134834,0.003844160635944298
1304.253836,0.003555000766909328
1304.372838,0.003271194729819204
1304.49184,0.0030877889325925923
1304.610842,0.0028598102571644685
1304.729844,0.002710831132909815
1304.848846,0.0024994114370620974
1304.967848,0.0024248151119357964
1305.08685,0.0022726698346174283
1305.205852,0.0022229947626183416
1305.324854,0.0020764408099898943
1305.443856,0.002045935780040119
1305.562858,0.0019397425905381225
1305.68186,0.0019314196046428124
1305.800862,0.001856801305338373
1305.919864,0.0018646162707601842
1306.038866,0.0017906080931080995
1306.157868,0.001819852181769183
1306.27687,0.0017886395071264696
1306.395872,0.001842927387773132
1306.514874,0.001830621046554074
1306.633876,0.0018826027840872415
1306.752878,0.0018560587333405383
1306.87188,0.0019820968093375566
1306.990882,0.0019688611496871847
1307.109884,0.002093537625777491
1307.228886,0.002093118960120296
1307.347888,0.0022234394060337255
1307.46689,0.0021885851372239443
1307.585892,0.002355505323021866
1307.704894,0.0023564477136166287
1307.823896,0.0025580756560803844
1307.942898,0.0025159621096874723
1308.0619,0.0027019001344235935
1308.180902,0.002700009466140598
1308.299904,0.0029123353321682476
1308.418906,0.0027783445896277428
1308.537908,0.0029427816661369718
1308.65691,0.002900419202065575
1308.775912,0.00311290159191353
1308.894914,0.0029404283822431283
1309.013916,0.00313821848982458
1309.132918,0.0029413106430903123
1309.25192,0.0030948990206044083
1309.370922,0.002903030754369693
1309.489924,0.0029554628723551125
1309.608926,0.0029164154570542836
1309.727928,0.0031104122665029273
1309.84693,0.00296463902294426
1309.965932,0.003078539446960379
1310.084934,0.002882780497676012
1310.203936,0.0031017152936008018
1310.322938,0.002783350113509075
1310.44194,0.002645222754541466
1310.560942,0.002109931070578598
1310.679944,0.0022081504815802174
1310.798946,0.0024277266366355557
1310.917948,0.00278836465544721
1311.03695,0.0024986617260932464
1311.155952,0.002130283946350009
1311.274954,0.0016399328222953939
1311.393956,0.0016391130608416884
1311.512958,0.00163469342477104
1311.63196,0.0017567320248361759
1311.750962,0.0015032888565752205
1311.869964,0.002021531270589751
1311.988966,0.003774074846845208
1312.107968,0.005213520143619389
1312.22697,0.0052182144238578886
1312.345972,0.005356202734613444
1312.464974,0.004802589631438213
1312.583976,0.004677460240558458
1312.702978,0.004070457003333049
1312.82198,0.003936749091255519
1312.940982,0.003355682840693347
1313.059984,0.0032640060119027586
1313.178986,0.002820615938426754
1313.297988,0.002787807038279695
1313.41699,0.0023851339325812035
1313.535992,0.0024236030074312074
1313.654994,0.002123053280030704
1313.773996,0.0021431040719445396
1313.892998,0.0018935536069223794
1314.012,0.002029836563014313
1314.131002,0.0018335523846737037
1314.250004,0.0019765547008441468
1314.369006,0.00185828734071754
1314.488008,0.0020320706117351586
1314.60701,0.0019471276350801292
1314.726012,0.002179412355972217
1314.845014,0.0021598856467650094
1314.964016,0.002454333601502808
1315.083018,0.0025079238989329524
1315.20202,0.002858666561815922
1315.321022,0.002967605144780944
1315.440024,0.0034835618100100604
1315.559026,0.0036739055507171814
1315.678028,0.004340785311016394
1315.79703,0.004765275147982709
1315.916032,0.005660743697956443
1316.035034,0.006159251614314937
1316.154036,0.007383555362063017
1316.273038,0.008220699304437942
1316.39204,0.009834093521709851
1316.511042,0.011002860439871346
1316.630044,0.013270655960778689
1316.749046,0.014988080906202203
1316.868048,0.01796733305793554
1316.98705,0.020106743955847533
1317.106052,0.024536339879201733
1317.225054,0.027598330423249287
1317.344056,0.032975184013503
1317.463058,0.037594406610922955
1317.58206,0.044494041395510275
1317.701062,0.05063561988748449
1317.820064,0.059474953775638516
1317.939066,0.06695731179751167
1318.058068,0.07717343402662327
1318.17707,0.08610394928649306
1318.296072,0.09950971513861037
1318.415074,0.11012931640376757
1318.534076,0.12486776270615729
1318.653078,0.13877518906800923
1318.77208,0.1557037680077311
1318.891082,0.17122102726620192
1319.010084,0.19147462225590384
1319.129086,0.20729756621701245
1319.248088,0.2304549224220804
1319.36709,0.24701653531492773
1319.486092,0.2692001833822156
1319.605094,0.2857608519358442
1319.724096,0.3062051429044585
1319.843098,0.3290649932021001
1319.9621,0.3513403033459978
1320.081102,0.3716027023008014
1320.200104,0.39283327255183165
1320.319106,0.4114038267632113
1320.438108,0.4322850804209455
1320.55711,0.45141869493697295
1320.676112,0.4719604921367441
1320.795114,0.4854203802815864
1320.914116,0.5022737445742039
1321.033118,0.5175495549860545
1321.15212,0.5333006193619568
1321.271122,0.5449070768764467
1321.390124,0.5600999662631339
1321.509126,0.5731372856227898
1321.628128,0.5858801690451705
1321.74713,0.5970227852917567
1321.866132,0.6075261861030716
1321.985134,0.6130308610639659
1322.104136,0.62733787995123
1322.223138,0.6334590007132348
1322.34214,0.640644870352997
1322.461142,0.6499498973911725
1322.580144,0.658731014523215
1322.699146,0.6676240922457277
1322.818148,0.6752920601403024
1322.93715,0.6819083597739688
1323.056152,0.6877086531472092
1323.175154,0.6945299452546514
1323.294156,0.7050969273622059
1323.413158,0.7056965145389137
1323.53216,0.7138588680329627
1323.651162,0.7225779323270605
1323.770164,0.7282069494211134
1323.889166,0.7349153180090687
1324.008168,0.7417596575078312
1324.12717,0.7461265911082772
1324.246172,0.7526763181285345
1324.365174,0.759480980038882
1324.484176,0.7649154302189206
1324.603178,0.7688725945426531
1324.72218,0.7737317822578219
1324.841182,0.7817424034940017
1324.960184,0.7832056294784348
1325.079186,0.7925497493467781
1325.198188,0.7957979157940213
1325.31719,0.8003229062015966
1325.436192,0.8025187979624785
1325.555194,0.8116062258322146
1325.674196,0.8151770092986207
1325.793198,0.8151444028703817
1325.9122,0.8215191752699939
1326.031202,0.8291286076438305
1326.150204,0.8338014287470744
1326.269206,0.841785540227313
1326.388208,0.8409273567242722
1326.50721,0.8459965477990666
1326.626212,0.8507559260057935
1326.745214,0.85628672484118
1326.864216,0.8565008232835805
1326.983218,0.8590913655197755
1327.10222,0.8628538097401351
1327.221222,0.8685587936218436
1327.340224,0.8686456538441445
1327.459226,0.8736984375445427
1327.578228,0.8784994477355281
1327.69723,0.8747737478029617
1327.816232,0.8784116021831053
1327.935234,0.8798357822530305
1328.054236,0.8808041341093876
1328.173238,0.8883051123646291
1328.29224,0.8838569948167949
1328.411242,0.884599746604518
1328.530244,0.8881185878767892
1328.649246,0.890849301442169
1328.768248,0.8911165963248293
1328.88725,0.8911165963248293
1329.006252,0.8898343118924916
1329.125254,0.8932667772492807
1329.244256,0.8915355195643516
1329.363258,0.8931953187654783
1329.48226,0.8908136681827812
1329.601262,0.8893183576327932
1329.720264,0.8911165963248293
1329.839266,0.8944198349542517
1329.958268,0.9000454652403873
1330.07727,0.8930702801737568
1330.196272,0.8934543829704144
1330.315274,0.9007567820910888
1330.434276,0.895663942979604
1330.553278,0.8954131921823196
1330.67228,0.8957266416500405
1330.791282,0.8940889608308062
1330.910284,0.8995415808806415
1331.029286,0.8972955356547874
1331.148288,0.8914463704699241
1331.26729,0.8967842229374324
1331.386292,0.9000454652403873
1331.505294,0.8970084470200093
1331.624296,0.8951267058010869
1331.743298,0.8958520521584022
1331.8623,0.8926506357662358
1331.981302,0.8974839875040265
1332.100304,0.8974839875040265
1332.219306,0.89878628322213
1332.338308,0.9013244376565341
1332.45731,0.9000904686387249
1332.576312,0.894920850333039
1332.695314,0.9036167116837935
1332.814316,0.9004145595402969
1332.933318,0.9010000192577933
1333.05232,0.9036980408476025
1333.171322,0.9028038224982816
1333.290324,0.9036347841987518
1333.409326,0.9074643476054868
1333.528328,0.9100169984775904
1333.64733,0.9151896201868258
1333.766332,0.9089038190762256
1333.885334,0.9086139249985041
1334.004336,0.9077484284026128
1334.123338,0.9114751025930463
1334.24234,0.9142300896370122
1334.361342,0.9134898630966269
1334.480344,0.9103419325433266
1334.599346,0.9103419325433266
1334.718348,0.9077484284026128
1334.83735,0.9121808574143357
1334.956352,0.9161290866009951
1335.075354,0.9168421123614263
1335.194356,0.9150258159057328
1335.313358,0.9178153980794111
1335.43236,0.919910404586894
1335.551362,0.9242349174401823
1335.670364,0.9269459699115232
1335.789366,0.9230360387579326
1335.908368,0.9224067427938152
1336.02737,0.9212176052542279
1336.146372,0.9183928855655776
1336.265374,0.9187989049446703
1336.384376,0.9118151462205075
1336.503378,0.9166890125128551
1336.62238,0.9097394856159174
1336.741382,0.8999554651939405
1336.860384,0.8989660584556984
1336.979386,0.907704857523759
1337.098388,0.8975468135820388
1337.21739,0.8998744728467833
1337.336392,0.918996467946495
1337.455394,0.922087645267864
1337.574396,0.9244040679068695
1337.693398,0.9335936496835381
1337.8124,0.929091548326869
1337.931402,0.9321439718433493
1338.050404,0.9318541201423817
1338.169406,0.9299811145281528
1338.288408,0.9280255632219122
1338.40741,0.9269570933299026
1338.526412,0.9308827029771878
1338.645414,0.9304248213354432
1338.764416,0.9251753424762938
1338.883418,0.9263047451896865
1339.00242,0.9271202521358823
1339.121422,0.9246906775901262
1339.240424,0.9239927996106336
1339.359426,0.9233887058798699
1339.478428,0.924665711278878
1339.59743,0.928056188570814
1339.716432,0.9190571237149979
1339.835434,0.9215935387223841
1339.954436,0.9240038875907567
1340.073438,0.9168421123614263
1340.19244,0.918134853419948
1340.311442,0.9177373870860885
1340.430444,0.9175795498299029
1340.549446,0.9237221093784033
1340.668448,0.9227803931837434
1340.78745,0.9207580323421838
1340.906452,0.919221649664776
1341.025454,0.9196620623053722
1341.144456,0.9194615978272116
1341.263458,0.9223587788902622
1341.38246,0.9231800436120655
1341.501462,0.9235290716306904
1341.620464,0.9272574760875204
1341.739466,0.9233960930190654
1341.858468,0.929891840626374
1341.97747,0.9274587127932243
1342.096472,0.9310018635892854
1342.215474,0.940360468593086
1342.334476,0.9319519699620222
1342.453478,0.9371761695079889
1342.57248,0.9384365810866613
1342.691482,0.9409069767705908
1342.810484,0.9428859004601745
1342.929486,0.9362909563568942
1343.048488,0.9489273856514734
1343.16749,0.9409135631424804
1343.286492,0.9451383122773895
1343.405494,0.9491769863749562
1343.524496,0.9495396412464219
1343.643498,0.9514168351566842
1343.7625,0.9548901225902945
1343.881502,0.95399199362089
1344.000504,0.9534588611208725
1344.119506,0.9595498603066877
1344.238508,0.9609143498984356
1344.35751,0.9575943738659941
1344.476512,0.9599260775856969
1344.595514,0.9606866401821769
1344.714516,0.9559774060967774
1344.833518,0.9609143498984356
1344.95252,0.9595613749740992
1345.071522,0.9652713745760848
1345.190524,0.9698149489139097
1345.309526,0.9639970929385975
1345.428528,0.9664158991518378
1345.54753,0.9669437063110168
1345.666532,0.973550091923089
1345.785534,0.9699701317200294
1345.904536,0.9684320099434416
1346.023538,0.9760934004161791
1346.14254,0.9762730181261783
1346.261542,0.978820503543199
1346.380544,0.9761129224794074
1346.499546,0.9788596571464077
1346.618548,0.9734722110310122
1346.73755,0.9745338742423728
1346.856552,0.9776045855069088
1346.975554,0.9773269852257306
1347.094556,0.9814747416832167
1347.213558,0.9791034235486947
1347.33256,0.9800055931871301
1347.451562,0.9827672127026715
1347.570564,0.9816681112536056
1347.689566,0.9816681112536056
1347.808568,0.9759138157527982
1347.92757,0.9771188367464776
1348.046572,0.9877190342173227
1348.165574,0.9800349937959326
1348.284576,0.9786316094148849
1348.403578,0.9889109419484878
1348.52258,0.9813442142228413
1348.641582,0.9797086964745179
1348.760584,0.9823574842093027
1348.879586,0.9836884971353257
1348.998588,0.9867535172166298
1349.11759,0.9822700582837194
1349.236592,0.9819312335642364
1349.355594,0.9804663040745056
1349.474596,0.9881784303695613
1349.593598,0.9774990099128588
1349.7126,0.980572200153631
1349.831602,0.9840751626895046
1349.950604,0.9844659180889069
1350.069606,0.9827475575549696
1350.188608,0.9830660193516425
1350.30761,0.980517289647931
1350.426612,0.9846795703735667
1350.545614,0.9858678103000946
1350.664616,0.9885352271808743
1350.783618,0.9815620968224725
1350.90262,0.9847494851050068
1351.021622,0.9914596775285394
1351.140624,0.9886775865032136
1351.259626,0.9831731793878677
1351.378628,0.9801986733067553
1351.49763,0.9856539001953453
1351.616632,0.9858678103000946
1351.735634,0.9858678103000946
1351.854636,0.9896568619752281
1351.973638,0.9877703969425212
1352.09264,0.985299128653984
1352.211642,0.9911732861989209
1352.330644,0.9862237728269833
1352.449646,0.9872716988239385
1352.568648,0.9848922841330263
1352.68765,0.9854055467063499
1352.806652,0.9858678103000946
1352.925654,0.9835989855549251
1353.044656,0.987801018299455
1353.163658,0.9904988241222159
1353.28266,0.9816681112536056
1353.401662,0.9894065104599504
1353.520664,0.9837957250253273
1353.639666,0.9857771146336117
1353.758668,0.9886775865032136
1353.87767,0.9912604141599956
1353.996672,0.989839965431241
1354.115674,0.9883009720923569
1354.234676,0.9905343836682918
1354.353678,0.9849080425356393
1354.47268,0.9890859946769222
1354.591682,0.9879333925047807
1354.710684,0.9862040485487702
1354.829686,0.9875718750448548
1354.948688,0.989820168829899
1355.06769,0.9868137110170724
1355.186692,0.9848528892295644
1355.305694,0.9914952715698718
1355.424696,0.989839965431241
1355.543698,0.9858678103000946
1355.6627,0.9872203620303679
1355.781702,0.9858678103000946
1355.900704,0.9858678103000946
1356.019706,0.9845220342455332
1356.138708,0.9870890704533013
1356.25771,0.9914952715698718
1356.376712,0.9860304919096579
1356.495714,0.9910974643427496
1356.614716,0.9877397765348347
1356.733718,0.9858678103000946
1356.85272,0.9858678103000946
1356.971722,0.9897439556111457
1357.090724,0.9880242865579536
1357.209726,0.9820775522185065
1357.328728,0.9859299219286393
1357.44773,0.987754592742604
1357.566732,0.9799056377144407
1357.685734,0.9864595084779771
1357.804736,0.9870466265358225
1357.923738,0.9860216176751648
1358.04274,0.9871887714842343
1358.161742,0.9816681112536056
1358.280744,0.9851365677094028
1358.399746,0.9838311423089354
1358.518748,0.9822661292113444
1358.63775,0.9855947627354751
1358.756752,0.9892086489446695
1358.875754,0.9867771995852304
1358.994756,0.9867841070498036
1359.113758,0.9878306527745189
1359.23276,0.9848528892295644
1359.351762,0.99043840553673
1359.470764,0.9880440472412909
1359.589766,0.986709114307428
1359.708768,0.9910032154554962
1359.82777,0.985658828477167
1359.946772,0.9844659180889069
1360.065774,0.9875481736042722
1360.184776,0.9911862706540181
1360.303778,0.981734866954839
1360.42278,0.9872716988239385
1360.541782,0.9844747783220407
1360.660784,0.9857879582415123
1360.779786,0.9859437250441679
1360.898788,0.9829559221230351
1361.01779,0.9897914644612184
1361.136792,0.9836107888135711
1361.255794,0.9814511865720787
1361.374796,0.9881695368037091
1361.493798,0.9825313768730545
1361.6128,0.9838183525872188
1361.731802,0.9876321187666474
1361.850804,0.983460307874968
1361.969806,0.9834966965795463
1362.088808,0.9788753190262167
1362.20781,0.9848637226709297
1362.326812,0.9813402888538353
1362.445814,0.9833216497471854
1362.564816,0.9850745060605995
1362.683818,0.9859821775992645
1362.80282,0.9879531513702189
1362.921822,0.9844944680145034
1363.040824,0.9782284962388225
1363.159826,0.9813265501859622
1363.278828,0.9912520876074882
1363.39783,0.9903997791921327
1363.516832,0.9867614112763438
1363.635834,0.9825942608934415
1363.754836,0.9848154655308284
1363.873838,0.9892769066963121
1363.99284,0.9813020173288696
1364.111842,0.9847967542147414
1364.230844,0.9838754157064833
1364.349846,0.9835861988512266
1364.468848,0.9884521937092458
1364.58785,0.9870821608539917
1364.706852,0.9857140269171036
1364.825854,0.9829480585071125
1364.944856,0.9818330453503724
1365.063858,0.990085476184743
1365.18286,0.9872489918359969
1365.301862,0.9858441497565751
1365.420864,0.9845259723415464
1365.539866,0.9870811737723244
1365.658868,0.9888090893669651
1365.77787,0.9806006371597701
1365.896872,0.9842641232603753
1366.015874,0.9795833017868003
1366.134876,0.9786042081134413
1366.253878,0.9835409549266977
1366.37288,0.9893946376530619
1366.491882,0.9859841495655918
1366.610884,0.9778949771898346
1366.729886,0.9864190644672374
1366.848888,0.9919846952417497
1366.96789,0.983229221856288
1367.086892,0.9802692501519693
1367.205894,0.9788753190262167
1367.324896,0.984756378375529
1367.443898,0.9879373442462543
1367.5629,0.9837642440658245
1367.681902,0.9830660193516425
1367.800904,0.9816681112536056
1367.919906,0.9822622001546857
1368.038908,0.9855868780089122
1368.15791,0.9886775865032136
1368.276912,0.9848893294606059
1368.395914,0.9816681112536056
1368.514916,0.9853020845558038
1368.633918,0.9922665581303953
1368.75292,0.9918585228132515
1368.871922,0.9858678103000946
1368.990924,0.986143891936604
1369.109926,0.9889188532676686
1369.228928,0.9868610792120287
1369.34793,0.9830660193516425
1369.466932,0.9816681112536056
1369.585934,0.9817662829732352
1369.704936,0.9830660193516425
1369.823938,0.9844659180889069
1369.94294,0.9816847997533488
1370.061942,0.9802251390282202
1370.180944,0.9871917330549912
1370.299946,0.9858678103000946
1370.418948,0.9899340046947512
1370.53795,0.984651999731587
1370.656952,0.9898627320122606
1370.775954,0.9821806757753814
1370.894956,0.9917276061289314
1371.013958,0.9836334121218808
1371.13296,0.9809429265081558
1371.251962,0.9858678103000946
1371.370964,0.9901830044073333
1371.489966,0.9863480448513327
1371.608968,0.9811626823354275
1371.72797,0.9822081772193215
1371.846972,0.9833137832054536
1371.965974,0.9850784463665044
1372.084976,0.9852193226567495
1372.203978,0.9837140733687408
1372.32298,0.9829913091731945
1372.441982,0.9894352036648032
1372.560984,0.9824567073258909
1372.679986,0.9850419991382667
1372.798988,0.9819872052397272
1372.91799,0.9807732380603439
1373.036992,0.9830660193516425
1373.155994,0.985767256911754
1373.274996,0.9918962141532494
1373.393998,0.9889920359705371
1373.513,0.983392451454798
1373.632002,0.9869795096472181
1373.751004,0.9795049382572404
1373.870006,0.9799722735633986
1373.989008,0.9913090862412206
1374.10801,0.9841676701025777
1374.227012,0.9802692501519693
1374.346014,0.9802692501519693
1374.465016,0.9816681112536056
1374.584018,0.9816759646299091
1374.70302,0.9858116174364194
1374.822022,0.9872716988239385
1374.941024,0.983264618745415
1375.060026,0.975106093556491
1375.179028,0.98221603491617
1375.29803,0.9794902457933603
1375.417032,0.9795490169712255
1375.536034,0.9855908203643089
1375.655036,0.9858678103000946
1375.774038,0.9823623960090032
1375.89304,0.9833157498349866
1376.012042,0.9839029646038059
1376.131044,0.9788753190262167
1376.250046,0.9747736390653005
1376.369048,0.9712435677241964
1376.48805,0.9847445613698906
1376.607052,0.9808644542129689
1376.726054,0.9844659180889069
1376.845056,0.9766899757190289
1376.964058,0.9809605836397467
1377.08306,0.980346694481742
1377.202062,0.9815198905597503
1377.321064,0.9785043955747398
1377.440066,0.9777483039440247
1377.559068,0.9792336529640908
1377.67807,0.9756659651219597
1377.797072,0.9798223492750439
1377.916074,0.9778939992953465
1378.035076,0.9798928990239522
1378.154078,0.9740272483619116
1378.27308,0.9736231109181612
1378.392082,0.9747054072987056
1378.511084,0.9793452919638308
1378.630086,0.9798693818765825
1378.749088,0.9778108818379483
1378.86809,0.9798821202613462
1378.987092,0.970553258981383
1379.106094,0.9734352197898312
1379.225096,0.9788753190262167
1379.344098,0.9733690284454166
1379.4631,0.9650513177901083
1379.582102,0.9825657660730525
1379.701104,0.975295282489374
1379.820106,0.9743993978468121
1379.939108,0.9709289357813808
1380.05811,0.9728737096792579
1380.177112,0.973577351707298
1380.296114,0.9730264628424871
1380.415116,0.9687758643375153
1380.534118,0.9708473811761166
1380.65312,0.9741168629909707
1380.772122,0.9696054915071586
1380.891124,0.9710211784117356
1381.010126,0.9682964389522403
1381.129128,0.9677949912830219
1381.24813,0.9686015003751619
1381.367132,0.9697800362041814
1381.486134,0.9713882937976119
1381.605136,0.9781658916184324
1381.724138,0.9638014213900651
1381.84314,0.9648178036275564
1381.962142,0.9693573042706545
1382.081144,0.9656083130781605
1382.200146,0.967267686716319
1382.319148,0.9660313421558938
1382.43815,0.9668837576596528
1382.557152,0.9631443329133166
1382.676154,0.9691731438786343
1382.795156,0.9646952795469395
1382.914158,0.9707638918914261
1383.03316,0.9732843490235501
1383.152162,0.9627957377643307
1383.271164,0.973961016760923
1383.390166,0.9741684925528805
1383.509168,0.9722221026065176
1383.62817,0.9715019528769128
1383.747172,0.963878528588023
1383.866174,0.9690597572540474
1383.985176,0.9623183094903994
1384.104178,0.9772908247962494
1384.22318,0.9722036305620532
1384.342182,0.9717312543943065
1384.461184,0.9733193878908108
1384.580186,0.9771374021807469
1384.699188,0.9651015017634054
1384.81819,0.9654499662996064
1384.937192,0.9722133526469691
1385.056194,0.9702417613832892
1385.175196,0.9722833545283972
1385.294198,0.9644213449880967
1385.4132,0.968340013272408
1385.532202,0.9659492329814998
1385.651204,0.9654432081734958
1385.770206,0.9714125788085183
1385.889208,0.9661579005511101
1386.00821,0.9644541358712682
1386.127212,0.9642911568944174
1386.246214,0.9657618570063587
1386.365216,0.9664361940988161
1386.484218,0.965692324655849
1386.60322,0.9685608199664407
1386.722222,0.9630903983408555
1386.841224,0.964744480260804
1386.960226,0.970553258981383
1387.079228,0.9677572480143604
1387.19823,0.9614304994780898
1387.317232,0.958605169031119
1387.436234,0.9641320619792213
1387.555236,0.972984623604135
1387.674238,0.9638611789306558
1387.79324,0.9589896467865384
1387.912242,0.9680234178542398
1388.031244,0.9676014516393748
1388.150246,0.9635036527584784
1388.269248,0.9610383158452042
1388.38825,0.9665048135045572
1388.507252,0.9648911325670965
1388.626254,0.958210305049044
1388.745256,0.958210305049044
1388.864258,0.9608643836513746
1388.98326,0.9609143498984356
1389.102262,0.9648091203063988
1389.221264,0.9601814518856109
1389.340266,0.9554804270713523
1389.459268,0.9566066462272889
1389.57827,0.9604013586164524
1389.697272,0.9587901976834327
1389.816274,0.9599318371594412
1389.935276,0.9643904839988355
1390.054278,0.9552950818475684
1390.17328,0.9550448273208989
1390.292282,0.9613651244269021
1390.411284,0.9614237694881483
1390.530286,0.9612266978159398
1390.649288,0.9607048934017454
1390.76829,0.9597158767925327
1390.887292,0.9635894083996434
1391.006294,0.9561456729272971
1391.125296,0.9601766509903537
1391.244298,0.963659752994003
1391.3633,0.963074989017757
1391.482302,0.9623029125206237
1391.601304,0.9604003982155739
1391.720306,0.9618863255570886
1391.839308,0.9595680919272332
1391.95831,0.9571262246889761
1392.077312,0.9681783139924571
1392.196314,0.9677949912830219
1392.315316,0.964425202681192
1392.434318,0.9617497473961385
1392.55332,0.9659279823321323
1392.672322,0.9627187171861737
1392.791324,0.9702058631022403
1392.910326,0.96077790974823
1393.029328,0.9638669621150789
1393.14833,0.9664845171165865
1393.267332,0.9677272480046745
1393.386334,0.9623048371283733
1393.505336,0.9677233771034243
1393.624338,0.9598425676496819
1393.74334,0.96726575218288
1393.862342,0.9693146534875907
1393.981344,0.9717594350093008
1394.100346,0.9647097500846614
1394.219348,0.9656817020987019
1394.33835,0.9741412162169595
1394.457352,0.9708697109226747
1394.576354,0.970553258981383
1394.695356,0.970553258981383
1394.814358,0.9682151054674225
1394.93336,0.9714786371098341
1395.052362,0.9682857877499935
1395.171364,0.9708823323109556
1395.290366,0.9689153781067301
1395.409368,0.9701457122034252
1395.52837,0.971816770507347
1395.647372,0.9719839373678122
1395.766374,0.9726597010049458
1395.885376,0.9650513177901083
1396.004378,0.9676324153812444
1396.12338,0.970553258981383
1396.242382,0.9691731438786343
1396.361384,0.9715631594279301
1396.480386,0.9709949611938525
1396.599388,0.9696074307200808
1396.71839,0.9719353393859034
1396.837392,0.9715709319642957
1396.956394,0.9657570282091457
1397.075396,0.9692652197008351
1397.194398,0.9736630302840502
1397.3134,0.9657212958601545
1397.432402,0.9733193878908108
1397.551404,0.9719353393859034
1397.670406,0.9733193878908108
1397.789408,0.9733193878908108
1397.90841,0.9704542675976133
1398.027412,0.9664448920637038
1398.146414,0.9718945189588842
1398.265416,0.9692846051990834
1398.384418,0.9677049905339322
1398.50342,0.9729418132225316
1398.622422,0.972257103232219
1398.741424,0.9691731438786343
1398.860426,0.969403834537977
1398.979428,0.9675298517811809
1399.09843,0.9757908583584919
1399.217432,0.9670858574836997
1399.336434,0.9722046027661698
1399.455436,0.9666642999560559
1399.574438,0.9641735205492392
1399.69344,0.9686983653683683
1399.812442,0.9709134010426865
1399.931444,0.9749968877896498
1400.050446,0.9752894307352344
1400.169448,0.9697887642637835
1400.28845,0.9712843608106896
1400.407452,0.9684688110590361
1400.526454,0.9677330543855817
1400.645456,0.97068429251591
1400.764458,0.968384557937538
1400.88346,0.9719353393859034
1401.002462,0.9667609712195341
1401.121464,0.9692477730839005
1401.240466,0.9710347728033939
1401.359468,0.9695880387653867
1401.47847,0.970553258981383
1401.597472,0.9722814099636327
1401.716474,0.9713144710925816
1401.835476,0.9683438866402078
1401.954478,0.971455321902327
1402.07348,0.9693786303659346
1402.192482,0.9714252072541275
1402.311484,0.965319639351423
1402.430486,0.9735199123380253
1402.549488,0.9731889718309046
1402.66849,0.9691731438786343
1402.787492,0.9691731438786343
1402.906494,0.971895490853889
1403.025496,0.9692487423321582
1403.144498,0.9718255168976403
1403.2635,0.9680844052506475
1403.382502,0.968813647332988
1403.501504,0.9680098656212558
1403.620506,0.9675453323826538
1403.739508,0.9702689285329462
1403.85851,0.9716146536399644
1403.977512,0.970553258981383
1404.096514,0.9729281921324944
1404.215516,0.9700234815443807
1404.334518,0.9677949912830219
1404.45352,0.9677949912830219
1404.572522,0.9708745652833652
1404.691524,0.9711192565036155
1404.810526,0.9707337986772248
1404.929528,0.9725721655710089
1405.04853,0.9670848903983258
1405.167532,0.9732600172189734
1405.286534,0.9721355786897571
1405.405536,0.967021064901824
1405.524538,0.9738918679835435
1405.64354,0.9747054072987056
1405.762542,0.9723164127244373
1405.881544,0.968724520577327
1406.000546,0.9733193878908108
1406.119548,0.9691731438786343
1406.23855,0.9722969665906448
1406.357552,0.9702281780937131
1406.476554,0.9739025808530121
1406.595556,0.970912430129771
1406.714558,0.9686751168865824
1406.83356,0.9727618356355255
1406.952562,0.9680960223332129
1407.071564,0.9743574995735239
1407.190566,0.9605166136946527
1407.309568,0.9543249949320126
1407.42857,0.9705949936688085
1407.547572,0.9733690284454166
1407.666574,0.9678549964326219
1407.785576,0.9731296091142042
1407.904578,0.9680543950992445
1408.02358,0.971605909147432
1408.142582,0.9721355786897571
1408.261584,0.9733193878908108
1408.380586,0.9683332349160394
1408.499588,0.9710202073910428
1408.61859,0.9736601092993409
1408.737592,0.96579565926289
1408.856594,0.9707056478052527
1408.975596,0.9709988451814653
1409.094598,0.970553258981383
1409.2136,0.9674427780128989
1409.332602,0.9658729260062595
1409.451604,0.9677949912830219
1409.570606,0.9685550086189549
1409.689608,0.9677949912830219
1409.80861,0.9684852751687687
1409.927612,0.9685182042279152
1410.046614,0.9677949912830219
1410.165616,0.9652453126008095
1410.284618,0.9658565063060853
1410.40362,0.968493991575469
1410.522622,0.9650986064632431
1410.641624,0.9714893234336169
1410.760626,0.9646373995665835
1410.879628,0.9689211916164393
1410.99863,0.9702126545670521
1411.117632,0.969479450986074
1411.236634,0.9691731438786343
1411.355636,0.9703174431922292
1411.474638,0.9675946784529195
1411.59364,0.9664158991518378
1411.712642,0.9666768666736388
1411.831644,0.9718391225501162
1411.950646,0.9677349898536258
1412.069648,0.9706056702724601
1412.18865,0.9719450587878942
1412.307652,0.9732308198564195
1412.426654,0.9707910736609421
1412.545656,0.9637744353280727
1412.664658,0.9676459623298882
1412.78366,0.9652337297265556
1412.902662,0.970115638152497
1413.021664,0.9694271005091964
1413.140666,0.9691731438786343
1413.259668,0.9670626477016386
1413.37867,0.9684552525905908
1413.497672,0.9681889640124861
1413.616674,0.9668441162382435
1413.735676,0.9632262036610717
1413.854678,0.9662980036039158
1413.97368,0.9702417613832892
1414.092682,0.9585102718168745
1414.211684,0.9618642024260178
1414.330686,0.9621845565414255
1414.449688,0.9616247280554102
1414.56869,0.9629998720982116
1414.687692,0.9629276498161736
1414.806694,0.9676159657700051
1414.925696,0.968040842432582
1415.044698,0.9650513177901083
1415.1637,0.9659250845525319
1415.282702,0.9659675861912814
1415.401704,0.970553258981383
1415.520706,0.9674040810757223
1415.639708,0.9695298652282843
1415.75871,0.9640867488371754
1415.877712,0.9648004370633907
1415.996714,0.9697984621999156
1416.115716,0.9654808611928436
1416.234718,0.9686315274870914
1416.35372,0.9639517861399475
1416.472722,0.9691731438786343
1416.591724,0.9663405216514647
1416.710726,0.9650513177901083
1416.829728,0.9636530073993416
1416.94873,0.9636318072663811
1417.067732,0.9663530841599022
1417.186734,0.9664158991518378
1417.305736,0.963659752994003
1417.424738,0.9664158991518378
1417.54374,0.962708127338529
1417.662742,0.9595613749740992
1417.781744,0.9655996226424498
1417.900746,0.9667242350006203
1418.019748,0.963659752994003
1418.13875,0.9660419685591026
1418.257752,0.9631260333448377
1418.376754,0.9645988148423005
1418.495756,0.9650513177901083
1418.614758,0.963659752994003
1418.73376,0.9623029125206237
1418.852762,0.9658342918619073
1418.971764,0.9649036762333535
1419.090766,0.9623029125206237
1419.209768,0.9650513177901083
1419.32877,0.9677166030634937
1419.447772,0.9694658783687689
1419.566774,0.9570582711394028
1419.685776,0.9617324360564878
1419.804778,0.9653930064319274
1419.92378,0.9632512478679401
1420.042782,0.9655329985670446
1420.161784,0.9605156531785193
1420.280786,0.9591968109231657
1420.399788,0.9588688217031834
1420.51879,0.9633629914936979
1420.637792,0.9609143498984356
1420.756794,0.9606866401821769
1420.875796,0.9616968526146515
1420.994798,0.967149687256653
1421.1138,0.958333922151527
1421.232802,0.9665995356175884
1421.351804,0.966359848655167
1421.470806,0.963659752994003
1421.589808,0.9623154225398014
1421.70881,0.9623029125206237
1421.827812,0.9583732146478259
1421.946814,0.9645804876389275
1422.065816,0.9665686049273423
1422.184818,0.9599347169592723
1422.30382,0.9606952864008464
1422.422822,0.9658999708268134
1422.541824,0.9617920653160112
1422.660826,0.9626840599361893
1422.779828,0.9654103836624377
1422.89883,0.9609143498984356
1423.017832,0.9627283444214817
1423.136834,0.9595613749740992
1423.255836,0.9609143498984356
1423.374838,0.9603869527041177
1423.49384,0.9666556000165061
1423.612842,0.9641127795308068
1423.731844,0.9630268364721298
1423.850846,0.9664158991518378
1423.969848,0.96233178204104
1424.08885,0.9628072913825054
1424.207852,0.9652221469912955
1424.326854,0.9590107447908449
1424.445856,0.9606078671074222
1424.564858,0.963175154025105
1424.68386,0.9623029125206237
1424.802862,0.961877668619115
1424.921864,0.9630730628697051
1425.040866,0.9660680520443792
1425.159868,0.9619834809822363
1425.27887,0.9639440745565047
1425.397872,0.9648023666661943
1425.516874,0.9623029125206237
1425.635876,0.9650513177901083
1425.754878,0.964908500763796
1425.87388,0.9621951406297599
1425.992882,0.96105753680373
1426.111884,0.9678695143664526
1426.230886,0.9677862811672959
1426.349888,0.9609470215417469
1426.46889,0.9623029125206237
1426.587892,0.9596621342082386
1426.706894,0.9647772821307614
1426.825896,0.9650513177901083
1426.944898,0.9662100744864234
1427.0639,0.9639045536596318
1427.182902,0.9623029125206237
1427.301904,0.9671728991276884
1427.420906,0.9681424920575493
1427.539908,0.9650513177901083
1427.65891,0.9664158991518378
1427.777912,0.9641156718734839
1427.896914,0.967307345504474
1428.015916,0.9664158991518378
1428.134918,0.9686160295066357
1428.25392,0.9670084937096932
1428.372922,0.96579565926289
1428.491924,0.9664158991518378
1428.610926,0.9677785389080157
1428.729928,0.9719353393859034
1428.84893,0.9707085599265644
1428.967932,0.9639006980491284
1429.086934,0.9642063030062366
1429.205936,0.9650513177901083
1429.324938,0.9668885920905272
1429.44394,0.9646103900975299
1429.562942,0.9648641159936184
1429.681944,0.9691731438786343
1429.800946,0.9695056272846291
1429.919948,0.9699584921482863
1430.03895,0.9664158991518378
1430.157952,0.9694009263308356
1430.276954,0.970553258981383
1430.395956,0.970553258981383
1430.514958,0.9691731438786343
1430.63396,0.9693485800941749
1430.752962,0.971776926836557
1430.871964,0.9623029125206237
1430.990966,0.9677262802779103
1431.109968,0.9733193878908108
1431.22897,0.9692603733868524
1431.347972,0.9692952673883826
1431.466974,0.9677949912830219
1431.585976,0.9679876016503831
1431.704978,0.9664158991518378
1431.82398,0.9714106359853035
1431.942982,0.9733193878908108
1432.061984,0.9698372549142528
1432.180986,0.9684387889912378
1432.299988,0.9729165170642393
1432.41899,0.9709910772217757
1432.537992,0.9691731438786343
1432.656994,0.9686673675166448
1432.775996,0.9719353393859034
1432.894998,0.9735461977305095
1433.014,0.9753206404963715
1433.133002,0.9704678540524646
1433.252004,0.9712523089556413
1433.371006,0.9739853660907073
1433.490008,0.9714310358228567
1433.60901,0.969572525480873
1433.728012,0.9774833700538194
1433.847014,0.9689832045570956
1433.966016,0.9716146536399644
1434.085018,0.9770475096748649
1434.20402,0.9677949912830219
1434.323022,0.9713202989968919
1434.442024,0.9760934004161791
1434.561026,0.9754630477053572
1434.680028,0.9719353393859034
1434.79903,0.9749500890622143
1434.918032,0.9760934004161791
1435.037034,0.976268136773291
1435.156036,0.9776221825478209
1435.275038,0.9787715637415272
1435.39404,0.9775517962846133
1435.513042,0.9802692501519693
1435.632044,0.9774872799951194
1435.751046,0.9747054072987056
1435.870048,0.9788753190262167
1435.98905,0.974919866077912
1436.108052,0.9720772523048448
1436.227054,0.9729651641062584
1436.346056,0.9810253291748461
1436.465058,0.9754493913182842
1436.58406,0.976632352710357
1436.703062,0.9841450345064757
1436.822064,0.9841096059229518
1436.941066,0.9844659180889069
1437.060068,0.9820952297735439
1437.17907,0.9816681112536056
1437.298072,0.9798693818765825
1437.417074,0.9783439340120733
1437.536076,0.9788753190262167
1437.655078,0.9810635899087634
1437.77408,0.9815483550493097
1437.893082,0.9774833700538194
1438.012084,0.9788753190262167
1438.131086,0.9795245285519077
1438.250088,0.9829008781326423
1438.36909,0.9890246732462361
1438.488092,0.9873408102617283
1438.607094,0.9793834871750192
1438.726096,0.9830660193516425
1438.845098,0.9798311677158703
1438.9641,0.9816681112536056
1439.083102,0.9785083096001501
1439.202104,0.9809340980615454
1439.321106,0.9810734005937158
1439.440108,0.9774833700538194
1439.55911,0.9807222391779472
1439.678112,0.9828753230420284
1439.797114,0.9802692501519693
1439.916116,0.9803898306852888
1440.035118,0.9845505857985218
1440.15412,0.9843674764192635
1440.273122,0.9802966980752427
1440.392124,0.9872065410420466
1440.511126,0.9859249922913538
1440.630128,0.9804535580954017
1440.74913,0.9774833700538194
1440.868132,0.9841391296539832
1440.987134,0.9820657673585892
1441.106136,0.982832077479224
1441.225138,0.9844659180889069
1441.34414,0.9844659180889069
1441.463142,0.9855257735167344
1441.582144,0.990085476184743
1441.701146,0.9838901739484055
1441.820148,0.9854193424805741
1441.93915,0.9840318643349171
1442.058152,0.9848292530438583
1442.177154,0.9886775865032136
1442.296156,0.9872716988239385
1442.415158,0.9880499755233592
1442.53416,0.9885984954599772
1442.653162,0.9816592762803618
1442.772164,0.9850715508415142
1442.891166,0.9886775865032136
1443.010168,0.9866726067455928
1443.12917,0.9858678103000946
1443.248172,0.9881487854613261
1443.367174,0.9835566917078704
1443.486176,0.9891354502130341
1443.605178,0.9846067067813452
1443.72418,0.984219832371381
1443.843182,0.9872716988239385
1443.962184,0.9875866887340828
1444.081186,0.9869933274570777
1444.200188,0.986353962957356
1444.31919,0.9902938120851005
1444.438192,0.9927340257592594
1444.557194,0.9871354647298696
1444.676196,0.9902877713112711
1444.795198,0.9912986775504607
1444.9142,0.9873013174191799
1445.033202,0.9886775865032136
1445.152204,0.9900438934679864
1445.271206,0.9901629038963647
1445.390208,0.9912686416555772
1445.50921,0.9917938557457334
1445.628212,0.9909408833136105
1445.747214,0.9947669404135492
1445.866216,0.9798889794601952
1445.985218,0.987803981706955
1446.10422,0.9875985398454542
1446.223222,0.9897221814836386
1446.342224,0.9842552649231285
1446.461226,0.9864052546970035
1446.580228,0.9872716988239385
1446.69923,0.9886775865032136
1446.818232,0.9872716988239385
1446.937234,0.9909171010177996
1447.056236,0.9870900575428653
1447.175238,0.985222278319151
1447.29424,0.989400574038697
1447.413242,0.9914952715698718
1447.532244,0.9881290226832453
1447.651246,0.9856943128337068
1447.770248,0.9926615588204545
1447.88925,0.9918134934584899
1448.008252,0.9895757134396815
1448.127254,0.9877447152460642
1448.246256,0.9942278233960212
1448.365258,0.994525042509618
1448.48426,0.9876380445771374
1448.603262,0.9894233305135983
1448.722264,0.9844659180889069
1448.841266,0.9875303978971292
1448.960268,0.9870486006310497
1449.07927,0.9874592982680979
1449.198272,0.9874237503732262
1449.317274,0.9916123740762112
1449.436276,0.9927442509723845
1449.555278,0.9886321083802393
1449.67428,0.9886775865032136
1449.793282,0.9886775865032136
1449.912284,0.9927834651447727
1450.031286,0.9944222139365514
1450.150288,0.9835950511668516
1450.26929,0.9894104680939075
1450.388292,0.9904945649864293
1450.507294,0.9886775865032136
1450.626296,0.9903614514623243
1450.745298,0.9897736483752032
1450.8643,0.9918432483096141
1450.983302,0.9911116371378249
1451.102304,0.993902863438152
1451.221306,0.990540128784378
1451.340308,0.990085476184743
1451.45931,0.9886775865032136
1451.578312,0.990932955818254
1451.697314,0.9862494149784233
1451.816316,0.988187324015456
1451.935318,0.9921653521030612
1452.05432,0.9886775865032136
1452.173322,0.9942504920488163
1452.292324,0.9930526452278851
1452.411326,0.9872716988239385
1452.530328,0.9906469147659219
1452.64933,0.9895598803549315
1452.768332,0.9910657497313271
1452.887334,0.9938672823525463
1453.006336,0.9896667585933309
1453.125338,0.9872716988239385
1453.24434,0.9886775865032136
1453.363342,0.9886775865032136
1453.482344,0.9911891450983709
1453.601346,0.9988196971060456
1453.720348,0.9951240263437008
1453.83935,0.9886775865032136
1453.958352,0.9918944287416707
1454.077354,0.9983821101970676
1454.196356,0.9900240927881245
1454.315358,0.9930097462802352
1454.43436,0.9985777124110665
1454.553362,0.9874543609839498
1454.672364,0.9871907458637517
1454.791366,0.9898508537307462
1454.910368,0.9941703586885751
1455.02937,0.9943243676048185
1455.148372,0.9905344827217352
1455.267374,0.9923853395463295
1455.386376,0.9920888591032571
1455.505378,0.9908312913124654
1455.62438,0.9982072089731556
1455.743382,0.9908919320430811
1455.862384,0.9958317115309243
1455.981386,0.9943366973034208
1456.100388,0.9891868865937795
1456.21939,0.9904024532751465
1456.338392,0.9943243676048185
1456.457394,0.9899112364744788
1456.576396,0.9908414969273247
1456.695398,0.9908057281949152
1456.8144,0.9978070081279896
1456.933402,0.9980367297412038
1457.052404,0.9921091971333328
1457.171406,0.9943243676048185
1457.290408,0.9982489349065566
1457.40941,1.0
1457.528412,0.9962114945635648
1457.647414,0.9919302367768794
1457.766416,0.9957402983757337
1457.885418,0.9889979699405548
1458.00442,0.9906399802617893
1458.123422,0.999117509623875
1458.242424,0.9903411492606676
1458.361426,0.9910548480680393
1458.480428,0.9880065022808545
1458.59943,1.0
1458.718432,0.9996583383796291
1458.837434,0.9942468133288014
1458.956436,0.9944073971559491
1459.075438,1.0
1459.19444,1.0
1459.313442,0.9986441200369709
1459.432444,0.9972597613268531
1459.551446,0.9903599659212613
1459.670448,0.9950442205970412
1459.78945,0.9975780376949864
1459.908452,0.9889218200286786
1460.027454,0.9991515401457893
1460.146456,0.9913504246920176
1460.265458,0.9946792058385564
1460.38446,0.9936851231750896
1460.503462,0.9948887073390397
1460.622464,0.994785244293648
1460.741466,0.9975809306754905
1460.860468,0.9936223242597716
1460.97947,0.9926195701245835
1461.098472,0.9985777124110665
1461.217474,0.9927741330240614
1461.336476,0.9936470657636761
1461.455478,0.9957402983757337
1461.57448,0.9970772794881279
1461.693482,1.0
1461.812484,0.9982051127402178
1461.931486,0.9929071736714109
1462.050488,0.9937996022951502
1462.16949,0.990085476184743
1462.288492,0.9942628208313561
1462.407494,0.9949062175343781
1462.526496,0.9936676344708228
1462.645498,0.9950499918702574
1462.7645,0.991008071383149
1462.883502,0.9983039399382447
1463.002504,0.9940871501118803
1463.121506,0.996142559113335
1463.240508,0.9969921327242781
1463.35951,0.9956109601116768
1463.478512,0.9914952715698718
1463.597514,0.9957976546687656
1463.716516,0.9957402983757337
1463.835518,0.9985488539321848
1463.95452,0.9986282417216953
1464.073522,0.9929071736714109
1464.192524,0.9970352037147385
1464.311526,0.9969992113935497
1464.430528,0.9947118318515715
1464.54953,0.9938646983009713
1464.668532,1.0
1464.787534,0.9966460371414662
1464.906536,0.995402600543315
1465.025538,0.9932806762921939
1465.14454,0.9963377225563005
1465.263542,0.9952142881862028
1465.382544,0.9914952715698718
1465.501546,0.9952230461104737
1465.620548,0.9957402983757337
1465.73955,0.9973968939716888
1465.858552,0.9985777124110665
1465.977554,0.9993362104058534
1466.096556,0.9971120780924141
1466.215558,0.990085476184743
1466.33456,0.9976864803214338
1466.453562,0.9981572998604452
1466.572564,0.9923326452838446
1466.691566,0.9920334028860489
1466.810568,0.9929071736714109
1466.92957,0.9938429329024105
1467.048572,0.999565584385799
1467.167574,0.9935316106827045
1467.286576,0.9943476350672487
1467.405578,0.9996738032137441
1467.52458,0.9943243676048185
1467.643582,0.9957402983757337
1467.762584,0.9959571942318213
1467.881586,1.0
1468.000588,0.9997084025228109
1468.11959,0.994433450971058
1468.238592,0.9985777124110665
1468.357594,0.9957776393370614
1468.476596,1.0
1468.595598,1.0
1468.7146,0.9957402983757337
1468.833602,0.9971574477241186
1468.952604,0.9930492688546312
1469.071606,0.9929071736714109
1469.190608,0.9953117244344428
1469.30961,0.9959901609605467
1469.428612,0.9968713046001242
1469.547614,0.9960619744399968
1469.666616,0.9929071736714109
1469.785618,0.9918873863162273
1469.90462,0.9944512514891446
1470.023622,1.0
1470.142624,0.9971574477241186
1470.261626,1.0
1470.380628,0.991798418007963
1470.49963,0.9922997996168845
1470.618632,0.9929071736714109
1470.737634,0.9986326356956255
1470.856636,0.996474429469715
1470.975638,0.9956509844767577
1471.09464,0.9952712160716091
1471.213642,0.9912636853247597
1471.332644,0.9977147152483492
1471.451646,0.9938037762622451
1471.570648,0.9948081246173894
1471.68965,0.9915665626427811
1471.808652,0.9939637915511085
1471.927654,1.0
1472.046656,0.9950583503252945
1472.165658,0.9946287768812052
1472.28466,0.9960089853524788
1472.403662,0.9985777124110665
1472.522664,0.996763149931072
1472.641666,0.9944852623035271
1472.760668,0.9971574477241186
1472.87967,0.9956510840418611
1472.998672,0.9943243676048185
1473.117674,0.9914261667577741
1473.236676,0.9872529408398623
1473.355678,0.9999452484989182
1473.47468,0.9920358829726562
1473.593682,0.9883009720923569
1473.712684,0.9929071736714109
1473.831686,0.9953434753848772
1473.950688,0.9973920067388822
1474.06969,0.9894826976944268
1474.188692,0.9934075263337592
1474.307694,0.9996566189687659
1474.426696,0.9989567445697296
1474.545698,0.9947375952216507
1474.6647,0.995290723578617
1474.783702,0.9980907249888411
1474.902704,0.9962617048881803
1475.021706,0.9951830389481694
1475.140708,0.9979827374146305
1475.25971,0.9971574477241186
1475.378712,0.9964053761844768
1475.497714,0.9914806966965054
1475.616716,0.9927946836613133
1475.735718,0.9987072363398114
1475.85472,0.9894807187310103
1475.973722,0.9957647938883674
1476.092724,0.9978486175477789
1476.211726,0.9939064414949009
1476.330728,0.9971574477241186
1476.44973,0.9957402983757337
1476.568732,0.9957402983757337
1476.687734,0.9950266084702045
1476.806736,0.9904042360011669
1476.925738,0.996309725859652
1477.04474,0.9952422541006202
1477.163742,0.9947494326694666
1477.282744,0.9969804679845641
1477.401746,0.9941832829872458
1477.520748,0.990085476184743
1477.63975,0.9972959625132368
1477.758752,0.9984111635391983
1477.877754,0.9914952715698718
1477.996756,0.9999611907530983
1478.115758,0.9917924672353073
1478.23476,0.9995562784735275
1478.353762,1.0
1478.472764,0.998760668606256
1478.591766,0.9905195257639714
1478.710768,0.9963936186704072
1478.82977,0.9997086324557699
1478.948772,0.9978107998018246
1479.067774,0.9918557456132757
1479.186776,0.9963611367678965
1479.305778,0.9933408709250561
1479.42478,0.9957402983757337
1479.543782,0.9929071736714109
1479.662784,0.9971574477241186
1479.781786,0.9898251179431159
1479.900788,0.9961187515906733
1480.01979,0.9933202096498189
1480.138792,0.9930014050333997
1480.257794,1.0
1480.376796,0.9964972489954325
1480.495798,0.9969886432579201
1480.6148,0.9973993874670407
1480.733802,0.9914952715698718
1480.852804,0.9948398595027335
1480.971806,0.9948039464320403
1481.090808,1.0
1481.20981,0.9945150973089191
1481.328812,0.9946963144680306
1481.447814,0.9939876469683695
1481.566816,0.9966423495579508
1481.685818,0.9963623324019779
1481.80482,0.9935919198818386
1481.923822,0.9983844064785617
1482.042824,0.9944810854741968
1482.161826,0.9940825773215072
1482.280828,0.9902544982011464
1482.39983,0.995789290003598
1482.518832,1.0
1482.637834,1.0
1482.756836,0.9930243436307957
1482.875838,0.996968005806603
1482.99484,0.9931678460162481
1483.113842,0.9952406617142875
1483.232844,0.9985777124110665
1483.351846,0.9959785079438338
1483.470848,0.9957402983757337
1483.58985,0.9968470809217412
1483.708852,0.9953615908009791
1483.827854,0.9876508839551726
1483.946856,0.9973212941523951
1484.065858,0.9961939613955528
1484.18486,1.0
1484.303862,0.9946422044603291
1484.422864,0.9884116680000864
1484.541866,0.9957402983757337
1484.660868,0.9951070098683417
1484.77987,0.9957402983757337
1484.898872,0.9985840034704715
1485.017874,0.9993215302647485
1485.136876,0.9963798685333457
1485.255878,0.9979722586509012
1485.37488,0.9982957538795001
1485.493882,1.0
1485.612884,0.9962362009149874
1485.731886,1.0
1485.850888,0.9948911945639171
1485.96989,0.9950999446336531
1486.088892,0.9985777124110665
1486.207894,0.9971574477241186
1486.326896,1.0
1486.445898,0.999508770692643
1486.5649,0.991703011589273
1486.683902,0.9971574477241186
1486.802904,0.9987149264151379
1486.921906,1.0
1487.040908,0.9943892991060136
1487.15991,1.0
1487.278912,1.0
1487.397914,0.9929499688928265
1487.516916,0.9984987280378879
1487.635918,0.9985777124110665
1487.75492,0.9985777124110665
1487.873922,0.9987648634098731
1487.992924,0.9947686315187854
1488.111926,0.9929071736714109
1488.230928,0.9929071736714109
1488.34993,0.9975848212487067
1488.468932,0.9978912265934449
1488.587934,0.9929071736714109
1488.706936,0.9976997496398629
1488.825938,0.9962140847168178
1488.94494,0.9966473327821567
1489.063942,0.9971574477241186
1489.182944,0.9988320825470792
1489.301946,1.0
1489.420948,0.9970479658470235
1489.53995,0.9943243676048185
1489.658952,0.9985437613460159
1489.777954,0.9979203654426865
1489.896956,0.9983996818768374
1490.015958,0.9974077656570838
1490.13496,0.9968364147150397
1490.253962,0.9970389924557113
1490.372964,0.9929071736714109
1490.491966,0.9943243676048185
1490.610968,0.9979673685988145
1490.72997,1.0
1490.848972,0.9989110932896424
1490.967974,1.0
1491.086976,0.9945845168854263
1491.205978,0.9988029170760868
1491.32498,0.9983885997018747
1491.443982,0.9971574477241186
1491.562984,0.9957402983757337
1491.681986,0.9970765815342765
1491.800988,0.9928623945676547
1491.91999,0.9929071736714109
1492.038992,0.9929071736714109
1492.157994,0.9998105979388355
1492.276996,0.9973554031239152
1492.395998,0.9983076336696559
1492.515,0.9960815970541754
1492.634002,0.9955337036987598
1492.753004,0.9919788425493132
1492.872006,0.994904725176171
1492.991008,0.9974723997744211
1493.11001,0.9953900585495629
1493.229012,1.0
1493.348014,0.999001229104006
1493.467016,0.9957402983757337
1493.586018,0.9990081222362681
1493.70502,1.0
1493.824022,1.0
1493.943024,0.9963419071835229
1494.062026,0.9957402983757337
1494.181028,0.9921662450522799
1494.30003,0.9971539576791592
1494.419032,0.9979790448853332
1494.538034,0.9933970956094941
1494.657036,1.0
1494.776038,0.9926357499554418
1494.89504,0.995906600891436
1495.014042,0.9985777124110665
1495.133044,1.0
1495.252046,0.9987354002809858
1495.371048,0.9918777650552432
1495.49005,0.9960883704320648
1495.609052,0.9957402983757337
1495.728054,0.9957402983757337
1495.847056,0.9931243462172451
1495.966058,0.9854774839369365
1496.08506,1.0
1496.204062,0.9997336054893206
1496.323064,0.9958368898692879
1496.442066,0.9985777124110665
1496.561068,0.9985777124110665
1496.68007,0.9985777124110665
1496.799072,0.9971574477241186
1496.918074,0.9958231474150309
1497.037076,0.9929071736714109
1497.156078,0.9995338186962868
1497.27508,0.99631251553079
1497.394082,0.990085476184743
1497.513084,0.9952146862719977
1497.632086,0.9906791113138429
1497.751088,0.9936560086275108
1497.87009,0.9936467676696011
1497.989092,0.9935124357076575
1498.108094,0.9971574477241186
1498.227096,0.994801956826137
1498.346098,0.993421036767988
1498.4651,0.9914952715698718
1498.584102,0.9937381873774688
1498.703104,0.9943243676048185
1498.822106,0.9979181700202975
1498.941108,0.9964042801391657
1499.06011,0.9914952715698718
1499.179112,0.9976964572361215
1499.298114,0.9993819210895127
1499.417116,0.9957402983757337
1499.536118,0.9946522503973261
1499.65512,0.9925081052057309
1499.774122,0.9990510904996314
1499.893124,0.9967212867579076
1500.012126,0.996757269045836
1500.131128,0.9925442331582851
1500.25013,0.9918220230912109
1500.369132,0.9914952715698718
1500.488134,0.9931632774546642
1500.607136,0.9959604808959852
1500.726138,0.9998147671577218
1500.84514,0.9970088823328042
1500.964142,0.9970447752986377
1501.083144,0.9927542777399544
1501.202146,0.992947784405298
1501.321148,0.9957402983757337
1501.44015,0.9971263368970811
1501.559152,0.9945252414146465
1501.678154,0.98737339304608
1501.797156,0.9926301912108065
1501.916158,0.9955654617304457
1502.03516,0.9985777124110665
1502.154162,0.9933997777852731
1502.273164,0.9940415225588505
1502.392166,0.9957402983757337
1502.511168,0.9932615061601338
1502.63017,0.9914952715698718
1502.749172,0.9919198215640732
1502.868174,0.9886775865032136
1502.987176,0.9928320134432145
1503.106178,0.9966230148839164
1503.22518,0.9971574477241186
1503.344182,0.9935129324639995
1503.463184,0.9958731389918092
1503.582186,0.9950014346154608
1503.701188,0.9936103015023859
1503.82019,0.9936567041869603
1503.939192,0.9941685691835399
1504.058194,0.997754125757954
1504.177196,0.9960377704280978
1504.296198,0.9923851410692814
1504.4152,0.9933947114593256
1504.534202,0.9920066183457639
1504.653204,0.9919094064606262
1504.772206,0.9899835026324241
1504.891208,0.984085987575831
1505.01021,0.9935223708816903
1505.129212,0.9909534683427433
1505.248214,0.9861014886609277
1505.367216,0.9922937466065685
1505.486218,0.9963345342806895
1505.60522,0.994837571373688
1505.724222,0.9998141572708998
1505.843224,0.9929636716969464
1505.962226,0.995760910413244
1506.081228,0.9971574477241186
1506.20023,0.9916482710938848
1506.319232,0.9872716988239385
1506.438234,0.9940784021834502
1506.557236,0.9904015619133397
1506.676238,0.9874652230416618
1506.79524,0.9830660193516425
1506.914242,0.9969735888430681
1507.033244,0.9960428502336806
1507.152246,0.9974966386482368
1507.271248,0.9957402983757337
1507.39025,1.0
1507.509252,0.9961087904529632
1507.628254,0.9905650907101423
1507.747256,0.9868946330591342
1507.866258,0.992112272676611
1507.98526,0.9955032408335108
1508.104262,0.9899211356363392
1508.223264,0.9908364436485763
1508.342266,0.9957612091415619
1508.461268,0.9929593026664028
1508.58027,0.9921399529951573
1508.699272,0.9882634173689617
1508.818274,0.9895559221233265
1508.937276,0.9946606055113208
1509.056278,0.9924997681726627
1509.17528,0.9943372939056181
1509.294282,0.9877002677339546
1509.413284,0.9933028266982513
1509.532286,0.9925484018528186
1509.651288,0.9925841342384644
1509.77029,0.9897993828246074
1509.889292,0.9903360985336858
1510.008294,0.9912800413105041
1510.127296,0.9918546545725556
1510.246298,0.9957402983757337
1510.3653,0.9944326554246155
1510.484302,0.9955952295827786
1510.603304,0.9886410061092544
1510.722306,0.987272686096131
1510.841308,0.9900503287742087
1510.96031,0.9955264363292488
1511.079312,0.9958473462115273
1511.198314,0.9957402983757337
1511.317316,0.9932645852755755
1511.436318,0.9902991596861243
1511.55532,0.9926569925877862
1511.674322,0.9957402983757337
1511.793324,0.9907273585613748
1511.912326,0.9932497857435117
1512.031328,0.9947184964431713
1512.15033,0.9938936201845033
1512.269332,0.9947902182323043
1512.388334,0.9929071736714109
1512.507336,0.9929071736714109
1512.626338,0.9945911806240129
1512.74534,0.9963502764906943
1512.864342,0.9899617232349405
1512.983344,0.9901381501331906
1513.102346,0.9950226283717308
1513.221348,0.9901755780626491
1513.34035,0.9939976862943024
1513.459352,0.9962075097255563
1513.578354,0.9892294225444194
1513.697356,0.994843241964006
1513.816358,0.9938405476822338
1513.93536,0.9919410488753861
1514.054362,0.9975698575886157
1514.173364,0.9946128629480869
1514.292366,0.9893530839509144
1514.411368,0.9929071736714109
1514.53037,0.990351944038026
1514.649372,0.9931390445663366
1514.768374,0.9973539070919326
1514.887376,0.9982565216272914
1515.006378,0.9972819007393012
1515.12538,0.9984005804369555
1515.244382,0.9958450557652649
1515.363384,0.9970914380860224
1515.482386,0.9914952715698718
1515.601388,0.9998332139103465
1515.72039,0.9904488051945862
1515.839392,0.9966478311059476
1515.958394,0.9959033144050758
1516.077396,0.9945231529138324
1516.196398,0.9903191639311921
1516.3154,0.9966151415931983
1516.434402,0.9935199864308615
1516.553404,0.9978906278588885
1516.672406,0.9940413237505659
1516.791408,0.9934957448389412
1516.91041,0.9971574477241186
1517.029412,0.9938789106677752
1517.148414,0.9909752695588594
1517.267416,0.9988790287581863
1517.386418,0.9932733260423853
1517.50542,0.995264945882699
1517.624422,0.9934885916953298
1517.743424,0.9943481322411906
1517.862426,1.0
1517.981428,0.9980644755479556
1518.10043,0.9914952715698718
1518.219432,0.9983024424834579
1518.338434,0.9978520102388462
1518.457436,0.9934064335860812
1518.576438,0.9943243676048185
1518.69544,0.9980142741674108
1518.814442,0.9984281366732498
1518.933444,0.9922046426289518
1519.052446,0.9971574477241186
1519.171448,0.9963080321345578
1519.29045,1.0
1519.409452,0.9983651378454597
1519.528454,1.0
1519.647456,0.9982967521757531
1519.766458,0.9959486290367813
1519.88546,0.9985092123295748
1520.004462,0.995772560884051
1520.123464,0.999992829525708
1520.242466,1.0
1520.361468,1.0
1520.48047,1.0
1520.599472,1.0
1520.718474,1.0
1520.837476,0.9975964930593954
1520.956478,0.989183919037571
1521.07548,0.9985393677631318
1521.194482,1.0
1521.313484,0.9978845407446243
1521.432486,0.9963594429554037
1521.551488,1.0
1521.67049,0.9990498616675458
1521.789492,0.9994913394116833
1521.908494,0.9991219756891248
1522.027496,0.9994192087245851
1522.146498,1.0
1522.2655,0.9985777124110665
1522.384502,0.9978449255147243
1522.503504,0.9964350695071154
1522.622506,1.0
1522.741508,0.9993743857782359
1522.86051,0.9954972678319848
1522.979512,1.0
1523.098514,1.0
1523.217516,0.9995186458880808
1523.336518,0.999022577988384
1523.45552,0.9995907837518181
1523.574522,1.0
1523.693524,1.0
1523.812526,1.0
1523.931528,1.0
1524.05053,0.9952841546815189
1524.169532,0.9959320964267603
1524.288534,0.9971574477241186
1524.407536,1.0
1524.526538,1.0
1524.64554,1.0
1524.764542,1.0
1524.883544,1.0
1525.002546,0.9986374291437812
1525.121548,0.9985777124110665
1525.24055,0.9998680187102968
1525.359552,1.0
1525.478554,0.998781642800525
1525.597556,0.9995196254168338
1525.716558,1.0
1525.83556,0.9971574477241186
1525.954562,1.0
1526.073564,0.9989618392621183
1526.192566,1.0
1526.311568,1.0
1526.43057,1.0
1526.549572,1.0
1526.668574,1.0
1526.787576,1.0
1526.906578,1.0
1527.02558,0.9985011244377109
1527.144582,0.9978696723757368
1527.263584,1.0
1527.382586,0.9985777124110665
1527.501588,1.0
1527.62059,0.9994305721855895
1527.739592,0.9980451132849445
1527.858594,0.9971574477241186
1527.977596,0.9985777124110665
1528.096598,0.9963102240146395
1528.2156,0.9950982529651852
1528.334602,0.9985777124110665
1528.453604,0.9985777124110665
1528.572606,0.9968775849091261
1528.691608,0.995983886242298
1528.81061,0.9973656759374724
1528.929612,1.0
1529.048614,0.9997269272911411
1529.167616,0.9972576670835533
1529.286618,1.0
1529.40562,1.0
1529.524622,0.9985855013476
1529.643624,0.9956965863361213
1529.762626,1.0
1529.881628,0.9973889148284537
1530.00063,0.9998478815711817
1530.119632,1.0
1530.238634,1.0
1530.357636,1.0
1530.476638,0.9997035739428878
1530.59564,1.0
1530.714642,1.0
1530.833644,1.0
1530.952646,0.9961790185982031
1531.071648,0.999046654722637
1531.19065,1.0
1531.309652,1.0
1531.428654,1.0
1531.547656,1.0
1531.666658,1.0
1531.78566,1.0
1531.904662,0.999306450616633
1532.023664,0.9965023311443618
1532.142666,0.9983979845988209
1532.261668,0.9979932162883873
1532.38067,0.9957402983757337
1532.499672,0.9990904838607648
1532.618674,1.0
1532.737676,0.9995589073099967
1532.856678,0.9943243676048185
1532.97568,0.9989462555789789
1533.094682,1.0
1533.213684,0.998281378524147
1533.332686,0.9974175403010829
1533.451688,1.0
1533.57069,0.9996229011196628
1533.689692,1.0
1533.808694,1.0
1533.927696,0.9944042150573695
1534.046698,0.9985777124110665
1534.1657,0.9985859007818805
1534.284702,1.0
1534.403704,1.0
1534.522706,0.9973570986295418
1534.641708,0.999727667089341
1534.76071,1.0
1534.879712,0.9937352061673785
1534.998714,0.9978459233601487
1535.117716,1.0
1535.236718,1.0
1535.35572,0.9964426424424208
1535.474722,0.9996112855690382
1535.593724,0.997009979043178
1535.712726,0.99244964819991
1535.831728,0.9975859185926137
1535.95073,1.0
1536.069732,0.9963068365656366
1536.188734,0.9965545492346157
1536.307736,0.9993588156465971
1536.426738,1.0
1536.54574,0.9971618352265411
1536.664742,0.9992506409098667
1536.783744,0.9993626431981908
1536.902746,0.9949225341301414
1537.021748,1.0
1537.14075,1.0
1537.259752,0.994757589648258
1537.378754,0.9966507213888487
1537.497756,0.9963185930556712
1537.616758,0.9954729779949869
1537.73576,1.0
1537.854762,0.9954289790617432
1537.973764,0.9962912943002161
1538.092766,1.0
1538.211768,0.9967498930693361
1538.33077,0.9944918259279182
1538.449772,0.9974214302370754
1538.568774,1.0
1538.687776,1.0
1538.806778,1.0
1538.92578,1.0
1539.044782,0.98877250410749
1539.163784,0.9957402983757337
1539.282786,0.9943243676048185
1539.401788,0.9968458847059619
1539.52079,0.9998075985115409
1539.639792,0.9961952564485445
1539.758794,0.9943243676048185
1539.877796,0.9932063816762605
1539.996798,0.997569757831635
1540.1158,1.0
1540.234802,0.9937203002510806
1540.353804,0.9971574477241186
1540.472806,0.9957402983757337
1540.591808,0.9943243676048185
1540.71081,0.996606371418541
1540.829812,0.9954965709841412
1540.948814,0.9959114808457363
1541.067816,0.9992385300654907
1541.186818,0.9943243676048185
1541.30582,0.9950100911655979
1541.424822,0.9984615845760776
1541.543824,0.9993827805583345
1541.662826,0.9957402983757337
1541.781828,0.9991223453643241
1541.90083,0.9971574477241186
1542.019832,1.0
1542.138834,0.9958505329281339
1542.257836,0.9918927425225751
1542.376838,0.9964667566461485
1542.49584,0.9968299352994022
1542.614842,0.9977412548127494
1542.733844,0.9997434729087024
1542.852846,0.9941047456101569
1542.971848,0.9932737233517951
1543.09085,0.9987258124671647
1543.209852,0.9984656782769664
1543.328854,0.9941728441175786
1543.447856,0.9916144564643832
1543.566858,0.9971456813356573
1543.68586,0.9873990650880342
1543.804862,0.9925686500467473
1543.923864,0.9972614566698884
1544.042866,0.9970175563478124
1544.161868,0.9973334615464048
1544.28087,0.9902958917042894
1544.399872,0.9912488164809964
1544.518874,0.9963057406287191
1544.637876,1.0
1544.756878,1.0
1544.87588,0.9975494076161482
1544.994882,0.9995710220373685
1545.113884,0.9971304251234432
1545.232886,0.9924096532849904
1545.351888,0.9994628143359113
1545.47089,0.996035778354549
1545.589892,0.9920996729307565
1545.708894,0.9922664589037445
1545.827896,0.9935856602724612
1545.946898,0.9928966489111513
1546.0659,0.9992464440659882
1546.184902,0.9958957455686479
1546.303904,0.9949183554642732
1546.422906,0.9957402983757337
1546.541908,0.9962629004029435
1546.66091,0.9957402983757337
1546.779912,0.9952895292304654
1546.898914,0.9943243676048185
1547.017916,0.993945005812974
1547.136918,0.9914952715698718
1547.25592,0.9926008097919938
1547.374922,0.9886775865032136
1547.493924,0.994794396359995
1547.612926,0.9953409870292992
1547.731928,0.994650957350241
1547.85093,1.0
1547.969932,0.9970657134587689
1548.088934,0.9942130095118163
1548.207936,0.9886775865032136
1548.326938,0.9942600368993553
1548.44594,0.9999477283662095
1548.564942,0.9945000802443288
1548.683944,0.9889237978742965
1548.802946,0.9897677097511289
1548.921948,0.9943243676048185
1549.04095,0.9929071736714109
1549.159952,0.9954726793531383
1549.278954,0.9971574477241186
1549.397956,0.9960796048929734
1549.516958,0.9918691357562247
1549.63596,0.9914952715698718
1549.754962,0.9891216024136659
1549.873964,0.9924255319664721
1549.992966,0.9929071736714109
1550.111968,0.9920479858842561
1550.23097,0.9894985295442443
1550.349972,0.9966938772994036
1550.468974,0.9970665111116587
1550.587976,0.9936057309055114
1550.706978,0.9921748769361605
1550.82598,0.9992263094529972
1550.944982,0.9953239668439441
1551.063984,0.9946283790297741
1551.182986,0.9960796048929734
1551.301988,0.9944129658529655
1551.42099,0.9971745989797198
1551.539992,0.990942567914544
1551.658994,0.9971574477241186
1551.777996,0.9904234500297208
1551.896998,0.9875926142719919
1552.016,0.9889623666544999
1552.135002,0.9917454573865025
1552.254004,0.9929071736714109
1552.373006,0.9930864095918138
1552.492008,0.9940376458044722
1552.61101,0.9885708150896313
1552.730012,0.9917093585088572
1552.849014,0.9985419639688631
1552.968016,0.9943248647671266
1553.087018,0.9901214169398492
1553.20602,0.9914234899107376
1553.325022,0.9942162904201612
1553.444024,0.9943243676048185
1553.563026,0.9904431596524864
1553.682028,0.9872716988239385
1553.80103,0.9935700611000488
1553.920032,0.9920689183175947
1554.039034,0.988356318496479
1554.158036,0.9989175862328509
1554.277038,1.0
1554.39604,1.0
1554.515042,0.9952577800008858
1554.634044,0.9975691592899598
1554.753046,0.9973588938739351
1554.872048,0.9929071736714109
1554.99105,0.9935179993928757
1555.110052,0.9914952715698718
1555.229054,0.9950577532904635
1555.348056,0.992929315748267
1555.467058,0.9942303089686867
1555.58606,0.995904111128046
1555.705062,0.993497433783143
1555.824064,0.9957402983757337
1555.943066,0.9909790352720386
1556.062068,0.9948350842828684
1556.18107,0.998655005317204
1556.300072,0.9906775262285329
1556.419074,0.990085476184743
1556.538076,0.9918328340101821
1556.657078,0.9954373407002861
1556.77608,0.9895539430134614
1556.895082,0.9912358312065542
1557.014084,0.9996078269199736
1557.133086,0.9883612602904259
1557.252088,0.9891680922214813
1557.37109,0.9986654912498109
1557.490092,0.9998964353631873
1557.609094,0.9928915851511545
1557.728096,0.994283799998205
1557.847098,0.9916074160267359
1557.9661,0.9886775865032136
1558.085102,0.990085476184743
1558.204104,0.9874346120942197
1558.323106,0.9937251694924815
1558.442108,0.9962119926694366
1558.56111,0.9929071736714109
1558.680112,0.9976525595577591
1558.799114,1.0
1558.918116,0.9947034763072774
1559.037118,0.9957402983757337
1559.15612,0.9929071736714109
1559.275122,0.9957402983757337
1559.394124,0.9842513279099429
1559.513126,0.9881606433178987
1559.632128,0.9994024186229158
1559.75113,0.997789746216065
1559.870132,0.9957402983757337
1559.989134,0.9992942291734762
1560.108136,0.9993190519504266
1560.227138,0.9953409870292992
1560.34614,0.9993911754089495
1560.465142,0.9977289826707891
1560.584144,1.0
1560.703146,0.9994993753543566
1560.822148,0.9957402983757337
1560.94115,0.9985777124110665
1561.060152,0.9945678080058975
1561.179154,0.9957425885810537
1561.298156,0.9983992825170445
1561.417158,0.9858678103000946
1561.53616,0.9938935207951463
1561.655162,1.0
1561.774164,0.9971574477241186
1561.893166,0.9985777124110665
1562.012168,0.9956369458968488
1562.13117,0.992974495059955
1562.250172,0.9942928480219535
1562.369174,0.9914997333086328
1562.488176,0.9914952715698718
1562.607178,0.9941718499452316
1562.72618,0.9944364342758859
1562.845182,0.9886775865032136
1562.964184,0.9978393375987875
1563.083186,0.9987984224730728
1563.202188,0.9945799418071712
1563.32119,0.9929071736714109
1563.440192,0.9982490347314551
1563.559194,0.9911717003229317
1563.678196,0.9925087999616476
1563.797198,0.9919290464613095
1563.9162,0.9962139850954144
1564.035202,0.9897914644612184
1564.154204,0.9898736205621996
1564.273206,0.9951612446782646
1564.392208,0.9979608818320006
1564.51121,0.9897449453555962
1564.630212,0.9873990650880342
1564.749214,1.0
1564.868216,0.992353385252863
1564.987218,0.9927365075974262
1565.10622,0.9943243676048185
1565.225222,0.9951901047728297
1565.344224,0.9938096397218222
1565.463226,0.9948022552667688
1565.582228,0.9967146087476577
1565.70123,0.9929071736714109
1565.820232,0.9954353498275956
1565.939234,0.997235029591447
1566.058236,0.9878642395876858
1566.177238,0.9976842854135914
1566.29624,0.9995440839613168
1566.415242,0.9943243676048185
1566.534244,0.9946342473545219
1566.653246,1.0
1566.772248,0.9955735258433454
1566.89125,0.994466267816415
1567.010252,1.0
1567.129254,1.0
1567.248256,0.9986383279178719
1567.367258,0.9890602787753687
1567.48626,0.9912319653943509
1567.605262,0.9996621970682625
1567.724264,0.992512372999759
1567.843266,0.9872716988239385
1567.962268,0.993497433783143
1568.08127,0.9971574477241186
1568.200272,0.9921889659194445
1568.319274,0.997038892751817
1568.438276,1.0
1568.557278,0.9952343917178692
1568.67628,0.9966656712617933
1568.795282,0.9985777124110665
1568.914284,0.9940325762254061
1569.033286,0.9967766063244264
1569.152288,1.0
1569.27129,0.9971574477241186
1569.390292,0.9978658804781864
1569.509294,0.9943243676048185
1569.628296,0.9979379289956771
1569.747298,0.9949258173799214
1569.8663,1.0
1569.985302,0.9960963391709032
1570.104304,0.998148216670345
1570.223306,0.9990794839350923
1570.342308,0.9953178953862643
1570.46131,0.9943243676048185
1570.580312,0.995389660393619
1570.699314,0.9946387232187056
1570.818316,0.998857453204182
1570.937318,0.9983341890058959
1571.05632,0.9971574477241186
1571.175322,0.9987492827995331
1571.294324,0.9997286468229348
1571.413326,0.9958393794646245
1571.532328,1.0
1571.65133,0.9956582527554736
1571.770332,0.9943071659420537
1571.889334,1.0
1572.008336,1.0
1572.127338,0.9972740222434054
1572.24634,0.9998470217023733
1572.365342,0.9987665613115843
1572.484344,0.9957402983757337
1572.603346,0.9960002205119731
1572.722348,0.9957402983757337
1572.84135,0.9985777124110665
1572.960352,0.996476123477685
1573.079354,0.9918974044294204
1573.198356,0.9976963574664808
1573.317358,0.994331825065541
1573.43636,0.9947165070081679
1573.555362,0.9962876080292469
1573.674364,0.9937405723519804
1573.793366,0.9993780934640849
1573.912368,0.9970514555210109
1574.03137,0.99363275734895
1574.150372,0.9978487173326457
1574.269374,0.9937789314783997
1574.388376,0.9967957446189949
1574.507378,0.9982479366581208
1574.62638,0.9917170938720214
1574.745382,1.0
1574.864384,0.9995237034652247
1574.983386,0.9967187949578055
1575.102388,0.9947263547503336
1575.22139,0.998945456422294
1575.340392,0.9972517832806748
1575.459394,0.9883849812453233
1575.578396,0.9925267645335059
1575.697398,0.9976838863399572
1575.8164,0.9858678103000946
1575.935402,0.9909867649386593
1576.054404,1.0
1576.173406,0.9984190510185459
1576.292408,0.9958266328021462
1576.41141,1.0
1576.530412,0.9972148856473038
1576.649414,0.9999351261044022
1576.768416,0.9945251419621273
1576.887418,0.9968843636997513
1577.00642,0.9946685628279941
1577.125422,0.9876844646560958
1577.244424,0.9947633592590098
1577.363426,1.0
1577.482428,0.993853666464047
1577.60143,0.9939721408820246
1577.720432,0.9908571523466537
1577.839434,0.9862878794556599
1577.958436,0.986815684646468
1578.077438,0.9951729876502352
1578.19644,0.9968039183776132
1578.315442,0.9906498867111242
1578.434444,0.9929071736714109
1578.553446,0.9907214142150566
1578.672448,0.9937148348044592
1578.79145,0.994328245477414
1578.910452,0.9886775865032136
1579.029454,0.9921265591962002
1579.148456,0.9955189699089754
1579.267458,0.9968885506228714
1579.38646,0.9886775865032136
1579.505462,0.9938862653989267
1579.624464,0.9957402983757337
1579.743466,0.9930711161788657
1579.862468,0.987004184443393
1579.98147,0.995393841038972
1580.100472,0.9883691672121359
1580.219474,0.9951473125183644
1580.338476,0.9931328871233485
1580.457478,0.9878751061540872
1580.57648,0.9929071736714109
1580.695482,0.9914952715698718
1580.814484,0.990085476184743
1580.933486,0.990085476184743
1581.052488,0.9887003263492103
1581.17149,0.9956891186397278
1581.290492,0.9972063096361642
1581.409494,0.9929071736714109
1581.528496,0.9929071736714109
1581.647498,0.9929071736714109
1581.7665,0.9929071736714109
1581.885502,0.9967003558306612
1582.004504,0.9936984386449537
1582.123506,0.9926078572827619
1582.242508,0.9921656497527115
1582.36151,0.9897152534526162
1582.480512,0.9929071736714109
1582.599514,0.994851897137861
1582.718516,0.9938655927796024
1582.837518,0.9923929809428633
1582.95652,0.9934586881387705
1583.075522,0.9886775865032136
1583.194524,0.9944926215216972
1583.313526,0.9928109656276372
1583.432528,0.9886775865032136
1583.55153,0.9921343970269773
1583.670532,0.9950907897562751
1583.789534,0.9921066176527735
1583.908536,0.9957402983757337
1584.027538,0.9923668813506756
1584.14654,0.9919992775239492
1584.265542,0.9947938989629211
1584.384544,0.9938899427849118
1584.503546,0.9929071736714109
1584.622548,0.9907740229189
1584.74155,0.9913852217026082
1584.860552,0.9965759753877547
1584.979554,0.9914952715698718
1585.098556,0.9957402983757337
1585.217558,0.9929071736714109
1585.33656,0.992614408516239
1585.455562,0.9888980861898051
1585.574564,0.9957402983757337
1585.693566,0.991456405717002
1585.812568,0.9929132304236433
1585.93157,0.9943571808503651
1586.050572,0.9914267616136526
1586.169574,0.9929071736714109
1586.288576,0.990085476184743
1586.407578,0.9941476918627997
1586.52658,0.9902966839413196
1586.645582,0.9964110557113076
1586.764584,0.9937585592191207
1586.883586,0.990085476184743
1587.002588,0.990085476184743
1587.12159,0.9955874639702738
1587.240592,0.9956072763579394
1587.359594,0.986327331759879
1587.478596,0.9933253749283388
1587.597598,0.9934427929269223
1587.7166,0.9934787562069577
1587.835602,0.987874118279475
1587.954604,0.9945817320526777
1588.073606,0.9949431292397565
1588.192608,0.99148148988138
1588.31161,0.9950749679385017
1588.430612,0.9929071736714109
1588.549614,0.9923152796145022
1588.668616,0.9911952904901212
1588.787618,0.9952185676168428
1588.90662,0.9891196241724394
1589.025622,0.9918780626186173
1589.144624,0.9954992588285115
1589.263626,0.9886775865032136
1589.382628,0.9935907275722502
1589.50163,0.9960465355990443
1589.620632,0.9983065355318628
1589.739634,0.9929071736714109
1589.858636,0.9945226556523803
1589.977638,0.995577607703169
1590.09664,0.9944509531538138
1590.215642,0.9956494910014011
1590.334644,0.9914952715698718
1590.453646,0.9929827367824672
1590.572648,0.9999829521453163
1590.69165,0.9958989324401327
1590.810652,0.9914952715698718
1590.929654,0.9930317913413019
1591.048656,0.9968358166133703
1591.167658,0.9961334942572924
1591.28666,0.9940917229232883
1591.405662,0.9985777124110665
1591.524664,0.9946283790297741
1591.643666,0.9957402983757337
1591.762668,0.9894253093622382
1591.88167,0.9906748514028231
1592.000672,0.9938760284231136
1592.119674,0.9933910359056929
1592.238676,0.990085476184743
1592.357678,0.9969070929223559
1592.47668,0.9932659758469683
1592.595682,0.9894619187759546
1592.714684,0.9936603807235674
1592.833686,0.9971574477241186
1592.952688,0.9957402983757337
1593.07169,0.9965115986591353
1593.190692,0.9951308927231716
1593.309694,0.9931779763799422
1593.428696,0.9878049695114306
1593.547698,0.9981632888222112
1593.6667,0.9943610588509324
1593.785702,0.9903877954273064
1593.904704,0.9977877506385681
1594.023706,0.9907823454556471
1594.142708,0.990085476184743
1594.26171,0.9931933707578822
1594.380712,0.9940738294333176
1594.499714,0.9947526158727442
1594.618716,0.9968001305299202
1594.737718,0.9930496660744181
1594.85672,0.9956335607369875
1594.975722,0.9929071736714109
1595.094724,0.9957402983757337
1595.213726,0.9929093580695958
1595.332728,0.9914952715698718
1595.45173,0.9984314314915372
1595.570732,0.9959579909978954
1595.689734,0.9929071736714109
1595.808736,0.9943243676048185
1595.927738,0.9981433257560661
1596.04674,0.9964982454931797
1596.165742,0.9889643445812111
1596.284744,0.9922604060968063
1596.403746,0.9996381054996178
1596.522748,0.9948857226773946
1596.64175,0.9872716988239385
1596.760752,0.9910292791827993
1596.879754,0.9933170310302338
1596.998756,0.9948637359458777
1597.117758,0.9937481248090296
1597.23676,0.9971574477241186
1597.355762,0.9935547602389248
1597.474764,0.9957894891614759
1597.593766,0.9964597814032654
1597.712768,0.9957402983757337
1597.83177,0.9936985380148025
1597.950772,0.9914952715698718
1598.069774,0.9934606750581337
1598.188776,0.9952227475436046
1598.307778,0.993388850447818
1598.42678,0.9971574477241186
1598.545782,0.9935050837428355
1598.664784,0.9936542200483051
1598.783786,0.9971574477241186
1598.902788,0.9954381370504772
1599.02179,0.9943243676048185
1599.140792,0.9929071736714109
1599.259794,0.9943243676048185
1599.378796,0.9927491154311322
1599.497798,0.993151856142646
1599.6168,0.9955668555230678
1599.735802,0.9929071736714109
1599.854804,0.9914658245975959
1599.973806,0.9886775865032136
1600.092808,0.9997707462826505
1600.21181,0.9918659617800687
1600.330812,0.9926500440131582
1600.449814,0.9905776709666788
1600.568816,0.9872716988239385
1600.687818,0.9872716988239385
1600.80682,0.9886775865032136
1600.925822,0.9847711498319902
1601.044824,0.9890583006567892
1601.163826,0.9918740951143019
1601.282828,0.9914952715698718
1601.40183,0.9872124642990626
1601.520832,0.9853848534071495
1601.639834,0.9895648281667028
1601.758836,0.9914952715698718
1601.877838,0.9892689925127153
1601.99684,0.9886775865032136
1602.115842,0.9851267163929823
1602.234844,0.9922168468211117
1602.353846,0.9895361312027939
1602.472848,0.9862375800564532
1602.59185,0.9917004331647947
1602.710852,0.9844659180889069
1602.829854,0.9858678103000946
1602.948856,0.9825746092047412
1603.067858,0.9816681112536056
1603.18686,0.9839069002235356
1603.305862,0.9879037549475712
1603.424864,0.9827170928528907
1603.543866,0.9830660193516425
1603.662868,0.9816681112536056
1603.78187,0.9830660193516425
1603.900872,0.9844659180889069
1604.019874,0.9828939978505764
1604.138876,0.9816681112536056
1604.257878,0.982964768766144
1604.37688,0.9817338852204629
1604.495882,0.9844659180889069
1604.614884,0.9816789096622206
1604.733886,0.981627863686125
1604.852888,0.9843901171315883
1604.97189,0.9818909752089622
1605.090892,0.9749968877896498
1605.209894,0.9759118639271186
1605.328896,0.981014537955577
1605.447898,0.9844659180889069
1605.5669,0.9730790076901786
1605.685902,0.9751275461265266
1605.804904,0.975419152855852
1605.923906,0.9743136544725653
1606.042908,0.9727881005596626
1606.16191,0.9723971183359299
1606.280912,0.9747054072987056
1606.399914,0.9741733634075204
1606.518916,0.9736357681008747
1606.637918,0.9634969082565148
1606.75692,0.9693922017617593
1606.875922,0.9747054072987056
1606.994924,0.9726421932878976
1607.113926,0.9678937114067735
1607.232928,0.967623706728695
1607.35193,0.9719353393859034
1607.470932,0.9681027990290876
1607.589934,0.9664158991518378
1607.708936,0.9673305611593528
1607.827938,0.9654769992771227
1607.94694,0.9681899322019342
1608.065942,0.9677949912830219
1608.184944,0.9660941362339194
1608.303946,0.9653389459372751
1608.422948,0.9677949912830219
1608.54195,0.9664158991518378
1608.660952,0.9676101600916275
1608.779954,0.9621508806712777
1608.898956,0.9609143498984356
1609.017958,0.9594826941673085
1609.13696,0.9637503412683666
1609.255962,0.9622615343850216
1609.374964,0.958185391904985
1609.493966,0.9649914864631957
1609.612968,0.9583022976539031
1609.73197,0.9607875175753665
1609.850972,0.9595613749740992
1609.969974,0.957027645764735
1610.088976,0.9568276478872763
1610.207978,0.958210305049044
1610.32698,0.960316847015459
1610.445982,0.9568142523939746
1610.564984,0.9496811331938558
1610.683986,0.9577993209905616
1610.802988,0.9536343136924604
1610.92199,0.9536352673272509
1611.040992,0.9541017090086704
1611.159994,0.9546504752465241
1611.278996,0.9541017090086704
1611.397998,0.9547201672749451
1611.517,0.9514168351566842
1611.636002,0.9520868684326743
1611.755004,0.9480557219748669
1611.874006,0.9487063113267756
1611.993008,0.9487063113267756
1612.11201,0.9500439806861947
1612.231012,0.9500439806861947
1612.350014,0.9464084857613604
1612.469016,0.9432782225921116
1612.588018,0.9500439806861947
1612.70702,0.9422157468527862
1612.826022,0.939959020388288
1612.945024,0.9416797785902581
1613.064026,0.9411488209392653
1613.183028,0.9457764960009525
1613.30203,0.9389077945150417
1613.421032,0.9397785655805894
1613.540034,0.9416006808110097
1613.659036,0.9368069948293902
1613.778038,0.9405052952566162
1613.89704,0.9326129582013674
1614.016042,0.9326288127564201
1614.135044,0.9326381390911793
1614.254046,0.9352251280620444
1614.373048,0.9289995728164475
1614.49205,0.9310093116339861
1614.611052,0.9351222589558621
1614.730054,0.9268606948050064
1614.849056,0.9255399333809212
1614.968058,0.9299811145281528
1615.08706,0.9273325869850338
1615.206062,0.9332604162363106
1615.325064,0.9307393580787697
1615.444066,0.9277481250575813
1615.563068,0.9233887058798699
1615.68207,0.9298583651226741
1615.801072,0.9254298006818745
1615.920074,0.9251660907691277
1616.039076,0.9271832984565782
1616.158078,0.9254075906331798
1616.27708,0.927986586966764
1616.396082,0.9214765037748429
1616.515084,0.9225681780989814
1616.634086,0.9256121283112907
1616.753088,0.9246906775901262
1616.87209,0.9255121675994086
1616.991092,0.9202913263397551
1617.110094,0.9251503630792703
1617.229096,0.9274410912450864
1617.348098,0.9207580323421838
1617.4671,0.922087645267864
1617.586102,0.9194615978272116
1617.705104,0.9223578565319446
1617.824106,0.9200438012665846
1617.943108,0.9155511914924312
1618.06211,0.9152079241622687
1618.181112,0.9119017727740947
1618.300114,0.9167375983180307
1618.419116,0.9142300896370122
1618.538118,0.9155118236376121
1618.65712,0.9142300896370122
1618.776122,0.9116802075645737
1618.895124,0.907807433968119
1619.014126,0.9116255083931114
1619.133128,0.9090292564582385
1619.25213,0.9188200375625082
1619.371132,0.9088965478747579
1619.490134,0.9107325530144879
1619.609136,0.912141634480766
1619.728138,0.9100479395815344
1619.84714,0.9083940670325413
1619.966142,0.9083259400323083
1620.085144,0.9081324872105383
1620.204146,0.9094984365926354
1620.323148,0.9094884321648574
1620.44215,0.9114696337588373
1620.561152,0.9098286444542195
1620.680154,0.9033276005962958
1620.799156,0.9064703115117948
1620.918158,0.9051632181469539
1621.03716,0.9058196994258187
1621.156162,0.9038878373641173
1621.275164,0.9020187247397531
1621.394166,0.9025871755795521
1621.513168,0.8997934877886095
1621.63217,0.8984268406021576
1621.751172,0.9043308509338863
1621.870174,0.9000814677790429
1621.989176,0.8936599011121779
1622.108178,0.8988492004640333
1622.22718,0.9016489728669234
1622.346182,0.8946524143453505
1622.465184,0.891883286227073
1622.584186,0.8887849266635072
1622.703188,0.8896563628256129
1622.82219,0.8885805296369337
1622.941192,0.8871865527635837
1623.060194,0.8834416796359438
1623.179196,0.8809010278932
1623.298198,0.8760606108248212
1623.4172,0.8809803125534666
1623.536202,0.879809387575485
1623.655204,0.8774107835316366
1623.774206,0.8689844917182344
1623.893208,0.8671962262111574
1624.01221,0.8708722355265287
1624.131212,0.8665114117297867
1624.250214,0.8638725781908033
1624.369216,0.858035332733489
1624.488218,0.8596585529722889
1624.60722,0.8560384376943525
1624.726222,0.850568780288856
1624.845224,0.8465381588867191
1624.964226,0.845785075097306
1625.083228,0.8455060120704558
1625.20223,0.8379473572366113
1625.321232,0.8344270143839242
1625.440234,0.8280514407640663
1625.559236,0.8305310196951461
1625.678238,0.828092844371186
1625.79724,0.8228758008174817
1625.916242,0.8187880662366345
1626.035244,0.8153400610051076
1626.154246,0.8125807378935087
1626.273248,0.8064285322794393
1626.39225,0.8043104117888916
1626.511252,0.8024144772997334
1626.630254,0.7997628762006237
1626.749256,0.7947481555393664
1626.868258,0.7864941456963006
1626.98726,0.7881790453677253
1627.106262,0.7848520894782652
1627.225264,0.7796423422772936
1627.344266,0.771784432857314
1627.463268,0.7702732168443969
1627.58227,0.7639064079522376
1627.701272,0.7595569319344174
1627.820274,0.7532184402181197
1627.939276,0.7479344040301218
1628.058278,0.74376511473204
1628.17728,0.7416929021426921
1628.296282,0.7354740659480781
1628.415284,0.7293876007485424
1628.534286,0.7259820420003336
1628.653288,0.7241693536998167
1628.77229,0.7144516168501606
1628.891292,0.7124824490891918
1629.010294,0.7112438075584175
1629.129296,0.6981509073120942
1629.248298,0.6927542224897199
1629.3673,0.6912111017926271
1629.486302,0.6873992538733508
1629.605304,0.6795258523349208
1629.724306,0.6741989726428063
1629.843308,0.6699112754952476
1629.96231,0.661993196690834
1630.081312,0.6574017209124291
1630.200314,0.6543388123338526
1630.319316,0.6496314999551932
1630.438318,0.6427496354555312
1630.55732,0.6383746131540146
1630.676322,0.630205072915496
1630.795324,0.6229431601943539
1630.914326,0.6188019555863503
1631.033328,0.6185421133356964
1631.15233,0.6102357018324642
1631.271332,0.6080063214185717
1631.390334,0.5996015066490081
1631.509336,0.5968258002769254
1631.628338,0.5890112472570789
1631.74734,0.5877462334526098
1631.866342,0.5762463608033157
1631.985344,0.5758719223744664
1632.104346,0.568110123302161
1632.223348,0.5654349618676847
1632.34235,0.5555148153283731
1632.461352,0.5546599809042178
1632.580354,0.5467519789243421
1632.699356,0.5413929086820102
1632.818358,0.5353631378524896
1632.93736,0.5339249462466177
1633.056362,0.5229863053810011
1633.175364,0.5196914546263911
1633.294366,0.5146748175409331
1633.413368,0.5104257998161201
1633.53237,0.5005388804636464
1633.651372,0.4982765673430879
1633.770374,0.4884393357305095
1633.889376,0.4845667917905026
1634.008378,0.4725649883617293
1634.12738,0.46917473998553944
1634.246382,0.4601144574068484
1634.365384,0.4549717271926347
1634.484386,0.44433344329320035
1634.603388,0.4354653715881093
1634.72239,0.42685111643865703
1634.841392,0.4204078363203491
1634.960394,0.4095484777138856
1635.079396,0.40613892423142517
1635.198398,0.396868614068777
1635.3174,0.3925466089078291
1635.436402,0.38929027710699576
1635.555404,0.3858679756571033
1635.674406,0.3731629841311717
1635.793408,0.36976411635986767
1635.91241,0.36520369959017424
1636.031412,0.36374580252979655
1636.150414,0.35625803260154915
1636.269416,0.35547512644237295
1636.388418,0.34780962621535977
1636.50742,0.34041153372449867
1636.626422,0.33038388920839357
1636.745424,0.32765305158138164
1636.864426,0.3180966536778223
1636.983428,0.31499453169676334
1637.10243,0.3042212640667041
1637.221432,0.29647274120450046
1637.340434,0.28897936349817077
1637.459436,0.2841366484572524
1637.578438,0.27441876497258016
1637.69744,0.26775042027526297
1637.816442,0.25908476314341966
1637.935444,0.253726084840919
1638.054446,0.24536705645292634
1638.173448,0.24012395735392023
1638.29245,0.23212018561709066
1638.411452,0.2263212112653523
1638.530454,0.22042451021818818
1638.649456,0.21660063776128136
1638.768458,0.20733902987648362
1638.88746,0.2017148928720251
1639.006462,0.1956359000763208
1639.125464,0.19251138194792936
1639.244466,0.18676577263152921
1639.363468,0.1814273465330939
1639.48247,0.17461006346168442
1639.601472,0.17206206916968583
1639.720474,0.16679329294963877
1639.839476,0.16309865758735254
1639.958478,0.15755195533034191
1640.07748,0.15460218649679647
1640.196482,0.15045368244513557
1640.315484,0.14575910291853902
1640.434486,0.14273007783646505
1640.553488,0.13921998096049917
1640.67249,0.13563334861142584
1640.791492,0.1320466512860209
1640.910494,0.1302890285310629
1641.029496,0.12661554354395818
1641.148498,0.12320569540679309
1641.2675,0.12024788001073883
1641.386502,0.11771368515259692
1641.505504,0.11540587688403774
1641.624506,0.1128720954526491
1641.743508,0.11060389207074602
1641.86251,0.10843547319638318
1641.981512,0.10615022194214137
1642.100514,0.10520967660199483
1642.219516,0.10315732798108682
1642.338518,0.101327239962605
1642.45752,0.10007854012602176
1642.576522,0.09925132593077943
1642.695524,0.09783234799834366
1642.814526,0.0971110606777137
1642.933528,0.09608711990808975
1643.05253,0.09577055503172162
1643.171532,0.09470390918210547
1643.290534,0.09517861450234763
1643.409536,0.09387417098394513
1643.528538,0.09318206606516596
1643.64754,0.09298658904913375
1643.766542,0.09381786337532658
1643.885544,0.09303309396891943
1644.004546,0.09306100808401803
1644.123548,0.09286578502300014
1644.24255,0.09323799208093204
1644.361552,0.092680239060765
1644.480554,0.0938929476957505
1644.599556,0.09362105258589525
1644.718558,0.0941279737251172
1644.83756,0.09394930036847918
1644.956562,0.09425984517680958
1645.075564,0.09400568686295706
1645.194566,0.09500744709312688
1645.313568,0.09537869960863289
1645.43257,0.09615440443886371
1645.551572,0.09489350653462311
1645.670574,0.09592391057148836
1645.789576,0.09763687883666505
1645.908578,0.09990855113938517
1646.02758,0.09685889987105091
1646.146582,0.097734564550218
1646.265584,0.09594309727220877
1646.384586,0.0969752003172078
1646.503588,0.09465656906353034
1646.62259,0.09598148218758892
1646.741592,0.0932566415442324
1646.860594,0.09417504947993774
1646.979596,0.09167551017506329
1647.098598,0.0917947658376764
1647.2176,0.09134607168351135
1647.336602,0.09371472046461483
1647.455604,0.0921995526853712
1647.574606,0.0925413229153297
1647.693608,0.08993213038201353
1647.81261,0.09019331209055392
1647.931612,0.08877057912866156
1648.050614,0.09083596331858797
1648.169616,0.08893051006575517
1648.288618,0.0900041048722766
1648.40762,0.08890383491420825
1648.526622,0.09261538559478372
1648.645624,0.09235642522881812
1648.764626,0.09076332360769154
1648.883628,0.08979733330951932
1649.00263,0.0948745297310598
1649.121632,0.09870694206608834
1649.240634,0.10176388520892647
1649.359636,0.10158087497417441
1649.478638,0.10611838165184109
1649.59764,0.10913168572853912
1649.716642,0.1074961764450497
1649.835644,0.10293063131729294
1649.954646,0.10276607398815411
1650.073648,0.102540237137004
1650.19265,0.10293063131729294
1650.311652,0.09993852820106143
1650.430654,0.09903321302589926
1650.549656,0.0949694517138721
1650.668658,0.09334061030189524
1650.78766,0.08930480367439804
1650.906662,0.08886828049160116
1651.025664,0.08639720095941206
1651.144666,0.08719572277636402
1651.263668,0.08442430034848353
1651.38267,0.08531542572316037
1651.501672,0.08295972748189699
1651.620674,0.0852131086148356
1651.739676,0.08337556484639022
1651.858678,0.08505135742076192
1651.97768,0.08353412900785037
1652.096682,0.0858975475893149
1652.215684,0.08700410304524685
1652.334686,0.09119091528195752
1652.453688,0.09046429830290449
1652.57269,0.09258760514638092
1652.691692,0.09363977866895831
1652.810694,0.09841126497728105
1652.929696,0.09904311684238444
1653.048698,0.10511503049019194
1653.1677,0.10908804178361861
1653.286702,0.11412054237220477
1653.405704,0.11662402266497625
1653.524706,0.12393475762836002
1653.643708,0.12922502686588472
1653.76271,0.13729821047204965
1653.881712,0.1422029523320156
1654.000714,0.15146510660488677
1654.119716,0.15867455472519007
1654.238718,0.16873936051789504
1654.35772,0.17684175249734455
1654.476722,0.18826589128657736
1654.595724,0.1962433123691754
1654.714726,0.20946471052290125
1654.833728,0.22073332064935644
1654.95273,0.2304318780820744
1655.071732,0.23546335093329712
1655.190734,0.2467449665163038
1655.309736,0.25668644431459786
1655.428738,0.26625520842239453
1655.54774,0.26965821290875414
1655.666742,0.27689968123434916
1655.785744,0.27990640487403745
1655.904746,0.295525544755239
1656.023748,0.31264090982365395
1656.14275,0.33726038202814196
1656.261752,0.35519086006293177
1656.380754,0.3747410593209402
1656.499756,0.3857522326267288
1656.618758,0.3990973128397913
1656.73776,0.41041353731880076
1656.856762,0.4272867267008908
1656.975764,0.4388006803954974
1657.094766,0.4468644384727544
1657.213768,0.4581356315284309
1657.33277,0.46724104413989104
1657.451772,0.46932020670111096
1657.570774,0.47475328969170255
1657.689776,0.4799516064781737
1657.808778,0.48039816909162764
1657.92778,0.4832215668383781
1658.046782,0.4844408208015753
1658.165784,0.48623170958806794
1658.284786,0.4874829322141004
1658.403788,0.49007835132350425
1658.52279,0.4936739499735284
1658.641792,0.4999485929228414
1658.760794,0.4968883132352068
1658.879796,0.5018168833700165
1658.998798,0.5082001057544354
1659.1178,0.5074840485442876
1659.236802,0.5105789505275231
1659.355804,0.5125330921527416
1659.474806,0.5165413167056406
1659.593808,0.5185442046897869
1659.71281,0.5233525239563153
1659.831812,0.5265968572184123
1659.950814,0.5314001305418397
1660.069816,0.5348708302618811
1660.188818,0.5422869443579338
1660.30782,0.549514564766604
1660.426822,0.5541277628281006
1660.545824,0.5573733368147088
1660.664826,0.5671224711941338
1660.783828,0.5756588891767598
1660.90283,0.5821949044161308
1661.021832,0.5929886619391483
1661.140834,0.5988644501784836
1661.259836,0.60560943341922
1661.378838,0.6166029371996474
1661.49784,0.624783555765725
1661.616842,0.6333829901938716
1661.735844,0.6424219167168306
1661.854846,0.653939787373315
1661.973848,0.6620991240762694
1662.09285,0.6732153603544406
1662.211852,0.6823108044157306
1662.330854,0.6913493578381293
1662.449856,0.7032590238891545
1662.568858,0.7132166840778603
1662.68786,0.723134531598171
1662.806862,0.7309428520928168
1662.925864,0.7446730619071742
1663.044866,0.7524731229552226
1663.163868,0.75984561841551
1663.28287,0.7652214575924025
1663.401872,0.7754979033343133
1663.520874,0.7864705512258485
1663.639876,0.7929461233066837
1663.758878,0.7974469236139891
1663.87788,0.8083097014707017
1663.996882,0.8182478444057325
1664.115884,0.8302735949819326
1664.234886,0.8333096309987157
1664.353888,0.8415582888117733
1664.47289,0.8474783379459283
1664.591892,0.8549092124092476
1664.710894,0.8626381232496348
1664.829896,0.8665200768872298
1664.948898,0.8713949156562031
1665.0679,0.878139336789745
1665.186902,0.8912324490126131
1665.305904,0.8884117153741655
1665.424906,0.8900924012640905
1665.543908,0.901333450945977
1665.66291,0.9025871755795521
1665.781912,0.90384264410209
1665.900914,0.9113110518395903
1666.019916,0.9130542323381257
1666.138918,0.9126516641944645
1666.25792,0.9226668981754679
1666.376922,0.9233887058798699
1666.495924,0.9233887058798699
1666.614926,0.922087645267864
1666.733928,0.9267012884748373
1666.85293,0.931937058849792
1666.971932,0.9330187330878241
1667.090934,0.9318019377727738
1667.209936,0.9419434858455562
1667.328938,0.9394356089975364
1667.44794,0.9369297245843363
1667.566942,0.9443286757225846
1667.685944,0.9452592977242645
1667.804946,0.9460933842029231
1667.923948,0.9453273588438715
1668.04295,0.9486123940509361
1668.161952,0.9536200092850383
1668.280954,0.9479286910193864
1668.399956,0.9522125521942533
1668.518958,0.9487063113267756
1668.63796,0.9532367310853855
1668.756962,0.9527583263360193
1668.875964,0.9558913720018211
1668.994966,0.9523830134969274
1669.113968,0.9520992456424157
1669.23297,0.9561055156523429
1669.351972,0.9576527889044405
1669.470974,0.9511714012755458
1669.589976,0.953174772711534
1669.708978,0.9583827984278912
1669.82798,0.9623029125206237
1669.946982,0.9579995219689221
1670.065984,0.956969268858857
1670.184986,0.9581738937492712
1670.303988,0.9582150961125468
1670.42299,0.9676943458375823
1670.541992,0.9638650343830825
1670.660994,0.958210305049044
1670.779996,0.9712416252390034
1670.898998,0.9645245435930374
1671.018,0.9607096969382213
1671.137002,0.9598003355058192
1671.256004,0.9653032290570418
1671.375006,0.9659869057362
1671.494008,0.9643567309225779
1671.61301,0.964425202681192
1671.732012,0.9599711951715985
1671.851014,0.9586540591414268
1671.970016,0.9635855540497184
1672.089018,0.9683177417082267
1672.20802,0.9628515815365748
1672.327022,0.9644531714176146
1672.446024,0.9621633887140286
1672.565026,0.9567912891274774
1672.684028,0.9581767682752642
1672.80303,0.9616516539247562
1672.922032,0.958210305049044
1673.041034,0.961493955985097
1673.160036,0.9598521661233507
1673.279038,0.9568276478872763
1673.39804,0.9554804270713523
1673.517042,0.9581192793938514
1673.636044,0.9642506575163207
1673.755046,0.9564698612572368
1673.874048,0.9585342348732069
1673.99305,0.9562412922754776
1674.112052,0.9570898545834743
1674.231054,0.9520916288789176
1674.350056,0.9506075238407727
1674.469058,0.9551709015588219
1674.58806,0.9529984516887797
1674.707062,0.9538460440112959
1674.826064,0.9488078283331506
1674.945066,0.9527421295821444
1675.064068,0.9487423628515806
1675.18307,0.9447234876189744
1675.302072,0.9432244572657502
1675.421074,0.9485839361059859
1675.540076,0.9448245784404121
1675.659078,0.9496649887518197
1675.77808,0.9464501286508706
1675.897082,0.9457500146298053
1676.016084,0.9425616034926926
1676.135086,0.9453528830271353
1676.254088,0.9440274829178357
1676.37309,0.9360821867523027
1676.492092,0.9375445521250484
1676.611094,0.9370852678283493
1676.730096,0.93747611387077
1676.849098,0.938494765958401
1676.9681,0.9387435000271885
1677.087102,0.9378089769708986
1677.206104,0.9332557499458952
1677.325106,0.9312951753704962
1677.444108,0.9273325869850338
1677.56311,0.929386117034362
1677.682112,0.9222591695211448
1677.801114,0.9262954821885497
1677.920116,0.9258380052264616
1678.039118,0.9194615978272116
1678.15812,0.9190267953303364
1678.277122,0.9155511914924312
1678.396124,0.9185021808218987
1678.515126,0.9142374035069848
1678.634128,0.9077484284026128
1678.75313,0.9124125807797406
1678.872132,0.9161565708858553
1678.991134,0.9075569136897326
1679.110136,0.9066298643268568
1679.229138,0.9087738551227419
1679.34814,0.9049713438840972
1679.467142,0.9025239966885485
1679.586144,0.9013154244572236
1679.705146,0.9025781497529256
1679.824148,0.9026232797886548
1679.94315,0.8951267058010869
1680.062152,0.8924721234909051
1680.181154,0.8959237231893779
1680.300156,0.8963538698034373
1680.419158,0.8868228808347906
1680.53816,0.8904307006493832
1680.657162,0.8870800967647398
1680.776164,0.8822763059346794
1680.895166,0.8825939825831818
1681.014168,0.8810067423592883
1681.13317,0.8801437786730484
1681.252172,0.8755876658016246
1681.371174,0.8747650001092222
1681.490176,0.8767880429743873
1681.609178,0.8725546419410519
1681.72818,0.8692713039219122
1681.847182,0.8716127916184776
1681.966184,0.8648406575015944
1682.085186,0.8636480005168364
1682.204188,0.8612590058405744
1682.32319,0.8599422871083273
1682.442192,0.859443665196137
1682.561194,0.8558158966321436
1682.680196,0.85628672484118
1682.799198,0.8526125969605233
1682.9182,0.8469784732011402
1683.037202,0.8493618297585303
1683.156204,0.8502201185694742
1683.275206,0.8484450141519331
1683.394208,0.843934832537941
1683.51321,0.8429985845875656
1683.632212,0.8398264631297048
1683.751214,0.8325849668943404
1683.870216,0.838207161184886
1683.989218,0.8332346365067286
1684.10822,0.8323352288668492
1684.227222,0.8310045573217749
1684.346224,0.8287141469638131
1684.465226,0.8229251748467368
1684.584228,0.8215602522556734
1684.70323,0.8286395660467779
1684.822232,0.8290208279306699
1684.941234,0.8307303710610799
1685.060236,0.8230157015948497
1685.179238,0.8220533363174529
1685.29824,0.8170132225347809
1685.417242,0.8207555175928533
1685.536244,0.8100332360475333
1685.655246,0.8106004578172245
1685.774248,0.8084228727507123
1685.89325,0.8066059660735425
1686.012252,0.8066059660735425
1686.131254,0.8077440826693487
1686.250256,0.805219796259673
1686.369258,0.8043104117888916
1686.48826,0.8043104117888916
1686.607262,0.802566950534919
1686.726264,0.8008913372341374
1686.845266,0.8020213905199826
1686.964268,0.7977021474631835
1687.08327,0.7918288571305785
1687.202272,0.7965702142765508
1687.321274,0.7977500110279239
1687.440276,0.7967375115871517
1687.559278,0.7967454790021046
1687.67828,0.7958934172738907
1687.797282,0.7959252536473048
1687.916284,0.7875960086243541
1688.035286,0.7901835648049482
1688.154288,0.7839735472135548
1688.27329,0.7879032309721814
1688.392292,0.7916625905291852
1688.511294,0.7867773345596882
1688.630296,0.782172480076142
1688.749298,0.789330627224158
1688.8683,0.7816876834409814
1688.987302,0.7817424034940017
1689.106304,0.7784348327084332
1689.225306,0.7805394467070913
1689.344308,0.782845437739326
1689.46331,0.782751501923059
1689.582312,0.7849619764627017
1689.701314,0.7810782047754775
1689.820316,0.7763747112682641
1689.939318,0.7822350563775667
1690.05832,0.7808673421279265
1690.177322,0.7843028852595328
1690.296324,0.7865020106770824
1690.415326,0.782055163003131
1690.534328,0.7847422178769299
1690.65333,0.7862110587625554
1690.772332,0.7880371859072935
1690.891334,0.7852603186951916
1691.010336,0.7841617234451306
1691.129338,0.7885890050515966
1691.24834,0.7912985094826025
1691.367342,0.7906657238230288
1691.486344,0.7856609035981937
1691.605346,0.7883603473970939
1691.724348,0.7897016998141813
1691.84335,0.7873203982559636
1691.962352,0.7888729482001152
1692.081354,0.7911007095812497
1692.200356,0.7914409560341144
1692.319358,0.7892201286714258
1692.43836,0.7887546261322622
1692.557362,0.7878559581965205
1692.676364,0.7867379966764155
1692.795366,0.7888729482001152
1692.914368,0.782845437739326
1693.03337,0.7862110587625554
1693.152372,0.7839735472135548
1693.271374,0.7852053523967258
1693.390376,0.7862110587625554
1693.509378,0.7885022650318294
1693.62838,0.7906894441505466
1693.747382,0.7895674619357558
1693.866384,0.787344018222209
1693.985386,0.7851346870949965
1694.104388,0.7839735472135548
1694.22339,0.793525185308613
1694.342392,0.7941999684583365
1694.461394,0.7971519228307623
1694.580396,0.7974788221288996
1694.699398,0.8013479754258821
1694.8184,0.805469453091323
1694.937402,0.8031771332573899
1695.056404,0.805469453091323
1695.175406,0.8031771332573899
1695.294408,0.8116386907305416
1695.41341,0.8162455909489668
1695.532412,0.8187553153690067
1695.651414,0.829900055916784
1695.770416,0.8486995858400226
1695.889418,0.8466566825254244
1696.00842,0.8352535061740967
1696.127422,0.8429817247844725
1696.246424,0.8418613043352672
1696.365426,0.841785540227313
1696.484428,0.8393898668937366
1696.60343,0.841785540227313
1696.722432,0.8361393443019051
1696.841434,0.8366411784436737
1696.960436,0.8374363652171078
1697.079438,0.8361727905445975
1697.19844,0.8378887029745278
1697.317442,0.8390793500921367
1697.436444,0.8444582343719168
1697.555446,0.8422907631031554
1697.674448,0.838207161184886
1697.79345,0.839557761656032
1697.912452,0.8420717959717092
1698.031454,0.8439601509626916
1698.150456,0.8420296934344829
1698.269458,0.8513431501637739
1698.38846,0.8442133769899853
1698.507462,0.8525870189662863
1698.626464,0.8563723577952405
1698.745466,0.8584472885546887
1698.864468,0.86128484399832
1698.98347,0.8609145711297728
1699.102472,0.86947995407187
1699.221474,0.8708461097513515
1699.340476,0.8757890741258284
1699.459478,0.8782622849030626
1699.57848,0.878815764470309
1699.697482,0.8853254158804752
1699.816484,0.9014776758358118
1699.935486,0.8970802105662744
1700.054488,0.8996045509952315
1700.17349,0.9016579894017346
1700.292492,0.9138014162567377
1700.411494,0.9150862096025527
1700.530496,0.9130861897955097
1700.649498,0.918134853419948
1700.7685,0.9254427567897766
1700.887502,0.9300201745552178
1701.006504,0.930492744826578
1701.125506,0.9391237681437954
1701.244508,0.9417202716913329
1701.36351,0.946515435962824
1701.482512,0.944183260303798
1701.601514,0.9460129696829314
1701.720516,0.9526649605950345
1701.839518,0.9556772763141048
1701.95852,0.9510848486162354
1702.077522,0.9601948945200355
1702.196524,0.9612007450454628
1702.315526,0.965547481670646
1702.434528,0.9650513177901083
1702.55353,0.9665956692271787
1702.672532,0.969606461113135
1702.791534,0.9787647123645608
1702.910536,0.9731695082461045
1703.029538,0.9733193878908108
1703.14854,0.9677862811672959
1703.267542,0.9690820458847825
1703.386544,0.9720665595138799
1703.505546,0.9689725458004689
1703.624548,0.9786022509069823
1703.74355,0.9734907071787346
1703.862552,0.9747054072987056
1703.981554,0.9707939860385316
1704.100556,0.9719353393859034
1704.219558,0.9694833289116339
1704.33856,0.9740116640506127
1704.457562,0.9733193878908108
1704.576564,0.9719353393859034
1704.695566,0.970553258981383
1704.814568,0.972832849841514
1704.93357,0.9769595793559178
1705.052572,0.9749929878098985
1705.171574,0.968384557937538
1705.290576,0.9755947441061045
1705.409578,0.973923033021957
1705.52858,0.9733096547455977
1705.647582,0.9754396368731434
1705.766584,0.9739366680398642
1705.885586,0.9755098710553984
1706.004588,0.969463939438951
1706.12359,0.9731082004982993
1706.242592,0.9793100361679282
1706.361594,0.9714951523870444
1706.480596,0.9709590350449262
1706.599598,0.976466339321934
1706.7186,0.9771461964569406
1706.837602,0.9763950598808948
1706.956604,0.9772165535159092
1707.075606,0.9730887385289096
1707.194608,0.9717400000149513
1707.31361,0.9722561309756019
1707.432612,0.9759674924887614
1707.551614,0.9747960591168285
1707.670616,0.976037764677989
1707.789618,0.9719353393859034
1707.90862,0.9705687879577581
1708.027622,0.970553258981383
1708.146624,0.970553258981383
1708.265626,0.9718157986910624
1708.384628,0.9747054072987056
1708.50363,0.9721258573825768
1708.622632,0.969398018132419
1708.741634,0.9714145216356187
1708.860636,0.9736153219644297
1708.979638,0.9691731438786343
1709.09864,0.970553258981383
1709.217642,0.9677949912830219
1709.336644,0.9728834384649985
1709.455646,0.9696433068587219
1709.574648,0.9759587088208556
1709.69365,0.9727170896202526
1709.812652,0.9650513177901083
1709.931654,0.9707143841953967
1710.050656,0.9676179010038719
1710.169658,0.9623029125206237
1710.28866,0.9664158991518378
1710.407662,0.9650513177901083
1710.526664,0.9670104277286147
1710.645666,0.9658623014625086
1710.764668,0.963659752994003
1710.88367,0.9655358951703851
1711.002672,0.9668895589796028
1711.121674,0.9618795923763759
1711.240676,0.9626811718883416
1711.359678,0.9623029125206237
1711.47868,0.9653630797125945
1711.597682,0.9644927148082766
1711.716684,0.9595613749740992
1711.835686,0.9615439549707706
1711.954688,0.9660651538445704
1712.07369,0.9595613749740992
1712.192692,0.9624058844411629
1712.311694,0.9623722008246741
1712.430696,0.9679014545874374
1712.549698,0.9691712055342849
1712.6687,0.9609825772393203
1712.787702,0.9622326669720034
1712.906704,0.9675879053138763
1713.025706,0.9653283272672726
1713.144708,0.9662429261874317
1713.26371,0.9640771080178913
1713.382712,0.9634188681676124
1713.501714,0.9617507091463667
1713.620716,0.9578951057118169
1713.739718,0.96537273339166
1713.85872,0.9654316229245093
1713.977722,0.9617478238985672
1714.096724,0.9595613749740992
1714.215726,0.9609143498984356
1714.334728,0.958210305049044
1714.45373,0.9617401299467518
1714.572732,0.9623029125206237
1714.691734,0.9615468396069624
1714.810736,0.958210305049044
1714.929738,0.9656971531295434
1715.04874,0.9625675822119815
1715.167742,0.9572841635456472
1715.286744,0.9589973187344004
1715.405746,0.9578979794014446
1715.524748,0.9599222378890659
1715.64375,0.955940123704951
1715.762752,0.9645293662278119
1715.881754,0.9642525860195642
1716.000756,0.9595613749740992
1716.119758,0.9595613749740992
1716.23876,0.9606241975799716
1716.357762,0.958210305049044
1716.476764,0.9609143498984356
1716.595766,0.959374278748454
1716.714768,0.9597139573626985
1716.83377,0.9607961647019366
1716.952772,0.9594769372884141
1717.071774,0.955530113345392
1717.190776,0.9623972228271802
1717.309778,0.9664729193719677
1717.42878,0.9607010505898574
1717.547782,0.9582975061543936
1717.666784,0.958210305049044
1717.785786,0.9594059386220378
1717.904788,0.9595613749740992
1718.02379,0.958210305049044
1718.142792,0.9606558987015574
1718.261794,0.9574191501290376
1718.380796,0.9613103281765177
1718.499798,0.9616478073258337
1718.6188,0.9568276478872763
1718.737802,0.9577705874419373
1718.856804,0.9550371869928417
1718.975806,0.9514168351566842
1719.094808,0.9557527778012032
1719.21381,0.9538994608854191
1719.332812,0.9535046282446086
1719.451814,0.9554804270713523
1719.570816,0.9595738493530571
1719.689818,0.9589541648260277
1719.80882,0.9554804270713523
1719.927822,0.9548901225902945
1720.046824,0.9546571578232398
1720.165826,0.9563187509571862
1720.284828,0.9550620182825089
1720.40383,0.9559353440162817
1720.522832,0.9539843617154687
1720.641834,0.9574555327480079
1720.760836,0.9527583263360193
1720.879838,0.9565234250692399
1720.99884,0.9538326902601563
1721.117842,0.9554804270713523
1721.236844,0.9537001167302839
1721.355846,0.9532624688245827
1721.474848,0.9624366819222221
1721.59385,0.9604119230895016
1721.712852,0.9501104860925047
1721.831854,0.9527888150902796
1721.950856,0.9554766051572878
1722.069858,0.9555176915346604
1722.18886,0.9527583263360193
1722.307862,0.9581010753004824
1722.426864,0.9530413375840312
1722.545866,0.9502216555226624
1722.664868,0.9484947734067044
1722.78387,0.9585764113074161
1722.902872,0.9560405026877443
1723.021874,0.9613564721797174
1723.140876,0.9544958343957812
1723.259878,0.9543345382296783
1723.37888,0.9517089649647084
1723.497882,0.9496156074563294
1723.616884,0.9590778778926115
1723.735886,0.9568276478872763
1723.854888,0.9557766719193234
1723.97389,0.9465826409445259
1724.092892,0.9537087000699594
1724.211894,0.9588640273710607
1724.330896,0.958210305049044
1724.449898,0.9549330936126518
1724.5689,0.9506474501952217
1724.687902,0.9552301239905949
1724.806904,0.958210305049044
1724.925906,0.9531252089120228
1725.044908,0.9536781818798509
1725.16391,0.9546275639100553
1725.282912,0.9531442716068274
1725.401914,0.9554804270713523
1725.520916,0.9568276478872763
1725.639918,0.9549044460495589
1725.75892,0.9527583263360193
1725.877922,0.952974627025297
1725.996924,0.9571970546502794
1726.115926,0.957608737889332
1726.234928,0.9531023341815068
1726.35393,0.9579659925724211
1726.472932,0.9515081755571283
1726.591934,0.9568046842992911
1726.710936,0.9514615527987929
1726.829938,0.9579803621700814
1726.94894,0.9583923823037948
1727.067942,0.9554804270713523
1727.186944,0.9592380572728255
1727.305946,0.9621037364331682
1727.424948,0.9634304292633968
1727.54395,0.9614468439355084
1727.662952,0.9571310103320637
1727.781954,0.958210305049044
1727.900956,0.9544748357184109
1728.019958,0.9597043602711104
1728.13896,0.9586435140047747
1728.257962,0.9613526267615196
1728.376964,0.9614304994780898
1728.495966,0.9595613749740992
1728.614968,0.9566324749554233
1728.73397,0.9548633860411754
1728.852972,0.9589215609386927
1728.971974,0.9588832048433823
1729.090976,0.9588534799247708
1729.209978,0.9589522469196159
1729.32898,0.958210305049044
1729.447982,0.9590203349462435
1729.566984,0.9587163736804716
1729.685986,0.9604416963206001
1729.804988,0.9559439474730933
1729.92399,0.9558827690181865
1730.042992,0.958210305049044
1730.161994,0.9592255872591362
1730.280996,0.9565272511705923
1730.399998,0.9541017090086704
1730.519,0.9575292596624793
1730.638002,0.9605175742117467
1730.757004,0.9554804270713523
1730.876006,0.9568276478872763
1730.995008,0.9554804270713523
1731.11401,0.9568276478872763
1731.233012,0.959615111915718
1731.352014,0.9650368421289092
1731.471016,0.9556906558896301
1731.590018,0.9539509728471174
1731.70902,0.958210305049044
1731.828022,0.9554804270713523
1731.947024,0.9605559956831394
1732.066026,0.9609143498984356
1732.185028,0.9609143498984356
1732.30403,0.9546695684469604
1732.423032,0.957248744686849
1732.542034,0.9599116788025243
1732.661036,0.9554804270713523
1732.780038,0.9610325496326078
1732.89904,0.960479154277182
1733.018042,0.9542238418437582
1733.137044,0.9547363976557467
1733.256046,0.9718585595269363
1733.375048,0.9592140766211531
1733.49405,0.9562049557967686
1733.613052,0.9561370676549645
1733.732054,0.9575014917165862
1733.851056,0.9609143498984356
1733.970058,0.9583665060588035
1734.08906,0.9533110864502317
1734.208062,0.9606184338520773
1734.327064,0.9562403360346634
1734.446066,0.9554775606343707
1734.565068,0.9555645130486633
1734.68407,0.9576049074620413
1734.803072,0.9588515622197286
1734.922074,0.9551575292598063
1735.041076,0.9524782565603509
1735.160078,0.9535027212372591
1735.27908,0.9577792074160141
1735.398082,0.9512351318943831
1735.517084,0.950191248916194
1735.636086,0.9542142996530507
1735.755088,0.9567520614887952
1735.87409,0.9554374314195435
1735.993092,0.9527430823247504
1736.112094,0.9487328754753891
1736.231096,0.9513549950722235
1736.350098,0.9501408901145214
1736.4691,0.9511571338115329
1736.588102,0.9554804270713523
1736.707104,0.9479343786085952
1736.826106,0.9531728663638949
1736.945108,0.9508433037421846
1737.06411,0.9473383153659924
1737.183112,0.9476775231974724
1737.302114,0.946973660315178
1737.421116,0.9496450459964556
1737.540118,0.952323967580533
1737.65912,0.9474131580491534
1737.778122,0.9471933836912972
1737.897124,0.9519535856011097
1738.016126,0.9479201596995581
1738.135128,0.9466053592005266
1738.25413,0.9447197087325817
1738.373132,0.9480244366522523
1738.492134,0.9399947395097218
1738.611136,0.9431848426704573
1738.730138,0.9454408049335621
1738.84914,0.9422411870213919
1738.968142,0.937974983850998
1739.087144,0.941092353704043
1739.206146,0.9384375195237116
1739.325148,0.9349034659470469
1739.44415,0.931293312782008
1739.563152,0.9369344092446709
1739.682154,0.9487063113267756
1739.801156,0.9393219441657087
1739.920158,0.9341810648118798
1740.03916,0.9366215254064928
1740.158162,0.9369372200521148
1740.277164,0.9403755144809502
1740.396166,0.9368023108061261
1740.515168,0.9419237052400505
1740.63417,0.9339083237630857
1740.753172,0.9339307378318239
1740.872174,0.9339989172642046
1740.991176,0.9274114136050114
1741.110178,0.9336169898165306
1741.22918,0.9329310334488615
1741.348182,0.9252280789737909
1741.467184,0.9269070389983419
1741.586186,0.9299811145281528
1741.705188,0.9286716938412872
1741.82419,0.9309823127554344
1741.943192,0.9270609183384475
1742.062194,0.922087645267864
1742.181196,0.9313957606809452
1742.300198,0.926917235031849
1742.4192,0.9237433552312453
1742.538202,0.9265335707205381
1742.657204,0.9226263017250765
1742.776206,0.9248663855105922
1742.895208,0.9280487641510031
1743.01421,0.9286299045553303
1743.133212,0.9246906775901262
1743.252214,0.9254131430953809
1743.371216,0.922087645267864
1743.490218,0.925768569979924
1743.60922,0.9255140186255949
1743.728222,0.9268653291200663
1743.847224,0.9220811906769382
1743.966226,0.9232954483301616
1744.085228,0.9232151251202672
1744.20423,0.9171731521130688
1744.323232,0.917836508076331
1744.442234,0.9192124574942403
1744.561236,0.9257852339641589
1744.680238,0.9216810942673853
1744.79924,0.9194615978272116
1744.918242,0.9197347184781753
1745.037244,0.9246906775901262
1745.156246,0.9232474382151222
1745.275248,0.9167687679262538
1745.39425,0.9142410604639127
1745.513252,0.9206981850151407
1745.632254,0.9195875726951954
1745.751256,0.9193641400631947
1745.870258,0.920630055870259
1745.98926,0.9194615978272116
1746.108262,0.917034669422806
1746.227264,0.9166165969413193
1746.346266,0.9178759758947302
1746.465268,0.918134853419948
1746.58427,0.9161987150574247
1746.703272,0.9142300896370122
1746.822274,0.9168421123614263
1746.941276,0.9103064299002634
1747.060278,0.9120257998488418
1747.17928,0.9126087705742554
1747.298282,0.9116255083931114
1747.417284,0.9088583750213827
1747.536286,0.9105832051226553
1747.655288,0.9148080656748526
1747.77429,0.9103419325433266
1747.893292,0.91224471230925
1748.012294,0.9148172138012499
1748.131296,0.9152042633378936
1748.250298,0.9108482233936344
1748.3693,0.9160264858890429
1748.488302,0.9168421123614263
1748.607304,0.918134853419948
1748.726306,0.9168421123614263
1748.845308,0.9198083001988832
1748.96431,0.916875119271592
1749.083312,0.910620539799421
1749.202314,0.9126909090597835
1749.321316,0.9101234766952665
1749.440318,0.9105221980916706
1749.55932,0.9100424793102778
1749.678322,0.9065854405518962
1749.797324,0.9117112052185881
1749.916326,0.908876552370656
1750.035328,0.9039239936007317
1750.15433,0.9115662546608331
1750.273332,0.9104848674468322
1750.392334,0.9026684120809421
1750.511336,0.9086902517738836
1750.630338,0.9043218076705933
1750.74934,0.9024066761949764
1750.868342,0.9120914680704585
1750.987344,0.9087275088379709
1751.106346,0.8970084470200093
1751.225348,0.9068674324713784
1751.34435,0.9145803068236533
1751.463352,0.909410219522883
1751.582354,0.9077484284026128
1751.701356,0.9056086680219658
1751.820358,0.9068003267643173
1751.93936,0.9090292564582385
1752.058362,0.9090292564582385
1752.177364,0.9070361255017836
1752.296366,0.9057744095731032
1752.415368,0.9051632181469539
1752.53437,0.9077012267115905
1752.653372,0.9097431245811378
1752.772374,0.9095939389422633
1752.891376,0.9098095382533018
1753.010378,0.9100151784454135
1753.12938,0.9120194156905874
1753.248382,0.9103164433260661
1753.367384,0.9164488714514295
1753.486386,0.9138708678034986
1753.605388,0.9126087705742554
1753.72439,0.9096203175489805
1753.843392,0.9152829742890631
1753.962394,0.910802682121006
1754.081396,0.9185324918939958
1754.200398,0.9178071377779998
1754.3194,0.9152866354282826
1754.438402,0.9076522121687526
1754.557404,0.9092256279849948
1754.676406,0.9156491607111806
1754.795408,0.9233877824916258
1754.91441,0.9195618246036349
1755.033412,0.9180026515198209
1755.152414,0.9170420057295066
1755.271416,0.9165762666983257
1755.390418,0.9243596975765064
1755.50942,0.9233887058798699
1755.628422,0.9236195819146418
1755.747424,0.9173731176556816
1755.866426,0.9237904673437107
1755.985428,0.925029176319613
1756.10443,0.9207580323421838
1756.223432,0.9252225276219711
1756.342434,0.9233850123324335
1756.461436,0.9134752473757435
1756.580438,0.9169750641064872
1756.69944,0.9273325869850338
1756.818442,0.9218912615150341
1756.937444,0.9262556523391635
1757.056446,0.9319892487863923
1757.175448,0.930681654027413
1757.29445,0.9272621123864916
1757.413452,0.9345492046702054
1757.532454,0.925143887049395
1757.651456,0.9277917302441729
1757.770458,0.9320172088832552
1757.88946,0.927371535771606
1758.008462,0.9335385692830946
1758.127464,0.9303615545986859
1758.246466,0.9349455375496184
1758.365468,0.9293470836371537
1758.48447,0.9284636946786426
1758.603472,0.9353027549691456
1758.722474,0.9326381390911793
1758.841476,0.9354842213052751
1758.960478,0.9351512481952207
1759.07948,0.933953152438506
1759.198482,0.9325551379904039
1759.317484,0.9340988604952194
1759.436486,0.9433244443574426
1759.555488,0.9420197863580387
1759.67449,0.9366749143550115
1759.793492,0.9444967811878058
1759.912494,0.9383361737443736
1760.031496,0.944202144157842
1760.150498,0.9377536478734817
1760.2695,0.9395079483244576
1760.388502,0.9473383153659924
1760.507504,0.9443758933368013
1760.626506,0.9453179056175494
1760.745508,0.9396517040375828
1760.86451,0.9425201316945252
1760.983512,0.9451439831242757
1761.102514,0.9482358696755318
1761.221516,0.9473383153659924
1761.340518,0.9465305803309539
1761.45952,0.9454445867043453
1761.578522,0.9475022190718125
1761.697524,0.9577016304421233
1761.816526,0.9568065979105733
1761.935528,0.9527011625513699
1762.05453,0.9549817964423376
1762.173532,0.95043833076016
1762.292534,0.9601056005470792
1762.411536,0.9549607870739197
1762.530538,0.9577887852559774
1762.64954,0.9577590942638472
1762.768542,0.9603859923176452
1762.887544,0.9591881781907147
1763.006546,0.9585486129945656
1763.125548,0.9598656041477424
1763.24455,0.9623029125206237
1763.363552,0.9577341928511162
1763.482554,0.9556810990308555
1763.601556,0.9585438202634825
1763.720558,0.9623029125206237
1763.83956,0.9610152512024007
1763.958562,0.9650513177901083
1764.077564,0.9622721193201168
1764.196566,0.9622981010180899
1764.315568,0.9636992638538427
1764.43457,0.9622278558206964
1764.553572,0.963659752994003
1764.672574,0.9621576157510152
1764.791576,0.9689938634309695
1764.910578,0.962940167956989
1765.02958,0.9656710796584024
1765.148582,0.9677949912830219
1765.267584,0.9650513177901083
1765.386586,0.9660651538445704
1765.505588,0.9701641451470694
1765.62459,0.9676866043137817
1765.743592,0.9623029125206237
1765.862594,0.9690694479000731
1765.981596,0.9697024569044984
1766.100598,0.9699895313166591
1766.2196,0.9711532462724106
1766.338602,0.9684281362231493
1766.457604,0.9670848903983258
1766.576606,0.9684697795283315
1766.695608,0.9699129051704577
1766.81461,0.9664158991518378
1766.933612,0.969744155006648
1767.052614,0.9681018309267726
1767.171616,0.9696743359410042
1767.290618,0.9677804744670291
1767.40962,0.9663366562971087
1767.528622,0.9701573540218223
1767.647624,0.971637972671479
1767.766626,0.9754376859958205
1767.885628,0.972518675572891
1768.00463,0.9772253485044683
1768.123632,0.9777062616708704
1768.242634,0.976546412844728
1768.361636,0.968248025340643
1768.480638,0.9792267983525113
1768.59964,0.9800232334465693
1768.718642,0.9747980087108964
1768.837644,0.9816681112536056
1768.956646,0.9761900384463239
1769.075648,0.9759157675823815
1769.19465,0.9857721857603607
1769.313652,0.9738373315659704
1769.432654,0.9796068120681655
1769.551656,0.9768951021514515
1769.670658,0.9756230367639251
1769.78966,0.9791465050471169
1769.908662,0.9736250581663303
1770.027664,0.9792424661066266
1770.146666,0.978237300334907
1770.265668,0.977637824627878
1770.38467,0.9840161199510431
1770.503672,0.9793590028938945
1770.622674,0.9802692501519693
1770.741676,0.977198963776254
1770.860678,0.9804859135966817
1770.97968,0.9822946153421385
1771.098682,0.983876399582391
1771.217684,0.9837622765393039
1771.336686,0.9788753190262167
1771.455688,0.9815277427502835
1771.57469,0.9844659180889069
1771.693692,0.9850262385923653
1771.812694,0.9848184199816566
1771.931696,0.9802692501519693
1772.050698,0.9825726440574879
1772.1697,0.9876903907806621
1772.288702,0.9839560967984509
1772.407704,0.9774696853824315
1772.526706,0.995267234994707
1772.645708,0.9861675596740223
1772.76471,0.9891601789083968
1772.883712,0.9852538059364964
1773.002714,0.9853109523144696
1773.121716,0.9908234637761828
1773.240718,0.9831643308690716
1773.35972,0.9828792545511836
1773.478722,0.980376105323737
1773.597724,0.9914605698426506
1773.716726,0.9845988299591982
1773.835728,0.9857081126506849
1773.95473,0.9858678103000946
1774.073732,0.9872716988239385
1774.192734,0.9844659180889069
1774.311736,0.9894164045745255
1774.430738,0.9903442193229889
1774.54974,0.990085476184743
1774.668742,0.9886775865032136
1774.787744,0.9907628272356968
1774.906746,0.9860650035808254
1775.025748,0.9879017791420371
1775.14475,0.9971574477241186
1775.263752,0.9878958517491445
1775.382754,0.9898607522887762
1775.501756,0.9920764580700249
1775.620758,0.9892927352534473
1775.73976,0.9886775865032136
1775.858762,0.990085476184743
1775.977764,0.9851848405838963
1776.096766,0.9885688379499783
1776.215768,0.9902655891136353
1776.33477,0.9898340264092654
1776.453772,0.9918188492658152
1776.572774,0.9872716988239385
1776.691776,0.9905570671654029
1776.810778,0.9878079329307843
1776.92978,0.988468997539371
1777.048782,0.9953739333612287
1777.167784,0.9914952715698718
1777.286786,0.9946185322575632
1777.405788,0.9938073539622795
1777.52479,0.9929071736714109
1777.643792,0.9929071736714109
1777.762794,0.9914952715698718
1777.881796,0.9914952715698718
1778.000798,0.9929861129295117
1778.1198,0.9957833152857821
1778.238802,0.9985777124110665
1778.357804,0.995797754248536
1778.476806,0.9956107609895047
1778.595808,0.9985777124110665
1778.71481,0.9945970487292894
1778.833812,0.9914952715698718
1778.952814,0.995323071052777
1779.071816,0.9959844838328091
1779.190818,0.9929071736714109
1779.30982,0.9918101212983448
1779.428822,0.9929071736714109
1779.547824,0.990857350518104
1779.666826,0.9892422826105027
1779.785828,0.9986155592235594
1779.90483,0.9958106001224215
1780.023832,0.9923771027821938
1780.142834,0.9965895289131836
1780.261836,0.9935105480358228
1780.380838,0.9966559039860747
1780.49984,0.9941902422945842
1780.618842,0.9914896200629307
1780.737844,0.9971574477241186
1780.856846,0.9957402983757337
1780.975848,0.995142635336987
1781.09485,0.997427315040874
1781.213852,1.0
1781.332854,0.9933450429654753
1781.451856,0.9938143106381055
1781.570858,0.9953221752624162
1781.68986,0.9943243676048185
1781.808862,0.9932533614491766
1781.927864,0.996050619398212
1782.046866,0.9957402983757337
1782.165868,0.9973964950130111
1782.28487,0.9969546465248327
1782.403872,0.9943243676048185
1782.522874,0.9971574477241186
1782.641876,0.9955503292504345
1782.760878,0.9945009752948037
1782.87988,0.9999768642676352
1782.998882,0.9957660883834408
1783.117884,0.992955926610513
1783.236886,0.9942395553535558
1783.355888,0.9944448870215014
1783.47489,0.9966869004666814
1783.593892,0.9987708560170314
1783.712894,0.9931354692722117
1783.831896,0.9983126252203031
1783.950898,0.9946243010617799
1784.0699,0.99966233702098
1784.188902,0.9979032013600124
1784.307904,0.9967490956697407
1784.426906,0.9985777124110665
1784.545908,0.9971574477241186
1784.66491,0.9985777124110665
1784.783912,1.0
1784.902914,0.9975048181542095
1785.021916,0.9914952715698718
1785.140918,0.9980149727776473
1785.25992,0.9978287605578674
1785.378922,0.9943243676048185
1785.497924,0.996389732742872
1785.616926,0.9971574477241186
1785.735928,0.9971574477241186
1785.85493,1.0
1785.973932,0.9970569393190967
1786.092934,0.993846013820278
1786.211936,0.9985777124110665
1786.330938,0.9947220774362043
1786.44994,0.9989411609660667
1786.568942,0.9996722937074409
1786.687944,0.9985777124110665
1786.806946,0.9985777124110665
1786.925948,1.0
1787.04495,0.9982116010945378
1787.163952,0.9943243676048185
1787.282954,0.9971574477241186
1787.401956,0.9955904507371458
1787.520958,0.9944020273705029
1787.63996,0.9999970075044775
1787.758962,0.9958061189848035
1787.877964,0.9985086132242271
1787.996966,0.9944290754734998
1788.115968,0.9968757905310882
1788.23497,0.9985777124110665
1788.353972,0.9985777124110665
1788.472974,0.9959886669764257
1788.591976,0.9994287732121786
1788.710978,0.9974783846267743
1788.82998,0.9996422040242523
1788.948982,0.9965248523515343
1789.067984,0.99914029975419
1789.186986,1.0
1789.305988,0.9976583459593851
1789.42499,0.9980403226798982
1789.543992,1.0
1789.662994,0.9969563413491723
1789.781996,0.9972877847198732
1789.900998,0.9964197245252016
1790.02,0.9964415463561169
1790.139002,0.9944085904455416
1790.258004,0.9962119926694366
1790.377006,0.9988081108647595
1790.496008,0.9957402983757337
1790.61501,0.9957402983757337
1790.734012,0.9981312482948932
1790.853014,1.0
1790.972016,0.9949115900424585
1791.091018,0.9950795452938821
1791.21002,0.9982345602253919
1791.329022,0.9943243676048185
1791.448024,1.0
1791.567026,0.9992940692864124
1791.686028,0.9945225562001196
1791.80503,0.9957402983757337
1791.924032,0.9987047395748415
1792.043034,0.9983049382426837
1792.162036,0.9930711161788657
1792.281038,0.9985777124110665
1792.40004,0.9985777124110665
1792.519042,1.0
1792.638044,0.9973356556824338
1792.757046,0.9917442672926677
1792.876048,0.9954184275704882
1792.99505,0.9985777124110665
1793.114052,0.9983443720665572
1793.233054,0.9976955593097141
1793.352056,0.9929071736714109
1793.471058,0.9996581384479815
1793.59006,1.0
1793.709062,0.998991309071054
1793.828064,0.9957402983757337
1793.947066,0.9985777124110665
1794.066068,0.9976784988615172
1794.18507,0.9985777124110665
1794.304072,1.0
1794.423074,0.9976253240146501
1794.542076,0.994412170322911
1794.661078,0.9985777124110665
1794.78008,0.9943243676048185
1794.899082,0.9971574477241186
1795.018084,0.9943243676048185
1795.137086,1.0
1795.256088,1.0
1795.37509,0.9971574477241186
1795.494092,0.9957402983757337
1795.613094,0.9985777124110665
1795.732096,0.9957402983757337
1795.851098,1.0
1795.9701,0.9987069367276854
1796.089102,0.9934787562069577
1796.208104,0.9971574477241186
1796.327106,1.0
1796.446108,0.9994626144433684
1796.56511,0.9933337188965328
1796.684112,1.0
1796.803114,0.9984360242866855
1796.922116,0.9942896662899305
1797.041118,0.988681541221469
1797.16012,0.9941760254757699
1797.279122,1.0
1797.398124,0.9958492383232825
1797.517126,0.999708942365494
1797.636128,0.9973386476938888
1797.75513,0.9983603457042991
1797.874132,0.9985777124110665
1797.993134,0.9960288061285034
1798.112136,0.9957402983757337
1798.231138,0.9971574477241186
1798.35014,0.9957402983757337
1798.469142,0.9919257731008572
1798.588144,0.9919737834701169
1798.707146,0.9957402983757337
1798.826148,0.9957402983757337
1798.94515,0.996316102262302
1799.064152,0.9951286039247504
1799.183154,0.9956187259074523
1799.302156,0.9936894953992506
1799.421158,1.0
1799.54016,0.9951714948918733
1799.659162,0.9976181411381755
1799.778164,0.9994080652625328
1799.897166,0.9974683101459658
1800.016168,0.9954923899073234
1800.13517,1.0
1800.254172,1.0
1800.373174,1.0
1800.492176,1.0
1800.611178,1.0
1800.73018,1.0
1800.849182,1.0
1800.968184,1.0
1801.087186,1.0
1801.206188,1.0
1801.32519,1.0
1801.444192,1.0
1801.563194,1.0
1801.682196,1.0
1801.801198,1.0
1801.9202,1.0
1802.039202,1.0
1802.158204,1.0
1802.277206,1.0
1802.396208,1.0
1802.51521,1.0
1802.634212,1.0
1802.753214,1.0
1802.872216,1.0
1802.991218,1.0
1803.11022,1.0
1803.229222,1.0
1803.348224,1.0
1803.467226,1.0
1803.586228,1.0
1803.70523,1.0
1803.824232,1.0
1803.943234,1.0
1804.062236,1.0
1804.181238,1.0
1804.30024,1.0
1804.419242,1.0
1804.538244,1.0
1804.657246,1.0
1804.776248,1.0
1804.89525,1.0
1805.014252,1.0
1805.133254,1.0
1805.252256,1.0
1805.371258,1.0
1805.49026,1.0
1805.609262,1.0
1805.728264,1.0
1805.847266,1.0
1805.966268,1.0
1806.08527,1.0
1806.204272,1.0
1806.323274,1.0
1806.442276,1.0
1806.561278,1.0
1806.68028,1.0
1806.799282,1.0
1806.918284,1.0
1807.037286,1.0
1807.156288,1.0
1807.27529,1.0
1807.394292,1.0
1807.513294,1.0
1807.632296,1.0
1807.751298,1.0
1807.8703,1.0
1807.989302,1.0
1808.108304,1.0
1808.227306,1.0
1808.346308,1.0
1808.46531,1.0
1808.584312,1.0
1808.703314,1.0
1808.822316,1.0
1808.941318,1.0
1809.06032,1.0
1809.179322,1.0
1809.298324,1.0
1809.417326,1.0
1809.536328,1.0
1809.65533,1.0
1809.774332,1.0
1809.893334,1.0
1810.012336,1.0
1810.131338,1.0
1810.25034,1.0
1810.369342,1.0
1810.488344,1.0
1810.607346,1.0
1810.726348,1.0
1810.84535,1.0
1810.964352,1.0
1811.083354,1.0
1811.202356,1.0
1811.321358,1.0
1811.44036,1.0
1811.559362,1.0
1811.678364,1.0
1811.797366,1.0
1811.916368,1.0
1812.03537,1.0
1812.154372,1.0
1812.273374,1.0
1812.392376,1.0
1812.511378,1.0
1812.63038,1.0
1812.749382,1.0
1812.868384,1.0
1812.987386,1.0
1813.106388,1.0
1813.22539,1.0
1813.344392,1.0
1813.463394,1.0
1813.582396,1.0
1813.701398,1.0
1813.8204,1.0
1813.939402,1.0
1814.058404,1.0
1814.177406,1.0
1814.296408,1.0
1814.41541,1.0
1814.534412,1.0
1814.653414,1.0
1814.772416,1.0
1814.891418,1.0
1815.01042,1.0
1815.129422,1.0
1815.248424,1.0
1815.367426,1.0
1815.486428,1.0
1815.60543,1.0
1815.724432,1.0
1815.843434,1.0
1815.962436,1.0
1816.081438,1.0
1816.20044,1.0
1816.319442,1.0
1816.438444,1.0
1816.557446,1.0
1816.676448,1.0
1816.79545,1.0
1816.914452,1.0
1817.033454,1.0
1817.152456,1.0
1817.271458,1.0
1817.39046,1.0
1817.509462,1.0
1817.628464,1.0
1817.747466,1.0
1817.866468,1.0
1817.98547,1.0
1818.104472,1.0
1818.223474,1.0
1818.342476,1.0
1818.461478,1.0
1818.58048,1.0
1818.699482,1.0
1818.818484,1.0
1818.937486,1.0
1819.056488,1.0
1819.17549,1.0
1819.294492,1.0
1819.413494,1.0
1819.532496,1.0
1819.651498,1.0
1819.7705,1.0
1819.889502,1.0
1820.008504,1.0
1820.127506,1.0
1820.246508,1.0
1820.36551,1.0
1820.484512,1.0
1820.603514,1.0
1820.722516,1.0
1820.841518,1.0
1820.96052,1.0
1821.079522,1.0
1821.198524,1.0
1821.317526,1.0
1821.436528,1.0
1821.55553,1.0
1821.674532,1.0
1821.793534,1.0
1821.912536,1.0
1822.031538,1.0
1822.15054,1.0
1822.269542,1.0
1822.388544,1.0
1822.507546,1.0
1822.626548,1.0
1822.74555,1.0
1822.864552,1.0
1822.983554,1.0
1823.102556,1.0
1823.221558,1.0
1823.34056,1.0
1823.459562,1.0
1823.578564,1.0
1823.697566,1.0
1823.816568,1.0
1823.93557,1.0
1824.054572,1.0
1824.173574,1.0
1824.292576,1.0
1824.411578,1.0
1824.53058,1.0
1824.649582,1.0
1824.768584,1.0
1824.887586,1.0
1825.006588,1.0
1825.12559,1.0
1825.244592,1.0
1825.363594,1.0
1825.482596,1.0
1825.601598,1.0
1825.7206,1.0
1825.839602,1.0
1825.958604,1.0
1826.077606,1.0
1826.196608,1.0
1826.31561,1.0
1826.434612,1.0
1826.553614,1.0
1826.672616,1.0
1826.791618,1.0
1826.91062,1.0
1827.029622,1.0
1827.148624,1.0
1827.267626,1.0
1827.386628,1.0
1827.50563,1.0
1827.624632,1.0
1827.743634,1.0
1827.862636,1.0
1827.981638,1.0
1828.10064,1.0
1828.219642,1.0
1828.338644,1.0
1828.457646,1.0
1828.576648,1.0
1828.69565,1.0
1828.814652,1.0
1828.933654,1.0
1829.052656,1.0
1829.171658,1.0
1829.29066,1.0
1829.409662,1.0
1829.528664,1.0
1829.647666,1.0
1829.766668,1.0
1829.88567,1.0
1830.004672,1.0
1830.123674,1.0
1830.242676,1.0
1830.361678,1.0
1830.48068,1.0
1830.599682,1.0
1830.718684,1.0
1830.837686,1.0
1830.956688,1.0
1831.07569,1.0
1831.194692,1.0
1831.313694,1.0
1831.432696,1.0
1831.551698,1.0
1831.6707,1.0
1831.789702,1.0
1831.908704,1.0
1832.027706,1.0
1832.146708,1.0
1832.26571,1.0
1832.384712,1.0
1832.503714,1.0
1832.622716,1.0
1832.741718,1.0
1832.86072,1.0
1832.979722,1.0
1833.098724,1.0
1833.217726,1.0
1833.336728,1.0
1833.45573,1.0
1833.574732,1.0
1833.693734,1.0
1833.812736,1.0
1833.931738,1.0
1834.05074,1.0
1834.169742,1.0
1834.288744,1.0
1834.407746,1.0
1834.526748,1.0
1834.64575,1.0
1834.764752,1.0
1834.883754,1.0
1835.002756,1.0
1835.121758,1.0
1835.24076,1.0
1835.359762,1.0
1835.478764,1.0
1835.597766,1.0
1835.716768,1.0
1835.83577,1.0
1835.954772,1.0
1836.073774,1.0
1836.192776,1.0
1836.311778,1.0
1836.43078,1.0
1836.549782,1.0
1836.668784,1.0
1836.787786,1.0
1836.906788,1.0
1837.02579,1.0
1837.144792,1.0
1837.263794,1.0
1837.382796,1.0
1837.501798,1.0
1837.6208,1.0
1837.739802,1.0
1837.858804,1.0
1837.977806,1.0
1838.096808,1.0
1838.21581,1.0
1838.334812,1.0
1838.453814,1.0
1838.572816,1.0
1838.691818,1.0
1838.81082,1.0
1838.929822,1.0
1839.048824,1.0
1839.167826,1.0
1839.286828,1.0
1839.40583,1.0
1839.524832,1.0
1839.643834,1.0
1839.762836,1.0
1839.881838,1.0
1840.00084,1.0
1840.119842,1.0
1840.238844,1.0
1840.357846,1.0
1840.476848,1.0
1840.59585,1.0
1840.714852,1.0
1840.833854,1.0
1840.952856,1.0
1841.071858,1.0
1841.19086,1.0
1841.309862,1.0
1841.428864,1.0
1841.547866,1.0
1841.666868,1.0
1841.78587,1.0
1841.904872,1.0
1842.023874,1.0
1842.142876,1.0
1842.261878,1.0
1842.38088,1.0
1842.499882,1.0
1842.618884,1.0
1842.737886,1.0
1842.856888,1.0
1842.97589,1.0
1843.094892,1.0
1843.213894,1.0
1843.332896,1.0
1843.451898,1.0
1843.5709,1.0
1843.689902,1.0
1843.808904,1.0
1843.927906,1.0
1844.046908,1.0
1844.16591,1.0
1844.284912,1.0
1844.403914,1.0
1844.522916,1.0
1844.641918,1.0
1844.76092,1.0
1844.879922,1.0
1844.998924,1.0
1845.117926,1.0
1845.236928,1.0
1845.35593,1.0
1845.474932,1.0
1845.593934,1.0
1845.712936,1.0
1845.831938,1.0
1845.95094,1.0
1846.069942,1.0
1846.188944,1.0
1846.307946,1.0
1846.426948,1.0
1846.54595,1.0
1846.664952,1.0
1846.783954,1.0
1846.902956,1.0
1847.021958,1.0
1847.14096,1.0
1847.259962,1.0
1847.378964,1.0
1847.497966,1.0
1847.616968,1.0
1847.73597,1.0
1847.854972,1.0
1847.973974,1.0
1848.092976,1.0
1848.211978,1.0
1848.33098,1.0
1848.449982,1.0
1848.568984,1.0
1848.687986,1.0
1848.806988,1.0
1848.92599,1.0
1849.044992,1.0
1849.163994,1.0
1849.282996,1.0
1849.401998,1.0
1849.521,1.0
1849.640002,1.0
1849.759004,1.0
1849.878006,1.0
1849.997008,1.0
1850.11601,1.0
1850.235012,1.0
1850.354014,1.0
1850.473016,1.0
1850.592018,1.0
1850.71102,1.0
1850.830022,1.0
1850.949024,1.0
1851.068026,1.0
1851.187028,1.0
1851.30603,1.0
1851.425032,1.0
1851.544034,1.0
1851.663036,1.0
1851.782038,1.0
1851.90104,1.0
1852.020042,1.0
1852.139044,1.0
1852.258046,1.0
1852.377048,1.0
1852.49605,1.0
1852.615052,1.0
1852.734054,1.0
1852.853056,1.0
1852.972058,1.0
1853.09106,1.0
1853.210062,1.0
1853.329064,1.0
1853.448066,1.0
1853.567068,1.0
1853.68607,1.0
1853.805072,1.0
1853.924074,1.0
1854.043076,1.0
1854.162078,1.0
1854.28108,1.0
1854.400082,1.0
1854.519084,1.0
1854.638086,1.0
1854.757088,1.0
1854.87609,1.0
1854.995092,1.0
1855.114094,1.0
1855.233096,1.0
1855.352098,1.0
1855.4711,1.0
1855.590102,1.0
1855.709104,1.0
1855.828106,1.0
1855.947108,1.0
1856.06611,1.0
1856.185112,1.0
1856.304114,1.0
1856.423116,1.0
1856.542118,1.0
1856.66112,1.0
1856.780122,1.0
1856.899124,1.0
1857.018126,1.0
1857.137128,1.0
1857.25613,1.0
1857.375132,1.0
1857.494134,1.0
1857.613136,1.0
1857.732138,1.0
1857.85114,1.0
1857.970142,1.0
1858.089144,1.0
1858.208146,1.0
1858.327148,1.0
1858.44615,1.0
1858.565152,1.0
1858.684154,1.0
1858.803156,1.0
1858.922158,1.0
1859.04116,1.0
1859.160162,1.0
1859.279164,1.0
1859.398166,1.0
1859.517168,1.0
1859.63617,1.0
1859.755172,1.0
1859.874174,1.0
1859.993176,1.0
1860.112178,1.0
1860.23118,1.0
1860.350182,1.0
1860.469184,1.0
1860.588186,1.0
1860.707188,1.0
1860.82619,1.0
1860.945192,1.0
1861.064194,1.0
1861.183196,1.0
1861.302198,1.0
1861.4212,1.0
1861.540202,1.0
1861.659204,1.0
1861.778206,1.0
1861.897208,1.0
1862.01621,1.0
1862.135212,1.0
1862.254214,1.0
1862.373216,1.0
1862.492218,1.0
1862.61122,1.0
1862.730222,1.0
1862.849224,1.0
1862.968226,1.0
1863.087228,1.0
1863.20623,1.0
1863.325232,1.0
1863.444234,1.0
1863.563236,1.0
1863.682238,1.0
1863.80124,1.0
1863.920242,1.0
1864.039244,1.0
1864.158246,1.0
1864.277248,1.0
1864.39625,1.0
1864.515252,1.0
1864.634254,1.0
1864.753256,1.0
1864.872258,1.0
1864.99126,1.0
1865.110262,1.0
1865.229264,1.0
1865.348266,1.0
1865.467268,1.0
1865.58627,1.0
1865.705272,1.0
1865.824274,1.0
1865.943276,1.0
1866.062278,1.0
1866.18128,1.0
1866.300282,1.0
1866.419284,1.0
1866.538286,1.0
1866.657288,1.0
1866.77629,1.0
1866.895292,1.0
1867.014294,1.0
1867.133296,1.0
1867.252298,1.0
1867.3713,1.0
1867.490302,1.0
1867.609304,1.0
1867.728306,1.0
1867.847308,1.0
1867.96631,1.0
1868.085312,1.0
1868.204314,1.0
1868.323316,1.0
1868.442318,1.0
1868.56132,1.0
1868.680322,1.0
1868.799324,1.0
1868.918326,1.0
1869.037328,1.0
1869.15633,1.0
1869.275332,1.0
1869.394334,1.0
1869.513336,1.0
1869.632338,1.0
1869.75134,1.0
1869.870342,1.0
1869.989344,1.0
1870.108346,1.0
1870.227348,1.0
1870.34635,1.0
1870.465352,1.0
1870.584354,1.0
1870.703356,1.0
1870.822358,1.0
1870.94136,1.0
1871.060362,1.0
1871.179364,1.0
1871.298366,1.0
1871.417368,1.0
1871.53637,1.0
1871.655372,1.0
1871.774374,1.0
1871.893376,1.0
1872.012378,1.0
1872.13138,1.0
1872.250382,1.0
1872.369384,1.0
1872.488386,1.0
1872.607388,1.0
1872.72639,1.0
1872.845392,1.0
1872.964394,1.0
1873.083396,1.0
1873.202398,1.0
1873.3214,1.0
1873.440402,1.0
1873.559404,1.0
1873.678406,1.0
1873.797408,1.0
1873.91641,1.0
1874.035412,1.0
1874.154414,1.0
1874.273416,1.0
1874.392418,1.0
1874.51142,1.0
1874.630422,1.0
1874.749424,1.0
1874.868426,1.0
1874.987428,1.0
1875.10643,1.0
1875.225432,1.0
1875.344434,1.0
1875.463436,1.0
1875.582438,1.0
1875.70144,1.0
1875.820442,1.0
1875.939444,1.0
1876.058446,1.0
1876.177448,1.0
1876.29645,1.0
1876.415452,1.0
1876.534454,1.0
1876.653456,1.0
1876.772458,1.0
1876.89146,1.0
1877.010462,1.0
1877.129464,1.0
1877.248466,1.0
1877.367468,1.0
1877.48647,1.0
1877.605472,1.0
1877.724474,1.0
1877.843476,1.0
1877.962478,1.0
1878.08148,1.0
1878.200482,1.0
1878.319484,1.0
1878.438486,1.0
1878.557488,1.0
1878.67649,1.0
1878.795492,1.0
1878.914494,1.0
1879.033496,1.0
1879.152498,1.0
1879.2715,1.0
1879.390502,1.0
1879.509504,1.0
1879.628506,1.0
1879.747508,1.0
1879.86651,1.0
1879.985512,1.0
1880.104514,1.0
1880.223516,1.0
1880.342518,1.0
1880.46152,1.0
1880.580522,1.0
1880.699524,1.0
1880.818526,1.0
1880.937528,1.0
1881.05653,1.0
1881.175532,1.0
1881.294534,1.0
1881.413536,1.0
1881.532538,1.0
1881.65154,1.0
1881.770542,1.0
1881.889544,1.0
1882.008546,1.0
1882.127548,1.0
1882.24655,1.0
1882.365552,1.0
1882.484554,1.0
1882.603556,1.0
1882.722558,1.0
1882.84156,1.0
1882.960562,1.0
1883.079564,1.0
1883.198566,1.0
1883.317568,1.0
1883.43657,1.0
1883.555572,1.0
1883.674574,1.0
1883.793576,1.0
1883.912578,1.0
1884.03158,1.0
1884.150582,1.0
1884.269584,1.0
1884.388586,1.0
1884.507588,1.0
1884.62659,1.0
1884.745592,1.0
1884.864594,1.0
1884.983596,1.0
1885.102598,1.0
1885.2216,1.0
1885.340602,1.0
1885.459604,1.0
1885.578606,1.0
1885.697608,1.0
1885.81661,1.0
1885.935612,1.0
1886.054614,1.0
1886.173616,1.0
1886.292618,1.0
1886.41162,1.0
1886.530622,1.0
1886.649624,1.0
1886.768626,1.0
1886.887628,1.0
1887.00663,1.0
1887.125632,1.0
1887.244634,1.0
1887.363636,1.0
1887.482638,1.0
1887.60164,1.0
1887.720642,1.0
1887.839644,1.0
1887.958646,1.0
1888.077648,1.0
1888.19665,1.0
1888.315652,1.0
1888.434654,1.0
1888.553656,1.0
1888.672658,1.0
1888.79166,1.0
1888.910662,1.0
1889.029664,1.0
1889.148666,1.0
1889.267668,1.0
1889.38667,1.0
1889.505672,1.0
1889.624674,1.0
1889.743676,1.0
1889.862678,1.0
1889.98168,1.0
1890.100682,1.0
1890.219684,1.0
1890.338686,1.0
1890.457688,1.0
1890.57669,1.0
1890.695692,1.0
1890.814694,1.0
1890.933696,1.0
1891.052698,1.0
1891.1717,1.0
1891.290702,1.0
1891.409704,1.0
1891.528706,1.0
1891.647708,1.0
1891.76671,1.0
1891.885712,1.0
1892.004714,1.0
1892.123716,1.0
1892.242718,1.0
1892.36172,1.0
1892.480722,1.0
1892.599724,1.0
1892.718726,1.0
1892.837728,1.0
1892.95673,1.0
1893.075732,1.0
1893.194734,1.0
1893.313736,1.0
1893.432738,1.0
1893.55174,1.0
1893.670742,1.0
1893.789744,1.0
1893.908746,1.0
1894.027748,1.0
1894.14675,1.0
1894.265752,1.0
1894.384754,1.0
1894.503756,1.0
1894.622758,1.0
1894.74176,1.0
1894.860762,1.0
1894.979764,1.0
1895.098766,1.0
1895.217768,1.0
1895.33677,1.0
1895.455772,1.0
1895.574774,1.0
1895.693776,1.0
1895.812778,1.0
1895.93178,1.0
1896.050782,1.0
1896.169784,1.0
1896.288786,1.0
1896.407788,1.0
1896.52679,1.0
1896.645792,1.0
1896.764794,1.0
1896.883796,1.0
1897.002798,1.0
1897.1218,1.0
1897.240802,1.0
1897.359804,1.0
1897.478806,1.0
1897.597808,1.0
1897.71681,1.0
1897.835812,1.0
1897.954814,1.0
1898.073816,1.0
1898.192818,1.0
1898.31182,1.0
1898.430822,1.0
1898.549824,1.0
1898.668826,1.0
1898.787828,1.0
1898.90683,1.0
1899.025832,1.0
1899.144834,1.0
1899.263836,1.0
1899.382838,1.0
1899.50184,1.0
1899.620842,1.0
1899.739844,1.0
1899.858846,1.0
1899.977848,1.0
1900.09685,1.0
1900.215852,1.0
1900.334854,1.0
1900.453856,1.0
1900.572858,1.0
1900.69186,1.0
1900.810862,1.0
1900.929864,1.0
1901.048866,1.0
1901.167868,1.0
1901.28687,1.0
1901.405872,1.0
1901.524874,1.0
1901.643876,1.0
1901.762878,1.0
1901.88188,1.0
1902.000882,1.0
1902.119884,1.0
1902.238886,1.0
1902.357888,1.0
1902.47689,1.0
1902.595892,1.0
1902.714894,1.0
1902.833896,1.0
1902.952898,1.0
1903.0719,1.0
1903.190902,1.0
1903.309904,1.0
1903.428906,1.0
1903.547908,1.0
1903.66691,1.0
1903.785912,1.0
1903.904914,1.0
1904.023916,1.0
1904.142918,1.0
1904.26192,1.0
1904.380922,1.0
1904.499924,1.0
1904.618926,1.0
1904.737928,1.0
1904.85693,1.0
1904.975932,1.0
1905.094934,1.0
1905.213936,1.0
1905.332938,1.0
1905.45194,1.0
1905.570942,1.0
1905.689944,1.0
1905.808946,1.0
1905.927948,1.0
1906.04695,1.0
1906.165952,1.0
1906.284954,1.0
1906.403956,1.0
1906.522958,1.0
1906.64196,1.0
1906.760962,1.0
1906.879964,1.0
1906.998966,1.0
1907.117968,1.0
1907.23697,1.0
1907.355972,1.0
1907.474974,1.0
1907.593976,1.0
1907.712978,1.0
1907.83198,1.0
1907.950982,1.0
1908.069984,1.0
1908.188986,1.0
1908.307988,1.0
1908.42699,1.0
1908.545992,1.0
1908.664994,1.0
1908.783996,1.0
1908.902998,1.0
1909.022,1.0
1909.141002,1.0
1909.260004,1.0
1909.379006,1.0
1909.498008,1.0
1909.61701,1.0
1909.736012,1.0
1909.855014,1.0
1909.974016,1.0
1910.093018,1.0
1910.21202,1.0
1910.331022,1.0
1910.450024,1.0
1910.569026,1.0
1910.688028,1.0
1910.80703,1.0
1910.926032,1.0
1911.045034,1.0
1911.164036,1.0
1911.283038,1.0
1911.40204,1.0
1911.521042,1.0
1911.640044,1.0
1911.759046,1.0
1911.878048,1.0
1911.99705,1.0
1912.116052,1.0
1912.235054,1.0
1912.354056,1.0
1912.473058,1.0
1912.59206,1.0
1912.711062,1.0
1912.830064,1.0
1912.949066,1.0
1913.068068,1.0
1913.18707,1.0
1913.306072,1.0
1913.425074,1.0
1913.544076,1.0
1913.663078,1.0
1913.78208,1.0
1913.901082,1.0
1914.020084,1.0
1914.139086,1.0
1914.258088,1.0
1914.37709,1.0
1914.496092,1.0
1914.615094,1.0
1914.734096,1.0
1914.853098,1.0
1914.9721,1.0
1915.091102,1.0
1915.210104,1.0
1915.329106,1.0
1915.448108,1.0
1915.56711,1.0
1915.686112,1.0
1915.805114,1.0
1915.924116,1.0
1916.043118,1.0
1916.16212,1.0
1916.281122,1.0
1916.400124,1.0
1916.519126,1.0
1916.638128,1.0
1916.75713,1.0
1916.876132,1.0
1916.995134,1.0
1917.114136,1.0
1917.233138,1.0
1917.35214,1.0
1917.471142,1.0
1917.590144,1.0
1917.709146,1.0
1917.828148,1.0
1917.94715,1.0
1918.066152,1.0
1918.185154,1.0
1918.304156,1.0
1918.423158,1.0
1918.54216,1.0
1918.661162,1.0
1918.780164,1.0
1918.899166,1.0
1919.018168,1.0
1919.13717,1.0
1919.256172,1.0
1919.375174,1.0
1919.494176,1.0
1919.613178,1.0
1919.73218,1.0
1919.851182,1.0
1919.970184,1.0
1920.089186,1.0
1920.208188,1.0
1920.32719,1.0
1920.446192,1.0
1920.565194,1.0
1920.684196,1.0
1920.803198,1.0
1920.9222,1.0
1921.041202,1.0
1921.160204,1.0
1921.279206,1.0
1921.398208,1.0
1921.51721,1.0
1921.636212,1.0
1921.755214,1.0
1921.874216,1.0
1921.993218,1.0
1922.11222,1.0
1922.231222,1.0
1922.350224,1.0
1922.469226,1.0
1922.588228,1.0
1922.70723,1.0
1922.826232,1.0
1922.945234,1.0
1923.064236,1.0
1923.183238,1.0
1923.30224,1.0
1923.421242,1.0
1923.540244,1.0
1923.659246,1.0
1923.778248,1.0
1923.89725,1.0
1924.016252,1.0
1924.135254,1.0
1924.254256,1.0
1924.373258,1.0
1924.49226,1.0
1924.611262,1.0
1924.730264,1.0
1924.849266,1.0
1924.968268,1.0
1925.08727,1.0
1925.206272,1.0
1925.325274,1.0
1925.444276,1.0
1925.563278,1.0
1925.68228,1.0
1925.801282,1.0
1925.920284,1.0
1926.039286,1.0
1926.158288,1.0
1926.27729,1.0
1926.396292,1.0
1926.515294,1.0
1926.634296,1.0
1926.753298,1.0
1926.8723,1.0
1926.991302,1.0
1927.110304,1.0
1927.229306,1.0
1927.348308,1.0
1927.46731,1.0
1927.586312,1.0
1927.705314,1.0
1927.824316,1.0
1927.943318,1.0
1928.06232,1.0
1928.181322,1.0
1928.300324,1.0
1928.419326,1.0
1928.538328,1.0
1928.65733,1.0
1928.776332,1.0
1928.895334,1.0
1929.014336,1.0
1929.133338,1.0
1929.25234,1.0
1929.371342,1.0
1929.490344,1.0
1929.609346,1.0
1929.728348,1.0
1929.84735,1.0
1929.966352,1.0
1930.085354,1.0
1930.204356,1.0
1930.323358,1.0
1930.44236,1.0
1930.561362,1.0
1930.680364,1.0
1930.799366,1.0
1930.918368,1.0
1931.03737,1.0
1931.156372,1.0
1931.275374,1.0
1931.394376,1.0
1931.513378,1.0
1931.63238,1.0
1931.751382,1.0
1931.870384,1.0
1931.989386,1.0
1932.108388,1.0
1932.22739,1.0
1932.346392,1.0
1932.465394,1.0
1932.584396,1.0
1932.703398,1.0
1932.8224,1.0
1932.941402,1.0
1933.060404,1.0
1933.179406,1.0
1933.298408,1.0
1933.41741,1.0
1933.536412,1.0
1933.655414,1.0
1933.774416,1.0
1933.893418,1.0
1934.01242,1.0
1934.131422,1.0
1934.250424,1.0
1934.369426,1.0
1934.488428,1.0
1934.60743,1.0
1934.726432,1.0
1934.845434,1.0
1934.964436,1.0
1935.083438,1.0
1935.20244,1.0
1935.321442,1.0
1935.440444,1.0
1935.559446,1.0
1935.678448,1.0
1935.79745,1.0
1935.916452,1.0
1936.035454,1.0
1936.154456,1.0
1936.273458,1.0
1936.39246,1.0
1936.511462,1.0
1936.630464,1.0
1936.749466,1.0
1936.868468,1.0
1936.98747,1.0
1937.106472,1.0
1937.225474,1.0
1937.344476,1.0
1937.463478,1.0
1937.58248,1.0
1937.701482,1.0
1937.820484,1.0
1937.939486,1.0
1938.058488,1.0
1938.17749,1.0
1938.296492,1.0
1938.415494,1.0
1938.534496,1.0
1938.653498,1.0
1938.7725,1.0
1938.891502,1.0
1939.010504,1.0
1939.129506,1.0
1939.248508,1.0
1939.36751,1.0
1939.486512,1.0
1939.605514,1.0
1939.724516,1.0
1939.843518,1.0
1939.96252,1.0
1940.081522,1.0
1940.200524,1.0
1940.319526,1.0
1940.438528,1.0
1940.55753,1.0
1940.676532,1.0
1940.795534,1.0
1940.914536,1.0
1941.033538,1.0
1941.15254,1.0
1941.271542,1.0
1941.390544,1.0
1941.509546,1.0
1941.628548,1.0
1941.74755,1.0
1941.866552,1.0
1941.985554,1.0
1942.104556,1.0
1942.223558,1.0
1942.34256,1.0
1942.461562,1.0
1942.580564,1.0
1942.699566,1.0
1942.818568,1.0
1942.93757,1.0
1943.056572,1.0
1943.175574,1.0
1943.294576,1.0
1943.413578,1.0
1943.53258,1.0
1943.651582,1.0
1943.770584,1.0
1943.889586,1.0
1944.008588,1.0
1944.12759,1.0
1944.246592,1.0
1944.365594,1.0
1944.484596,1.0
1944.603598,1.0
1944.7226,1.0
1944.841602,1.0
1944.960604,1.0
1945.079606,1.0
1945.198608,1.0
1945.31761,1.0
1945.436612,1.0
1945.555614,1.0
1945.674616,1.0
1945.793618,1.0
1945.91262,1.0
1946.031622,1.0
1946.150624,1.0
1946.269626,1.0
1946.388628,1.0
1946.50763,1.0
1946.626632,1.0
1946.745634,1.0
1946.864636,1.0
1946.983638,1.0
1947.10264,1.0
1947.221642,1.0
1947.340644,1.0
1947.459646,1.0
1947.578648,1.0
1947.69765,1.0
1947.816652,1.0
1947.935654,1.0
1948.054656,1.0
1948.173658,1.0
1948.29266,1.0
1948.411662,1.0
1948.530664,1.0
1948.649666,1.0
1948.768668,1.0
1948.88767,1.0
1949.006672,1.0
1949.125674,1.0
1949.244676,1.0
1949.363678,1.0
1949.48268,1.0
1949.601682,1.0
1949.720684,1.0
1949.839686,1.0
1949.958688,1.0
1950.07769,1.0
1950.196692,1.0
1950.315694,1.0
1950.434696,1.0
1950.553698,1.0
1950.6727,1.0
1950.791702,1.0
1950.910704,1.0
1951.029706,1.0
1951.148708,1.0
1951.26771,1.0
1951.386712,1.0
1951.505714,1.0
1951.624716,1.0
1951.743718,1.0
1951.86272,1.0
1951.981722,1.0
1952.100724,1.0
1952.219726,1.0
1952.338728,1.0
1952.45773,1.0
1952.576732,1.0
1952.695734,1.0
1952.814736,1.0
1952.933738,1.0
1953.05274,1.0
1953.171742,1.0
1953.290744,1.0
1953.409746,1.0
1953.528748,1.0
1953.64775,1.0
1953.766752,1.0
1953.885754,1.0
1954.004756,1.0
1954.123758,1.0
1954.24276,1.0
1954.361762,1.0
1954.480764,1.0
1954.599766,1.0
1954.718768,1.0
1954.83777,1.0
1954.956772,1.0
1955.075774,1.0
1955.194776,1.0
1955.313778,1.0
1955.43278,1.0
1955.551782,1.0
1955.670784,1.0
1955.789786,1.0
1955.908788,1.0
1956.02779,1.0
1956.146792,1.0
1956.265794,1.0
1956.384796,1.0
1956.503798,1.0
1956.6228,1.0
1956.741802,1.0
1956.860804,1.0
1956.979806,1.0
1957.098808,1.0
1957.21781,1.0
1957.336812,1.0
1957.455814,1.0
1957.574816,1.0
1957.693818,1.0
1957.81282,1.0
1957.931822,1.0
1958.050824,1.0
1958.169826,1.0
1958.288828,1.0
1958.40783,1.0
1958.526832,1.0
1958.645834,1.0
1958.764836,1.0
1958.883838,1.0
1959.00284,1.0
1959.121842,1.0
1959.240844,1.0
1959.359846,1.0
1959.478848,1.0
1959.59785,1.0
1959.716852,1.0
1959.835854,1.0
1959.954856,1.0
1960.073858,1.0
1960.19286,1.0
1960.311862,1.0
1960.430864,1.0
1960.549866,1.0
1960.668868,1.0
1960.78787,1.0
1960.906872,1.0
1961.025874,1.0
1961.144876,1.0
1961.263878,1.0
1961.38288,1.0
1961.501882,1.0
1961.620884,1.0
1961.739886,1.0
1961.858888,1.0
1961.97789,1.0
1962.096892,1.0
1962.215894,1.0
1962.334896,1.0
1962.453898,1.0
1962.5729,1.0
1962.691902,1.0
1962.810904,1.0
1962.929906,1.0
1963.048908,1.0
1963.16791,1.0
1963.286912,1.0
1963.405914,1.0
1963.524916,1.0
1963.643918,1.0
1963.76292,1.0
1963.881922,1.0
1964.000924,1.0
1964.119926,1.0
1964.238928,1.0
1964.35793,1.0
1964.476932,1.0
1964.595934,1.0
1964.714936,1.0
1964.833938,1.0
1964.95294,1.0
1965.071942,1.0
1965.190944,1.0
1965.309946,1.0
1965.428948,1.0
1965.54795,1.0
1965.666952,1.0
1965.785954,1.0
1965.904956,1.0
1966.023958,1.0
1966.14296,1.0
1966.261962,1.0
1966.380964,1.0
1966.499966,1.0
1966.618968,1.0
1966.73797,1.0
1966.856972,1.0
1966.975974,1.0
1967.094976,1.0
1967.213978,1.0
1967.33298,1.0
1967.451982,1.0
1967.570984,1.0
1967.689986,1.0
1967.808988,1.0
1967.92799,1.0
1968.046992,1.0
1968.165994,1.0
1968.284996,1.0
1968.403998,1.0
1968.523,1.0
1968.642002,1.0
1968.761004,1.0
1968.880006,1.0
1968.999008,1.0
1969.11801,1.0
1969.237012,1.0
1969.356014,1.0
1969.475016,1.0
1969.594018,1.0
1969.71302,1.0
1969.832022,1.0
1969.951024,1.0
1970.070026,1.0
1970.189028,1.0
1970.30803,1.0
1970.427032,1.0
1970.546034,1.0
1970.665036,1.0
1970.784038,1.0
1970.90304,1.0
1971.022042,1.0
1971.141044,1.0
1971.260046,1.0
1971.379048,1.0
1971.49805,1.0
1971.617052,1.0
1971.736054,1.0
1971.855056,1.0
1971.974058,1.0
1972.09306,1.0
1972.212062,1.0
1972.331064,1.0
1972.450066,1.0
1972.569068,1.0
1972.68807,1.0
1972.807072,1.0
1972.926074,1.0
1973.045076,1.0
1973.164078,1.0
1973.28308,1.0
1973.402082,1.0
1973.521084,1.0
1973.640086,1.0
1973.759088,1.0
1973.87809,1.0
1973.997092,1.0
1974.116094,1.0
1974.235096,1.0
1974.354098,1.0
1974.4731,1.0
1974.592102,1.0
1974.711104,1.0
1974.830106,1.0
1974.949108,1.0
1975.06811,1.0
1975.187112,1.0
1975.306114,1.0
1975.425116,1.0
1975.544118,1.0
1975.66312,1.0
1975.782122,1.0
1975.901124,1.0
1976.020126,1.0
1976.139128,1.0
1976.25813,1.0
1976.377132,1.0
1976.496134,1.0
1976.615136,1.0
1976.734138,1.0
1976.85314,1.0
1976.972142,1.0
1977.091144,1.0
1977.210146,1.0
1977.329148,1.0
1977.44815,1.0
1977.567152,1.0
1977.686154,1.0
1977.805156,1.0
1977.924158,1.0
1978.04316,1.0
1978.162162,1.0
1978.281164,1.0
1978.400166,1.0
1978.519168,1.0
1978.63817,1.0
1978.757172,1.0
1978.876174,1.0
1978.995176,1.0
1979.114178,1.0
1979.23318,1.0
1979.352182,1.0
1979.471184,1.0
1979.590186,1.0
1979.709188,1.0
1979.82819,1.0
1979.947192,1.0
1980.066194,1.0
1980.185196,1.0
1980.304198,1.0
1980.4232,1.0
1980.542202,1.0
1980.661204,1.0
1980.780206,1.0
1980.899208,1.0
1981.01821,1.0
1981.137212,1.0
1981.256214,1.0
1981.375216,1.0
1981.494218,1.0
1981.61322,1.0
1981.732222,1.0
1981.851224,1.0
1981.970226,1.0
1982.089228,1.0
1982.20823,1.0
1982.327232,1.0
1982.446234,1.0
1982.565236,1.0
1982.684238,1.0
1982.80324,1.0
1982.922242,1.0
1983.041244,1.0
1983.160246,1.0
1983.279248,1.0
1983.39825,1.0
1983.517252,1.0
1983.636254,1.0
1983.755256,1.0
1983.874258,1.0
1983.99326,1.0
1984.112262,1.0
1984.231264,1.0
1984.350266,1.0
1984.469268,1.0
1984.58827,1.0
1984.707272,1.0
1984.826274,1.0
1984.945276,1.0
1985.064278,1.0
1985.18328,1.0
1985.302282,1.0
1985.421284,1.0
1985.540286,1.0
1985.659288,1.0
1985.77829,1.0
1985.897292,1.0
1986.016294,1.0
1986.135296,1.0
1986.254298,1.0
1986.3733,1.0
1986.492302,1.0
1986.611304,1.0
1986.730306,1.0
1986.849308,1.0
1986.96831,1.0
1987.087312,1.0
1987.206314,1.0
1987.325316,1.0
1987.444318,1.0
1987.56332,1.0
1987.682322,1.0
1987.801324,1.0
1987.920326,1.0
1988.039328,1.0
1988.15833,1.0
1988.277332,1.0
1988.396334,1.0
1988.515336,1.0
1988.634338,1.0
1988.75334,1.0
1988.872342,1.0
1988.991344,1.0
1989.110346,1.0
1989.229348,1.0
1989.34835,1.0
1989.467352,1.0
1989.586354,1.0
1989.705356,1.0
1989.824358,1.0
1989.94336,1.0
1990.062362,1.0
1990.181364,1.0
1990.300366,1.0
1990.419368,1.0
1990.53837,1.0
1990.657372,1.0
1990.776374,1.0
1990.895376,1.0
1991.014378,1.0
1991.13338,1.0
1991.252382,1.0
1991.371384,1.0
1991.490386,1.0
1991.609388,1.0
1991.72839,1.0
1991.847392,1.0
1991.966394,1.0
1992.085396,1.0
1992.204398,1.0
1992.3234,1.0
1992.442402,1.0
1992.561404,1.0
1992.680406,1.0
1992.799408,1.0
1992.91841,1.0
1993.037412,1.0
1993.156414,1.0
1993.275416,1.0
1993.394418,1.0
1993.51342,1.0
1993.632422,1.0
1993.751424,1.0
1993.870426,1.0
1993.989428,1.0
1994.10843,1.0
1994.227432,1.0
1994.346434,1.0
1994.465436,1.0
1994.584438,1.0
1994.70344,1.0
1994.822442,1.0
1994.941444,1.0
1995.060446,1.0
1995.179448,1.0
1995.29845,1.0
1995.417452,1.0
1995.536454,1.0
1995.655456,1.0
1995.774458,1.0
1995.89346,1.0
1996.012462,1.0
1996.131464,1.0
1996.250466,1.0
1996.369468,1.0
1996.48847,1.0
1996.607472,1.0
1996.726474,1.0
1996.845476,1.0
1996.964478,1.0
1997.08348,1.0
1997.202482,1.0
1997.321484,1.0
1997.440486,1.0
1997.559488,1.0
1997.67849,1.0
1997.797492,1.0
1997.916494,1.0
1998.035496,1.0
1998.154498,1.0
1998.2735,1.0
1998.392502,1.0
1998.511504,1.0
1998.630506,1.0
1998.749508,1.0
1998.86851,1.0
1998.987512,1.0
1999.106514,1.0
1999.225516,1.0
1999.344518,1.0
1999.46352,1.0
1999.582522,1.0
1999.701524,1.0
1999.820526,1.0
1999.939528,1.0
