nu,[0]HG-10-HITRAN(x-sec)-X=0.01-T=296.0K-P=0.0atm-L=15cm
25.073,0.9999983827013078
25.555173,0.9999983827013078
26.037347,0.9999983827013078
26.51952,0.9999983803013117
27.001693,0.9999983803013117
27.483867,0.9999983778013157
27.96604,0.9999983778013157
28.448213,0.9999982090016039
28.930386,0.9999983142014209
29.41256,0.9999985050011175
29.894733,0.9999987106008312
30.376906,0.9999989210005821
30.85908,0.9999991265103815
31.341253,0.999999356510207
31.823426,0.9999995277801115
32.3056,0.9999996011800796
32.787773,0.9999996917100475
33.269946,0.999999743090033
33.752119,0.9999996329900673
34.234293,0.9999994935201283
34.716466,0.999999393210184
35.198639,0.9999993589502054
35.680813,0.9999993418202165
36.162986,0.9999993149102346
36.645159,0.9999993638502024
37.127333,0.9999994372501584
37.609506,0.999999486180132
38.091679,0.9999995718200917
38.573852,0.9999997039400438
39.056026,0.9999998556400104
39.538199,0.9999999070240043
40.020372,0.9999998727700081
40.502546,0.9999998287300147
40.984719,0.9999997015000446
41.466892,0.9999995326701092
41.949066,0.9999994005501797
42.431239,0.9999993222502297
42.913412,0.999999283100257
43.395585,0.999999192570326
43.877759,0.9999991167203901
44.359932,0.9999991216203857
44.842105,0.9999991632103501
45.324279,0.9999992317202951
45.806452,0.9999992904402517
46.288625,0.9999993271402263
46.770799,0.9999993271402263
47.252972,0.999999261080273
47.735145,0.9999991656603481
48.217318,0.9999990164104837
48.699492,0.999998847600664
49.181665,0.9999986861008632
49.663838,0.9999985173010992
50.146012,0.9999983998012804
50.628185,0.9999983484013639
51.110358,0.9999984194012491
51.592532,0.9999986592008989
52.074705,0.9999989283005742
52.556878,0.9999991632103501
53.039052,0.9999993295902248
53.521225,0.9999993809701916
54.003398,0.9999993491602118
54.485571,0.9999992684202677
54.967745,0.9999991876803299
55.449918,0.9999991216203857
55.932091,0.9999990164104837
56.414265,0.9999989234005795
56.896438,0.9999988549006557
57.378611,0.9999988256006896
57.860785,0.9999988769006307
58.342958,0.99999904087046
58.825131,0.9999992953402482
59.307304,0.9999995131001186
59.789478,0.9999995938400825
60.271651,0.9999995791600885
60.753824,0.9999994641601435
61.235998,0.9999992684202677
61.718171,0.9999990506604506
62.200344,0.9999988623006472
62.682518,0.9999986983008472
63.164691,0.9999985760010139
63.646864,0.9999985466010561
64.129037,0.999998602900976
64.611211,0.9999987571007724
65.093384,0.9999990066204933
65.575557,0.9999993051202414
66.057731,0.9999995840500865
66.539904,0.9999997161800402
67.022077,0.9999996941600467
67.504251,0.9999995987300805
67.986424,0.9999994519301502
68.468597,0.999999310020238
68.95077,0.9999992317202951
69.432944,0.9999992268302988
69.915117,0.999999261080273
70.39729,0.999999261080273
70.879464,0.999999261080273
71.361637,0.999999261080273
71.84381,0.9999992243803008
72.325984,0.9999992243803008
72.808157,0.999999229270297
73.29033,0.9999992072503142
73.772504,0.9999991632103501
74.254677,0.9999990898104142
74.73685,0.9999990482104529
75.219023,0.9999990041704958
75.701197,0.9999989748005255
76.18337,0.9999990164104837
76.665543,0.9999990604504414
77.147717,0.9999991534303584
77.62989,0.999999283100257
78.112063,0.9999993760801946
78.594237,0.9999994445901542
79.07641,0.9999994666101423
79.558583,0.9999994886301308
80.040756,0.9999995155401173
80.52293,0.9999994568201476
81.005103,0.9999994054401767
81.487276,0.9999993760801946
81.96945,0.9999993222502297
82.451623,0.9999992635302712
82.933796,0.9999991656603481
83.41597,0.9999990506604506
83.898143,0.9999989063005981
84.380316,0.9999987032008408
84.862489,0.9999985466010561
85.344663,0.9999984365012222
85.826836,0.99999833870138
86.309009,0.9999982971014499
86.791183,0.9999983191014127
87.273356,0.9999983656013356
87.755529,0.9999983851013039
88.237703,0.9999983851013039
88.719876,0.9999983974012842
89.202049,0.9999983974012842
89.684222,0.9999983729013238
90.166396,0.9999983607013436
90.648569,0.9999983998012804
91.130742,0.9999984585011881
91.612916,0.9999984879011432
92.095089,0.9999984830011507
92.577262,0.9999984757011617
93.059436,0.9999984634011806
93.541609,0.9999984488012031
94.023782,0.9999984585011881
94.505955,0.9999985050011175
94.988129,0.9999985466010561
95.470302,0.9999985638010314
95.952475,0.9999985760010139
96.434649,0.9999985417010633
96.916822,0.999998468301173
97.398995,0.9999984316012299
97.881169,0.9999984390012183
98.363342,0.9999985124011065
98.845515,0.9999986200009522
99.327689,0.9999987179008218
99.809862,0.9999988182006984
100.292035,0.9999988647006445
100.774208,0.9999988525006583
101.256382,0.9999988060007128
101.738555,0.9999986983008472
102.220728,0.9999985784010105
102.702902,0.9999984488012031
103.185075,0.9999983142014209
103.667248,0.9999982334015605
104.149422,0.9999981649016838
104.631595,0.9999981307017471
105.113768,0.9999981600016928
105.595941,0.9999981821016524
106.078115,0.999998228601569
106.560288,0.9999983166014169
107.042461,0.9999984218012453
107.524635,0.9999985442010597
108.006808,0.9999986078009692
108.488981,0.9999986543009054
108.971155,0.9999987081008345
109.453328,0.9999987228008156
109.935501,0.9999987571007724
110.417674,0.9999988158007012
110.899848,0.9999988965006088
111.382021,0.9999990041704958
111.864194,0.9999990482104529
112.346368,0.9999990433204576
112.828541,0.999999009070491
113.310714,0.999998945500556
113.792888,0.9999988231006925
114.275061,0.9999986323009353
114.757234,0.999998446301207
115.239407,0.9999982775014835
115.721581,0.9999981087017885
116.203754,0.9999979765020472
116.685927,0.9999978958022139
117.168101,0.9999978738022604
117.650274,0.9999978982022087
118.132447,0.9999979765020472
118.614621,0.9999980964018118
119.096794,0.9999982848014709
119.578967,0.999998468301173
120.06114,0.9999986127009624
120.543314,0.99999868850086
121.025487,0.9999986812008697
121.50766,0.9999985711010209
121.989834,0.9999984145012569
122.472007,0.9999982432015432
122.95418,0.9999981087017885
123.436354,0.9999979814020373
123.918527,0.9999978566022971
124.4007,0.9999977612025062
124.882874,0.9999976976026506
125.365047,0.9999976389027874
125.84722,0.9999976364027933
126.329393,0.9999976560027471
126.811567,0.9999976707027128
127.29374,0.9999976364027933
127.775913,0.9999975288030534
128.258087,0.9999974064033634
128.74026,0.9999973086036218
129.222433,0.9999973086036218
129.704607,0.9999973330035564
130.18678,0.9999974309033002
130.668953,0.9999975777029337
131.151126,0.9999977294025778
131.6333,0.9999978615022866
132.115473,0.999997966802067
132.597646,0.9999980769018492
133.07982,0.9999981576016972
133.561993,0.9999981943016303
134.044166,0.9999981772016613
134.52634,0.9999980940018164
135.008513,0.9999979790020422
135.490686,0.999997846902318
135.972859,0.9999977392025556
136.455033,0.9999977025026392
136.937206,0.9999977172026056
137.419379,0.9999977539025224
137.901553,0.9999978199023765
138.383726,0.9999979031021985
138.865899,0.999998003501993
139.348073,0.9999980842018351
139.830246,0.9999981649016838
140.312419,0.9999982653015046
140.794592,0.9999983338013881
141.276766,0.9999983607013436
141.758939,0.9999983803013117
142.241112,0.9999983803013117
142.723286,0.9999983191014127
143.205459,0.9999982090016039
143.687632,0.9999981038017978
144.169806,0.999998003501993
144.651979,0.9999979080021882
145.134152,0.9999978346023445
145.616325,0.9999978028024138
146.098499,0.9999978028024138
146.580672,0.9999978004024191
147.062845,0.9999977906024408
147.545019,0.9999977759024733
148.027192,0.9999977588025115
148.509365,0.9999977294025778
148.991539,0.9999976829026844
149.473712,0.9999976462027702
149.955885,0.9999975875029101
150.438059,0.9999974798031757
150.920232,0.9999973820034269
151.402405,0.9999973086036218
151.884578,0.9999972596037549
152.366752,0.999997284103688
152.848925,0.9999973330035564
153.331098,0.9999974309033002
153.813272,0.9999975288030534
154.295445,0.9999975948028925
154.777618,0.9999976609027357
155.259792,0.9999977319025721
155.741965,0.9999977857024516
156.224138,0.999997822402371
156.706311,0.999997846902318
157.188485,0.9999978542023022
157.670658,0.9999978322023497
158.152831,0.9999977906024408
158.635005,0.9999977539025224
159.117178,0.9999977294025778
159.599351,0.9999977025026392
160.081525,0.9999976878026732
160.563698,0.9999976854026786
161.045871,0.9999976829026844
161.528044,0.9999976707027128
162.010218,0.9999976560027471
162.492391,0.9999976609027357
162.974564,0.9999976682027186
163.456738,0.9999976658027242
163.938911,0.9999976756027014
164.421084,0.9999976829026844
164.903258,0.99999768050269
165.385431,0.9999976731027073
165.867604,0.9999976560027471
166.349777,0.9999976389027874
166.831951,0.9999976120028513
167.314124,0.9999975704029515
167.796297,0.9999975288030534
168.278471,0.9999975043031143
168.760644,0.9999974798031757
169.242817,0.9999974798031757
169.724991,0.9999975043031143
170.207164,0.9999975288030534
170.689337,0.9999975802029277
171.171511,0.9999976511027586
171.653684,0.9999977196026001
172.135857,0.99999779550243
172.61803,0.9999978713022657
173.100204,0.9999979301021422
173.582377,0.999997964302072
174.06455,0.9999979619020769
174.546724,0.9999979301021422
175.028897,0.9999978664022762
175.51107,0.9999977710024842
175.993244,0.9999976903026674
176.475417,0.9999976364027933
176.95759,0.999997604602869
177.439763,0.999997604602869
177.921937,0.9999976193028338
178.40411,0.9999976707027128
178.886283,0.9999977270025833
179.368457,0.9999977661024951
179.85063,0.9999978248023658
180.332803,0.9999978689022708
180.814977,0.9999978836022396
181.29715,0.9999978909022241
181.779323,0.9999978836022396
182.261496,0.9999978762022552
182.74367,0.9999978518023074
183.225843,0.9999978248023658
183.708016,0.9999978273023603
184.19019,0.9999978322023497
184.672363,0.9999978346023445
185.154536,0.9999978493023127
185.63671,0.9999978664022762
186.118883,0.9999978738022604
186.601056,0.9999978640022813
187.083229,0.9999978420023284
187.565403,0.9999978102023976
188.047576,0.9999977661024951
188.529749,0.9999977221025944
189.011923,0.9999976854026786
189.494096,0.9999976560027471
189.976269,0.9999976267028162
190.458443,0.9999975948028925
190.940616,0.9999975557029873
191.422789,0.9999975043031143
191.904962,0.9999974554032375
192.387136,0.9999974064033634
192.869309,0.9999973575034914
193.351482,0.9999973086036218
193.833656,0.9999972596037549
194.315829,0.9999972107038901
194.798002,0.9999971618040276
195.280176,0.9999971128041679
195.762349,0.9999970884042387
196.244522,0.9999970639043103
196.726696,0.9999970150044551
197.208869,0.9999970150044551
197.691042,0.9999970150044551
198.173215,0.9999969905045285
198.655389,0.9999969660046025
199.137562,0.9999968926048279
199.619735,0.9999968437049811
200.101909,0.9999967458052949
200.584082,0.9999966724055365
201.066255,0.9999965990057834
201.548429,0.9999965746058667
202.030602,0.9999965501059509
202.512775,0.9999965501059509
202.994948,0.9999965746058667
203.477122,0.9999966480056179
203.959295,0.9999967214053747
204.441468,0.9999967948051367
204.923642,0.9999968682049041
205.405815,0.9999969416046769
205.887988,0.9999969905045285
206.370162,0.9999969660046025
206.852335,0.9999969416046769
207.334508,0.9999969171047521
207.816681,0.9999968682049041
208.298855,0.9999968192050588
208.781028,0.9999968192050588
209.263201,0.9999967948051367
209.745375,0.9999967948051367
210.227548,0.9999967703052155
210.709721,0.9999967458052949
211.191895,0.9999967214053747
211.674068,0.9999966969054552
212.156241,0.9999966480056179
212.638414,0.9999965990057834
213.120588,0.9999965256060357
213.602761,0.9999964767062068
214.084934,0.9999964277063806
214.567108,0.9999963788065566
215.049281,0.9999963299067348
215.531454,0.9999962565070069
216.013628,0.9999962075071915
216.495801,0.9999961341074726
216.977974,0.9999960852076628
217.460147,0.9999960118079528
217.942321,0.9999959629081491
218.424494,0.9999958895084481
218.906667,0.9999958405086508
219.388841,0.9999957916088553
219.871014,0.9999957427090623
220.353187,0.9999957182091669
220.835361,0.9999957182091669
221.317534,0.9999957182091669
221.799707,0.9999957182091669
222.281881,0.9999957427090623
222.764054,0.9999957916088553
223.246227,0.9999958161087525
223.7284,0.9999958650085491
224.210574,0.9999958895084481
224.692747,0.9999959139083481
225.17492,0.9999959384082483
225.657094,0.9999959873080508
226.139267,0.9999960363078555
226.62144,0.9999961097075672
227.103614,0.9999961586073781
227.585787,0.9999962565070069
228.06796,0.9999963299067348
228.550133,0.9999964277063806
229.032307,0.9999965501059509
229.51448,0.9999966480056179
229.996653,0.9999967703052155
230.478827,0.9999968926048279
230.961,0.9999969905045285
231.443173,0.9999970394043826
231.925347,0.9999971128041679
232.40752,0.9999971373040976
232.889693,0.9999971862039587
233.371866,0.9999972352038221
233.85404,0.999997284103688
234.336213,0.9999973330035564
234.818386,0.9999973575034914
235.30056,0.9999973820034269
235.782733,0.9999973820034269
236.264906,0.9999973820034269
236.74708,0.9999973820034269
237.229253,0.9999973575034914
237.711426,0.9999973575034914
238.193599,0.9999973575034914
238.675773,0.9999973330035564
239.157946,0.9999973330035564
239.640119,0.9999973330035564
240.122293,0.9999973330035564
240.604466,0.9999973330035564
241.086639,0.9999973575034914
241.568813,0.9999973575034914
242.050986,0.9999973330035564
242.533159,0.9999973086036218
243.015333,0.999997284103688
243.497506,0.9999972596037549
243.979679,0.9999972352038221
244.461852,0.9999972352038221
244.944026,0.9999972107038901
245.426199,0.9999972107038901
245.908372,0.9999972107038901
246.390546,0.9999972107038901
246.872719,0.9999972596037549
247.354892,0.999997284103688
247.837066,0.999997284103688
248.319239,0.9999973330035564
248.801412,0.9999974798031757
249.283585,0.9999976854026786
249.765759,0.9999979031021985
250.247932,0.9999981013018026
250.730105,0.9999982481015346
251.212279,0.999998282401475
251.694452,0.9999981772016613
252.176625,0.9999980548018919
252.658799,0.999997942302117
253.140972,0.9999978102023976
253.623145,0.9999976903026674
254.105318,0.9999975802029277
254.587492,0.9999974798031757
255.069665,0.9999974064033634
255.551838,0.9999973330035564
256.034012,0.9999974309033002
256.516185,0.9999976144028455
256.998358,0.9999978151023869
257.480532,0.9999980132019737
257.962705,0.9999981552017017
258.444878,0.9999982383015518
258.927051,0.9999982261015734
259.409225,0.9999981698016748
259.891398,0.999998184501648
260.373571,0.999998213901595
260.855745,0.9999982188015863
261.337918,0.999998235901556
261.820091,0.9999982432015432
262.302265,0.9999982481015346
262.784438,0.9999982457015388
263.266611,0.9999982334015605
263.748784,0.999998228601569
264.230958,0.9999982163015908
264.713131,0.9999982163015908
265.195304,0.9999982212015821
265.677478,0.9999982237015776
266.159651,0.9999982261015734
266.641824,0.9999982261015734
267.123998,0.999998228601569
267.606171,0.9999982310015647
268.088344,0.9999982334015605
268.570518,0.9999982457015388
269.052691,0.9999982555015217
269.534864,0.9999982604015131
270.017037,0.9999982628015089
270.499211,0.9999982628015089
270.981384,0.9999982579015174
271.463557,0.9999982506015302
271.945731,0.9999982408015474
272.427904,0.9999982310015647
272.910077,0.9999982310015647
273.392251,0.9999982457015388
273.874424,0.9999982555015217
274.356597,0.999998253001526
274.83877,0.9999982408015474
275.320944,0.9999982163015908
275.803117,0.9999981796016569
276.28529,0.9999981331017427
276.767464,0.9999980989018071
277.249637,0.9999980842018351
277.73181,0.9999980646018729
278.213984,0.9999980475019061
278.696157,0.9999980304019397
279.17833,0.999998018101964
279.660503,0.9999980059019882
280.142677,0.9999979937020126
280.62485,0.9999980083019835
281.107023,0.9999980328019349
281.589197,0.9999980475019061
282.07137,0.9999980622018775
282.553543,0.9999980769018492
283.035717,0.9999980891018257
283.51789,0.9999980915018212
284.000063,0.9999980989018071
284.482236,0.9999981331017427
284.96441,0.9999981674016792
285.446583,0.9999981870016434
285.928756,0.9999982016016171
286.41093,0.9999982065016083
286.893103,0.9999982016016171
287.375276,0.9999981772016613
287.85745,0.9999981527017062
288.339623,0.999998135601738
288.821796,0.9999981209017655
289.303969,0.9999981087017885
289.786143,0.9999980989018071
290.268316,0.9999980940018164
290.750489,0.9999980915018212
291.232663,0.9999980940018164
291.714836,0.9999981062017932
292.197009,0.9999981209017655
292.679183,0.9999981331017427
293.161356,0.9999981454017197
293.643529,0.9999981503017107
294.125703,0.9999981503017107
294.607876,0.9999981454017197
295.090049,0.9999981380017335
295.572222,0.999998135601738
296.054396,0.9999981282017518
296.536569,0.9999981258017563
297.018742,0.99999811850177
297.500916,0.99999811850177
297.983089,0.9999981380017335
298.465262,0.9999981527017062
298.947436,0.9999981552017017
299.429609,0.999998135601738
299.911782,0.9999980940018164
300.393955,0.9999980377019253
300.876129,0.9999979619020769
301.358302,0.9999979007022035
301.840475,0.9999978615022866
302.322649,0.9999978273023603
302.804822,0.9999978053024083
303.286995,0.9999977906024408
303.769169,0.9999977906024408
304.251342,0.9999978102023976
304.733515,0.999997837102339
305.215688,0.9999978885022293
305.697862,0.9999979447021121
306.180035,0.9999979790020422
306.662208,0.9999979961020078
307.144382,0.9999979888020225
307.626555,0.9999979692020621
308.108728,0.9999979398021223
308.590902,0.9999979056021933
309.073075,0.9999978933022191
309.555248,0.9999978836022396
310.037421,0.9999978689022708
310.519595,0.9999978542023022
311.001768,0.999997837102339
311.483941,0.999997822402371
311.966115,0.9999978028024138
312.448288,0.9999977832024571
312.930461,0.9999977612025062
313.412635,0.9999977343025667
313.894808,0.9999977123026168
314.376981,0.9999976878026732
314.859154,0.9999976658027242
315.341328,0.9999976462027702
315.823501,0.9999976291028105
316.305674,0.9999976120028513
316.787848,0.9999975924028983
317.270021,0.9999975728029457
317.752194,0.9999975533029931
318.234368,0.9999975288030534
318.716541,0.9999975043031143
319.198714,0.9999974798031757
319.680888,0.9999974554032375
320.163061,0.9999974309033002
320.645234,0.9999973820034269
321.127407,0.9999973575034914
321.609581,0.9999973086036218
322.091754,0.9999972596037549
322.573927,0.9999972352038221
323.056101,0.9999972107038901
323.538274,0.9999972107038901
324.020447,0.9999971618040276
324.502621,0.9999971373040976
324.984794,0.9999971128041679
325.466967,0.9999970639043103
325.94914,0.9999970150044551
326.431314,0.9999970150044551
326.913487,0.9999969905045285
327.39566,0.9999969905045285
327.877834,0.9999969905045285
328.360007,0.9999969905045285
328.84218,0.9999969905045285
329.324354,0.9999969905045285
329.806527,0.9999970394043826
330.2887,0.9999970639043103
330.770873,0.9999970884042387
331.253047,0.9999971128041679
331.73522,0.9999971128041679
332.217393,0.9999971128041679
332.699567,0.9999971128041679
333.18174,0.9999970884042387
333.663913,0.9999970884042387
334.146087,0.9999970639043103
334.62826,0.9999970639043103
335.110433,0.9999970639043103
335.592606,0.9999970639043103
336.07478,0.9999970639043103
336.556953,0.9999970884042387
337.039126,0.9999971128041679
337.5213,0.9999971373040976
338.003473,0.9999971618040276
338.485646,0.9999971862039587
338.96782,0.9999972107038901
339.449993,0.9999972352038221
339.932166,0.9999972352038221
340.41434,0.9999972596037549
340.896513,0.9999972596037549
341.378686,0.9999972596037549
341.860859,0.9999972596037549
342.343033,0.9999972596037549
342.825206,0.9999972596037549
343.307379,0.999997284103688
343.789553,0.999997284103688
344.271726,0.999997284103688
344.753899,0.9999973086036218
345.236073,0.9999973086036218
345.718246,0.9999973086036218
346.200419,0.9999973086036218
346.682592,0.9999973086036218
347.164766,0.999997284103688
347.646939,0.999997284103688
348.129112,0.9999972596037549
348.611286,0.9999972107038901
349.093459,0.9999971862039587
349.575632,0.9999971618040276
350.057806,0.9999971373040976
350.539979,0.9999971373040976
351.022152,0.9999971128041679
351.504325,0.9999970884042387
351.986499,0.9999970639043103
352.468672,0.9999970639043103
352.950845,0.9999970394043826
353.433019,0.9999970394043826
353.915192,0.9999970150044551
354.397365,0.9999969905045285
354.879539,0.9999969660046025
355.361712,0.9999969416046769
355.843885,0.9999969171047521
356.326058,0.9999968926048279
356.808232,0.9999968682049041
357.290405,0.9999968437049811
357.772578,0.9999967948051367
358.254752,0.9999967703052155
358.736925,0.9999967458052949
359.219098,0.9999966969054552
359.701272,0.9999966724055365
360.183445,0.9999966480056179
360.665618,0.9999966235057004
361.147791,0.9999966235057004
361.629965,0.9999965990057834
362.112138,0.9999965746058667
362.594311,0.9999965501059509
363.076485,0.9999965256060357
363.558658,0.9999965011061211
364.040831,0.9999965011061211
364.523005,0.9999964767062068
365.005178,0.9999964767062068
365.487351,0.9999964522062934
365.969525,0.9999964522062934
366.451698,0.9999964277063806
366.933871,0.9999964277063806
367.416044,0.9999964277063806
367.898218,0.9999964033064681
368.380391,0.9999964033064681
368.862564,0.9999964033064681
369.344738,0.9999964277063806
369.826911,0.9999964277063806
370.309084,0.9999964277063806
370.791258,0.9999964277063806
371.273431,0.9999964277063806
371.755604,0.9999964277063806
372.237777,0.9999964277063806
372.719951,0.9999964277063806
373.202124,0.9999964033064681
373.684297,0.9999964033064681
374.166471,0.9999964033064681
374.648644,0.9999964033064681
375.130817,0.9999964277063806
375.612991,0.9999964522062934
376.095164,0.9999964522062934
376.577337,0.9999964277063806
377.05951,0.9999964033064681
377.541684,0.9999964033064681
378.023857,0.9999963788065566
378.50603,0.9999963543066456
378.988204,0.9999963788065566
379.470377,0.9999964277063806
379.95255,0.9999964522062934
380.434724,0.9999965256060357
380.916897,0.9999965746058667
381.39907,0.9999966480056179
381.881243,0.9999966969054552
382.363417,0.9999967458052949
382.84559,0.9999967948051367
383.327763,0.9999968192050588
383.809937,0.9999968192050588
384.29211,0.9999967948051367
384.774283,0.9999967703052155
385.256457,0.9999967458052949
385.73863,0.9999967214053747
386.220803,0.9999966969054552
386.702976,0.9999967214053747
387.18515,0.9999967214053747
387.667323,0.9999967214053747
388.149496,0.9999967458052949
388.63167,0.9999967458052949
389.113843,0.9999967458052949
389.596016,0.9999967703052155
390.07819,0.9999967703052155
390.560363,0.9999967703052155
391.042536,0.9999967703052155
391.52471,0.9999967703052155
392.006883,0.9999967703052155
392.489056,0.9999967703052155
392.971229,0.9999967703052155
393.453403,0.9999967703052155
393.935576,0.9999967703052155
394.417749,0.9999967703052155
394.899923,0.9999967948051367
395.382096,0.9999967948051367
395.864269,0.9999967948051367
396.346443,0.9999967948051367
396.828616,0.9999968192050588
397.310789,0.9999968192050588
397.792962,0.9999968192050588
398.275136,0.9999968437049811
398.757309,0.9999968437049811
399.239482,0.9999968437049811
399.721656,0.9999968682049041
400.203829,0.9999968682049041
400.686002,0.9999968926048279
401.168176,0.9999968926048279
401.650349,0.9999968926048279
402.132522,0.9999969171047521
402.614695,0.9999969171047521
403.096869,0.9999969171047521
403.579042,0.9999969171047521
404.061215,0.9999969171047521
404.543389,0.9999969171047521
405.025562,0.9999969171047521
405.507735,0.9999969171047521
405.989909,0.9999969171047521
406.472082,0.9999969171047521
406.954255,0.9999969171047521
407.436428,0.9999969171047521
407.918602,0.9999969171047521
408.400775,0.9999969171047521
408.882948,0.9999969171047521
409.365122,0.9999969171047521
409.847295,0.9999969171047521
410.329468,0.9999969171047521
410.811642,0.9999969171047521
411.293815,0.9999968926048279
411.775988,0.9999968926048279
412.258162,0.9999968926048279
412.740335,0.9999968682049041
413.222508,0.9999968682049041
413.704681,0.9999968437049811
414.186855,0.9999968437049811
414.669028,0.9999968437049811
415.151201,0.9999968192050588
415.633375,0.9999968192050588
416.115548,0.9999967948051367
416.597721,0.9999967703052155
417.079895,0.9999967458052949
417.562068,0.9999967458052949
418.044241,0.9999967214053747
418.526414,0.9999966969054552
419.008588,0.9999966724055365
419.490761,0.9999966480056179
419.972934,0.9999966480056179
420.455108,0.9999966235057004
420.937281,0.9999965990057834
421.419454,0.9999965990057834
421.901628,0.9999965746058667
422.383801,0.9999965746058667
422.865974,0.9999965501059509
423.348147,0.9999965256060357
423.830321,0.9999965256060357
424.312494,0.9999964767062068
424.794667,0.9999964522062934
425.276841,0.9999964277063806
425.759014,0.9999964033064681
426.241187,0.9999963788065566
426.723361,0.9999963543066456
427.205534,0.999996305406825
427.687707,0.9999962809069158
428.16988,0.9999962320070989
428.652054,0.9999962075071915
429.134227,0.9999961831072843
429.6164,0.9999961341074726
430.098574,0.9999961097075672
430.580747,0.999996060707759
431.06292,0.9999960363078555
431.545094,0.9999959873080508
432.027267,0.9999959384082483
432.50944,0.9999959139083481
432.991613,0.9999958650085491
433.473787,0.9999958161087525
433.95596,0.9999957671089587
434.438133,0.9999957182091669
434.920307,0.9999956448094839
435.40248,0.999995595909698
435.884653,0.999995546909915
436.366827,0.999995498010134
436.849,0.9999954246104671
437.331173,0.9999953756106925
437.813347,0.9999953267109198
438.29552,0.9999952778111496
438.777693,0.9999952044114989
439.259866,0.999995155411735
439.74204,0.9999950820120933
440.224213,0.999995008612457
440.706386,0.9999949352128261
441.18856,0.9999948618132005
441.670733,0.9999947884135804
442.152906,0.9999946906140948
442.63508,0.9999946172144872
443.117253,0.9999945438148851
443.599426,0.9999944703152888
444.081599,0.9999943969156974
444.563773,0.9999943235161113
445.045946,0.9999942501165306
445.528119,0.9999941767169553
446.010293,0.9999941033173855
446.492466,0.999994029917821
446.974639,0.999993956518262
447.456813,0.9999938831187082
447.938986,0.9999938097191599
448.421159,0.999993736319617
448.903332,0.9999936629200794
449.385506,0.9999936140203904
449.867679,0.9999935406208619
450.349852,0.9999934672213386
450.832026,0.9999933938218208
451.314199,0.9999933204223085
451.796372,0.9999932714226369
452.278546,0.9999931980231336
452.760719,0.9999931491234674
453.242892,0.9999930757239729
453.725065,0.9999930268243127
454.207239,0.9999929534248272
454.689412,0.9999929044251737
455.171585,0.9999928310256972
455.653759,0.999992782126049
456.135932,0.9999927332264031
456.618105,0.9999926598269392
457.100279,0.9999926108273001
457.582452,0.9999925619276626
458.064625,0.9999925130280275
458.546798,0.9999924640283956
459.028972,0.9999924151287652
459.511145,0.9999923661291381
459.993318,0.9999923417293247
460.475492,0.9999923172295127
460.957665,0.9999922683298895
461.439838,0.9999922438300792
461.922012,0.9999922193302696
462.404185,0.9999922193302696
462.886358,0.9999921949304598
463.368532,0.9999921704306513
463.850705,0.9999921704306513
464.332878,0.9999921459308434
464.815051,0.9999921459308434
465.297225,0.9999921215310353
465.779398,0.9999921215310353
466.261571,0.9999921215310353
466.743745,0.9999920970312286
467.225918,0.9999920970312286
467.708091,0.9999920970312286
468.190265,0.9999920970312286
468.672438,0.9999920970312286
469.154611,0.9999920970312286
469.636784,0.9999920970312286
470.118958,0.9999920725314225
470.601131,0.9999920725314225
471.083304,0.9999920725314225
471.565478,0.9999920725314225
472.047651,0.9999920725314225
472.529824,0.9999920481316162
473.011998,0.9999920481316162
473.494171,0.9999920236318114
473.976344,0.9999919991320071
474.458517,0.9999919991320071
474.940691,0.9999919747322026
475.422864,0.9999919502323995
475.905037,0.9999919257325971
476.387211,0.9999919013327944
476.869384,0.9999918768329931
477.351557,0.9999918523331924
477.833731,0.9999918034335921
478.315904,0.9999917789337931
478.798077,0.9999917300341964
479.28025,0.9999917055343993
479.762424,0.9999916811346019
480.244597,0.9999916321350107
480.72677,0.9999916077352152
481.208944,0.9999915587356277
481.691117,0.999991534335834
482.17329,0.9999915098360417
482.655464,0.9999914608364588
483.137637,0.9999914364366675
483.61981,0.9999914119368776
484.101983,0.9999913874370884
484.584157,0.9999913385375107
485.06633,0.9999913140377232
485.548503,0.9999912896379354
486.030677,0.9999912896379354
486.51285,0.9999912651381492
486.995023,0.9999912651381492
487.477197,0.9999912651381492
487.95937,0.9999912406383634
488.441543,0.9999912406383634
488.923717,0.9999912406383634
489.40589,0.9999912406383634
489.888063,0.9999912406383634
490.370236,0.9999912406383634
490.85241,0.9999912406383634
491.334583,0.9999912406383634
491.816756,0.9999912406383634
492.29893,0.9999912406383634
492.781103,0.9999912651381492
493.263276,0.9999912651381492
493.74545,0.9999912651381492
494.227623,0.9999912896379354
494.709796,0.9999912896379354
495.191969,0.9999913140377232
495.674143,0.9999913385375107
496.156316,0.9999913385375107
496.638489,0.9999913630372987
497.120663,0.9999913874370884
497.602836,0.9999914119368776
498.085009,0.9999914364366675
498.567183,0.9999914608364588
499.049356,0.9999914853362499
499.531529,0.9999915098360417
500.013702,0.9999915098360417
500.495876,0.999991534335834
500.978049,0.9999915587356277
501.460222,0.9999915832354211
501.942396,0.9999916077352152
502.424569,0.9999916321350107
502.906742,0.999991656634806
503.388916,0.9999916811346019
503.871089,0.9999916811346019
504.353262,0.999991656634806
504.835435,0.999991656634806
505.317609,0.999991656634806
505.799782,0.9999916811346019
506.281955,0.9999917055343993
506.764129,0.9999917055343993
507.246302,0.9999917300341964
507.728475,0.999991754533994
508.210649,0.9999918034335921
508.692822,0.9999918279333915
509.174995,0.9999919013327944
509.657169,0.9999919502323995
510.139342,0.9999919991320071
510.621515,0.9999920236318114
511.103688,0.9999920236318114
511.585862,0.9999920236318114
512.068035,0.9999920236318114
512.550208,0.9999920236318114
513.032382,0.9999920236318114
513.514555,0.9999920236318114
513.996728,0.9999919991320071
514.478902,0.9999919991320071
514.961075,0.9999919991320071
515.443248,0.9999919747322026
515.925421,0.9999919502323995
516.407595,0.9999919257325971
516.889768,0.9999919013327944
517.371941,0.9999918523331924
517.854115,0.9999918279333915
518.336288,0.9999917789337931
518.818461,0.999991754533994
519.300635,0.9999917055343993
519.782808,0.9999916811346019
520.264981,0.9999916321350107
520.747154,0.9999915832354211
521.229328,0.999991534335834
521.711501,0.9999914853362499
522.193674,0.9999914119368776
522.675848,0.9999913385375107
523.158021,0.9999912651381492
523.640194,0.999991167239009
524.122368,0.9999910694398777
524.604541,0.9999909715407568
525.086714,0.9999908981414222
525.568887,0.999990800242318
526.051061,0.999990726842996
526.533234,0.9999906290439077
527.015407,0.9999905556445982
527.497581,0.9999904821452951
527.979754,0.9999903843462307
528.461927,0.9999903109469391
528.944101,0.999990237547653
529.426274,0.9999901396486136
529.908447,0.9999900417495837
530.39062,0.9999899680503204
530.872794,0.9999898950510553
531.354967,0.9999898220517957
531.83714,0.9999897480525516
532.319314,0.9999896990530551
532.801487,0.9999896750533026
533.28366,0.9999896260538097
533.765834,0.9999895520545802
534.248007,0.9999895030550933
534.73018,0.9999894550555983
535.212354,0.9999894060561162
535.694527,0.9999893570566365
536.1767,0.9999893320569029
536.658873,0.9999893080571592
537.141047,0.9999893080571592
537.62322,0.9999892830574268
538.105393,0.9999892590576843
538.587567,0.9999892590576843
539.06974,0.9999892340579531
539.551913,0.9999892100582118
540.034087,0.9999891850584819
540.51626,0.9999891850584819
540.998433,0.9999891850584819
541.480606,0.9999891610587417
541.96278,0.9999891610587417
542.444953,0.9999891610587417
542.927126,0.9999891360590131
543.4093,0.9999891360590131
543.891473,0.9999891610587417
544.373646,0.9999891610587417
544.85582,0.9999891610587417
545.337993,0.9999891120592741
545.820166,0.9999890880595357
546.302339,0.9999890390600715
546.784513,0.9999889900606098
547.266686,0.9999889410611505
547.748859,0.9999888920616936
548.231033,0.9999888430622391
548.713206,0.9999888180625184
549.195379,0.999988794062787
549.677553,0.9999887450633372
550.159726,0.9999887450633372
550.641899,0.9999887450633372
551.124072,0.9999887690630674
551.606246,0.999988794062787
552.088419,0.999988794062787
552.570592,0.999988794062787
553.052766,0.999988794062787
553.534939,0.9999887690630674
554.017112,0.9999887690630674
554.499286,0.999988794062787
554.981459,0.9999888180625184
555.463632,0.9999888180625184
555.945805,0.9999888180625184
556.427979,0.9999888430622391
556.910152,0.9999888430622391
557.392325,0.9999888180625184
557.874499,0.9999888430622391
558.356672,0.9999888670619717
558.838845,0.9999888920616936
559.321019,0.9999889160614273
559.803192,0.9999889650608854
560.285365,0.9999890140603459
560.767539,0.9999890630598087
561.249712,0.9999891120592741
561.731885,0.9999891850584819
562.214058,0.9999892830574268
562.696232,0.9999893320569029
563.178405,0.9999893810563814
563.660578,0.9999894060561162
564.142752,0.9999894060561162
564.624925,0.9999894300558623
565.107098,0.9999894300558623
565.589272,0.9999894300558623
566.071445,0.9999894300558623
566.553618,0.9999894550555983
567.035791,0.9999894790553455
567.517965,0.9999894790553455
568.000138,0.9999895030550933
568.482311,0.9999895520545802
568.964485,0.9999895770543192
569.446658,0.9999896010540694
569.928831,0.9999896010540694
570.411005,0.9999895770543192
570.893178,0.9999895520545802
571.375351,0.9999895280548312
571.857524,0.9999894550555983
572.339698,0.9999894060561162
572.821871,0.9999893320569029
573.304044,0.9999892100582118
573.786218,0.9999890630598087
574.268391,0.9999889160614273
574.750564,0.9999887450633372
575.232738,0.9999885490655624
575.714911,0.9999883290681059
576.197084,0.9999881330704126
576.679257,0.9999878640736409
577.161431,0.9999875710772397
577.643604,0.9999872520812554
578.125777,0.9999868850860012
578.607951,0.9999865180908818
579.090124,0.9999860780969106
579.572297,0.999985589103838
580.054471,0.9999850751113772
580.536644,0.9999845371195516
581.018817,0.9999839741284157
581.500991,0.9999833621384108
581.983164,0.9999827991479363
582.465337,0.9999822371577611
582.94751,0.9999816741679202
583.429684,0.9999811361779242
583.911857,0.9999806711868039
584.39403,0.9999802061958999
584.876204,0.9999797902042207
585.358377,0.9999793492132304
585.84055,0.9999789332219077
586.322724,0.9999785662297065
586.804897,0.9999781992376401
587.28707,0.9999778572451544
587.769243,0.999977588251147
588.251417,0.9999773922555589
588.73359,0.9999771962600092
589.215763,0.9999770502633493
589.697937,0.9999769522656031
590.18011,0.9999769522656031
590.662283,0.9999769762650502
591.144457,0.9999770742627987
591.62663,0.9999772452588931
592.108803,0.9999774652539112
592.590976,0.9999777102484202
593.07315,0.9999780042419102
593.555323,0.9999782972355084
594.037496,0.9999786642276108
594.51967,0.999979056219324
595.001843,0.9999794962102055
595.484016,0.9999799862002787
595.96619,0.9999804751906116
596.448363,0.9999809891807079
596.930536,0.9999815031710685
597.412709,0.9999820161617111
597.894883,0.9999825301525995
598.377056,0.9999830441437522
598.859229,0.9999835091359758
599.341403,0.9999839981280313
599.823576,0.9999844881203105
600.305749,0.9999849771128447
600.787923,0.9999854421059672
601.270096,0.9999858580999976
601.752269,0.9999862740942012
602.234442,0.9999866160895653
602.716616,0.9999869100856736
603.198789,0.9999871790821887
603.680962,0.9999874240790776
604.163136,0.9999876190766442
604.645309,0.9999878150742368
605.127482,0.9999879620724564
605.609656,0.9999881090706977
606.091829,0.9999882310692544
606.574002,0.9999883530678261
607.056176,0.9999884760664011
607.538349,0.9999885980650025
608.020522,0.9999887450633372
608.502695,0.9999888670619717
608.984869,0.9999889900606098
609.467042,0.9999890630598087
609.949215,0.9999891120592741
610.431389,0.9999891120592741
610.913562,0.9999891120592741
611.395735,0.9999891120592741
611.877909,0.9999891120592741
612.360082,0.9999891360590131
612.842255,0.9999892100582118
613.324428,0.9999892830574268
613.806602,0.9999893570566365
614.288775,0.9999894060561162
614.770948,0.9999894300558623
615.253122,0.9999894550555983
615.735295,0.9999895030550933
616.217468,0.9999895770543192
616.699642,0.9999896990530551
617.181815,0.9999898460515517
617.663988,0.999990017349827
618.146161,0.9999901641483723
618.628335,0.999990335346703
619.110508,0.9999905311448299
619.592681,0.999990751342769
620.074855,0.9999909960405359
620.557028,0.9999912406383634
621.039201,0.9999914364366675
621.521375,0.9999915587356277
622.003548,0.9999916321350107
622.485721,0.999991656634806
622.967894,0.999991656634806
623.450068,0.9999916811346019
623.932241,0.9999917055343993
624.414414,0.9999917300341964
624.896588,0.999991754533994
625.378761,0.9999917789337931
625.860934,0.9999917789337931
626.343108,0.9999917789337931
626.825281,0.9999918034335921
627.307454,0.9999918523331924
627.789627,0.9999918768329931
628.271801,0.9999919257325971
628.753974,0.9999919502323995
629.236147,0.9999919747322026
629.718321,0.9999919747322026
630.200494,0.9999919747322026
630.682667,0.9999919502323995
631.164841,0.9999919257325971
631.647014,0.9999919013327944
632.129187,0.9999918768329931
632.611361,0.9999918279333915
633.093534,0.9999918034335921
633.575707,0.9999917789337931
634.05788,0.999991754533994
634.540054,0.9999917300341964
635.022227,0.9999917055343993
635.5044,0.9999916811346019
635.986574,0.999991656634806
636.468747,0.9999916321350107
636.95092,0.9999916077352152
637.433094,0.9999915832354211
637.915267,0.9999915587356277
638.39744,0.999991534335834
638.879613,0.9999915098360417
639.361787,0.9999914853362499
639.84396,0.9999914608364588
640.326133,0.9999914364366675
640.808307,0.9999914119368776
641.29048,0.9999913874370884
641.772653,0.9999913630372987
642.254827,0.9999913385375107
642.737,0.9999913140377232
643.219173,0.9999912651381492
643.701346,0.9999912406383634
644.18352,0.9999912162385775
644.665693,0.9999911917387929
645.147866,0.999991167239009
645.63004,0.9999911428392249
646.112213,0.9999911183394422
646.594386,0.9999910938396601
647.07656,0.9999910694398777
647.558733,0.9999910449400968
648.040906,0.9999910204403165
648.523079,0.9999909960405359
649.005253,0.9999909715407568
649.487426,0.9999909470409782
649.969599,0.9999909226411995
650.451773,0.9999908981414222
650.933946,0.9999908736416455
651.416119,0.9999908492418684
651.898293,0.9999908247420929
652.380466,0.999990800242318
652.862639,0.9999907758425428
653.344812,0.999990751342769
653.826986,0.999990726842996
654.309159,0.9999907024432225
654.791332,0.9999906779434506
655.273506,0.9999906290439077
655.755679,0.9999906045441376
656.237852,0.999990580044368
656.720026,0.9999905556445982
657.202199,0.9999905311448299
657.684372,0.9999905066450622
658.166546,0.9999904821452951
658.648719,0.9999904577455276
659.130892,0.9999904332457616
659.613065,0.9999904087459963
660.095239,0.9999903843462307
660.577412,0.9999903598464666
661.059585,0.999990335346703
661.541759,0.9999903109469391
662.023932,0.9999902864471769
662.506105,0.9999902619474151
662.988279,0.999990237547653
663.470452,0.9999902130478925
663.952625,0.9999901885481326
664.434798,0.9999901641483723
664.916972,0.9999901396486136
665.399145,0.9999901151488555
665.881318,0.999990090749097
666.363492,0.9999900662493401
666.845665,0.9999900417495837
667.327838,0.999990017349827
667.810012,0.9999899930500699
668.292185,0.9999899440505614
668.774358,0.9999899190508131
669.256531,0.9999899190508131
669.738705,0.9999899440505614
670.220878,0.9999899440505614
670.703051,0.9999899680503204
671.185225,0.9999899440505614
671.667398,0.9999898220517957
672.149571,0.9999896260538097
672.631745,0.9999894060561162
673.113918,0.9999891610587417
673.596091,0.9999888180625184
674.078264,0.9999885000661247
674.560438,0.9999882310692544
675.042611,0.9999878640736409
675.524784,0.9999875220778499
676.006958,0.9999872280815616
676.489131,0.9999869340853598
676.971304,0.9999866650889108
677.453478,0.9999864450918686
677.935651,0.9999862250948749
678.417824,0.9999859800982798
678.899998,0.9999856871024305
679.382171,0.9999853441073986
679.864344,0.9999849771128447
680.346517,0.9999846101184254
680.828691,0.9999841941249141
681.310864,0.999983729132372
681.793037,0.999983264140046
682.275211,0.9999827991479363
682.757384,0.9999822371577611
683.239557,0.9999816251688193
683.721731,0.9999810131802519
684.203904,0.9999803771925299
684.686077,0.9999796682066937
685.16825,0.9999789582213813
685.650424,0.9999782732360295
686.132597,0.9999775392522464
686.61477,0.9999768292684456
687.096944,0.999976169283956
687.579117,0.9999755332993147
688.06129,0.9999747983175677
688.543464,0.999974309330011
689.025637,0.9999738203426932
689.50781,0.9999733303556413
689.989983,0.9999730863621784
690.472157,0.9999728413688023
690.95433,0.9999723523822024
691.436503,0.9999723523822024
691.918677,0.9999721073890061
692.40085,0.9999721073890061
692.883023,0.9999721073890061
693.365197,0.9999721073890061
693.84737,0.9999721073890061
694.329543,0.9999723523822024
694.811716,0.9999725963754862
695.29389,0.9999728413688023
695.776063,0.9999730863621784
696.258236,0.9999735753491372
696.74041,0.9999740643363352
697.222583,0.9999745543237467
697.704756,0.999975288305339
698.18693,0.9999759242898245
698.669103,0.9999765602747146
699.151276,0.9999772212594394
699.633449,0.9999779302435406
700.115623,0.9999786642276108
700.597796,0.9999793252137263
701.079969,0.9999799862002787
701.562143,0.9999806711868039
702.044316,0.999981307174713
702.526489,0.9999818701643475
703.008663,0.9999824321543164
703.490836,0.9999829711449926
703.973009,0.9999834601367851
704.455183,0.9999839491288166
704.937356,0.999984365122226
705.419529,0.999984757116174
705.901702,0.9999851241106471
706.383876,0.999985491105255
706.866049,0.9999858091006918
707.348222,0.999986151095897
707.830396,0.9999864940912057
708.312569,0.9999868120869613
708.794742,0.9999870810834499
709.276916,0.9999873500800109
709.759089,0.9999876190766442
710.241262,0.9999878640736409
710.723435,0.9999880840709953
711.205609,0.9999883050683862
711.687782,0.9999885250658376
712.169955,0.9999887200636189
712.652129,0.9999888670619717
713.134302,0.9999890140603459
713.616475,0.9999891610587417
714.098649,0.9999893080571592
714.580822,0.9999894550555983
715.062995,0.9999896010540694
715.545168,0.9999897970520504
716.027342,0.9999899440505614
716.509515,0.9999900417495837
716.991688,0.9999900662493401
717.473862,0.9999900662493401
717.956035,0.999990017349827
718.438208,0.9999899440505614
718.920382,0.9999898700513082
719.402555,0.9999898460515517
719.884728,0.9999898700513082
720.366901,0.9999898950510553
720.849075,0.9999899190508131
721.331248,0.999990017349827
721.813421,0.9999901396486136
722.295595,0.9999902864471769
722.777768,0.9999904821452951
723.259941,0.9999906779434506
723.742115,0.9999908492418684
724.224288,0.9999909470409782
724.706461,0.9999909960405359
725.188634,0.9999909960405359
725.670808,0.9999909960405359
726.152981,0.9999909960405359
726.635154,0.9999910204403165
727.117328,0.9999910694398777
727.599501,0.9999911183394422
728.081674,0.999991167239009
728.563848,0.9999911917387929
729.046021,0.9999912162385775
729.528194,0.9999912651381492
730.010368,0.9999912651381492
730.492541,0.9999912896379354
730.974714,0.9999913140377232
731.456887,0.9999913385375107
731.939061,0.9999913385375107
732.421234,0.9999913385375107
732.903407,0.9999913630372987
733.385581,0.9999913630372987
733.867754,0.9999913630372987
734.349927,0.9999913385375107
734.832101,0.9999913140377232
735.314274,0.9999913140377232
735.796447,0.9999913140377232
736.27862,0.9999912896379354
736.760794,0.9999912406383634
737.242967,0.9999912406383634
737.72514,0.9999912162385775
738.207314,0.9999911917387929
738.689487,0.9999911428392249
739.17166,0.9999910938396601
739.653834,0.9999910449400968
740.136007,0.9999909715407568
740.61818,0.9999908736416455
741.100353,0.999990800242318
741.582527,0.9999906779434506
742.0647,0.9999905311448299
742.546873,0.999990335346703
743.029047,0.9999901641483723
743.51122,0.9999899440505614
743.993393,0.9999896500535611
744.475567,0.9999893320569029
744.95774,0.9999889900606098
745.439913,0.9999885740652765
745.922086,0.9999880840709953
746.40426,0.9999874240790776
746.886433,0.9999866650889108
747.368606,0.9999857601013883
747.85078,0.9999846591176725
748.332953,0.9999833871379952
748.815126,0.9999820411612619
749.2973,0.9999805731887029
749.779473,0.999979056219324
750.261646,0.9999775142528082
750.74382,0.99997602228747
751.225993,0.9999747983175677
751.708166,0.9999735753491372
752.190339,0.9999725963754862
752.672513,0.9999718623958698
753.154686,0.9999711284167921
753.636859,0.9999703944382533
754.119033,0.9999694164676858
754.601206,0.9999686824904035
755.083379,0.9999677035215425
755.565553,0.9999669695455174
756.047726,0.9999664805617889
756.529899,0.9999662355700312
757.012072,0.9999659905783335
757.494246,0.9999659905783335
757.976419,0.9999659905783335
758.458592,0.9999659905783335
758.940766,0.9999662355700312
759.422939,0.9999664805617889
759.905112,0.99996672455364
760.387286,0.9999669695455174
760.869459,0.9999672145374551
761.351632,0.9999674585294851
761.833805,0.9999674585294851
762.315979,0.9999679485136599
762.798152,0.9999684374981063
763.280325,0.9999691714752087
763.762499,0.9999699054528499
764.244672,0.9999708844238666
764.726845,0.9999716184027652
765.209019,0.9999721073890061
765.691192,0.9999723523822024
766.173365,0.9999723523822024
766.655538,0.9999718623958698
767.137712,0.9999711284167921
767.619885,0.9999701504455069
768.102058,0.9999686824904035
768.584232,0.9999672145374551
769.066405,0.9999655015950837
769.548578,0.9999640336468048
770.030752,0.9999623207098823
770.512925,0.999960852766273
770.995098,0.9999593848248186
771.477271,0.9999581618752388
771.959445,0.9999571829166775
772.441618,0.9999562039590746
772.923791,0.9999552260023854
773.405965,0.9999547360244446
773.888138,0.9999542470466983
774.370311,0.9999540020579378
774.852485,0.9999537570692373
775.334658,0.9999537570692373
775.816831,0.9999537570692373
776.299005,0.9999537570692373
776.781178,0.9999540020579378
777.263351,0.9999544910355643
777.745524,0.999954981013385
778.227698,0.9999554699914902
778.709871,0.9999562039590746
779.192044,0.9999569379271976
779.674218,0.9999579168855192
780.156391,0.9999591398347993
780.638564,0.9999603637855355
781.120738,0.9999620757191438
781.602911,0.9999635436645483
782.085084,0.9999652566035658
782.567257,0.9999672145374551
783.049431,0.9999689264827918
783.531604,0.9999708844238666
784.013777,0.9999725963754862
784.495951,0.9999740643363352
784.978124,0.9999755332993147
785.460297,0.9999767802695821
785.942471,0.9999779302435406
786.424644,0.9999789332219077
786.906817,0.9999798392032316
787.38899,0.999980597188237
787.871164,0.9999812581756302
788.353337,0.999981821165237
788.83551,0.999982286156892
789.317684,0.9999827261491947
789.799857,0.9999830691433286
790.28203,0.9999833871379952
790.764204,0.9999836311339714
791.246377,0.9999838511303945
791.72855,0.9999840231276316
792.210723,0.9999841451256899
792.692897,0.9999842181245351
793.17507,0.9999843161229933
793.657243,0.999984365122226
794.139417,0.9999844141214611
794.62159,0.9999844391210717
795.103763,0.9999844631206986
795.585937,0.9999845121199384
796.06811,0.9999845371195516
796.550283,0.9999845851188105
797.032456,0.9999846831173046
797.51463,0.9999848061154283
797.996803,0.999984928113582
798.478976,0.9999850751113772
798.96115,0.9999851971095639
799.443323,0.9999853681070472
799.925496,0.9999855151049071
800.40767,0.999985638103133
800.889843,0.9999857601013883
801.372016,0.9999859070993059
801.85419,0.9999860540972451
802.336363,0.9999861760955511
802.818536,0.9999863230935297
803.300709,0.9999865180908818
803.782883,0.9999867390879267
804.265056,0.9999869590850334
804.747229,0.9999872280815616
805.229403,0.9999875460775507
805.711576,0.9999878890733379
806.193749,0.9999882310692544
806.675923,0.9999885490655624
807.158096,0.9999888670619717
807.640269,0.9999891610587417
808.122442,0.9999894550555983
808.604616,0.9999896990530551
809.086789,0.9999899190508131
809.568962,0.9999901396486136
810.051136,0.9999903598464666
810.533309,0.9999905066450622
811.015482,0.9999906534436793
811.497656,0.9999908247420929
811.979829,0.9999909715407568
812.462002,0.9999911183394422
812.944175,0.9999912651381492
813.426349,0.9999914119368776
813.908522,0.9999915587356277
814.390695,0.9999916811346019
814.872869,0.9999917789337931
815.355042,0.9999919013327944
815.837215,0.9999920236318114
816.319389,0.9999921459308434
816.801562,0.9999922438300792
817.283735,0.9999923661291381
817.765908,0.9999924640283956
818.248082,0.9999925864274807
818.730255,0.9999926598269392
819.212428,0.9999927576262261
819.694602,0.9999928800253471
820.176775,0.9999929534248272
820.658948,0.9999930023244838
821.141122,0.9999930757239729
821.623295,0.9999931246236355
822.105468,0.9999931980231336
822.587641,0.9999932470228015
823.069815,0.9999933204223085
823.551988,0.99999341822166
824.034161,0.9999934916211796
824.516335,0.9999935406208619
824.998508,0.9999936140203904
825.480681,0.9999936874199244
825.962855,0.999993736319617
826.445028,0.9999937853193112
826.927201,0.9999938097191599
827.409375,0.9999938342190086
827.891548,0.9999938342190086
828.373721,0.9999938097191599
828.855894,0.9999937853193112
829.338068,0.9999937853193112
829.820241,0.9999937853193112
830.302414,0.9999938097191599
830.784588,0.9999938097191599
831.266761,0.9999938342190086
831.748934,0.9999938831187082
832.231108,0.9999939076185587
832.713281,0.999993956518262
833.195454,0.999994005517967
833.677627,0.999994029917821
834.159801,0.9999940544176751
834.641974,0.9999940544176751
835.124147,0.9999940789175297
835.606321,0.9999941033173855
836.088494,0.9999941278172413
836.570667,0.9999941278172413
837.052841,0.9999941523170978
837.535014,0.9999941767169553
838.017187,0.9999941767169553
838.49936,0.9999941767169553
838.981534,0.9999942257166713
839.463707,0.9999942991162502
839.94588,0.9999943480159725
840.428054,0.9999943725158343
840.910227,0.9999944214155604
841.3924,0.9999944703152888
841.874574,0.9999944948151536
842.356747,0.999994519315019
842.83892,0.9999945682147522
843.321093,0.9999946172144872
843.803267,0.9999946416143562
844.28544,0.9999946661142253
844.767613,0.9999946661142253
845.249787,0.9999947150139656
845.73196,0.9999947640137078
846.214133,0.9999947884135804
846.696307,0.9999948374133262
847.17848,0.99999491081295
847.660653,0.9999949597127022
848.142827,0.9999949842125792
848.625,0.999995008612457
849.107173,0.9999950576122136
849.589346,0.9999950820120933
850.07152,0.9999951065119731
850.553693,0.9999951065119731
851.035866,0.999995155411735
851.51804,0.9999951799116167
852.000213,0.9999951799116167
852.482386,0.9999952044114989
852.96456,0.9999952288113821
853.446733,0.9999952778111496
853.928906,0.9999953022110346
854.411079,0.9999952778111496
854.893253,0.9999953022110346
855.375426,0.9999952778111496
855.857599,0.9999952533112656
856.339773,0.9999951799116167
856.821946,0.999995155411735
857.304119,0.9999951310118536
857.786293,0.9999950820120933
858.268466,0.9999950331123351
858.750639,0.999995008612457
859.232812,0.9999950331123351
859.714986,0.999995008612457
860.197159,0.9999949842125792
860.679332,0.9999949842125792
861.161506,0.999995008612457
861.643679,0.9999949842125792
862.125852,0.9999949352128261
862.608026,0.999994886313075
863.090199,0.9999948618132005
863.572372,0.9999948374133262
864.054545,0.9999947884135804
864.536719,0.9999947395138364
865.018892,0.9999947150139656
865.501065,0.9999946661142253
865.983239,0.9999946172144872
866.465412,0.9999945438148851
866.947585,0.999994519315019
867.429759,0.9999944703152888
867.911932,0.9999943725158343
868.394105,0.9999942746163901
868.876278,0.999994201216813
869.358452,0.9999941278172413
869.840625,0.999994005517967
870.322798,0.9999939076185587
870.804972,0.9999938342190086
871.287145,0.9999937853193112
871.769318,0.99999371191977
872.251492,0.9999936140203904
872.733665,0.9999935406208619
873.215838,0.9999934916211796
873.698012,0.99999341822166
874.180185,0.9999933448221457
874.662358,0.9999932714226369
875.144531,0.9999932225229672
875.626705,0.9999931736232999
876.108878,0.9999931002238036
876.591051,0.9999930757239729
877.073225,0.9999930512241428
877.555398,0.9999930268243127
878.037571,0.9999929778246556
878.519745,0.9999929289250001
879.001918,0.9999928800253471
879.484091,0.9999928555255219
879.966264,0.999992782126049
880.448438,0.9999927332264031
880.930611,0.9999926842267604
881.412784,0.9999926353271194
881.894958,0.9999925619276626
882.377131,0.9999924885282112
882.859304,0.9999924640283956
883.341478,0.9999924151287652
883.823651,0.9999923661291381
884.305824,0.9999923417293247
884.787997,0.9999923172295127
885.270171,0.9999923172295127
885.752344,0.9999922927297011
886.234517,0.9999922438300792
886.716691,0.9999922438300792
887.198864,0.9999922193302696
887.681037,0.9999921704306513
888.163211,0.9999921215310353
888.645384,0.9999920481316162
889.127557,0.9999919991320071
889.60973,0.9999919502323995
890.091904,0.9999918523331924
890.574077,0.999991754533994
891.05625,0.9999916811346019
891.538424,0.9999915832354211
892.020597,0.9999914608364588
892.50277,0.9999913385375107
892.984944,0.9999911917387929
893.467117,0.9999910449400968
893.94929,0.9999908492418684
894.431463,0.9999906290439077
894.913637,0.9999904087459963
895.39581,0.9999901641483723
895.877983,0.9999898700513082
896.360157,0.9999895520545802
896.84233,0.9999892100582118
897.324503,0.9999888180625184
897.806677,0.9999883780675352
898.28885,0.9999878890733379
898.771023,0.9999873750796949
899.253197,0.999986788087278
899.73537,0.9999861270962296
900.217543,0.9999853931066817
900.699716,0.9999846101184254
901.18189,0.999983729132372
901.664063,0.9999827991479363
902.146236,0.9999817721661289
902.62841,0.999980720185858
903.110583,0.999979570208691
903.592756,0.9999783712339051
904.07493,0.9999770982622488
904.557103,0.9999757532939562
905.039276,0.999974309330011
905.521449,0.9999730863621784
906.003623,0.9999716184027652
906.485796,0.9999701504455069
906.967969,0.9999684374981063
907.450143,0.9999669695455174
907.932316,0.9999655015950837
908.414489,0.9999640336468048
908.896663,0.9999625657006809
909.378836,0.9999613417472495
909.861009,0.9999601187952764
910.343182,0.9999588958447989
910.825356,0.9999579168855192
911.307529,0.9999569379271976
911.789702,0.9999562039590746
912.271876,0.9999557149806104
912.754049,0.9999552260023854
913.236222,0.9999547360244446
913.718396,0.9999544910355643
914.200569,0.9999542470466983
914.682742,0.9999542470466983
915.164915,0.9999542470466983
915.647089,0.9999542470466983
916.129262,0.9999544910355643
916.611435,0.999954981013385
917.093609,0.9999557149806104
917.575782,0.9999564489483745
918.057955,0.9999571829166775
918.540129,0.99995840586506
919.022302,0.9999593848248186
919.504475,0.999960852766273
919.986649,0.9999620757191438
920.468822,0.9999635436645483
920.950995,0.9999650116121079
921.433168,0.9999662355700312
921.915342,0.9999677035215425
922.397515,0.9999691714752087
922.879688,0.9999703944382533
923.361862,0.9999716184027652
923.844035,0.9999725963754862
924.326208,0.9999735753491372
924.808382,0.9999745543237467
925.290555,0.999975288305339
925.772728,0.9999759732886461
926.254901,0.9999765602747146
926.737075,0.9999770502633493
927.219248,0.9999774652539112
927.701421,0.9999777842467735
928.183595,0.9999780532408337
928.665768,0.9999782242370954
929.147941,0.9999783462344461
929.630115,0.9999783952333864
930.112288,0.9999783952333864
930.594461,0.9999783712339051
931.076634,0.9999782972355084
931.558808,0.9999781992376401
932.040981,0.9999780772403072
932.523154,0.9999779792424605
933.005328,0.9999778572451544
933.487501,0.9999777352478633
933.969674,0.9999776372500501
934.451848,0.999977588251147
934.934021,0.9999775632517076
935.416194,0.9999775632517076
935.898367,0.9999776122506094
936.380541,0.9999777102484202
936.862714,0.9999778322457082
937.344887,0.9999779792424605
937.827061,0.9999781752381636
938.309234,0.9999783712339051
938.791407,0.9999786152286575
939.273581,0.9999788362239559
939.755754,0.999979056219324
940.237927,0.9999793252137263
940.7201,0.9999796192076912
941.202274,0.9999799372012607
941.684447,0.9999802791944576
942.16662,0.9999806711868039
942.648794,0.9999810871788497
943.130967,0.9999815521701633
943.61314,0.9999820411612619
944.095314,0.9999826041513096
944.577487,0.999983166141691
945.05966,0.9999837541319655
945.541834,0.9999843161229933
946.024007,0.9999848791143218
946.50618,0.9999854171063314
946.988353,0.9999859560986165
947.470527,0.9999864450918686
947.9527,0.9999869100856736
948.434873,0.9999873750796949
948.917047,0.9999877910745295
949.39922,0.9999881820698323
949.881393,0.9999885250658376
950.363567,0.9999888430622391
950.84574,0.9999891360590131
951.327913,0.9999893810563814
951.810086,0.9999896260538097
952.29226,0.9999898460515517
952.774433,0.999990017349827
953.256606,0.9999901885481326
953.73878,0.999990335346703
954.220953,0.9999904821452951
954.703126,0.9999906290439077
955.1853,0.999990751342769
955.667473,0.9999908492418684
956.149646,0.9999909470409782
956.631819,0.9999910449400968
957.113993,0.9999911428392249
957.596166,0.9999912406383634
958.078339,0.9999913385375107
958.560513,0.9999914608364588
959.042686,0.9999915587356277
959.524859,0.999991656634806
960.007033,0.9999917300341964
960.489206,0.9999918279333915
960.971379,0.9999919257325971
961.453552,0.9999919991320071
961.935726,0.9999920970312286
962.417899,0.9999921704306513
962.900072,0.9999922193302696
963.382246,0.9999922438300792
963.864419,0.9999922927297011
964.346592,0.9999923172295127
964.828766,0.9999923661291381
965.310939,0.9999923906289514
965.793112,0.9999924151287652
966.275285,0.9999924395285805
966.757459,0.9999924640283956
967.239632,0.9999924885282112
967.721805,0.9999924885282112
968.203979,0.9999925374278451
968.686152,0.9999925619276626
969.168325,0.9999925864274807
969.650499,0.9999925864274807
970.132672,0.9999925864274807
970.614845,0.9999925864274807
971.097019,0.9999926108273001
971.579192,0.9999925864274807
972.061365,0.9999925619276626
972.543538,0.9999925619276626
973.025712,0.9999925374278451
973.507885,0.9999924885282112
973.990058,0.9999924640283956
974.472232,0.9999924395285805
974.954405,0.9999924151287652
975.436578,0.9999923661291381
975.918752,0.9999923417293247
976.400925,0.9999922927297011
976.883098,0.9999922683298895
977.365271,0.9999922193302696
977.847445,0.9999921949304598
978.329618,0.9999921704306513
978.811791,0.9999921459308434
979.293965,0.9999921215310353
979.776138,0.9999920725314225
980.258311,0.9999920236318114
980.740485,0.9999919747322026
981.222658,0.9999919257325971
981.704831,0.9999918768329931
982.187004,0.9999918279333915
982.669178,0.9999917789337931
983.151351,0.9999917055343993
983.633524,0.9999916321350107
984.115698,0.9999915587356277
984.597871,0.9999915098360417
985.080044,0.9999914853362499
985.562218,0.9999914853362499
986.044391,0.9999915098360417
986.526564,0.999991534335834
987.008737,0.9999915587356277
987.490911,0.9999915587356277
987.973084,0.9999915587356277
988.455257,0.9999915587356277
988.937431,0.9999915587356277
989.419604,0.9999915587356277
989.901777,0.9999915098360417
990.383951,0.9999914119368776
990.866124,0.9999913385375107
991.348297,0.9999912651381492
991.83047,0.999991167239009
992.312644,0.9999911183394422
992.794817,0.9999910938396601
993.27699,0.9999910694398777
993.759164,0.9999910449400968
994.241337,0.9999910204403165
994.72351,0.9999909715407568
995.205684,0.9999909470409782
995.687857,0.9999908981414222
996.17003,0.9999908492418684
996.652204,0.999990800242318
997.134377,0.999990751342769
997.61655,0.9999907024432225
998.098723,0.9999906534436793
998.580897,0.9999906045441376
999.06307,0.9999905556445982
999.545243,0.9999905311448299
1000.027417,0.9999904821452951
1000.50959,0.9999904332457616
1000.991763,0.9999904087459963
1001.473937,0.9999903598464666
1001.95611,0.9999903109469391
1002.438283,0.9999902619474151
1002.920456,0.9999901885481326
1003.40263,0.9999901396486136
1003.884803,0.9999900662493401
1004.366976,0.999990017349827
1004.84915,0.9999899680503204
1005.331323,0.9999898950510553
1005.813496,0.9999898460515517
1006.29567,0.9999897730522956
1006.777843,0.9999896750533026
1007.260016,0.9999895770543192
1007.742189,0.9999894790553455
1008.224363,0.9999893570566365
1008.706536,0.9999892100582118
1009.188709,0.9999890880595357
1009.670883,0.9999889410611505
1010.153056,0.9999887690630674
1010.635229,0.9999886230647178
1011.117403,0.9999884760664011
1011.599576,0.9999883290681059
1012.081749,0.9999881820698323
1012.563922,0.9999880350715803
1013.046096,0.9999878890733379
1013.528269,0.999987742075129
1014.010442,0.9999875950769417
1014.492616,0.9999874240790776
1014.974789,0.9999872520812554
1015.456962,0.9999870810834499
1015.939136,0.9999868850860012
1016.421309,0.9999866650889108
1016.903482,0.9999864690915435
1017.385656,0.9999862250948749
1017.867829,0.9999859800982798
1018.350002,0.9999857351017446
1018.832175,0.9999854661056181
1019.314349,0.9999851971095639
1019.796522,0.999984904113944
1020.278695,0.9999845851188105
1020.760869,0.999984267123763
1021.243042,0.9999839491288166
1021.725215,0.9999836071343645
1022.207389,0.999983240140448
1022.689562,0.9999828481470947
1023.171735,0.9999824571538776
1023.653908,0.9999820161617111
1024.136082,0.9999815521701633
1024.618255,0.9999810381797776
1025.100428,0.9999805241896561
1025.582602,0.9999799612007794
1026.064775,0.9999793742127144
1026.546948,0.9999787132265666
1027.029122,0.9999780282413826
1027.511295,0.9999772942577793
1027.993468,0.9999765362752775
1028.475641,0.9999757042951454
1028.957815,0.9999747983175677
1029.439988,0.9999738203426932
1029.922161,0.9999728413688023
1030.404335,0.9999718623958698
1030.886508,0.9999706394310299
1031.368681,0.9999694164676858
1031.850855,0.9999681925058691
1032.333028,0.99996672455364
1032.815201,0.9999650116121079
1033.297374,0.9999632996734734
1033.779548,0.9999615867378082
1034.261721,0.9999593848248186
1034.743894,0.9999571829166775
1035.226068,0.9999544910355643
1035.708241,0.9999518001616495
1036.190414,0.9999488643074741
1036.672588,0.9999454394884788
1037.154761,0.9999417686955082
1037.636934,0.9999378549310848
1038.119107,0.9999334502145353
1038.601281,0.9999288025346599
1039.083454,0.999923908895075
1039.565627,0.9999187712992296
1040.047801,0.999913633729781
1040.529974,0.9999080062316862
1041.012147,0.9999026237413756
1041.494321,0.999897245279628
1041.976494,0.9998918558480004
1042.458667,0.9998864764442865
1042.940841,0.9998813370410059
1043.423014,0.9998764476332224
1043.905187,0.999871558249348
1044.38736,0.999866908857412
1044.869534,0.9998624994540667
1045.351707,0.9998581000687478
1045.83388,0.9998536907042491
1046.316054,0.9998495313215473
1046.798227,0.9998453819546023
1047.2804,0.9998412226064648
1047.762574,0.9998370632756302
1048.244747,0.999833143922024
1048.72692,0.999829724498519
1049.209093,0.9998265450450505
1049.691267,0.9998238455170232
1050.17344,0.9998218958624254
1050.655613,0.9998201761702434
1051.137787,0.9998189563903725
1051.61996,0.9998182265228008
1052.102133,0.999817486657587
1052.584307,0.9998167567910881
1053.06648,0.9998155370153888
1053.548653,0.9998138173341441
1054.030826,0.9998116177461656
1054.513,0.999808188398198
1054.995173,0.9998040392028257
1055.477346,0.9997984103219303
1055.95952,0.999791561726276
1056.441693,0.9997834834430936
1056.923866,0.999774195497675
1057.40604,0.9997636679308242
1057.888213,0.9997529105316322
1058.370386,0.9997406736308972
1058.852559,0.999725997545531
1059.334733,0.9997113216756083
1059.816906,0.9996942067642852
1060.299079,0.999677082149196
1060.781253,0.9996599578274491
1061.263426,0.9996403946735005
1061.745599,0.9996208219061908
1062.227773,0.9996012595181247
1062.709946,0.9995792485407319
1063.192119,0.9995596869662485
1063.674292,0.9995376669088966
1064.156466,0.9995181061481577
1064.638639,0.999496097001782
1065.120812,0.9994765370545584
1065.602986,0.9994569674955495
1066.085159,0.9994398469443342
1066.567332,0.9994227366806188
1067.049506,0.9994056167157723
1067.531679,0.9993909455490056
1068.013852,0.99937627459761
1068.496026,0.9993640523005112
1068.978199,0.9993542685743305
1069.460372,0.9993469333409195
1069.942545,0.999339598161349
1070.424719,0.999334701409315
1070.906892,0.9993322630356184
1071.389065,0.9993298146745733
1071.871239,0.9993322630356184
1072.353412,0.999334701409315
1072.835585,0.999339598161349
1073.317759,0.9993493717504117
1073.799932,0.9993591554286523
1074.282105,0.9993713876595758
1074.764278,0.9993860585392306
1075.246452,0.9994007296342555
1075.728625,0.9994202880979134
1076.210798,0.9994398469443342
1076.692972,0.9994618648466886
1077.175145,0.9994863119828901
1077.657318,0.9995083209137974
1078.139492,0.9995327791816558
1078.621665,0.9995547891357821
1079.103838,0.9995792485407319
1079.586011,0.9996012595181247
1080.068185,0.9996208219061908
1080.550358,0.9996403946735005
1081.032531,0.9996575186601278
1081.514705,0.9996746329433451
1081.996878,0.999691757516479
1082.479051,0.9997064330991978
1082.961225,0.9997186595836395
1083.443398,0.9997333355612835
1083.925571,0.9997431229985481
1084.407744,0.9997553599292635
1084.889918,0.9997641578151415
1085.372091,0.9997729657761708
1085.854264,0.9997810439743702
1086.336438,0.9997883823941649
1086.818611,0.9997949810192642
1087.300784,0.9998010997832714
1087.782958,0.9998064787276576
1088.265131,0.9998111278385928
1088.747304,0.9998155370153888
1089.229478,0.9998192063451429
1089.711651,0.9998226257326758
1090.193824,0.9998255652155165
1090.675997,0.9998282547499043
1091.158171,0.9998304543744844
1091.640344,0.9998326540039035
1092.122517,0.9998343737175474
1092.604691,0.9998358334767986
1093.086864,0.9998370632756302
1093.569037,0.9998382830775914
1094.051211,0.9998390129598045
1094.533384,0.9998397528409478
1095.015557,0.9998404827242338
1095.49773,0.9998407326843858
1095.979904,0.9998412226064648
1096.462077,0.9998412226064648
1096.94425,0.999841462568387
1097.426424,0.999841462568387
1097.908597,0.9998412226064648
1098.39077,0.9998409726461904
1098.872944,0.9998407326843858
1099.355117,0.9998402427625468
1099.83729,0.9998397528409478
1100.319463,0.9998390129598045
1100.801637,0.9998382830775914
1101.28381,0.9998375531959112
1101.765983,0.9998365733555892
1102.248157,0.9998353435573603
1102.73033,0.9998338837988243
1103.212503,0.9998324140440954
1103.694677,0.9998307043321292
1104.17685,0.9998287446658691
1104.659023,0.9998265450450505
1105.141196,0.9998240954730159
1105.62337,0.9998211559944962
1106.105543,0.9998182265228008
1106.587716,0.9998147971521653
1107.06989,0.9998111278385928
1107.552063,0.9998072185847257
1108.034236,0.9998030593953474
1108.51641,0.9997984103219303
1108.998583,0.9997935113217223
1109.480756,0.9997883823941649
1109.962929,0.9997829935493068
1110.445103,0.9997773747846718
1110.927276,0.999771256165861
1111.409449,0.9997651375844963
1111.891623,0.999758539156363
1112.373796,0.9997529105316322
1112.855969,0.9997455723722
1113.338143,0.9997382342666296
1113.820316,0.9997308962149207
1114.302489,0.999723558217073
1114.784663,0.999716220273086
1115.266836,0.9997088823829593
1115.749009,0.9997015445466925
1116.231182,0.9996942067642852
1116.713356,0.9996868690357371
1117.195529,0.9996795313610476
1117.677702,0.9996721937402165
1118.159876,0.9996672953584683
1118.642049,0.9996599578274491
1119.124222,0.9996526203502872
1119.606396,0.9996477320609256
1120.088569,0.9996403946735005
1120.570742,0.9996354964475673
1121.052915,0.9996306082419413
1121.535089,0.9996257200602187
1122.017262,0.9996208219061908
1122.499435,0.999618382834361
1122.981609,0.9996134847162855
1123.463782,0.9996110456623585
1123.945955,0.9996085966182967
1124.428129,0.999606147580235
1124.910302,0.9996037085442105
1125.392475,0.9996012595181247
1125.874648,0.9996012595181247
1126.356822,0.9995988104980389
1126.838995,0.9995988104980389
1127.321168,0.999596371479917
1127.803342,0.999596371479917
1128.285515,0.999596371479917
1128.767688,0.999596371479917
1129.249862,0.9995939224718068
1129.732035,0.9995939224718068
1130.214208,0.9995939224718068
1130.696381,0.9995939224718068
1131.178555,0.9995914734696968
1131.660728,0.9995914734696968
1132.142901,0.9995914734696968
1132.625075,0.9995890344694771
1133.107248,0.9995890344694771
1133.589421,0.9995865854793426
1134.071595,0.9995865854793426
1134.553768,0.9995841364952083
1135.035941,0.9995816975128908
1135.518114,0.9995792485407319
1136.000288,0.9995767995745729
1136.482461,0.999571911655974
1136.964634,0.9995694627077903
1137.446808,0.9995645748250687
1137.928981,0.9995621258948603
1138.411154,0.9995572380480154
1138.893328,0.999552350225072
1139.375501,0.9995474524305556
1139.857674,0.9995401157791803
1140.339848,0.9995352280399646
1140.822021,0.9995278914783161
1141.304194,0.9995229938036472
1141.786367,0.9995156573317975
1142.268541,0.9995083209137974
1142.750714,0.9995009845496464
1143.232887,0.9994936482393441
1143.715061,0.9994863119828901
1144.197234,0.999478975780284
1144.679407,0.9994716396315255
1145.161581,0.9994618648466886
1145.643754,0.9994545288235239
1146.125927,0.9994471828597336
1146.6081,0.9994374083140828
1147.090274,0.9994300724704284
1147.572447,0.9994202880979134
1148.05462,0.9994129523799209
1148.536794,0.9994031681750108
1149.018967,0.9993958325826782
1149.50114,0.9993860585392306
1149.983314,0.9993787230724821
1150.465487,0.9993689392026753
1150.94766,0.9993616038615823
1151.429833,0.9993542685743305
1151.912007,0.9993444849439321
1152.39418,0.9993371497823328
1152.876353,0.9993298146745733
1153.358527,0.9993224796206532
1153.8407,0.9993151446205722
1154.322873,0.99930780967433
1154.805047,0.9993004747819261
1155.28722,0.9992931399433601
1155.769393,0.9992882534118533
1156.251566,0.999283356911408
1156.73374,0.9992784704277402
1157.215913,0.9992735839679673
1157.698086,0.9992711357506856
1158.18026,0.999268687539402
1158.662433,0.9992662493267791
1159.144606,0.9992638011274673
1159.62678,0.9992613529341535
1160.108953,0.9992613529341535
1160.591126,0.9992613529341535
1161.073299,0.9992638011274673
1161.555473,0.9992662493267791
1162.037646,0.999268687539402
1162.519819,0.9992711357506856
1163.001993,0.9992735839679673
1163.484166,0.9992784704277402
1163.966339,0.999283356911408
1164.448513,0.9992882534118533
1164.930686,0.9992931399433601
1165.412859,0.999298026498762
1165.895033,0.9993053613731955
1166.377206,0.9993102579814629
1166.859379,0.9993175929456758
1167.341552,0.9993224796206532
1167.823726,0.9993298146745733
1168.305899,0.9993371497823328
1168.788072,0.9993420365529433
1169.270246,0.9993493717504117
1169.752419,0.9993567169952878
1170.234592,0.9993616038615823
1170.716766,0.9993689392026753
1171.198939,0.9993738261287366
1171.681112,0.9993811615595414
1172.163285,0.9993860585392306
1172.645459,0.9993909455490056
1173.127632,0.9993958325826782
1173.609805,0.9994007296342555
1174.091979,0.9994056167157723
1174.574152,0.9994080652625328
1175.056325,0.9994129523799209
1175.538499,0.9994154009446538
1176.020672,0.9994202880979134
1176.502845,0.9994251752750714
1176.985018,0.9994276238697503
1177.467192,0.9994325110827803
1177.949365,0.9994374083140828
1178.431538,0.9994398469443342
1178.913712,0.9994447442115825
1179.395885,0.999452080162928
1179.878058,0.9994569674955495
1180.360232,0.9994643035366141
1180.842405,0.9994692009237001
1181.324578,0.9994765370545584
1181.806751,0.9994838732392641
1182.288925,0.9994936482393441
1182.771098,0.9995009845496464
1183.253271,0.9995107697121834
1183.735445,0.9995205549705176
1184.217618,0.9995303303293467
1184.699791,0.9995401157791803
1185.181965,0.999552350225072
1185.664138,0.9995621258948603
1186.146311,0.9995743606101575
1186.628485,0.9995841364952083
1187.110658,0.999596371479917
1187.592831,0.999606147580235
1188.075004,0.999618382834361
1188.557178,0.9996306082419413
1189.039351,0.9996403946735005
1189.521524,0.9996526203502872
1190.003698,0.999662406997346
1190.485871,0.9996746329433451
1190.968044,0.9996844198059083
1191.450218,0.9996942067642852
1191.932391,0.9997039838214371
1192.414564,0.9997137709713467
1192.896737,0.999723558217073
1193.378911,0.9997308962149207
1193.861084,0.9997382342666296
1194.343257,0.9997480117543726
1194.825431,0.9997553599292635
1195.307604,0.9997612285104506
1195.789777,0.9997675870120839
1196.271951,0.999773455665044
1196.754124,0.9997788344607045
1197.236297,0.9997839733371205
1197.71847,0.9997883823941649
1198.200644,0.9997922915743825
1198.682817,0.9997959608188257
1199.16499,0.9997989002232714
1199.647164,0.9998015896859304
1200.129337,0.9998037892518472
1200.61151,0.9998057488691945
1201.093684,0.9998072185847257
1201.575857,0.999808188398198
1202.05803,0.9998089282565311
1202.540203,0.999809418163026
1203.022377,0.9998096581173151
1203.50455,0.999809418163026
1203.986723,0.9998091682107028
1204.468897,0.9998089282565311
1204.95107,0.999808188398198
1205.433243,0.9998077084903827
1205.915417,0.9998069686329522
1206.39759,0.9998059888226031
1206.879763,0.9998052589644976
1207.361936,0.9998042791558239
1207.84411,0.9998035492989665
1208.326283,0.9998030593953474
1208.808456,0.9998023195413572
1209.29063,0.9998020795888293
1209.772803,0.9998015896859304
1210.254976,0.9998015896859304
1210.73715,0.9998015896859304
1211.219323,0.9998018296383406
1211.701496,0.9998020795888293
1212.18367,0.9998025694919683
1212.665843,0.9998032993481104
1213.148016,0.9998042791558239
1213.630189,0.9998052589644976
1214.112363,0.9998062387741316
1214.594536,0.9998077084903827
1215.076709,0.9998091682107028
1215.558883,0.9998106379312602
1216.041056,0.9998123476089129
1216.523229,0.9998138173341441
1217.005403,0.9998155370153888
1217.487576,0.9998167567910881
1217.969749,0.9998182265228008
1218.451922,0.9998192063451429
1218.934096,0.9998196862584772
1219.416269,0.9998201761702434
1219.898442,0.9998199362134299
1220.380616,0.9998194463017812
1220.862789,0.9998184664792039
1221.344962,0.9998169967471385
1221.827136,0.9998150471058957
1222.309309,0.999812597562031
1222.791482,0.999809908069761
1223.273655,0.9998069686329522
1223.755829,0.9998035492989665
1224.238002,0.9997998800266737
1224.720175,0.9997959608188257
1225.202349,0.9997918016762797
1225.684522,0.9997874026020303
1226.166695,0.9997827536014171
1226.648869,0.9997776147312705
1227.131042,0.9997724758875376
1227.613215,0.9997673370702184
1228.095388,0.9997617183935725
1228.577562,0.9997560897509427
1229.059735,0.9997504611400019
1229.541908,0.9997431229985481
1230.024082,0.9997382342666296
1230.506255,0.9997308962149207
1230.988428,0.999723558217073
1231.470602,0.9997186595836395
1231.952775,0.9997113216756083
1232.434948,0.9997039838214371
1232.917121,0.9996966460211256
1233.399295,0.9996893082746734
1233.881468,0.9996795313610476
1234.363641,0.9996721937402165
1234.845815,0.9996648561732434
1235.327988,0.9996550695022073
1235.810161,0.9996477320609256
1236.292335,0.9996403946735005
1236.774508,0.9996330573399317
1237.256681,0.9996257200602187
1237.738855,0.999618382834361
1238.221028,0.9996110456623585
1238.703201,0.999606147580235
1239.185374,0.9995988104980389
1239.667548,0.9995939224718068
1240.149721,0.9995914734696968
1240.631894,0.9995865854793426
1241.114068,0.9995841364952083
1241.596241,0.9995816975128908
1242.078414,0.9995816975128908
1242.560588,0.9995792485407319
1243.042761,0.9995816975128908
1243.524934,0.9995816975128908
1244.007107,0.9995841364952083
1244.489281,0.9995865854793426
1244.971454,0.9995914734696968
1245.453627,0.999596371479917
1245.935801,0.9996012595181247
1246.417974,0.9996085966182967
1246.900147,0.9996134847162855
1247.382321,0.9996232709802046
1247.864494,0.9996306082419413
1248.346667,0.9996403946735005
1248.82884,0.9996501712043676
1249.311014,0.9996599578274491
1249.793187,0.9996697445463422
1250.27536,0.9996795313610476
1250.757534,0.9996893082746734
1251.239707,0.9996990952809087
1251.72188,0.9997113216756083
1252.204054,0.9997211088973558
1252.686227,0.9997308962149207
1253.1684,0.9997382342666296
1253.650573,0.9997480117543726
1254.132747,0.9997560897509427
1254.61492,0.9997634279875727
1255.097093,0.9997700364456726
1255.579267,0.9997759051130111
1256.06144,0.9997810439743702
1256.543613,0.9997856829691767
1257.025787,0.9997896021367355
1257.50796,0.9997927814727254
1257.990133,0.999795470918925
1258.472307,0.9997976704713805
1258.95448,0.9997991401750362
1259.436653,0.999800369928735
1259.918826,0.9998008498330277
1260.401,0.9998008498330277
1260.883173,0.999800369928735
1261.365346,0.9997993901248525
1261.84752,0.9997979204208293
1262.329693,0.9997959608188257
1262.811866,0.9997935113217223
1263.29404,0.9997905819310257
1263.776213,0.9997874026020303
1264.258386,0.9997834834430936
1264.740559,0.9997793243524534
1265.222733,0.999774675389404
1265.704906,0.9997695465584747
1266.187079,0.9997639178717724
1266.669253,0.9997580492747988
1267.151426,0.9997529105316322
1267.633599,0.9997455723722
1268.115773,0.9997382342666296
1268.597946,0.9997308962149207
1269.080119,0.999723558217073
1269.562292,0.999716220273086
1270.044466,0.9997088823829593
1270.526639,0.9996990952809087
1271.008812,0.999691757516479
1271.490986,0.9996844198059083
1271.973159,0.9996746329433451
1272.455332,0.9996672953584683
1272.937506,0.9996599578274491
1273.419679,0.9996501712043676
1273.901852,0.9996428337990393
1274.384025,0.9996354964475673
1274.866199,0.9996281591499513
1275.348372,0.9996208219061908
1275.830545,0.9996134847162855
1276.312719,0.9996085966182967
1276.794892,0.9996037085442105
1277.277065,0.9995988104980389
1277.759239,0.9995939224718068
1278.241412,0.9995890344694771
1278.723585,0.9995865854793426
1279.205758,0.9995841364952083
1279.687932,0.9995841364952083
1280.170105,0.9995841364952083
1280.652278,0.9995841364952083
1281.134452,0.9995841364952083
1281.616625,0.9995865854793426
1282.098798,0.9995890344694771
1282.580972,0.9995939224718068
1283.063145,0.999596371479917
1283.545318,0.9996012595181247
1284.027492,0.999606147580235
1284.509665,0.9996134847162855
1284.991838,0.999618382834361
1285.474011,0.9996232709802046
1285.956185,0.9996306082419413
1286.438358,0.9996379455575337
1286.920531,0.9996452829269822
1287.402705,0.9996526203502872
1287.884878,0.9996599578274491
1288.367051,0.9996672953584683
1288.849225,0.9996746329433451
1289.331398,0.99968197058208
1289.813571,0.999691757516479
1290.295744,0.9996990952809087
1290.777918,0.9997088823829593
1291.260091,0.999716220273086
1291.742264,0.999725997545531
1292.224438,0.9997333355612835
1292.706611,0.9997431229985481
1293.188784,0.9997504611400019
1293.670958,0.999758539156363
1294.153131,0.9997663672963717
1294.635304,0.999774195497675
1295.117477,0.9997820137624532
1295.599651,0.9997893521893663
1296.081824,0.9997967006681104
1296.563997,0.9998040392028257
1297.046171,0.9998111278385928
1297.528344,0.9998179765682754
1298.010517,0.9998248253448719
1298.492691,0.9998314342088097
1298.974864,0.9998380431164323
1299.457037,0.9998444021066081
1299.93921,0.9998505111745681
1300.421384,0.999856630278421
1300.903557,0.9998624994540667
1301.38573,0.9998681286957849
1301.867904,0.9998737579691959
1302.350077,0.9998791373044842
1302.83225,0.9998845166687134
1303.314424,0.9998896560883374
1303.796597,0.9998945555596558
1304.27877,0.9998991950811573
1304.760943,0.9999038476229362
1305.243117,0.9999080062316862
1305.72529,0.9999124098362424
1306.207463,0.9999163245009899
1306.689637,0.9999202391810633
1307.17181,0.999923908895075
1307.653983,0.9999273346402552
1308.136157,0.9999307593972412
1308.61833,0.9999339401820458
1309.100503,0.999936875992404
1309.582677,0.9999398118113817
1310.06485,0.9999425026530359
1310.547023,0.9999449495153335
1311.029196,0.9999473963836187
1311.51137,0.9999495982702099
1311.993543,0.9999518001616495
1312.475716,0.9999537570692373
1312.95789,0.9999557149806104
1313.440063,0.9999574279062173
1313.922236,0.9999588958447989
1314.40441,0.9999603637855355
1314.886583,0.999961831728427
1315.368756,0.999963054682495
1315.850929,0.9999642776380587
1316.333103,0.9999652566035658
1316.815276,0.9999662355700312
1317.297449,0.9999672145374551
1317.779623,0.9999679485136599
1318.261796,0.9999686824904035
1318.743969,0.9999691714752087
1319.226143,0.9999699054528499
1319.708316,0.9999703944382533
1320.190489,0.9999708844238666
1320.672662,0.9999713734097486
1321.154836,0.9999718623958698
1321.637009,0.9999723523822024
1322.119182,0.9999725963754862
1322.601356,0.9999730863621784
1323.083529,0.9999733303556413
1323.565702,0.9999735753491372
1324.047876,0.9999738203426932
1324.530049,0.9999740643363352
1325.012222,0.999974309330011
1325.494395,0.9999745543237467
1325.976569,0.9999747983175677
1326.458742,0.9999750433114233
1326.940915,0.999975288305339
1327.423089,0.999975288305339
1327.905262,0.9999755332993147
1328.387435,0.999975630296946
1328.869609,0.9999757532939562
1329.351782,0.9999759002904026
1329.833955,0.99997602228747
1330.316128,0.9999761442845521
1330.798302,0.999976242282219
1331.280475,0.999976364279328
1331.762648,0.9999764622770165
1332.244822,0.9999765602747146
1332.726995,0.9999766342729829
1333.209168,0.9999767312707211
1333.691342,0.9999768052690019
1334.173515,0.9999768542678666
1334.655688,0.9999768782673114
1335.137862,0.9999769032667336
1335.620035,0.9999769272661796
1336.102208,0.9999769032667336
1336.584381,0.9999768782673114
1337.066555,0.9999768292684456
1337.548728,0.9999767562701397
1338.030901,0.9999766342729829
1338.513075,0.9999765112758644
1338.995248,0.999976364279328
1339.477421,0.9999761932833844
1339.959595,0.9999759732886461
1340.441768,0.9999757532939562
1340.923941,0.9999755332993147
1341.406114,0.999975288305339
1341.888288,0.9999750433114233
1342.370461,0.9999745543237467
1342.852634,0.999974309330011
1343.334808,0.9999740643363352
1343.816981,0.9999735753491372
1344.299154,0.9999733303556413
1344.781328,0.9999728413688023
1345.263501,0.9999723523822024
1345.745674,0.9999718623958698
1346.227847,0.9999713734097486
1346.710021,0.9999708844238666
1347.192194,0.9999703944382533
1347.674367,0.9999699054528499
1348.156541,0.9999691714752087
1348.638714,0.9999686824904035
1349.120887,0.9999679485136599
1349.603061,0.9999672145374551
1350.085234,0.9999662355700312
1350.567407,0.9999655015950837
1351.04958,0.9999645226293368
1351.531754,0.9999635436645483
1352.013927,0.9999625657006809
1352.4961,0.9999613417472495
1352.978274,0.9999601187952764
1353.460447,0.9999586508548994
1353.94262,0.9999571829166775
1354.424794,0.9999557149806104
1354.906967,0.9999540020579378
1355.38914,0.9999520451498706
1355.871314,0.999950087245683
1356.353487,0.9999481303452771
1356.83566,0.9999459284619183
1357.317833,0.9999434815972251
1357.800007,0.9999410347385194
1358.28218,0.9999385888857397
1358.764353,0.9999358970546816
1359.246527,0.9999329612471977
1359.7287,0.9999302704312194
1360.210873,0.9999273346402552
1360.693047,0.999924397857986
1361.17522,0.9999212181034566
1361.657393,0.99991828233907
1362.139566,0.9999153465833027
1362.62174,0.9999124098362424
1363.103913,0.9999097190755679
1363.586086,0.9999070283221343
1364.06826,0.9999043365760372
1364.550433,0.9999018898131192
1365.032606,0.9998994450559873
1365.51478,0.999897245279628
1365.996953,0.9998952854829478
1366.479126,0.9998933256901088
1366.961299,0.9998918558480004
1367.443473,0.9998906359806804
1367.925646,0.9998896560883374
1368.407819,0.9998891661425259
1368.889993,0.9998889261691548
1369.372166,0.9998891661425259
1369.854339,0.9998899060607825
1370.336513,0.9998908859533706
1370.818686,0.9998923457951299
1371.300859,0.9998943055860482
1371.783032,0.9998965053559402
1372.265206,0.9998989551053793
1372.747379,0.9999018898131192
1373.229552,0.9999050705060896
1373.711726,0.9999082512091778
1374.193899,0.999911675900803
1374.676072,0.9999151016040728
1375.158246,0.9999187712992296
1375.640419,0.9999221960268861
1376.122592,0.999925621766198
1376.604765,0.9999288025346599
1377.086939,0.9999319823133077
1377.569112,0.9999349181179176
1378.051285,0.9999378549310848
1378.533459,0.9999403007820692
1379.015632,0.999942747638979
1379.497805,0.9999449495153335
1379.979979,0.9999469074094615
1380.462152,0.9999488643074741
1380.944325,0.9999503322334844
1381.426499,0.9999518001616495
1381.908672,0.9999532680919696
1382.390845,0.9999542470466983
1382.873018,0.9999552260023854
1383.355192,0.9999559599697906
1383.837365,0.9999564489483745
1384.319538,0.9999569379271976
1384.801712,0.9999574279062173
1385.283885,0.9999576718958595
1385.766058,0.9999579168855192
1386.248232,0.9999579168855192
1386.730405,0.9999581618752388
1387.212578,0.9999581618752388
1387.694751,0.9999581618752388
1388.176925,0.9999581618752388
1388.659098,0.9999581618752388
1389.141271,0.9999581618752388
1389.623445,0.99995840586506
1390.105618,0.99995840586506
1390.587791,0.99995840586506
1391.069965,0.9999586508548994
1391.552138,0.9999586508548994
1392.034311,0.9999586508548994
1392.516484,0.9999588958447989
1392.998658,0.9999588958447989
1393.480831,0.9999591398347993
1393.963004,0.9999593848248186
1394.445178,0.9999596298148978
1394.927351,0.9999598738050773
1395.409524,0.9999598738050773
1395.891698,0.9999601187952764
1396.373871,0.9999603637855355
1396.856044,0.999960607775894
1397.338217,0.999960852766273
1397.820391,0.9999610977567119
1398.302564,0.9999613417472495
1398.784737,0.9999613417472495
1399.266911,0.9999615867378082
1399.749084,0.9999615867378082
1400.231257,0.999961831728427
1400.713431,0.999961831728427
1401.195604,0.999961831728427
1401.677777,0.9999615867378082
1402.15995,0.9999615867378082
1402.642124,0.9999615867378082
1403.124297,0.9999613417472495
1403.60647,0.9999610977567119
1404.088644,0.9999610977567119
1404.570817,0.9999610977567119
1405.05299,0.9999610977567119
1405.535164,0.9999610977567119
1406.017337,0.9999613417472495
1406.49951,0.9999615867378082
1406.981684,0.999961831728427
1407.463857,0.9999623207098823
1407.94603,0.9999628096915767
1408.428203,0.999963054682495
1408.910377,0.9999637886556466
1409.39255,0.9999642776380587
1409.874723,0.9999650116121079
1410.356897,0.9999657465866616
1410.83907,0.9999664805617889
1411.321243,0.9999674585294851
1411.803417,0.9999681925058691
1412.28559,0.9999691714752087
1412.767763,0.9999701504455069
1413.249936,0.9999713734097486
1413.73211,0.9999723523822024
1414.214283,0.9999733303556413
1414.696456,0.999974309330011
1415.17863,0.9999755332993147
1415.660803,0.9999764132781711
1416.142976,0.9999773922555589
1416.62515,0.9999783462344461
1417.107323,0.9999792762147406
1417.589496,0.9999801571968711
1418.071669,0.9999810381797776
1418.553843,0.9999819191634602
1419.036016,0.9999827501487804
1419.518189,0.9999835331355803
1420.000363,0.999984267123763
1420.482536,0.9999849771128447
1420.964709,0.999985638103133
1421.446883,0.9999862490945446
1421.929056,0.9999868120869613
1422.411229,0.9999873260803148
1422.893402,0.9999877910745295
1423.375576,0.9999881820698323
1423.857749,0.9999885250658376
1424.339922,0.9999888430622391
1424.822096,0.9999891120592741
1425.304269,0.9999893810563814
1425.786442,0.9999896260538097
1426.268616,0.9999898700513082
1426.750789,0.9999900662493401
1427.232962,0.9999902619474151
1427.715136,0.9999904332457616
1428.197309,0.9999906045441376
1428.679482,0.999990751342769
1429.161655,0.9999908981414222
1429.643829,0.9999909960405359
1430.126002,0.9999911183394422
1430.608175,0.9999912406383634
1431.090349,0.9999913140377232
1431.572522,0.9999914119368776
1432.054695,0.999991534335834
1432.536869,0.9999916321350107
1433.019042,0.9999917300341964
1433.501215,0.9999918279333915
1433.983388,0.9999918768329931
1434.465562,0.9999919257325971
1434.947735,0.9999919747322026
1435.429908,0.9999920236318114
1435.912082,0.9999920970312286
1436.394255,0.9999921949304598
1436.876428,0.9999922927297011
1437.358602,0.9999923906289514
1437.840775,0.9999924885282112
1438.322948,0.9999925864274807
1438.805121,0.9999927087265814
1439.287295,0.9999928310256972
1439.769468,0.9999929534248272
1440.251641,0.9999930268243127
1440.733815,0.9999931246236355
1441.215988,0.9999931736232999
1441.698161,0.9999931980231336
1442.180335,0.9999932225229672
1442.662508,0.9999932470228015
1443.144681,0.9999932959224724
1443.626854,0.9999933204223085
1444.109028,0.999993369321983
1444.591201,0.99999341822166
1445.073374,0.999993442721499
1445.555548,0.9999934672213386
1446.037721,0.9999934916211796
1446.519894,0.9999935161210204
1447.002068,0.9999935406208619
1447.484241,0.9999935651207039
1447.966414,0.9999936140203904
1448.448587,0.9999936385202343
1448.930761,0.9999936874199244
1449.412934,0.99999371191977
1449.895107,0.9999937608194638
1450.377281,0.9999938097191599
1450.859454,0.9999938587188577
1451.341627,0.9999939076185587
1451.823801,0.999993956518262
1452.305974,0.999994005517967
1452.788147,0.9999940544176751
1453.270321,0.9999940789175297
1453.752494,0.9999941278172413
1454.234667,0.9999941278172413
1454.71684,0.9999941278172413
1455.199014,0.9999941278172413
1455.681187,0.9999941523170978
1456.16336,0.9999941767169553
1456.645534,0.999994201216813
1457.127707,0.9999942257166713
1457.60988,0.9999942746163901
1458.092054,0.9999943480159725
1458.574227,0.9999944214155604
1459.0564,0.9999944948151536
1459.538573,0.9999946172144872
1460.020747,0.9999947395138364
1460.50292,0.9999948618132005
1460.985093,0.9999949352128261
1461.467267,0.9999950331123351
1461.94944,0.9999950820120933
1462.431613,0.9999951310118536
1462.913787,0.999995155411735
1463.39596,0.9999952044114989
1463.878133,0.9999952288113821
1464.360306,0.9999952533112656
1464.84248,0.9999952778111496
1465.324653,0.9999953022110346
1465.806826,0.9999953267109198
1466.289,0.9999953756106925
1466.771173,0.9999954001105795
1467.253346,0.9999954490103558
1467.73552,0.999995498010134
1468.217693,0.999995546909915
1468.699866,0.9999955714098062
1469.182039,0.999995595909698
1469.664213,0.999995595909698
1470.146386,0.999995595909698
1470.628559,0.9999955714098062
1471.110733,0.999995595909698
1471.592906,0.999995595909698
1472.075079,0.9999956203095909
1472.557253,0.9999956203095909
1473.039426,0.9999956448094839
1473.521599,0.9999956693093774
1474.003772,0.9999956937092721
1474.485946,0.9999956937092721
1474.968119,0.9999957182091669
1475.450292,0.9999957427090623
1475.932466,0.9999957671089587
1476.414639,0.9999957671089587
1476.896812,0.9999957671089587
1477.378986,0.9999957671089587
1477.861159,0.9999957671089587
1478.343332,0.9999957427090623
1478.825506,0.9999957427090623
1479.307679,0.9999957427090623
1479.789852,0.9999957671089587
1480.272025,0.9999957671089587
1480.754199,0.9999957671089587
1481.236372,0.9999957671089587
1481.718545,0.9999957671089587
1482.200719,0.9999957916088553
1482.682892,0.9999958161087525
1483.165065,0.9999958405086508
1483.647239,0.9999958895084481
1484.129412,0.9999959139083481
1484.611585,0.9999959384082483
1485.093758,0.9999959629081491
1485.575932,0.9999959873080508
1486.058105,0.9999960118079528
1486.540278,0.9999960118079528
1487.022452,0.9999960363078555
1487.504625,0.999996060707759
1487.986798,0.999996060707759
1488.468972,0.999996060707759
1488.951145,0.999996060707759
1489.433318,0.999996060707759
1489.915491,0.9999960852076628
1490.397665,0.9999961097075672
1490.879838,0.9999961341074726
1491.362011,0.9999961831072843
1491.844185,0.9999962075071915
1492.326358,0.9999962565070069
1492.808531,0.9999962565070069
1493.290705,0.9999962809069158
1493.772878,0.999996305406825
1494.255051,0.999996305406825
1494.737224,0.999996305406825
1495.219398,0.999996305406825
1495.701571,0.9999962809069158
1496.183744,0.9999962565070069
1496.665918,0.9999962320070989
1497.148091,0.9999962075071915
1497.630264,0.9999962075071915
1498.112438,0.9999962075071915
1498.594611,0.9999962075071915
1499.076784,0.9999962075071915
1499.558957,0.9999962075071915
1500.041131,0.9999961831072843
1500.523304,0.9999961831072843
1501.005477,0.9999962075071915
1501.487651,0.9999962320070989
1501.969824,0.9999962565070069
1502.451997,0.9999962565070069
1502.934171,0.9999962565070069
1503.416344,0.9999962320070989
1503.898517,0.9999961831072843
1504.380691,0.9999961586073781
1504.862864,0.9999961097075672
1505.345037,0.999996060707759
1505.82721,0.9999960363078555
1506.309384,0.9999959873080508
1506.791557,0.9999959629081491
1507.27373,0.9999959629081491
1507.755904,0.9999959873080508
1508.238077,0.9999960363078555
1508.72025,0.9999960852076628
1509.202424,0.9999961586073781
1509.684597,0.9999962075071915
1510.16677,0.9999962809069158
1510.648943,0.999996305406825
1511.131117,0.9999963543066456
1511.61329,0.9999964033064681
1512.095463,0.9999964277063806
1512.577637,0.9999964522062934
1513.05981,0.9999964767062068
1513.541983,0.9999965011061211
1514.024157,0.9999965256060357
1514.50633,0.9999965256060357
1514.988503,0.9999965256060357
1515.470676,0.9999965501059509
1515.95285,0.9999965501059509
1516.435023,0.9999965746058667
1516.917196,0.9999965990057834
1517.39937,0.9999965990057834
1517.881543,0.9999966235057004
1518.363716,0.9999965990057834
1518.84589,0.9999965990057834
1519.328063,0.9999965990057834
1519.810236,0.9999965746058667
1520.292409,0.9999965746058667
1520.774583,0.9999965990057834
1521.256756,0.9999965990057834
1521.738929,0.9999966235057004
1522.221103,0.9999966235057004
1522.703276,0.9999966480056179
1523.185449,0.9999966969054552
1523.667623,0.9999967214053747
1524.149796,0.9999967948051367
1524.631969,0.9999968437049811
1525.114143,0.9999968682049041
1525.596316,0.9999968926048279
1526.078489,0.9999969171047521
1526.560662,0.9999969171047521
1527.042836,0.9999969416046769
1527.525009,0.9999969660046025
1528.007182,0.9999969905045285
1528.489356,0.9999970394043826
1528.971529,0.9999970639043103
1529.453702,0.9999970884042387
1529.935876,0.9999970884042387
1530.418049,0.9999970884042387
1530.900222,0.9999970884042387
1531.382395,0.9999970884042387
1531.864569,0.9999970884042387
1532.346742,0.9999970884042387
1532.828915,0.9999970884042387
1533.311089,0.9999970884042387
1533.793262,0.9999971128041679
1534.275435,0.9999971373040976
1534.757609,0.9999971618040276
1535.239782,0.9999972107038901
1535.721955,0.9999972352038221
1536.204128,0.9999972352038221
1536.686302,0.9999972352038221
1537.168475,0.9999972107038901
1537.650648,0.9999971862039587
1538.132822,0.9999971618040276
1538.614995,0.9999971373040976
1539.097168,0.9999971128041679
1539.579342,0.9999970884042387
1540.061515,0.9999970639043103
1540.543688,0.9999970884042387
1541.025861,0.9999970884042387
1541.508035,0.9999971373040976
1541.990208,0.9999971618040276
1542.472381,0.9999971862039587
1542.954555,0.9999972352038221
1543.436728,0.9999972596037549
1543.918901,0.999997284103688
1544.401075,0.9999973086036218
1544.883248,0.9999973575034914
1545.365421,0.9999974064033634
1545.847594,0.9999974309033002
1546.329768,0.9999974554032375
1546.811941,0.9999974798031757
1547.294114,0.9999974798031757
1547.776288,0.9999974798031757
1548.258461,0.9999975043031143
1548.740634,0.9999975043031143
1549.222808,0.9999975043031143
1549.704981,0.9999975288030534
1550.187154,0.9999975288030534
1550.669328,0.9999975533029931
1551.151501,0.9999975655029634
1551.633674,0.9999975802029277
1552.115847,0.9999975924028983
1552.598021,0.999997604602869
1553.080194,0.9999976267028162
1553.562367,0.9999976585027414
1554.044541,0.9999976878026732
1554.526714,0.9999976976026506
1555.008887,0.9999976976026506
1555.491061,0.9999976854026786
1555.973234,0.9999976658027242
1556.455407,0.9999976389027874
1556.93758,0.999997607102863
1557.419754,0.9999975802029277
1557.901927,0.9999975533029931
1558.3841,0.9999975043031143
1558.866274,0.9999975043031143
1559.348447,0.9999974798031757
1559.83062,0.9999975043031143
1560.312794,0.9999975655029634
1560.794967,0.999997634002799
1561.27714,0.9999977147026113
1561.759313,0.9999977906024408
1562.241487,0.9999978542023022
1562.72366,0.9999979031021985
1563.205833,0.9999979252021524
1563.688007,0.9999979398021223
1564.17018,0.9999979374021272
1564.652353,0.9999979227021576
1565.134527,0.999997910502183
1565.6167,0.9999978860022345
1566.098873,0.9999978591022918
1566.581046,0.9999978297023551
1567.06322,0.9999977832024571
1567.545393,0.9999977441025445
1568.027566,0.9999977025026392
1568.50974,0.9999976634027299
1568.991913,0.9999976315028049
1569.474086,0.999997604602869
1569.95626,0.9999975875029101
1570.438433,0.9999975606029753
1570.920606,0.9999975533029931
1571.402779,0.9999975606029753
1571.884953,0.9999975777029337
1572.367126,0.9999975924028983
1572.849299,0.9999975924028983
1573.331473,0.9999975777029337
1573.813646,0.9999975533029931
1574.295819,0.9999975043031143
1574.777993,0.9999974554032375
1575.260166,0.9999974309033002
1575.742339,0.9999974064033634
1576.224513,0.9999974064033634
1576.706686,0.9999973820034269
1577.188859,0.9999973820034269
1577.671032,0.9999974064033634
1578.153206,0.9999974064033634
1578.635379,0.9999974554032375
1579.117552,0.9999974798031757
1579.599726,0.9999975043031143
1580.081899,0.9999975043031143
1580.564072,0.9999975043031143
1581.046246,0.9999974798031757
1581.528419,0.9999974554032375
1582.010592,0.9999974064033634
1582.492765,0.9999974064033634
1582.974939,0.9999973820034269
1583.457112,0.9999973820034269
1583.939285,0.9999973820034269
1584.421459,0.9999973575034914
1584.903632,0.9999973330035564
1585.385805,0.9999973330035564
1585.867979,0.9999973086036218
1586.350152,0.9999973086036218
1586.832325,0.999997284103688
1587.314498,0.9999972596037549
1587.796672,0.9999972596037549
1588.278845,0.9999972352038221
1588.761018,0.9999972107038901
1589.243192,0.9999971862039587
1589.725365,0.9999971862039587
1590.207538,0.9999971618040276
1590.689712,0.9999971618040276
1591.171885,0.9999971373040976
1591.654058,0.9999971373040976
1592.136231,0.9999971128041679
1592.618405,0.9999971128041679
1593.100578,0.9999970884042387
1593.582751,0.9999970884042387
1594.064925,0.9999970639043103
1594.547098,0.9999970639043103
1595.029271,0.9999970394043826
1595.511445,0.9999970394043826
1595.993618,0.9999970394043826
1596.475791,0.9999970394043826
1596.957964,0.9999970150044551
1597.440138,0.9999970150044551
1597.922311,0.9999970150044551
1598.404484,0.9999969905045285
1598.886658,0.9999969905045285
1599.368831,0.9999970150044551
1599.851004,0.9999970150044551
1600.333178,0.9999970150044551
1600.815351,0.9999970150044551
1601.297524,0.9999970150044551
1601.779698,0.9999970150044551
1602.261871,0.9999970150044551
1602.744044,0.9999970150044551
1603.226217,0.9999970150044551
1603.708391,0.9999970150044551
1604.190564,0.9999970150044551
1604.672737,0.9999970394043826
1605.154911,0.9999970394043826
1605.637084,0.9999970639043103
1606.119257,0.9999970639043103
1606.601431,0.9999970884042387
1607.083604,0.9999971128041679
1607.565777,0.9999971373040976
1608.04795,0.9999971373040976
1608.530124,0.9999971618040276
1609.012297,0.9999971618040276
1609.49447,0.9999971862039587
1609.976644,0.9999971862039587
1610.458817,0.9999971862039587
1610.94099,0.9999972107038901
1611.423164,0.9999972352038221
1611.905337,0.9999972596037549
1612.38751,0.9999973086036218
1612.869683,0.9999973330035564
1613.351857,0.9999973575034914
1613.83403,0.9999973820034269
1614.316203,0.9999973575034914
1614.798377,0.9999973575034914
1615.28055,0.9999973575034914
1615.762723,0.9999973820034269
1616.244897,0.9999974064033634
1616.72707,0.9999974309033002
1617.209243,0.9999974798031757
1617.691416,0.9999975288030534
1618.17359,0.9999975973028865
1618.655763,0.9999976707027128
1619.137936,0.9999977588025115
1619.62011,0.9999978420023284
1620.102283,0.9999979007022035
1620.584456,0.9999979398021223
1621.06663,0.9999979570020869
1621.548803,0.9999979545020921
1622.030976,0.9999979496021021
1622.51315,0.999997952102097
1622.995323,0.9999979716020572
1623.477496,0.9999979937020126
1623.959669,0.9999980083019835
1624.441843,0.9999980230019543
1624.924016,0.99999803530193
1625.406189,0.9999980402019204
1625.888363,0.9999980499019014
1626.370536,0.999998067101868
1626.852709,0.9999980866018305
1627.334883,0.9999981013018026
1627.817056,0.99999811850177
1628.299229,0.9999981405017289
1628.781402,0.9999981576016972
1629.263576,0.9999981747016659
1629.745749,0.9999981992016215
1630.227922,0.999998228601569
1630.710096,0.9999982604015131
1631.192269,0.9999982750014879
1631.674442,0.9999982701014962
1632.156616,0.9999982408015474
1632.638789,0.9999981870016434
1633.120962,0.9999981136017793
1633.603135,0.9999980402019204
1634.085309,0.9999979765020472
1634.567482,0.9999979325021373
1635.049655,0.9999978982022087
1635.531829,0.9999978762022552
1636.014002,0.9999978664022762
1636.496175,0.9999978640022813
1636.978349,0.9999978713022657
1637.460522,0.9999978909022241
1637.942695,0.9999979276021475
1638.424868,0.9999979716020572
1638.907042,0.9999980059019882
1639.389215,0.9999980304019397
1639.871388,0.9999980499019014
1640.353562,0.9999980548018919
1640.835735,0.9999980646018729
1641.317908,0.9999980866018305
1641.800082,0.9999981111017839
1642.282255,0.9999981405017289
1642.764428,0.9999981527017062
1643.246601,0.9999981527017062
1643.728775,0.9999981454017197
1644.210948,0.99999811850177
1644.693121,0.9999980915018212
1645.175295,0.9999980597018824
1645.657468,0.999998020601959
1646.139641,0.9999979888020225
1646.621815,0.999997952102097
1647.103988,0.9999979325021373
1647.586161,0.9999979301021422
1648.068335,0.999997947202107
1648.550508,0.9999979888020225
1649.032681,0.9999980157019687
1649.514854,0.9999980279019446
1649.997028,0.999998020601959
1650.479201,0.9999979716020572
1650.961374,0.9999979031021985
1651.443548,0.9999978248023658
1651.925721,0.9999977563025171
1652.407894,0.9999977025026392
1652.890068,0.9999976487027643
1653.372241,0.9999976218028279
1653.854414,0.9999976193028338
1654.336587,0.9999976267028162
1654.818761,0.9999976609027357
1655.300934,0.9999977147026113
1655.783107,0.9999977857024516
1656.265281,0.9999978493023127
1656.747454,0.9999978860022345
1657.229627,0.999997912902178
1657.711801,0.9999979252021524
1658.193974,0.9999979203021626
1658.676147,0.9999979056021933
1659.15832,0.9999978885022293
1659.640494,0.9999978762022552
1660.122667,0.9999978566022971
1660.60484,0.9999978297023551
1661.087014,0.9999978151023869
1661.569187,0.9999978126023924
1662.05136,0.9999978126023924
1662.533534,0.9999978053024083
1663.015707,0.9999978028024138
1663.49788,0.9999978077024031
1663.980053,0.9999978175023817
1664.462227,0.999997837102339
1664.9444,0.9999978591022918
1665.426573,0.9999978885022293
1665.908747,0.9999978982022087
1666.39092,0.9999978885022293
1666.873093,0.9999978640022813
1667.355267,0.9999978297023551
1667.83744,0.9999978004024191
1668.319613,0.9999977759024733
1668.801786,0.9999977539025224
1669.28396,0.99999774170255
1669.766133,0.9999977294025778
1670.248306,0.9999977294025778
1670.73048,0.9999977441025445
1671.212653,0.9999977710024842
1671.694826,0.9999978126023924
1672.177,0.999997846902318
1672.659173,0.9999978615022866
1673.141346,0.9999978615022866
1673.62352,0.9999978566022971
1674.105693,0.9999978591022918
1674.587866,0.9999978591022918
1675.070039,0.9999978664022762
1675.552213,0.9999978909022241
1676.034386,0.999997912902178
1676.516559,0.9999979203021626
1676.998733,0.9999979301021422
1677.480906,0.9999979545020921
1677.963079,0.9999979888020225
1678.445253,0.999998020601959
1678.927426,0.9999980402019204
1679.409599,0.9999980622018775
1679.891772,0.9999980695018634
1680.373946,0.9999980573018871
1680.856119,0.9999980279019446
1681.338292,0.9999979961020078
1681.820466,0.9999979570020869
1682.302639,0.9999979056021933
1682.784812,0.999997846902318
1683.266986,0.9999978053024083
1683.749159,0.9999977808024624
1684.231332,0.9999977563025171
1684.713505,0.99999774170255
1685.195679,0.99999774170255
1685.677852,0.9999977490025335
1686.160025,0.9999977612025062
1686.642199,0.9999977784024677
1687.124372,0.9999978126023924
1687.606545,0.9999978493023127
1688.088719,0.9999978689022708
1688.570892,0.9999978689022708
1689.053065,0.9999978640022813
1689.535238,0.9999978542023022
1690.017412,0.999997837102339
1690.499585,0.9999978273023603
1690.981758,0.9999978566022971
1691.463932,0.9999979007022035
1691.946105,0.9999979301021422
1692.428278,0.9999979447021121
1692.910452,0.999997947202107
1693.392625,0.9999979374021272
1693.874798,0.999997910502183
1694.356972,0.9999978885022293
1694.839145,0.9999978933022191
1695.321318,0.9999979154021728
1695.803491,0.999997947202107
1696.285665,0.9999979741020522
1696.767838,0.9999979937020126
1697.250011,0.9999980059019882
1697.732185,0.9999979986020028
1698.214358,0.9999979937020126
1698.696531,0.999998003501993
1699.178705,0.9999980230019543
1699.660878,0.999998045001911
1700.143051,0.9999980597018824
1700.625224,0.9999980695018634
1701.107398,0.9999980891018257
1701.589571,0.9999981136017793
1702.071744,0.9999981576016972
1702.553918,0.9999982188015863
1703.036091,0.9999982873014667
1703.518264,0.9999983460013678
1704.000438,0.9999983778013157
1704.482611,0.9999983876012999
1704.964784,0.9999983900012961
1705.446957,0.9999983803013117
1705.929131,0.9999983680013317
1706.411304,0.9999983656013356
1706.893477,0.9999983754013196
1707.375651,0.9999983900012961
1707.857824,0.9999983925012921
1708.339997,0.9999983925012921
1708.822171,0.9999984023012763
1709.304344,0.9999984072012685
1709.786517,0.9999983974012842
1710.26869,0.9999983851013039
1710.750864,0.9999983754013196
1711.233037,0.9999983607013436
1711.71521,0.9999983264014005
1712.197384,0.9999983020014416
1712.679557,0.9999982946014542
1713.16173,0.999998282401475
1713.643904,0.9999982653015046
1714.126077,0.9999982408015474
1714.60825,0.9999982114015995
1715.090423,0.9999981723016702
1715.572597,0.9999981111017839
1716.05477,0.9999980573018871
1716.536943,0.999998018101964
1717.019117,0.9999979765020472
1717.50129,0.9999979496021021
1717.983463,0.9999979301021422
1718.465637,0.9999979154021728
1718.94781,0.9999979056021933
1719.429983,0.9999978885022293
1719.912157,0.9999978836022396
1720.39433,0.9999978836022396
1720.876503,0.9999978762022552
1721.358676,0.9999978689022708
1721.84085,0.9999978518023074
1722.323023,0.9999978273023603
1722.805196,0.9999977979024246
1723.28737,0.9999977637025005
1723.769543,0.99999774170255
1724.251716,0.999997724502589
1724.73389,0.9999977196026001
1725.216063,0.9999977319025721
1725.698236,0.9999977392025556
1726.180409,0.9999977490025335
1726.662583,0.9999977539025224
1727.144756,0.9999977539025224
1727.626929,0.9999977343025667
1728.109103,0.9999977147026113
1728.591276,0.9999977098026225
1729.073449,0.9999977050026335
1729.555623,0.9999977025026392
1730.037796,0.9999977001026448
1730.519969,0.9999976854026786
1731.002142,0.9999976585027414
1731.484316,0.9999976095028572
1731.966489,0.9999975557029873
1732.448662,0.9999975043031143
1732.930836,0.9999974798031757
1733.413009,0.9999974554032375
1733.895182,0.9999974554032375
1734.377356,0.9999974309033002
1734.859529,0.9999974554032375
1735.341702,0.9999974554032375
1735.823875,0.9999974798031757
1736.306049,0.9999975288030534
1736.788222,0.9999975655029634
1737.270395,0.9999976022028747
1737.752569,0.9999976144028455
1738.234742,0.9999976144028455
1738.716915,0.9999976144028455
1739.199089,0.9999976022028747
1739.681262,0.9999975875029101
1740.163435,0.9999975777029337
1740.645608,0.9999975753029395
1741.127782,0.9999975851029159
1741.609955,0.9999975826029219
1742.092128,0.9999975875029101
1742.574302,0.9999976095028572
1743.056475,0.9999976267028162
1743.538648,0.9999976413027817
1744.020822,0.9999976536027528
1744.502995,0.9999976658027242
1744.985168,0.9999976731027073
1745.467342,0.9999976707027128
1745.949515,0.9999976731027073
1746.431688,0.999997695202656
1746.913861,0.9999977172026056
1747.396035,0.9999977319025721
1747.878208,0.9999977392025556
1748.360381,0.9999977441025445
1748.842555,0.9999977441025445
1749.324728,0.9999977343025667
1749.806901,0.9999977343025667
1750.289075,0.9999977563025171
1750.771248,0.9999977881024462
1751.253421,0.9999978273023603
1751.735594,0.9999978664022762
1752.217768,0.999997912902178
1752.699941,0.9999979570020869
1753.182114,0.9999979912020176
1753.664288,0.9999980279019446
1754.146461,0.9999980695018634
1754.628634,0.9999981062017932
1755.110808,0.9999981331017427
1755.592981,0.9999981503017107
1756.075154,0.9999981625016882
1756.557327,0.9999981723016702
1757.039501,0.9999981870016434
1757.521674,0.9999982114015995
1758.003847,0.9999982457015388
1758.486021,0.999998272601492
1758.968194,0.9999982971014499
1759.450367,0.9999983117014252
1759.932541,0.9999983166014169
1760.414714,0.9999983191014127
1760.896887,0.9999983264014005
1761.37906,0.9999983338013881
1761.861234,0.9999983460013678
1762.343407,0.9999983582013477
1762.82558,0.9999983778013157
1763.307754,0.9999984096012647
1763.789927,0.9999984316012299
1764.2721,0.9999984561011919
1764.754274,0.9999984830011507
1765.236447,0.9999984977011285
1765.71862,0.9999984977011285
1766.200793,0.9999984879011432
1766.682967,0.9999984830011507
1767.16514,0.9999984757011617
1767.647313,0.9999984708011692
1768.129487,0.9999984806011543
1768.61166,0.9999984928011358
1769.093833,0.9999985001011249
1769.576007,0.9999985001011249
1770.05818,0.9999984977011285
1770.540353,0.9999985001011249
1771.022527,0.9999985001011249
1771.5047,0.9999985026011211
1771.986873,0.9999985050011175
1772.469046,0.9999985075011137
1772.95122,0.9999985148011029
1773.433393,0.9999985173010992
1773.915566,0.9999985295010811
1774.39774,0.999998556401042
1774.879913,0.999998585801
1775.362086,0.9999986176009555
1775.84426,0.9999986445009187
1776.326433,0.9999986641008923
1776.808606,0.9999986788008728
1777.290779,0.9999986836008664
1777.772953,0.9999986861008632
1778.255126,0.9999986836008664
1778.737299,0.9999986812008697
1779.219473,0.99999868850086
1779.701646,0.9999986934008536
1780.183819,0.9999987032008408
1780.665993,0.9999987179008218
1781.148166,0.9999987277008093
1781.630339,0.9999987326008032
1782.112512,0.9999987301008063
1782.594686,0.9999987252008126
1783.076859,0.9999987228008156
1783.559032,0.9999987228008156
1784.041206,0.9999987252008126
1784.523379,0.9999987326008032
1785.005552,0.9999987375007969
1785.487726,0.9999987399007939
1785.969899,0.9999987448007878
1786.452072,0.9999987546007755
1786.934245,0.9999987668007604
1787.416419,0.9999987864007364
1787.898592,0.9999988035007158
1788.380765,0.9999988133007042
1788.862939,0.9999988158007012
1789.345112,0.9999988011007187
1789.827285,0.9999987840007394
1790.309459,0.9999987644007634
1790.791632,0.9999987448007878
1791.273805,0.9999987375007969
1791.755979,0.9999987399007939
1792.238152,0.9999987448007878
1792.720325,0.9999987522007785
1793.202498,0.9999987644007634
1793.684672,0.9999987840007394
1794.166845,0.9999988011007187
1794.649018,0.9999988207006953
1795.131192,0.999998847600664
1795.613365,0.9999988696006389
1796.095538,0.9999988794006279
1796.577712,0.9999988794006279
1797.059885,0.9999988769006307
1797.542058,0.9999988745006334
1798.024231,0.9999988647006445
1798.506405,0.9999988549006557
1798.988578,0.9999988574006528
1799.470751,0.9999988525006583
1799.952925,0.9999988402006725
1800.435098,0.9999988231006925
1800.917271,0.99999880840071
1801.399445,0.9999987986007217
1801.881618,0.9999987864007364
1802.363791,0.9999987840007394
1802.845964,0.9999987864007364
1803.328138,0.9999987913007304
1803.810311,0.9999987962007245
1804.292484,0.9999988011007187
1804.774658,0.9999988035007158
1805.256831,0.99999880840071
1805.739004,0.99999880840071
1806.221178,0.999998810900707
1806.703351,0.999998810900707
1807.185524,0.999998810900707
1807.667697,0.999998810900707
1808.149871,0.9999988060007128
1808.632044,0.9999987962007245
1809.114217,0.9999987962007245
1809.596391,0.9999987986007217
1810.078564,0.9999988060007128
1810.560737,0.9999988207006953
1811.042911,0.9999988378006753
1811.525084,0.9999988525006583
1812.007257,0.9999988574006528
1812.48943,0.9999988574006528
1812.971604,0.9999988672006416
1813.453777,0.9999988769006307
1813.93595,0.9999988843006224
1814.418124,0.9999988941006115
1814.900297,0.9999988990006061
1815.38247,0.9999989063005981
1815.864644,0.9999989063005981
1816.346817,0.9999989112005927
1816.82899,0.9999989259005768
1817.311164,0.9999989430005586
1817.793337,0.9999989601005407
1818.27551,0.9999989724005279
1818.757683,0.9999989846005155
1819.239857,0.9999989968005032
1819.72203,0.9999990041704958
1820.204203,0.9999990188504814
1820.686377,0.99999904087046
1821.16855,0.999999055560446
1821.650723,0.9999990653404368
1822.132897,0.9999990653404368
1822.61507,0.9999990604504414
1823.097243,0.9999990531104483
1823.579416,0.9999990457704553
1824.06159,0.9999990457704553
1824.543763,0.9999990482104529
1825.025936,0.9999990506604506
1825.50811,0.9999990531104483
1825.990283,0.9999990457704553
1826.472456,0.9999990384304623
1826.95463,0.9999990237504766
1827.436803,0.999999009070491
1827.918976,0.9999989993005007
1828.401149,0.9999989846005155
1828.883323,0.9999989699005305
1829.365496,0.9999989577005431
1829.847669,0.9999989430005586
1830.329843,0.999998933200569
1830.812016,0.9999989234005795
1831.294189,0.9999989185005849
1831.776363,0.9999989210005821
1832.258536,0.9999989185005849
1832.740709,0.9999989136005901
1833.222882,0.9999989088005954
1833.705056,0.9999988990006061
1834.187229,0.9999988916006143
1834.669402,0.9999988769006307
1835.151576,0.9999988647006445
1835.633749,0.9999988574006528
1836.115922,0.9999988549006557
1836.598096,0.9999988574006528
1837.080269,0.9999988623006472
1837.562442,0.9999988720006362
1838.044615,0.9999988867006198
1838.526789,0.9999988965006088
1839.008962,0.9999989063005981
1839.491135,0.9999989234005795
1839.973309,0.9999989381005638
1840.455482,0.9999989430005586
1840.937655,0.9999989357005664
1841.419829,0.9999989259005768
1841.902002,0.9999989112005927
1842.384175,0.9999988867006198
1842.866349,0.9999988696006389
1843.348522,0.9999988647006445
1843.830695,0.9999988672006416
1844.312868,0.9999988745006334
1844.795042,0.9999988843006224
1845.277215,0.9999989039006008
1845.759388,0.9999989259005768
1846.241562,0.999998950300551
1846.723735,0.9999989797005205
1847.205908,0.999999009070491
1847.688082,0.9999990310904694
1848.170255,0.9999990457704553
1848.652428,0.9999990482104529
1849.134601,0.9999990433204576
1849.616775,0.9999990359804647
1850.098948,0.9999990286404717
1850.581121,0.9999990286404717
1851.063295,0.9999990286404717
1851.545468,0.9999990286404717
1852.027641,0.9999990261904742
1852.509815,0.9999990213004789
1852.991988,0.9999990115104885
1853.474161,0.9999990017304983
1853.956334,0.9999989944005057
1854.438508,0.999998987000513
1854.920681,0.9999989748005255
1855.402854,0.9999989626005381
1855.885028,0.9999989552005458
1856.367201,0.999998945500556
1856.849374,0.9999989259005768
1857.331548,0.9999989088005954
1857.813721,0.9999988916006143
1858.295894,0.9999988745006334
1858.778067,0.9999988525006583
1859.260241,0.999998832900681
1859.742414,0.9999988231006925
1860.224587,0.9999988133007042
1860.706761,0.9999987962007245
1861.188934,0.9999987791007453
1861.671107,0.9999987668007604
1862.153281,0.9999987522007785
1862.635454,0.9999987350008002
1863.117627,0.9999987204008187
1863.599801,0.9999987106008312
1864.081974,0.9999987032008408
1864.564147,0.9999986910008567
1865.04632,0.9999986739008793
1865.528494,0.9999986592008989
1866.010667,0.9999986445009187
1866.49284,0.9999986249009455
1866.975014,0.9999986078009692
1867.457187,0.9999985980009828
1867.93936,0.9999985980009828
1868.421534,0.9999986005009793
1868.903707,0.9999986005009793
1869.38588,0.9999986078009692
1869.868053,0.9999986249009455
1870.350227,0.9999986445009187
1870.8324,0.9999986592008989
1871.314573,0.9999986788008728
1871.796747,0.999998700800844
1872.27892,0.9999987179008218
1872.761093,0.9999987204008187
1873.243267,0.9999987179008218
1873.72544,0.9999987204008187
1874.207613,0.9999987179008218
1874.689786,0.9999987130008282
1875.17196,0.9999987081008345
1875.654133,0.9999987204008187
1876.136306,0.9999987301008063
1876.61848,0.9999987326008032
1877.100653,0.9999987399007939
1877.582826,0.9999987571007724
1878.065,0.9999987766007483
1878.547173,0.9999987913007304
1879.029346,0.9999988011007187
1879.511519,0.9999988158007012
1879.993693,0.9999988256006896
1880.475866,0.9999988231006925
1880.958039,0.9999988207006953
1881.440213,0.9999988231006925
1881.922386,0.9999988280006868
1882.404559,0.9999988280006868
1882.886733,0.9999988256006896
1883.368906,0.9999988280006868
1883.851079,0.9999988280006868
1884.333252,0.9999988305006838
1884.815426,0.9999988378006753
1885.297599,0.9999988500006612
1885.779772,0.9999988647006445
1886.261946,0.9999988720006362
1886.744119,0.9999988720006362
1887.226292,0.9999988672006416
1887.708466,0.9999988598006501
1888.190639,0.9999988525006583
1888.672812,0.999998847600664
1889.154986,0.9999988500006612
1889.637159,0.9999988574006528
1890.119332,0.9999988647006445
1890.601505,0.9999988745006334
1891.083679,0.999998889200617
1891.565852,0.9999989063005981
1892.048025,0.9999989259005768
1892.530199,0.999998945500556
1893.012372,0.9999989601005407
1893.494545,0.9999989724005279
1893.976719,0.9999989846005155
1894.458892,0.9999989944005057
1894.941065,0.9999990017304983
1895.423238,0.9999990115104885
1895.905412,0.9999990237504766
1896.387585,0.9999990310904694
1896.869758,0.999999033530467
1897.351932,0.9999990384304623
1897.834105,0.9999990457704553
1898.316278,0.9999990482104529
1898.798452,0.9999990482104529
1899.280625,0.9999990482104529
1899.762798,0.9999990457704553
1900.244971,0.9999990384304623
1900.727145,0.9999990359804647
1901.209318,0.999999033530467
1901.691491,0.9999990359804647
1902.173665,0.9999990384304623
1902.655838,0.9999990384304623
1903.138011,0.9999990433204576
1903.620185,0.9999990433204576
1904.102358,0.99999904087046
1904.584531,0.99999904087046
1905.066704,0.9999990433204576
1905.548878,0.9999990457704553
1906.031051,0.9999990433204576
1906.513224,0.9999990433204576
1906.995398,0.9999990433204576
1907.477571,0.9999990359804647
1907.959744,0.9999990261904742
1908.441918,0.9999990188504814
1908.924091,0.9999990139604862
1909.406264,0.9999990115104885
1909.888437,0.9999990041704958
1910.370611,0.9999989993005007
1910.852784,0.9999989993005007
1911.334957,0.9999989944005057
1911.817131,0.9999989919005081
1912.299304,0.9999989944005057
1912.781477,0.9999990017304983
1913.263651,0.999999009070491
1913.745824,0.9999990115104885
1914.227997,0.9999990139604862
1914.710171,0.9999990115104885
1915.192344,0.9999989993005007
1915.674517,0.999998982200518
1916.15669,0.9999989626005381
1916.638864,0.999998945500556
1917.121037,0.999998933200569
1917.60321,0.9999989210005821
1918.085384,0.9999989210005821
1918.567557,0.9999989259005768
1919.04973,0.999998933200569
1919.531904,0.9999989406005612
1920.014077,0.999998945500556
1920.49625,0.9999989577005431
1920.978423,0.9999989699005305
1921.460597,0.999998977300523
1921.94277,0.9999989846005155
1922.424943,0.9999989944005057
1922.907117,0.9999989944005057
1923.38929,0.999998987000513
1923.871463,0.9999989748005255
1924.353637,0.9999989724005279
1924.83581,0.9999989724005279
1925.317983,0.9999989748005255
1925.800156,0.9999989797005205
1926.28233,0.999998987000513
1926.764503,0.9999989919005081
1927.246676,0.999998987000513
1927.72885,0.999998982200518
1928.211023,0.9999989797005205
1928.693196,0.999998982200518
1929.17537,0.999998982200518
1929.657543,0.999998977300523
1930.139716,0.9999989724005279
1930.621889,0.9999989626005381
1931.104063,0.999998950300551
1931.586236,0.9999989308005716
1932.068409,0.9999989161005874
1932.550583,0.9999989063005981
1933.032756,0.9999988916006143
1933.514929,0.9999988769006307
1933.997103,0.9999988672006416
1934.479276,0.9999988623006472
1934.961449,0.9999988574006528
1935.443622,0.9999988525006583
1935.925796,0.9999988525006583
1936.407969,0.9999988549006557
1936.890142,0.9999988525006583
1937.372316,0.9999988427006696
1937.854489,0.9999988378006753
1938.336662,0.9999988378006753
1938.818836,0.999998832900681
1939.301009,0.9999988182006984
1939.783182,0.9999988035007158
1940.265356,0.9999987938007274
1940.747529,0.9999987791007453
1941.229702,0.9999987644007634
1941.711875,0.9999987571007724
1942.194049,0.9999987571007724
1942.676222,0.9999987571007724
1943.158395,0.9999987497007816
1943.640569,0.9999987399007939
1944.122742,0.9999987375007969
1944.604915,0.9999987375007969
1945.087089,0.9999987399007939
1945.569262,0.9999987424007908
1946.051435,0.9999987522007785
1946.533608,0.9999987595007694
1947.015782,0.9999987571007724
1947.497955,0.9999987522007785
1947.980128,0.9999987571007724
1948.462302,0.9999987668007604
1948.944475,0.9999987766007483
1949.426648,0.9999987840007394
1949.908822,0.9999987938007274
1950.390995,0.9999988035007158
1950.873168,0.9999988060007128
1951.355341,0.9999988060007128
1951.837515,0.9999988133007042
1952.319688,0.9999988231006925
1952.801861,0.9999988280006868
1953.284035,0.9999988231006925
1953.766208,0.9999988231006925
1954.248381,0.9999988231006925
1954.730555,0.9999988182006984
1955.212728,0.99999880840071
1955.694901,0.9999988060007128
1956.177074,0.9999988060007128
1956.659248,0.9999987986007217
1957.141421,0.9999987840007394
1957.623594,0.9999987742007513
1958.105768,0.9999987693007573
1958.587941,0.9999987571007724
1959.070114,0.9999987424007908
1959.552288,0.9999987326008032
1960.034461,0.9999987277008093
1960.516634,0.9999987179008218
1960.998808,0.9999987032008408
1961.480981,0.9999986910008567
1961.963154,0.9999986861008632
1962.445327,0.9999986739008793
1962.927501,0.9999986567009023
1963.409674,0.9999986396009254
1963.891847,0.9999986249009455
1964.374021,0.9999986078009692
1964.856194,0.9999985809010069
1965.338367,0.9999985589010384
1965.820541,0.9999985466010561
1966.302714,0.999998534401074
1966.784887,0.9999985173010992
1967.26706,0.9999985050011175
1967.749234,0.9999984952011323
1968.231407,0.9999984879011432
1968.71358,0.9999984708011692
1969.195754,0.9999984585011881
1969.677927,0.9999984561011919
1970.1601,0.9999984585011881
1970.642274,0.9999984561011919
1971.124447,0.9999984537011956
1971.60662,0.9999984585011881
1972.088793,0.9999984610011843
1972.570967,0.9999984585011881
1973.05314,0.9999984537011956
1973.535313,0.9999984537011956
1974.017487,0.9999984585011881
1974.49966,0.9999984537011956
1974.981833,0.9999984414012146
1975.464007,0.999998434101226
1975.94618,0.999998434101226
1976.428353,0.9999984292012337
1976.910526,0.9999984267012376
1977.3927,0.9999984316012299
1977.874873,0.9999984439012107
1978.357046,0.9999984512011993
1978.83922,0.9999984537011956
1979.321393,0.9999984585011881
1979.803566,0.9999984659011767
1980.28574,0.9999984659011767
1980.767913,0.9999984610011843
1981.250086,0.9999984610011843
1981.732259,0.9999984659011767
1982.214433,0.999998468301173
1982.696606,0.9999984708011692
1983.178779,0.999998478101158
1983.660953,0.9999984904011394
1984.143126,0.9999984977011285
1984.625299,0.9999984977011285
1985.107473,0.9999985001011249
1985.589646,0.9999985075011137
1986.071819,0.9999985148011029
1986.553993,0.9999985197010957
1987.036166,0.9999985320010775
1987.518339,0.9999985442010597
1988.000512,0.9999985540010454
1988.482686,0.999998556401042
1988.964859,0.9999985540010454
1989.447032,0.999998556401042
1989.929206,0.9999985589010384
1990.411379,0.9999985589010384
1990.893552,0.9999985613010349
1991.375726,0.9999985638010314
1991.857899,0.9999985662010279
1992.340072,0.9999985613010349
1992.822245,0.9999985540010454
1993.304419,0.9999985540010454
1993.786592,0.999998556401042
1994.268765,0.9999985589010384
1994.750939,0.9999985589010384
1995.233112,0.9999985589010384
1995.715285,0.9999985589010384
1996.197459,0.9999985515010491
1996.679632,0.9999985417010633
1997.161805,0.9999985417010633
1997.643978,0.9999985417010633
1998.126152,0.9999985368010704
1998.608325,0.9999985320010775
1999.090498,0.9999985271010847
1999.572672,0.9999985173010992
2000.054845,0.9999985050011175
2000.537018,0.9999984952011323
2001.019192,0.9999984977011285
2001.501365,0.9999985050011175
2001.983538,0.9999985075011137
2002.465711,0.9999985148011029
2002.947885,0.9999985271010847
2003.430058,0.9999985442010597
2003.912231,0.999998556401042
2004.394405,0.9999985687010243
2004.876578,0.999998585801
2005.358751,0.9999985980009828
2005.840925,0.9999985980009828
2006.323098,0.9999985931009897
2006.805271,0.9999985907009931
2007.287444,0.9999985907009931
2007.769618,0.9999985882009966
2008.251791,0.999998585801
2008.733964,0.9999985980009828
2009.216138,0.9999986127009624
2009.698311,0.9999986225009487
2010.180484,0.999998634700932
2010.662658,0.9999986494009121
2011.144831,0.9999986665008891
2011.627004,0.9999986788008728
2012.109178,0.99999868850086
2012.591351,0.9999987032008408
2013.073524,0.9999987204008187
2013.555697,0.9999987301008063
2014.037871,0.9999987350008002
2014.520044,0.9999987424007908
2015.002217,0.9999987522007785
2015.484391,0.9999987546007755
2015.966564,0.9999987497007816
2016.448737,0.9999987522007785
2016.930911,0.9999987571007724
2017.413084,0.9999987571007724
2017.895257,0.9999987522007785
2018.37743,0.9999987473007846
2018.859604,0.9999987497007816
2019.341777,0.9999987473007846
2019.82395,0.9999987399007939
2020.306124,0.9999987424007908
2020.788297,0.9999987522007785
2021.27047,0.9999987595007694
2021.752644,0.9999987571007724
2022.234817,0.9999987571007724
2022.71699,0.9999987619007664
2023.199163,0.9999987619007664
2023.681337,0.9999987546007755
2024.16351,0.9999987473007846
2024.645683,0.9999987473007846
2025.127857,0.9999987424007908
2025.61003,0.9999987277008093
2026.092203,0.999998715500825
2026.574377,0.999998715500825
2027.05655,0.999998715500825
2027.538723,0.9999987081008345
2028.020896,0.9999987057008376
2028.50307,0.9999987130008282
2028.985243,0.9999987179008218
2029.467416,0.9999987106008312
2029.94959,0.999998700800844
2030.431763,0.9999987032008408
2030.913936,0.9999987032008408
2031.39611,0.9999986959008503
2031.878283,0.9999986836008664
2032.360456,0.9999986763008761
2032.84263,0.9999986665008891
2033.324803,0.9999986494009121
2033.806976,0.9999986298009387
2034.289149,0.999998627400942
2034.771323,0.9999986372009286
2035.253496,0.9999986445009187
2035.735669,0.9999986494009121
2036.217843,0.9999986616008957
2036.700016,0.9999986763008761
2037.182189,0.9999986836008664
2037.664363,0.9999986836008664
2038.146536,0.9999986934008536
2038.628709,0.999998715500825
2039.110882,0.9999987277008093
2039.593056,0.9999987277008093
2040.075229,0.9999987252008126
2040.557402,0.9999987301008063
2041.039576,0.9999987326008032
2041.521749,0.9999987301008063
2042.003922,0.9999987375007969
2042.486096,0.9999987595007694
2042.968269,0.9999987742007513
2043.450442,0.9999987766007483
2043.932615,0.9999987815007424
2044.414789,0.9999987938007274
2044.896962,0.9999988011007187
2045.379135,0.9999987962007245
2045.861309,0.9999987913007304
2046.343482,0.9999987962007245
2046.825655,0.9999987962007245
2047.307829,0.9999987864007364
2047.790002,0.9999987791007453
2048.272175,0.9999987840007394
2048.754348,0.9999987889007333
2049.236522,0.9999987840007394
2049.718695,0.9999987766007483
2050.200868,0.9999987815007424
2050.683042,0.9999987889007333
2051.165215,0.9999987913007304
2051.647388,0.9999987938007274
2052.129562,0.9999988060007128
2052.611735,0.9999988207006953
2053.093908,0.9999988182006984
2053.576081,0.99999880840071
2054.058255,0.9999988060007128
2054.540428,0.9999988133007042
2055.022601,0.999998810900707
2055.504775,0.9999988011007187
2055.986948,0.9999987938007274
2056.469121,0.9999987864007364
2056.951295,0.9999987693007573
2057.433468,0.9999987473007846
2057.915641,0.9999987350008002
2058.397815,0.9999987326008032
2058.879988,0.9999987252008126
2059.362161,0.9999987081008345
2059.844334,0.999998700800844
2060.326508,0.9999986983008472
2060.808681,0.9999986934008536
2061.290854,0.9999986836008664
2061.773028,0.9999986788008728
2062.255201,0.9999986812008697
2062.737374,0.9999986812008697
2063.219548,0.9999986690008857
2063.701721,0.9999986641008923
2064.183894,0.9999986665008891
2064.666067,0.9999986665008891
2065.148241,0.9999986592008989
2065.630414,0.9999986494009121
2066.112587,0.9999986445009187
2066.594761,0.999998634700932
2067.076934,0.999998615100959
2067.559107,0.9999986005009793
2068.041281,0.9999985956009861
2068.523454,0.9999985907009931
2069.005627,0.9999985784010105
2069.4878,0.9999985638010314
2069.969974,0.9999985540010454
2070.452147,0.9999985466010561
2070.93432,0.9999985368010704
2071.416494,0.9999985271010847
2071.898667,0.9999985246010884
2072.38084,0.9999985271010847
2072.863014,0.9999985246010884
2073.345187,0.9999985173010992
2073.82736,0.9999985173010992
2074.309533,0.9999985271010847
2074.791707,0.999998534401074
2075.27388,0.9999985368010704
2075.756053,0.9999985466010561
2076.238227,0.9999985589010384
2076.7204,0.9999985662010279
2077.202573,0.9999985638010314
2077.684747,0.9999985638010314
2078.16692,0.9999985711010209
2078.649093,0.9999985784010105
2079.131266,0.9999985760010139
2079.61344,0.9999985784010105
2080.095613,0.9999985882009966
2080.577786,0.9999985956009861
2081.05996,0.9999985980009828
2081.542133,0.999998602900976
2082.024306,0.9999986200009522
2082.50648,0.999998634700932
2082.988653,0.9999986372009286
2083.470826,0.9999986372009286
2083.953,0.9999986445009187
2084.435173,0.9999986494009121
2084.917346,0.9999986396009254
2085.399519,0.9999986323009353
2085.881693,0.9999986298009387
2086.363866,0.9999986225009487
2086.846039,0.999998602900976
2087.328213,0.999998585801
2087.810386,0.9999985735010174
2088.292559,0.9999985662010279
2088.774733,0.9999985589010384
2089.256906,0.9999985540010454
2089.739079,0.9999985589010384
2090.221252,0.9999985638010314
2090.703426,0.9999985638010314
2091.185599,0.9999985613010349
2091.667772,0.9999985638010314
2092.149946,0.9999985662010279
2092.632119,0.9999985662010279
2093.114292,0.9999985613010349
2093.596466,0.9999985589010384
2094.078639,0.9999985589010384
2094.560812,0.9999985540010454
2095.042985,0.9999985491010526
2095.525159,0.9999985466010561
2096.007332,0.9999985515010491
2096.489505,0.999998556401042
2096.971679,0.999998556401042
2097.453852,0.9999985540010454
2097.936025,0.9999985613010349
2098.418199,0.9999985662010279
2098.900372,0.9999985687010243
2099.382545,0.9999985711010209
2099.864718,0.999998585801
2100.346892,0.9999986005009793
2100.829065,0.9999986054009724
2101.311238,0.999998615100959
2101.793412,0.9999986323009353
2102.275585,0.9999986494009121
2102.757758,0.9999986690008857
2103.239932,0.9999986861008632
2103.722105,0.9999987081008345
2104.204278,0.9999987301008063
2104.686451,0.9999987399007939
2105.168625,0.9999987522007785
2105.650798,0.9999987668007604
2106.132971,0.9999987815007424
2106.615145,0.9999987938007274
2107.097318,0.9999988011007187
2107.579491,0.9999988133007042
2108.061665,0.9999988256006896
2108.543838,0.9999988353006782
2109.026011,0.9999988427006696
2109.508185,0.9999988549006557
2109.990358,0.9999988720006362
2110.472531,0.999998889200617
2110.954704,0.9999988990006061
2111.436878,0.9999989088005954
2111.919051,0.9999989210005821
2112.401224,0.9999989283005742
2112.883398,0.9999989234005795
2113.365571,0.9999989210005821
2113.847744,0.9999989210005821
2114.329918,0.9999989185005849
2114.812091,0.9999989112005927
2115.294264,0.9999989088005954
2115.776437,0.9999989088005954
2116.258611,0.9999989063005981
2116.740784,0.9999988965006088
2117.222957,0.9999988818006252
2117.705131,0.9999988720006362
2118.187304,0.9999988598006501
2118.669477,0.9999988451006669
2119.151651,0.9999988353006782
2119.633824,0.9999988280006868
2120.115997,0.9999988231006925
2120.59817,0.9999988158007012
2121.080344,0.99999880840071
2121.562517,0.9999988035007158
2122.04469,0.9999988035007158
2122.526864,0.9999988011007187
2123.009037,0.9999987962007245
2123.49121,0.9999987938007274
2123.973384,0.9999987913007304
2124.455557,0.9999987864007364
2124.93773,0.9999987742007513
2125.419903,0.9999987668007604
2125.902077,0.9999987668007604
2126.38425,0.9999987644007634
2126.866423,0.9999987619007664
2127.348597,0.9999987571007724
2127.83077,0.9999987546007755
2128.312943,0.9999987522007785
2128.795117,0.9999987448007878
2129.27729,0.9999987399007939
2129.759463,0.9999987424007908
2130.241637,0.9999987448007878
2130.72381,0.9999987399007939
2131.205983,0.9999987350008002
2131.688156,0.9999987350008002
2132.17033,0.9999987326008032
2132.652503,0.9999987277008093
2133.134676,0.9999987204008187
2133.61685,0.9999987130008282
2134.099023,0.9999987032008408
2134.581196,0.99999868850086
2135.06337,0.9999986690008857
2135.545543,0.9999986567009023
2136.027716,0.9999986445009187
2136.509889,0.9999986323009353
2136.992063,0.9999986200009522
2137.474236,0.9999986054009724
2137.956409,0.9999985931009897
2138.438583,0.9999985760010139
2138.920756,0.9999985589010384
2139.402929,0.9999985393010669
2139.885103,0.9999985197010957
2140.367276,0.9999984977011285
2140.849449,0.9999984708011692
2141.331622,0.9999984414012146
2141.813796,0.9999984145012569
2142.295969,0.9999983876012999
2142.778142,0.9999983582013477
2143.260316,0.9999983313013923
2143.742489,0.9999983044014376
2144.224662,0.9999982799014794
2144.706836,0.999998253001526
2145.189009,0.999998228601569
2145.671182,0.9999982090016039
2146.153355,0.9999981894016391
2146.635529,0.9999981674016792
2147.117702,0.9999981429017244
2147.599875,0.9999981209017655
2148.082049,0.9999981013018026
2148.564222,0.9999980793018446
2149.046395,0.9999980597018824
2149.528569,0.9999980377019253
2150.010742,0.9999980157019687
2150.492915,0.9999979888020225
2150.975088,0.999997959402082
2151.457262,0.9999979301021422
2151.939435,0.9999979007022035
2152.421608,0.9999978713022657
2152.903782,0.9999978420023284
2153.385955,0.9999978102023976
2153.868128,0.9999977784024677
2154.350302,0.9999977465025391
2154.832475,0.9999977123026168
2155.314648,0.9999976780026958
2155.796822,0.9999976413027817
2156.278995,0.9999975997028807
2156.761168,0.9999975557029873
2157.243341,0.9999975043031143
2157.725515,0.9999974798031757
2158.207688,0.9999974309033002
2158.689861,0.9999974064033634
2159.172035,0.9999973575034914
2159.654208,0.9999973330035564
2160.136381,0.999997284103688
2160.618555,0.9999972596037549
2161.100728,0.9999972107038901
2161.582901,0.9999971618040276
2162.065074,0.9999971373040976
2162.547248,0.9999970639043103
2163.029421,0.9999970150044551
2163.511594,0.9999969416046769
2163.993768,0.9999968926048279
2164.475941,0.9999968192050588
2164.958114,0.9999967458052949
2165.440288,0.9999966724055365
2165.922461,0.9999965990057834
2166.404634,0.9999965256060357
2166.886807,0.9999964522062934
2167.368981,0.9999963788065566
2167.851154,0.999996305406825
2168.333327,0.9999962320070989
2168.815501,0.9999961586073781
2169.297674,0.999996060707759
2169.779847,0.9999959873080508
2170.262021,0.9999958895084481
2170.744194,0.9999957916088553
2171.226367,0.9999957182091669
2171.70854,0.9999956203095909
2172.190714,0.999995522510024
2172.672887,0.9999954246104671
2173.15506,0.9999953267109198
2173.637234,0.9999952533112656
2174.119407,0.999995155411735
2174.60158,0.9999950820120933
2175.083754,0.999995008612457
2175.565927,0.9999949352128261
2176.0481,0.9999948374133262
2176.530273,0.9999947640137078
2177.012447,0.9999946906140948
2177.49462,0.9999946416143562
2177.976793,0.9999945682147522
2178.458967,0.999994519315019
2178.94114,0.999994445915424
2179.423313,0.9999943969156974
2179.905487,0.9999943480159725
2180.38766,0.9999943235161113
2180.869833,0.9999942746163901
2181.352007,0.9999942501165306
2181.83418,0.999994201216813
2182.316353,0.9999941767169553
2182.798526,0.9999941767169553
2183.2807,0.9999941767169553
2183.762873,0.9999941767169553
2184.245046,0.999994201216813
2184.72722,0.999994201216813
2185.209393,0.9999942257166713
2185.691566,0.9999942257166713
2186.17374,0.9999942501165306
2186.655913,0.9999942501165306
2187.138086,0.9999942746163901
2187.620259,0.9999942991162502
2188.102433,0.9999943235161113
2188.584606,0.9999943480159725
2189.066779,0.9999943725158343
2189.548953,0.9999944214155604
2190.031126,0.999994445915424
2190.513299,0.9999944948151536
2190.995473,0.9999945438148851
2191.477646,0.9999945927146194
2191.959819,0.9999946172144872
2192.441992,0.9999946416143562
2192.924166,0.9999946661142253
2193.406339,0.9999947150139656
2193.888512,0.9999947395138364
2194.370686,0.9999947640137078
2194.852859,0.9999948129134529
2195.335032,0.9999948618132005
2195.817206,0.999994886313075
2196.299379,0.9999949352128261
2196.781552,0.9999949842125792
2197.263725,0.9999950331123351
2197.745899,0.9999950820120933
2198.228072,0.9999951065119731
2198.710245,0.999995155411735
2199.192419,0.9999951799116167
2199.674592,0.9999952288113821
2200.156765,0.9999952533112656
2200.638939,0.9999953022110346
2201.121112,0.9999953512108056
2201.603285,0.9999953756106925
2202.085459,0.9999954246104671
2202.567632,0.9999954490103558
2203.049805,0.999995498010134
2203.531978,0.999995546909915
2204.014152,0.999995595909698
2204.496325,0.9999956448094839
2204.978498,0.9999956937092721
2205.460672,0.9999957427090623
2205.942845,0.9999957671089587
2206.425018,0.9999958161087525
2206.907192,0.9999958650085491
2207.389365,0.9999958895084481
2207.871538,0.9999959139083481
2208.353711,0.9999959629081491
2208.835885,0.9999959873080508
2209.318058,0.9999960363078555
2209.800231,0.999996060707759
2210.282405,0.9999961097075672
2210.764578,0.9999961586073781
2211.246751,0.9999962075071915
2211.728925,0.9999962320070989
2212.211098,0.9999962809069158
2212.693271,0.999996305406825
2213.175444,0.9999963543066456
2213.657618,0.9999963788065566
2214.139791,0.9999964033064681
2214.621964,0.9999964277063806
2215.104138,0.9999964522062934
2215.586311,0.9999965011061211
2216.068484,0.9999965256060357
2216.550658,0.9999965501059509
2217.032831,0.9999965990057834
2217.515004,0.9999966235057004
2217.997177,0.9999966724055365
2218.479351,0.9999966969054552
2218.961524,0.9999967214053747
2219.443697,0.9999967458052949
2219.925871,0.9999967703052155
2220.408044,0.9999967703052155
2220.890217,0.9999967703052155
2221.372391,0.9999967703052155
2221.854564,0.9999967703052155
2222.336737,0.9999967703052155
2222.81891,0.9999967703052155
2223.301084,0.9999967703052155
2223.783257,0.9999967703052155
2224.26543,0.9999967458052949
2224.747604,0.9999967214053747
2225.229777,0.9999967214053747
2225.71195,0.9999966969054552
2226.194124,0.9999966724055365
2226.676297,0.9999966480056179
2227.15847,0.9999966235057004
2227.640644,0.9999965990057834
2228.122817,0.9999965746058667
2228.60499,0.9999965501059509
2229.087163,0.9999965011061211
2229.569337,0.9999964767062068
2230.05151,0.9999964277063806
2230.533683,0.9999964033064681
2231.015857,0.9999963543066456
2231.49803,0.9999963299067348
2231.980203,0.9999962809069158
2232.462377,0.9999962320070989
2232.94455,0.9999961831072843
2233.426723,0.9999961586073781
2233.908896,0.9999961097075672
2234.39107,0.9999960852076628
2234.873243,0.999996060707759
2235.355416,0.9999960363078555
2235.83759,0.9999960363078555
2236.319763,0.9999960118079528
2236.801936,0.9999959873080508
2237.28411,0.9999959873080508
2237.766283,0.9999959873080508
2238.248456,0.9999959629081491
2238.730629,0.9999959629081491
2239.212803,0.9999959629081491
2239.694976,0.9999959629081491
2240.177149,0.9999959384082483
2240.659323,0.9999959629081491
2241.141496,0.9999959629081491
2241.623669,0.9999959873080508
2242.105843,0.9999959873080508
2242.588016,0.9999960118079528
2243.070189,0.9999960363078555
2243.552362,0.9999960363078555
2244.034536,0.999996060707759
2244.516709,0.9999960852076628
2244.998882,0.9999960852076628
2245.481056,0.9999961097075672
2245.963229,0.9999961097075672
2246.445402,0.9999961341074726
2246.927576,0.9999961341074726
2247.409749,0.9999961341074726
2247.891922,0.9999961341074726
2248.374095,0.9999961586073781
2248.856269,0.9999961586073781
2249.338442,0.9999961586073781
2249.820615,0.9999961831072843
2250.302789,0.9999961831072843
2250.784962,0.9999961831072843
2251.267135,0.9999962075071915
2251.749309,0.9999962075071915
2252.231482,0.9999962075071915
2252.713655,0.9999962320070989
2253.195829,0.9999962320070989
2253.678002,0.9999962320070989
2254.160175,0.9999962320070989
2254.642348,0.9999962565070069
2255.124522,0.9999962565070069
2255.606695,0.9999962565070069
2256.088868,0.9999962809069158
2256.571042,0.9999962809069158
2257.053215,0.9999962809069158
2257.535388,0.999996305406825
2258.017562,0.999996305406825
2258.499735,0.999996305406825
2258.981908,0.9999963299067348
2259.464081,0.9999963299067348
2259.946255,0.9999963299067348
2260.428428,0.9999963543066456
2260.910601,0.9999963543066456
2261.392775,0.9999963543066456
2261.874948,0.9999963788065566
2262.357121,0.9999963788065566
2262.839295,0.9999963788065566
2263.321468,0.9999964033064681
2263.803641,0.9999964033064681
2264.285814,0.9999964033064681
2264.767988,0.9999964277063806
2265.250161,0.9999964277063806
2265.732334,0.9999964277063806
2266.214508,0.9999964277063806
2266.696681,0.9999964522062934
2267.178854,0.9999964522062934
2267.661028,0.9999964522062934
2268.143201,0.9999964767062068
2268.625374,0.9999964767062068
2269.107547,0.9999964767062068
2269.589721,0.9999965011061211
2270.071894,0.9999965011061211
2270.554067,0.9999965011061211
2271.036241,0.9999965256060357
2271.518414,0.9999965256060357
2272.000587,0.9999965256060357
2272.482761,0.9999965501059509
2272.964934,0.9999965501059509
2273.447107,0.9999965501059509
2273.92928,0.9999965746058667
2274.411454,0.9999965746058667
2274.893627,0.9999965746058667
2275.3758,0.9999965990057834
2275.857974,0.9999965990057834
2276.340147,0.9999965990057834
2276.82232,0.9999965990057834
2277.304494,0.9999966235057004
2277.786667,0.9999966235057004
2278.26884,0.9999966235057004
2278.751014,0.9999966480056179
2279.233187,0.9999966480056179
2279.71536,0.9999966724055365
2280.197533,0.9999966724055365
2280.679707,0.9999966969054552
2281.16188,0.9999966969054552
2281.644053,0.9999966969054552
2282.126227,0.9999966969054552
2282.6084,0.9999966969054552
2283.090573,0.9999966480056179
2283.572747,0.9999966235057004
2284.05492,0.9999965746058667
2284.537093,0.9999965256060357
2285.019266,0.9999964522062934
2285.50144,0.9999963788065566
2285.983613,0.9999962809069158
2286.465786,0.9999962075071915
2286.94796,0.9999961341074726
2287.430133,0.9999960363078555
2287.912306,0.9999959384082483
2288.39448,0.9999958405086508
2288.876653,0.9999957671089587
2289.358826,0.9999956693093774
2289.840999,0.9999955714098062
2290.323173,0.9999954490103558
2290.805346,0.9999953756106925
2291.287519,0.9999952778111496
2291.769693,0.9999951799116167
2292.251866,0.9999950820120933
2292.734039,0.9999949352128261
2293.216213,0.9999948374133262
2293.698386,0.9999947640137078
2294.180559,0.9999946416143562
2294.662732,0.9999945438148851
2295.144906,0.9999944214155604
2295.627079,0.9999943235161113
2296.109252,0.9999942501165306
2296.591426,0.9999941278172413
2297.073599,0.999994005517967
2297.555772,0.9999939321184097
2298.037946,0.9999938342190086
2298.520119,0.9999937853193112
2299.002292,0.9999936385202343
2299.484466,0.9999935651207039
2299.966639,0.9999935406208619
2300.448812,0.9999934672213386
2300.930985,0.9999933938218208
2301.413159,0.9999933204223085
2301.895332,0.9999932470228015
2302.377505,0.9999932470228015
2302.859679,0.9999931491234674
2303.341852,0.9999930512241428
2303.824025,0.9999930023244838
2304.306199,0.9999929534248272
2304.788372,0.9999929044251737
2305.270545,0.9999928066258724
2305.752718,0.9999927332264031
2306.234892,0.9999927332264031
2306.717065,0.9999926842267604
2307.199238,0.9999926108273001
2307.681412,0.9999925619276626
2308.163585,0.9999925374278451
2308.645758,0.9999925130280275
2309.127932,0.9999924395285805
2309.610105,0.9999923906289514
2310.092278,0.9999923661291381
2310.574451,0.9999923172295127
2311.056625,0.9999922438300792
2311.538798,0.9999921704306513
2312.020971,0.9999921215310353
2312.503145,0.9999921215310353
2312.985318,0.9999920236318114
2313.467491,0.9999919502323995
2313.949665,0.9999919257325971
2314.431838,0.9999919257325971
2314.914011,0.9999918279333915
2315.396184,0.9999917055343993
2315.878358,0.9999916811346019
2316.360531,0.9999916811346019
2316.842704,0.9999915587356277
2317.324878,0.9999913874370884
2317.807051,0.9999913140377232
2318.289224,0.9999913385375107
2318.771398,0.9999912162385775
2319.253571,0.9999909960405359
2319.735744,0.9999909715407568
2320.217917,0.9999910449400968
2320.700091,0.9999909470409782
2321.182264,0.999990726842996
2321.664437,0.9999906779434506
2322.146611,0.9999907758425428
2322.628784,0.9999906779434506
2323.110957,0.9999904577455276
2323.593131,0.9999904821452951
2324.075304,0.9999906290439077
2324.557477,0.9999905556445982
2325.039651,0.9999903598464666
2325.521824,0.9999904332457616
2326.003997,0.9999906290439077
2326.48617,0.9999905311448299
2326.968344,0.9999903598464666
2327.450517,0.9999905066450622
2327.93269,0.9999907024432225
2328.414864,0.9999905556445982
2328.897037,0.9999904087459963
2329.37921,0.9999906045441376
2329.861384,0.9999907758425428
2330.343557,0.9999906534436793
2330.82573,0.9999906045441376
2331.307903,0.9999908981414222
2331.790077,0.9999911183394422
2332.27225,0.9999910694398777
2332.754423,0.9999912162385775
2333.236597,0.9999915587356277
2333.71877,0.9999916811346019
2334.200943,0.9999916321350107
2334.683117,0.9999918034335921
2335.16529,0.9999920970312286
2335.647463,0.9999921459308434
2336.129636,0.9999921704306513
2336.61181,0.9999923661291381
2337.093983,0.9999924640283956
2337.576156,0.9999923172295127
2338.05833,0.9999922193302696
2338.540503,0.9999922193302696
2339.022676,0.9999920970312286
2339.50485,0.9999918768329931
2339.987023,0.9999917300341964
2340.469196,0.9999915832354211
2340.951369,0.9999913630372987
2341.433543,0.9999911183394422
2341.915716,0.9999909470409782
2342.397889,0.9999908736416455
2342.880063,0.999990751342769
2343.362236,0.9999907024432225
2343.844409,0.9999906779434506
2344.326583,0.9999905311448299
2344.808756,0.9999904087459963
2345.290929,0.9999904821452951
2345.773102,0.9999905556445982
2346.255276,0.9999906534436793
2346.737449,0.9999908736416455
2347.219622,0.9999911183394422
2347.701796,0.9999912896379354
2348.183969,0.9999913385375107
2348.666142,0.9999914119368776
2349.148316,0.9999914853362499
2349.630489,0.9999914119368776
2350.112662,0.9999912406383634
2350.594836,0.9999911428392249
2351.077009,0.9999909470409782
2351.559182,0.9999905556445982
2352.041355,0.9999902619474151
2352.523529,0.9999901151488555
2353.005702,0.9999898950510553
2353.487875,0.9999897480525516
2353.970049,0.9999897970520504
2354.452222,0.9999897730522956
2354.934395,0.999989724052798
2355.416569,0.9999896990530551
2355.898742,0.9999896260538097
2356.380915,0.9999896990530551
2356.863088,0.9999896750533026
2357.345262,0.9999896500535611
2357.827435,0.9999897970520504
2358.309608,0.9999897970520504
2358.791782,0.9999898460515517
2359.273955,0.9999899930500699
2359.756128,0.999990017349827
2360.238302,0.9999901641483723
2360.720475,0.9999902864471769
2361.202648,0.9999903843462307
2361.684821,0.999990580044368
2362.166995,0.9999906290439077
2362.649168,0.9999908492418684
2363.131341,0.9999910204403165
2363.613515,0.9999910694398777
2364.095688,0.9999914119368776
2364.577861,0.9999914853362499
2365.060035,0.9999916321350107
2365.542208,0.9999919502323995
2366.024381,0.9999919747322026
2366.506554,0.9999922193302696
2366.988728,0.9999924151287652
2367.470901,0.9999924395285805
2367.953074,0.9999927332264031
2368.435248,0.999992782126049
2368.917421,0.9999928800253471
2369.399594,0.9999931002238036
2369.881768,0.9999931002238036
2370.363941,0.9999932714226369
2370.846114,0.999993369321983
2371.328288,0.9999933938218208
2371.810461,0.9999935406208619
2372.292634,0.9999935651207039
2372.774807,0.9999936385202343
2373.256981,0.999993736319617
2373.739154,0.999993736319617
2374.221327,0.9999938342190086
2374.703501,0.9999938587188577
2375.185674,0.9999938831187082
2375.667847,0.999993956518262
2376.150021,0.999993956518262
2376.632194,0.999994029917821
2377.114367,0.9999940789175297
2377.59654,0.9999941278172413
2378.078714,0.999994201216813
2378.560887,0.9999942746163901
2379.04306,0.9999943725158343
2379.525234,0.9999944948151536
2380.007407,0.9999946416143562
2380.48958,0.9999948129134529
2380.971754,0.9999949842125792
2381.453927,0.9999952044114989
2381.9361,0.9999954246104671
2382.418273,0.9999956693093774
2382.900447,0.9999959384082483
2383.38262,0.9999961831072843
2383.864793,0.9999964277063806
2384.346967,0.9999966480056179
2384.82914,0.9999968682049041
2385.311313,0.9999970639043103
2385.793487,0.9999972107038901
2386.27566,0.9999973575034914
2386.757833,0.9999974798031757
2387.240006,0.9999975753029395
2387.72218,0.9999976487027643
2388.204353,0.9999977025026392
2388.686526,0.99999774170255
2389.1687,0.9999977637025005
2389.650873,0.9999977735024786
2390.133046,0.9999977832024571
2390.61522,0.9999977930024354
2391.097393,0.9999978028024138
2391.579566,0.9999978102023976
2392.061739,0.9999978199023765
2392.543913,0.9999978273023603
2393.026086,0.999997822402371
2393.508259,0.9999978151023869
2393.990433,0.9999978077024031
2394.472606,0.9999977930024354
2394.954779,0.9999977784024677
2395.436953,0.9999977612025062
2395.919126,0.9999977441025445
2396.401299,0.9999977270025833
2396.883473,0.9999977098026225
2397.365646,0.9999977001026448
2397.847819,0.9999976976026506
2398.329992,0.9999976976026506
2398.812166,0.9999976976026506
2399.294339,0.999997695202656
2399.776512,0.9999976903026674
2400.258686,0.9999976780026958
2400.740859,0.9999976634027299
2401.223032,0.9999976511027586
2401.705206,0.9999976413027817
2402.187379,0.9999976291028105
2402.669552,0.9999976218028279
2403.151725,0.9999976144028455
2403.633899,0.9999976095028572
2404.116072,0.9999976120028513
2404.598245,0.9999976193028338
2405.080419,0.999997634002799
2405.562592,0.9999976487027643
2406.044765,0.9999976634027299
2406.526939,0.9999976756027014
2407.009112,0.99999768050269
2407.491285,0.9999976829026844
2407.973458,0.9999976878026732
2408.455632,0.999997695202656
2408.937805,0.9999977025026392
2409.419978,0.9999977098026225
2409.902152,0.9999977172026056
2410.384325,0.9999977221025944
2410.866498,0.999997724502589
2411.348672,0.9999977270025833
2411.830845,0.9999977319025721
2412.313018,0.999997736802561
2412.795191,0.999997736802561
2413.277365,0.9999977343025667
2413.759538,0.999997736802561
2414.241711,0.999997736802561
2414.723885,0.99999774170255
2415.206058,0.9999977539025224
2415.688231,0.9999977710024842
2416.170405,0.9999977906024408
2416.652578,0.9999978077024031
2417.134751,0.999997822402371
2417.616924,0.999997837102339
2418.099098,0.9999978542023022
2418.581271,0.9999978664022762
2419.063444,0.99999787870225
2419.545618,0.9999978909022241
2420.027791,0.9999979031021985
2420.509964,0.999997912902178
2420.992138,0.9999979276021475
2421.474311,0.9999979447021121
2421.956484,0.9999979692020621
2422.438658,0.9999979912020176
2422.920831,0.9999980108019785
2423.403004,0.9999980304019397
2423.885177,0.9999980475019061
2424.367351,0.9999980622018775
2424.849524,0.999998074401854
2425.331697,0.9999980891018257
2425.813871,0.9999981038017978
2426.296044,0.9999981111017839
2426.778217,0.99999811850177
2427.260391,0.9999981258017563
2427.742564,0.9999981307017471
2428.224737,0.9999981307017471
2428.70691,0.9999981307017471
2429.189084,0.9999981307017471
2429.671257,0.9999981282017518
2430.15343,0.9999981209017655
2430.635604,0.9999981160017747
2431.117777,0.9999981136017793
2431.59995,0.9999981136017793
2432.082124,0.9999981160017747
2432.564297,0.9999981160017747
2433.04647,0.99999811850177
2433.528643,0.99999811850177
2434.010817,0.9999981160017747
2434.49299,0.9999981136017793
2434.975163,0.9999981087017885
2435.457337,0.9999981038017978
2435.93951,0.9999980964018118
2436.421683,0.9999980866018305
2436.903857,0.9999980817018399
2437.38603,0.9999980769018492
2437.868203,0.999998074401854
2438.350376,0.9999980720018586
2438.83255,0.9999980695018634
2439.314723,0.999998067101868
2439.796896,0.9999980573018871
2440.27907,0.9999980475019061
2440.761243,0.9999980426019157
2441.243416,0.9999980402019204
2441.72559,0.9999980377019253
2442.207763,0.99999803530193
2442.689936,0.9999980328019349
2443.172109,0.9999980377019253
2443.654283,0.9999980402019204
2444.136456,0.9999980475019061
2444.618629,0.999998067101868
2445.100803,0.9999980891018257
2445.582976,0.9999981111017839
2446.065149,0.9999981258017563
2446.547323,0.9999981331017427
2447.029496,0.9999981405017289
2447.511669,0.9999981405017289
2447.993843,0.9999981454017197
2448.476016,0.9999981576016972
2448.958189,0.9999981698016748
2449.440362,0.9999981821016524
2449.922536,0.9999981919016346
2450.404709,0.9999982016016171
2450.886882,0.9999982163015908
2451.369056,0.9999982310015647
2451.851229,0.9999982457015388
2452.333402,0.9999982604015131
2452.815576,0.9999982701014962
2453.297749,0.9999982750014879
2453.779922,0.999998272601492
2454.262095,0.9999982677015005
2454.744269,0.9999982701014962
2455.226442,0.999998272601492
2455.708615,0.9999982775014835
2456.190789,0.999998282401475
2456.672962,0.9999982897014625
2457.155135,0.9999982971014499
2457.637309,0.9999982995014458
2458.119482,0.9999983044014376
2458.601655,0.9999983191014127
2459.083828,0.9999983338013881
2459.566002,0.9999983460013678
2460.048175,0.9999983582013477
2460.530348,0.9999983729013238
2461.012522,0.9999983900012961
2461.494695,0.9999984047012724
2461.976868,0.9999984170012529
2462.459042,0.999998434101226
2462.941215,0.9999984512011993
2463.423388,0.9999984634011806
2463.905561,0.9999984757011617
2464.387735,0.9999984928011358
2464.869908,0.9999985124011065
2465.352081,0.9999985320010775
2465.834255,0.9999985515010491
2466.316428,0.9999985784010105
2466.798601,0.9999986054009724
2467.280775,0.9999986249009455
2467.762948,0.9999986396009254
2468.245121,0.9999986518009089
2468.727295,0.9999986665008891
2469.209468,0.9999986788008728
2469.691641,0.9999986910008567
2470.173814,0.9999987057008376
2470.655988,0.9999987277008093
2471.138161,0.9999987497007816
2471.620334,0.9999987766007483
2472.102508,0.999998810900707
2472.584681,0.9999988451006669
2473.066854,0.9999988794006279
2473.549028,0.9999989039006008
2474.031201,0.9999989234005795
2474.513374,0.9999989381005638
2474.995547,0.9999989479005534
2475.477721,0.999998950300551
2475.959894,0.9999989552005458
2476.442067,0.9999989650005356
2476.924241,0.999998977300523
2477.406414,0.999998982200518
2477.888587,0.9999989846005155
2478.370761,0.9999989944005057
2478.852934,0.9999990017304983
2479.335107,0.9999990066204933
2479.81728,0.9999990115104885
2480.299454,0.9999990139604862
2480.781627,0.9999990115104885
2481.2638,0.9999989968005032
2481.745974,0.999998982200518
2482.228147,0.9999989675005331
2482.71032,0.9999989577005431
2483.192494,0.9999989479005534
2483.674667,0.999998933200569
2484.15684,0.9999989185005849
2484.639013,0.9999989014006034
2485.121187,0.9999988769006307
2485.60336,0.999998847600664
2486.085533,0.9999988182006984
2486.567707,0.9999987938007274
2487.04988,0.9999987644007634
2487.532053,0.9999987301008063
2488.014227,0.9999986959008503
2488.4964,0.9999986665008891
2488.978573,0.9999986372009286
2489.460746,0.9999986054009724
2489.94292,0.9999985833010036
2490.425093,0.9999985711010209
2490.907266,0.9999985540010454
2491.38944,0.9999985320010775
2491.871613,0.9999985124011065
2492.353786,0.9999984952011323
2492.83596,0.999998478101158
2493.318133,0.9999984610011843
2493.800306,0.9999984488012031
2494.28248,0.999998446301207
2494.764653,0.9999984439012107
2495.246826,0.9999984414012146
2495.728999,0.9999984439012107
2496.211173,0.9999984537011956
2496.693346,0.9999984610011843
2497.175519,0.9999984634011806
2497.657693,0.9999984708011692
2498.139866,0.999998478101158
2498.622039,0.9999984806011543
2499.104213,0.999998478101158
2499.586386,0.9999984757011617
2500.068559,0.9999984757011617
2500.550732,0.999998478101158
2501.032906,0.9999984757011617
2501.515079,0.9999984806011543
2501.997252,0.9999984904011394
2502.479426,0.9999985026011211
2502.961599,0.9999985124011065
2503.443772,0.999998522201092
2503.925946,0.9999985393010669
2504.408119,0.9999985515010491
2504.890292,0.9999985613010349
2505.372465,0.9999985662010279
2505.854639,0.9999985711010209
2506.336812,0.9999985735010174
2506.818985,0.9999985662010279
2507.301159,0.9999985540010454
2507.783332,0.9999985466010561
2508.265505,0.9999985393010669
2508.747679,0.9999985246010884
2509.229852,0.9999985124011065
2509.712025,0.9999985026011211
2510.194198,0.9999984952011323
2510.676372,0.9999984855011469
2511.158545,0.999998478101158
2511.640718,0.9999984757011617
2512.122892,0.9999984806011543
2512.605065,0.999998478101158
2513.087238,0.9999984757011617
2513.569412,0.9999984732011655
2514.051585,0.999998468301173
2514.533758,0.9999984537011956
2515.015931,0.9999984316012299
2515.498105,0.9999984121012607
2515.980278,0.9999983974012842
2516.462451,0.9999983778013157
2516.944625,0.9999983582013477
2517.426798,0.9999983338013881
2517.908971,0.9999983166014169
2518.391145,0.9999982922014583
2518.873318,0.9999982604015131
2519.355491,0.9999982334015605
2519.837665,0.9999982090016039
2520.319838,0.9999981821016524
2520.802011,0.9999981478017154
2521.284184,0.9999981136017793
2521.766358,0.9999980842018351
2522.248531,0.9999980548018919
2522.730704,0.9999980230019543
2523.212878,0.9999979961020078
2523.695051,0.9999979790020422
2524.177224,0.999997964302072
2524.659398,0.9999979447021121
2525.141571,0.9999979227021576
2525.623744,0.9999979031021985
2526.105917,0.9999978885022293
2526.588091,0.9999978664022762
2527.070264,0.9999978493023127
2527.552437,0.9999978395023339
2528.034611,0.9999978322023497
2528.516784,0.9999978199023765
2528.998957,0.9999978053024083
2529.481131,0.99999779550243
2529.963304,0.9999977857024516
2530.445477,0.9999977735024786
2530.92765,0.9999977563025171
2531.409824,0.99999774170255
2531.891997,0.9999977294025778
2532.37417,0.9999977123026168
2532.856344,0.9999976927026618
2533.338517,0.99999768050269
2533.82069,0.99999768050269
2534.302864,0.99999768050269
2534.785037,0.9999976780026958
2535.26721,0.9999976829026844
2535.749383,0.999997695202656
2536.231557,0.9999977050026335
2536.71373,0.9999977098026225
2537.195903,0.9999977172026056
2537.678077,0.9999977319025721
2538.16025,0.9999977465025391
2538.642423,0.9999977539025224
2539.124597,0.9999977710024842
2539.60677,0.9999978028024138
2540.088943,0.9999978346023445
2540.571117,0.9999978615022866
2541.05329,0.9999978909022241
2541.535463,0.9999979276021475
2542.017636,0.999997964302072
2542.49981,0.9999979986020028
2542.981983,0.99999803530193
2543.464156,0.9999980793018446
2543.94633,0.999998123301761
2544.428503,0.9999981552017017
2544.910676,0.9999981870016434
2545.39285,0.999998228601569
2545.875023,0.9999982750014879
2546.357196,0.9999983215014087
2546.839369,0.9999983729013238
2547.321543,0.9999984292012337
2547.803716,0.9999984855011469
2548.285889,0.9999985368010704
2548.768063,0.999998585801
2549.250236,0.9999986372009286
2549.732409,0.9999986910008567
2550.214583,0.9999987350008002
2550.696756,0.9999987668007604
2551.178929,0.9999987938007274
2551.661102,0.9999988182006984
2552.143276,0.9999988353006782
2552.625449,0.9999988525006583
2553.107622,0.9999988745006334
2553.589796,0.9999989039006008
2554.071969,0.999998933200569
2554.554142,0.9999989552005458
2555.036316,0.999998977300523
2555.518489,0.9999990041704958
2556.000662,0.9999990286404717
2556.482835,0.999999055560446
2556.965009,0.9999990824704209
2557.447182,0.9999991118303945
2557.929355,0.999999136300373
2558.411529,0.9999991485303625
2558.893702,0.9999991558703563
2559.375875,0.9999991656603481
2559.858049,0.9999991754503399
2560.340222,0.9999991876803299
2560.822395,0.9999991974703221
2561.304568,0.9999992097003123
2561.786742,0.9999992170403065
2562.268915,0.9999992097003123
2562.751088,0.99999919991032
2563.233262,0.9999991901303279
2563.715435,0.9999991876803299
2564.197608,0.9999991876803299
2564.679782,0.9999991876803299
2565.161955,0.9999991974703221
2565.644128,0.9999992097003123
2566.126302,0.9999992145903084
2566.608475,0.9999992194903046
2567.090648,0.999999229270297
2567.572821,0.9999992415102876
2568.054995,0.9999992513002802
2568.537168,0.9999992561902766
2569.019341,0.9999992659802694
2569.501515,0.9999992757602623
2569.983688,0.9999992757602623
2570.465861,0.9999992782102605
2570.948035,0.9999992806602587
2571.430208,0.9999992904402517
2571.912381,0.9999993002302449
2572.394554,0.999999310020238
2572.876728,0.9999993320402231
2573.358901,0.9999993589502054
2573.841074,0.9999993785301932
2574.323248,0.9999993981001811
2574.805421,0.999999415230171
2575.287594,0.9999994274601639
2575.769768,0.9999994348001597
2576.251941,0.9999994348001597
2576.734114,0.9999994372501584
2577.216287,0.9999994348001597
2577.698461,0.9999994250101653
2578.180634,0.9999994127801725
2578.662807,0.9999994005501797
2579.144981,0.9999993907601856
2579.627154,0.9999993858701886
2580.109327,0.9999993834201901
2580.591501,0.9999993883101871
2581.073674,0.9999993956501826
2581.555847,0.9999993981001811
2582.03802,0.999999393210184
2582.520194,0.9999993858701886
2583.002367,0.9999993760801946
2583.48454,0.999999361400204
2583.966714,0.9999993418202165
2584.448887,0.999999324700228
2584.93106,0.9999993124602363
2585.413234,0.9999992953402482
2585.895407,0.9999992733202641
2586.37758,0.9999992561902766
2586.859753,0.9999992513002802
2587.341927,0.9999992464002839
2587.8241,0.9999992439502858
2588.306273,0.9999992464002839
2588.788447,0.9999992586402748
2589.27062,0.9999992659802694
2589.752793,0.9999992684202677
2590.234967,0.9999992782102605
2590.71714,0.9999992953402482
2591.199313,0.9999993124602363
2591.681487,0.999999324700228
2592.16366,0.9999993369302198
2592.645833,0.9999993491602118
2593.128006,0.9999993516102103
2593.61018,0.9999993467202134
2594.092353,0.9999993467202134
2594.574526,0.999999356510207
2595.0567,0.9999993662902008
2595.538873,0.9999993760801946
2596.021046,0.9999993883101871
2596.50322,0.9999994127801725
2596.985393,0.9999994372501584
2597.467566,0.9999994641601435
2597.949739,0.9999994935201283
2598.431913,0.9999995253301126
2598.914086,0.9999995498001013
2599.396259,0.9999995620300959
2599.878433,0.9999995644800949
2600.360606,0.9999995693700927
2600.842779,0.9999995742700907
2601.324953,0.9999995767100895
2601.807126,0.9999995767100895
2602.289299,0.9999995791600885
2602.771472,0.9999995816100875
2603.253646,0.9999995742700907
2603.735819,0.9999995644800949
2604.217992,0.999999559590097
2604.700166,0.999999559590097
2605.182339,0.9999995546900992
2605.664512,0.9999995449001036
2606.146686,0.9999995326701092
2606.628859,0.999999520440115
2607.111032,0.9999995057601221
2607.593205,0.9999994886301308
2608.075379,0.9999994788401358
2608.557552,0.9999994690601409
2609.039725,0.9999994543801488
2609.521899,0.9999994323501611
2610.004072,0.9999994054401767
2610.486245,0.9999993785301932
2610.968419,0.9999993467202134
2611.450592,0.9999993124602363
2611.932765,0.999999283100257
2612.414938,0.9999992586402748
2612.897112,0.9999992415102876
2613.379285,0.9999992243803008
2613.861458,0.9999992145903084
2614.343632,0.9999992121503104
2614.825805,0.9999992097003123
2615.307978,0.9999992097003123
2615.790152,0.9999992072503142
2616.272325,0.9999992023603181
2616.754498,0.999999192570326
2617.236672,0.999999177890338
2617.718845,0.9999991681103461
2618.201018,0.9999991656603481
2618.683191,0.9999991632103501
2619.165365,0.9999991656603481
2619.647538,0.9999991681103461
2620.129711,0.9999991754503399
2620.611885,0.9999991852303319
2621.094058,0.999999195020324
2621.576231,0.9999992097003123
2622.058405,0.9999992268302988
2622.540578,0.9999992439502858
2623.022751,0.9999992586402748
2623.504924,0.9999992684202677
2623.987098,0.9999992782102605
2624.469271,0.99999929289025
2624.951444,0.9999993051202414
2625.433618,0.9999993149102346
2625.915791,0.999999324700228
2626.397964,0.9999993295902248
2626.880138,0.9999993222502297
2627.362311,0.9999993124602363
2627.844484,0.9999993002302449
2628.326657,0.99999929289025
2628.808831,0.999999283100257
2629.291004,0.9999992782102605
2629.773177,0.9999992733202641
2630.255351,0.9999992708702659
2630.737524,0.9999992708702659
2631.219697,0.9999992708702659
2631.701871,0.9999992733202641
2632.184044,0.9999992806602587
2632.666217,0.999999283100257
2633.14839,0.999999283100257
2633.630564,0.9999992855502552
2634.112737,0.9999992904402517
2634.59491,0.99999929289025
2635.077084,0.9999992977802465
2635.559257,0.9999993075702397
2636.04143,0.9999993149102346
2636.523604,0.9999993124602363
2637.005777,0.999999310020238
2637.48795,0.999999310020238
2637.970124,0.9999993124602363
2638.452297,0.999999310020238
2638.93447,0.9999993075702397
2639.416643,0.9999993051202414
2639.898817,0.9999993002302449
2640.38099,0.9999992904402517
2640.863163,0.9999992806602587
2641.345337,0.9999992733202641
2641.82751,0.9999992733202641
2642.309683,0.9999992708702659
2642.791857,0.9999992684202677
2643.27403,0.9999992684202677
2643.756203,0.9999992635302712
2644.238376,0.9999992513002802
2644.72055,0.9999992390602895
2645.202723,0.999999229270297
2645.684896,0.9999992243803008
2646.16707,0.9999992170403065
2646.649243,0.9999992072503142
2647.131416,0.9999991974703221
2647.61359,0.9999991876803299
2648.095763,0.999999177890338
2648.577936,0.999999170550344
2649.060109,0.999999170550344
2649.542283,0.999999180340336
2650.024456,0.9999991901303279
2650.506629,0.9999991974703221
2650.988803,0.9999992097003123
2651.470976,0.9999992170403065
2651.953149,0.9999992194903046
2652.435323,0.9999992194903046
2652.917496,0.9999992219303027
2653.399669,0.9999992194903046
2653.881842,0.9999992097003123
2654.364016,0.999999195020324
2654.846189,0.999999180340336
2655.328362,0.9999991656603481
2655.810536,0.9999991583203542
2656.292709,0.9999991509803604
2656.774882,0.9999991509803604
2657.257056,0.9999991534303584
2657.739229,0.9999991558703563
2658.221402,0.9999991534303584
2658.703575,0.9999991534303584
2659.185749,0.9999991558703563
2659.667922,0.9999991607703521
2660.150095,0.9999991632103501
2660.632269,0.9999991632103501
2661.114442,0.9999991632103501
2661.596615,0.9999991583203542
2662.078789,0.9999991485303625
2662.560962,0.999999136300373
2663.043135,0.9999991240603836
2663.525309,0.9999991167203901
2664.007482,0.9999991069403987
2664.489655,0.9999990996004053
2664.971828,0.9999990971504076
2665.454002,0.9999990971504076
2665.936175,0.9999990971504076
2666.418348,0.9999990996004053
2666.900522,0.9999991069403987
2667.382695,0.9999991118303945
2667.864868,0.9999991167203901
2668.347042,0.999999119170388
2668.829215,0.9999991240603836
2669.311388,0.9999991289603793
2669.793561,0.9999991289603793
2670.275735,0.9999991265103815
2670.757908,0.9999991240603836
2671.240081,0.999999119170388
2671.722255,0.9999991118303945
2672.204428,0.999999104490401
2672.686601,0.9999990971504076
2673.168775,0.9999990971504076
2673.650948,0.9999990873604164
2674.133121,0.99999907268043
2674.615294,0.9999990653404368
2675.097468,0.9999990604504414
2675.579641,0.9999990604504414
2676.061814,0.9999990604504414
2676.543988,0.9999990653404368
2677.026161,0.9999990800204231
2677.508334,0.9999990898104142
2677.990508,0.9999990996004053
2678.472681,0.9999991142803922
2678.954854,0.9999991289603793
2679.437027,0.9999991387403708
2679.919201,0.999999136300373
2680.401374,0.9999991338503751
2680.883547,0.9999991314003772
2681.365721,0.9999991265103815
2681.847894,0.9999991216203857
2682.330067,0.9999991265103815
2682.812241,0.9999991411903688
2683.294414,0.9999991509803604
2683.776587,0.9999991558703563
2684.25876,0.9999991583203542
2684.740934,0.9999991632103501
2685.223107,0.999999170550344
2685.70528,0.9999991730003419
2686.187454,0.999999180340336
2686.669627,0.999999195020324
2687.1518,0.9999992072503142
2687.633974,0.9999992072503142
2688.116147,0.9999992072503142
2688.59832,0.9999992145903084
2689.080494,0.9999992243803008
2689.562667,0.999999229270297
2690.04484,0.9999992366102913
2690.527013,0.9999992488502821
2691.009187,0.9999992561902766
2691.49136,0.9999992537402784
2691.973533,0.9999992439502858
2692.455707,0.9999992341702932
2692.93788,0.9999992268302988
2693.420053,0.9999992170403065
2693.902227,0.9999992048103161
2694.3844,0.9999991974703221
2694.866573,0.9999991901303279
2695.348746,0.9999991730003419
2695.83092,0.9999991558703563
2696.313093,0.9999991460803646
2696.795266,0.9999991460803646
2697.27744,0.9999991485303625
2697.759613,0.9999991509803604
2698.241786,0.9999991558703563
2698.72396,0.9999991607703521
2699.206133,0.9999991632103501
2699.688306,0.9999991583203542
2700.170479,0.9999991583203542
2700.652653,0.9999991607703521
2701.134826,0.9999991607703521
2701.616999,0.9999991534303584
2702.099173,0.9999991436403667
2702.581346,0.999999136300373
2703.063519,0.9999991240603836
2703.545693,0.9999991069403987
2704.027866,0.999999092260412
2704.510039,0.9999990800204231
2704.992212,0.9999990702404322
2705.474386,0.9999990531104483
2705.956559,0.9999990359804647
2706.438732,0.9999990286404717
2706.920906,0.9999990188504814
2707.403079,0.9999990066204933
2707.885252,0.9999989968005032
2708.367426,0.9999989919005081
2708.849599,0.9999989919005081
2709.331772,0.9999989895005106
2709.813946,0.9999989797005205
2710.296119,0.999998977300523
2710.778292,0.9999989724005279
2711.260465,0.9999989626005381
2711.742639,0.9999989479005534
2712.224812,0.9999989381005638
2712.706985,0.9999989308005716
2713.189159,0.9999989259005768
2713.671332,0.9999989185005849
2714.153505,0.9999989210005821
2714.635679,0.9999989283005742
2715.117852,0.9999989308005716
2715.600025,0.9999989308005716
2716.082198,0.9999989308005716
2716.564372,0.9999989259005768
2717.046545,0.9999989185005849
2717.528718,0.9999989039006008
2718.010892,0.9999988941006115
2718.493065,0.9999988867006198
2718.975238,0.9999988696006389
2719.457412,0.9999988500006612
2719.939585,0.9999988305006838
2720.421758,0.9999988182006984
2720.903931,0.9999988060007128
2721.386105,0.9999988011007187
2721.868278,0.99999880840071
2722.350451,0.9999988231006925
2722.832625,0.9999988378006753
2723.314798,0.999998847600664
2723.796971,0.9999988598006501
2724.279145,0.9999988769006307
2724.761318,0.9999988916006143
2725.243491,0.9999989039006008
2725.725664,0.9999989210005821
2726.207838,0.9999989406005612
2726.690011,0.9999989552005458
2727.172184,0.9999989675005331
2727.654358,0.999998987000513
2728.136531,0.9999990066204933
2728.618704,0.9999990213004789
2729.100878,0.9999990359804647
2729.583051,0.9999990531104483
2730.065224,0.9999990775804254
2730.547397,0.9999990971504076
2731.029571,0.9999991142803922
2731.511744,0.999999136300373
2731.993917,0.9999991632103501
2732.476091,0.9999991876803299
2732.958264,0.9999992121503104
2733.440437,0.9999992390602895
2733.922611,0.9999992684202677
2734.404784,0.99999929289025
2734.886957,0.999999310020238
2735.369131,0.9999993320402231
2735.851304,0.999999356510207
2736.333477,0.9999993785301932
2736.81565,0.9999993956501826
2737.297824,0.9999994103301738
2737.779997,0.9999994250101653
2738.26217,0.9999994372501584
2738.744344,0.9999994445901542
2739.226517,0.9999994617201449
2739.70869,0.9999994837401333
2740.190864,0.9999995106501197
2740.673037,0.9999995302201103
2741.15521,0.9999995424601047
2741.637383,0.9999995522501003
2742.119557,0.9999995546900992
2742.60173,0.9999995498001013
2743.083903,0.9999995449001036
2743.566077,0.9999995498001013
2744.04825,0.9999995522501003
2744.530423,0.9999995498001013
2745.012597,0.9999995400101058
2745.49477,0.9999995351201081
2745.976943,0.9999995326701092
2746.459116,0.9999995351201081
2746.94129,0.9999995449001036
2747.423463,0.9999995620300959
2747.905636,0.9999995840500865
2748.38781,0.9999995987300805
2748.869983,0.9999995987300805
2749.352156,0.9999995938400825
2749.83433,0.9999995889500845
2750.316503,0.9999995816100875
2750.798676,0.9999995693700927
2751.280849,0.999999559590097
2751.763023,0.9999995498001013
2752.245196,0.999999537560107
2752.727369,0.9999995179901162
2753.209543,0.9999994984201258
2753.691716,0.9999994910801295
2754.173889,0.9999994910801295
2754.656063,0.9999994886301308
2755.138236,0.999999486180132
2755.620409,0.999999486180132
2756.102582,0.999999486180132
2756.584756,0.9999994764001371
2757.066929,0.9999994641601435
2757.549102,0.9999994568201476
2758.031276,0.9999994543801488
2758.513449,0.9999994445901542
2758.995622,0.9999994299101626
2759.477796,0.999999415230171
2759.959969,0.9999994029901782
2760.442142,0.9999993883101871
2760.924316,0.9999993711901977
2761.406489,0.999999361400204
2761.888662,0.9999993589502054
2762.370835,0.999999344270215
2762.853009,0.9999993198002314
2763.335182,0.99999929289025
2763.817355,0.9999992684202677
2764.299529,0.9999992439502858
2764.781702,0.9999992121503104
2765.263875,0.9999991852303319
2765.746049,0.9999991656603481
2766.228222,0.9999991411903688
2766.710395,0.9999991142803922
2767.192568,0.9999990898104142
2767.674742,0.99999907268043
2768.156915,0.9999990604504414
2768.639088,0.99999904087046
2769.121262,0.9999990237504766
2769.603435,0.9999990066204933
2770.085608,0.9999989895005106
2770.567782,0.9999989650005356
2771.049955,0.999998945500556
2771.532128,0.9999989283005742
2772.014301,0.9999989112005927
2772.496475,0.9999988916006143
2772.978648,0.9999988672006416
2773.460821,0.9999988451006669
2773.942995,0.9999988280006868
2774.425168,0.99999880840071
2774.907341,0.9999987938007274
2775.389515,0.9999987766007483
2775.871688,0.9999987595007694
2776.353861,0.9999987424007908
2776.836034,0.9999987228008156
2777.318208,0.9999987057008376
2777.800381,0.999998700800844
2778.282554,0.9999986934008536
2778.764728,0.9999986910008567
2779.246901,0.99999868850086
2779.729074,0.9999986861008632
2780.211248,0.99999868850086
2780.693421,0.99999868850086
2781.175594,0.9999986934008536
2781.657767,0.9999987057008376
2782.139941,0.9999987179008218
2782.622114,0.9999987301008063
2783.104287,0.9999987375007969
2783.586461,0.9999987448007878
2784.068634,0.9999987473007846
2784.550807,0.9999987497007816
2785.032981,0.9999987497007816
2785.515154,0.9999987473007846
2785.997327,0.9999987424007908
2786.479501,0.9999987350008002
2786.961674,0.9999987277008093
2787.443847,0.9999987204008187
2787.92602,0.9999987130008282
2788.408194,0.9999987081008345
2788.890367,0.9999987057008376
2789.37254,0.9999987081008345
2789.854714,0.9999987106008312
2790.336887,0.9999987106008312
2790.81906,0.999998715500825
2791.301234,0.9999987204008187
2791.783407,0.9999987228008156
2792.26558,0.9999987301008063
2792.747753,0.9999987375007969
2793.229927,0.9999987448007878
2793.7121,0.9999987424007908
2794.194273,0.9999987350008002
2794.676447,0.9999987301008063
2795.15862,0.9999987204008187
2795.640793,0.9999987106008312
2796.122967,0.999998700800844
2796.60514,0.9999986934008536
2797.087313,0.9999986836008664
2797.569486,0.9999986690008857
2798.05166,0.9999986567009023
2798.533833,0.9999986543009054
2799.016006,0.9999986567009023
2799.49818,0.9999986592008989
2799.980353,0.9999986616008957
2800.462526,0.9999986592008989
2800.9447,0.9999986567009023
2801.426873,0.9999986494009121
2801.909046,0.9999986396009254
2802.391219,0.9999986298009387
2802.873393,0.9999986249009455
2803.355566,0.9999986176009555
2803.837739,0.9999986054009724
2804.319913,0.9999985907009931
2804.802086,0.9999985784010105
2805.284259,0.9999985662010279
2805.766433,0.9999985540010454
2806.248606,0.9999985442010597
2806.730779,0.9999985393010669
2807.212953,0.999998534401074
2807.695126,0.9999985320010775
2808.177299,0.999998534401074
2808.659472,0.9999985442010597
2809.141646,0.9999985638010314
2809.623819,0.9999985833010036
2810.105992,0.999998602900976
2810.588166,0.999998627400942
2811.070339,0.9999986518009089
2811.552512,0.9999986739008793
2812.034686,0.9999986934008536
2812.516859,0.9999987130008282
2812.999032,0.9999987375007969
2813.481205,0.9999987571007724
2813.963379,0.9999987742007513
2814.445552,0.9999987986007217
2814.927725,0.999998832900681
2815.409899,0.9999988672006416
2815.892072,0.9999988990006061
2816.374245,0.9999989357005664
2816.856419,0.9999989797005205
2817.338592,0.9999990237504766
2817.820765,0.9999990677904345
2818.302938,0.9999991118303945
2818.785112,0.9999991607703521
2819.267285,0.9999992097003123
2819.749458,0.9999992537402784
2820.231632,0.9999993026802432
2820.713805,0.9999993589502054
2821.195978,0.9999994127801725
2821.678152,0.9999994641601435
2822.160325,0.9999995106501197
2822.642498,0.999999557140098
2823.124671,0.9999995962900815
2823.606845,0.9999996329900673
2824.089018,0.9999996696900546
2824.571191,0.9999997015000446
2825.053365,0.9999997333000356
2825.535538,0.9999997577700294
2826.017711,0.9999997773500248
2826.499885,0.9999997969200206
2826.982058,0.999999821390016
2827.464231,0.9999998507500112
2827.946404,0.9999998825600069
2828.428578,0.9999999143640037
2828.910751,0.9999999437250016
2829.392924,0.9999999657460006
2829.875098,0.9999999779790002
2830.357271,0.99999998532
2830.839444,0.999999987766
2831.321618,0.999999990213
2831.803791,0.9999999828730002
2832.285964,0.9999999706390005
2832.768138,0.9999999559590009
2833.250311,0.9999999388310019
2833.732484,0.9999999192570033
2834.214657,0.999999899680005
2834.696831,0.9999998850000066
2835.179004,0.9999998703200084
2835.661177,0.9999998507500112
2836.143351,0.9999998336200139
2836.625524,0.9999998116000177
2837.107697,0.9999997846900232
2837.589871,0.9999997602200288
2838.072044,0.9999997382000343
2838.554217,0.9999997186200396
2839.03639,0.9999997015000446
2839.518564,0.999999686820049
2840.000737,0.9999996745800529
2840.48291,0.999999662350057
2840.965084,0.9999996501100612
2841.447257,0.9999996378800655
2841.92943,0.9999996280900691
2842.411604,0.9999996109700757
2842.893777,0.9999995913900834
2843.37595,0.9999995718200917
2843.858123,0.9999995473501024
2844.340297,0.9999995179901162
2844.82247,0.999999486180132
2845.304643,0.9999994568201476
2845.786817,0.9999994274601639
2846.26899,0.9999993956501826
2846.751163,0.9999993662902008
2847.233337,0.9999993393802182
2847.71551,0.9999993124602363
2848.197683,0.9999992904402517
2848.679856,0.9999992733202641
2849.16203,0.9999992635302712
2849.644203,0.9999992513002802
2850.126376,0.9999992390602895
2850.60855,0.9999992243803008
2851.090723,0.9999992048103161
2851.572896,0.999999180340336
2852.05507,0.9999991558703563
2852.537243,0.9999991289603793
2853.019416,0.9999991020404032
2853.501589,0.9999990751304277
2853.983763,0.9999990506604506
2854.465936,0.9999990310904694
2854.948109,0.9999990139604862
2855.430283,0.9999990017304983
2855.912456,0.9999989919005081
2856.394629,0.9999989797005205
2856.876803,0.9999989626005381
2857.358976,0.9999989430005586
2857.841149,0.9999989210005821
2858.323323,0.9999988990006061
2858.805496,0.9999988769006307
2859.287669,0.9999988623006472
2859.769842,0.9999988549006557
2860.252016,0.9999988500006612
2860.734189,0.9999988500006612
2861.216362,0.9999988574006528
2861.698536,0.9999988672006416
2862.180709,0.9999988843006224
2862.662882,0.9999989088005954
2863.145056,0.9999989308005716
2863.627229,0.999998950300551
2864.109402,0.9999989650005356
2864.591575,0.999998977300523
2865.073749,0.999998987000513
2865.555922,0.9999989968005032
2866.038095,0.999999009070491
2866.520269,0.9999990261904742
2867.002442,0.9999990384304623
2867.484615,0.9999990482104529
2867.966789,0.999999055560446
2868.448962,0.9999990604504414
2868.931135,0.9999990677904345
2869.413308,0.9999990775804254
2869.895482,0.999999092260412
2870.377655,0.9999991167203901
2870.859828,0.9999991387403708
2871.342002,0.9999991632103501
2871.824175,0.9999991852303319
2872.306348,0.9999992048103161
2872.788522,0.9999992243803008
2873.270695,0.9999992390602895
2873.752868,0.9999992537402784
2874.235041,0.9999992659802694
2874.717215,0.9999992733202641
2875.199388,0.9999992806602587
2875.681561,0.999999283100257
2876.163735,0.9999992855502552
2876.645908,0.9999992855502552
2877.128081,0.999999283100257
2877.610255,0.999999283100257
2878.092428,0.9999992782102605
2878.574601,0.9999992757602623
2879.056775,0.9999992757602623
2879.538948,0.9999992708702659
2880.021121,0.9999992733202641
2880.503294,0.9999992806602587
2880.985468,0.9999992880002535
2881.467641,0.9999992953402482
2881.949814,0.9999993002302449
2882.431988,0.9999993051202414
2882.914161,0.9999993075702397
2883.396334,0.9999993026802432
2883.878508,0.9999992977802465
2884.360681,0.9999992953402482
2884.842854,0.9999992880002535
2885.325027,0.9999992806602587
2885.807201,0.9999992757602623
2886.289374,0.9999992782102605
2886.771547,0.9999992904402517
2887.253721,0.9999993075702397
2887.735894,0.9999993295902248
2888.218067,0.9999993540602086
2888.700241,0.9999993736301962
2889.182414,0.9999993883101871
2889.664587,0.9999993981001811
2890.14676,0.9999994029901782
2890.628934,0.9999994078901753
2891.111107,0.9999994054401767
2891.59328,0.9999994005501797
2892.075454,0.9999993858701886
2892.557627,0.9999993760801946
2893.0398,0.9999993711901977
2893.521974,0.9999993638502024
2894.004147,0.9999993638502024
2894.48632,0.9999993736301962
2894.968493,0.9999993858701886
2895.450667,0.9999994005501797
2895.93284,0.9999994127801725
2896.415013,0.9999994299101626
2896.897187,0.9999994470301529
2897.37936,0.9999994592701462
2897.861533,0.9999994690601409
2898.343707,0.9999994739501383
2898.82588,0.9999994764001371
2899.308053,0.9999994837401333
2899.790226,0.9999994886301308
2900.2724,0.9999995033101233
2900.754573,0.9999995253301126
2901.236746,0.9999995424601047
2901.71892,0.9999995620300959
2902.201093,0.9999995791600885
2902.683266,0.9999996011800796
2903.16544,0.9999996280900691
2903.647613,0.9999996525600604
2904.129786,0.9999996770300521
2904.61196,0.9999996966000461
2905.094133,0.9999997088400424
2905.576306,0.9999997137300409
2906.058479,0.9999997063900431
2906.540653,0.9999997063900431
2907.022826,0.9999997088400424
2907.504999,0.9999997088400424
2907.987173,0.9999997088400424
2908.469346,0.9999997088400424
2908.951519,0.9999997063900431
2909.433693,0.9999997039400438
2909.915866,0.9999997015000446
2910.398039,0.9999997112800417
2910.880212,0.9999997308600362
2911.362386,0.9999997528800305
2911.844559,0.9999997724500259
2912.326732,0.9999997895800221
2912.808906,0.9999998091500182
2913.291079,0.9999998287300147
2913.773252,0.9999998409600126
2914.255426,0.9999998556400104
2914.737599,0.9999998678800087
2915.219772,0.9999998703200084
2915.701945,0.9999998629800094
2916.184119,0.9999998507500112
2916.666292,0.9999998409600126
2917.148465,0.9999998360700134
2917.630639,0.999999821390016
2918.112812,0.9999998042600191
2918.594985,0.9999997871300227
2919.077159,0.9999997651100276
2919.559332,0.9999997357500349
2920.041505,0.9999997063900431
2920.523678,0.9999996819200506
2921.005852,0.999999662350057
2921.488025,0.9999996354300664
2921.970198,0.9999996060700775
2922.452372,0.9999995816100875
2922.934545,0.999999557140098
2923.416718,0.9999995351201081
2923.898892,0.9999995179901162
2924.381065,0.999999508200121
2924.863238,0.9999995033101233
2925.345411,0.9999994886301308
2925.827585,0.9999994715001397
2926.309758,0.9999994543801488
2926.791931,0.9999994396901569
2927.274105,0.9999994201201682
2927.756278,0.9999993981001811
2928.238451,0.9999993809701916
2928.720625,0.9999993638502024
2929.202798,0.9999993418202165
2929.684971,0.999999317360233
2930.167145,0.9999992953402482
2930.649318,0.9999992782102605
2931.131491,0.999999261080273
2931.613664,0.9999992488502821
2932.095838,0.9999992415102876
2932.578011,0.9999992439502858
2933.060184,0.9999992415102876
2933.542358,0.9999992366102913
2934.024531,0.9999992341702932
2934.506704,0.999999229270297
2934.988878,0.9999992243803008
2935.471051,0.9999992145903084
2935.953224,0.9999992072503142
2936.435397,0.9999991974703221
2936.917571,0.9999991852303319
2937.399744,0.9999991681103461
2937.881917,0.9999991460803646
2938.364091,0.9999991240603836
2938.846264,0.9999990971504076
2939.328437,0.9999990751304277
2939.810611,0.999999055560446
2940.292784,0.9999990384304623
2940.774957,0.9999990237504766
2941.25713,0.9999990066204933
2941.739304,0.9999989919005081
2942.221477,0.9999989797005205
2942.70365,0.9999989699005305
2943.185824,0.9999989650005356
2943.667997,0.9999989577005431
2944.15017,0.9999989479005534
2944.632344,0.9999989357005664
2945.114517,0.9999989112005927
2945.59669,0.9999988867006198
2946.078863,0.9999988623006472
2946.561037,0.9999988378006753
2947.04321,0.9999988182006984
2947.525383,0.9999988011007187
2948.007557,0.9999987864007364
2948.48973,0.9999987840007394
2948.971903,0.9999987791007453
2949.454077,0.9999987791007453
2949.93625,0.9999987840007394
2950.418423,0.9999987913007304
2950.900596,0.9999987962007245
2951.38277,0.9999988011007187
2951.864943,0.999998810900707
2952.347116,0.9999988207006953
2952.82929,0.9999988256006896
2953.311463,0.9999988305006838
2953.793636,0.999998832900681
2954.27581,0.999998832900681
2954.757983,0.999998832900681
2955.240156,0.9999988305006838
2955.72233,0.999998832900681
2956.204503,0.9999988402006725
2956.686676,0.9999988451006669
2957.168849,0.999998847600664
2957.651023,0.9999988549006557
2958.133196,0.9999988623006472
2958.615369,0.9999988672006416
2959.097543,0.9999988672006416
2959.579716,0.9999988696006389
2960.061889,0.9999988720006362
2960.544063,0.9999988647006445
2961.026236,0.9999988574006528
2961.508409,0.9999988574006528
2961.990582,0.9999988598006501
2962.472756,0.9999988623006472
2962.954929,0.9999988672006416
2963.437102,0.9999988769006307
2963.919276,0.999998889200617
2964.401449,0.9999989014006034
2964.883622,0.9999989136005901
2965.365796,0.9999989259005768
2965.847969,0.9999989381005638
2966.330142,0.9999989479005534
2966.812315,0.9999989552005458
2967.294489,0.9999989626005381
2967.776662,0.9999989724005279
2968.258835,0.999998987000513
2968.741009,0.9999990017304983
2969.223182,0.9999990188504814
2969.705355,0.99999904087046
2970.187529,0.9999990653404368
2970.669702,0.9999990947004098
2971.151875,0.9999991216203857
2971.634048,0.9999991534303584
2972.116222,0.9999991852303319
2972.598395,0.9999992072503142
2973.080568,0.9999992268302988
2973.562742,0.9999992415102876
2974.044915,0.9999992561902766
2974.527088,0.999999261080273
2975.009262,0.999999261080273
2975.491435,0.9999992659802694
2975.973608,0.9999992733202641
2976.455782,0.9999992782102605
2976.937955,0.999999283100257
2977.420128,0.99999929289025
2977.902301,0.9999993075702397
2978.384475,0.9999993222502297
2978.866648,0.9999993369302198
2979.348821,0.9999993540602086
2979.830995,0.9999993687401992
2980.313168,0.9999993760801946
2980.795341,0.9999993736301962
2981.277515,0.9999993662902008
2981.759688,0.999999361400204
2982.241861,0.9999993516102103
2982.724034,0.9999993393802182
2983.206208,0.9999993198002314
2983.688381,0.9999993002302449
2984.170554,0.9999992782102605
2984.652728,0.9999992464002839
2985.134901,0.9999992170403065
2985.617074,0.9999991876803299
2986.099248,0.9999991607703521
2986.581421,0.9999991314003772
2987.063594,0.9999990971504076
2987.545767,0.999999062900439
2988.027941,0.9999990286404717
2988.510114,0.9999989846005155
2988.992287,0.9999989406005612
2989.474461,0.9999988990006061
2989.956634,0.9999988598006501
2990.438807,0.999998810900707
2990.920981,0.9999987546007755
2991.403154,0.999998700800844
2991.885327,0.9999986445009187
2992.3675,0.9999985809010069
2992.849674,0.9999985148011029
2993.331847,0.9999984512011993
2993.81402,0.9999983900012961
2994.296194,0.9999983240014045
2994.778367,0.9999982555015217
2995.26054,0.9999981943016303
2995.742714,0.9999981380017335
2996.224887,0.9999980817018399
2996.70706,0.9999980230019543
2997.189233,0.999997964302072
2997.671407,0.999997910502183
2998.15358,0.9999978518023074
2998.635753,0.9999977857024516
2999.117927,0.9999977147026113
2999.6001,0.9999976413027817
