nu,[0]m-Cresol-PNNL(x-sec)-X=0.01-T=298.15K-P=1.0atm-L=15cm
570,0.9895212882721482
570.241054,0.9906903060510509
570.482108,0.9998007698489629
570.723162,0.9870367561189093
570.964216,0.9962273344522551
571.20527,0.9811067576564029
571.446324,0.9835596423823716
571.687378,0.9893135106190282
571.928432,0.9907346899709544
572.169486,0.9721161361726092
572.41054,0.985822461423853
572.651594,0.9976606405762196
572.892648,0.9814688528524331
573.133702,0.9855307011579212
573.374756,0.9848952388143107
573.61581,0.9755147486169476
573.856864,0.9775586391711374
574.097918,0.9816700745917915
574.338972,0.9784691700505623
574.580026,0.9712493952030851
574.82108,0.9756815759022875
575.062134,0.9713649807583185
575.303188,0.978863572592867
575.544242,0.9636019351433761
575.785296,0.9823398019337278
576.02635,0.9852025740706277
576.267404,0.9735705366896886
576.508458,0.9686160295066357
576.749512,0.9693495494432397
576.990566,0.9620469739872273
577.23162,0.9588573153463612
577.472674,0.9529870157759751
577.713728,0.9550572429843557
577.954782,0.9484710613337715
578.195836,0.9620123409195627
578.43689,0.9597629040226532
578.677944,0.9619805950361222
578.918998,0.952345871283679
579.160052,0.9495443889564974
579.401106,0.952247784710482
579.64216,0.941436856545673
579.883214,0.9396460661442724
580.124268,0.9416072720388446
580.365322,0.9385557701008015
580.606376,0.9416995540732503
580.84743,0.9419218213945239
581.088484,0.9372277156148168
581.329538,0.9369419047499268
581.570592,0.9245427389171212
581.811646,0.9253539185494285
582.0527,0.9231828131563506
582.293754,0.9158689428825569
582.534808,0.9178300832432614
582.775862,0.9148236175441596
583.016916,0.9186813062113168
583.25797,0.9168072730231082
583.499024,0.9143699775418785
583.740078,0.919366898159752
583.981132,0.9070950847660965
584.222186,0.9099705887941251
584.46324,0.9074253274774785
584.704294,0.9018744132890186
584.945348,0.9116391828782957
585.186402,0.9052736547960664
585.427456,0.9130113197976584
585.66851,0.9019916645839152
585.909564,0.9105313033591778
586.150618,0.904475555446088
586.391672,0.9129090682560342
586.632726,0.9130003637275573
586.87378,0.9060516189533047
587.114834,0.9188963027905891
587.355888,0.9145848797366197
587.596942,0.9140326372632747
587.837996,0.9133062700858603
588.07905,0.9158955034670272
588.320104,0.9140225829595635
588.561158,0.9170154118969528
588.802212,0.9145729902104652
589.043266,0.9182808484679406
589.28432,0.9135309710653887
589.525374,0.9166569289588826
589.766428,0.9189064107055132
590.007482,0.9117923511267919
590.248536,0.9199159240658799
590.48959,0.9108236308236038
590.730644,0.9117613507138635
590.971698,0.9055996119805658
591.212752,0.9080407704611039
591.453806,0.8998114838383251
591.69486,0.898633502540708
591.935914,0.9116100108911979
592.176968,0.9198828076887119
592.418022,0.915923896667727
592.659076,0.9138516767167819
592.90013,0.9130314062676443
593.141184,0.9082478273603586
593.382238,0.9111661649011646
593.623292,0.9106824641015299
593.864346,0.9100388391476408
594.1054,0.9071957779088715
594.346454,0.9024427731839592
594.587508,0.9011261680907016
594.828562,0.908417685585324
595.069616,0.9018203024475628
595.31067,0.8997574967689231
595.551724,0.9073345894817062
595.792778,0.9046745619581998
596.033832,0.9093147364627815
596.274886,0.9061467593680791
596.51594,0.9125001765920272
596.756994,0.9098286444542195
596.998048,0.9201689357325077
597.239102,0.9206604371633913
597.480156,0.9161941340753018
597.72121,0.9176749830655274
597.962264,0.9245362671406001
598.203318,0.9290227980960828
598.444372,0.9271870071971895
598.685426,0.9282891599108253
598.92648,0.9297570160844987
599.167534,0.9398819469086721
599.408588,0.9408759273526756
599.649642,0.9457840622431855
599.890696,0.9501133364282385
600.13175,0.9522335011008386
600.372804,0.955747999049261
600.613858,0.957943959607972
600.854912,0.9577418547553065
601.095966,0.9570506147038594
601.33702,0.957768671902678
601.578074,0.9614266537637832
601.819128,0.9695744646278631
602.060182,0.9710842968396591
602.301236,0.9730955501739201
602.54229,0.9796420785481927
602.783344,0.9767710443513153
603.024398,0.9776779086004035
603.265452,0.975609378137021
603.506506,0.9759177194158686
603.74756,0.9768648188726781
603.988614,0.9847445613698906
604.229668,0.9778216378168063
604.470722,0.9828458372246267
604.711776,0.9802427832395202
604.95283,0.9906449334740737
605.193884,0.9904505880040401
605.434938,0.9917429780259583
605.675992,0.9894500453041702
605.917046,0.9892185410806196
606.1581,0.9881823830911882
606.399154,0.9903223329575871
606.640208,0.9931185861127414
606.881262,0.9896855624403801
607.122316,0.9933822941030409
607.36337,0.9907731312226807
607.604424,0.9953612921925465
607.845478,0.9920875693885786
608.086532,0.9943327199645863
608.327586,0.9947073556583997
608.56864,1.0000540334597547
608.809694,0.9972316389981104
609.050748,0.9902211271868618
609.291802,0.9964877823165338
609.532856,0.9923218289169603
609.77391,0.9927740337466531
610.014964,0.9974431742612636
610.256018,0.9971581457345763
610.497072,0.998901903349858
610.738126,0.9990196608467153
610.97918,0.9963687091413109
611.220234,0.9963426046231021
611.461288,0.9972732244245067
611.702342,0.9958286244574035
611.943396,0.9986160585314638
612.18445,0.997053449625916
612.425504,0.999869758482163
612.666558,0.994484267818762
612.907612,0.9972025202593874
613.148666,1.0036217427175549
613.38972,1.0025229773642337
613.630774,1.001942283794321
613.871828,0.9994516004260446
614.112882,0.9974662154647139
614.353936,1.001552503888295
614.59499,1.0027668206024645
614.836044,0.9977170099948333
615.077098,1.0013471065339663
615.318152,0.997769491289805
615.559206,1.0011149210629071
615.80026,0.997588213042865
616.041314,1.0007554351975456
616.282368,1.0045295274373935
616.523422,0.9995659242381555
616.764476,1.002742854761845
617.00553,1.0011829991921695
617.246584,1.0018680426217614
617.487638,1.0009389405289264
617.728692,1.0021673453047228
617.969746,0.9987698572466748
618.2108,1.0027362366808432
618.451854,1.0071548746759134
618.692908,1.0046338030141502
618.933962,1.0025254836748099
619.175016,0.9990806628495789
619.41607,1.003936728639126
619.657124,1.0036957123657413
619.898178,1.0023194858549156
620.139232,0.9968435919630637
620.380286,1.001718274544832
620.62134,0.999535807770565
620.862394,1.0012262512319718
621.103448,1.0001995899154172
621.344502,1.0018499089742998
621.585556,1.0023419380628626
621.82661,1.005255461743916
622.067664,1.0040213640726838
622.308718,1.0033934447409663
622.549772,1.0027314235584588
622.790826,1.0000704414808845
623.03188,1.004048071396174
623.272934,0.9990194610428031
623.513988,1.004585280373296
623.755042,1.0022175551464687
623.996096,1.003158276880269
624.23715,1.0043849860383982
624.478204,1.0058302300189725
624.719258,1.004926093499037
624.960312,1.0029335945916036
625.201366,1.0045356550862001
625.44242,1.0011543657678525
625.683474,0.9993462038179245
625.924528,0.9994351395937409
626.165582,1.005083175723107
626.406636,1.0012807194215603
626.64769,1.0016424473415448
626.888744,1.0015308705878516
627.129798,1.0023649921925595
627.370852,1.0066257538279504
627.611906,1.0035401515865965
627.85296,1.0039965650512603
628.094014,1.002316077974457
628.335068,1.003200510732742
628.576122,0.997396295533732
628.817176,0.9996900780357371
629.05823,0.9997702064065932
629.299284,1.0025023256036139
629.540338,1.0017031487130867
629.781392,1.0016448512863032
630.022446,1.0033598316235903
630.2635,1.002851758549241
630.504554,1.0010899936117206
630.745608,0.9994619547982606
630.986662,1.000778793101989
631.227716,1.0030257684242692
631.46877,0.9998790973093195
631.709824,0.9949346722591002
631.950878,1.0016496591931283
632.191932,0.9977349690626443
632.432986,1.0029846452107956
632.67404,1.0055787033331678
632.915094,1.0000754128434055
633.156148,0.9990582836933785
633.397202,1.0004425178821628
633.638256,1.0036135130530064
633.87931,0.998319513601182
634.120364,1.0028741223928124
634.361418,0.9980321387828063
634.602472,0.9998963153756223
634.843526,0.998295055072717
635.08458,1.0020861730372743
635.325634,0.9989572440482267
635.566688,1.004027187413483
635.807742,1.0028901685071392
636.048796,1.001398376818329
636.28985,1.002464632224811
636.530904,0.9986106660193076
636.771958,1.002875426130019
637.013012,0.996408763968515
637.254066,0.9984907400800155
637.49512,0.9965302336002664
637.736174,0.9995172165774392
637.977228,0.9960783099903288
638.218282,1.0021495068847388
638.459336,1.0010078074970312
638.70039,1.0004852877140007
638.941444,1.0008295238647715
639.182498,1.002850454842802
639.423552,0.9998724281379822
639.664606,1.0001324987771876
639.90566,0.9963203864307527
640.146714,0.99540270008358
640.387768,0.9979317417996977
640.628822,1.0001305885259393
640.869876,1.0020962941587337
641.11093,0.9934641521765813
641.351984,1.0015971741261074
641.593038,0.9986532077398123
641.834092,0.9996379155683958
642.075146,0.9976863805527908
642.3162,0.9958439603363061
642.557254,0.9986090682435201
642.798308,0.9928684510467338
643.039362,0.9958440599207071
643.280416,0.9964354680812229
643.52147,0.9985489537870752
643.762524,0.9969135728395195
644.003578,1.0003152396775872
644.244632,0.9982428456066261
644.485686,0.9970390921596155
644.72674,0.9992984462040213
644.967794,0.9948367755039492
645.208848,0.994773903806504
645.449902,0.9988679412625028
645.690956,0.9963093273358414
645.93201,0.9956932009734829
646.173064,0.9988874193772684
646.414118,0.9950057131308284
646.655172,1.000835799085559
646.896226,0.9984134598875153
647.13728,0.998159096545202
647.378334,0.9972187747929416
647.619388,0.9968144845551486
647.860442,0.999358805653009
648.101496,0.9961437544851233
648.34255,0.9966355724130161
648.583604,0.9956013027322022
648.824658,0.9941852713558
649.065712,0.9902960897634876
649.306766,0.9959333911393272
649.54782,0.9944620910668613
649.788874,0.9944665661563401
650.029928,0.9974677116651592
650.270982,0.9968687127381016
650.512036,0.997862986671329
650.75309,0.9955970216558047
650.994144,0.9957019631122048
651.235198,0.9971099841592487
651.476252,0.9944322576516328
651.717306,0.9923982406396005
651.95836,0.9963983017314202
652.199414,0.993856946186558
652.440468,0.9945996346849779
652.681522,0.9988024176747532
652.922576,0.9970183539621765
653.16363,1.000125207837847
653.404684,0.9990852186677887
653.645738,0.9947515216454685
653.886792,0.9923433625342868
654.127846,0.9976631347309387
654.3689,0.995155174213187
654.609954,0.9954085729768355
654.851008,0.9943119386279047
655.092062,0.9990145258988554
655.333116,0.9988065127730605
655.57417,0.9956116570395929
655.815224,0.9957425885810537
656.056278,0.9938582382014278
656.297332,0.9965249520040246
656.538386,0.9958041273745571
656.77944,0.9947051673046244
657.020494,0.9931900932251666
657.261548,0.994108324393683
657.502602,0.9928764933137584
657.743656,0.9901769643094288
657.98471,0.9920240778158896
658.225764,0.9898310569116405
658.466818,0.9923740264179436
658.707872,0.991415855979256
658.948926,0.9937692918695165
659.18998,0.9868383816682296
659.431034,0.994443295910955
659.672088,0.9885233648293223
659.913142,0.989315489248028
660.154196,0.986350017549395
660.39525,0.9843783045210586
660.636304,0.9835242348725848
660.877358,0.984085987575831
661.118412,0.9854508764040735
661.359466,0.9845624004764394
661.60052,0.9835537410422213
661.841574,0.978743179777748
662.082628,0.9787842878545623
662.323682,0.9757167010712693
662.564736,0.9753830630148626
662.80579,0.970006991285362
663.046844,0.9701379510687721
663.287898,0.968496897061802
663.528952,0.9695288956989038
663.770006,0.9690209956389947
664.01106,0.963508470288786
664.252114,0.9616920441424096
664.493168,0.9616583855098941
664.734222,0.9580857458059139
664.975276,0.9561791386114956
665.21633,0.9534169098539179
665.457384,0.9473051591051926
665.698438,0.9475543331269849
665.939492,0.938109123864471
666.180546,0.9370299814285123
666.4216,0.9323127051721585
666.662654,0.9299978543388722
666.903708,0.9273279503336905
667.144762,0.9249607266932328
667.385816,0.9199389222514577
667.62687,0.9137054721451848
667.867924,0.9122146087304556
668.108978,0.9030476124405173
668.350032,0.8992447811336026
668.591086,0.8935884111797243
668.83214,0.8893983998868276
669.073194,0.8817823695184608
669.314248,0.8786839519918214
669.555302,0.8721010314761848
669.796356,0.8718045675272101
670.03741,0.8638380239787645
670.278464,0.8571520113293896
670.519518,0.8562439115752786
670.760572,0.8447031627727862
671.001626,0.8453200212075453
671.24268,0.8356795941054326
671.483734,0.8321854220086748
671.724788,0.82477059333547
671.965842,0.8220533363174529
672.206896,0.8176180360728661
672.44795,0.8180351276205674
672.689004,0.8112086361989721
672.930058,0.8082854525433933
673.171112,0.8062108259673986
673.412166,0.8009153643346592
673.65322,0.795646728553263
673.894274,0.791448870483247
674.135328,0.7882815153040247
674.376382,0.7849776758592244
674.617436,0.786116719095997
674.85849,0.7808517249372564
675.099544,0.7801024669826778
675.340598,0.7738091593048355
675.581652,0.77370857065253
675.822706,0.7709821942835092
676.06376,0.7687803353669692
676.304814,0.7704812186919306
676.545868,0.7679505007961012
676.786922,0.7713600681302399
677.027976,0.7645789414625793
677.26903,0.7650148756886646
677.510084,0.7634863749475286
677.751138,0.760172422289226
677.992192,0.7589495293822855
678.233246,0.7655658847386148
678.4743,0.7606362689256635
678.715354,0.7600736062975071
678.956408,0.7614201279007294
679.197462,0.7612602464620088
679.438516,0.7605602091018254
679.67957,0.7580924007829478
679.920624,0.756396174288117
680.161678,0.7550358858013143
680.402732,0.7508645522566301
680.643786,0.7479269247234781
680.88484,0.7407811806966912
681.125894,0.7362099078736688
681.366948,0.7366517663626839
681.608002,0.7274136362804506
681.849056,0.7245025482313856
682.09011,0.7223034048762953
682.331164,0.7130027511641784
682.572218,0.6964286024931187
682.813272,0.6690877911730675
683.054326,0.6533711071700582
683.29538,0.6110845192494495
683.536434,0.5702274287072224
683.777488,0.5125023410897536
684.018542,0.45963159077591587
684.259596,0.3934190304091675
684.50065,0.2996919995132463
684.741704,0.2917669242710291
684.982758,0.1712381502250622
685.223812,0.2700630037453464
685.464866,0.33844286149719716
685.70592,0.3075861710303276
685.946974,0.5357808839998323
686.188028,0.6234978263967744
686.429082,0.6582174046657713
686.670136,0.684087120717746
686.91119,0.6981160006394026
687.152244,0.7080291597846724
687.393298,0.7164548846434501
687.634352,0.7232719402125797
687.875406,0.7259239657600541
688.11646,0.7238507892735021
688.357514,0.7251839008122659
688.598568,0.7234600153657453
688.839622,0.7235178944821085
689.080676,0.7234166090670254
689.32173,0.7294897221609793
689.562784,0.7285711439368655
689.803838,0.7345993723555085
690.044892,0.7383406319206701
690.285946,0.7392493496447663
690.527,0.742568616336983
690.768054,0.743936200382524
691.009108,0.7477025802994073
691.250162,0.7455075629698722
691.491216,0.7506318203207444
691.73227,0.7476053852817813
691.973324,0.753195844003858
692.214378,0.7498590675817923
692.455432,0.7528494535915191
692.696486,0.7517435779125042
692.93754,0.7544471874326001
693.178594,0.7556174873212306
693.419648,0.7560785545997195
693.660702,0.7592152082086517
693.901756,0.7623877457704547
694.14281,0.7611232319493217
694.383864,0.7641814637661763
694.624918,0.7694648544312455
694.865972,0.7694417708318683
695.107026,0.7711132723978614
695.34808,0.772433004142718
695.589134,0.7771514742963161
695.830188,0.7782324659607461
696.071242,0.7844126953499962
696.312296,0.7879268684236705
696.55335,0.794795841859274
696.794404,0.7980292723996729
697.035458,0.7995309785933038
697.276512,0.807098145812406
697.517566,0.8101466486392761
697.75862,0.8184278787345518
697.999674,0.821987574681048
698.240728,0.8277533958966862
698.481782,0.8289213514000294
698.722836,0.8347775473367327
698.96389,0.8401372564142747
699.204944,0.8465381588867191
699.445998,0.8500585920924473
699.687052,0.8582841990638554
699.928106,0.8630263977603099
700.16916,0.8684372039022156
700.410214,0.8749574695801117
700.651268,0.879527893612897
700.892322,0.8837951269925569
701.133376,0.8847059049434836
701.37443,0.891865448739724
701.615484,0.89701741714933
701.856538,0.8992447811336026
702.097592,0.9052854234300747
702.338646,0.9077874624242596
702.5797,0.9108746383751282
702.820754,0.9161693971676316
703.061808,0.9209698310455396
703.302862,0.9264900246660545
703.543916,0.9322977882882111
703.78497,0.9359286818614204
704.026024,0.9411572913167705
704.267078,0.9410311846890668
704.508132,0.9490014048742664
704.749186,0.9492481773185613
704.99024,0.954311634475607
705.231294,0.9559305643515108
705.472348,0.9593282298882556
705.713402,0.9637137194512173
705.954456,0.968729364212039
706.19551,0.9703882789510561
706.436564,0.9724292079703111
706.677618,0.9749305902554217
706.918672,0.9750388135572222
707.159726,0.9773093934983226
707.40078,0.9769429711842386
707.641834,0.9780201557581725
707.882888,0.9794951432568328
708.123942,0.9817653012074431
708.364996,0.9807340079154296
708.60605,0.9842651075249906
708.847104,0.9840771308417982
709.088158,0.9843113690721822
709.329212,0.9885352271808743
709.570266,0.9858796407848011
709.81132,0.9905736096065536
710.052374,0.9875886639094356
710.293428,0.9899488538161898
710.534482,0.9869341096339828
710.775536,0.9895113931087414
711.01659,0.984913952001623
711.257644,0.988814033424772
711.498698,0.9895094140879341
711.739752,0.9917128294976862
711.980806,0.9914077264025682
712.22186,0.993249189793819
712.462914,0.9920546326280281
712.703968,0.9900885454544766
712.945022,0.9926559006656949
713.186076,0.990182014224824
713.42713,0.9929847227499268
713.668184,0.9907744192285884
713.909238,0.9922471098964493
714.150292,0.9906043178644269
714.391346,0.9889050085006365
714.6324,0.9922074208058406
714.873454,0.9895420684373929
715.114508,0.9917842353919915
715.355562,0.9902764820950268
715.596616,0.9930837282621277
715.83767,0.9894262987880422
716.078724,0.9926718825543495
716.319778,0.9873398229214118
716.560832,0.9891216024136659
716.801886,0.9875847135626806
717.04294,0.9865808504598989
717.283994,0.989617276492464
717.525048,0.9879590791069103
717.766102,0.9868670003962675
718.007156,0.9856923414470524
718.24821,0.9884373670375405
718.489264,0.9879254890692546
718.730318,0.9844354001184771
718.971372,0.9832400374372141
719.212426,0.9822847924450996
719.45348,0.9780260238967114
719.694534,0.9761070658194425
719.935588,0.976674348804433
720.176642,0.9775596167302653
720.417696,0.9726149596877577
720.65875,0.9726052335867914
720.899804,0.9701728766636675
721.140858,0.9692942980935998
721.381912,0.9673499079640434
721.622966,0.9618411179621742
721.86402,0.9629122430970306
722.105074,0.9570754983433276
722.346128,0.9541102959626927
722.587182,0.9510211280660404
722.828236,0.9482548345825736
723.06929,0.9463375077866356
723.310344,0.9421064561651337
723.551398,0.9397832644851646
723.792452,0.9336991517267056
724.033506,0.9327743142000277
724.27456,0.9290766829810189
724.515614,0.9269051851861176
724.756668,0.920590469628967
724.997722,0.9170841906320154
725.238776,0.9121635261426925
725.47983,0.9100242786426989
725.720884,0.9066507170535417
725.961938,0.901441617449951
726.202992,0.9009009147065251
726.444046,0.8985436436834716
726.6851,0.8963986886173886
726.926154,0.8930702801737568
727.167208,0.8885272164045684
727.408262,0.8892383225822376
727.649316,0.8889271436288272
727.89037,0.8876746395791741
728.131424,0.8864504934316687
728.372478,0.8850598580913711
728.613532,0.884927109069083
728.854586,0.8851306657122855
729.09564,0.8864770873453783
729.336694,0.8860605410103827
729.577748,0.8858744878330378
729.818802,0.888367295898893
730.059856,0.8891938617776378
730.30091,0.8924007285768605
730.541964,0.8905642752723268
730.783018,0.8953057490459748
731.024072,0.8929184711302615
731.265126,0.8905731809596079
731.50618,0.8862643583729133
731.747234,0.8789388072901312
731.988288,0.8695234291564417
732.229342,0.857212014070254
732.470396,0.8424592381027144
732.71145,0.8682461687319962
732.952504,0.895386330189486
733.193558,0.9043760686068654
733.434612,0.9065056645433234
733.675666,0.903417937873144
733.91672,0.9025149714937077
734.157774,0.8925881524086752
734.398828,0.8818176415186768
734.639882,0.8606046976647364
734.880936,0.8374196166572897
735.12199,0.80381993204923
735.363044,0.8267772229448384
735.604098,0.8771651429035405
735.845152,0.8917584313070496
736.086206,0.8963717970601054
736.32726,0.8940442575003572
736.568314,0.8935258621801823
736.809368,0.890038997322149
737.050422,0.8905642752723268
737.291476,0.8855202088984153
737.53253,0.878921228689772
737.773584,0.8754213199484788
738.014638,0.8740392463885899
738.255692,0.8725459164382601
738.496746,0.8701236073602278
738.7378,0.868941043579861
738.978854,0.8662081858033139
739.219908,0.8642181963411014
739.460962,0.8627416460356677
739.702016,0.8642009121500172
739.94307,0.8653510640446446
740.184124,0.8644429222852569
740.425178,0.8650136429310612
740.666232,0.8689062866332614
740.907286,0.8670314745800779
741.14834,0.8703759797985972
741.389394,0.873087062644441
741.630448,0.8751412299428863
741.871502,0.8771563712959696
742.112556,0.8805311271460794
742.35361,0.884086827512403
742.594664,0.8851926270275061
742.835718,0.8874882474767183
743.076772,0.8901458084103647
743.317826,0.8924364253199336
743.55888,0.8970712398090226
743.799934,0.900846862273232
744.040988,0.901504720571756
744.282042,0.9024427731839592
744.523096,0.9057762211237339
744.76415,0.9064675921049394
745.005204,0.9105185560101623
745.246258,0.9095739280957267
745.487312,0.91224471230925
745.728366,0.9128113922114924
745.96942,0.9131300189845121
746.210474,0.9144001522490174
746.451528,0.9142895165241915
746.692582,0.911905420388481
746.933636,0.9112654874261181
747.17469,0.9093874845515832
747.415744,0.9061141386719179
747.656798,0.9060407463991127
747.897852,0.9019104889870594
748.138906,0.9003425292567835
748.37996,0.8977083865496145
748.621014,0.8948761054091547
748.862068,0.8920081586280089
749.103122,0.8894517653917698
749.344176,0.8842725052416598
749.58523,0.8803726458069415
749.826284,0.8760430897878156
750.067338,0.8719440674177081
750.308392,0.86495309409529
750.549446,0.8619655278598027
750.7905,0.8556789770425418
751.031554,0.8478767463834117
751.272608,0.8455398329873525
751.513662,0.8378300528180991
751.754716,0.8346356472155375
751.99577,0.8256370572724328
752.236824,0.8190501203442512
752.477878,0.8102843852768273
752.718932,0.8078894896904686
752.959986,0.8034502599115975
753.20104,0.798955523477418
753.442094,0.7953683009259465
753.683148,0.792216948345155
753.924202,0.7893937762002613
754.165256,0.7840597890469622
754.40631,0.7792292413173111
754.647364,0.7737472570482145
754.888418,0.7712597978390932
755.129472,0.7653745171893704
755.370526,0.7619152118687234
755.61158,0.7560180707347384
755.852634,0.7505567608917464
756.093688,0.7461415137893257
756.334742,0.7414481838657214
756.575796,0.7339605488300865
756.81685,0.7304605889747706
757.057904,0.7260764258006077
757.298958,0.7200173284283865
757.540012,0.7163617515622279
757.781066,0.7104618695148727
758.02212,0.7073992941642415
758.263174,0.7026193492735084
758.504228,0.7011664315091989
758.745282,0.6968953660051048
758.986336,0.6939329062652954
759.22739,0.6883622867945228
759.468444,0.6852167961929021
759.709498,0.6791386329670936
759.950552,0.6744956854628026
760.191606,0.6709034782318957
760.43266,0.6661835805192124
760.673714,0.6609811215348219
760.914768,0.65470534468824
761.155822,0.6508279222861046
761.396876,0.6465466018974806
761.63793,0.640190173931377
761.878984,0.6342830329190445
762.120038,0.6270054789688972
762.361092,0.6199044039552593
762.602146,0.6131780061273225
762.8432,0.6043269013846788
763.084254,0.5941461179828034
763.325308,0.5862024917687692
763.566362,0.5766729409254892
763.807416,0.5625079565645258
764.04847,0.5455559022724735
764.289524,0.5314851613650109
764.530578,0.5198681797625347
764.771632,0.5028416347030674
765.012686,0.487063877111918
765.25374,0.49018618042156126
765.494794,0.4881170721276145
765.735848,0.47484350138658354
765.976902,0.4507465819300535
766.217956,0.42121158262109265
766.45901,0.4089673315869339
766.700064,0.38688801296965303
766.941118,0.3536314534889593
767.182172,0.31276599120219134
767.423226,0.26753630559633385
767.66428,0.20858680363369514
767.905334,0.15163180989215086
768.146388,0.28453471834899874
768.387442,0.4074406504400934
768.628496,0.455140097878352
768.86955,0.4803213115333416
769.110604,0.49730090173573377
769.351658,0.5087543458756995
769.592712,0.5162727850452362
769.833766,0.516530985982614
770.07482,0.5280575526420884
770.315874,0.5378368594653271
770.556928,0.5427155203091878
770.797982,0.5435845601881905
771.039036,0.5462218866411065
771.28009,0.545632285445489
771.521144,0.5446673705018907
771.762198,0.5434595501160566
772.003252,0.5417449284666894
772.244306,0.5407382194293803
772.48536,0.5400681195850534
772.726414,0.5386119024399715
772.967468,0.5362472161940026
773.208522,0.5322510513057881
773.449576,0.5259600603609713
773.69063,0.5199201691799386
773.931684,0.5145410194828738
774.172738,0.5095435265688435
774.413792,0.5057716480473099
774.654846,0.4971666486172517
774.8959,0.4908778304346258
775.136954,0.4798604243355207
775.378008,0.46584607992866833
775.619062,0.4452630713125711
775.860116,0.4198952515003561
776.10117,0.38343698008859134
776.342224,0.3438671115076803
776.583278,0.2987345179024321
776.824332,0.27731534242415656
777.065386,0.24019600534778515
777.30644,0.2107042052288033
777.547494,0.21470291437849215
777.788548,0.36041468776984786
778.029602,0.4634346019721176
778.270656,0.4985008422564632
778.51171,0.5179792994359688
778.752764,0.5317350181025863
778.993818,0.5451850503628676
779.234872,0.5581151365401423
779.475926,0.5744914869458908
779.71698,0.5891820852891008
779.958034,0.5984035020396543
780.199088,0.6080367224946631
780.440142,0.615217140197209
780.681196,0.6214747477445252
780.92225,0.6235851222030337
781.163304,0.6272563313276118
781.404358,0.6364178083239365
781.645412,0.6399789460285006
781.886466,0.6411768263265802
782.12752,0.6485604918049761
782.368574,0.6524178813777429
782.609628,0.6585465956589944
782.850682,0.6657240723971872
783.091736,0.6704474189444293
783.33279,0.6753798538145858
783.573844,0.6812540418714307
783.814898,0.6851688326959107
784.055952,0.6921725532780996
784.297006,0.6946480253818711
784.53806,0.7004025764754752
784.779114,0.7020083362688371
785.020168,0.7076044697085652
785.261222,0.7108740569219844
785.502276,0.7152522509324258
785.74333,0.7208458246500995
785.984384,0.7256626801666092
786.225438,0.7299932437642462
786.466492,0.7346434496401552
786.707546,0.7407441425636173
786.9486,0.7454777432637515
787.189654,0.7514654842391787
787.430708,0.756449123873531
787.671762,0.758312279460042
787.912816,0.7663088439237618
788.15387,0.7722708102428036
788.394924,0.7764290594002153
788.635978,0.7798606726979638
788.877032,0.7876196368590346
789.118086,0.7909820533742505
789.35914,0.7985801026121978
789.600194,0.8031450068145928
789.841248,0.8091265066863857
790.082302,0.8159354765498738
790.323356,0.8219629154236983
790.56441,0.8287970225222183
790.805464,0.8334763095922192
791.046518,0.8387773358919214
791.287572,0.8454214656966379
791.528626,0.8506793614179112
791.76968,0.8567321097281321
792.010734,0.8624914872330969
792.251788,0.8686543403441154
792.492842,0.8747387575528592
792.733896,0.8807160580998505
792.97495,0.8860871232253442
793.216004,0.8897453329103256
793.457058,0.8981393900077129
793.698112,0.9007928130829874
793.939166,0.905510867567139
794.18022,0.9089638087079208
794.421274,0.9130624498631955
794.662328,0.9194873431123831
794.903382,0.9198312956938306
795.144436,0.9259046679626676
795.38549,0.9303764405026463
795.626544,0.9351484427456842
795.867598,0.9386505690208465
796.108652,0.9412429405272602
796.349706,0.9445392844992766
796.59076,0.9501902987254202
796.831814,0.9509184233303649
797.072868,0.9537001167302839
797.313922,0.9561657521972602
797.554976,0.9577140806442451
797.79603,0.9583195472505067
798.037084,0.9619690513382442
798.278138,0.9651208039864623
798.519192,0.9661849533510629
798.760246,0.9680050255840278
799.0013,0.9704824111794536
799.242354,0.9701709363198545
799.483408,0.9735588539133451
799.724462,0.975324541786736
799.965516,0.974786311204977
800.20657,0.9780064635718374
800.447624,0.9777512371933363
800.688678,0.9789467795327823
800.929732,0.9766860689669395
801.170786,0.9802310203966985
801.41184,0.9779350717058314
801.652894,0.97833512895629
801.893948,0.9803613997924489
802.135002,0.9809723552373799
802.376056,0.9811077387636511
802.61711,0.9802604277684187
802.858164,0.9818183179651478
803.099218,0.9830404599674128
803.340272,0.9838203202258916
803.581326,0.9828006273559493
803.82238,0.9876647111643383
804.063434,0.9879027670443102
804.304488,0.9845387712623797
804.545542,0.9869331227003666
804.786596,0.9863667856422218
805.02765,0.9859111894380819
805.268704,0.9877950915111255
805.509758,0.9858835843112512
805.750812,0.9887191118338725
805.991866,0.9882051115473756
806.23292,0.9899280651085418
806.473974,0.990178548593839
806.715028,0.9891483090574692
806.956082,0.9862878794556599
807.197136,0.9892106273639458
807.43819,0.9875728626172237
807.679244,0.9891136894724984
807.920298,0.987404989500198
808.161352,0.9896677482605842
808.402406,0.9876449580676466
808.64346,0.988603438464812
808.884514,0.9883464349827117
809.125568,0.9880262626085027
809.366622,0.9874504111744055
809.607676,0.9900776545403767
809.84873,0.9889920359705371
810.089784,0.987675575535915
810.330838,0.9868640397997073
810.571892,0.9870880833647243
810.812946,0.988201158734835
811.054,0.9860472545705026
811.295054,0.9880065022808545
811.536108,0.9875491611529396
811.777162,0.9868482501013883
812.018216,0.9859249922913538
812.25927,0.9871473104265203
812.500324,0.9868146978312767
812.741378,0.9867604245154259
812.982432,0.9873773425475512
813.223486,0.9882120290073675
813.46454,0.9858204897809018
813.705594,0.9841804643654516
813.946648,0.9856174316757098
814.187702,0.9826109651378624
814.428756,0.9827888338191824
814.66981,0.9818841019961919
814.910864,0.9822130882724852
815.151918,0.9808683776786327
815.392972,0.9806133850509143
815.634026,0.9835989855549251
815.87508,0.9805300364555505
816.116134,0.9806918372597648
816.357188,0.9772380525165747
816.598242,0.9777189719348887
816.839296,0.9771950549882166
817.08035,0.9746147639108097
817.321404,0.9728182574582095
817.562458,0.9733242544999168
817.803512,0.9735082301691703
818.044566,0.9709415579395898
818.28562,0.9722765485687364
818.526674,0.9699080556180557
818.767728,0.9698741094301708
819.008782,0.9676120953138829
819.249836,0.9664700199575587
819.49089,0.9650870253494523
819.731944,0.9628313618656698
819.972998,0.9634458442735847
820.214052,0.9622095736651168
820.455106,0.9593167180185683
820.69616,0.9569376893940487
820.937214,0.9568037274950852
821.178268,0.9582735490162052
821.419322,0.9579928159957393
821.660376,0.9556763206373063
821.90143,0.9550581980420763
822.142484,0.9549235443294621
822.383538,0.953319666288619
822.624592,0.9519583453809372
822.865646,0.9502805710916685
823.1067,0.9485222801539791
823.347754,0.9466962376771069
823.588808,0.9446677505774638
823.829862,0.9412627068365569
824.070916,0.9415262972954132
824.31197,0.9389979339899407
824.553024,0.9383999827736706
824.794078,0.9372211550437695
825.035132,0.9335516389145517
825.276186,0.9333248134267085
825.51724,0.9325141064670325
825.758294,0.9293043346545405
825.999348,0.9281814846135636
826.240402,0.9257889371125011
826.481456,0.9256149051518409
826.72251,0.9240399244450868
826.963564,0.9222730035124423
827.204618,0.92206367130075
827.445672,0.9190497712874179
827.686726,0.9170841906320154
827.92778,0.9183873752247953
828.168834,0.9166963460542893
828.409888,0.9153461309931703
828.650942,0.9151136626006338
828.891996,0.9138315722010446
829.13305,0.9152317198776398
829.374104,0.9131501080659088
829.615158,0.9114477587501282
829.856212,0.9113876051831402
830.097266,0.9083259400323083
830.33832,0.9075687120062994
830.579374,0.9057979600139066
830.820428,0.9064639662418227
831.061482,0.9053650920527045
831.302536,0.9046655152578138
831.54359,0.9041952114794596
831.784644,0.9027947945051966
832.025698,0.9027767387898643
832.266752,0.9011802372828466
832.507806,0.8989121221102976
832.74886,0.8991548611515633
832.989914,0.8975827161726292
833.230968,0.8960133200414647
833.472022,0.8919546397440737
833.713076,0.891883286227073
833.95413,0.8865302775663098
834.195184,0.8827087272591599
834.436238,0.8786751651962355
834.677292,0.8723452539545495
834.918346,0.8684979966342095
835.1594,0.86495309409529
835.400454,0.8595296138600182
835.641508,0.847410542390751
835.882562,0.8302403847023434
836.123616,0.8194023876280374
836.36467,0.8060495999253467
836.605724,0.785315288841433
836.846778,0.7456715926763317
837.087832,0.7529849786900585
837.328886,0.756918267749906
837.56994,0.7646248175753367
837.810994,0.7790500392008415
838.052048,0.7849384279566372
838.293102,0.8141098265737403
838.534156,0.8317444805948067
838.77521,0.845607478879791
839.016264,0.852101182841925
839.257318,0.854780985644634
839.498372,0.8555164134809311
839.739426,0.8572205862332555
839.98048,0.8578208507116755
840.221534,0.8546185926851811
840.462588,0.849064605135458
840.703642,0.8451763290181222
840.944696,0.8393646855754515
841.18575,0.8476987109610448
841.426804,0.8540803525352391
841.667858,0.8602261148920817
841.908912,0.8603035387264423
842.149966,0.8685066816576009
842.39102,0.8745463361933232
842.632074,0.8801085736260071
842.873128,0.8823380674377223
843.114182,0.8845112910527089
843.355236,0.8833798408827509
843.59629,0.8822674832157338
843.837344,0.88206458502878
844.078398,0.881923465985
844.319452,0.8813063355796519
844.560506,0.8858390535622147
844.80156,0.8861845981699227
845.042614,0.8871421945449103
845.283668,0.8876835163699538
845.524722,0.8891582947345122
845.765776,0.8907958520875792
846.00683,0.8900122965527428
846.247884,0.8897008467558432
846.488938,0.8913750576128389
846.729992,0.8889804808575458
846.971046,0.8901280056722245
847.2121,0.8918565301298297
847.453154,0.8893628246623413
847.694208,0.8889982606449602
847.935262,0.8909829388599411
848.176316,0.8910274891206313
848.41737,0.8907156840685062
848.658424,0.8930524189467661
848.899478,0.8931417286540717
849.140532,0.8958610107237165
849.381586,0.8953773763709533
849.62264,0.8980765224508026
849.863694,0.8971250656981716
850.104748,0.8982471732013761
850.345802,0.8976275964304349
850.586856,0.8957803868608797
850.82791,0.8968918435012896
851.068964,0.8967214502388968
851.310018,0.896676615287268
851.551072,0.8968111268676774
851.792126,0.8958162187929879
852.03318,0.8949476983612674
852.274234,0.8926506357662358
852.515288,0.8937403341227091
852.756342,0.8910987741711249
852.997396,0.8866278012605469
853.23845,0.8793871804072755
853.479504,0.8802317974517813
853.720558,0.8841929242973843
853.961612,0.8781129930048
854.202666,0.86947995407187
854.44372,0.8520500583047059
854.684774,0.8738994112962735
854.925828,0.8963449063095569
855.166882,0.9050989538398754
855.407936,0.9055923672126491
855.64899,0.9078028949422968
855.890044,0.9052845181451039
856.131098,0.9049251915224543
856.372152,0.9062328473993359
856.613206,0.9058260401859074
856.85426,0.9027947945051966
857.095314,0.9013785187452099
857.336368,0.8971878666507782
857.577422,0.8965152280218059
857.818476,0.9012613471540915
858.05953,0.9035805677382099
858.300584,0.9050645607331026
858.541638,0.9050537000235381
858.782692,0.902172080957868
859.023746,0.9039963104128537
859.2648,0.9014235887978891
859.505854,0.9003605362874383
859.746908,0.8976994095106342
859.987962,0.8962194268064437
860.229016,0.8941336663964776
860.47007,0.8944824465340783
860.711124,0.8927934712944959
860.952178,0.8928559690248816
861.193232,0.8912235367326844
861.434286,0.889941098416982
861.67534,0.88882936702084
861.916394,0.8885716438760662
862.157448,0.8880386608006527
862.398502,0.8859630797113413
862.639556,0.8852280354407508
862.88061,0.8847147520467684
863.121664,0.8834681832838857
863.362718,0.8816501120825887
863.603772,0.8814914293442887
863.844826,0.8779812859341265
864.08588,0.8769721877979416
864.326934,0.8749662191985556
864.567988,0.8756139338256171
864.809042,0.8741528788765721
865.050096,0.8729735687035632
865.29115,0.8747300102090205
865.532204,0.8740392463885899
865.773258,0.8742577835161898
866.014312,0.8735062450302347
866.255366,0.8732005713404902
866.49642,0.871691240299861
866.737474,0.8710638484949982
866.978528,0.8704020914696642
867.219582,0.8680725368620157
867.460636,0.8680898984863685
867.70169,0.8667714041502188
867.942744,0.8628279245141233
868.183798,0.8606391225411358
868.424852,0.8569377501103256
868.665906,0.8603379515562433
868.90696,0.8668234119946876
869.148014,0.866355453712318
869.389068,0.8680291343202451
869.630122,0.8691061580635204
869.871176,0.8685327372488825
870.11223,0.8651520561866953
870.353284,0.8630695501589989
870.594338,0.8546100465419851
870.835392,0.8470038829364803
871.076446,0.8412133206366688
871.3175,0.8377546515064553
871.558554,0.8245561808560329
871.799608,0.8219464763297814
872.040662,0.8142075256147544
872.281716,0.7868402792642076
872.52277,0.7692109729220362
872.763824,0.7762505012515275
873.004878,0.7440180378655451
873.245932,0.63130889735778
873.486986,0.7383406319206701
873.72804,0.8287390087611471
873.969094,0.8539522500902823
874.210148,0.862232778595163
874.451202,0.866502746658995
874.692256,0.8667367339874607
874.93331,0.8710986917457983
875.174364,0.8679770541346071
875.415418,0.868254851237096
875.656472,0.8685587936218436
875.897526,0.8660782643197983
876.13858,0.8626208706596963
876.379634,0.8595897830388851
876.620688,0.855507858359572
876.861742,0.8529963589691315
877.102796,0.8447453989868214
877.34385,0.8440529916854437
877.584904,0.8422149603456514
877.825958,0.8394402317966823
878.067012,0.8606821555730798
878.308066,0.8713426335297432
878.54912,0.8756927426260043
878.790174,0.8811829613290698
879.031228,0.8837155890103904
879.272282,0.8857947627168169
879.513336,0.8867696730581897
879.75439,0.8894606599538966
879.995444,0.8906711493976789
880.236498,0.8932757099617167
880.477552,0.8916870934860959
880.718606,0.8945092814099954
880.95966,0.8939280393012289
881.200714,0.8960043599530648
881.441768,0.8953415619921908
881.682822,0.8963538698034373
881.923876,0.8993257168059553
882.16493,0.8979867192887904
882.405984,0.8997484992389432
882.647038,0.9007657897039477
882.888092,0.9011802372828466
883.129146,0.9012973983289964
883.3702,0.9026864656297185
883.611254,0.9034360064125863
883.852308,0.9045931449114456
884.093362,0.9039239936007317
884.334416,0.9026684120809421
884.57547,0.9066924239457773
884.816524,0.9109566207817349
885.057578,0.9147220777581746
885.298632,0.9171685662587729
885.539686,0.9174621071640157
885.78074,0.9197972625655068
886.021794,0.9201661752298412
886.262848,0.9173547703768019
886.503902,0.914216376288518
886.744956,0.9112053458886405
886.98601,0.9042856355217344
887.227064,0.8978969251066454
887.468118,0.9147961732472998
887.709172,0.9236943981307927
887.950226,0.9293275675533169
888.19128,0.9332650825500576
888.432334,0.9372014736061693
888.673388,0.9386580782554356
888.914442,0.9411751734751854
889.155496,0.9440265388908248
889.39655,0.944838750915382
889.637604,0.9470835156312598
889.878658,0.9476907907756701
890.119712,0.9513416761955248
890.360766,0.9516271215130403
890.60182,0.9524839714470349
890.842874,0.9531585688781308
891.083928,0.9555358465432715
891.324982,0.9557403530958525
891.566036,0.9579123479788997
891.80709,0.9583185889314386
892.048144,0.9601900935575652
892.289198,0.9621181680974519
892.530252,0.9619902148901718
892.771306,0.9635075067807974
893.01236,0.9641571297387121
893.253414,0.9648197332650933
893.494468,0.9650127165094274
893.735522,0.9674592246799214
893.976576,0.9670171968253006
894.21763,0.9670123617514041
894.458684,0.9676817658928563
894.699738,0.9696142179958513
894.940792,0.9677659578687868
895.181846,0.9691140261199677
895.4229,0.9695405301154586
895.663954,0.9690839840508124
895.905008,0.9692322652435942
896.146062,0.971856615811761
896.387116,0.9702281780937131
896.62817,0.9720500345228309
896.869224,0.9714378358639076
897.110278,0.9693214387139134
897.351332,0.9711804389440019
897.592386,0.9703116213050358
897.83344,0.9724292079703111
898.074494,0.9703310277315256
898.315548,0.9697276694961402
898.556602,0.9698488930311403
898.797656,0.9679701780303664
899.03871,0.968493991575469
899.279764,0.9684591264193488
899.520818,0.9689802976118425
899.761872,0.9681502372284665
900.002926,0.967499858820669
900.24398,0.9672560795737214
900.485034,0.9653968680116762
900.726088,0.9645882043136952
900.967142,0.9646798445459471
901.208196,0.9634410270564064
901.44925,0.9621316378460932
901.690304,0.9625030923444079
901.931358,0.9614391523915231
902.172412,0.9591066506605376
902.413466,0.9586962408480197
902.65452,0.9583856735805992
902.895574,0.9574555327480079
903.136628,0.9573147971290153
903.377682,0.9548929872649592
903.618736,0.9551823636784131
903.85979,0.953856536375488
904.100844,0.9528907689479283
904.341898,0.9518907587377693
904.582952,0.952515403936726
904.824006,0.9497514121980033
905.06506,0.9507748454888418
905.306114,0.9503242850033511
905.547168,0.950608474448772
905.788222,0.9502387596663986
906.029276,0.9508290411995978
906.27033,0.952331586202748
906.511384,0.9499993296684095
906.752438,0.9504516369899341
906.993492,0.950192199107918
907.234546,0.9497447639613867
907.4756,0.9481116589125869
907.716654,0.9485791931981626
907.957708,0.9477201696455543
908.198762,0.9473591570381881
908.439816,0.9469452515315026
908.68087,0.9437207238369381
908.921924,0.946628078001772
909.162978,0.9427529629205265
909.404032,0.9429113587231719
909.645086,0.9392815541905003
909.88614,0.9404065473849682
910.127194,0.9374920511001719
910.368248,0.9357761379189461
910.609302,0.9362244820588583
910.850356,0.9332884144687691
911.09141,0.9318475971863711
911.332464,0.9315494536607797
911.573518,0.9301410850369211
911.814572,0.9274392363647589
912.055626,0.9282548138473147
912.29668,0.9268736709455665
912.537734,0.9271842256403403
912.778788,0.9264613039204637
913.019842,0.923648214565485
913.260896,0.9218082950350454
913.50195,0.9180549791622811
913.743004,0.9147833661905239
913.984058,0.9119947914987919
914.225112,0.9064866281242511
914.466166,0.9017752125596971
914.70722,0.8966676485659488
914.948274,0.8911344188349803
915.189328,0.8847147520467684
915.430382,0.8789563862420658
915.671436,0.8737246488908372
915.91249,0.8675605251235825
916.153544,0.8605444574443322
916.394598,0.8524591405045658
916.635652,0.846546624310635
916.876706,0.8394066548589536
917.11776,0.8286975728466155
917.358814,0.8209114759567714
917.599868,0.8133530563877075
917.840922,0.8035707864898517
918.081976,0.7933188955792597
918.32303,0.7841146751531868
918.564084,0.7737782075575024
918.805138,0.7646018791748871
919.046192,0.7548169571406221
919.287246,0.7426651565320835
919.5283,0.7316668438331682
919.769354,0.721083743026607
920.010408,0.7111229063880233
920.251462,0.6996885300730433
920.492516,0.6884999730200454
920.73357,0.6793424051212786
920.974624,0.6682185421788079
921.215678,0.6578291709372305
921.456732,0.6469605241636915
921.697786,0.6384639918562193
921.93884,0.6284492512722115
922.179894,0.6181896447941725
922.420948,0.6108951124080595
922.662002,0.6033547178911615
922.903056,0.5976081544053592
923.14411,0.5913128763808586
923.385164,0.5863901065829045
923.626218,0.5815722890270414
923.867272,0.5782378440814399
924.108326,0.5750835180211084
924.34938,0.5736074509384349
924.590434,0.57417560350398
924.831488,0.5756185944648488
925.072542,0.5802884334512427
925.313596,0.5846394187468134
925.55465,0.589087823696583
925.795704,0.5950082547519826
926.036758,0.6002494260897092
926.277812,0.6080367224946631
926.518866,0.6134110580467113
926.75992,0.6202640527976355
927.000974,0.6233980747248974
927.242028,0.6284303980774727
927.483082,0.6305454755553113
927.724136,0.6304130749079992
927.96519,0.6282544621981836
928.206244,0.6209529281513319
928.447298,0.61291439626487
928.688352,0.6006937750538552
928.929406,0.5846277260753655
929.17046,0.5666349555306894
929.411514,0.5482466511260575
929.652568,0.5352239615303538
929.893622,0.5206537736881206
930.134676,0.5086424322305592
930.37573,0.4952859531880382
930.616784,0.5094467224954736
930.857838,0.5439869616329014
931.098892,0.600543620380208
931.339946,0.6332626588575737
931.581,0.6481909176632838
931.822054,0.6610273918327709
932.063108,0.6627681820089669
932.304162,0.6636767966772521
932.545216,0.6578094363581225
932.78627,0.6502359382704033
933.027324,0.6389557984511883
933.268378,0.6288452990424614
933.509432,0.6179856758681143
933.750486,0.6079880815025293
933.99154,0.5980565286404839
934.232594,0.5913601833032208
934.473648,0.5848089887647141
934.714702,0.5794070650420806
934.955756,0.5757164579440678
935.19681,0.5742157972029884
935.437864,0.5741928290304668
935.678918,0.5760274287859283
935.919972,0.5782031508516022
936.161026,0.5834421355729341
936.40208,0.5888699015199041
936.643134,0.5965990495581853
936.884188,0.6064518158518328
937.125242,0.6161776279215547
937.366296,0.6281036992195371
937.60735,0.6396206581486942
937.848404,0.6529139074336159
938.089458,0.6660370362519586
938.330512,0.6798928953878868
938.571566,0.697076582357371
938.81262,0.7122829819301523
939.053674,0.7282069494211134
939.294728,0.7439213218073025
939.535782,0.7599444047668777
939.776836,0.7761651183925332
940.01789,0.7917100917096381
940.258944,0.8065091791649444
940.499998,0.8201811897687284
940.741052,0.8340182453034796
940.982106,0.8471394143999781
941.22316,0.8597703158486049
941.464214,0.8706806647082755
941.705268,0.8817823695184608
941.946322,0.8934990568063994
942.187376,0.9019195081370449
942.42843,0.9111871219639627
942.669484,0.9184599306933413
942.910538,0.9248451138283508
943.151592,0.9321197364151432
943.392646,0.9393538816547446
943.6337,0.9429764218515759
943.874754,0.9470408978319641
944.115808,0.9533454062670969
944.356862,0.9551928707422024
944.597916,0.9586885713087712
944.83897,0.9614256923376102
945.080024,0.9643075499834255
945.321078,0.9658941754443746
945.562132,0.967892743513546
945.803186,0.9691159643499582
946.04424,0.970496968524801
946.285294,0.9725332634624335
946.526348,0.9726859631714105
946.767402,0.9758884423234446
947.008456,0.976898032841154
947.24951,0.9764487630860128
947.490564,0.9770406703662348
947.731618,0.9781189407824638
947.972672,0.978714796637092
948.213726,0.9781707824601176
948.45478,0.9780905757444761
948.695834,0.9778099040275554
948.936888,0.9783752415188791
949.177942,0.9799781534146794
949.418996,0.9810979277353187
949.66005,0.9803751249481218
949.901104,0.9806006371597701
950.142158,0.9808389520686887
950.383212,0.9830266974973109
950.624266,0.980346694481742
950.86532,0.9827947305698755
951.106374,0.9825854175848884
951.347428,0.9830925624924959
951.588482,0.9801584859849954
951.829536,0.9817967181997509
952.07059,0.9817653012074431
952.311644,0.9831073089915316
952.552698,0.9813687481348696
952.793752,0.9807546035458492
953.034806,0.983658986923067
953.27586,0.9826384786300734
953.516914,0.9826610795749917
953.757968,0.981679891341621
953.999022,0.9833236163924515
954.240076,0.9835360372342172
954.48113,0.9824056209053683
954.722184,0.9817780642393183
954.963238,0.9819096313147235
955.204292,0.9823496253808643
955.445346,0.9816955983455382
955.6864,0.9820500544320152
955.927454,0.9803437534460702
956.168508,0.9804192428213891
956.409562,0.9812431409741381
956.650616,0.9819214143009971
956.89167,0.9802741515104735
957.132724,0.980188871369032
957.373778,0.979306118935618
957.614832,0.9800310736637977
957.855886,0.9792101516384367
958.09694,0.9792277775797992
958.337994,0.9780729702725625
958.579048,0.9804457144983114
958.820102,0.9793727140159127
959.061156,0.9787979909305136
959.30221,0.9781414377768162
959.543264,0.9790681764598983
959.784318,0.9787666698959431
960.025372,0.9785875719833109
960.266426,0.9790936325634142
960.50748,0.9782813220039022
960.748534,0.9796224859025489
960.989588,0.9779820137158726
961.230642,0.9780230898230409
961.471696,0.9779331158376439
961.71275,0.9774960774202278
961.953804,0.9772556429598336
962.194858,0.9765825457304576
962.435912,0.9757889067787268
962.676966,0.9769625102390522
962.91802,0.9763013304542307
963.159074,0.9763247619673386
963.400128,0.9747999583088635
963.641182,0.9738568085073706
963.882236,0.9728338226748502
964.12329,0.9719159008735014
964.364344,0.970929906710802
964.605398,0.9695521646716272
964.846452,0.9718527283930726
965.087506,0.9742815026524757
965.32856,0.9748672218265514
965.569614,0.974194795457267
965.810668,0.9741314748535042
966.051722,0.9744802763532449
966.292776,0.9733505346095681
966.53383,0.9754649986334035
966.774884,0.9732376324960026
967.015938,0.9752543209477079
967.256992,0.9748535737809824
967.498046,0.9748545486350436
967.7391,0.9740477031489018
967.980154,0.9746108654595509
968.221208,0.9737321628133762
968.462262,0.9741071218710464
968.703316,0.9729301379908245
968.94437,0.9726879085452823
969.185424,0.9723679468599542
969.426478,0.9721686318613333
969.667532,0.971037685912082
969.908586,0.9721851588685541
970.14964,0.9713397255971372
970.390694,0.9723358592471564
970.631748,0.9709182556218282
970.872802,0.9714397787415222
971.113856,0.971775955060116
971.35491,0.9720247615504835
971.595964,0.9698983565859948
971.837018,0.9706474072136196
972.078072,0.9689812665926245
972.319126,0.9670355703265879
972.56018,0.9675550078843551
972.801234,0.967228029554141
973.042288,0.9664062350411669
973.283342,0.9663830415698487
973.524396,0.965447069954052
973.76545,0.966315397124522
974.006504,0.96337936880376
974.247558,0.965637281762081
974.488612,0.9638756369567747
974.729666,0.9624963548463428
974.97072,0.9623645018778634
975.211774,0.9609854601913764
975.452828,0.959999994739445
975.693882,0.9589464932233954
975.934936,0.9575120242909242
976.17599,0.9572238565430343
976.417044,0.9547478545612599
976.658098,0.9529012508040369
976.899152,0.9543354925646937
977.140206,0.9527049733636417
977.38126,0.9521297133057562
977.622314,0.94997178008732
977.863368,0.9487063113267756
978.104422,0.9479628170665282
978.345476,0.9460687860947106
978.58653,0.9436273001098291
978.827584,0.9441577676999215
979.068638,0.9415630175370477
979.309692,0.9403971433665145
979.550746,0.9397174819590659
979.7918,0.9371349346637038
980.032854,0.937012178027998
980.273908,0.935070828645966
980.514962,0.9331801592916124
980.756016,0.932218546344037
980.99707,0.9308706015807083
981.238124,0.930565326091307
981.479178,0.9302164295162192
981.720232,0.9279698833585315
981.961286,0.9274271797330544
982.20234,0.925894483067337
982.443394,0.9247443112047863
982.684448,0.9243680168512213
982.925502,0.9207985465869136
983.166556,0.9214295096715102
983.40761,0.9195581463636929
983.648664,0.9174180700397712
983.889718,0.9158707746222745
984.130772,0.9155988013922355
984.371826,0.9151328801893323
984.61288,0.9122191698149019
984.853934,0.9101771755644926
985.094988,0.9083223067358148
985.336042,0.9068402268564905
985.577096,0.9047921772960857
985.81815,0.9038064911193904
986.059204,0.9010540808807812
986.300258,0.8996405358969646
986.541312,0.8965062629143513
986.782366,0.8967483522859327
987.02342,0.8948850542149528
987.264474,0.8950819505846866
987.505528,0.8917495137673243
987.746582,0.8919903186432367
987.987636,0.8905642752723268
988.22869,0.8907067769562012
988.469744,0.8889804808575458
988.710798,0.8873373872981257
988.951852,0.8844847561120034
989.192906,0.8847678365244096
989.43396,0.8824351299634815
989.675014,0.8818970086778821
989.916068,0.8805663490955995
990.157122,0.8794487396644529
990.398176,0.8760518502625159
990.63923,0.8752900165984839
990.880284,0.8731219868254257
991.121338,0.8717784137824924
991.362392,0.8695147339656261
991.603446,0.8654376034779486
991.8445,0.863967609401025
992.085554,0.862068969929546
992.326608,0.8587907361550513
992.567662,0.8574606416035844
992.808716,0.854644231627544
993.04977,0.8531328493055023
993.290824,0.8515134358218049
993.531878,0.8506368285131718
993.772932,0.8475715656905343
994.013986,0.8480548191971432
994.25504,0.8470970584881647
994.496094,0.8459119523741284
994.737148,0.84358889017963
994.978202,0.8413226854769121
995.219256,0.8363651324048887
995.46031,0.8328347798544791
995.701364,0.8301241591844611
995.942418,0.8268268310664438
996.183472,0.8229416335148199
996.424526,0.822900487461804
996.66558,0.8230157015948497
996.906634,0.8212891821014645
997.147688,0.8198203894271263
997.388742,0.8181823871965034
997.629796,0.8151851611094727
997.87085,0.813955160400443
998.111904,0.813027780224722
998.352958,0.8101223446043794
998.594012,0.8094178446664828
998.835066,0.8055741709267368
999.07612,0.8051473297390519
999.317174,0.8039083571050443
999.558228,0.8017647847341316
999.799282,0.8028880415290506
1000.040336,0.8020213905199826
1000.28139,0.8033297514109743
1000.522444,0.8048414318780257
1000.763498,0.8043345414631886
1001.004552,0.8047770471388993
1001.245606,0.8054372349575664
1001.48666,0.8042943257415168
1001.727714,0.8039244354329691
1001.968768,0.8035788222378952
1002.209822,0.8054775078261276
1002.450876,0.8061140864727683
1002.69193,0.808317784608132
1002.932984,0.8075340965072387
1003.174038,0.8062511375164773
1003.415092,0.8067108316652478
1003.656146,0.8065575711674398
1003.8972,0.8092155154975161
1004.138254,0.8104707721191062
1004.379308,0.814842855231073
1004.620362,0.8185424666585422
1004.861416,0.823929756230092
1005.10247,0.8252243419312301
1005.343524,0.8250510630143475
1005.584578,0.8268764421646259
1005.825632,0.8255875205351133
1006.066686,0.8252573515650955
1006.30774,0.8210099912446852
1006.548794,0.8206734461447348
1006.789848,0.8205175330021849
1007.030902,0.818951840226735
1007.271956,0.8161231632926282
1007.51301,0.8159925940323208
1007.754064,0.8130928250488982
1007.995118,0.8138005236109271
1008.236172,0.8147124908036684
1008.477226,0.8172583632708131
1008.71828,0.8268350993760959
1008.959334,0.8355960303242808
1009.200388,0.8434454922574682
1009.441442,0.8469615338010708
1009.682496,0.8501691068927256
1009.92355,0.8506538414198705
1010.164604,0.8527404984424387
1010.405658,0.8532778942183525
1010.646712,0.8547553425997122
1010.887766,0.8543622455613668
1011.12882,0.8562353491789748
1011.369874,0.8575978462823225
1011.610928,0.8594608542413309
1011.851982,0.8605788799110746
1012.093036,0.8619827673427541
1012.33409,0.8640367295745472
1012.575144,0.8663901086235601
1012.816198,0.8682114395798347
1013.057252,0.8694973438448486
1013.298306,0.8717348259515082
1013.53936,0.8748262358024541
1013.780414,0.8784906627849756
1014.021468,0.8814297271038382
1014.262522,0.8849625068613969
1014.503576,0.8866898673789239
1014.74463,0.8920438396679701
1014.985684,0.8965959180233235
1015.226738,0.8991908280653429
1015.467792,0.9024427731839592
1015.708846,0.9076812575042649
1015.9499,0.911868033032691
1016.190954,0.9157462246665148
1016.432008,0.9211374628088177
1016.673062,0.9234441108643556
1016.914116,0.9281508551299607
1017.15517,0.9297886283604512
1017.396224,0.9356049065538546
1017.637278,0.9382704925110815
1017.878332,0.9401536120450501
1018.119386,0.9421450833216877
1018.36044,0.9450976722037295
1018.601494,0.9478680255244777
1018.842548,0.9511618896090915
1019.083602,0.9518602987208525
1019.324656,0.9564507320513043
1019.56571,0.9557537335544588
1019.806764,0.9600268751156211
1020.047818,0.9612036286520234
1020.288872,0.9627090900471377
1020.529926,0.9654644481577146
1020.77098,0.9644618515352178
1021.012034,0.9671941771655268
1021.253088,0.9666324005605003
1021.494142,0.9691944659223413
1021.735196,0.9697732477676875
1021.97625,0.9714941808923777
1022.217304,0.9714096645751532
1022.458358,0.9731335016404257
1022.699412,0.9714300643923066
1022.940466,0.9731120929388862
1023.18152,0.9742386352094496
1023.422574,0.9765376239665624
1023.663628,0.9758006163158652
1023.904682,0.9765835223134915
1024.145736,0.975549867780039
1024.38679,0.97586209369121
1024.627844,0.9763540521495482
1024.868898,0.9751733781982398
1025.109952,0.9773494640048958
1025.351006,0.9751177948998215
1025.59206,0.9756659651219597
1025.833114,0.9766860689669395
1026.074168,0.9769224555972582
1026.315222,0.9756435250628235
1026.556276,0.975645476351825
1026.79733,0.9767778817725566
1027.038384,0.9737866933413343
1027.279438,0.974921815919594
1027.520492,0.9749637384590067
1027.761546,0.9757742700549008
1028.0026,0.9751568003917221
1028.243654,0.9766040307827983
1028.484708,0.9748506492246478
1028.725762,0.9750241880847103
1028.966816,0.9730420313904405
1029.20787,0.9741139406447652
1029.448924,0.9739912100204356
1029.689978,0.9741022513476134
1029.931032,0.9729330567856167
1030.172086,0.9739074503780901
1030.41314,0.9720937777586
1030.654194,0.9712561939726472
1030.895248,0.972620795395023
1031.136302,0.9704018644820599
1031.377356,0.9713882937976119
1031.61841,0.9700234815443807
1031.859464,0.9713746944566944
1032.100518,0.9690868913071256
1032.341572,0.9701534734001674
1032.582626,0.9677824100299135
1032.82368,0.9682199465550525
1033.064734,0.9675521052236855
1033.305788,0.9669852857843404
1033.546842,0.9676333830141437
1033.787896,0.9643567309225779
1034.02895,0.9666391670109867
1034.270004,0.9656102442967178
1034.511058,0.9646181070115183
1034.752112,0.9633109712967152
1034.993166,0.9628429159113363
1035.23422,0.9612699539905982
1035.475274,0.9633186778153116
1035.716328,0.9617920653160112
1035.957382,0.9599683152623328
1036.198436,0.9598848016517997
1036.43949,0.9613526267615196
1036.680544,0.9575531981932012
1036.921598,0.9581039496080197
1037.162652,0.9587365069357173
1037.403706,0.9567310131749748
1037.64476,0.9563646553589289
1037.885814,0.954899671539265
1038.126868,0.9541513235875067
1038.367922,0.9535780509277204
1038.608976,0.951699447922644
1038.85003,0.9511390619976733
1039.091084,0.9501883983467231
1039.332138,0.9495966153341022
1039.573192,0.9467653490249909
1039.814246,0.9464397177567155
1040.0553,0.9460451346707023
1040.296354,0.9451827348219882
1040.537408,0.9424070360645953
1040.778462,0.9418756683560342
1041.019516,0.9408006602892101
1041.26057,0.9419726865462259
1041.501624,0.9393491848970782
1041.742678,0.9382226419361634
1041.983732,0.9342726190423154
1042.224786,0.9315066033714755
1042.46584,0.9266290085932883
1042.706894,0.9247165692915809
1042.947948,0.9217585187310857
1043.189002,0.9274512931532006
1043.430056,0.9311210394549174
1043.67111,0.932224139672095
1043.912164,0.9321169400601286
1044.153218,0.9322670229688281
1044.394272,0.9337346329686105
1044.635326,0.932743533155549
1044.87638,0.9349193594410623
1045.117434,0.9334265513759895
1045.358488,0.9341791964516185
1045.599542,0.9328200212612373
1045.840596,0.9327789780832584
1046.08165,0.9304741351577788
1046.322704,0.9281295079057867
1046.563758,0.9268931354970334
1046.804812,0.9266076963711822
1047.045866,0.9244077655305363
1047.28692,0.9232982182206614
1047.527974,0.9267902560689072
1047.769028,0.9302350340308541
1048.010082,0.9309190081105494
1048.251136,0.9307644883806955
1048.49219,0.9331549637674527
1048.733244,0.9329907429456857
1048.974298,0.9323117728599195
1049.215352,0.9312541992842603
1049.456406,0.9314823845146344
1049.69746,0.9304387778124366
1049.938514,0.930565326091307
1050.179568,0.9299969243414828
1050.420622,0.9293814701153942
1050.661676,0.9288685931109667
1050.90273,0.9292783144974541
1051.143784,0.9264724215228163
1051.384838,0.928220469054585
1051.625892,0.9288955306907599
1051.866946,0.9303931874292973
1052.108,0.9282910164910018
1052.349054,0.9281090892812185
1052.590108,0.9277685357408493
1052.831162,0.9271369404506152
1053.072216,0.9276071180593759
1053.31327,0.9267633795411927
1053.554324,0.9266039899478096
1053.795378,0.9273826642968063
1054.036432,0.9276154665610067
1054.277486,0.9279160626661118
1054.51854,0.9277908024529066
1054.759594,0.9291370749281297
1055.000648,0.9282464595915842
1055.241702,0.9278845140563107
1055.482756,0.9272815850953144
1055.72381,0.9258528187530531
1055.964864,0.9288946017956936
1056.205918,0.9279949388836303
1056.446972,0.9276145389460039
1056.688026,0.9288305102793525
1056.92908,0.9282724508563289
1057.170134,0.9282241819438869
1057.411188,0.9287506342901852
1057.652242,0.9310670360007444
1057.893296,0.9308510535033306
1058.13435,0.9319137607145488
1058.375404,0.9315904427384939
1058.616458,0.9315112609161362
1058.857512,0.9342296434902847
1059.098566,0.9341623813774186
1059.33962,0.9336562025535646
1059.580674,0.9335385692830946
1059.821728,0.9344361310575319
1060.062782,0.9341175426592503
1060.303836,0.9348520476704353
1060.54489,0.9342688819593135
1060.785944,0.935278437413646
1061.026998,0.9341978802223847
1061.268052,0.9357012788223164
1061.509106,0.9359670557240355
1061.75016,0.9346202331088068
1061.991214,0.9350072459914529
1062.232268,0.9352616025532867
1062.473322,0.935336426474408
1062.714376,0.9357789452515708
1062.95543,0.9358959249308049
1063.196484,0.9345884565610855
1063.437538,0.9343903448088823
1063.678592,0.9356292325976623
1063.919646,0.9349801311744859
1064.1607,0.9338700343067508
1064.401754,0.9328069618723556
1064.642808,0.9327481968848742
1064.883862,0.9336739421899392
1065.124916,0.9329664855017173
1065.36597,0.9311936697285388
1065.607024,0.9306742086039624
1065.848078,0.9299206677202511
1066.089132,0.930259220456161
1066.330186,0.9288425851544726
1066.57124,0.9280515483014719
1066.812294,0.9271870071971895
1067.053348,0.9281954074402538
1067.294402,0.9261454344746282
1067.535456,0.9229483544993189
1067.77651,0.9216184220838536
1068.017564,0.9202462331695561
1068.258618,0.9198441734221142
1068.499672,0.9168155243256961
1068.740726,0.9159605343563426
1068.98178,0.9137703475367562
1069.222834,0.9127894850009669
1069.463888,0.9117358217534507
1069.704942,0.9102736594586586
1069.945996,0.9069744491422694
1070.18705,0.9043308509338863
1070.428104,0.9032553372788193
1070.669158,0.9013244376565341
1070.910212,0.8991099045324306
1071.151266,0.8988312236597926
1071.39232,0.8945897908681936
1071.633374,0.8933829094787545
1071.874428,0.8911255075353486
1072.115482,0.8891138379312049
1072.356536,0.8870800967647398
1072.59759,0.8861225674191524
1072.838644,0.8841045094257718
1073.079698,0.8790970305151065
1073.320752,0.8777354855877194
1073.561806,0.8767442046682054
1073.80286,0.8743364702575565
1074.043914,0.8712555036229581
1074.284968,0.8706110130412027
1074.526022,0.8674737734087282
1074.767076,0.8655674288551302
1075.00813,0.862698510031775
1075.249184,0.8612073318504592
1075.490238,0.8582670335515299
1075.731292,0.8571005837515526
1075.972346,0.8552683496920095
1076.2134,0.8535168454803492
1076.454454,0.852544390681054
1076.695508,0.8514368030611069
1076.936562,0.8494807487388308
1077.177616,0.8494977385237029
1077.41867,0.8482244471232099
1077.659724,0.8455482884279595
1077.900778,0.8448805690639771
1078.141832,0.8432599546590557
1078.382886,0.8433695855790168
1078.62394,0.8459204115359479
1078.864994,0.8494297814229412
1079.106048,0.8542853564193296
1079.347102,0.8559528381306325
1079.588156,0.8588508536106685
1079.82921,0.8589023862078476
1080.070264,0.8612159439668381
1080.311318,0.8608198757352906
1080.552372,0.859409288137075
1080.793426,0.8557645492187835
1081.03448,0.8529281219899295
1081.275534,0.8458950343042623
1081.516588,0.8408516766678207
1081.757642,0.840523808452378
1081.998696,0.846546624310635
1082.23975,0.8469361253361856
1082.480804,0.8482159649211497
1082.721858,0.8482923077933703
1082.962912,0.8492684050957074
1083.203966,0.8461657640296855
1083.44502,0.846013467899223
1083.686074,0.845201684688326
1083.927128,0.842492937146215
1084.168182,0.843352718355978
1084.409236,0.8412133206366688
1084.65029,0.841482551973989
1084.891344,0.8413899939840547
1085.132398,0.8399272483522727
1085.373452,0.8398180649070647
1085.614506,0.8405658356934728
1085.85556,0.8394989946695846
1086.096614,0.8400700481221292
1086.337668,0.8408264514959001
1086.578722,0.8428131452980262
1086.819776,0.843032305205357
1087.06083,0.8433442848709619
1087.301884,0.8455990228472825
1087.542938,0.8461149956069116
1087.783992,0.847308859226776
1088.025046,0.8482074828039111
1088.2661,0.8516156235652454
1088.507154,0.8546100465419851
1088.748208,0.8578122725460592
1088.989262,0.8608543092189851
1089.230316,0.86206034928295
1089.47137,0.863449384318456
1089.712424,0.860071288126228
1089.953478,0.8668580856246353
1090.194532,0.8719004713042492
1090.435586,0.8744064199731284
1090.67664,0.8775862832377285
1090.917694,0.88206458502878
1091.158748,0.8829382613663882
1091.399802,0.8874172512568068
1091.640856,0.8896118811195236
1091.88191,0.8914017992656901
1092.122964,0.8915890133003215
1092.364018,0.8950282472787668
1092.605072,0.8963807608228948
1092.846126,0.8972147826905164
1093.08718,0.8991368782341701
1093.328234,0.8984897326821969
1093.569288,0.9001804821861911
1093.810342,0.9016940564426467
1094.051396,0.9030837350674626
1094.29245,0.9053406475252217
1094.533504,0.908363182159308
1094.774558,0.9084894534172773
1095.015612,0.91048395696242
1095.256666,0.9108445800080276
1095.49772,0.9138416244036258
1095.738774,0.914715674726041
1095.979828,0.9175144039945695
1096.220882,0.9188714929253484
1096.461936,0.9205886284498689
1096.70299,0.9213217087253569
1096.944044,0.9249931008852121
1097.185098,0.9270192015357573
1097.426152,0.9292736681174976
1097.667206,0.931773052360429
1097.90826,0.932844274897086
1098.149314,0.9347071568323765
1098.390368,0.937283013681315
1098.631422,0.9388965276891086
1098.872476,0.942311857760538
1099.11353,0.9419312406598341
1099.354584,0.9446828653823912
1099.595638,0.9448510338989832
1099.836692,0.9474283167809517
1100.077746,0.9480547739196189
1100.3188,0.95011428654205
1100.559854,0.9505438352702663
1100.800908,0.9528669469764806
1101.041962,0.9552759761369892
1101.283016,0.9554078133182524
1101.52407,0.9567865051829916
1101.765124,0.95810682392418
1102.006178,0.9605396663700123
1102.247232,0.9593522133937954
1102.488286,0.9596573359095634
1102.72934,0.962680209207651
1102.970394,0.9618151486025772
1103.211448,0.9629132060097552
1103.452502,0.9636260254928829
1103.693556,0.9621595400681711
1103.93461,0.9621547292824977
1104.175664,0.9639508221886433
1104.416718,0.9645650544745908
1104.657772,0.9640742157909055
1104.898826,0.9642506575163207
1105.13988,0.9647348328642383
1105.380934,0.965196086345147
1105.621988,0.9647203619502775
1105.863042,0.965774411992107
1106.104096,0.9661076616465043
1106.34515,0.9657570282091457
1106.586204,0.9644608870738485
1106.827258,0.9663907726651055
1107.068312,0.9654615517687147
1107.309366,0.9658922436579556
1107.55042,0.965380456404419
1107.791474,0.9629757974023441
1108.032528,0.9650735142256756
1108.273582,0.9644174873104321
1108.514636,0.9653650104406847
1108.75569,0.9628275105479249
1108.996744,0.964376018250069
1109.237798,0.9640057689514759
1109.478852,0.9646325763916436
1109.719906,0.9624434190025752
1109.96096,0.9629074285478516
1110.202014,0.9626108987277953
1110.443068,0.9620816083017046
1110.684122,0.9621537671282495
1110.925176,0.9621431834950211
1111.16623,0.9611940166637969
1111.407284,0.9604618658080016
1111.648338,0.9613468586630634
1111.889392,0.9609028189954224
1112.130446,0.96097200648911
1112.3715,0.9593800350113953
1112.612554,0.959285061089216
1112.853608,0.9591028142416078
1113.094662,0.957253530942538
1113.335716,0.956991279405161
1113.57677,0.9572219420972357
1113.817824,0.9550973562309334
1114.058878,0.9543345382296783
1114.299932,0.9527888150902796
1114.540986,0.9542295672039853
1114.78204,0.9519650091126778
1115.023094,0.9502283070975315
1115.264148,0.9507567809383913
1115.505202,0.9489302324379005
1115.746256,0.9502815213727148
1115.98731,0.9489587007718966
1116.228364,0.9479391182923375
1116.469418,0.9485915248078295
1116.710472,0.9489473133358121
1116.951526,0.946694344286525
1117.19258,0.9455996523315987
1117.433634,0.9450485284025248
1117.674688,0.9447480507489718
1117.915742,0.9454304051419068
1118.156796,0.9422261112830058
1118.39785,0.942414575351041
1118.638904,0.9437764050022227
1118.879958,0.9423655710672452
1119.121012,0.9418766102321735
1119.362066,0.9409267360245744
1119.60312,0.9414820465993399
1119.844174,0.9431631496685464
1120.085228,0.9404686162653462
1120.326282,0.9419463116802524
1120.567336,0.9408571100223024
1120.80839,0.9401338690264995
1121.049444,0.9391895091084723
1121.290498,0.938745377516066
1121.531552,0.9375201762835805
1121.772606,0.9364613768187428
1122.01366,0.9354056439309814
1122.254714,0.9321728687543762
1122.495768,0.9320544903172343
1122.736822,0.9311312818426845
1122.977876,0.9269997343369314
1123.21893,0.9296993729364574
1123.459984,0.9319435824320366
1123.701038,0.929755156572326
1123.942092,0.9310381733700014
1124.183146,0.9338522909446614
1124.4242,0.9325952387234971
1124.665254,0.9294521057912446
1124.906308,0.9301606182048043
1125.147362,0.929767243467926
1125.388416,0.9285435459899422
1125.62947,0.9274874644589695
1125.870524,0.9268440114626505
1126.111578,0.9246814307295848
1126.352632,0.9241840859176027
1126.593686,0.9218414807310056
1126.83474,0.9212894630298545
1127.075794,0.9215870875901921
1127.316848,0.9194965380317888
1127.557902,0.9166807623488683
1127.798956,0.9153690149324932
1128.04001,0.9129912337695699
1128.281064,0.9116565041873222
1128.522118,0.908303232167657
1128.763172,0.9044212885407846
1129.004226,0.9032192077879228
1129.24528,0.9007477745683056
1129.486334,0.8987233703842794
1129.727388,0.8956908133009462
1129.968442,0.8954579639612138
1130.209496,0.8950998524027158
1130.45055,0.8941515492486335
1130.691604,0.8901636115045632
1130.932658,0.8887671511427297
1131.173712,0.8866544004935711
1131.414766,0.8824263056563034
1131.65582,0.8772002302109981
1131.896874,0.8741878456910588
1132.137928,0.8684198353318238
1132.378982,0.8635270982601195
1132.620036,0.8582927819487605
1132.86109,0.8532181668562393
1133.102144,0.8463942596314916
1133.343198,0.8410366843867905
1133.584252,0.8320606035569915
1133.825306,0.8258352339464277
1134.06636,0.8156662622654124
1134.307414,0.8098307530499508
1134.548468,0.7986280188558275
1134.789522,0.78890450374915
1135.030576,0.7783102930986342
1135.27163,0.7688725945426531
1135.512684,0.7568047385246482
1135.753738,0.7439808378936589
1135.994792,0.7307016807470869
1136.235846,0.7185499902721848
1136.4769,0.7037937038999784
1136.717954,0.6913355309892415
1136.959008,0.6769891721958864
1137.200062,0.6612191175752914
1137.441116,0.6458874605827631
1137.68217,0.6295437048679229
1137.923224,0.6132331946313194
1138.164278,0.5968078957714861
1138.405332,0.5806134859801888
1138.646386,0.5619850673460947
1138.88744,0.5444059928996927
1139.128494,0.5276194467125072
1139.369548,0.5102012618661727
1139.610602,0.49329890030847356
1139.851656,0.4758036546877345
1140.09271,0.45929158921483465
1140.333764,0.44276771138106896
1140.574818,0.4271115750514851
1140.815872,0.41009764053093656
1141.056926,0.39580643014528255
1141.29798,0.3810060594171051
1141.539034,0.3670709960166083
1141.780088,0.3525016415010814
1142.021142,0.340105301169467
1142.262196,0.3274237747015447
1142.50325,0.3168268084466998
1142.744304,0.3062970182279393
1142.985358,0.2962652829045335
1143.226412,0.28690618448156935
1143.467466,0.2784546693522916
1143.70852,0.2706848635185634
1143.949574,0.2633687862294703
1144.190628,0.25668644431459786
1144.431682,0.251628873802275
1144.672736,0.24662162487102657
1144.91379,0.2428770331842411
1145.154844,0.2394046649599187
1145.395898,0.23635981386767552
1145.636952,0.23340036390115132
1145.878006,0.23050101801597056
1146.11906,0.2282759670844596
1146.360114,0.2260723948071014
1146.601168,0.22373342562273715
1146.842222,0.22088788806609533
1147.083276,0.21677398760218144
1147.32433,0.21127387529143107
1147.565384,0.20488631800059076
1147.806438,0.19948823835583873
1148.047492,0.19386368917494273
1148.288546,0.18577853253380452
1148.5296,0.17671800658671805
1148.770654,0.18253743567663427
1149.011708,0.21036734805803667
1149.252762,0.21958848653038082
1149.493816,0.21007303983458217
1149.73487,0.22514739553267432
1149.975924,0.2273419516594342
1150.216978,0.2227734373465347
1150.458032,0.21388859149722989
1150.699086,0.2003078191255799
1150.94014,0.18385644795959658
1151.181194,0.16419508753194353
1151.422248,0.14600710413480741
1151.663302,0.12699596051473355
1151.904356,0.10940485626375318
1152.14541,0.11697442006627513
1152.386464,0.1588650784822517
1152.627518,0.1859830013568271
1152.868572,0.19337963527149607
1153.109626,0.19204990862075413
1153.35068,0.18813415127705943
1153.591734,0.18219094382034842
1153.832788,0.17502963089351833
1154.073842,0.1686381472685955
1154.314896,0.16280534406506
1154.55595,0.1578358042373136
1154.797004,0.15598428718166135
1155.038058,0.15458672705113194
1155.279112,0.15268168729205112
1155.520166,0.15117759612378726
1155.76122,0.14979314050032952
1156.002274,0.14898643759974645
1156.243328,0.1488524101273161
1156.484382,0.14830267384911702
1156.725436,0.14848074387838514
1156.96649,0.14797676659607656
1157.207544,0.1477697440724223
1157.448598,0.14723872939367905
1157.689652,0.14771064799479677
1157.930706,0.14818407915424073
1158.17176,0.1488524101273161
1158.412814,0.14821371893395074
1158.653868,0.15300265573427285
1158.894922,0.15329363712495223
1159.135976,0.16265888517178936
1159.37703,0.18039615235322465
1159.618084,0.19245363719549094
1159.859138,0.2027665422335842
1160.100192,0.21273670599308644
1160.341246,0.22033635804571078
1160.5823,0.22718286797905665
1160.823354,0.23298062112795564
1161.064408,0.2386159316912196
1161.305462,0.24431424328070817
1161.546516,0.251327100254054
1161.78757,0.25696895475560005
1162.028624,0.2621076452153925
1162.269678,0.2663350969676039
1162.510732,0.2701980690107216
1162.751786,0.27354202845125036
1162.99284,0.27731534242415656
1163.233894,0.28091588390360006
1163.474948,0.2846770212809415
1163.716002,0.28843082398508063
1163.957056,0.2914753031816046
1164.19811,0.2957324850572233
1164.439164,0.299512238247311
1164.680218,0.3044038515959252
1164.921272,0.308294433413212
1165.162326,0.31223474070801055
1165.40338,0.31549892635560106
1165.644434,0.3175245947087303
1165.885488,0.3197870415131641
1166.126542,0.3205554521367069
1166.367596,0.319691119789688
1166.60865,0.3180330407085957
1166.849704,0.31755634875587707
1167.090758,0.3176516299519686
1167.331812,0.31376844544540006
1167.572866,0.30740167468214874
1167.81392,0.2999918414087205
1168.054974,0.2929070370505135
1168.296028,0.2894710462280245
1168.537082,0.2860467557158447
1168.778136,0.2917085767211244
1169.01919,0.30413001137607204
1169.260244,0.3109571990211882
1169.501298,0.3141766096737444
1169.742352,0.3214864121875292
1169.983406,0.32193680836835364
1170.22446,0.32029911032539354
1170.465514,0.3166684346392278
1170.706568,0.31401956063443914
1170.947622,0.31204745605460027
1171.188676,0.30965391759212335
1171.42973,0.307740002570523
1171.670784,0.30571560640944184
1171.911838,0.30437341273273416
1172.152892,0.30285534400353536
1172.393946,0.30397798438030016
1172.635,0.3071865688057115
1172.876054,0.3093134855547195
1173.117108,0.3118290992691532
1173.358162,0.3139253688957161
1173.599216,0.318542300873219
1173.84027,0.3223555983737564
1174.081324,0.32562788715856034
1174.322378,0.32791527889958855
1174.563432,0.32824335819079375
1174.804486,0.3261493088040938
1175.04554,0.31790585293156354
1175.286594,0.3019783357824821
1175.527648,0.2733779524618987
1175.768702,0.23652532365905152
1176.009756,0.20748421800731442
1176.25081,0.2881425373284478
1176.491864,0.3342386567502572
1176.732918,0.3574356260696908
1176.973972,0.37051549991235266
1177.215026,0.3778945842128355
1177.45608,0.3800699364143192
1177.697134,0.3802410063735597
1177.938188,0.37854133676767643
1178.179242,0.37717349441696135
1178.420296,0.3736372021857441
1178.66135,0.36710770495162615
1178.902404,0.3590118078814776
1179.143458,0.3561867881197145
1179.384512,0.35232543473569317
1179.625566,0.3444177392708358
1179.86662,0.3518677092565612
1180.107674,0.36360033330456926
1180.348728,0.357793240473161
1180.589782,0.3473230334330827
1180.830836,0.3306152388937825
1181.07189,0.33739531316538157
1181.312944,0.34215206713408347
1181.553998,0.34300851741870664
1181.795052,0.3419126444947898
1182.036106,0.3389848035135914
1182.27716,0.33507529875889275
1182.518214,0.3332707687615932
1182.759268,0.3321063599749712
1183.000322,0.3330042587647965
1183.241376,0.3336375683099969
1183.48243,0.33450615466055506
1183.723484,0.3346734495581244
1183.964538,0.3350417929043375
1184.205592,0.3353099335806306
1184.446646,0.3374965469436387
1184.6877,0.33638464398765383
1184.928754,0.3370917939876503
1185.169808,0.33803697364481844
1185.410862,0.339290027166795
1185.651916,0.34064990521839517
1185.89297,0.34228895533675247
1186.134024,0.34379834496226247
1186.375078,0.3456944453558867
1186.616132,0.3480183746093447
1186.857186,0.35000774366019916
1187.09824,0.3510242393231311
1187.339294,0.3521493160516654
1187.580348,0.3517973427515949
1187.821402,0.35021781132039137
1188.062456,0.3507084596299173
1188.30351,0.35398526181712836
1188.544564,0.3536668184025244
1188.785618,0.35000774366019916
1189.026672,0.3398673107650079
1189.267726,0.3385782657208353
1189.50878,0.349483125606615
1189.749834,0.3611001266373318
1189.990888,0.3657153428363044
1190.231942,0.3677323188214054
1190.472996,0.3676587797117972
1190.71405,0.3684058850900088
1190.955104,0.3668141362308102
1191.196158,0.36502114338323416
1191.437212,0.36276501352395324
1191.678266,0.3595147764083289
1191.91932,0.35572404614261344
1192.160374,0.3514105784339416
1192.401428,0.34739250498669316
1192.642482,0.3478791950972592
1192.883536,0.3510242393231311
1193.12459,0.3518677092565612
1193.365644,0.3533839980910108
1193.606698,0.35833033305260054
1193.847752,0.364146143059503
1194.088806,0.36905115983964276
1194.32986,0.37233175783834277
1194.570914,0.37327121708959016
1194.811968,0.3742991256630786
1195.053022,0.3754086924237155
1195.294076,0.3771885816584808
1195.53513,0.3886873445709075
1195.776184,0.39267617066528293
1196.017238,0.40295918503225336
1196.258292,0.409274172136447
1196.499346,0.4107255701646253
1196.7404,0.4083665912618184
1196.981454,0.40368516475104377
1197.222508,0.39528826319524674
1197.463562,0.3845197984287171
1197.704616,0.37237271658439475
1197.94567,0.35636492604454434
1198.186724,0.3448657734910329
1198.427778,0.342015233675746
1198.668832,0.37369325196970066
1198.909886,0.4101796682615424
1199.15094,0.42128319467699055
1199.391994,0.42425525007014914
1199.633048,0.42365747170033785
1199.874102,0.4238396835859168
1200.115156,0.42499409681552863
1200.35621,0.42914088959320884
1200.597264,0.43248397730071425
1200.838318,0.4329772901697466
1201.079372,0.43336281148953737
1201.320426,0.43235425156735696
1201.56148,0.43267431212131635
1201.802534,0.43289936127132733
1202.043588,0.4330032695865315
1202.284642,0.4342086934388037
1202.525696,0.4353782872225185
1202.76675,0.4379633709809819
1203.007804,0.4396615731283504
1203.248858,0.444484542349304
1203.489912,0.44820256264250824
1203.730966,0.454217100638822
1203.97202,0.4596407834996583
1204.213074,0.46610702679173066
1204.454128,0.4724988338942794
1204.695182,0.47976925951582905
1204.936236,0.4873025968932729
1205.17729,0.4941728125461934
1205.418344,0.5027511313543666
1205.659398,0.5101451428139718
1205.900452,0.5181968964339028
1206.141506,0.526517873613748
1206.38256,0.5364295712461108
1206.623614,0.5473482634974248
1206.864668,0.5589585269958608
1207.105722,0.5714833100132762
1207.346776,0.5868770124093338
1207.58783,0.6027456372635852
1207.828884,0.6159866424611748
1208.069938,0.6281665127300823
1208.310992,0.6393968300905373
1208.552046,0.6492872864848441
1208.7931,0.6588232433211134
1209.034154,0.6679579877587727
1209.275208,0.6765966323235799
1209.516262,0.6844566275207914
1209.757316,0.691916496806755
1209.99837,0.6989123066883395
1210.239424,0.7067205167071533
1210.480478,0.714573083949436
1210.721532,0.7195566647662882
1210.962586,0.7268537433669499
1211.20364,0.7364897207997496
1211.444694,0.7404404997162035
1211.685748,0.7462385184912873
1211.926802,0.7537760281459698
1212.167856,0.7596176989196192
1212.40891,0.763707818103969
1212.649964,0.7713986370978626
1212.891018,0.7770115996200413
1213.132072,0.7814922859458258
1213.373126,0.7865885306567685
1213.61418,0.7909978731735154
1213.855234,0.7937156542084409
1214.096288,0.7986120464551749
1214.337342,0.8030325743840925
1214.578396,0.8055016725138309
1214.81945,0.8096283206667905
1215.060504,0.8138005236109271
1215.301558,0.8206488263106498
1215.542612,0.8241192818686379
1215.783666,0.8287638713043463
1216.02472,0.8327848112667604
1216.265774,0.8352952698934897
1216.506828,0.8413395120988874
1216.747882,0.8429564357120669
1216.988936,0.8456159349968604
1217.22999,0.8482583767796834
1217.471044,0.8507474184890712
1217.712098,0.8539010144923602
1217.953152,0.8563980493513458
1218.194206,0.8589453324008038
1218.43526,0.8608198757352906
1218.676314,0.8633544101098581
1218.917368,0.8658357963528882
1219.158422,0.8696886543038733
1219.399476,0.8715169194844636
1219.64053,0.874292754526946
1219.881584,0.879237697293031
1220.122638,0.8814737996919989
1220.363692,0.8843344064835449
1220.604746,0.8862289085075804
1220.8458,0.8893450375837194
1221.086854,0.8924096526287665
1221.327908,0.894616628964489
1221.568962,0.8961029258536849
1221.810016,0.8990020178172191
1222.05107,0.9004775907655319
1222.292124,0.9014596464625895
1222.533178,0.9028760496931307
1222.774232,0.9014596464625895
1223.015286,0.9023615569891562
1223.25634,0.9018924509576605
1223.497394,0.8992267964178278
1223.738448,0.8976365727512807
1223.979502,0.897178894816971
1224.220556,0.8972327271656143
1224.46161,0.8988132472150845
1224.702664,0.9018744132890186
1224.943718,0.9060661158951832
1225.184772,0.9103537670653739
1225.425826,0.91452269007927
1225.66688,0.9150322211088624
1225.907934,0.9156116198651841
1226.148988,0.9176089128453032
1226.390042,0.918640885123114
1226.631096,0.9175758795190442
1226.87215,0.9179301321749026
1227.113204,0.9191821239836487
1227.354258,0.918173415893598
1227.595312,0.9180898659143334
1227.836366,0.9182202439319134
1228.07742,0.9186840622593696
1228.318474,0.9203051308131834
1228.559528,0.9193466723104777
1228.800582,0.9216460710512485
1229.041636,0.9205195868918259
1229.28269,0.9239530687744695
1229.523744,0.9224925306099667
1229.764798,0.9249857009700048
1230.005852,0.9255815836150466
1230.246906,0.9269079659058443
1230.48796,0.9286967683155248
1230.729014,0.9303838835439425
1230.970068,0.9311554915707375
1231.211122,0.9338747036685956
1231.452176,0.9361739273018179
1231.69323,0.9361626932820946
1231.934284,0.9376270596759144
1232.175338,0.940604053497335
1232.416392,0.9410754141941324
1232.657446,0.9433225577104405
1232.8985,0.9463214201857482
1233.139554,0.9465296338008469
1233.380608,0.9495472375939372
1233.621662,0.9500059796869922
1233.862716,0.9503242850033511
1234.10377,0.9523620613011056
1234.344824,0.9530966155846575
1234.585878,0.9532853473983762
1234.826932,0.9569577852965322
1235.067986,0.95755128308872
1235.30904,0.9585304007439357
1235.550094,0.9578098568410396
1235.791148,0.9584613890395333
1236.032202,0.9596698115360216
1236.273256,0.9602592297331739
1236.51431,0.9592265464852031
1236.755364,0.9603725470078701
1236.996418,0.9605425479933339
1237.237472,0.9610633031662499
1237.478526,0.961404541205042
1237.71958,0.960246746444329
1237.960634,0.9612218916944661
1238.201688,0.9600451157995343
1238.442742,0.9602870776546291
1238.683796,0.9607010505898574
1238.92485,0.9602486669397423
1239.165904,0.9600998399307578
1239.406958,0.9601440055391958
1239.648012,0.95931575870233
1239.889066,0.9599481561393838
1240.13012,0.9583981326753397
1240.371174,0.9588180030023407
1240.612228,0.9572726762046088
1240.853282,0.9579171375526135
1241.094336,0.9568745335907132
1241.33539,0.9560825693953234
1241.576444,0.9554393422963172
1241.817498,0.9554145011963532
1242.058552,0.9556256711345362
1242.299606,0.9549588771542555
1242.54066,0.9526516233789468
1242.781714,0.953658154848316
1243.022768,0.9530994748787932
1243.263822,0.9536715061559428
1243.504876,0.9525906556260395
1243.74593,0.9526849667692711
1243.986984,0.9506636113392443
1244.228038,0.9509412456463915
1244.469092,0.9502482621015074
1244.710146,0.9498853365885709
1244.9512,0.9494665295088839
1245.192254,0.9478699212624244
1245.433308,0.9468609771543816
1245.674362,0.9466044125956407
1245.915416,0.9456384227121317
1246.15647,0.9442616307667324
1246.397524,0.9436273001098291
1246.638578,0.9424956264896702
1246.879632,0.9409963671793612
1247.120686,0.9386984414206024
1247.36174,0.9374601769122987
1247.602794,0.9362703581824351
1247.843848,0.9355253835165745
1248.084902,0.9344398688095316
1248.325956,0.9318019377727738
1248.56701,0.9319566297335216
1248.808064,0.9308175434685888
1249.049118,0.9290162949592571
1249.290172,0.9262334224702669
1249.531226,0.9229391250619211
1249.77228,0.9219926751314473
1250.013334,0.919787144851266
1250.254388,0.9172868886354495
1250.495442,0.9152207371628978
1250.736496,0.9134423628587628
1250.97755,0.9104602846872799
1251.218604,0.9092365387579951
1251.459658,0.9055815001694449
1251.700712,0.9022623026769746
1251.941766,0.8995685675328657
1252.18282,0.8976814557019827
1252.423874,0.8935079918416426
1252.664928,0.8898165153842195
1252.905982,0.8865391429134121
1253.147036,0.88362722186992
1253.38809,0.8791234038216195
1253.629144,0.8764724560879643
1253.870198,0.8715866436269509
1254.111252,0.8678729031372958
1254.352306,0.8635702756944594
1254.59336,0.8608026595099387
1254.834414,0.8560812406863031
1255.075468,0.851828554086343
1255.316522,0.8471140005987551
1255.557576,0.8440951953901118
1255.79863,0.838970276866538
1256.039684,0.8346523400954101
1256.280738,0.8292446937747401
1256.521792,0.825282109657012
1256.762846,0.8195253072049193
1257.0039,0.8134099930944161
1257.244954,0.8102195651188461
1257.486008,0.8045597866676554
1257.727062,0.7989395445267385
1257.968116,0.7935093149636109
1258.20917,0.7884391873737668
1258.450224,0.7833309524047181
1258.691278,0.7790110876726777
1258.932332,0.7715837949888242
1259.173386,0.7655965079864652
1259.41444,0.760271251127859
1259.655494,0.7545301811877906
1259.896548,0.7473960850772985
1260.137602,0.7438023039174985
1260.378656,0.7390867326763668
1260.61971,0.7374109085731614
1260.860764,0.7351799351517798
1261.101818,0.7320620506250684
1261.342872,0.7315863649067686
1261.583926,0.7277919897346891
1261.82498,0.7245315289129246
1262.066034,0.7223611914601179
1262.307088,0.7197365764204995
1262.548142,0.7172075573563482
1262.789196,0.7145587926306707
1263.03025,0.7134449499373549
1263.271304,0.7126392124713311
1263.512358,0.710099626341281
1263.753412,0.7077389273308794
1263.994466,0.7057388576000652
1264.23552,0.7032238618170192
1264.476574,0.7016012894887783
1264.717628,0.6995136298039696
1264.958682,0.6975298294252423
1265.199736,0.6939676037780392
1265.44079,0.6897886725280952
1265.681844,0.6838750865773133
1265.922898,0.6743607998147244
1266.163952,0.6619600978584772
1266.405006,0.646759997484442
1266.64606,0.6355083812533626
1266.887114,0.6328701576970148
1267.128168,0.6314478005939944
1267.369222,0.6337441214109013
1267.610276,0.6354384791761095
1267.85133,0.6350700317182789
1268.092384,0.6351335418969067
1268.333438,0.6351271905932444
1268.574492,0.6314983184387287
1268.815546,0.625164789999362
1269.0566,0.6163008757715132
1269.297654,0.6084929210896229
1269.538708,0.5983316979277424
1269.779762,0.586331470504099
1270.020816,0.5759467905907036
1270.26187,0.5646213214842684
1270.502924,0.5531588872565416
1270.743978,0.5400897227418971
1270.985032,0.5280417111531326
1271.226086,0.5157309831167293
1271.46714,0.5044028624233303
1271.708194,0.4932101144973808
1271.949248,0.4829945060654255
1272.190302,0.4729148158733325
1272.431356,0.4625687890538135
1272.67241,0.45380395108879673
1272.913464,0.443836068418634
1273.154518,0.4341913254384285
1273.395572,0.4235896919273922
1273.636626,0.41384656077624615
1273.87768,0.4040648072099111
1274.118734,0.3946642008784543
1274.359788,0.3843737086641274
1274.600842,0.3746136690183497
1274.841896,0.3644011345962703
1275.08295,0.35501330902435885
1275.324004,0.3461095276899044
1275.565058,0.3364182841340319
1275.806112,0.32778413901775366
1276.047166,0.3193715884621897
1276.28822,0.3119538558585153
1276.529274,0.3038564175015447
1276.770328,0.2973040281384732
1277.011382,0.2908638472983106
1277.252436,0.2850188387559455
1277.49349,0.2799623917535136
1277.734544,0.27463838782198474
1277.975598,0.270090011396081
1278.216652,0.26657490645295595
1278.457706,0.26392244181544905
1278.69876,0.2612179924883281
1278.939814,0.25952558183048363
1279.180868,0.2591884177782219
1279.421922,0.259136585278089
1279.662976,0.2592921138831715
1279.90403,0.26046155767073215
1280.145084,0.26150549037491355
1280.386138,0.26418649626248353
1280.627192,0.26708188024780705
1280.868246,0.27049545041642054
1281.1093,0.2750231508362009
1281.350354,0.2796546024377438
1281.591408,0.2839946156441861
1281.832462,0.2875380729098383
1282.073516,0.2912130934208326
1282.31457,0.29281917811889707
1282.555624,0.29431637052277015
1282.796678,0.293963402701192
1283.037732,0.29214646792250254
1283.278786,0.2912130934208326
1283.51984,0.28756682815486756
1283.760894,0.2813375739178994
1284.001948,0.2737609496308074
1284.243002,0.26513928163368866
1284.484056,0.25815373485253723
1284.72511,0.25263740501520204
1284.966164,0.2474863128793876
1285.207218,0.24185908882440071
1285.448272,0.23567536334040942
1285.689326,0.24365548454833486
1285.93038,0.27109119548663013
1286.171434,0.28368239332073775
1286.412488,0.3011640939969318
1286.653542,0.314082370827376
1286.894596,0.3151835851261386
1287.13565,0.31030487408415697
1287.376704,0.30228046515777485
1287.617758,0.2925557594147877
1287.858812,0.28204179776572064
1288.099866,0.27171542282250544
1288.34092,0.26166244074954237
1288.581974,0.25357389485157694
1288.823028,0.24617810523368264
1289.064082,0.24115871350187396
1289.305136,0.2385443576483555
1289.54619,0.23714108964947112
1289.787244,0.23737834934919885
1290.028298,0.24029210296816703
1290.269352,0.2442898130779106
1290.510406,0.24840370837210776
1290.75146,0.2531685010213627
1290.992514,0.2586188300353607
1291.233568,0.26535147792619546
1291.474622,0.27285902748705715
1291.715676,0.2820700033557532
1291.95673,0.29185446747913507
1292.197784,0.30228046515777485
1292.438838,0.313642963165351
1292.679892,0.3265409228961203
1292.920946,0.3398673107650079
1293.162,0.35433942413058866
1293.403054,0.36920988596204446
1293.644108,0.38490835961549846
1293.885162,0.3993168767363899
1294.126216,0.41512317315729935
1294.36727,0.429432804637999
1294.608324,0.44497374435766496
1294.849378,0.45841517951713145
1295.090432,0.47253190997030114
1295.331486,0.48388887293592087
1295.57254,0.4945534721469925
1295.813594,0.5051701377557403
1296.054648,0.512435720115869
1296.295702,0.5196342917104001
1296.536756,0.525460635567966
1296.77781,0.5294322886613483
1297.018864,0.530895540136217
1297.259918,0.5327143112092619
1297.500972,0.5324160747089988
1297.742026,0.5311344968905156
1297.98308,0.527445361020811
1298.224134,0.5243111359375936
1298.465188,0.5202426196341416
1298.706242,0.5156897262883751
1298.947296,0.5098544429399027
1299.18835,0.5027461038681905
1299.429404,0.4968038494015861
1299.670458,0.48940250963669774
1299.911512,0.48319740636405306
1300.152566,0.4756799618182856
1300.39362,0.46913720750765975
1300.634674,0.46167689224820924
1300.875728,0.4557822980610928
1301.116782,0.44975602945705045
1301.357836,0.4452719766630506
1301.59889,0.44131781242191465
1301.839944,0.43871292903484693
1302.080998,0.43673442139135776
1302.322052,0.43506927834972126
1302.563106,0.43404806594015105
1302.80416,0.43418264169875737
1303.045214,0.43589669577622614
1303.286268,0.4380334507265691
1303.527322,0.4418344564402628
1303.768376,0.4469493507824782
1304.00943,0.4530920378836862
1304.250484,0.45848394695148764
1304.491538,0.46391218552545654
1304.732592,0.46956901233833226
1304.973646,0.47468208203895623
1305.2147,0.4780499758348991
1305.455754,0.4809317071181431
1305.696808,0.48250210283757633
1305.937862,0.48413571920156556
1306.178916,0.4828496294461853
1306.41997,0.4766275074374971
1306.661024,0.479409567472569
1306.902078,0.48186080160065803
1307.143132,0.47719025985490154
1307.384186,0.46331875780274917
1307.62524,0.4435077512203498
1307.866294,0.4199876386178965
1308.107348,0.3986107110056004
1308.348402,0.3656422070815564
1308.589456,0.3368559123000814
1308.83051,0.3325051268191957
1309.071564,0.4066225172320279
1309.312618,0.4668347212075937
1309.553672,0.498884835723513
1309.794726,0.5145976221081042
1310.03578,0.5203414751228462
1310.276834,0.5191201083243789
1310.517888,0.5117136948979059
1310.758942,0.5027863251653304
1310.999996,0.49098583543743607
1311.24105,0.47976446184722227
1311.482104,0.4676617503690224
1311.723158,0.45733002196131456
1311.964212,0.4477545841064653
1312.205266,0.4400838508994528
1312.44632,0.43342348653029966
1312.687374,0.42837341449597127
1312.928428,0.42485812046192456
1313.169482,0.423314448091577
1313.410536,0.4220168655442779
1313.65159,0.42331868125722366
1313.892644,0.4246330053188622
1314.133698,0.42842910665976797
1314.374752,0.43298594980214605
1314.615806,0.4393011984122117
1314.85686,0.4466008662155172
1315.097914,0.4555499083534941
1315.338968,0.4652594835013142
1315.580022,0.4760130543603468
1315.821076,0.4882000590835676
1316.06213,0.500834285539048
1316.303184,0.5146182064246722
1316.544238,0.5276511048290439
1316.785292,0.5430901232413503
1317.026346,0.5572730186429885
1317.2674,0.572140893858031
1317.508454,0.5873995654519891
1317.749508,0.602775775298893
1317.990562,0.6178991639294696
1318.231616,0.6331106940559534
1318.47267,0.648943255399298
1318.713724,0.6638294598960851
1318.954778,0.6782698916299638
1319.195832,0.6933363805087484
1319.436886,0.7068972189231868
1319.67794,0.720377427109769
1319.918994,0.7319010146885334
1320.160048,0.742843417560119
1320.401102,0.7536855804495626
1320.642156,0.763921686233179
1320.88321,0.7720237231195741
1321.124264,0.780594086380727
1321.365318,0.7875645054140775
1321.606372,0.7959252536473048
1321.847426,0.8025428738875544
1322.08848,0.8095311710974012
1322.329534,0.8152422260680006
1322.570588,0.8210017811858231
1322.811642,0.825158326624523
1323.052696,0.830472884558521
1323.29375,0.8348109391064571
1323.534804,0.8379892556519247
1323.775858,0.8424423890864431
1324.016912,0.8452946619872994
1324.257966,0.8489117872605549
1324.49902,0.8533717599492371
1324.740074,0.8556789770425418
1324.981128,0.8589023862078476
1325.222182,0.8615088071717104
1325.463236,0.8632421813315725
1325.70429,0.8664767519665175
1325.945344,0.8682982650649945
1326.186398,0.8706980784957069
1326.427452,0.873087062644441
1326.668506,0.8769809575636683
1326.90956,0.879510303230929
1327.150614,0.8821175104916298
1327.391668,0.8878344353954905
1327.632722,0.890590992601343
1327.873776,0.8948134662741714
1328.11483,0.8971250656981716
1328.355884,0.9025691240165568
1328.596938,0.9036890039123788
1328.837992,0.9057979600139066
1329.079046,0.9086184680794868
1329.3201,0.9104866884183881
1329.561154,0.9116938828702518
1329.802208,0.9158561208071113
1330.043262,0.9155493603918794
1330.284316,0.9185508627275414
1330.52537,0.9199876803064141
1330.766424,0.9227314871189267
1331.007478,0.9237886197646237
1331.248532,0.9259037420584626
1331.489586,0.9277731745951251
1331.73064,0.9284182010722059
1331.971694,0.931777711237338
1332.212748,0.9332940142160552
1332.453802,0.934950212288993
1332.694856,0.9348557870861048
1332.93591,0.9360269595325033
1333.176964,0.9380547151131559
1333.418018,0.9388702389543773
1333.659072,0.9398650291858877
1333.900126,0.9404582711674654
1334.14118,0.9414641586103909
1334.382234,0.943038660349266
1334.623288,0.9432065361713131
1334.864342,0.9440954553435836
1335.105396,0.9460848694007818
1335.34645,0.9463791475530463
1335.587504,0.9472805294912422
1335.828558,0.9479419621139581
1336.069612,0.9483126798917472
1336.310666,0.9485611703647093
1336.55172,0.9499404315358311
1336.792774,0.9518460209234555
1337.033828,0.9538775214501232
1337.274882,0.9547478545612599
1337.515936,0.9553285177605582
1337.75699,0.9562585047736506
1337.998044,0.9567788509215672
1338.239098,0.9571262246889761
1338.480152,0.9591843414456754
1338.721206,0.9615237627597352
1338.96226,0.9613333999012537
1339.203314,0.9621393349299843
1339.444368,0.9607769489708006
1339.685422,0.9641542372716616
1339.926476,0.964334550972837
1340.16753,0.9643519091509777
1340.408584,0.9634708941911834
1340.649638,0.9652742703945523
1340.890692,0.9640645750969512
1341.131746,0.9648100851160014
1341.3728,0.9656411443189331
1341.613854,0.9666014688185928
1341.854908,0.9679992175712984
1342.095962,0.9674098855176221
1342.337016,0.9682732001165726
1342.57807,0.9691595755495985
1342.819124,0.9691828356585319
1343.060178,0.9679082299213332
1343.301232,0.9693679672596478
1343.542286,0.9682276923456081
1343.78334,0.9689366944795277
1344.024394,0.9699691617503826
1344.265448,0.9704455335485082
1344.506502,0.9697645198477333
1344.747556,0.9701117576977053
1344.98861,0.9718906313885834
1345.229664,0.9714184073014765
1345.470718,0.9723378039208195
1345.711772,0.9730673308121478
1345.952826,0.9733592948038005
1346.19388,0.9731130660514656
1346.434934,0.9742035632498811
1346.675988,0.9748915938117456
1346.917042,0.9758318424352025
1347.158096,0.9754854836134664
1347.39915,0.9763999418683992
1347.640204,0.9757518275047798
1347.881258,0.9763462413483742
1348.122312,0.9762954726638213
1348.363366,0.9764282578772935
1348.60442,0.9786707554621773
1348.845474,0.9779477849443995
1349.086528,0.9776984400520635
1349.327582,0.9787549247663753
1349.568636,0.9794726151276124
1349.80969,0.9793678171645848
1350.050744,0.9803653212458909
1350.291798,0.9797067370590843
1350.532852,0.9810410257056849
1350.773906,0.9819852412672806
1351.01496,0.9814364649146929
1351.256014,0.981769228276502
1351.497068,0.9815620968224725
1351.738122,0.9810665331039479
1351.979176,0.9820412160212981
1352.22023,0.9814560938402799
1352.461284,0.9827436265726014
1352.702338,0.9818242088927284
1352.943392,0.9831780952660544
1353.184446,0.9821335322343983
1353.4255,0.9827426438294662
1353.666554,0.9830404599674128
1353.907608,0.9827681954703756
1354.148662,0.9831023934672756
1354.389716,0.9835616095036235
1354.63077,0.9843408988561989
1354.871824,0.9837809682001284
1355.112878,0.9841519235458288
1355.353932,0.9820824626185436
1355.594986,0.982708248438855
1355.83604,0.9824960063801597
1356.077094,0.983506531595687
1356.318148,0.9830178502968459
1356.559202,0.9829559221230351
1356.800256,0.9830139182333087
1357.04131,0.9836491503823805
1357.282364,0.9830984610655665
1357.523418,0.9835124326525798
1357.764472,0.9819292697037331
1358.005526,0.9825333419377732
1358.24658,0.9836442321489243
1358.487634,0.9812853353363723
1358.728688,0.9810940033514565
1358.969742,0.9816376800138434
1359.210796,0.9816092129338977
1359.45185,0.9813294941700287
1359.692904,0.9811273611146492
1359.933958,0.981088116805096
1360.175012,0.980237882037857
1360.416066,0.9812539347080542
1360.65712,0.9815984152919426
1360.898174,0.9795206104616297
1361.139228,0.9785699575655454
1361.380282,0.9803359107274136
1361.621336,0.9798997582982527
1361.86239,0.9798223492750439
1362.103444,0.9786462889991228
1362.344498,0.9777893702351764
1362.585552,0.9784789547911864
1362.826606,0.9783840469356772
1363.06766,0.976862865144994
1363.308714,0.9768296523721994
1363.549768,0.9763452650026211
1363.790822,0.9766606754592634
1364.031876,0.9756288905197069
1364.27293,0.9767808121105975
1364.513984,0.9747970339133751
1364.755038,0.9759704203956306
1364.996092,0.9752757767787821
1365.237146,0.9742844255013678
1365.4782,0.9755254793382013
1365.719254,0.9743097572257419
1365.960308,0.9743896539015534
1366.201362,0.9735929290695439
1366.442416,0.9737779293005324
1366.68347,0.973339827812575
1366.924524,0.9731335016404257
1367.165578,0.9716146536399644
1367.406632,0.972115164056959
1367.647686,0.9714252072541275
1367.88874,0.971636029397477
1368.129794,0.9717370847993241
1368.370848,0.9719635259194483
1368.611902,0.9715058388924963
1368.852956,0.9705241428203581
1369.09401,0.970853206277879
1369.335064,0.9697800362041814
1369.576118,0.9700302717325171
1369.817172,0.9695764037787316
1370.058226,0.9697868246881944
1370.29928,0.9678346716911073
1370.540334,0.9678240255682725
1370.781388,0.9664787182268805
1371.022442,0.966924367630278
1371.263496,0.9662864080974458
1371.50455,0.9658478136366456
1371.745604,0.9659163912658908
1371.986658,0.9660670859768101
1372.227712,0.9661772239023539
1372.468766,0.9645361179570066
1372.70982,0.9654219686565515
1372.950874,0.9648766593086577
1373.191928,0.9641667713582176
1373.432982,0.9635576104738348
1373.674036,0.9633822589462016
1373.91509,0.9614978019686129
1374.156144,0.9619873289238561
1374.397198,0.9610402379237579
1374.638252,0.9604301710893958
1374.879306,0.9597801799104081
1375.12036,0.9585169814122608
1375.361414,0.9583751313961719
1375.602468,0.9573550051948583
1375.843522,0.9575005342155732
1376.084576,0.9571128250156284
1376.32563,0.9548223277983341
1376.566684,0.9536924871598683
1376.807738,0.9532815342646129
1377.048792,0.9531061465984684
1377.289846,0.9520630665584882
1377.5309,0.9502520631021578
1377.771954,0.9508661242553195
1378.013008,0.949008047907351
1378.254062,0.9478263202488774
1378.495116,0.9483563032783524
1378.73617,0.9476661511354266
1378.977224,0.9466299712598212
1379.218278,0.9464084857613604
1379.459332,0.9465542438912555
1379.700386,0.9446375216931101
1379.94144,0.9458890501008127
1380.182494,0.9458635114412335
1380.423548,0.9465930534108448
1380.664602,0.9456261294925425
1380.905656,0.945126970685692
1381.14671,0.9452696956337279
1381.387764,0.9447518297487328
1381.628818,0.9429207878839049
1381.869872,0.9437027933135257
1382.110926,0.9427416499528493
1382.35198,0.9421271827351607
1382.593034,0.941436856545673
1382.834088,0.9403867990548314
1383.075142,0.9402344687324736
1383.316196,0.9404563902528039
1383.55725,0.9414914614668801
1383.798304,0.9443740045869033
1384.039358,0.9465088103779618
1384.280412,0.9449578080984424
1384.521466,0.9451657216858801
1384.76252,0.9435631356350385
1385.003574,0.942916073291752
1385.244628,0.9423005500860911
1385.485682,0.9420715988711195
1385.726736,0.9396019038169864
1385.96779,0.9400727623110026
1386.208844,0.9387885607966396
1386.449898,0.938696564025597
1386.690952,0.9375370517986328
1386.932006,0.9362806572130197
1387.17306,0.9364304741032053
1387.414114,0.9343791321920204
1387.655168,0.9338308125889717
1387.896222,0.9341408958897309
1388.137276,0.9327276766502661
1388.37833,0.9324003466855313
1388.619384,0.932573789279676
1388.860438,0.9329487593068921
1389.101492,0.932406873510802
1389.342546,0.9313249772929363
1389.5836,0.9322782102402273
1389.824654,0.9301048102419677
1390.065708,0.9298946303060803
1390.306762,0.9308854956294856
1390.547816,0.929969024852247
1390.78887,0.9299801845475033
1391.029924,0.9283290772029171
1391.270978,0.9295088040989787
1391.512032,0.9280636130500204
1391.753086,0.9285370462078696
1391.99414,0.9270868764075723
1392.235194,0.9280422678323912
1392.476248,0.9273576253028982
1392.717302,0.9271795897308018
1392.958356,0.9271795897308018
1393.19941,0.9268282552483839
1393.440464,0.9255565932496604
1393.681518,0.9256630383783618
1393.922572,0.9259657796874179
1394.163626,0.9259398530085619
1394.40468,0.9249080054343815
1394.645734,0.9252179015208983
1394.886788,0.9251670159356811
1395.127842,0.9246435195681089
1395.368896,0.9249607266932328
1395.60995,0.9248219929895167
1395.851004,0.9259917070922311
1396.092058,0.9255917650684643
1396.333112,0.9254159193389746
1396.574166,0.9255093910670706
1396.81522,0.9250634030323271
1397.056274,0.9249477773337048
1397.297328,0.925831524383108
1397.538382,0.9249857009700048
1397.779436,0.9254168447553567
1398.02049,0.9267300166600647
1398.261544,0.9273808095333325
1398.502598,0.9286011174744911
1398.743652,0.9300490056275084
1398.984706,0.9308547769149915
1399.22576,0.9310391044086404
1399.466814,0.9332986806977924
1399.707868,0.9324367110081517
1399.948922,0.9342903703907145
1400.189976,0.9322455810738827
1400.43103,0.9314237029728979
1400.672084,0.9293935521530388
1400.913138,0.9278279148272472
1401.154192,0.9263028925820488
1401.395246,0.9260750500962484
1401.6363,0.9270831680674833
1401.877354,0.9281100173907718
1402.118408,0.9289847089421938
1402.359462,0.9303717886320735
1402.600516,0.9324590897577598
1402.84157,0.9327155512692847
1403.082624,0.9337103561837529
1403.323678,0.9316854698099515
1403.564732,0.9317516218266767
1403.805786,0.9320861807086387
1404.04684,0.9319454463210654
1404.287894,0.9300648165949968
1404.528948,0.930294570978194
1404.770002,0.928078462186622
1405.011056,0.9278835861722605
1405.25211,0.9269682168817637
1405.493164,0.9270052963520234
1405.734218,0.9265502484749104
1405.975272,0.9263075241080905
1406.216326,0.9260982022619016
1406.45738,0.9244216317510157
1406.698434,0.9255723278454894
1406.939488,0.9261769239547184
1407.180542,0.9244632316604354
1407.421596,0.9247054727593287
1407.66265,0.9244512137165406
1407.903704,0.9248451138283508
1408.144758,0.9245251727719608
1408.385812,0.923315761053464
1408.626866,0.9246157806786073
1408.86792,0.9242293720473138
1409.108974,0.9254048144145722
1409.350028,0.925529752497649
1409.591082,0.9254714459599169
1409.832136,0.9266262287104324
1410.07319,0.9266123294212467
1410.314244,0.9278019360093372
1410.555298,0.9267327968542849
1410.796352,0.9288165779261912
1411.037406,0.9285611884849192
1411.27846,0.9296956541464033
1411.519514,0.9299820445097323
1411.760568,0.9294483879902571
1412.001622,0.9299829744922418
1412.242676,0.929891840626374
1412.48373,0.9297291237924026
1412.724784,0.9298090839352856
1412.965838,0.9300248246677159
1413.206892,0.9314134573685161
1413.447946,0.9302936406840883
1413.689,0.9306481500909425
1413.930054,0.9313361532597194
1414.171108,0.9307412195593474
1414.412162,0.9300118044113125
1414.653216,0.9313044883688147
1414.89427,0.9291993291976446
1415.135324,0.927263966912571
1415.376378,0.9281991202293092
1415.617432,0.9271647549760446
1415.858486,0.9257333914426611
1416.09954,0.9242691147647741
1416.340594,0.9239244266732923
1416.581648,0.9233462309763297
1416.822702,0.922323729922599
1417.063756,0.920482766844756
1417.30481,0.9193742531243572
1417.545864,0.9181660705356524
1417.786918,0.9191389234390422
1418.027972,0.9184433985633784
1418.269026,0.9164003009483722
1418.51008,0.9161061836601181
1418.751134,0.9141222168510545
1418.992188,0.9124673271769629
1419.233242,0.9110367884916911
1419.474296,0.909215626558095
1419.71535,0.909700367659078
1419.956404,0.9074135310248984
1420.197458,0.9070860138606034
1420.438512,0.9055226392849334
1420.679566,0.9049224767509519
1420.92062,0.9031288903830895
1421.161674,0.9016850395471668
1421.402728,0.9002434970254378
1421.643782,0.8984448093186562
1421.884836,0.8970532985636395
1422.12589,0.895646029879876
1422.366944,0.8933739756943287
1422.607998,0.891410713328253
1422.849052,0.8885538726209018
1423.090106,0.8867696730581897
1423.33116,0.8851837751454953
1423.572214,0.8816324792566759
1423.813268,0.8800205671690406
1424.054322,0.8765513421588322
1424.295376,0.8753162756928664
1424.53643,0.8724237685605097
1424.777484,0.8703411654556966
1425.018538,0.8671095109243729
1425.259592,0.8637861952522031
1425.500646,0.8612676184736958
1425.7417,0.8589968706668805
1425.982754,0.8550374584093186
1426.223808,0.852646702146501
1426.464862,0.848852365515232
1426.705916,0.846546624310635
1426.94697,0.8439179540100761
1427.188024,0.8402296765954971
1427.429078,0.837185171988411
1427.670132,0.8343018597186012
1427.911186,0.8312206465970671
1428.15224,0.8279272423630646
1428.393294,0.8258352339464277
1428.634348,0.8226125226879675
1428.875402,0.8208129724899828
1429.116456,0.8182396619682007
1429.35751,0.8158783630655105
1429.598564,0.8122476480790504
1429.839618,0.8103978330319236
1430.080672,0.8082854525433933
1430.321726,0.8070335805433863
1430.56278,0.8045356502361036
1430.803834,0.8024866978525664
1431.044888,0.8013880438263551
1431.285942,0.7994110579407886
1431.526996,0.7975745253296324
1431.76805,0.7959411723115639
1432.009104,0.7954239786557091
1432.250158,0.7928271903083856
1432.491212,0.7923595602305418
1432.732266,0.7915596810816754
1432.97332,0.7907210723608726
1433.214374,0.7895674619357558
1433.455428,0.7877377886657274
1433.696482,0.7858337680113736
1433.937536,0.7840519484882745
1434.17859,0.7809063864711334
1434.419644,0.777975691617076
1434.660698,0.7746375782303788
1434.901752,0.7706276240315489
1435.142806,0.768757272302856
1435.38386,0.7695033286358142
1435.624914,0.7697342142655177
1435.865968,0.7695418047641411
1436.107022,0.7728656877651447
1436.348076,0.774327785161831
1436.58913,0.7749319964460245
1436.830184,0.7741806768583815
1437.071238,0.7746918047587613
1437.312292,0.7724252798512982
1437.553346,0.7703425445536131
1437.7944,0.7689956239998741
1438.035454,0.7673133663278215
1438.276508,0.7636009064934218
1438.517562,0.7637841927044459
1438.758616,0.7626012442276596
1438.99967,0.7608416684459608
1439.240724,0.7601268133121717
1439.481778,0.7591848402076875
1439.722832,0.7570091033920655
1439.963886,0.7553077476523999
1440.20494,0.7543642028062206
1440.445994,0.7526386852534578
1440.687048,0.7516233085618428
1440.928102,0.7495891669025001
1441.169156,0.747941883411559
1441.41021,0.7462907570159087
1441.651264,0.7460296009559296
1441.892318,0.7443157046100713
1442.133372,0.7425463396126455
1442.374426,0.7411738987835605
1442.61548,0.7381044007174639
1442.856534,0.7349741135863012
1443.097588,0.732201155629244
1443.338642,0.7307966781402808
1443.579696,0.7283890239168324
1443.82075,0.7270063986813039
1444.061804,0.7255538389278812
1444.302858,0.7240752178028017
1444.543912,0.7225129032395039
1444.784966,0.7207160840786642
1445.02602,0.7206440160737166
1445.267074,0.7186002905319924
1445.508128,0.7172075573563482
1445.749182,0.7139445362371162
1445.990236,0.7120764498139968
1446.23129,0.708780068605409
1446.472344,0.7040823184805235
1446.713398,0.7001714817579638
1446.954452,0.6961779333193797
1447.195506,0.6926780237162554
1447.43656,0.6869182427691671
1447.677614,0.6818606278594211
1447.918668,0.6779511796840718
1448.159722,0.6737069869893888
1448.400776,0.6689673662092281
1448.64183,0.6645401375629211
1448.882884,0.6598320143964814
1449.123938,0.6548035578557467
1449.364992,0.649748444149847
1449.606046,0.6457905847295464
1449.8471,0.6412473596567382
1450.088154,0.6376217753721384
1450.329208,0.634289375781088
1450.570262,0.630381555042257
1450.811316,0.627068182651926
1451.05237,0.6238470829622677
1451.293424,0.6211827232442184
1451.534478,0.6185606698774432
1451.775532,0.6150018518757939
1452.016586,0.6132883881025052
1452.25764,0.6111150742392804
1452.498694,0.6089311937520326
1452.739748,0.6080914482623103
1452.980802,0.6064457513639967
1453.221856,0.6068097279968857
1453.46291,0.6060395687969374
1453.703964,0.6061365428856651
1453.945018,0.6065670526439932
1454.186072,0.6075565631717972
1454.427126,0.6085355170849417
1454.66818,0.609863571565617
1454.909234,0.6104371128450582
1455.150288,0.6120569164859995
1455.391342,0.6128408509501254
1455.632396,0.6140431969321389
1455.87345,0.6149219068315905
1456.114504,0.614768195569591
1456.355558,0.6135337525273596
1456.596612,0.6114145940020066
1456.837666,0.6081705052891798
1457.07872,0.6063608549016969
1457.319774,0.6029084005577023
1457.560828,0.599098052863616
1457.801882,0.5921353727815978
1458.042936,0.5861614590305079
1458.28399,0.579094269689304
1458.525044,0.5738025106300224
1458.766098,0.5704783839819654
1459.007152,0.5684113014726763
1459.248206,0.5683374128063522
1459.48926,0.577636789326243
1459.730314,0.5881754448461283
1459.971368,0.5914134081147987
1460.212422,0.593403899318633
1460.453476,0.5935285272229619
1460.69453,0.5929768022845066
1460.935584,0.5910704877945981
1461.176638,0.5876345722764015
1461.417692,0.5851716827612689
1461.658746,0.579673653602668
1461.8998,0.5753251038281454
1462.140854,0.5715518921253223
1462.381908,0.5675422971392592
1462.622962,0.5648867558775622
1462.864016,0.5622605075064224
1463.10507,0.5604025019221923
1463.346124,0.5584054318813906
1463.587178,0.5577636347388154
1463.828232,0.557769212403051
1464.069286,0.5585450506909849
1464.31034,0.559708033479228
1464.551394,0.5612549614302133
1464.792448,0.5632903862868298
1465.033502,0.5660572825393579
1465.274556,0.5689458592988776
1465.51561,0.5713004646108967
1465.756664,0.5750375131798848
1465.997718,0.5796852471916756
1466.238772,0.5853472606014565
1466.479826,0.5913306160332436
1466.72088,0.5983077651384843
1466.961934,0.6054519954343559
1467.202988,0.6115001980373095
1467.444042,0.6190866699652068
1467.685096,0.6251835452243889
1467.92615,0.631315210478319
1468.167204,0.6370672856655614
1468.408258,0.6427110716343301
1468.649312,0.6472840853093189
1468.890366,0.6533253727932781
1469.13142,0.6575200638727402
1469.372474,0.6616688994837598
1469.613528,0.6649655793778203
1469.854582,0.6675373067549148
1470.095636,0.6699782699724652
1470.33669,0.6731547736984491
1470.577744,0.6772261598765799
1470.818798,0.6801785103788993
1471.059852,0.6844771615276256
1471.300906,0.6876811453512429
1471.54196,0.689602454727047
1471.783014,0.6922417739944056
1472.024068,0.692359465099445
1472.265122,0.692927432695716
1472.506176,0.6940994701496657
1472.74723,0.6937316948995366
1472.988284,0.6933155807293314
1473.229338,0.6934542577127133
1473.470392,0.6932115911916322
1473.711446,0.6930798935009826
1473.9525,0.6929620799335244
1474.193554,0.6916190366716406
1474.434608,0.6915844565843163
1474.675662,0.6918265535086112
1474.916716,0.6914046679991334
1475.15777,0.6912733135912774
1475.398824,0.690154357422472
1475.639878,0.6904166659137494
1475.880932,0.6891888173578306
1476.121986,0.6874679972358488
1476.36304,0.6858543442272462
1476.604094,0.6852236483951251
1476.845148,0.6841281671763705
1477.086202,0.6820379346715514
1477.327256,0.6807773309104227
1477.56831,0.6782698916299638
1477.809364,0.6763260477911648
1478.050418,0.6745563928062837
1478.291472,0.6737137240929442
1478.532526,0.6710645143902374
1478.77358,0.6695295348746279
1479.014634,0.667223637938686
1479.255688,0.6657706747133171
1479.496742,0.664028638609367
1479.737796,0.6614505847708391
1479.97885,0.6580791935234693
1480.219904,0.6556881396171951
1480.460958,0.6513227395137714
1480.702012,0.648087215412859
1480.943066,0.644493849309915
1481.18412,0.6397294029036218
1481.425174,0.6348668418202467
1481.666228,0.6290214003792299
1481.907282,0.6234728869825101
1482.148336,0.6181401916007431
1482.38939,0.6116469756974532
1482.630444,0.6060153276990108
1482.871498,0.5987327144909013
1483.112552,0.592372274307857
1483.353606,0.5847271212371477
1483.59466,0.5771171500885819
1483.835714,0.5702844543013253
1484.076768,0.5623279828157608
1484.317822,0.5556648245788492
1484.558876,0.5471129543392157
1484.79993,0.5406192701060112
1485.040984,0.5323788068881581
1485.282038,0.5246992697699936
1485.523092,0.5168203243419436
1485.764146,0.5098850351242354
1486.0052,0.5023842569539263
1486.246254,0.49597487935573326
1486.487308,0.49012736160911
1486.728362,0.48464432867997487
1486.969416,0.4798796191363876
1487.21047,0.47494797844894404
1487.451524,0.47155478059447503
1487.692578,0.4689964874544708
1487.933632,0.466582698510394
1488.174686,0.46528739990780804
1488.41574,0.4639261030997849
1488.656794,0.46317978302266766
1488.897848,0.4625132841294891
1489.138902,0.46253641037184684
1489.379956,0.46412099298709825
1489.62101,0.46423703774033476
1489.862064,0.4652501784046954
1490.103118,0.4671896504517403
1490.344172,0.4678722455145441
1490.585226,0.4694281627631234
1490.82628,0.4697146012972798
1491.067334,0.47142747799033946
1491.308388,0.4710928832761456
1491.549442,0.4693718347633394
1491.790496,0.4675495250165148
1492.03155,0.4644645696295878
1492.272604,0.46021569372306437
1492.513658,0.45478067919010273
1492.754712,0.44902801454062924
1492.995766,0.44173726355145576
1493.23682,0.432700273358873
1493.477874,0.42148124431650824
1493.718928,0.41086524060110996
1493.959982,0.39894169523518913
1494.201036,0.39109687012552735
1494.44209,0.3938087081079065
1494.683144,0.4049992758102646
1494.924198,0.42056341600025354
1495.165252,0.4584931167221241
1495.406306,0.48389855081015803
1495.64736,0.49395542433758616
1495.888414,0.4980324716334226
1496.129468,0.4978781054952039
1496.370522,0.49415798758419255
1496.611576,0.49000974515686263
1496.85263,0.48413571920156556
1497.093684,0.47684203808161874
1497.334738,0.4710740399376839
1497.575792,0.46481304872013407
1497.816846,0.45931914753692893
1498.0579,0.45350907436590604
1498.298954,0.4493783930218144
1498.540008,0.44589579400062496
1498.781062,0.4425109805676009
1499.022116,0.4403655947124317
1499.26317,0.43963519422533764
1499.504224,0.439564858221292
1499.745278,0.44033917356939123
1499.986332,0.44171517724044057
1500.227386,0.44388045424473016
1500.46844,0.4465160201115713
1500.709494,0.44965259746541036
1500.950548,0.4536133934492449
1501.191602,0.4585435537389486
1501.432656,0.4633372909237212
1501.67371,0.4692967412774164
1501.914764,0.4750857333361875
1502.155818,0.48059517272394014
1502.396872,0.48694212636211787
1502.637926,0.4929142771887501
1502.87898,0.4991592978533279
1503.120034,0.5051650860796212
1503.361088,0.5116983437173278
1503.602142,0.5189228801589404
1503.843196,0.5260547416929006
1504.08425,0.5330606880718329
1504.325304,0.537906782801976
1504.566358,0.5435030286191828
1504.807412,0.5486250718554723
1505.048466,0.5540280288071228
1505.28952,0.5646664929968235
1505.530574,0.5750835180211084
1505.771628,0.5871235525243457
1506.012682,0.5960206290594088
1506.253736,0.6016195561359061
1506.49479,0.6097111247293742
1506.735844,0.6143810135815144
1506.976898,0.6184678927354212
1507.217952,0.6245274470137429
1507.459006,0.628870453357506
1507.70006,0.6337567964200792
1507.941114,0.6366915268267763
1508.182168,0.6403118216205885
1508.423222,0.6436179334326579
1508.664276,0.6456549829454389
1508.90533,0.6474977243059667
1509.146384,0.6498329169381988
1509.387438,0.650723798148692
1509.628492,0.6526071100001666
1509.869546,0.6543322689784461
1510.1106,0.654823202257147
1510.351654,0.6558783167520358
1510.592708,0.657460889729868
1510.833762,0.6586058675197974
1511.074816,0.6611001088452348
1511.31587,0.6624302564144935
1511.556924,0.6639356811071387
1511.797978,0.6661902423883269
1512.039032,0.6683054162359826
1512.280086,0.6702195055694574
1512.52114,0.6735385812942305
1512.762194,0.6764680911752343
1513.003248,0.6790978858715407
1513.244302,0.6825837833296399
1513.485356,0.6847236176652185
1513.72641,0.688858086107349
1513.967464,0.6907343306373547
1514.208518,0.6935028012097558
1514.449572,0.6960108706637036
1514.690626,0.6988703732079552
1514.93168,0.6995346155276481
1515.172734,0.70090003888303
1515.413788,0.7026334018010186
1515.654842,0.7045823944326003
1515.895896,0.7046599027588676
1516.13695,0.7053296477449865
1516.378004,0.706755853616404
1516.619058,0.7071871062057774
1516.860112,0.7096382115602087
1517.101166,0.7102629680389146
1517.34222,0.7112793706378651
1517.583274,0.711962526696119
1517.824328,0.7139873741944163
1518.065382,0.7163259343700871
1518.306436,0.7196646063614204
1518.54749,0.7213650205319357
1518.788544,0.7205575439802171
1519.029598,0.7215165230934596
1519.270652,0.7234600153657453
1519.511706,0.7244518348279992
1519.75276,0.7253724731398173
1519.993814,0.7259747822162126
1520.234868,0.7249446296069181
1520.475922,0.7238652664340588
1520.716976,0.724524283633862
1520.95803,0.73152784033859
1521.199084,0.7343423075641468
1521.440138,0.7375584055040775
1521.681192,0.7385252401537179
1521.922246,0.7391162967369511
1522.1633,0.7393158850802839
1522.404354,0.7392493496447663
1522.645408,0.7384070855679122
1522.886462,0.7382520363606795
1523.127516,0.7382963328117415
1523.36857,0.7375805325881472
1523.609624,0.7380158335035168
1523.850678,0.738850262759115
1524.091732,0.7403368453022215
1524.332786,0.7409663991432064
1524.57384,0.7410775524393667
1524.814894,0.7410330891201333
1525.055948,0.741551993877994
1525.297002,0.7420564207195199
1525.538056,0.7414259407538538
1525.77911,0.7422716482880176
1526.020164,0.7410775524393667
1526.261218,0.7393972143006678
1526.502272,0.7378830026086254
1526.743326,0.7380158335035168
1526.98438,0.7390793418459942
1527.225434,0.7390276081027671
1527.466488,0.7382298891317988
1527.707542,0.7386655732805719
1527.948596,0.7410479099301233
1528.18965,0.7445688149759626
1528.430704,0.7478072659884765
1528.671758,0.7509471519002754
1528.912812,0.753572536091034
1529.153866,0.7564945121825991
1529.39492,0.7590785617697227
1529.635974,0.7608188435382828
1529.877028,0.7622962647299344
1530.118082,0.7651985012930209
1530.359136,0.7657419851428748
1530.60019,0.7673594065109929
1530.841244,0.7678506737198981
1531.082298,0.7691417470496842
1531.323352,0.7700575705355726
1531.564406,0.7699959683940483
1531.80546,0.7728966030109562
1532.046514,0.7734687581684833
1532.287568,0.7749552447546407
1532.528622,0.7758624730160445
1532.769676,0.777361333524097
1533.01073,0.7778901189975785
1533.251784,0.7809532422599813
1533.492838,0.7831664701759515
1533.733892,0.7842087745600567
1533.974946,0.7859437924404254
1534.216,0.7885653477363065
1534.457054,0.7905234168007569
1534.698108,0.7931523161026454
1534.939162,0.7942555644019639
1535.180216,0.7958536235978771
1535.42127,0.797622381236815
1535.662324,0.7987158727697783
1535.903378,0.8004429636416097
1536.144432,0.8022138987537714
1536.385486,0.80434258484882
1536.62654,0.8046724329228426
1536.867594,0.8080106822031333
1537.108648,0.8082288745419685
1537.349702,0.810243872070402
1537.590756,0.8100089354149632
1537.83181,0.8109815295772472
1538.072864,0.8135970989091716
1538.313918,0.8167191507107726
1538.554972,0.819795795184359
1538.796026,0.8202139976724729
1539.03708,0.8215027450507912
1539.278134,0.825018061631859
1539.519188,0.8266449491713512
1539.760242,0.8269674035760498
1540.001296,0.8280762826799161
1540.24235,0.8263226204993509
1540.483404,0.8303566264929373
1540.724458,0.830066052527075
1540.965512,0.8318193409667264
1541.206566,0.83127052133209
1541.44762,0.8328680939119499
1541.688674,0.8339014909221345
1541.929728,0.8337597397178715
1542.170782,0.8341850656340173
1542.411836,0.8366411784436737
1542.65289,0.8375033628061931
1542.893944,0.8382155432984083
1543.134998,0.8401372564142747
1543.376052,0.8414320645355089
1543.617106,0.8433274181539323
1543.85816,0.8449904106775056
1544.099214,0.8465804868528537
1544.340268,0.8485807762148728
1544.581322,0.850772941294466
1544.822376,0.8524250428209038
1545.06343,0.8554137576707852
1545.304484,0.8576836103550829
1545.545538,0.8598047073490642
1545.786592,0.8632767117094288
1546.027646,0.8648925494977889
1546.2687,0.8683156312039567
1546.509754,0.8699669992060597
1546.750808,0.8721271948995785
1546.991862,0.8740654679593032
1547.232916,0.8765513421588322
1547.47397,0.8789124395214309
1547.715024,0.8803198250328321
1547.956078,0.883812803071857
1548.197132,0.8860428199767734
1548.438186,0.8881629949163498
1548.67924,0.8888027025397987
1548.920294,0.8916603432745465
1549.161348,0.892980977610942
1549.402402,0.8956370734643594
1549.643456,0.8967304174982355
1549.88451,0.8989301005325234
1550.125564,0.8996495323473057
1550.366618,0.9004775907655319
1550.607672,0.9024427731839592
1550.848726,0.9040867145640272
1551.08978,0.9057834673624878
1551.330834,0.9073563657731681
1551.571888,0.9085494156999364
1551.812942,0.9102154038086538
1552.053996,0.9109438674783172
1552.29505,0.9126598780964048
1552.536104,0.9123222564053737
1552.777158,0.914642500399075
1553.018212,0.9146717694273897
1553.259266,0.9156647268792248
1553.50032,0.9167366815808907
1553.741374,0.9169768980584494
1553.982428,0.9183331919680788
1554.223482,0.9171355487847057
1554.464536,0.9182147346269777
1554.70559,0.9190029009442862
1554.946644,0.91879614855209
1555.187698,0.9180412084408743
1555.428752,0.9193347208814221
1555.669806,0.9191821239836487
1555.91086,0.9191435191451487
1556.151914,0.9184562568609662
1556.392968,0.9177153616531047
1556.634022,0.9152234828292277
1556.875076,0.9163975517515932
1557.11613,0.9159825176729659
1557.357184,0.9184149272593305
1557.598238,0.9180136676177355
1557.839292,0.9191894774700545
1558.080346,0.9188457648837407
1558.3214,0.917663971031803
1558.562454,0.9153415542739571
1558.803508,0.9170722686150304
1559.044562,0.9172988134425129
1559.285616,0.916356314789603
1559.52667,0.9149864706415782
1559.767724,0.9147586673730723
1560.008778,0.9135117871164284
1560.249832,0.9107134278316897
1560.490886,0.9127100757701235
1560.73194,0.912673568097251
1560.972994,0.9115735472200405
1561.214048,0.9107453033594823
1561.455102,0.9100497596792336
1561.696156,0.9092028976284259
1561.93721,0.907558728805375
1562.178264,0.9081016112308679
1562.419318,0.9099614891337354
1562.660372,0.912141634480766
1562.901426,0.9098213658541784
1563.14248,0.9097030967642747
1563.383534,0.9095666515334082
1563.624588,0.9080516670157286
1563.865642,0.9076050154808444
1564.106696,0.9073037406300972
1564.34775,0.9056077624137506
1564.588804,0.9038245674299753
1564.829858,0.9027406284425245
1565.070912,0.9033547008308151
1565.311966,0.9012252974212048
1565.55302,0.9001624787565823
1565.794074,0.8992088120617435
1566.035128,0.8977802060932819
1566.276182,0.8968111268676774
1566.517236,0.896040200844276
1566.75829,0.8956728996638171
1566.999344,0.8938565279185782
1567.240398,0.892847040509834
1567.481452,0.8915176890322662
1567.722506,0.8909205722370781
1567.96356,0.8895496104673435
1568.204614,0.8885805296369337
1568.445668,0.8866721337589131
1568.686722,0.8851395170631994
1568.927776,0.8843167199722809
1569.16883,0.8810860365342851
1569.409884,0.8799061719311603
1569.650938,0.877393235491447
1569.891992,0.8755001114128369
1570.133046,0.8738382404784862
1570.3741,0.8715517808584659
1570.615154,0.8700627008394657
1570.856208,0.8670661565326955
1571.097262,0.8647109411319402
1571.338316,0.862681256234113
1571.57937,0.8602261148920817
1571.820424,0.8570063078726083
1572.061478,0.8549006633598688
1572.302532,0.8516411724171833
1572.543586,0.8496506618793263
1572.78464,0.8469530642280806
1573.025694,0.8439010758197784
1573.266748,0.840582647178301
1573.507802,0.8379557367520811
1573.748856,0.8344270143839242
1573.98991,0.8302486871477026
1574.230964,0.8267028163431206
1574.472018,0.8231885530409513
1574.713072,0.8191566037811694
1574.954126,0.816319056358046
1575.19518,0.8115494153847953
1575.436234,0.807308018612599
1575.677288,0.8031209128258
1575.918342,0.7973671829087294
1576.159396,0.7905629439597677
1576.40045,0.787367638897064
1576.641504,0.7831899655224853
1576.882558,0.7772058768035824
1577.123612,0.771028454602962
1577.364666,0.7643190288101368
1577.60572,0.7592987264749752
1577.846774,0.7534444396484046
1578.087828,0.7481962268878597
1578.328882,0.7414185265315175
1578.569936,0.7354372931641079
1578.81099,0.7292927865235033
1579.052044,0.7226285145526806
1579.293098,0.715910585790884
1579.534152,0.7088084203751849
1579.775206,0.7014890422624777
1580.01626,0.693419585866631
1580.257314,0.6851688326959107
1580.498368,0.677503879530768
1580.739422,0.6698241926899383
1580.980476,0.6605912576942586
1581.22153,0.6520069875576185
1581.462584,0.6433798388475024
1581.703638,0.63519705842687
1581.944692,0.6256526087601457
1582.185746,0.6163871639341517
1582.4268,0.6078361034801979
1582.667854,0.5989602761563859
1582.908908,0.5891526269213017
1583.149962,0.5806309046460468
1583.391016,0.5717233834153672
1583.63207,0.56391034662742
1583.873124,0.557094719806358
1584.114178,0.5494321437636188
1584.355232,0.5422598306885632
1584.596286,0.5351008741747904
1584.83734,0.5276880416991573
1585.078394,0.5206485671764163
1585.319448,0.5137800620214606
1585.560502,0.5069311922927688
1585.801556,0.5004638052623577
1586.04261,0.49375294412488774
1586.283664,0.4875950661834218
1586.524718,0.48177889222688
1586.765772,0.4757370468387364
1587.006826,0.4695173625877634
1587.24788,0.4641395581981195
1587.488934,0.45896560792354446
1587.729988,0.4533821096009802
1587.971042,0.4478934095443694
1588.212096,0.442617195948273
1588.45315,0.4371451447572047
1588.694204,0.4318702858769787
1588.935258,0.42665054355225135
1589.176312,0.42056341600025354
1589.417366,0.4151771426777526
1589.65842,0.4087628990335378
1589.899474,0.40257252983881037
1590.140528,0.39584601276739523
1590.381582,0.38890507044142103
1590.622636,0.38226927894877083
1590.86369,0.37524730138753287
1591.104744,0.3682143638296053
1591.345798,0.3616783492947233
1591.586852,0.35568847551656013
1591.827906,0.35042800505899935
1592.06896,0.34438329921894
1592.310014,0.3374965469436387
1592.551068,0.33064830207080315
1592.792122,0.32686762714391493
1593.033176,0.324977282206064
1593.27423,0.3235828800058491
1593.515284,0.3199149819161441
1593.756338,0.3154358328798878
1593.997392,0.3106774634419619
1594.238446,0.3062357649498257
1594.4795,0.3018273843555924
1594.720554,0.2970068727128105
1594.961608,0.2926142764181759
1595.202662,0.28805610753236693
1595.443716,0.2841366484572524
1595.68477,0.2801584340345344
1595.925824,0.27615306048659793
1596.166878,0.27187850099475824
1596.407932,0.26839379302240135
1596.648986,0.265324944105116
1596.89004,0.2625011017018073
1597.131094,0.2595515356863378
1597.372148,0.25668644431459786
1597.613202,0.2536499784319989
1597.854256,0.25017365056109475
1598.09531,0.24733786563028815
1598.336364,0.24377734275262136
1598.577418,0.2400279269783342
1598.818472,0.23695145264266826
1599.059526,0.23473454477859584
1599.30058,0.23246862716134165
1599.541634,0.23059323686571728
1599.782688,0.23365724556045298
1600.023742,0.23997992619317704
1600.264796,0.24681900111089258
1600.50585,0.2524101336381488
1600.746904,0.2549214042398759
1600.987958,0.2570717628977599
1601.229012,0.25812792076977764
1601.470066,0.2585671114413854
1601.71112,0.2586964273233825
1601.952174,0.25926618596820056
1602.193228,0.2585671114413854
1602.434282,0.25792150101207395
1602.675336,0.25854125602303374
1602.91639,0.25952558183048363
1603.157444,0.2593180443910637
1603.398498,0.25991516231554684
1603.639552,0.26080037788112365
1603.880606,0.2612702413115339
1604.12166,0.25986318448104045
1604.362714,0.2589034672701778
1604.603768,0.2574834069458174
1604.844822,0.2570203536862729
1605.085876,0.2553551391973397
1605.32693,0.25329511692321094
1605.567984,0.2503237997916961
1605.809038,0.24832919843664528
1606.050092,0.24672029325333586
1606.291146,0.24394804663193553
1606.5322,0.2406287475085154
1606.773254,0.23887855363166619
1607.014308,0.24380172170582398
1607.255362,0.2494741441055722
1607.496416,0.2546156820248037
1607.73747,0.25905885596248596
1607.978524,0.261871854456456
1608.219578,0.26352685491707223
1608.460632,0.2638696626051829
1608.701686,0.26379051357934885
1608.94274,0.26318449258940907
1609.183794,0.26257986384604876
1609.424848,0.2610613087026713
1609.665902,0.25983719946186495
1609.906956,0.259136585278089
1610.14801,0.2579730904710503
1610.389064,0.25738043417896544
1610.630118,0.25681481962790903
1610.871172,0.2570203536862729
1611.112226,0.2570460570067861
1611.35328,0.2577152463241397
1611.594334,0.2583861777975399
1611.835388,0.25949963056988523
1612.076442,0.2610352038770641
1612.317496,0.2632108123546343
1612.55855,0.2648477887743564
1612.799604,0.2674293124741463
1613.040658,0.2698740257927247
1613.281712,0.2725317930340126
1613.522766,0.2756288678124085
1613.76382,0.27887266477451256
1614.004874,0.28204179776572064
1614.245928,0.28473396237911774
1614.486982,0.2872794050622109
1614.728036,0.2896737468973414
1614.96909,0.29334672729132805
1615.210144,0.29691778401496954
1615.451198,0.2988839225094225
1615.692252,0.30074275926846394
1615.933306,0.3018877558694137
1616.17436,0.3023409272968187
1616.415414,0.30330996790222264
1616.656468,0.30285534400353536
1616.897522,0.30467793838291485
1617.138576,0.30467793838291485
1617.37963,0.3040691914559916
1617.620684,0.30324931197443716
1617.861738,0.3024014015294998
1618.102792,0.3030977252182971
1618.343846,0.30349200848967905
1618.5849,0.30355271296162184
1618.825954,0.3030977252182971
1619.067008,0.3030371117348038
1619.308062,0.3062970182279393
1619.549116,0.30962295374858206
1619.79017,0.31192266203264674
1620.031224,0.313016304106965
1620.272278,0.31515206834349135
1620.513332,0.3178104954800169
1620.754386,0.32562788715856034
1620.99544,0.33303756085574976
1621.236494,0.33719293669649436
1621.477548,0.340207348066087
1621.718602,0.3419126444947898
1621.959656,0.34263141549362935
1622.20071,0.3421862840516143
1622.441764,0.3398673107650079
1622.682818,0.33638464398765383
1622.923872,0.33247187796898403
1623.164926,0.3276858185248597
1623.40598,0.3220334038994694
1623.647034,0.31603573068480506
1623.888088,0.3080478964943976
1624.129142,0.2982271006488665
1624.370196,0.31594093418578545
1624.61125,0.3319403483013607
1624.852304,0.33983332573321134
1625.093358,0.3427684954739951
1625.334412,0.34390149993822394
1625.575466,0.3469411881497149
1625.81652,0.35144572124889645
1626.057574,0.3563292913337051
1626.298628,0.36204020854348745
1626.539682,0.37131667835338145
1626.780736,0.37887081103118736
1627.02179,0.385220261690074
1627.262844,0.3908466482082015
1627.503898,0.3963609472188664
1627.744952,0.4016356277590711
1627.986006,0.40736324407034774
1628.22706,0.41436004880839367
1628.468114,0.4211399827382096
1628.709168,0.42788534705474507
1628.950222,0.4330942098215352
1629.191276,0.4384059374441148
1629.43233,0.4428075622683563
1629.673384,0.4467080632865429
1629.914438,0.44941883889722345
1630.155492,0.4516941443444126
1630.396546,0.4563569457086419
1630.6376,0.45939723842954805
1630.878654,0.45844268525306636
1631.119708,0.45756331975839637
1631.360762,0.4547488456567461
1631.601816,0.4535272150916928
1631.84287,0.44263047466333116
1632.083924,0.4714086212683568
1632.324978,0.5160301938496616
1632.566032,0.5384718815488417
1632.807086,0.5515680815210666
1633.04814,0.5590144256434462
1633.289194,0.5665612977743284
1633.530248,0.570181812337605
1633.771302,0.5748937717700148
1634.012356,0.5864898013748407
1634.25341,0.5962531224380039
1634.494464,0.6024142183116566
1634.735518,0.6078604174106125
1634.976572,0.6129573017742839
1635.217626,0.6170285400424101
1635.45868,0.6219783462200466
1635.699734,0.6268612842917579
1635.940788,0.6338835604553442
1636.181842,0.6391922558385342
1636.422896,0.643489222717472
1636.66395,0.6496769757518245
1636.905004,0.6558127321996429
1637.146058,0.6626621475828258
1637.387112,0.66908110032861
1637.628166,0.6760893750945759
1637.86922,0.6832188815230217
1638.110274,0.69019576792622
1638.351328,0.6975856340437513
1638.592382,0.7068901499863423
1638.833436,0.7152379460304567
1639.07449,0.7242852300662709
1639.315544,0.7325746734575652
1639.556598,0.7406404456426122
1639.797652,0.750519233991882
1640.038706,0.7614429708472089
1640.27976,0.772510251305426
1640.520814,0.7837854161388556
1640.761868,0.7936045417949021
1641.002922,0.8027033985142595
1641.243976,0.8122801386347802
1641.48503,0.8217245807384251
1641.726084,0.8302237800606964
1641.967138,0.8387773358919214
1642.208192,0.8462757727294199
1642.449246,0.8541743065413935
1642.6903,0.8613968183062121
1642.931354,0.8662428348237219
1643.172408,0.8732180355265583
1643.413462,0.8784291705908325
1643.654516,0.8848563177320488
1643.89557,0.8921955000114775
1644.136624,0.8986874221684331
1644.377678,0.904457466115873
1644.618732,0.909361112696925
1644.859786,0.9137676062298257
1645.10084,0.9190966440209981
1645.341894,0.9218940271929671
1645.582948,0.9254316515433267
1645.824002,0.9287571355673797
1646.065056,0.9312886563270852
1646.30611,0.9355094797202375
1646.547164,0.9388711778250857
1646.788218,0.941485812535058
1647.029272,0.9441086727724802
1647.270326,0.9460545951693513
1647.51138,0.9486854400175116
1647.752434,0.9499347319103407
1647.993488,0.9529050624166633
1648.234542,0.9540998008071605
1648.475596,0.9560835254783708
1648.71665,0.9579315064174431
1648.957704,0.9588218382820232
1649.198758,0.9612103571009735
1649.439812,0.9632753294501554
1649.680866,0.9634419904979152
1649.92192,0.9653341192546122
1650.162974,0.9665550730615966
1650.404028,0.9673605488715559
1650.645082,0.9686915845035439
1650.886136,0.9689396012939714
1651.12719,0.9698818684540824
1651.368244,0.9708221394723496
1651.609298,0.9723203019978667
1651.850352,0.9733865492456154
1652.091406,0.973272669681438
1652.33246,0.9708629148584845
1652.573514,0.974201614844703
1652.814568,0.9750661150262206
1653.055622,0.9754386614339943
1653.296676,0.9728785740599672
1653.53773,0.9762417778894447
1653.778784,0.9768530965651855
1654.019838,0.9772321891058499
1654.260892,0.9763921307001089
1654.501946,0.9761373256075072
1654.743,0.9779243144792075
1654.984054,0.9781052472131481
1655.225108,0.978070036058053
1655.466162,0.9783498040932876
1655.707216,0.9784848256825278
1655.94827,0.9781385033569046
1656.189324,0.97819523703536
1656.430378,0.9785738718532043
1656.671432,0.9783116491949533
1656.912486,0.9788097365768785
1657.15354,0.9784554715780711
1657.394594,0.9774286325177617
1657.635648,0.9785631075998174
1657.876702,0.9785503863621068
1658.117756,0.9788107153871045
1658.35881,0.977882264637763
1658.599864,0.9785954007152017
1658.840918,0.9784867826541361
1659.081972,0.9787138179227848
1659.323026,0.9779301820426971
1659.56408,0.9781658916184324
1659.805134,0.9780592773468293
1660.046188,0.9777698146433282
1660.287242,0.9773377358816966
1660.528296,0.9777297269027322
1660.76935,0.9775361555809987
1661.010404,0.9770064745412024
1661.251458,0.9767104864238807
1661.492512,0.976169538670765
1661.733566,0.9767769049951633
1661.97462,0.9770602113750515
1662.215674,0.9766723954576888
1662.456728,0.9755342591070242
1662.697782,0.977048486722863
1662.938836,0.9765317647583962
1663.17989,0.9775948095099338
1663.420944,0.9767124398468069
1663.661998,0.9767524858777786
1663.903052,0.9771315393739222
1664.144106,0.9764741510838956
1664.38516,0.9757274340140121
1664.626214,0.9757469487578392
1664.867268,0.9758474558695887
1665.108322,0.9752855295853138
1665.349376,0.97501346287763
1665.59043,0.9747785129456805
1665.831484,0.973881155231916
1666.072538,0.9740915362817815
1666.313592,0.9740905621907323
1666.554646,0.9740827694974056
1666.7957,0.9738967374550571
1667.036754,0.9733719485568821
1667.277808,0.9735111506982417
1667.518862,0.9737750079711265
1667.759916,0.9736260317918752
1668.00097,0.9737720866504846
1668.242024,0.974560187012198
1668.483078,0.9752991836783064
1668.724132,0.9735861139428933
1668.965186,0.9744364257274555
1669.20624,0.9738587562229353
1669.447294,0.9742707856148903
1669.688348,0.9742094084887963
1669.929402,0.9744676081919955
1670.170456,0.9755937685118482
1670.41151,0.9749432644354771
1670.652564,0.97535380196189
1670.893618,0.976199800395518
1671.134672,0.976809139164889
1671.375726,0.9766499322509211
1671.61678,0.9767935103436933
1671.857834,0.9772077586065048
1672.098888,0.9773602149081297
1672.339942,0.9779878816255585
1672.580996,0.9777835035165552
1672.82205,0.9771334936389552
1673.063104,0.9779370275779307
1673.304158,0.9778128374616676
1673.545212,0.976929294078382
1673.786266,0.9767231837427366
1674.02732,0.9769693490005595
1674.268374,0.9773484866559204
1674.509428,0.9776749755710772
1674.750482,0.9770436014926425
1674.991536,0.9764536453420339
1675.23259,0.9757342641299556
1675.473644,0.9757518275047798
1675.714698,0.9749500890622143
1675.955752,0.9753762353573182
1676.196806,0.9738675209911827
1676.43786,0.9747093061281324
1676.678914,0.974278579812352
1676.919968,0.9734001767526972
1677.161022,0.97282020309667
1677.402076,0.9731325285074106
1677.64313,0.9721696040304513
1677.884184,0.9720675315809254
1678.125238,0.9721559937512669
1678.366292,0.9713096145323676
1678.607346,0.9721307180240153
1678.8484,0.9709192265405693
1679.089454,0.9713814941033544
1679.330508,0.9708949538633155
1679.571562,0.9703504345461477
1679.812616,0.9707648626558034
1680.05367,0.9689347566080766
1680.294724,0.9694493975889236
1680.535778,0.9694387337042015
1680.776832,0.9688029904414803
1681.017886,0.968457189503033
1681.25894,0.9692516500827468
1681.499994,0.9686576808914029
1681.741048,0.9689647940511095
1681.982102,0.969501749269876
1682.223156,0.9693175614359131
1682.46421,0.9682015505508306
1682.705264,0.9692526193348816
1682.946318,0.9695841604209883
1683.187372,0.9670703842337663
1683.428426,0.9695676776303652
1683.66948,0.9685763170635366
1683.910534,0.9685075505862639
1684.151588,0.9685123931361233
1684.392642,0.9694455197990888
1684.633696,0.9675211440516998
1684.87475,0.965517550162655
1685.115804,0.9690161505461292
1685.356858,0.9696151876105541
1685.597912,0.9700322117950007
1685.838966,0.9698227074645352
1686.08002,0.9700894453838709
1686.321074,0.9701311601268829
1686.562128,0.9695288956989038
1686.803182,0.9700642233861783
1687.044236,0.9693941405481016
1687.28529,0.9690035534180537
1687.526344,0.9679537226772109
1687.767398,0.9671168047262925
1688.008452,0.9654625172307492
1688.249506,0.9615006864663456
1688.49056,0.9624260951769481
1688.731614,0.9640539704449508
1688.972668,0.9666981337986431
1689.213722,0.9676633801139698
1689.454776,0.9695085358058738
1689.69583,0.970326176088516
1689.936884,0.9701883995538769
1690.177938,0.9685811599572292
1690.418992,0.9700399720837362
1690.660046,0.9694552143027593
1690.9011,0.9695288956989038
1691.142154,0.9684843066839778
1691.383208,0.9688213978731688
1691.624262,0.9671699976133433
1691.865316,0.9670800549859623
1692.10637,0.9653457033335475
1692.347424,0.9662854418115209
1692.588478,0.9662139393344511
1692.829532,0.9659048003387414
1693.070586,0.9661463067258665
1693.31164,0.9654634826937492
1693.552694,0.9651584444318017
1693.793748,0.9658507111844328
1694.034802,0.9654490008501229
1694.275856,0.9653891448676247
1694.51691,0.9652482083410909
1694.757964,0.9658536087409128
1694.999018,0.9662071758605479
1695.240072,0.9658246335672802
1695.481126,0.9661414760064098
1695.72218,0.9660574253542535
1695.963234,0.9633032648397706
1696.204288,0.9672115868174022
1696.445342,0.9674040810757223
1696.686396,0.968181218531756
1696.92745,0.968732270404491
1697.168504,0.9691314703294353
1697.409558,0.9681841230797684
1697.650612,0.968870809024434
1697.891666,0.9692913902150674
1698.13272,0.9695221090203874
1698.373774,0.9705522884286093
1698.614828,0.9692894516342255
1698.855882,0.9716991877920134
1699.096936,0.9722337693417492
1699.33799,0.9718828562946328
1699.579044,0.9724515740993039
1699.820098,0.9712493952030851
1700.061152,0.9725964801790795
1700.302206,0.9725254832274467
1700.54326,0.9726898539230447
1700.784314,0.9726801270731399
1701.025368,0.9726169049196224
1701.266422,0.9734459276361419
1701.507476,0.9748077567397235
1701.74853,0.9737321628133762
1701.989584,0.9752718756834771
1702.230638,0.973540356470847
1702.471692,0.9737058723999024
1702.712746,0.9739191373376163
1702.9538,0.9741704408918139
1703.194854,0.9742113569095617
1703.435908,0.974759992329881
1703.676962,0.9749120667501807
1703.918016,0.9744032954521986
1704.15907,0.973712688364865
1704.400124,0.9733914161905289
1704.641178,0.9740106900394356
1704.882232,0.9728600895426636
1705.123286,0.9733018682995056
1705.36434,0.9734352197898312
1705.605394,0.9730488427084999
1705.846448,0.9723504443944334
1706.087502,0.9721812701356961
1706.328556,0.9714864089700184
1706.56961,0.9723893391900998
1706.810664,0.9719197885448803
1707.051718,0.9720966940443077
1707.292772,0.970986222278527
1707.533826,0.9716243698350817
1707.77488,0.970864856586256
1708.015934,0.9706998235888386
1708.256988,0.9708522354251581
1708.498042,0.971404807538973
1708.739096,0.9700176614209518
1708.98015,0.9703232651143542
1709.221204,0.9708318477422856
1709.462258,0.9704047756920201
1709.703312,0.9691624830326864
1709.944366,0.9693747528591682
1710.18542,0.9693039910850456
1710.426474,0.9688795289009546
1710.667528,0.9691072423455281
1710.908582,0.9681424920575493
1711.149636,0.9685278894583836
1711.39069,0.9669988236731064
1711.631744,0.967351842665794
1711.872798,0.9664361940988161
1712.113852,0.9667861073315538
1712.354906,0.9669069631483015
1712.59596,0.9657946934677136
1712.837014,0.9665686049273423
1713.078068,0.9650648286031328
1713.319122,0.9655320330345287
1713.560176,0.9650378071662339
1713.80123,0.9654615517687147
1714.042284,0.9633938196026728
1714.283338,0.9643866264446147
1714.524392,0.9630547646553442
1714.765446,0.963508470288786
1715.0065,0.9616391525345144
1715.247554,0.9618074541121664
1715.488608,0.9616631938138425
1715.729662,0.9603504586933055
1715.970716,0.9607039326973323
1716.21177,0.9596794082821206
1716.452824,0.9593646850536351
1716.693878,0.9585687427268
1716.934932,0.9585141058656299
1717.175986,0.9560013058306752
1717.41704,0.9538574902325012
1717.658094,0.955890416110927
1717.899148,0.9559124018433325
1718.140202,0.95546513950682
1718.381256,0.954680069869971
1718.62231,0.9546036985192762
1718.863364,0.955593180414063
1719.104418,0.9550066262918318
1719.345472,0.954274417047607
1719.586526,0.9553084560723336
1719.82758,0.9553839284214819
1720.068634,0.9557546893086702
1720.309688,0.9553103666911564
1720.550742,0.9568506120263942
1720.791796,0.9569903224143602
1721.03285,0.9566324749554233
1721.273904,0.9577437702409315
1721.514958,0.9579516231903031
1721.756012,0.9575771373223939
1721.997066,0.9575464953442738
1722.23812,0.9602275417014481
1722.479174,0.9596467797369275
1722.720228,0.9603418155780714
1722.961282,0.9607125790716352
1723.202336,0.9620412017227001
1723.44339,0.9615314549806061
1723.684444,0.961856507543178
1723.925498,0.9619055634759783
1724.166552,0.9618266904536114
1724.407606,0.9629835012395386
1724.64866,0.9616285745620154
1724.889714,0.9613035990277726
1725.130768,0.9615372241866436
1725.371822,0.9613295545753446
1725.612876,0.9604647471979212
1725.85393,0.960309164511413
1726.094984,0.959099936937481
1726.336038,0.9594999650112406
1726.577092,0.9573023521175454
1726.818146,0.957175996546717
1727.0592,0.9569357755205837
1727.300254,0.9557900528863968
1727.541308,0.9543574425334463
1727.782362,0.954178040198598
1728.023416,0.9546991636623057
1728.26447,0.9544958343957812
1728.505524,0.954540696754255
1728.746578,0.9550419621907147
1728.987632,0.9555368020795959
1729.228686,0.9549302288176681
1729.46974,0.9559783620746615
1729.710794,0.9554374314195435
1729.951848,0.9558483578579064
1730.192902,0.9568754904657252
1730.433956,0.957547452891248
1730.67501,0.9580359266424414
1730.916064,0.9587911564741097
1731.157118,0.9588419737520488
1731.398172,0.9597657833156842
1731.639226,0.960947982489249
1731.88028,0.9616035725441044
1732.121334,0.9628361760345145
1732.362388,0.9625059798580162
1732.603442,0.9629132060097552
1732.844496,0.9628294362048717
1733.08555,0.9638544319260178
1733.326604,0.9625204175559966
1733.567658,0.9642458362750862
1733.808712,0.9656469381831806
1734.049766,0.9663134644956604
1734.29082,0.9658545745950043
1734.531874,0.9656826677808868
1734.772928,0.966598569018536
1735.013982,0.9682828828969876
1735.255036,0.9685501658560188
1735.49609,0.9689396012939714
1735.737144,0.9690956131283954
1735.978198,0.9691624830326864
1736.219252,0.9709735995396853
1736.460306,0.9714825230321543
1736.70136,0.971499038375426
1736.942414,0.9723358592471564
1737.183468,0.9722882159573234
1737.424522,0.9714611506517447
1737.665576,0.9728192302769534
1737.90663,0.9729165170642393
1738.147684,0.9729272192047886
1738.388738,0.9731432330240989
1738.629792,0.9737847457698952
1738.870846,0.9736396626517362
1739.1119,0.9740525733995931
1739.352954,0.9747414720659697
1739.594008,0.9743399612963766
1739.835062,0.9736367417371296
1740.076116,0.9752884554462913
1740.31717,0.9750953674484556
1740.558224,0.9744598124823128
1740.799278,0.9745455687190304
1741.040332,0.9753235664626819
1741.281386,0.9749159664062471
1741.52244,0.9748769705475132
1741.763494,0.974415962777377
1742.004548,0.9749627634957557
1742.245602,0.9752621230134837
1742.486656,0.9756688921242456
1742.72771,0.9757664638919651
1742.968764,0.9755527944340323
1743.209818,0.9755693789725058
1743.450872,0.9748623475026281
1743.691926,0.9764018946702356
1743.93298,0.9763657684684718
1744.174034,0.9762554453700073
1744.415088,0.9759870120338059
1744.656142,0.9770377392486203
1744.897196,0.976740764918274
1745.13825,0.976954694570233
1745.379304,0.9770045205302073
1745.620358,0.977884220404248
1745.861412,0.9780279799507152
1746.102466,0.9769713029412115
1746.34352,0.9781766515024194
1746.584574,0.978012331628223
1746.825628,0.9786139942044528
1747.066682,0.9788890233766133
1747.307736,0.9785875719833109
1747.54879,0.9782901265754207
1747.789844,0.9786639047908664
1748.030898,0.9781971934277904
1748.271952,0.97908873710749
1748.513006,0.9792640096778593
1748.75406,0.9782842568522705
1748.995114,0.9786423744217959
1749.236168,0.9802084753424984
1749.477222,0.9793443126190285
1749.718276,0.9800810565231066
1749.95933,0.9806241718574772
1750.200384,0.9801232009146351
1750.441438,0.9806035789660943
1750.682492,0.9800055931871301
1750.923546,0.9795881997155541
1751.1646,0.9809988418485389
1751.405654,0.978497546067944
1751.646708,0.9809890319091702
1751.887762,0.9818379545278721
1752.128816,0.982770161008732
1752.36987,0.9833590166798429
1752.610924,0.9833836009625623
1752.851978,0.9833865511177904
1753.093032,0.9834494898710805
1753.334086,0.9836225922138572
1753.57514,0.9842129428566678
1753.816194,0.9846904019084142
1754.057248,0.9849966882484649
1754.298302,0.9844383534291075
1754.539356,0.9845171116476685
1754.78041,0.984786906296439
1755.021464,0.9855238024671584
1755.262518,0.9849622139676796
1755.503572,0.9853267174158271
1755.744626,0.9850045682534908
1755.98568,0.9842414854458762
1756.226734,0.9848617529454541
1756.467788,0.984581107339763
1756.708842,0.9834632582603172
1756.949896,0.98453384858083
1757.19095,0.984635260789873
1757.432004,0.9841342089706366
1757.673058,0.9840594176128625
1757.914112,0.9856578428188313
1758.155166,0.9850479094079924
1758.39622,0.9849070576280893
1758.637274,0.986452603285586
1758.878328,0.9864309015670335
1759.119382,0.987016028564671
1759.360436,0.9864861432442737
1759.60149,0.9869193057333677
1759.842544,0.9864960081550307
1760.083598,0.988052939677732
1760.324652,0.9880934506787286
1760.565706,0.9886123359357968
1760.80676,0.9885184222248548
1761.047814,0.9890721475699267
1761.288868,0.9884413207949161
1761.529922,0.9895509743560854
1761.770976,0.9887082359834597
1762.01203,0.9901821132430304
1762.253084,0.9901507249675474
1762.494138,0.9914823822151224
1762.735192,0.9912729041199005
1762.976246,0.9924800176237947
1763.2173,0.9918585228132515
1763.458354,0.9916129690438141
1763.699408,0.9917783838822646
1763.940462,0.9920794343038635
1764.181516,0.9925181295882165
1764.42257,0.9916032512843346
1764.663624,0.9926717832871662
1764.904678,0.9922681457581585
1765.145732,0.9929793606469016
1765.386786,0.99323886005596
1765.62784,0.9934097118327211
1765.868894,0.9933048133058913
1766.109948,0.9939377500409151
1766.351002,0.9933384869098267
1766.592056,0.9940584214083739
1766.83311,0.9935312132701397
1767.074164,0.9927280693729741
1767.315218,0.9938606234640618
1767.556272,0.9935393602594912
1767.797326,0.9939835716273714
1768.03838,0.9929637709933186
1768.279434,0.9933044159840454
1768.520488,0.9943140266851683
1768.761542,0.9948421476370417
1769.002596,0.9942680904382709
1769.24365,0.9940602107151427
1769.484704,0.9950138722111282
1769.725758,0.994801459425283
1769.966812,0.9947641550700156
1770.207866,0.995356912612496
1770.44892,0.9954474942129441
1770.689974,0.9951875172819209
1770.931028,0.9947365010108978
1771.172082,0.9950359617642845
1771.413136,0.9950441210926242
1771.65419,0.9950561611993319
1771.895244,0.9964455321302739
1772.136298,0.9953692551147357
1772.377352,0.9947483384456924
1772.618406,0.9950954666939776
1772.85946,0.9948726897597934
1773.100514,0.9955740236302327
1773.341568,0.9959230334859193
1773.582622,0.9964717389923876
1773.823676,0.9966677642619006
1774.06473,0.997187163458823
1774.305784,0.9960589862585557
1774.546838,0.9967026482441159
1774.787892,0.9966291939657638
1775.028946,0.9962310205002118
1775.27,0.9967904616155484
1775.511054,0.9959802011087364
1775.752108,0.9963164011571776
1775.993162,0.99620452110751
1776.234216,0.9970707985068744
1776.47527,0.9958515287791647
1776.716324,0.9969528520080839
1776.957378,0.9966526150270183
1777.198432,0.9975545948865546
1777.439486,0.9974980351445084
1777.68054,0.9969084885932629
1777.921594,0.9962331125875515
1778.162648,0.9971050983322967
1778.403702,0.9961536163571089
1778.644756,0.9964829991866582
1778.88581,0.9972705317904359
1779.126864,0.9969303211282285
1779.367918,0.9972317387212793
1779.608972,0.9967435138904339
1779.850026,0.997747540602455
1780.09108,0.9968552551013189
1780.332134,0.9964425427981615
1780.573188,0.9970669099383429
1780.814242,0.9969899393439988
1781.055296,0.9962721656910007
1781.29635,0.9967039439584009
1781.537404,0.9964910707316413
1781.778458,0.996497547944652
1782.019512,0.9961107826725363
1782.260566,0.9968866565364246
1782.50162,0.996367214589368
1782.742674,0.9972769143422635
1782.983728,0.9968013266907946
1783.224782,0.9963490808710799
1783.465836,0.9962986668830724
1783.70689,0.9969122768527172
1783.947944,0.996123831809261
1784.188998,0.9963024528251999
1784.430052,0.9963748866464578
1784.671106,0.9964612760940584
1784.91216,0.9956479975282847
1785.153214,0.9963391174300885
1785.394268,0.9957816224555851
1785.635322,0.9963423057203655
1785.876376,0.9965790647780669
1786.11743,0.9959428525514847
1786.358484,0.9965098049398721
1786.599538,0.9956600449419415
1786.840592,0.995428481347378
1787.081646,0.9959434501173755
1787.3227,0.9955884595582355
1787.563754,0.9953347164008335
1787.804808,0.9950643206933076
1788.045862,0.9952258327389041
1788.286916,0.9957046515111345
1788.52797,0.9953071460110408
1788.769024,0.9945653215894855
1789.010078,0.9948070303290543
1789.251132,0.9953914520966203
1789.492186,0.9946273844018924
1789.73324,0.9939832734323446
1789.974294,0.9945129093781117
1790.215348,0.9939337742978664
1790.456402,0.9937998010550905
1790.697456,0.9936516365506914
1790.93851,0.9922865028886579
1791.179564,0.9934037513923315
1791.420618,0.9936203370171104
1791.661672,0.9934969370345503
1791.902726,0.9935078655609645
1792.14378,0.9936595857955808
1792.384834,0.9925249779869376
1792.625888,0.991621893600696
1792.866942,0.9924012178387882
1793.107996,0.9932430316679325
1793.34905,0.9920817160891864
1793.590104,0.9926265184858936
1793.831158,0.9929272305988933
1794.072212,0.9919739818648934
1794.313266,0.9916343881152706
1794.55432,0.99194214001114
1794.795374,0.9908770687755752
1795.036428,0.9904933763936644
1795.277482,0.9905172475716821
1795.518536,0.9906917920876245
1795.75959,0.9900310229810296
1796.000644,0.9899003475107669
1796.241698,0.9906196723503508
1796.482752,0.9901034959043885
1796.723806,0.9902805422369267
1796.96486,0.9892501965804195
1797.205914,0.9893184571989477
1797.446968,0.9898013624253527
1797.688022,0.9892561320994054
1797.929076,0.9886212334868592
1798.17013,0.9880608441328672
1798.411184,0.9884146332395383
1798.652238,0.9880015622606931
1798.893292,0.9877703969425212
1799.134346,0.9864249829993798
1799.3754,0.9874839850591383
1799.616454,0.9865502669275817
1799.857508,0.986350017549395
1800.098562,0.9866686600630591
1800.339616,0.985613489213868
1800.58067,0.9858678103000946
1800.821724,0.9855080342124654
1801.062778,0.9856184172936343
1801.303832,0.9841243676777535
1801.544886,0.9848873596839168
1801.78594,0.9840367845065391
1802.026994,0.9841962113788572
1802.268048,0.9842109744327505
1802.509102,0.9834642417240672
1802.750156,0.9835340701641099
1802.99121,0.9834081858598962
1803.232264,0.9830738839112556
1803.473318,0.9820716597708705
1803.714372,0.9826178434386924
1803.955426,0.9822926507548724
1804.19648,0.9820147012664164
1804.437534,0.9814796490691936
1804.678588,0.9825431673203194
1804.919642,0.9812019296276615
1805.160696,0.9820598749816621
1805.40175,0.9819253419945096
1805.642804,0.9813559904240692
1805.883858,0.9817289765633085
1806.124912,0.9817191593226291
1806.365966,0.9813236062107276
1806.60702,0.9819793493735087
1806.848074,0.981832063517818
1807.089128,0.9814816120304547
1807.330182,0.98129514823879
1807.571236,0.9817888638574227
1807.81229,0.9821767470605357
1808.053344,0.9813569717805503
1808.294398,0.9806418232514327
1808.535452,0.9812696348966108
1808.776506,0.9805506278025244
1809.01756,0.9800536146377122
1809.258614,0.9785768075792234
1809.499668,0.9783860037057277
1809.740722,0.9772839837844194
1809.981776,0.9769263632948959
1810.22283,0.9771852830865263
1810.463884,0.9790838416760431
1810.704938,0.9803790464564647
1810.945992,0.9818791925879555
1811.187046,0.982414462595744
1811.4281,0.9828576314454386
1811.669154,0.9825117264420219
1811.910208,0.9821600501977594
1812.151262,0.9814973158618775
1812.392316,0.9813658040330413
1812.63337,0.9807634303770019
1812.874424,0.9803829679804935
1813.115478,0.9795480374226984
1813.356532,0.9788528051527896
1813.597586,0.9793883841046973
1813.83864,0.979774339156187
1814.079694,0.9787265412851195
1814.320748,0.978427096780832
1814.561802,0.9776270706709539
1814.802856,0.9786237803933258
1815.04391,0.9784045932163979
1815.284964,0.9784045932163979
1815.526018,0.9781844769469332
1815.767072,0.9781815423979042
1816.008126,0.9785983365058075
1816.24918,0.9786639047908664
1816.490234,0.9785572362387859
1816.731288,0.9792620511517985
1816.972342,0.9782911048660364
1817.213396,0.9780494968029587
1817.45445,0.978095466209581
1817.695504,0.9786051867181388
1817.936558,0.9779820137158726
1818.177612,0.9788156094529166
1818.418666,0.9774569783591174
1818.65972,0.9796959603442487
1818.900774,0.9783615443613782
1819.141828,0.9794491080669352
1819.382882,0.9802349413286219
1819.623936,0.9793403952496128
1819.86499,0.9791641298428304
1820.106044,0.9798252887465009
1820.347098,0.9802457239722809
1820.588152,0.9797224124922804
1820.829206,0.9789585269646212
1821.07026,0.979971293591615
1821.311314,0.9797371084386871
1821.552368,0.9793022017189768
1821.793422,0.9800389139437481
1822.034476,0.9808742629065544
1822.27553,0.9789908331290598
1822.516584,0.9801408432910325
1822.757638,0.9799987331719878
1822.998692,0.9802035743123744
1823.239746,0.9789467795327823
1823.4808,0.9795392215300331
1823.721854,0.9793315812257187
1823.962908,0.9801271214152797
1824.203962,0.9799928531972287
1824.445016,0.9799761934603326
1824.68607,0.979890939240114
1824.927124,0.9798262685722796
1825.168178,0.9791553174053178
1825.409232,0.9800702756907795
1825.650286,0.9793198293172556
1825.89134,0.9812657098259213
1826.132394,0.9807496997850909
1826.373448,0.9806006371597701
1826.614502,0.9790329306399743
1826.855556,0.9798115712884808
1827.09661,0.9800977180426901
1827.337664,0.979774339156187
1827.578718,0.9790936325634142
1827.819772,0.9788322494597169
1828.060826,0.9788821711774324
1828.30188,0.9787656911297625
1828.542934,0.9777795923903634
1828.783988,0.9779996175505534
1829.025042,0.9753625801856096
1829.266096,0.9763403832885004
1829.50715,0.9753801368700626
1829.748204,0.9752123859135169
1829.989258,0.9747521942811345
1830.230312,0.9760699744556818
1830.471366,0.9782871917094433
1830.71242,0.9786316094148849
1830.953474,0.9779878816255585
1831.194528,0.9776319588185276
1831.435582,0.9771168825107582
1831.676636,0.9766528622051128
1831.91769,0.9771012487657084
1832.158744,0.9766040307827983
1832.399798,0.9759616367013738
1832.640852,0.9760563095716938
1832.881906,0.9751294963835692
1833.12296,0.9750592895873045
1833.364014,0.9749549638248465
1833.605068,0.9746215862380352
1833.846122,0.9743721150456333
1834.087176,0.974843825293987
1834.32823,0.9749042674848438
1834.569284,0.9744763784399353
1834.810338,0.9753772107340413
1835.051392,0.9763179277179247
1835.292446,0.9759323582914511
1835.5335,0.9766557921680944
1835.774554,0.9764028710726186
1836.015608,0.9764272814495238
1836.256662,0.9772370752790108
1836.497716,0.976956648481576
1836.73877,0.9778001259774054
1836.979824,0.9785004815649855
1837.220878,0.9789595059236377
1837.461932,0.9781658916184324
1837.702986,0.9782206704421558
1837.94404,0.9782177357845464
1838.185094,0.9781590444811561
1838.426148,0.976954694570233
1838.667202,0.9773230759256083
1838.908256,0.9772341435721825
1839.14931,0.9761636816711039
1839.390364,0.975676697506604
1839.631418,0.9749764130699915
1839.872472,0.9746605718811924
1840.113526,0.9765708268102224
1840.35458,0.9783889388681416
1840.595634,0.9808252204194815
1840.836688,0.9830748669856311
1841.077742,0.9832193896132307
1841.318796,0.9837711304396353
1841.55985,0.9843576327937176
1841.800904,0.983948225181163
1842.041958,0.9845683078685644
1842.283012,0.9840535132740699
1842.524066,0.9841076377057082
1842.76512,0.9834858781753852
1843.006174,0.9835311195663253
1843.247228,0.9834966965795463
1843.488282,0.9825254817024788
1843.729336,0.9824743917057817
1843.97039,0.9825687137747723
1844.211444,0.9808840716982273
1844.452498,0.98191159513595
1844.693552,0.9817034519417394
1844.934606,0.9823673078332628
1845.17566,0.9821305858382211
1845.416714,0.9822504130790064
1845.657768,0.9827102138573173
1845.898822,0.9829048097440181
1846.139876,0.9826856464090652
1846.38093,0.9834809607582878
1846.621984,0.9837770330841258
1846.863038,0.9846963100685501
1847.104092,0.9856548858497384
1847.345146,0.9852764670346346
1847.5862,0.9855691376047722
1847.827254,0.9857396558149777
1848.068308,0.9868729216160336
1848.309362,0.9874671979740829
1848.550416,0.9879847663769001
1848.79147,0.9883830044773375
1849.032524,0.9890147830489547
1849.273578,0.9890147830489547
1849.514632,0.9901527052709777
1849.755686,0.990585001268566
1849.99674,0.9909039219079974
1850.237794,0.9908472438246729
1850.478848,0.9915369152457889
1850.719902,0.9922347068850946
1850.960956,0.9918714170578605
1851.20201,0.9926712869513986
1851.443064,0.9927714525375209
1851.684118,0.9931087542874065
1851.925172,0.9935778109767498
1852.166226,0.9924375403880598
1852.40728,0.9932550499813263
1852.648334,0.9940874483380701
1852.889388,0.994547817393863
1853.130442,0.9941094179134412
1853.371496,0.9948353827334385
1853.61255,0.9947162085932606
1853.853604,0.9948354822169817
1854.094658,0.9948401579547361
1854.335712,0.9961233337474695
1854.576766,0.996483896021761
1854.81782,0.9950537730674108
1855.058874,0.9965998934981801
1855.299928,0.9964419449328151
1855.540982,0.9960936497144182
1855.782036,0.997225555903666
1856.02309,0.9964174327624707
1856.264144,0.9967900628994435
1856.505198,0.9965795630677239
1856.746252,0.9968579466141413
1856.987306,0.9971038020965114
1857.22836,0.9975312523821427
1857.469414,0.9970730917723482
1857.710468,0.998010182317275
1857.951522,0.9979073925622597
1858.192576,0.9969773773499039
1858.43363,0.9977043390692669
1858.674684,0.9981778621126128
1858.915738,0.9980614813590203
1859.156792,0.9982285708359988
1859.397846,0.9976541558031314
1859.6389,0.9978298581701077
1859.879954,0.9981715736118902
1860.121008,0.9982694990464256
1860.362062,0.9986239476294881
1860.603116,0.9983751215467564
1860.84417,0.9984920381188213
1861.085224,0.998591992174454
1861.326278,0.9978814473073427
1861.567332,0.99779643142976
1861.808386,0.9987173233338377
1862.04944,0.9980043938750042
1862.290494,0.9990839997845654
1862.531548,0.9977860544008338
1862.772602,0.9984589885793325
1863.013656,0.9984490040393694
1863.25471,0.9989880124051737
1863.495764,0.9979019040866939
1863.736818,0.9979303446962371
1863.977872,0.998981019513562
1864.218926,0.9987342017992247
1864.45998,0.9981385346796011
1864.701034,0.99852129436414
1864.942088,0.999438467718297
1865.183142,0.9983176167959081
1865.424196,0.998725213231857
1865.66525,0.9982347598723239
1865.906304,0.9982057116634652
1866.147358,0.9981436251991087
1866.388412,0.9984408167911041
1866.629466,0.9984591882711501
1866.87052,0.9980802450912484
1867.111574,0.9980412209165929
1867.352628,0.9982034157929686
1867.593682,0.9980788477798833
1867.834736,0.9978961162724348
1868.07579,0.9970997139793034
1868.316844,0.998104099494165
1868.557898,0.9975999846532313
1868.798952,0.9977993250436069
1869.040006,0.9970760829961104
1869.28106,0.9966115537851465
1869.522114,0.997264947091095
1869.763168,0.9966287953141659
1870.004222,0.9968871549798775
1870.245276,0.9963458925591224
1870.48633,0.99625443220428
1870.727384,0.9970748865055287
1870.968438,0.9964441371075053
1871.209492,0.9957849085403612
1871.450546,0.9957149073218625
1871.6916,0.9952022461661701
1871.932654,0.9944500581483587
1872.173708,0.9949483029574803
1872.414762,0.9937408704741969
1872.655816,0.9952878372397039
1872.89687,0.9934590855223252
1873.137924,0.9941324815194736
1873.378978,0.9937336161923206
1873.620032,0.9943406746581647
1873.861086,0.9930320892508839
1874.10214,0.993224756164285
1874.343194,0.9925277570607667
1874.584248,0.9929737999780518
1874.825302,0.9914899175098614
1875.066356,0.9920787398485025
1875.30741,0.9917453582119617
1875.548464,0.9921268568342126
1875.789518,0.9921294363673938
1876.030572,0.9910525686445101
1876.271626,0.9918072450531635
1876.51268,0.9907399408787261
1876.753734,0.990525667004069
1876.994788,0.9907910643786504
1877.235842,0.990316688136377
1877.476896,0.9907059590815451
1877.71795,0.9910322522750964
1877.959004,0.9907211169986768
1878.200058,0.9905628124130537
1878.441112,0.9898350162437868
1878.682166,0.9904286002450514
1878.92322,0.9905431004092218
1879.164274,0.9903696714964846
1879.405328,0.9900504277792466
1879.646382,0.989766719983914
1879.887436,0.9907435075489333
1880.12849,0.9893144999330334
1880.369544,0.9903215407000376
1880.610598,0.9896430068761464
1880.851652,0.9897518735944625
1881.092706,0.989897377814179
1881.33376,0.9896232142139361
1881.574814,0.9895301940038184
1881.815868,0.988856553342381
1882.056922,0.9884462630138756
1882.297976,0.9888506202208603
1882.53903,0.9885965182649635
1882.780084,0.9881033316626402
1883.021138,0.9872341832121844
1883.262192,0.9857002270173263
1883.503246,0.9854824113366747
1883.7443,0.9838852545098343
1883.985354,0.9865325091825973
1884.226408,0.9888466648262902
1884.467462,0.9874987974300066
1884.708516,0.9880173704121542
1884.94957,0.9891028092817554
1885.190624,0.9882624291060385
1885.431678,0.9879086944786948
1885.672732,0.9880440472412909
1885.913786,0.9875382981719134
1886.15484,0.9872381321568151
1886.395894,0.9869094365896562
1886.636948,0.9866578067674917
1886.878002,0.9860521848191011
1887.119056,0.985334600061097
1887.36011,0.9853316440617308
1887.601164,0.9851227758939978
1887.842218,0.9853749996078845
1888.083272,0.9845308949837147
1888.324326,0.984558462234714
1888.56538,0.9844452445217002
1888.806434,0.9840367845065391
1889.047488,0.9840554813830645
1889.288542,0.9838931256233548
1889.529596,0.9835832480970562
1889.77065,0.9836737419185331
1890.011704,0.9840456408774533
1890.252758,0.9846007991588274
1890.493812,0.9842296746189159
1890.734866,0.9846411686191612
1890.97592,0.9844550890233679
1891.216974,0.9843497579641546
1891.458028,0.9839885678854152
1891.699082,0.9843792888998553
1891.940136,0.984586030257607
1892.18119,0.9843034946127275
1892.422244,0.9841627492765292
1892.663298,0.983360983399843
1892.904352,0.9837455527227555
1893.145406,0.9834612913357677
1893.38646,0.9840436727881396
1893.627514,0.9838675447346417
1893.868568,0.9832105406785445
1894.109622,0.984020056023395
1894.350676,0.9842719974048579
1894.59173,0.9841283041830973
1894.832784,0.984486592090263
1895.073838,0.9831830111688205
1895.314892,0.9842277061615351
1895.555946,0.9826355307190593
1895.797,0.9838045792266964
1896.038054,0.9826276696662578
1896.279108,0.984112558256198
1896.520162,0.9828556657321413
1896.761216,0.9826011390773414
1897.00227,0.9815915441270846
1897.243324,0.9818134088858307
1897.484378,0.9816288453144795
1897.725432,0.9817702100462212
1897.966486,0.9815483550493097
1898.20754,0.9810753627424792
1898.448594,0.981139134713624
1898.689648,0.9799232761746653
1898.930702,0.980376105323737
1899.171756,0.9798801604990655
1899.41281,0.9794177661969496
1899.653864,0.9794451902783385
1899.894918,0.9784222046575783
1900.135972,0.9789771273533366
1900.377026,0.9783644794504139
1900.61808,0.9781473066430495
1900.859134,0.9774364519780996
1901.100188,0.9770211297482342
1901.341242,0.9770054975352163
1901.582296,0.9762954726638213
1901.82335,0.9746128146832311
1902.064404,0.9743097572257419
1902.305458,0.9731879986424193
1902.546512,0.9727569718385068
1902.787566,0.9720772523048448
1903.02862,0.9715515007399692
1903.269674,0.9716583772831527
1903.510728,0.9727666994568633
1903.751782,0.9715009813754456
1903.992836,0.9713251556105285
1904.23389,0.9715145824843925
1904.474944,0.9714339501203356
1904.715998,0.9704668835850958
1904.957052,0.9704290361146665
1905.198106,0.9695318042899538
1905.43916,0.9696307015776673
1905.680214,0.9678540285781093
1905.921268,0.9686121550502667
1906.162322,0.9684068310385102
1906.403376,0.9677330543855817
1906.64443,0.9672396363601363
1906.885484,0.9675105013776499
1907.126538,0.9678685464974222
1907.367592,0.9675288842518129
1907.608646,0.9680495548393697
1907.8497,0.9672850976913782
1908.090754,0.9674795415369659
1908.331808,0.967556942996306
1908.572862,0.9680379383144109
1908.813916,0.968870809024434
1909.05497,0.9694823594287897
1909.296024,0.9696365193793302
1909.537078,0.9700176614209518
1909.778132,0.9706367301508643
1910.019186,0.9709337904381964
1910.26024,0.9717983061641192
1910.501294,0.9713008727851747
1910.742348,0.9731257166035527
1910.983402,0.9715388706525554
1911.224456,0.9715952215412132
1911.46551,0.971499038375426
1911.706564,0.9718711937703326
1911.947618,0.9712192869385143
1912.188672,0.9711746118788495
1912.429726,0.9708464103292208
1912.67078,0.9699953512713069
1912.911834,0.9700836248646602
1913.152888,0.9683196783456468
1913.393942,0.9678801609896669
1913.634996,0.9657560624526004
1913.87605,0.9660381043989567
1914.117104,0.9639527500922156
1914.358158,0.9635296677083031
1914.599212,0.9618218813321819
1914.840266,0.9622182335902494
1915.08132,0.9611584531431094
1915.322374,0.9613699312645414
1915.563428,0.9613497427079654
1915.804482,0.9609326074445298
1916.045536,0.9605675224242479
1916.28659,0.9601065606531598
1916.527644,0.9594922890422244
1916.768698,0.9591152826592374
1917.009752,0.9590030727355748
1917.250806,0.9590548602997542
1917.49186,0.9587336307305108
1917.732914,0.9588448502822848
1917.973968,0.9582582167620792
1918.215022,0.9586377621609461
1918.456076,0.9589541648260277
1918.69713,0.9584345524963536
1918.938184,0.959621829245012
1919.179238,0.9586924060707259
1919.420292,0.95869719954474
1919.661346,0.9594788562442076
1919.9024,0.9583780065258788
1920.143454,0.9594961270190565
1920.384508,0.9588371795541656
1920.625562,0.9598886411986854
1920.866616,0.9600172748948712
1921.10767,0.9600163148780763
1921.348724,0.9607462046003461
1921.589778,0.9603859923176452
1921.830832,0.9613132121118282
1922.071886,0.9615324165125418
1922.31294,0.9632811091194711
1922.553994,0.9634997987515753
1922.795048,0.9636549347072837
1923.036102,0.9645062178008047
1923.277156,0.9657840697845158
1923.51821,0.9672512433054141
1923.759264,0.9684833382001553
1924.000318,0.9693582736284434
1924.241372,0.9703057994527735
1924.482426,0.9703931309045807
1924.72348,0.9721365508258218
1924.964534,0.9721190525253922
1925.205588,0.9733116013668538
1925.446642,0.973134474774414
1925.687696,0.9732191411566535
1925.92875,0.9735968234490489
1926.169804,0.974256171662711
1926.410858,0.9744744294891273
1926.651912,0.9751909314770264
1926.892966,0.9740808213338148
1927.13402,0.9731802131695722
1927.375074,0.9731305822442998
1927.616128,0.9723630850323745
1927.857182,0.9723757258346449
1928.098236,0.9710444831996738
1928.33929,0.9699652818814954
1928.580344,0.9695046577794866
1928.821398,0.968071820235182
1929.062452,0.9679469470248669
1929.303506,0.9685462916631037
1929.54456,0.9683642220753486
1929.785614,0.9690461905124133
1930.026668,0.9688388368152805
1930.267722,0.9690704169700055
1930.508776,0.9689085957228217
1930.74983,0.9699352134238206
1930.990884,0.9712338553370812
1931.231938,0.9709434998246477
1931.472992,0.9714980668768732
1931.714046,0.9721375229628587
1931.9551,0.9720344818467004
1932.196154,0.9737896147057963
1932.437208,0.9742483776445138
1932.678262,0.9753547773161797
1932.919316,0.9763189040363406
1933.16037,0.9767690908111801
1933.401424,0.9778108818379483
1933.642478,0.9773093934983226
1933.883532,0.9784897181188873
1934.124586,0.9789869171735592
1934.36564,0.9798125511005421
1934.606694,0.9806447651813153
1934.847748,0.9807732380603439
1935.088802,0.9828478029182668
1935.329856,0.9824851989835303
1935.57091,0.982718075570475
1935.811964,0.9825539753546041
1936.053018,0.9836550522949886
1936.294072,0.9846323068885214
1936.535126,0.9847731193762594
1936.77618,0.984620491371732
1937.017234,0.985254791190795
1937.258288,0.9868709478721641
1937.499342,0.9870249117489023
1937.740396,0.9874375744024995
1937.98145,0.987617304395974
1938.222504,0.9882416758129375
1938.463558,0.9882644056328732
1938.704612,0.9893867225276212
1938.945666,0.9899062869306703
1939.18672,0.9905645954277208
1939.427774,0.9908942110971457
1939.668828,0.9916597742805479
1939.909882,0.9912872776812184
1940.150936,0.9915850059523685
1940.39199,0.9926663236073723
1940.633044,0.9933715656321985
1940.874098,0.9928834434735372
1941.115152,0.9941616100279127
1941.356206,0.9942269285913828
1941.59726,0.9941266161551355
1941.838314,0.994867814895557
1942.079368,0.9955509265808112
1942.320422,0.9951168614765047
1942.561476,0.9960308977911925
1942.80253,0.996458386360548
1943.043584,0.9968688124249779
1943.284638,0.9968679152434504
1943.525692,0.9984532973793175
1943.766746,0.9973972929305263
1944.0078,0.9973895132619821
1944.248854,0.9980106813224909
1944.489908,0.9985118084569018
1944.730962,0.998059185820253
1944.972016,0.9981983249685297
1945.21307,0.9993926645029102
1945.454124,0.9982362572255867
1945.695178,0.9990560058430884
1945.936232,0.9989290738511462
1946.177286,0.9994238860174268
1946.41834,0.9994472328320939
1946.659394,1.000228576119541
1946.900448,1.0002595536782286
1947.141502,0.9995664939908947
1947.382556,1.000320921484285
1947.62361,1.0008505314969518
1947.864664,1.0005438378261973
1948.105718,1.0003198111286782
1948.346772,1.0003440391679042
1948.587826,1.000385194168228
1948.82888,1.0007920635167682
1949.069934,1.0010515524940402
1949.310988,1.0003840037105554
1949.552042,1.000495892914258
1949.793096,1.0009507516781102
1950.03415,1.0006048428437087
1950.275204,1.0013710390158046
1950.516258,1.0013383948520354
1950.757312,1.0012884293127828
1950.998366,1.0009294917099263
1951.23942,1.0008199259556598
1951.480474,1.0010359362116286
1951.721528,1.0008851915509929
1951.962582,1.001350210714808
1952.203636,1.0012273525814541
1952.44469,1.0012045248580521
1952.685744,1.0008713894393673
1952.926798,1.0011499606983343
1953.167852,1.0006314392738964
1953.408906,1.00144424191429
1953.64996,1.0014260157949453
1953.891014,1.0023617846297166
1954.132068,1.0007535938092391
1954.373122,1.0009765264918153
1954.614176,1.0011042091905602
1954.85523,1.0011326409538304
1955.096284,1.0014232118060267
1955.337338,1.0016494588632165
1955.578392,1.0018794639825488
1955.819446,1.0014944155276484
1956.0605,1.000400580210833
1956.301554,1.0012879286686933
1956.542608,1.0012407691178693
1956.783662,1.0011720863569533
1957.024716,1.0013344896399106
1957.26577,1.0005675610018294
1957.506824,1.0016009802026007
1957.747878,1.0015428890304092
1957.988932,1.0015997782821455
1958.229986,1.0012420707317151
1958.47104,1.0016122983576243
1958.712094,1.0011283360927299
1958.953148,1.0016944339336022
1959.194202,1.001104409411422
1959.435256,1.0015820501229646
1959.67631,1.0014563594629282
1959.917364,1.0013736425838906
1960.158418,1.0013907662195856
1960.399472,1.001286326609289
1960.640526,1.0012916334408832
1960.88158,1.0004609361984569
1961.122634,1.000845076876419
1961.363688,1.001165378526446
1961.604742,1.002067634614554
1961.845796,1.0014973198656647
1962.08685,1.001533174111503
1962.327904,1.0014304220791086
1962.568958,1.0010613628473253
1962.810012,1.0013798511197212
1963.051066,1.000969079254162
1963.29212,1.0016668877154313
1963.533174,1.0015568105733212
1963.774228,1.0016293259114304
1964.015282,1.0005932258889199
1964.256336,1.0009319339808656
1964.49739,1.0003870048670682
1964.738444,1.0011762912885465
1964.979498,1.0010903940477982
1965.220552,1.0016946342725093
1965.461606,1.0012336603336447
1965.70266,1.0013345897733645
1965.943714,1.000400270086701
1966.184768,1.001032432591983
1966.425822,1.0010739762999616
1966.666876,1.0007914130021383
1966.90793,1.0006575560952846
1967.148984,1.0018411929180067
1967.390038,1.0014948161254946
1967.631092,1.0005937862212833
1967.872146,1.000432523511331
1968.1132,1.0002568829887857
1968.354254,1.0006288376355366
1968.595308,1.0003517318431436
1968.836362,1.001322774094918
1969.077416,1.001872350663607
1969.31847,1.001487905835104
1969.559524,1.000432753610838
1969.800578,1.0012312573757434
1970.041632,1.001085789042577
1970.282686,1.0007608693143124
1970.52374,1.00096799820814
1970.764794,1.0007953961598886
1971.005848,1.000809797709258
1971.246902,1.0018321763878448
1971.487956,1.0004378758396493
1971.72901,1.0012370645338768
1971.970064,1.000734029267724
1972.211118,1.000611166686299
1972.452172,1.0008596292696323
1972.693226,1.0013938705357726
1972.93428,1.0007190684058191
1973.175334,1.0000016337013344
1973.416388,1.0007470489021373
1973.657442,1.0010773799572674
1973.898496,1.0013282813853204
1974.13955,1.0002535321338402
1974.380604,1.0009516325151593
1974.621658,1.000351641811492
1974.862712,1.0002472105514935
1975.103766,1.0010854887168854
1975.34482,1.000102675270745
1975.585874,1.0012472772040197
1975.826928,1.000020171203436
1976.067982,1.0008591188313516
1976.309036,1.000747579298214
1976.55009,1.0002649650970519
1976.791144,1.0006362923481456
1977.032198,1.000614938997508
1977.273252,1.000591244716294
1977.514306,1.0008578177153429
1977.75536,1.0010947988552226
1977.996414,1.0003541727043472
1978.237468,1.0011846010862497
1978.478522,1.0002884916057015
1978.719576,1.001128836657023
1978.96063,1.0004620166968516
1979.201684,0.9998933656858426
1979.442738,1.0003481705973174
1979.683792,1.0004224992276671
1979.924846,1.000446019437103
1980.1659,1.0005664603781177
1980.406954,1.000015946127138
1980.648008,0.999994318816138
1980.889062,1.0000244422987081
1981.130116,1.0005443481036849
1981.37117,1.0002684560278716
1981.612224,1.000622273531892
1981.853278,0.99945061096945
1982.094332,1.0004121849248704
1982.335386,0.9998606897045805
1982.57644,1.0002957737324274
1982.817494,0.9995310699820648
1983.058548,0.9998343037291437
1983.299602,0.9993332523750486
1983.540656,0.9995950220257264
1983.78171,1.00030157546474
1984.022764,0.998887918821103
1984.263818,1.000174605241721
1984.504872,1.0002773384511991
1984.745926,0.9993359905519114
1984.98698,0.999052688982655
1985.228034,0.9994167701446909
1985.469088,1.0003492009564636
1985.710142,0.9997215687691717
1985.951196,0.9991126739068309
1986.19225,0.9991388510018058
1986.433304,0.9994500912552674
1986.674358,0.9989770235974758
1986.915412,0.9991087374106506
1987.156466,0.9980217593025363
1987.39752,0.9993683395814917
1987.638574,0.999919843212727
1987.879628,0.9987497821742993
1988.120682,0.9991011142400666
1988.361736,0.9982437440255915
1988.60279,0.9981277548416377
1988.843844,0.9989055992937378
1989.084898,0.9986306384323514
1989.325952,0.9986623953915865
1989.567006,0.9985207951036177
1989.80806,0.9988830242822924
1990.049114,0.9982843733727749
1990.290168,0.9985087130750934
1990.531222,0.9985559436542162
1990.772276,0.9984193505443061
1991.01333,0.9977407559422468
1991.254384,0.9980032960707746
1991.495438,0.9984454096294249
1991.736492,0.9969611267510958
1991.977546,0.9972891809237492
1992.2186,0.9979101867068706
1992.459654,0.9974938456615587
1992.700708,0.9973475240473529
1992.941762,0.9981781615660164
1993.182816,0.9971339150860385
1993.42387,0.9980347336697405
1993.664924,0.9976943620757612
1993.905978,0.9970664114050126
1994.147032,0.9979353343604347
1994.388086,0.9973672717238304
1994.62914,0.9976563506446885
1994.870194,0.9968897468898499
1995.111248,0.9968288387870764
1995.352302,0.997188060927674
1995.593356,0.9973743530565984
1995.83441,0.99761574685751
1996.075464,0.9970335087563329
1996.316518,0.9978590950132697
1996.557572,0.9972440047471015
1996.798626,0.9964157388542748
1997.03968,0.9972218661759351
1997.280734,0.9971933460384025
1997.521788,0.9964906721352927
1997.762842,0.9976127540147587
1998.003896,0.9961001243441838
1998.24495,0.9965029290459398
1998.486004,0.9971795848651794
1998.727058,0.9966606879458954
1998.968112,0.9969288257338683
1999.209166,0.9965571402798121
1999.45022,0.9964881809117264
1999.691274,0.996761056730655
1999.932328,0.9963071354577324
2000.173382,0.996675039963136
2000.414436,0.996455895217696
2000.65549,0.9964762231253024
2000.896544,0.9961718461350901
2001.137598,0.9961625817800004
2001.378652,0.9959043103088882
2001.619706,0.9958720435319588
2001.86076,0.9961820071397417
2002.101814,0.9950154642345974
2002.342868,0.9958362923673332
2002.583922,0.9954005102000486
2002.824976,0.9955204631885501
2003.06603,0.9949257178873446
2003.307084,0.9950167577555418
2003.548138,0.9960748237223448
2003.789192,0.9955209609489062
2004.030246,0.995195976411769
2004.2713,0.9951692060000673
2004.512354,0.9950530765300134
2004.753408,0.9951179561056543
2004.994462,0.9955686475450205
2005.235516,0.9944388209261921
2005.47657,0.9956997725702956
2005.717624,0.9941378498493684
2005.958678,0.9948032500695215
2006.199732,0.9939026646575992
2006.440786,0.9935034941359732
2006.68184,0.9936626661450713
2006.922894,0.9945527901453818
2007.163948,0.9942685875724404
2007.405002,0.9939259222520651
2007.646056,0.993876525361252
2007.88711,0.9936172567988399
2008.128164,0.9934698149383876
2008.369218,0.9943706047629177
2008.610272,0.993193172119228
2008.851326,0.9934269973120903
2009.09238,0.9928883086143298
2009.333434,0.9932556459345351
2009.574488,0.9930987239396415
2009.815542,0.9930076609619576
2010.056596,0.9935398570292955
2010.29765,0.9923135926799608
2010.538704,0.9923546753131024
2010.779758,0.9924369449257141
2011.020812,0.9927835644231242
2011.261866,0.992298807317581
2011.50292,0.9914094117971357
2011.743974,0.992486667262189
2011.985028,0.9919469013448393
2012.226082,0.9914399476772692
2012.467136,0.9916865494559166
2012.70819,0.9905183371412537
2012.949244,0.9912256215300728
2013.190298,0.9916598734465303
2013.431352,0.9911385957409904
2013.672406,0.9906321542368581
2013.91346,0.9914933877306455
2014.154514,0.9912239364479485
2014.395568,0.9916138614958878
2014.636622,0.9915263058575561
2014.877676,0.9913559762699402
2015.11873,0.9918697308778848
2015.359784,0.9914344947725525
2015.600838,0.9918488026473569
2015.841892,0.9921865846687838
2016.082946,0.9919539441928409
2016.324,0.9930311955224058
2016.565054,0.9914393528134791
2016.806108,0.9920345933268466
2017.047162,0.9928919823078679
2017.288216,0.991762912260155
2017.52927,0.9920923314203405
2017.770324,0.992195415168683
2018.011378,0.992887613592757
2018.252432,0.9916306199117553
2018.493486,0.9912989749401087
2018.73454,0.9923950649703115
2018.975594,0.9922770762116573
2019.216648,0.9923463395688399
2019.457702,0.9927316432004567
2019.698756,0.9923078372778139
2019.93981,0.9921796393869997
2020.180864,0.9918404711524069
2020.421918,0.9923190504197292
2020.662972,0.9921561250081927
2020.904026,0.9920919345834873
2021.14508,0.9916032512843346
2021.386134,0.991588972300325
2021.627188,0.9921513626702223
2021.868242,0.991687541142962
2022.109296,0.9926051772451653
2022.35035,0.9921788456436057
2022.591404,0.9924333721591434
2022.832458,0.9928959538837403
2023.073512,0.9915930378234458
2023.314566,0.9917764995051254
2023.55562,0.9926447829818666
2023.796674,0.9927553697702606
2024.037728,0.9929641681789063
2024.278782,0.9926725774249104
2024.519836,0.9936615731167397
2024.76089,0.9935978814512426
2025.001944,0.9930571139748433
2025.242998,0.9928401546991038
2025.484052,0.9930657536093173
2025.725106,0.993539161551639
2025.96616,0.9939668728436383
2026.207214,0.9945783504805374
2026.448268,0.9946767191436502
2026.689322,0.9944562237578326
2026.930376,0.9950206383284641
2027.17143,0.9943237710103769
2027.412484,0.9952713155987357
2027.653538,0.9957089330503414
2027.894592,0.9961891796760143
2028.135646,0.9960245232138453
2028.3767,0.9958421678187908
2028.617754,0.9963511732063467
2028.858808,0.9958483420593713
2029.099862,0.9970059910112379
2029.340916,0.9964760238300776
2029.58197,0.9978599930868594
2029.823024,0.9977050374625487
2030.064078,0.997776775033677
2030.305132,0.9981977260497144
2030.546186,0.997789746216065
2030.78724,0.9979510020681753
2031.028294,0.998414657984386
2031.269348,0.998556143365425
2031.510402,0.9991261720102349
2031.751456,0.9985685255383719
2031.99251,0.998026050805328
2032.233564,0.99951628702686
2032.474618,0.9985205953994787
2032.715672,0.9989365658472951
2032.956726,0.9993845394735761
2033.19778,1.0000442759801522
2033.438834,0.9986820692345625
2033.679888,0.9996371158583832
2033.920942,0.9987527784281403
2034.161996,0.9995311099633084
2034.40305,0.9987700570006662
2034.644104,0.9991917667965526
2034.885158,0.9998937356464564
2035.126212,0.9996785616723726
2035.367266,0.9992513603705871
2035.60832,0.9994828537662334
2035.849374,0.999296037897668
2036.090428,0.99847406542389
2036.331482,0.998985814633964
2036.572536,0.9990102701060399
2036.81359,0.9989546467627687
2037.054644,0.9999063183883963
2037.295698,0.9999423796601156
2037.536752,0.9997451824715028
2037.777806,0.9997907718912543
2038.01886,0.9994747579879057
2038.259914,1.000185087126509
2038.500968,0.999030440327011
2038.742022,0.9998621694994964
2038.983076,0.9998700584431355
2039.22413,0.9993809217080913
2039.465184,0.9994224568422917
2039.706238,0.9986000808023495
2039.947292,0.9991470239910344
2040.188346,0.9992758922926124
2040.4294,1.0000582476963311
2040.670454,0.9990485029606578
2040.911508,0.9996521505136661
2041.152562,0.9992683178100561
2041.393616,0.9999877390751658
2041.63467,0.9991970125670985
2041.875724,1.0002102821061831
2042.116778,1.000646548922707
2042.357832,1.0002697963885008
2042.598886,0.9996976557152479
2042.83994,0.9996291087971535
2043.080994,1.000178705966009
2043.322048,0.9994047772154069
2043.563102,1.0003433289238886
2043.804156,0.9997655874789094
2044.04521,0.9989423596961791
2044.286264,1.0000713525454719
2044.527318,0.9992886331414618
2044.768372,0.9992328544067588
2045.009426,0.9986420228865208
2045.25048,0.9991356337798852
2045.491534,0.9997414634263414
2045.732588,0.9989903100802445
2045.973642,0.9991342649650046
2046.214696,0.9998155070209231
2046.45575,0.9997335754973129
2046.696804,0.9994545488126148
2046.937858,0.9988959099564181
2047.178912,0.9987645637804591
2047.419966,0.9994986757050388
2047.66102,0.9998703284080878
2047.902074,0.9991098664041618
2048.143128,1.0002594736574675
2048.384182,1.000386764774216
2048.625236,1.0001950090117857
2048.86629,0.9999123688398345
2049.107344,0.9991986012916115
2049.348398,0.9995756900449412
2049.589452,0.9996384353802471
2049.830506,1.000391316544351
2050.07156,0.999761758384042
2050.312614,0.999717409936096
2050.553668,1.0007010556247034
2050.794722,0.9999871920820221
2051.035776,1.0004510516932368
2051.27683,1.000246860465031
2051.517884,0.9990248757429558
2051.758938,1.0005762859890022
2051.999992,1.0000488671939625
2052.241046,1.0003379270844974
2052.4821,1.0000118200698564
2052.723154,1.0002980544093913
2052.964208,1.000243509643661
2053.205262,1.0001399897976573
2053.446316,1.0000118870706507
2053.68737,1.0002245652109927
2053.928424,1.0002240150876331
2054.169478,1.0000389737594573
2054.410532,1.0003796320420113
2054.651586,1.0008305347031012
2054.89264,1.0004003000987096
2055.133694,0.9997052934345138
2055.374748,1.0005141221154945
2055.615802,0.9998162468846722
2055.856856,0.9999208491325952
2056.09791,1.0001541618817218
2056.338964,1.0002355777440797
2056.580018,1.0005691619112076
2056.821072,1.0005744849533083
2057.062126,1.0009131666830475
2057.30318,1.0007321178675535
2057.544234,0.9997455823696557
2057.785288,1.0003199111606644
2058.026342,1.0003595346170828
2058.267396,1.0003857943995247
2058.50845,0.9999871230829082
2058.749504,1.0000757538691794
2058.990558,0.9999993981501811
2059.231612,0.9998781074295031
2059.472666,0.9999607737693686
2059.71372,1.0004877989352245
2059.954774,1.000876523922765
2060.195828,1.0002114623550125
2060.436882,1.0003853042106055
2060.677936,0.9999765892740353
2060.91899,1.0003140693094414
2061.160044,0.999827204930788
2061.401098,1.0005764660927499
2061.642152,0.9994475626497352
2061.883206,0.9995975909882341
2062.12426,0.9997917616846085
2062.365314,0.9995666539215465
2062.606368,1.0004604459727184
2062.847422,0.9991346246534047
2063.088476,0.9997004148845854
2063.32953,1.0005612474404388
2063.570584,0.9989875129112923
2063.811638,0.999354478438749
2064.052692,1.0000627779704543
2064.293746,1.0003887255341963
2064.5348,0.9984897415897747
2064.775854,0.9998455119345103
2065.016908,1.0001369093712327
2065.257962,0.9996350166226441
2065.499016,0.9987460868069417
2065.74007,0.999217776096752
2065.981124,1.0001277681616563
2066.222178,0.9991641295345082
2066.463232,0.9991992707548987
2066.704286,0.9998271649377006
2066.94534,0.9990738591334315
2067.186394,0.9991103060125998
2067.427448,0.999172342697409
2067.668502,0.998152907977988
2067.909556,0.9983149213419816
2068.15061,0.9987288086490964
2068.391664,0.9976366970081697
2068.632718,0.9988448676795606
2068.873772,0.9996574886704027
2069.114826,0.9977396584280189
2069.35588,0.9972904774005271
2069.596934,0.9982494340311489
2069.837988,0.9978820460363907
2070.079042,0.9970653146325633
2070.320096,0.9976755058305101
2070.56115,0.9985081139700452
2070.802204,0.9970741885533524
2071.043258,0.9972527805329566
2071.284312,0.9976352005542466
2071.525366,0.9969862504880477
2071.76642,0.9968237549729624
2072.007474,0.9968740958436848
2072.248528,0.9968576475568021
2072.489582,0.9968854602731545
2072.730636,0.9963500772206589
2072.97169,0.9966596912857058
2073.212744,0.9962537348264215
2073.453798,0.9979134798159204
2073.694852,0.9962080078294356
2073.935906,0.9962892020906949
2074.17696,0.9957960613937927
2074.418014,0.9963639265829851
2074.659068,0.9961138706207489
2074.900122,0.9958153800247739
2075.141176,0.9960909602651947
2075.38223,0.9957969576106512
2075.623284,0.9957894891614759
2075.864338,0.9960941477613675
2076.105392,0.9949012430157267
2076.346446,0.9954040936483356
2076.5875,0.9958649728655505
2076.828554,0.9954244996414161
2077.069608,0.9955551079034837
2077.310662,0.9956082719657136
2077.551716,0.9957141107502553
2077.79277,0.9949695950789884
2078.033824,0.994793401566096
2078.274878,0.9951925927512015
2078.515932,0.9948162820774569
2078.756986,0.9948487136168839
2078.99804,0.9945588569359054
2079.239094,0.9948789574774821
2079.480148,0.9940079245231981
2079.721202,0.9943653346126784
2079.962256,0.9943719968827389
2080.20331,0.9939213502033384
2080.444364,0.993634744616452
2080.685418,0.9933142497464407
2080.926472,0.994624599449115
2081.167526,0.9936244108688435
2081.40858,0.9927811817454287
2081.649634,0.9939779059371604
2081.890688,0.9932715381520075
2082.131742,0.9937292437740287
2082.372796,0.9931992306160563
2082.61385,0.9927432582286299
2082.854904,0.9923894083345627
2083.095958,0.9927778062951491
2083.337012,0.992062569096835
2083.578066,0.9928319141600181
2083.81912,0.9913933510947567
2084.060174,0.9920652476693876
2084.301228,0.9926750591094562
2084.542282,0.9924208675774332
2084.783336,0.9911545532008391
2085.02439,0.9921319166940852
2085.265444,0.9913218742109153
2085.506498,0.9920764580700249
2085.747552,0.9922233954739113
2085.988606,0.9918491002020422
2086.22966,0.9908177170167586
2086.470714,0.9917440689438342
2086.711768,0.9926785334782432
2086.952822,0.991890659550003
2087.193876,0.9914879345320093
2087.43493,0.992656496259414
2087.675984,0.9930177896917558
2087.917038,0.9930336781034979
2088.158092,0.9927514980318684
2088.399146,0.9930087532709854
2088.6402,0.9944216172834021
2088.881254,0.9941150843532727
2089.122308,0.9930525459226256
2089.363362,0.9937654161768358
2089.604416,0.9941085232153678
2089.84547,0.9936689262395872
2090.086524,0.9932806762921939
2090.327578,0.9939472918891162
2090.568632,0.9936956562932208
2090.809686,0.9934897838823551
2091.05074,0.9937248713749753
2091.291794,0.9943707041999832
2091.532848,0.995465014243018
2091.773902,0.9938023849379323
2092.014956,0.9940801915261847
2092.25601,0.9939089262641106
2092.497064,0.9952318041118147
2092.738118,0.9951167619648236
2092.979172,0.9942982172178296
2093.220226,0.9939026646575992
2093.46128,0.9942718686641933
2093.702334,0.9937565717039898
2093.943388,0.9946065969067884
2094.184442,0.9943107454542943
2094.425496,0.9940370493820636
2094.66655,0.9951503974798149
2094.907604,0.9944927209709643
2095.148658,0.9945783504805374
2095.389712,0.99398744817086
2095.630766,0.9943315267660382
2095.87182,0.9946412098186219
2096.112874,0.9958653712116194
2096.353928,0.9947099419008865
2096.594982,0.995043026544693
2096.836036,0.9958150812802047
2097.07709,0.9956653219541638
2097.318144,0.9957094309049324
2097.559198,0.996318891951294
2097.800252,0.9959947425258248
2098.041306,0.9965626213591566
2098.28236,0.9954377388753021
2098.523414,0.996630489584558
2098.764468,0.9961875857746019
2099.005522,0.9964529058544943
2099.246576,0.9973899122178672
2099.48763,0.9972537777862358
2099.728684,0.9975048181542095
2099.969738,0.9964955549515491
2100.210792,0.9970689040741569
2100.451846,0.997469108120933
2100.6929,0.9975854197997791
2100.933954,0.9974926486696621
2101.175008,0.9971728040670571
2101.416062,0.9970667105249809
2101.657116,0.9977027427436014
2101.89817,0.99739539787747
2102.139224,0.9978946194293831
2102.380278,0.998068966848201
2102.621332,0.9981555031789224
2102.862386,0.9979634765336665
2103.10344,0.998264807190806
2103.344494,0.9976241268649795
2103.585548,0.9983647384994844
2103.826602,0.9984404174148572
2104.067656,0.9982362572255867
2104.30871,0.9988330813796612
2104.549764,0.99849293676206
2104.790818,0.9983221092352916
2105.031872,0.998568924965862
2105.272926,0.9982539261637093
2105.51398,0.9986346329628942
2105.755034,0.9983497631407223
2105.996088,0.9987124296309429
2106.237142,0.9992594943097656
2106.478196,0.99870803530592
2106.71925,0.9995012444199362
2106.960304,0.9988218945117964
2107.201358,0.9994197384169061
2107.442412,0.9991108655145278
2107.683466,0.998986513924279
2107.92452,0.9991685758247776
2108.165574,0.9992972770255232
2108.406628,0.999080582923129
2108.647682,0.999413092297744
2108.888736,0.9992215931159472
2109.12979,0.9990618803096737
2109.370844,0.9994253052003526
2109.611898,0.999098906229044
2109.852952,0.9997654175187739
2110.094006,0.9993579661919648
2110.33506,0.9982225814825418
2110.576114,0.9991726224657042
2110.817168,0.9989221812643161
2111.058222,0.9990764567288422
2111.299276,0.9998685386418017
2111.54033,0.9992368313614335
2111.781384,0.9987215179554043
2112.022438,0.9987205192343858
2112.263492,0.9987656624220835
2112.504546,0.9994661225633018
2112.7456,0.9985194970274278
2112.986654,0.9987675600786449
2113.227708,0.9997138309541748
2113.468762,0.9990502413065654
2113.709816,0.9989433586390383
2113.95087,0.9989233799716528
2114.191924,0.9994418558204454
2114.432978,0.998864345344387
2114.674032,0.9988757324628303
2114.915086,0.9989407613896822
2115.15614,0.9991056002141405
2115.397194,0.9997101620111477
2115.638248,0.9990746084391068
2115.879302,0.998942659378932
2116.120356,0.9988784294309488
2116.36141,0.9995623857810467
2116.602464,0.9990689736742053
2116.843518,0.9989233799716528
2117.084572,0.998546856836474
2117.325626,0.9988570536612805
2117.56668,0.9988263892204348
2117.807734,0.9984108640158943
2118.048788,0.9988737347133632
2118.289842,0.9987653627924298
2118.530896,0.9989215819111871
2118.77195,0.9989997006332948
2119.013004,0.9995210147500787
2119.254058,0.999393953720279
2119.495112,0.9990568350599174
2119.736166,0.9982535268622187
2119.97722,0.9990051352064483
2120.218274,0.9985649306981508
2120.459328,0.9985470565458654
2120.700382,0.9984479057460691
2120.941436,0.9985738179655822
2121.18249,0.9981175739904607
2121.423544,0.9984164551323879
2121.664598,0.9985380696627976
2121.905652,0.9983092309631476
2122.146706,0.9984050732496762
2122.38776,0.9983232073902158
2122.628814,0.9990654869295715
2122.869868,0.9987808437755303
2123.110922,0.9979651730730187
2123.351976,0.99790220345731
2123.59303,0.9985114090522582
2123.834084,0.9994591063357484
2124.075138,0.998982018495081
2124.316192,0.9984001810768031
2124.557246,0.9992016288679602
2124.7983,0.9986627948566246
2125.039354,0.9991895386013971
2125.280408,0.9988689401309435
2125.521462,0.9994823340352845
2125.762516,0.9995305202401275
2126.00357,0.9990006596734677
2126.244624,0.9987040404817685
2126.485678,0.9989760246209517
2126.726732,0.99883467951387
2126.967786,0.9988209955724958
2127.20884,0.9989506509521733
2127.449894,0.9986904581991777
2127.690948,0.9999235799201631
2127.932002,0.9996240107016988
2128.173056,0.9993375894907753
2128.41411,0.9995912935432478
2128.655164,0.999130728035967
2128.896218,0.9989728279027876
2129.137272,0.999322849370039
2129.378326,0.9994950475314311
2129.61938,0.9990535681494082
2129.860434,0.9994403466643826
2130.101488,0.9987342017992247
2130.342542,0.9987087344017894
2130.583596,0.9989178859081717
2130.82465,0.9993474629949346
2131.065704,0.9983166184787905
2131.306758,0.9994664823711708
2131.547812,0.9993506309314134
2131.788866,0.9985354734671914
2132.02992,0.9996285789938663
2132.270974,0.9989095949241262
2132.512028,0.9985873986618551
2132.753082,0.9985387686396909
2132.994136,0.9996197823010766
2133.23519,0.9993146449631248
2133.476244,0.9992445854693307
2133.717298,0.9985253883098396
2133.958352,0.999194154867729
2134.199406,0.999024006591692
2134.44046,0.999561256276189
2134.681514,0.9994974163375008
2134.922568,0.9993104978159536
2135.163622,0.999202927830922
2135.404676,0.999757779340162
2135.64573,0.999634826692009
2135.886784,0.9998996250379036
2136.127838,0.9989179857999653
2136.368892,1.0000892229801333
2136.609946,1.000127198088991
2136.851,0.999555328895514
2137.092054,0.9994412761443372
2137.333108,1.0002496811651547
2137.574162,0.9994365787813781
2137.815216,1.0004610362445556
2138.05627,0.9996203620807185
2138.297324,1.0000554095350516
2138.538378,0.9998036692753997
2138.779432,0.9997921116117863
2139.020486,0.9994563478324217
2139.26154,0.999201768756198
2139.502594,0.9995154674238407
2139.743648,0.9996291187934446
2139.984702,0.9994156707868485
2140.225756,0.998617556456675
2140.46681,0.9992637111937293
2140.707864,0.9994931484926449
2140.948918,0.9984708703119928
2141.189972,0.9994294228410924
2141.431026,1.0001484110118246
2141.67208,0.9997847031796875
2141.913134,0.9998370032854081
2142.154188,0.999059962112705
2142.395242,0.9991892088689038
2142.636296,0.9997439127959272
2142.87735,0.9994969765587344
2143.118404,0.9996294686636975
2143.359458,0.999046305056369
2143.600512,0.9989242790030993
2143.841566,0.9992842862453621
2144.08262,0.9992645205976631
2144.323674,0.999382640644755
2144.564728,1.0000048927119694
2144.805782,0.9987651630393771
2145.046836,0.9991660079648375
2145.28789,0.9990714513683323
2145.528944,0.9987253131043834
2145.769998,0.9994524999328898
2146.011052,0.9990450762301696
2146.252106,0.9993203110932253
2146.49316,0.999283037140785
2146.734214,0.9991122742618412
2146.975268,0.9992278382704202
2147.216322,0.9992260796309724
2147.457376,0.9987099328529898
2147.69843,0.998896309514862
2147.939484,0.9988381754413661
2148.180538,0.9993269765819296
2148.421592,1.0002297363853623
2148.662646,0.9993926844907637
2148.9037,0.9989338687222084
2149.144754,0.9984931364606673
2149.385808,0.9984788581109064
2149.626862,0.9994820641750908
2149.867916,0.9989790215535209
2150.10897,0.9986358313251728
2150.350024,0.9982103034202998
2150.591078,0.999090144170058
2150.832132,0.9989789216556237
2151.073186,0.9991480331300382
2151.31424,0.9990290416853737
2151.555294,0.9989418602251241
2151.796348,0.9989890113936856
2152.037402,0.9986728814017897
2152.278456,0.9991073886147656
2152.51951,0.998133444186055
2152.760564,0.9983554537505904
2153.001618,0.9992857651872002
2153.242672,0.9985277847736472
2153.483726,0.9993332423817161
2153.72478,0.9983783163522572
2153.965834,0.9981424274274772
2154.206888,0.9987110314345201
2154.447942,0.9986751783520583
2154.688996,0.9986526085480674
2154.93005,0.998602976746783
2155.171104,0.9983072343466822
2155.412158,0.9983561525996527
2155.653212,0.9984985283381622
2155.894266,0.9979423199322247
2156.13532,0.9987721544199882
2156.376374,0.9985806082906314
2156.617428,0.9979919188980495
2156.858482,0.9988480639882512
2157.099536,0.9979094881699844
2157.34059,0.9984712697004208
2157.581644,0.9990252653627333
2157.822698,0.9983697303356565
2158.063752,0.9986675884495445
2158.304806,0.9983393803571762
2158.54586,0.998683067917131
2158.786914,0.9984209480165449
2159.027968,0.9982356582840122
2159.269022,0.9989767239044136
2159.510076,0.9984890426472002
2159.75113,0.9985423633857285
2159.992184,0.9985888965440766
2160.233238,0.9981978258694919
2160.474292,0.9980938190748845
2160.715346,0.9983294968462342
2160.9564,0.9987922299420504
2161.197454,0.9986284414473636
2161.438508,0.9986654912498109
2161.679562,0.999013696717143
2161.920616,0.9986501119196668
2162.16167,0.9986378285988328
2162.402724,0.9989090954694536
2162.643778,0.9992999351598154
2162.884832,0.9988808267420562
2163.125886,0.9985583401913568
2163.36694,0.9986789733249465
2163.607994,0.9989524490649633
2163.849048,0.9989727280055098
2164.090102,0.9995197953351845
2164.331156,0.9993022735243996
2164.57221,0.9986013789832984
2164.813264,0.9989113929630153
2165.054318,0.9989369654220013
2165.295372,0.9987940277696823
2165.536426,0.9988074116993266
2165.77748,0.9988826247291626
2166.018534,0.9995403556688369
2166.259588,0.9986712835264577
2166.500642,0.9987916306668922
2166.741696,0.9988336806796898
2166.98275,0.9983306948423492
2167.223804,0.9987507809245809
2167.464858,0.9982990482609236
2167.705912,0.9991780879548972
2167.946966,0.9990217088391192
2168.18802,0.998884722384877
2168.429074,0.999203677233399
2168.670128,0.9987139277007109
2168.911182,0.9999758232922613
2169.152236,0.9988822251761926
2169.39329,0.9997697165193121
2169.634344,0.9992179259794296
2169.875398,0.9995703123421947
2170.116452,0.9988133046804399
2170.357506,0.9991893187797228
2170.59856,0.9988164010064837
2170.839614,0.9998740479326277
2171.080668,0.9994054268287232
2171.321722,0.999128749759084
2171.562776,0.9988435691820766
2171.80383,0.9993697886666347
2172.044884,1.0002199941951744
2172.285938,1.0000728546537714
2172.526992,0.9994812046208852
2172.768046,0.9993885370197291
2173.0091,1.000269866407389
2173.250154,0.9998025394978917
2173.491208,0.9999420166810976
2173.732262,0.9994639037509726
2173.973316,1.000125697899319
2174.21437,0.9992859250729355
2174.455424,0.9991905577752463
2174.696478,0.9989255776055062
2174.937532,1.000097980799805
2175.178586,0.9994369785560896
2175.41964,0.9995017041906143
2175.660694,0.99929848617596
2175.901748,0.9993277860371085
2176.142802,0.9997112716900434
2176.383856,1.0000315394973596
2176.62491,1.0003440491713447
2176.865964,0.9991667773229598
2177.107018,0.9996141744498279
2177.348072,0.9998610296572729
2177.589126,1.0005663202988229
2177.83018,0.9990373136800849
2178.071234,1.000125027815326
2178.312288,0.9997895421493612
2178.553342,0.9995113194432579
2178.794396,0.9993559275037933
2179.03545,0.9991611320466158
2179.276504,0.9983908959982948
2179.517558,0.9998289846247966
2179.758612,0.9991281402907325
2179.999666,0.9994760173268942
2180.24072,0.9995686630525401
2180.481774,0.9994560280064415
2180.722828,0.9994139917699318
2180.963882,0.9987497821742993
2181.204936,0.9991493320233256
2181.44599,0.9988267887510703
2181.687044,0.999474787972149
2181.928098,0.9991912672007942
2182.169152,0.9996155639144961
2182.410206,0.9986103664361528
2182.65126,0.9981356400820477
2182.892314,0.998834579630407
2183.133368,0.9983358861754598
2183.374422,0.9992014390196687
2183.615476,0.9990649574250038
2183.85653,0.9992256799406205
2184.097584,0.9979165733525028
2184.338638,0.998624946253935
2184.579692,0.9979172718943486
2184.820746,0.9981019036675615
2185.0618,0.9970017038946938
2185.302854,0.9985858009232954
2185.543908,0.9978889314462631
2185.784962,0.9985341753719197
2186.026016,0.9983406781992142
2186.26707,0.9976550536922757
2186.508124,0.9972801056334955
2186.749178,0.9973918072605007
2186.990232,0.998113781150886
2187.231286,0.9972594621489697
2187.47234,0.9980170686112907
2187.713394,0.9975395319258975
2187.954448,0.9978701713106978
2188.195502,0.9980187652417495
2188.436556,0.997188559521829
2188.67761,0.99791188315563
2188.918664,0.9975716532159755
2189.159718,0.9973514137102816
2189.400772,0.9979969088701188
2189.641826,0.9974467650631543
2189.88288,0.9967467034747818
2190.123934,0.9960388660702479
2190.364988,0.9966515187097448
2190.606042,0.997211594843611
2190.847096,0.9970548455017226
2191.08815,0.9964596817572922
2191.329204,0.9967459060777379
2191.570258,0.9960444439035159
2191.811312,0.9965123958687331
2192.052366,0.9965536523359251
2192.29342,0.9969978155956308
2192.534474,0.9965814565706925
2192.775528,0.9955156847017952
2193.016582,0.9960167542528633
2193.257636,0.9960651618434149
2193.49869,0.9963889356314046
2193.739744,0.9958393794646245
2193.980798,0.9965094063360298
2194.221852,0.9962436727145135
2194.462906,0.9958965422855631
2194.70396,0.9958532217282027
2194.945014,0.995369852336468
2195.186068,0.9955260381187538
2195.427122,0.9955637692705993
2195.668176,0.9958423669872443
2195.90923,0.9949596454327859
2196.150284,0.9956815514311815
2196.391338,0.9947686315187854
2196.632392,0.9946565274111984
2196.873446,0.9943151204311992
2197.1145,0.9954442092416333
2197.355554,0.9951974692068533
2197.596608,0.9940023580944067
2197.837662,0.993717617209892
2198.078716,0.9941217449466508
2198.31977,0.9939371536784439
2198.560824,0.9939586229528308
2198.801878,0.9933865656560894
2199.042932,0.9938873586744199
2199.283986,0.9924761469592738
2199.52504,0.9927529871602322
2199.766094,0.9927820752488944
2200.007148,0.9930518507860867
2200.248202,0.9921813260938204
2200.489256,0.9918100221173376
2200.73031,0.9914280504692805
2200.971364,0.9918610024626581
2201.212418,0.9904323638808833
2201.453472,0.9921580101066211
2201.694526,0.9912695337977561
2201.93558,0.9909412796900431
2202.176634,0.9908550715488186
2202.417688,0.9907183429834329
2202.658742,0.990424044283969
2202.899796,0.9897736483752032
2203.14085,0.9894698345029677
2203.381904,0.9890414868085963
2203.622958,0.9891562222755944
2203.864012,0.989431245931904
2204.105066,0.9891225915357629
2204.34612,0.9896420172336343
2204.587174,0.9886370515531391
2204.828228,0.9888575421994288
2205.069282,0.9887497626014239
2205.310336,0.9888446871349383
2205.55139,0.987922525297233
2205.792444,0.9880292266917367
2206.033498,0.9871690279062411
2206.274552,0.9878138597961624
2206.515606,0.9867130611517789
2206.75666,0.9875531113574846
2206.997714,0.9880420711551725
2207.238768,0.9879195615341028
2207.479822,0.9872361576825253
2207.720876,0.987302304720991
2207.96193,0.9862109520012721
2208.202984,0.9878187988778091
2208.444038,0.9881329752072411
2208.685092,0.9874405367196661
2208.926146,0.98718186118702
2209.1672,0.9873111904817193
2209.408254,0.9875017599308427
2209.649308,0.9863657992759293
2209.890362,0.9867179947294187
2210.131416,0.9875224976855469
2210.37247,0.9864969946515321
2210.613524,0.9872065410420466
2210.854578,0.987514597537166
2211.095632,0.9874671979740829
2211.336686,0.9879264769952376
2211.57774,0.9868650266642405
2211.818794,0.9867791731416031
2212.059848,0.9880341668502205
2212.300902,0.9869972754382834
2212.541956,0.9871917330549912
2212.78301,0.9868087769608523
2213.024064,0.9870989413933604
2213.265118,0.9868028561259532
2213.506172,0.9864999541469552
2213.747226,0.9862612500424133
2213.98828,0.9870614323462639
2214.229334,0.9868847641621481
2214.470388,0.9869459529143578
2214.711442,0.9878197866971019
2214.952496,0.9872144387259656
2215.19355,0.9876459457130985
2215.434604,0.9872104898761085
2215.675658,0.98773681331995
2215.916712,0.9880756651566865
2216.157766,0.9877160710646646
2216.39882,0.9877229851013613
2216.639874,0.9872055538359992
2216.880928,0.9872736733693107
2217.121982,0.986790027772208
2217.363036,0.9869962884415016
2217.60409,0.9868403553469666
2217.845144,0.9871650792380268
2218.086198,0.9868295001627614
2218.327252,0.9867022073678022
2218.568306,0.9874533735300826
2218.80936,0.9869420051384418
2219.050414,0.9877792869160985
2219.291468,0.9878938759594168
2219.532522,0.9875402732504848
2219.773576,0.9882564995492525
2220.01463,0.9883839928608361
2220.255684,0.9886518812201346
2220.496738,0.9892709710526788
2220.737792,0.9903034179816662
2220.978846,0.9902368718279536
2221.2199,0.9903406540902168
2221.460954,0.9917353416344277
2221.702008,0.9917719373437206
2221.943062,0.9918023852095694
2222.184116,0.9913730277393743
2222.42517,0.9932230676836347
2222.666224,0.9926939201147582
2222.907278,0.9938315037743998
2223.148332,0.9943360012679763
2223.389386,0.9947174022534271
2223.63044,0.9946737351179687
2223.871494,0.9953228719881827
2224.112548,0.9958262344715728
2224.353602,0.9961922678672579
2224.594656,0.9950776546445422
2224.83571,0.9962692765059096
2225.076764,0.9965178767019827
2225.317818,0.9965966047239581
2225.558872,0.9972680386172229
2225.799926,0.9970568396134077
2226.04098,0.9972189742367166
2226.282034,0.9969735888430681
2226.523088,0.9978033162488895
2226.764142,0.9971049986217918
2227.005196,0.9987591704663766
2227.24625,0.9973889148284537
2227.487304,0.9974823745482926
2227.728358,0.9970976200721027
2227.969412,0.9970828631365272
2228.210466,0.9979298457311895
2228.45152,0.9977945356183413
2228.692574,0.9982738914418847
2228.933628,0.9981327454928886
2229.174682,0.9973597914973434
2229.415736,0.9971330176659188
2229.65679,0.9973688675127419
2229.897844,0.9976557520510577
2230.138898,0.9975317511478935
2230.379952,0.9972298439827757
2230.621006,0.9978661798379954
2230.86206,0.9973713609380275
2231.103114,0.9983313936740802
2231.344168,0.9980815425964104
2231.585222,0.9974729982580405
2231.826276,0.9974089625471206
2232.06733,0.9971773910725059
2232.308384,0.9975645704823813
2232.549438,0.9973462274964144
2232.790492,0.9973635814717521
2233.031546,0.9984617842684145
2233.2726,0.9981993231673537
2233.513654,0.9980512013787043
2233.754708,0.9980887288093874
2233.995762,0.9982022179495883
2234.236816,0.9985969851468973
2234.47787,0.9979116835732733
2234.718924,0.9975780376949864
2234.959978,0.9976636335626309
2235.201032,0.9986416234297916
2235.442086,0.9978036155899292
2235.68314,0.9979219621165485
2235.924194,0.9986497124597019
2236.165248,0.9995346882910873
2236.406302,0.9975738478760267
2236.647356,0.9980242543600534
2236.88841,0.9984412161675107
2237.129464,0.9985957868312342
2237.370518,0.9981395328186348
2237.611572,0.9981091898380527
2237.852626,0.9984776599369956
2238.09368,0.9977488376751009
2238.334734,0.997934136838752
2238.575788,0.9985036206936423
2238.816842,0.9993452544394819
2239.057896,0.998693354405706
2239.29895,0.9993238886663428
2239.540004,0.9988920142699658
2239.781058,0.9983863034107361
2240.022112,0.9982016190284373
2240.263166,0.9990180524263561
2240.50422,0.9987815429223657
2240.745274,0.9983308945085081
2240.986328,0.9984493035741157
2241.227382,0.9981729710530716
2241.468436,0.9979192677308882
2241.70949,0.9980933200280997
2241.950544,0.9983672344144505
2242.191598,0.9978292594723724
2242.432652,0.9988137042058417
2242.673706,0.9987098329820016
2242.91476,0.9980552933970185
2243.155814,0.9981185721085338
2243.396868,0.998078947587773
2243.637922,0.9985519494384301
2243.878976,0.9981738694091498
2244.12003,0.9983118265705224
2244.361084,0.9979772485246692
2244.602138,0.9986935541443968
2244.843192,0.998619254107964
2245.084246,0.9981663831332027
2245.3253,0.9987694577388119
2245.566354,0.9980865330165993
2245.807408,0.9988531581263675
2246.048462,0.9989494522121113
2246.289516,0.9987230160388049
2246.53057,0.9990963485391179
2246.771624,0.9990418193485298
2247.012678,0.9989067979811762
2247.253732,0.9987349009134106
2247.494786,0.9983362855098942
2247.73584,0.9991011242310778
2247.976894,0.9988887179317577
2248.217948,0.9986930547977446
2248.459002,0.9982259754450886
2248.700056,0.99861216393643
2248.94111,0.9986730811363859
2249.182164,0.998844667910607
2249.423218,0.9993079695635924
2249.664272,0.9996330273509404
2249.905326,0.9985167011767504
2250.14638,0.9998076684980752
2250.387434,0.9993747355593322
2250.628488,0.9983611443928951
2250.869542,0.9987919303044264
2251.110596,0.9989790215535209
2251.35165,0.9992885931699172
2251.592704,0.998857453204182
2251.833758,0.9998706683640572
2252.074812,0.9993006146840023
2252.315866,0.999006633715275
2252.55692,0.9994358292042251
2252.797974,0.9990933712364355
2253.039028,0.9987750508634359
2253.280082,0.9998176166338687
2253.521136,0.9992299266587845
2253.76219,0.9990395515261739
2254.003244,0.9988528584704651
2254.244298,0.9988859210472631
2254.485352,0.9986720824638041
2254.726406,0.9997591590068494
2254.96746,0.9993176628979097
2255.208514,0.9993399779104685
2255.449568,0.9997212288638961
2255.690622,0.9991518998404085
2255.931676,0.9986897591161016
2256.17273,0.9993022235592871
2256.413784,0.9993987508227699
2256.654838,0.9994599458817504
2256.895892,0.9993679698152745
2257.136946,0.9986031764673983
2257.378,0.9988804271898055
2257.619054,0.9998460518512325
2257.860108,1.0002781286706086
2258.101162,0.999780764035717
2258.342216,1.0001426901792754
2258.58327,0.9998296145172554
2258.824324,1.0001809263652008
2259.065378,0.9986013789832984
2259.306432,0.9999006919313728
2259.547486,1.0003373168785479
2259.78854,0.9993089089135252
2260.029594,0.9996707042297576
2260.270648,0.9996756726055039
2260.511702,0.9990421790036494
2260.752756,0.9993824407682469
2260.99381,0.9991914270714097
2261.234864,0.9993885070380735
2261.475918,0.9994316715598236
2261.716972,0.9996919674517701
2261.958026,0.9998628594046313
2262.19908,0.9993120367553052
2262.440134,0.9990929316354488
2262.681188,0.9997544201596669
2262.922242,0.9988458665249277
2263.163296,0.9995834967615657
2263.40435,0.9996184827962044
2263.645404,0.9985884971085978
2263.886458,0.9992053858731479
2264.127512,0.999651630694683
2264.368566,0.9988769311144284
2264.60962,0.9987987221126445
2264.850674,0.9995827070909151
2265.091728,1.0004279815579844
2265.332782,0.9987971240359677
2265.573836,0.999887826291941
2265.81489,0.9994826038955511
2266.055944,0.999381561312086
2266.296998,0.999794571103406
2266.538052,0.9998058288536577
2266.779106,0.998717423205575
2267.02016,0.9990921423523446
2267.261214,0.9994617149274202
2267.502268,0.9987298073784044
2267.743322,0.9989085960150308
2267.984376,0.9986571024949171
2268.22543,0.9990887054812863
2268.466484,0.9990188016901764
2268.707538,0.998645318410634
2268.948592,0.9992318851513601
2269.189646,0.9995116492820477
2269.4307,0.9989484532631586
2269.671754,0.9993083193214429
2269.912808,0.9988588516055953
2270.153862,0.9991287797329469
2270.394916,0.9985124075641666
2270.63597,0.9996465724702289
2270.877024,0.9986202527277175
2271.118078,0.9996028089012777
2271.359132,0.997831454699158
2271.600186,0.9989715292389555
2271.84124,0.9982304674720852
2272.082294,0.9990298109380319
2272.323348,0.9999898060519586
2272.564402,0.9993884170931119
2272.805456,0.9995361975896061
2273.04651,0.9997587790984412
2273.287564,0.9994832635542874
2273.528618,0.9987419919563802
2273.769672,0.9986963504902633
2274.010726,0.998902602581435
2274.25178,0.9993883271481584
2274.492834,0.9989380642532676
2274.733888,0.9985909935829611
2274.974942,0.9985024224900164
2275.215996,0.9994488119599693
2275.45705,0.9986306384323514
2275.698104,0.9997156704293161
2275.939158,0.998875233025089
2276.180212,0.9982481363077281
2276.421266,0.9998395528730173
2276.66232,0.9983468679306072
2276.903374,0.9989710297533158
2277.144428,0.9983032411257313
2277.385482,0.9989550463447073
2277.626536,0.9990238667283409
2277.86759,0.9991380217169036
2278.108644,0.9987197202582899
2278.349698,0.9992549576819596
2278.590752,0.9986169572863209
2278.831806,0.9989034017038367
2279.07286,0.9997370045893577
2279.313914,0.9986919562359885
2279.554968,0.9990357052313046
2279.796022,0.99896563532432
2280.037076,0.9984022777193848
2280.27813,0.9989639370841835
2280.519184,0.9993266667906149
2280.760238,0.9991708938985625
2281.001292,0.9989971032374497
2281.242346,0.9988696393394463
2281.4834,0.9989941062506356
2281.724454,0.9992373909342157
2281.965508,0.9988429698761149
2282.206562,0.9987847390284168
2282.447616,0.9984339275732361
2282.68867,0.9986006799625777
2282.929724,0.999038172852544
2283.170778,0.9989831173759057
2283.411832,0.9989978025356668
2283.652886,0.998740294096437
2283.89394,0.9985569422106592
2284.134994,0.9983439727288883
2284.376048,0.9984789579587972
2284.617102,0.9995549990423099
2284.858156,0.9994002099460112
2285.09921,0.9990937409010512
2285.340264,0.9982009202875485
2285.581318,0.9988901163769417
2285.822372,0.9985875983793548
2286.063426,0.999158504256294
2286.30448,0.9995857158393916
2286.545534,0.9988952107295258
2286.786588,0.9983145220160929
2287.027642,0.9988726359528592
2287.268696,0.9990561157392551
2287.50975,0.9999842011248036
2287.750804,0.9990470543413789
2287.991858,0.9982799809311954
2288.232912,0.9993623034149499
2288.473966,0.9986668893824773
2288.71502,0.9995044128439029
2288.956074,0.9986348326898408
2289.197128,0.9990636886133135
2289.438182,0.9995642749557412
2289.679236,0.9992052659685088
2289.92029,0.9992203640741435
2290.161344,0.9988007197120864
2290.402398,0.9979211637792982
2290.643452,0.9974337983394924
2290.884506,0.9991432372309894
2291.12556,0.999538556497816
2291.366614,0.9988790287581863
2291.607668,0.9990417993676936
2291.848722,0.9991769289089873
2292.089776,0.9986406247886674
2292.33083,0.9982685007774257
2292.571884,0.9985929907669455
2292.812938,0.9988174997051291
2293.053992,0.9980358315085514
2293.295046,0.9985787109892782
2293.5361,0.9978676766383878
2293.777154,0.9979781467045971
2294.018208,0.9980342346524984
2294.259262,0.9984697719946395
2294.500316,0.9981337436261332
2294.74137,0.9978913263825725
2294.982424,0.9980518002096047
2295.223478,0.9979991044657335
2295.464532,0.9974780853833037
2295.705586,0.9975577870663658
2295.94664,0.9983712278913751
2296.187694,0.9983446715699138
2296.428748,0.9985464574178112
2296.669802,0.9975695583177033
2296.910856,0.9983278995203171
2297.15191,0.9979926174926372
2297.392964,0.9982553237201842
2297.634018,0.9978094028676827
2297.875072,0.9980912240343284
2298.116126,0.9967345432391769
2298.35718,0.9971805820452628
2298.598234,0.9972786097144589
2298.839288,0.9974340975696768
2299.080342,0.9971705105722453
2299.321396,0.9972236611769097
2299.56245,0.9969873471735263
2299.803504,0.9975472130098655
2300.044558,0.9970454732302246
2300.285612,0.9966607876119691
2300.526666,0.9960290053342845
2300.76772,0.9968470809217412
2301.008774,0.9957590184693116
2301.249828,0.9966309878999274
2301.490882,0.9958888739117108
2301.731936,0.9966498244036032
2301.97299,0.9954240019292907
2302.214044,0.995321976198001
2302.455098,0.9954169344439666
2302.696152,0.9950532755406486
2302.937206,0.9943483311108369
2303.17826,0.9947479405464367
2303.419314,0.9944205234202247
2303.660368,0.9941215461223217
2303.901422,0.9936404083506378
2304.142476,0.9942687864261778
2304.38353,0.9938199753958208
2304.624584,0.9935226689384463
2304.865638,0.9931671507989992
2305.106692,0.9926804195692486
2305.347746,0.9930870054438383
2305.5888,0.9926399190343467
2305.829854,0.9926701950135836
2306.070908,0.992598725332482
2306.311962,0.9923585455038829
2306.553016,0.9916643359260013
2306.79407,0.9914016788338823
2307.035124,0.9915523833423175
2307.276178,0.9916183237683046
2307.517232,0.9910651550920557
2307.758286,0.9914637425215505
2307.99934,0.9920025511269666
2308.240394,0.9912183856094468
2308.481448,0.9913666829723
2308.722502,0.9914912064475919
2308.963556,0.9908080070507107
2309.20461,0.9908624039034777
2309.445664,0.9908628002485186
2309.686718,0.9904555402693608
2309.927772,0.9906138277115256
2310.168826,0.9898726306890739
2310.40988,0.9902261773274883
2310.650934,0.9902591524082254
2310.891988,0.9898389755917705
2311.133042,0.989492592570878
2311.374096,0.9896083699770549
2311.61515,0.9888407317641005
2311.856204,0.9892452503418021
2312.097258,0.9882614408441035
2312.338312,0.9875906390887386
2312.579366,0.9878859728400217
2312.82042,0.9879916822944704
2313.061474,0.9874069643121518
2313.302528,0.9879422839453248
2313.543582,0.9882713235079251
2313.784636,0.9876024902475145
2314.02569,0.9880045262698259
2314.266744,0.9871502718728937
2314.507798,0.9866805001580203
2314.748852,0.9870920317249545
2314.989906,0.9861005025599321
2315.23096,0.9858510506897766
2315.472014,0.9863421267808178
2315.713068,0.9844294935237962
2315.954122,0.9841342089706366
2316.195176,0.9845397558016432
2316.43623,0.984469855960455
2316.677284,0.9847731193762594
2316.918338,0.9837366990526226
2317.159392,0.982286757016649
2317.400446,0.9826492877127881
2317.6415,0.9826542009715098
2317.882554,0.9827544368119498
2318.123608,0.9825500451465631
2318.364662,0.9822592533725054
2318.605716,0.9818369726904085
2318.84677,0.9816121577659538
2319.087824,0.9813589344964565
2319.328878,0.9821040686703868
2319.569932,0.981627863686125
2319.810986,0.9820539826400893
2320.05204,0.9816838180690399
2320.293094,0.9819950611687926
2320.534148,0.9821266573237348
2320.775202,0.9813363635005306
2321.016256,0.9818232270690105
2321.25731,0.9819302516334938
2321.498364,0.981620992315129
2321.739418,0.9818055544099776
2321.980472,0.9807016442271722
2322.221526,0.9822003195853344
2322.46258,0.9818487548047734
2322.703634,0.9821070149870124
2322.944688,0.9820559467500187
2323.185742,0.9813687481348696
2323.426796,0.9821129076467803
2323.66785,0.9827799887594808
2323.908904,0.9824812690505943
2324.149958,0.9822690760141523
2324.391012,0.9820127372389779
2324.632066,0.9822612178929767
2324.87312,0.9826089999178973
2325.114174,0.9825028838762756
2325.355228,0.9826168608213403
2325.596282,0.9818703557149882
2325.837336,0.9823083675630185
2326.07839,0.9823191730144917
2326.319444,0.98180751802305
2326.560498,0.9821079970945183
2326.801552,0.9817780642393183
2327.042606,0.9814502051213829
2327.28366,0.9821354965034269
2327.524714,0.9820569288064565
2327.765768,0.9811813246034928
2328.006822,0.9817525383414862
2328.247876,0.9818703557149882
2328.48893,0.9816808730220032
2328.729984,0.9813756177401501
2328.971038,0.9816190290751077
2329.212092,0.982132550101357
2329.453146,0.9814482422229356
2329.6942,0.9820971939659676
2329.935254,0.9819498904349138
2330.176308,0.9819518543366585
2330.417362,0.9815247981714722
2330.658416,0.9818909752089622
2330.89947,0.9818556277701124
2331.140524,0.9822013017861451
2331.381578,0.9813177182867541
2331.622632,0.9819999711563735
2331.863686,0.9814266505991155
2332.10474,0.9821914798222371
2332.345794,0.9815944889061342
2332.586848,0.9809733362102255
2332.827902,0.9809556788490905
2333.068956,0.9814717972634083
2333.31001,0.9815189090403506
2333.551064,0.9809164414066907
2333.792118,0.9815306873379287
2334.033172,0.981327531513003
2334.274226,0.9810125759284631
2334.51528,0.9801624066267807
2334.756334,0.980827182071884
2334.997388,0.98164651479272
2335.238442,0.980890937910761
2335.479496,0.9819793493735087
2335.72055,0.9816111761542867
2335.961604,0.9809851079608904
2336.202658,0.9813245875348244
2336.443712,0.9825176215300658
2336.684766,0.9817702100462212
2336.92582,0.9825087789112639
2337.166874,0.982666975559157
2337.407928,0.9820588929222782
2337.648982,0.9825009188724728
2337.890036,0.9825932782996719
2338.13109,0.9821492464966277
2338.372144,0.9827652471702116
2338.613198,0.9827731093236376
2338.854252,0.9824311637835679
2339.095306,0.9827917821901064
2339.33636,0.9832036582288484
2339.577414,0.9831427014917166
2339.818468,0.9839265785583227
2340.059522,0.9835252183973114
2340.300576,0.9832833009506516
2340.54163,0.984300541706673
2340.782684,0.9832823176678424
2341.023738,0.9826433918347495
2341.264792,0.9838203202258916
2341.505846,0.983797692618745
2341.7469,0.9842424696878538
2341.987954,0.9838744318315595
2342.229008,0.984147002798513
2342.470062,0.9844393378679531
2342.711116,0.9828045585663211
2342.95217,0.9844304779537819
2343.193224,0.9842227850353071
2343.434278,0.984019072003831
2343.675332,0.9839787280489356
2343.916386,0.9827907993988156
2344.15744,0.9834799772778189
2344.398494,0.9826316001847974
2344.639548,0.9826433918347495
2344.880602,0.9835576752650539
2345.121656,0.9830414430083644
2345.36271,0.9825038663796507
2345.603764,0.9831692467030156
2345.844818,0.9835439055539884
2346.085872,0.9834455560809886
2346.326926,0.9825696963439773
2346.56798,0.9831859607222783
2346.809034,0.9825893479344194
2347.050088,0.9825058313893484
2347.291142,0.9827534540580044
2347.532196,0.9821276394508832
2347.77325,0.9826826983565481
2348.014304,0.9825333419377732
2348.255358,0.9824547424144411
2348.496412,0.981740757381712
2348.737466,0.9820893372198429
2348.97852,0.9827858854571034
2349.219574,0.9825559404645199
2349.460628,0.9831417183495067
2349.701682,0.9834229370933181
2349.942736,0.9835891496142493
2350.18379,0.9834445726359242
2350.424844,0.9831908766643718
2350.665898,0.9830296465818269
2350.906952,0.9824920764039942
2351.148006,0.9829136559271135
2351.38906,0.9819636378296114
2351.630114,0.9825038663796507
2351.871168,0.9820402339805732
2352.112222,0.9826610795749917
2352.353276,0.9819459626432077
2352.59433,0.9822052305992098
2352.835384,0.9819822953159757
2353.076438,0.9817711918169222
2353.317492,0.9814727787356963
2353.558546,0.982666975559157
2353.7996,0.9826522356650732
2354.040654,0.9830817485337853
2354.281708,0.982509761420534
2354.522762,0.9827583678375591
2354.763816,0.9827377301285313
2355.00487,0.9821718361890777
2355.245924,0.9825235166534804
2355.486978,0.9834239205167469
2355.728032,0.9834170365733971
2355.969086,0.9823574842093027
2356.21014,0.982982462291223
2356.451194,0.9829696836022749
2356.692248,0.9841696384398863
2356.933302,0.9839728241942789
2357.174356,0.9831417183495067
2357.41541,0.9830896132192323
2357.656464,0.9833865511177904
2357.897518,0.9828664772039274
2358.138572,0.982286757016649
2358.379626,0.9835203007835135
2358.62068,0.9836117724248518
2358.861734,0.9821846045059419
2359.102788,0.9835930839787165
2359.343842,0.9837062036876326
2359.584896,0.9837229268352417
2359.82595,0.9837612927775192
2360.067004,0.9837209593913554
2360.308058,0.9836648888946945
2360.549112,0.9844993904991497
2360.790166,0.9850646553647925
2361.03122,0.9837642440658245
2361.272274,0.9840338324006138
2361.513328,0.9832783845464379
2361.754382,0.9838114658828542
2361.995436,0.9837740817574535
2362.23649,0.9836914482052437
2362.477544,0.9824370583882344
2362.718598,0.9827239718966173
2362.959652,0.9833501664885188
2363.200706,0.9827053003185319
2363.44176,0.9825333419377732
2363.682814,0.9834101526782347
2363.923868,0.9824517950546349
2364.164922,0.98227595192175
2364.405976,0.9824684968771159
2364.64703,0.9835311195663253
2364.888084,0.9831210725902025
2365.129138,0.9830807654525283
2365.370192,0.9829932751577789
2365.611246,0.9831810448047645
2365.8523,0.983035544777401
2366.093354,0.983658003264572
2366.334408,0.9834858781753852
2366.575462,0.9828684429388476
2366.816516,0.9843044789167142
2367.05757,0.9843605858710456
2367.298624,0.9846372300623638
2367.539678,0.9842405012048828
2367.780732,0.9838370453134984
2368.021786,0.9851050438436206
2368.26284,0.983371800430154
2368.503894,0.9851582409522972
2368.744948,0.9854035758972274
2368.986002,0.9853582483752771
2369.227056,0.9859525985776242
2369.46811,0.9854764984599453
2369.709164,0.9852045444777463
2369.950218,0.9853060257720244
2370.191272,0.985102088532922
2370.432326,0.9855021211819992
2370.67338,0.9859378093995645
2370.914434,0.9853937219107384
2371.155488,0.9848903143504278
2371.396542,0.985616446058771
2371.637596,0.9858668244327773
2371.87865,0.9856519288895162
2372.119704,0.986007813469147
2372.360758,0.9860393662240194
2372.601812,0.9869804966272213
2372.842866,0.9868344343225977
2373.08392,0.9868758822392394
2373.324974,0.9881300108127621
2373.566028,0.9878089207392111
2373.807082,0.9885381927910043
2374.048136,0.9873921533187698
2374.28919,0.9877397765348347
2374.530244,0.9876242177413014
2374.771298,0.9872341832121844
2375.012352,0.9872845334394481
2375.253406,0.9872845334394481
2375.49446,0.9872855207244752
2375.735514,0.9869568093795503
2375.976568,0.9870328079797811
2376.217622,0.9874553484388046
2376.458676,0.9875738501905801
2376.69973,0.987975874554016
2376.940784,0.9869795096472181
2377.181838,0.9868393685071047
2377.422892,0.9870782125332449
2377.663946,0.9867920013542372
2377.905,0.987534348026621
2378.146054,0.9872707115527334
2378.387108,0.9873062539381083
2378.628162,0.9881586669985883
2378.869216,0.9880766532328458
2379.11027,0.9874899099808233
2379.351324,0.9876212548730925
2379.592378,0.9890770929430279
2379.833432,0.9873852415978877
2380.074486,0.9889772012012585
2380.31554,0.9885638951181457
2380.556594,0.9896855624403801
2380.797648,0.9888872083706851
2381.038702,0.9897261403802823
2381.279756,0.9900300329505017
2381.52081,0.9897944338400657
2381.761864,0.9899330147612415
2382.002918,0.9899092566539857
2382.243972,0.9905440909528175
2382.485026,0.9903900733218555
2382.72608,0.990575689813318
2382.967134,0.9893956270481943
2383.208188,0.9898845092319134
2383.449242,0.9910918151033032
2383.690296,0.9905881711456419
2383.93135,0.9913138445362545
2384.172404,0.9905099177711704
2384.413458,0.9908150418125341
2384.654512,0.9913651959233909
2384.895566,0.9907685736767594
2385.13662,0.9909723957347447
2385.377674,0.9911906318832037
2385.618728,0.9905928269209873
2385.859782,0.9909204701416706
2386.100836,0.9909608014255414
2386.34189,0.9907284483620686
2386.582944,0.9903990859125299
2386.823998,0.9894916030787801
2387.065052,0.9908147445680662
2387.306106,0.9905521143924491
2387.54716,0.9904191912180421
2387.788214,0.9895618594766713
2388.029268,0.9897350479556297
2388.270322,0.9897033769408341
2388.511376,0.9898944081265001
2388.75243,0.9891285262891163
2388.993484,0.9891374284859128
2389.234538,0.9897103048887205
2389.475592,0.9893501158961145
2389.716646,0.9889653335460502
2389.9577,0.9891858974073875
2390.198754,0.9891878757811606
2390.439808,0.98888424171351
2390.680862,0.989123580658849
2390.921916,0.9884383554754017
2391.16297,0.9883494000264642
2391.404024,0.9889059974061394
2391.645078,0.9883227149529136
2391.886132,0.9891512765068475
2392.127186,0.9885984954599772
2392.36824,0.9885164451899874
2392.609294,0.988807111750764
2392.850348,0.9883187616699604
2393.091402,0.9890592897155844
2393.332456,0.9887992013255117
2393.57351,0.9884897556062783
2393.814564,0.9890098379874022
2394.055618,0.9883059136095712
2394.296672,0.989139406762748
2394.537726,0.9887408638936047
2394.77878,0.9881596551577494
2395.019834,0.9889010528885137
2395.260888,0.9878306527745189
2395.501942,0.9880825817105506
2395.742996,0.9886963715558146
2395.98405,0.9875284228383084
2396.225104,0.9878830091865486
2396.466158,0.9877881769696859
2396.707212,0.987529410367225
2396.948266,0.987057484108431
2397.18932,0.987773360258157
2397.430374,0.9874731227950452
2397.671428,0.9872855207244752
2397.912482,0.9872262853703101
2398.153536,0.987404989500198
2398.39459,0.9885668608142796
2398.635644,0.9874178258484976
2398.876698,0.9886765978261214
2399.117752,0.9877862013953076
2399.358806,0.9885213877845698
2399.59986,0.9881477973130347
2399.840914,0.9882989954923893
2400.081968,0.9885589523110271
2400.323022,0.9882446405424121
2400.564076,0.9893679243584763
2400.80513,0.9880647963841482
2401.046184,0.9877871891820028
2401.287238,0.9877101447860172
2401.528292,0.987057484108431
2401.769346,0.9878385554513517
2402.0104,0.988140880302663
2402.251454,0.9885579637525691
2402.492508,0.9871769252900539
2402.733562,0.9869202926531669
2402.974616,0.9875057099457824
2403.21567,0.9872924317473087
2403.456724,0.9880479994253842
2403.697778,0.9874681854417745
2403.938832,0.9875857011478879
2404.179886,0.9877674336357753
2404.42094,0.9877555804976906
2404.661994,0.9882140054334019
2404.903048,0.9877427397586092
2405.144102,0.9885500553204928
2405.385156,0.9881665722995454
2405.62621,0.9884759168465713
2405.867264,0.9883582952110926
2406.108318,0.9881912767726575
2406.349372,0.9878701667909049
2406.590426,0.9882120290073675
2406.83148,0.9886232107313033
2407.072534,0.9883286449069931
2407.313588,0.9884255058603032
2407.554642,0.988584655177923
2407.795696,0.9885223763064518
2408.03675,0.9893204358378408
2408.277804,0.9891364393489789
2408.518858,0.9896439965196481
2408.759912,0.988814033424772
2409.000966,0.9881774421916251
2409.24202,0.9888931417117354
2409.483074,0.9883859696307986
2409.724128,0.9888614976375084
2409.965182,0.9892600891318479
2410.206236,0.9894530136587587
2410.44729,0.9895648281667028
2410.688344,0.9892581106136482
2410.929398,0.9903213426357493
2411.170452,0.9887378976754623
2411.411506,0.9892858102285381
2411.65256,0.9888575421994288
2411.893614,0.988540169869367
2412.134668,0.9892304117743366
2412.375722,0.9894084892749502
2412.616776,0.9890879728508897
2412.85783,0.9887784367603126
2413.098884,0.9898142299267028
2413.339938,0.9896618102719087
2413.580992,0.9890375306505613
2413.822046,0.9888901750367602
2414.0631,0.9898211586505627
2414.304154,0.9884472514606328
2414.545208,0.9887636051949982
2414.786262,0.9889653335460502
2415.027316,0.9889870910227195
2415.26837,0.9890869837634113
2415.509424,0.9883494000264642
2415.750478,0.9880183584300186
2415.991532,0.9877476784846547
2416.232586,0.9876884154018559
2416.47364,0.987869178921232
2416.714694,0.9874691729104538
2416.955748,0.9876587851938492
2417.196802,0.9880628202565316
2417.437856,0.9873536457756924
2417.67891,0.9873684561914569
2417.919964,0.9874316497948269
2418.161018,0.987041691315028
2418.402072,0.9860817668283736
2418.643126,0.9868581186332319
2418.88418,0.9861547395790773
2419.125234,0.9867870674065652
2419.366288,0.9860176735965822
2419.607342,0.9862425112566815
2419.848396,0.9857781004112192
2420.08945,0.9858096458151562
2420.330504,0.9846451071917128
2420.571558,0.9851296717775646
2420.812612,0.984896223710042
2421.053666,0.984329086836285
2421.29472,0.9845279413954602
2421.535774,0.9837544064725718
2421.776828,0.9844462289674369
2422.017882,0.9836186577313573
2422.258936,0.9836540686404281
2422.49999,0.9829077584628704
2422.741044,0.9819479265370968
2422.982098,0.982540219695239
2423.223152,0.981679891341621
2423.464206,0.9813255688599026
2423.70526,0.9809831459926365
2423.946314,0.9807143934314169
2424.187368,0.9798684020076905
2424.428422,0.9807712765158294
2424.669476,0.9806614362840274
2424.91053,0.9802682698832094
2425.151584,0.9798899593496646
2425.392638,0.979386425329888
2425.633692,0.9794804509398767
2425.874746,0.9789497163775263
2426.1158,0.9797665009928264
2426.356854,0.9786815208996972
2426.597908,0.9791318179596946
2426.838962,0.9786276948962763
2427.080016,0.9785650647279898
2427.32107,0.9786687981226236
2427.562124,0.9782666478941282
2427.803178,0.9775908991385165
2428.044232,0.9777571037183591
2428.285286,0.9777571037183591
2428.52634,0.9777795923903634
2428.767394,0.9781355689457961
2429.008448,0.978071014128578
2429.249502,0.9779340937712487
2429.490556,0.9780309140390562
2429.73161,0.9778685743818901
2429.972664,0.9775469085378512
2430.213718,0.9779370275779307
2430.454772,0.9782920831576304
2430.695826,0.9781971934277904
2430.93688,0.97781674872084
2431.177934,0.9784955890748089
2431.418988,0.9772155762998443
2431.660042,0.977557661612987
2431.901096,0.9769185479152511
2432.14215,0.9764887983060158
2432.383204,0.9774638205819136
2432.624258,0.9759021048572747
2432.865312,0.9763023067560492
2433.106366,0.9755264548641684
2433.34742,0.9743769869183883
2433.588474,0.9759245508638145
2433.829528,0.9747268510535466
2434.070582,0.974972513172139
2434.311636,0.9752250637569395
2434.55269,0.9757537790103864
2434.793744,0.9765678971021365
2435.034798,0.9768286755430354
2435.275852,0.9772634610362495
2435.516906,0.9765366474294267
2435.75796,0.9768784950758754
2435.999014,0.9765405535838287
2436.240068,0.9773396905591231
2436.481122,0.9754601213206037
2436.722176,0.9767095097138826
2436.96323,0.9755225527661532
2437.204284,0.9753381964259032
2437.445338,0.9741373196598877
2437.686392,0.9742912455162164
2437.927446,0.9743818588155025
2438.1685,0.9744578635646368
2438.409554,0.9750241880847103
2438.650608,0.9742620172172776
2438.891662,0.9752065346567551
2439.132716,0.9740087420200035
2439.37377,0.9751460737259147
2439.614824,0.9743916026828099
2439.855878,0.9757186525066228
2440.096932,0.9753459991626856
2440.337986,0.9750183379571321
2440.57904,0.9750358884451692
2440.820094,0.9750631898322634
2441.061148,0.9759948199611339
2441.302202,0.976337454271744
2441.543256,0.9775605942903708
2441.78431,0.9771882146467729
2442.025364,0.9775146500221379
2442.266418,0.9783449123564965
2442.507472,0.9782412132919343
2442.748526,0.9790221613369686
2442.98958,0.9786012723052208
2443.230634,0.9798262685722796
2443.471688,0.9802565067345498
2443.712742,0.9803937522524546
2443.953796,0.9812392160094241
2444.19485,0.9807016442271722
2444.435904,0.9803378714011957
2444.676958,0.9810008038481846
2444.918012,0.9816494597366818
2445.159066,0.9817603923932091
2445.40012,0.9821256751975685
2445.641174,0.9815552259118431
2445.882228,0.9820097912051853
2446.123282,0.981804572604914
2446.364336,0.9825294118122657
2446.60539,0.9823722196820815
2446.846444,0.9817643194426328
2447.087498,0.981865446375483
2447.328552,0.9818909752089622
2447.569606,0.9818880295404551
2447.81066,0.9826178434386924
2448.051714,0.981983277298762
2448.292768,0.9815866361816339
2448.533822,0.9817643194426328
2448.774876,0.9822572888559632
2449.01593,0.9825991738770284
2449.256984,0.9816573129637726
2449.498038,0.9817014885367988
2449.739092,0.9817446843525954
2449.980146,0.9809527359864683
2450.2212,0.9809184032415353
2450.462254,0.9810724195208058
2450.703308,0.9806575136461275
2450.944362,0.9810724195208058
2451.185416,0.9804731673626557
2451.42647,0.9806859531263937
2451.667524,0.9810959655414254
2451.908578,0.9800908573826761
2452.149632,0.9817613741540924
2452.390686,0.9808546456174698
2452.63174,0.9806163268954822
2452.872794,0.9821296037081263
2453.113848,0.9813775804933483
2453.354902,0.9813785618714196
2453.595956,0.9805408223452737
2453.83701,0.9811371724373169
2454.078064,0.9800232334465693
2454.319118,0.9811950612381936
2454.560172,0.9811185310081347
2454.801226,0.9808752437813077
2455.04228,0.9822003195853344
2455.283334,0.9814394092285041
2455.524388,0.9813432328791178
2455.765442,0.9821914798222371
2456.006496,0.9815758387880216
2456.24755,0.9819135589611041
2456.488604,0.9814217434781303
2456.729658,0.9821129076467803
2456.970712,0.9823014914285121
2457.211766,0.9819528362890039
2457.45282,0.981275522532083
2457.693874,0.9827662299359502
2457.934928,0.9811244177369809
2458.175982,0.9820264855135369
2458.417036,0.98232703159931
2458.65809,0.9822337149639184
2458.899144,0.982681715674341
2459.140198,0.9819027579713611
2459.381252,0.9819214143009971
2459.622306,0.9819420348672127
2459.86336,0.9818124270729127
2460.104414,0.9809429265081558
2460.345468,0.9816985434367509
2460.586522,0.9816671295859852
2460.827576,0.9819901512057618
2461.06863,0.981603323296289
2461.309684,0.9824252692142689
2461.550738,0.9820127372389779
2461.791792,0.9820746059902692
2462.032846,0.9821679075095903
2462.2739,0.9824360759516672
2462.514954,0.981769228276502
2462.756008,0.9815827098429418
2462.997062,0.9822779164756184
2463.238116,0.982397761691838
2463.47917,0.9828055413713711
2463.720224,0.9823427489575541
2463.961278,0.9828635286089187
2464.202332,0.9823103321817183
2464.443386,0.9824046385002386
2464.68444,0.9828664772039274
2464.925494,0.9836117724248518
2465.166548,0.9831928430480915
2465.407602,0.9832547861483907
2465.648656,0.9837455527227555
2465.88971,0.9827632816416828
2466.130764,0.9835832480970562
2466.371818,0.9830512734719467
2466.612872,0.9837248942830628
2466.853926,0.9832302050860016
2467.09498,0.9838055630317675
2467.336034,0.9839659364086167
2467.577088,0.9841676701025777
2467.818142,0.9842847930239955
2468.059196,0.9844856076041631
2468.30025,0.9851178502924324
2468.541304,0.9847928150356029
2468.782358,0.9846470764838965
2469.023412,0.9844038986896989
2469.264466,0.984782967156692
2469.50552,0.9842867615955502
2469.746574,0.9845614159145312
2469.987628,0.9854814258547561
2470.228682,0.9844560734789491
2470.469736,0.9845998145585205
2470.71079,0.984776073700049
2470.951844,0.9854814258547561
2471.192898,0.9853079963860466
2471.433952,0.984147002798513
2471.675006,0.9850291936755137
2471.91606,0.9852774523115942
2472.157114,0.9852281896705549
2472.398168,0.9853612044544563
2472.639222,0.9855849068371273
2472.880276,0.9853799264951998
2473.12133,0.9849454697523683
2473.362384,0.9852439534476995
2473.603438,0.9857583850463653
2473.844492,0.985435109316188
2474.085546,0.9859949954508892
2474.3266,0.9858510506897766
2474.567654,0.9860433103893727
2474.808708,0.985706141236431
2475.049762,0.9863283180877039
2475.290816,0.9854577745843519
2475.53187,0.9860433103893727
2475.772924,0.9851414934045556
2476.013978,0.9865857833764834
2476.255032,0.9853710581157691
2476.496086,0.9858155606907756
2476.73714,0.9862356075832657
2476.978194,0.9862287039581753
2477.219248,0.9860689478487283
2477.460302,0.9865108057061344
2477.701356,0.9860896555140628
2477.94241,0.9864309015670335
2478.183464,0.9858796407848011
2478.424518,0.9870367561189093
2478.665572,0.9869400312564054
2478.906626,0.9861340305469917
2479.14768,0.9860226036972755
2479.388734,0.9870288598564455
2479.629788,0.9862001037404656
2479.870842,0.9871512590236592
2480.111896,0.9864210373073392
2480.35295,0.9876795262461187
2480.594004,0.9864644407878503
2480.835058,0.987477072695436
2481.076112,0.9871453361338738
2481.317166,0.9868245660275959
2481.55822,0.9865216573846812
2481.799274,0.9865068596708036
2482.040328,0.9860916276953461
2482.281382,0.9865315226505813
2482.522436,0.986842329029651
2482.76349,0.9866785267989934
2483.004544,0.9861281137605589
2483.245598,0.9876508839551726
2483.486652,0.9867485834613782
2483.727706,0.9866094617194234
2483.96876,0.9862859068818736
2484.209814,0.9865936760943212
2484.450868,0.9866311673663425
2484.691922,0.9865206708635171
2484.932976,0.9872124642990626
2485.17403,0.9873102031710226
2485.415084,0.9864516168334759
2485.656138,0.986703194070503
2485.897192,0.9870949930054916
2486.138246,0.9862178555020984
2486.3793,0.9868344343225977
2486.620354,0.9872509663359551
2486.861408,0.9865719712722011
2487.102462,0.9879689587470994
2487.343516,0.9871009155932174
2487.58457,0.9870851221049162
2487.825624,0.9878148476105161
2488.066678,0.9873931407114168
2488.307732,0.9877012554347162
2488.548786,0.9871344775948984
2488.78984,0.9870811737723244
2489.030894,0.9870308339161392
2489.271948,0.9882713235079251
2489.513002,0.988140880302663
2489.754056,0.9882060997529812
2489.99511,0.9871404004195324
2490.236164,0.9879353683735417
2490.477218,0.988340504921892
2490.718272,0.9882456287875467
2490.959326,0.9876321187666474
2491.20038,0.9882940540097656
2491.441434,0.9885302845170951
2491.682488,0.987521510163543
2491.923542,0.9882871359756007
2492.164596,0.9877506417321351
2492.40565,0.9875224976855469
2492.646704,0.9882604525831568
2492.887758,0.9881151889737639
2493.128812,0.9886241993550083
2493.369866,0.9889475323302578
2493.61092,0.9883533534319711
2493.851974,0.9878889365023856
2494.093028,0.9883978303335983
2494.334082,0.9878899243918161
2494.575136,0.9879748865786354
2494.81619,0.9883573068532916
2495.057244,0.9881784303695613
2495.298298,0.9888891861470797
2495.539352,0.9889544549872133
2495.780406,0.9890573115989831
2496.02146,0.9876291558747354
2496.262514,0.9881675604666118
2496.503568,0.989396616444316
2496.744622,0.9876370569395867
2496.985676,0.9888456759801199
2497.22673,0.9889772012012585
2497.467784,0.9878948638537867
2497.708838,0.9892472288342813
2497.949892,0.9889218200286786
2498.190946,0.9893639668946939
2498.432,0.9892670139767088
2498.673054,0.988356318496479
2498.914108,0.9898854991169176
2499.155162,0.9898884687778694
2499.396216,0.989510403597843
2499.63727,0.9896083699770549
2499.878324,0.9891275371610846
2500.119378,0.9887655827241861
2500.360432,0.9901255754585333
2500.601486,0.9901308231379896
2500.84254,0.9905875767929175
2501.083594,0.9900052825090597
2501.324648,0.990412852555502
2501.565702,0.989918165877387
2501.806756,0.9902254841694068
2502.04781,0.9918504887917545
2502.288864,0.9897479145948861
2502.529918,0.9912589272704895
2502.770972,0.9909674408851532
2503.012026,0.9906489951266273
2503.25308,0.9911426594175635
2503.494134,0.9917583501612515
2503.735188,0.9913279212927916
2503.976242,0.9913189002497537
2504.217296,0.9919956071334126
2504.45835,0.9909713056657089
2504.699404,0.9916247693083571
2504.940458,0.9917452590374309
2505.181512,0.9912474287336248
2505.422566,0.9922213118069686
2505.66362,0.9921668403522055
2505.904674,0.9919894567797145
2506.145728,0.9915897655718201
2506.386782,0.9918074434146325
2506.627836,0.9924804146158811
2506.86889,0.9915862950137141
2507.109944,0.9921475925022074
2507.350998,0.992212282634114
2507.592052,0.9916342889518367
2507.833106,0.9926380330202922
2508.07416,0.9925159460507332
2508.315214,0.9925626946527132
2508.556268,0.9923753165050165
2508.797322,0.992586218667335
2509.038376,0.9926622536837888
2509.27943,0.9927731402504247
2509.520484,0.992816227539699
2509.761538,0.9928113627521028
2510.002592,0.9924592750081874
2510.243646,0.9928213901975051
2510.4847,0.9931215654729687
2510.725754,0.9936543194137321
2510.966808,0.9932395553234052
2511.207862,0.9934167650667141
2511.448916,0.9936960537715628
2511.68997,0.9938220624199605
2511.931024,0.9938233543894814
2512.172078,0.9937500129322605
2512.413132,0.9935816859377687
2512.654186,0.9936599832594946
2512.89524,0.9940035508979521
2513.136294,0.9944305671182317
2513.377348,0.9947227737419022
2513.618402,0.9944908314365896
2513.859456,0.9950919838659392
2514.10051,0.9940202502978818
2514.341564,0.9953955332099401
2514.582618,0.9950336731842043
2514.823672,0.9952858466660199
2515.064726,0.9951498999047406
2515.30578,0.9954192239055487
2515.546834,0.9956288812702488
2515.787888,0.9958304169505408
2516.028942,0.9950944715990085
2516.269996,0.995280372608917
2516.51105,0.9950062106338093
2516.752104,0.9954921908088653
2516.993158,0.9956791617983256
2517.234212,0.9957742536988433
2517.475266,0.9947929041695196
2517.71632,0.9955778068187106
2517.957374,0.9960075909408754
2518.198428,0.9957496583785305
2518.439482,0.9954999556782366
2518.680536,0.9957576244076615
2518.92159,0.9957589188934146
2519.162644,0.995658451887144
2519.403698,0.9957345230987514
2519.644752,0.9953960309078311
2519.885806,0.9963800678093394
2520.12686,0.9949111920779021
2520.367914,0.9958162762590193
2520.608968,0.9965924190270082
2520.850022,0.9956552657851957
2521.091076,0.9958356948657371
2521.33213,0.9954053876744985
2521.573184,0.9963858468304918
2521.814238,0.9958388815450593
2522.055292,0.9958431636614565
2522.296346,0.9962767485535036
2522.5374,0.9965793637518312
2522.778454,0.9961323985110513
2523.019508,0.9967731176124096
2523.260562,0.9964181302549178
2523.501616,0.9954309699216921
2523.74267,0.9955562030147047
2523.983724,0.9962428757198941
2524.224778,0.9950809384062207
2524.465832,0.9962893017196202
2524.706886,0.9959315984608366
2524.94794,0.9958233465796802
2525.188994,0.9959804003047966
2525.430048,0.9962076093463121
2525.671102,0.9959801015107214
2525.912156,0.9955493337006031
2526.15321,0.9956778674162566
2526.394264,0.9958200603680588
2526.635318,0.9955780059342918
2526.876372,0.9953994152600897
2527.117426,0.9957963601326559
2527.35848,0.9952014500046917
2527.599534,0.9952796759129
2527.840588,0.9958808072445021
2528.081642,0.9967367360575842
2528.322696,0.9954084734359832
2528.56375,0.9959929497369017
2528.804804,0.995805322340227
2529.045858,0.9964732337011171
2529.286912,0.9958521262902612
2529.527966,0.995383389458512
2529.76902,0.9959222367478112
2530.010074,0.9964653615936657
2530.251128,0.9961291112795602
2530.492182,0.9967882686789451
2530.733236,0.9960130689976903
2530.97429,0.9957572261046914
2531.215344,0.9957383068971285
2531.456398,0.996463667603991
2531.697452,0.9955557052367277
2531.938506,0.9955179743905032
2532.17956,0.9966341771241914
2532.420614,0.9962134869885464
2532.661668,0.9957496583785305
2532.902722,0.9966625816030014
2533.143776,0.9957045519406744
2533.38483,0.9952024452066394
2533.625884,0.9953629843081816
2533.866938,0.9965154850619485
2534.107992,0.9959471351149581
2534.349046,0.9963290544558205
2534.5901,0.9960679508297726
2534.831154,0.995934088292945
2535.072208,0.9969609273588904
2535.313262,0.9959916549469087
2535.554316,0.996246860699367
2535.79537,0.9956515818675276
2536.036424,0.9966473327821567
2536.277478,0.9959702413565242
2536.518532,0.996111081505816
2536.759586,0.9961045071943733
2537.00064,0.9960073917393771
2537.241694,0.9955287260426854
2537.482748,0.9949039292527093
2537.723802,0.9952846523237205
2537.964856,0.995356215862901
2538.20591,0.9962198627752655
2538.446964,0.9958106997034866
2538.688018,0.9951362664445013
2538.929072,0.9956343572441547
2539.170126,0.9953636810625145
2539.41118,0.9955880613229313
2539.652234,0.9951608466138463
2539.893288,0.995208715001794
2540.134342,0.9958187658028218
2540.375396,0.9952473298490592
2540.61645,0.9956061811905378
2540.857504,0.9947921083355146
2541.098558,0.9954032973253792
2541.339612,0.995042628527562
2541.580666,0.9947440610370335
2541.82172,0.9952635525127501
2542.062774,0.9946177365630557
2542.303828,0.9947427678705948
2542.544882,0.9941036520955382
2542.785936,0.9948210572070711
2543.02699,0.9941099149682745
2543.268044,0.9947552022329077
2543.509098,0.9947532127244928
2543.750152,0.9952434483920417
2543.991206,0.9949478054834531
2544.23226,0.9946754260647558
2544.473314,0.9943449503322584
2544.714368,0.993967270430467
2544.955422,0.9946233064379761
2545.196476,0.9943063704966392
2545.43753,0.9948900006951998
2545.678584,0.9946518525365055
2545.919638,0.9943963592951008
2546.160692,0.9950441210926242
2546.401746,0.9939351658061245
2546.6428,0.9948504048611345
2546.883854,0.9939033603897081
2547.124908,0.9942897657189022
2547.365962,0.9947915114604287
2547.607016,0.9943625503936394
2547.84807,0.9944704445835111
2548.089124,0.9945475190295625
2548.330178,0.9941439141087484
2548.571232,0.9945040582526058
2548.812286,0.9940278048804914
2549.05334,0.9945215616780607
2549.294394,0.9939451052074795
2549.535448,0.9938618160975256
2549.776502,0.993592615396426
2550.017556,0.9931441095883797
2550.25861,0.9940629940876294
2550.499664,0.9941811952045436
2550.740718,0.9938335908227491
2550.981772,0.9940630934939338
2551.222826,0.99461813441023
2551.46388,0.9935639009847662
2551.704934,0.9936470657636761
2551.945988,0.9937467335626288
2552.187042,0.9930098455812147
2552.428096,0.9935187942075931
2552.66915,0.9930972342926728
2552.910204,0.9935587344659141
2553.151258,0.9933993804254415
2553.392312,0.9931322912437949
2553.633366,0.9931864184286201
2553.87442,0.9920528469312965
2554.115474,0.9923687668495415
2554.356528,0.9925697418728628
2554.597582,0.9924623516367087
2554.838636,0.9922897774395205
2555.07969,0.9916483702587169
2555.320744,0.9911594098700486
2555.561798,0.991541575480242
2555.802852,0.9913376363540239
2556.043906,0.9915072687352405
2556.28496,0.9914170456789969
2556.526014,0.9920536405738916
2556.767068,0.9908491264362247
2557.008122,0.9905390391908356
2557.249176,0.9911848829942105
2557.49023,0.990856756003872
2557.731284,0.991438658806175
2557.972338,0.9912713180845227
2558.213392,0.9913318866124075
2558.454446,0.9904629687137695
2558.6955,0.9908185096712492
2558.936554,0.9911992552792127
2559.177608,0.9907163615487283
2559.418662,0.990955549347212
2559.659716,0.9919535474113426
2559.90077,0.9910410725013916
2560.141824,0.9913164219556009
2560.382878,0.9913365458832237
2560.623932,0.9902431103398974
2560.864986,0.9903428328420524
2561.10604,0.9914936851787064
2561.347094,0.9920343949199478
2561.588148,0.9912120418320789
2561.829202,0.9913773897902929
2562.070256,0.9917016232060286
2562.31131,0.9911382983994563
2562.552364,0.9917864173197094
2562.793418,0.9926271140619833
2563.034472,0.9925660693716121
2563.275526,0.9913440800696024
2563.51658,0.9921681301699363
2563.757634,0.9927705590436157
2563.998688,0.9924288069761313
2564.239742,0.9921450129218204
2564.480796,0.9921950182905964
2564.72185,0.9925018524243643
2564.962904,0.9919777513731866
2565.203958,0.9919502739700373
2565.445012,0.9927231057450362
2565.686066,0.9925215041555938
2565.92712,0.9932178036153257
2566.168174,0.9924961951799287
2566.409228,0.9925689478173869
2566.650282,0.9917176889024564
2566.891336,0.9922845183176368
2567.13239,0.9922493920674266
2567.373444,0.9923766065937665
2567.614498,0.9921531485442824
2567.855552,0.9923279813313721
2568.096606,0.9929626787337712
2568.33766,0.9918734999900234
2568.578714,0.9920801287597105
2568.819768,0.9923854387848684
2569.060822,0.99284392749886
2569.301876,0.9927872377291082
2569.54293,0.9916631459295122
2569.783984,0.9918615975794381
2570.025038,0.992476345454523
2570.266092,0.992547409304913
2570.507146,0.9921069152848035
2570.7482,0.9916870452993154
2570.989254,0.9920061223425788
2571.230308,0.992088660685505
2571.471362,0.9916152497562657
2571.712416,0.9918089311269134
2571.95347,0.9925794691039965
2572.194524,0.9917151104398172
2572.435578,0.9922685426654961
2572.676632,0.9918221222734183
2572.917686,0.9920796327197702
2573.15874,0.9911163944851008
2573.399794,0.9916674100902076
2573.640848,0.9913780837547086
2573.881902,0.9916057302955615
2574.122956,0.9918240067372408
2574.36401,0.9921519579612185
2574.605064,0.9924509383852912
2574.846118,0.9927475270338182
2575.087172,0.9926781364069092
2575.328226,0.9921522556068505
2575.56928,0.9930034903385399
2575.810334,0.9928543524148294
2576.051388,0.992766786522659
2576.292442,0.9938094409599142
2576.533496,0.9929516569092085
2576.77455,0.993328454241774
2577.015604,0.9930926660559021
2577.256658,0.9943932766711651
2577.497712,0.9935871506520694
2577.738766,0.9944928204202415
2577.97982,0.9937419635897556
2578.220874,0.9938813953681578
2578.461928,0.99398744817086
2578.702982,0.9933004427743279
2578.944036,0.9943722951943826
2579.18509,0.9940357571347395
2579.426144,0.9937382867512925
2579.667198,0.9940000718916122
2579.908252,0.994061105369735
2580.149306,0.9946889537425383
2580.39036,0.9944453842440691
2580.631414,0.9945926725119028
2580.872468,0.9932099572256705
2581.113522,0.9944089882090573
2581.354576,0.9945288217119601
2581.59563,0.9935185955038541
2581.836684,0.9944762125288167
2582.077738,0.9933989830657688
2582.318792,0.9949853157227834
2582.559846,0.993501507130972
2582.8009,0.9937516029335532
2583.041954,0.9936362350696867
2583.283008,0.9936494505194957
2583.524062,0.993704798335312
2583.765116,0.9936969480984136
2584.00617,0.9935084616658627
2584.247224,0.9944667650496732
2584.488278,0.9930787628558999
2584.729332,0.99361626318208
2584.970386,0.9945958552135471
2585.21144,0.9927947829407867
2585.452494,0.9936833345434777
2585.693548,0.9930828344871745
2585.934602,0.9925864171845985
2586.175656,0.9941697621865387
2586.41671,0.9927861456637473
2586.657764,0.993211347720584
2586.898818,0.9924978824248947
2587.139872,0.9935198870788678
2587.380926,0.992883939915383
2587.62198,0.9926365440643594
2587.863034,0.9927289628286385
2588.104088,0.993344546293078
2588.345142,0.9929479829948746
2588.586196,0.9936732983924815
2588.82725,0.9933491156885005
2589.068304,0.9932204853070158
2589.309358,0.9932152212523935
2589.550412,0.9934335539519094
2589.791466,0.9923888129010963
2590.03252,0.9931205723518999
2590.273574,0.9928096749742208
2590.514628,0.9928794719477063
2590.755682,0.9927190355886465
2590.996736,0.9923940725757427
2591.23779,0.9932573344705685
2591.478844,0.9917972278505754
2591.719898,0.9924182872865319
2591.960952,0.9919337085387837
2592.202006,0.9922767785285791
2592.44306,0.9929487773535788
2592.684114,0.9926302904738307
2592.925168,0.9934612711347176
2593.166222,0.9937585592191207
2593.407276,0.993375539126408
2593.64833,0.9927554690458025
2593.889384,0.9916755417963103
2594.130438,0.9933960028732899
2594.371492,0.9925932660545057
2594.612546,0.9933049126363775
2594.8536,0.9925436376319239
2595.094654,0.9922471098964493
2595.335708,0.9922314325159646
2595.576762,0.9931002135888447
2595.817816,0.9930413244922578
2596.05887,0.9924330744291764
2596.299924,0.9919699147799053
2596.540978,0.9920208041418345
2596.782032,0.9923524921352181
2597.023086,0.9911008340798569
2597.26414,0.9935838718198823
2597.505194,0.9915147050676423
2597.746248,0.9916556093182423
2597.987302,0.9923607286950845
2598.228356,0.992026657081845
2598.46941,0.9930037882396316
2598.710464,0.9925145565293815
2598.951518,0.9921985901990916
2599.192572,0.9927908117695973
2599.433626,0.9930027952363399
2599.67468,0.9926802210331845
2599.915734,0.992208909118088
2600.156788,0.9933094818494849
2600.397842,0.9932316094387463
2600.638896,0.9930624764977376
2600.87995,0.9931243462172451
2601.121004,0.993821664891215
2601.362058,0.9936602813575343
2601.603112,0.9925510817371215
2601.844166,0.9935745321753836
2602.08522,0.9931285173482586
2602.326274,0.9935989744095133
2602.567328,0.9927822738053294
2602.808382,0.9932508783188769
2603.049436,0.9930559223070216
2603.29049,0.9929534442237995
2603.531544,0.992666621407314
2603.772598,0.993172513916094
2604.013652,0.9933474269964392
2604.254706,0.992025665055684
2604.49576,0.9937348086733755
2604.736814,0.9932092619789438
2604.977868,0.9931884048034433
2605.218922,0.9926960047741793
2605.459976,0.9929000247654965
2605.70103,0.992595449762093
2605.942084,0.9923512020778169
2606.183138,0.992802328209809
2606.424192,0.9929396422668486
2606.665246,0.9924646343027426
2606.9063,0.9927178443265186
2607.147354,0.9920597913255303
2607.388408,0.9924103479719909
2607.629462,0.9926201656965042
2607.870516,0.9927410741958642
2608.11157,0.9921599944246255
2608.352624,0.9920269546898868
2608.593678,0.9931213668486755
2608.834732,0.9924402199730362
2609.075786,0.9916180262828521
2609.31684,0.9924271198485936
2609.557894,0.9917697554478586
2609.798948,0.9920479858842561
2610.040002,0.9926003134917131
2610.281056,0.9918752853639302
2610.52211,0.9921128679441532
2610.763164,0.9924784296570368
2611.004218,0.9916870452993154
2611.245272,0.9914075281210428
2611.486326,0.99160235884181
2611.72738,0.9915017163100824
2611.968434,0.9923336376169861
2612.209488,0.9916975572377087
2612.450542,0.9912023280016669
2612.691596,0.9918286683210272
2612.93265,0.9919415448460346
2613.173704,0.9918877830712611
2613.414758,0.9918740951143019
2613.655812,0.9916718726035937
2613.896866,0.991714912096815
2614.13792,0.9917102510476815
2614.378974,0.9922043449676036
2614.620028,0.9914275547553791
2614.861082,0.9921925378061512
2615.102136,0.9919791401430106
2615.34319,0.9926214561035585
2615.584244,0.9928803655396332
2615.825298,0.9925512802473576
2616.066352,0.990836740899554
2616.307406,0.9920782438092566
2616.54846,0.9919842984479509
2616.789514,0.9919258722934395
2617.030568,0.9920754659940629
2617.271622,0.9919045461164424
2617.512676,0.9918257920220597
2617.75373,0.9916755417963103
2617.994784,0.9921212017272457
2618.235838,0.9926201656965042
2618.476892,0.9921567203020463
2618.717946,0.9920825097548768
2618.959,0.9913254429760863
2619.200054,0.9922369890275449
2619.441108,0.9925386749261425
2619.682162,0.9924348608103181
2619.923216,0.9923259966773941
2620.16427,0.9908775642142336
2620.405324,0.9913810578934211
2620.646378,0.9913323822784746
2620.887432,0.9913965235585561
2621.128486,0.9920170344699412
2621.36954,0.992175373023723
2621.610594,0.991373126876682
2621.851648,0.991530470276786
2622.092702,0.9908339665605636
2622.333756,0.9925448286850036
2622.57481,0.9917550773640961
2622.815864,0.9913004618896862
2623.056918,0.991775111018998
2623.297972,0.9919518610917454
2623.539026,0.9925653745756067
2623.78008,0.9930985253199166
2624.021134,0.9916252651208657
2624.262188,0.9924088593575854
2624.503242,0.9927865427782849
2624.744296,0.9922621921671447
2624.98535,0.9924362502200959
2625.226404,0.9920181256892792
2625.467458,0.9920813192565794
2625.708512,0.9924172948687408
2625.949566,0.9925053261869269
2626.19062,0.9924956989319551
2626.431674,0.9925182288400344
2626.672728,0.9936506428995517
2626.913782,0.9931612911300955
2627.154836,0.9936381229803268
2627.39589,0.992666621407314
2627.636944,0.9927682756739558
2627.877998,0.9934681260411378
2628.119052,0.9926078572827619
2628.360106,0.9926290000552918
2628.60116,0.9937839997638743
2628.842214,0.9934388191636981
2629.083268,0.994165189016151
2629.324322,0.9936437867337695
2629.565376,0.9929571181583399
2629.80643,0.99375319293739
2630.047484,0.9930787628558999
2630.288538,0.9929614871792716
2630.529592,0.9932525668468053
2630.770646,0.9936320618062633
2631.0117,0.9924855755274555
2631.252754,0.9935877468045385
2631.493808,0.9934589861764217
2631.734862,0.9938871598969681
2631.975916,0.9940422183881599
2632.21697,0.9942961291937659
2632.458024,0.993786086712465
2632.699078,0.9940445046878914
2632.940132,0.9937803227698776
2633.181186,0.9941025585821224
2633.42224,0.9935041895886625
2633.663294,0.9944817816112003
2633.904348,0.9943285437759324
2634.145402,0.994047884444953
2634.386456,0.9949360651686164
2634.62751,0.9943257596599075
2634.868564,0.9946031157897912
2635.109618,0.9944131647355785
2635.350672,0.9944346442919152
2635.591726,0.9937001279337353
2635.83278,0.9954089711403443
2636.073834,0.9943146232737633
2636.314888,0.9946127634868056
2636.555942,0.9946319596983838
2636.796996,0.9946407124981413
2637.03805,0.9946506589549986
2637.279104,0.9942773371745093
2637.520158,0.9948984572961463
2637.761212,0.9942015761279491
2638.002266,0.9948292147731862
2638.24332,0.9947514221703214
2638.484374,0.9953281472133836
2638.725428,0.9951373610949965
2638.966482,0.9953903571666252
2639.207536,0.9957793321604873
2639.44859,0.9948114074896175
2639.689644,0.9949906886579952
2639.930698,0.9953207818123462
2640.171752,0.9950061111331933
2640.412806,0.9955360929825158
2640.65386,0.9955742227450574
2640.894914,0.9953747296606938
2641.135968,0.9951020343457311
2641.377022,0.9950492953355069
2641.618076,0.9959168587822532
2641.85913,0.9959637675709953
2642.100184,0.9951402469975282
2642.341238,0.9964818034077766
2642.582292,0.9971216504143109
2642.823346,0.9959073976170355
2643.0644,0.9960689468982215
2643.305454,0.9955926410385468
2643.546508,0.9968328261104062
2643.787562,0.9959453424117284
2644.028616,0.9967287621955911
2644.26967,0.9968364147150397
2644.510724,0.9969760812801557
2644.751778,0.9964712407566426
2644.992832,0.9971900553057902
2645.233886,0.9966433462007986
2645.47494,0.9965348176498843
2645.715994,0.9971263368970811
2645.957048,0.9967507901446436
2646.198102,0.9972879841774501
2646.439156,0.997418437977273
2646.68021,0.9973259815734932
2646.921264,0.9972430075035954
2647.162318,0.9972371237872081
2647.403372,0.996680920363219
2647.644426,0.9971254394837816
2647.88548,0.9971361087830648
2648.126534,0.9968052142235494
2648.367588,0.9973295719534895
2648.608642,0.9974739957315375
2648.849696,0.9976811925971005
2649.09075,0.9979610814241969
2649.331804,0.9981004065158289
2649.572858,0.9984387200675904
2649.813912,0.9982364568728582
2650.054966,0.9983642393172398
2650.29602,0.9982575198843122
2650.537074,0.9981711743433407
2650.778128,0.9976232290036694
2651.019182,0.9981185721085338
2651.260236,0.998509312180501
2651.50129,0.9978833432838938
2651.742344,0.9987347011664504
2651.983398,0.9990513502529487
2652.224452,0.9990960687921795
2652.465506,0.997748139251159
2652.70656,0.9988535576677108
2652.947614,0.9982112018099772
2653.188668,0.9984132602048433
2653.429722,0.9980899265165806
2653.670776,0.9990376034009478
2653.91183,0.9992085433671561
2654.152884,0.9988647448902049
2654.393938,0.9990937508919886
2654.634992,0.9982591170976218
2654.876046,0.9978634856029471
2655.1171,0.9982915610461388
2655.358154,0.9987465861801099
2655.599208,0.998918285475406
2655.840262,0.9991675067149735
2656.081316,0.999189178893228
2656.32237,0.9992995854048993
2656.563424,0.9986095675481791
2656.804478,0.9987460868069417
2657.045532,0.9994848427390913
2657.286586,0.9994475026828832
2657.52764,0.9991802961409115
2657.768694,0.9992759322636489
2658.009748,0.9986918563667979
2658.250802,0.9987600693500346
2658.491856,0.9994667222431552
2658.73291,0.9992583951249264
2658.973964,0.9993923047216158
2659.215018,0.9996698645067187
2659.456072,0.9987809436536197
2659.697126,0.9992814282963903
2659.93818,0.9995427845548522
2660.179234,0.9989745261580386
2660.420288,0.999024755859978
2660.661342,0.9988220942761953
2660.902396,0.9985968852872038
2661.14345,0.9989825179862151
2661.384504,0.9989185851509366
2661.625558,0.9994053268881855
2661.866612,0.9985584400471958
2662.107666,1.0002573731147784
2662.34872,0.9995721115703763
2662.589774,0.9998473916458397
2662.830828,0.9994695507379816
2663.071882,0.9986321363794326
2663.312936,0.9990456656669384
2663.55399,0.9991937052304605
2663.795044,0.999030100656719
2664.036098,0.9989475542099553
2664.277152,0.9997902420022856
2664.518206,0.9983933919786547
2664.75926,0.9992908915363247
2665.000314,0.999259754117268
2665.241368,0.9993089988513311
2665.482422,0.9992668488867086
2665.723476,0.99922371146797
2665.96453,0.9987070365983841
2666.205584,0.9992954283272708
2666.446638,0.9991449957246344
2666.687692,0.9989528486460227
2666.928746,1.0000023344027247
2667.1698,0.9985454588718531
2667.410854,0.9998156269987912
2667.651908,0.9991056401783653
2667.892962,0.9983925932642607
2668.134016,0.9992655198626833
2668.37507,0.9993926645029102
2668.616124,0.9986634939208257
2668.857178,0.9994935382950488
2669.098232,0.9995074513419364
2669.339286,0.9994736485715401
2669.58034,0.9990032870486577
2669.821394,0.9989333692553989
2670.062448,0.9979969088701188
2670.303502,0.9985177995457257
2670.544556,0.9997026342219699
2670.78561,0.9999161215179966
2671.026664,0.998522392738168
2671.267718,0.9989170867741826
2671.508772,0.9984799564382544
2671.749826,0.9985786111314121
2671.99088,0.9980938190748845
2672.231934,0.9987514800503722
2672.472988,0.9982321644653223
2672.714042,0.9983313936740802
2672.955096,0.999266529121368
2673.19615,0.9980674697458736
2673.437204,0.9990379230930321
2673.678258,0.9990753577453442
2673.919312,0.9995928329150251
2674.160366,0.9983062360399471
2674.40142,0.9994168900747106
2674.642474,0.9982213836161627
2674.883528,0.9984662773565531
2675.124582,0.9996953664102377
2675.365636,0.9987987221126445
2675.60669,0.9989748258504414
2675.847744,0.9985184985084301
2676.088798,0.9985616354393166
2676.329852,0.9987485836752799
2676.570906,0.9992516801310736
2676.81196,0.9989180856917689
2677.053014,0.9994032681153326
2677.294068,0.9990296910544618
2677.535122,0.9992107116520478
2677.776176,0.9999354200853725
2678.01723,0.9991558265150908
2678.258284,0.9990392318335685
2678.499338,0.9991726724243365
2678.740392,0.9999025137520932
2678.981446,0.9994730788717228
2679.2225,0.9983902969639369
2679.463554,0.9985550449542714
2679.704608,1.0001020352052374
2679.945662,0.9993581660635781
2680.186716,1.0002270157641795
2680.42777,0.998484249911298
2680.668824,0.9995611263332341
2680.909878,0.9995695526690461
2681.150932,0.9997909818473385
2681.391986,0.9991689555089085
2681.63304,0.9994055567514372
2681.874094,0.9994970165386142
2682.115148,0.9994615650081742
2682.356202,0.9994909296203182
2682.597256,0.9999686954899965
2682.83831,0.9995723714591591
2683.079364,1.0002281360190644
2683.320418,1.000206361289562
2683.561472,0.9991393006143898
2683.802526,0.9995246430179475
2684.04358,0.9997386541567762
2684.284634,0.9996732134063742
2684.525688,0.9999701994440454
2684.766742,0.9998545505787929
2685.007796,0.9986215509348899
2685.24885,0.999741293470307
2685.489904,1.00011488659896
2685.730958,0.9991869706875827
2685.972012,1.0002727771969355
2686.213066,0.9992864546946161
2686.45412,0.9990149055244474
2686.695174,0.9999385008911478
2686.936228,0.999390375896329
2687.177282,0.9998200961846325
2687.418336,0.9993315035433871
2687.65939,0.9992636312526355
2687.900444,1.0001843069824452
2688.141498,0.9998518809707068
2688.382552,0.9995307501321736
2688.623606,1.0001390596678994
2688.86466,0.9993579861791244
2689.105714,0.999619432434214
2689.346768,0.9994554283330047
2689.587822,0.99969043792423
2689.828876,0.9998814970220327
2690.06993,1.000110996159618
2690.310984,0.9995252327376609
2690.552038,0.9998057888614252
2690.793092,0.999698405488771
2691.034146,1.000526718667587
2691.2752,0.9991436968369842
2691.516254,0.9997418533255882
2691.757308,1.0000429839237823
2691.998362,0.9993494616918592
2692.239416,0.9993467634519553
2692.48047,0.9998386630162112
2692.721524,0.9983352871741078
2692.962578,0.9999224990033574
2693.203632,1.000146590743373
2693.444686,0.999780834020373
2693.68574,1.0001810663905404
2693.926794,1.00024323957795
2694.167848,0.9993785531781136
2694.408902,0.9998869763876498
2694.649956,0.9999208311340201
2694.89101,1.000115186633471
2695.132064,0.9996749828295278
2695.373118,0.9998917958544908
2695.614172,1.0000107430577063
2695.855226,0.9991084176959059
2696.09628,1.000498834376507
2696.337334,0.9997878325107058
2696.578388,1.0001887478106268
2696.819442,1.0009941638535966
2697.060496,1.0002412691007088
2697.30155,1.0004510216797058
2697.542604,0.9999346341364411
2697.783658,0.999754030255519
2698.024712,1.000483686938821
2698.265766,1.0002606039513113
2698.50682,1.0004950424931105
2698.747874,1.0005291699610506
2698.988928,1.0003347860283378
2699.229982,0.9993970718342788
2699.471036,1.000591975148169
2699.71209,1.0007743896849868
2699.953144,1.0011359446969967
2700.194198,1.000237948305208
2700.435252,1.0007106023583119
2700.676306,1.0007866892778168
2700.91736,0.9998267750051822
2701.158414,0.9998762176616659
2701.399468,1.0011591713203416
2701.640522,1.001278416478554
2701.881576,0.9997957508616959
2702.12263,1.001057658927135
2702.363684,1.0010000296965837
2702.604738,1.000381682822359
2702.845792,1.000260563940888
2703.086846,1.0007994393814563
2703.3279,1.0003838436491277
2703.568954,1.0008246198121196
2703.810008,1.000899374194641
2704.051062,1.0013437019595919
2704.292116,1.0007495407653915
2704.53317,1.000438856269248
2704.774224,1.0001897379979774
2705.015278,1.0012899312465533
2705.256332,1.0008429350702461
2705.497386,0.9999543300429042
2705.73844,0.9995749903422031
2705.979494,1.0006715153655579
2706.220548,0.9996927272179541
2706.461602,1.0012157384115263
2706.702656,0.9999330952382234
2706.94371,1.0008134206472834
2707.184764,1.0005479000424253
2707.425818,1.0011193259782505
2707.666872,1.001805528006378
2707.907926,1.0011858025084919
2708.14898,1.0012449743379304
2708.390034,0.9996660157851491
2708.631088,1.000288301550906
2708.872142,1.0007879903013586
2709.113196,1.0000911471536493
2709.35425,1.0005464292380932
2709.595304,1.0001871475099107
2709.836358,1.0005972082578838
2710.077412,1.0007106323796304
2710.318466,1.0004049619749702
2710.55952,1.000023540277068
2710.800574,1.0008183746859767
2711.041628,1.001256288470065
2711.282682,0.9998304943677033
2711.523736,1.0005746650567318
2711.76479,1.0003270134572468
2712.005844,1.0008801270847367
2712.246898,1.0008983432688165
2712.487952,1.000436815376063
2712.729006,1.0000761498992563
2712.97006,1.0004001000186695
2713.211114,1.0015526040435505
2713.452168,0.9998563703157308
2713.693222,1.0001738351075715
2713.934276,0.9997378643635514
2714.17533,0.9997141608597935
2714.416384,0.999955143006105
2714.657438,1.0010471478768994
2714.898492,0.9996410844256108
2715.139546,1.0011790945860866
2715.3806,0.9996281691462329
2715.621654,1.000017934160815
2715.862708,0.9999139047064125
2716.103762,1.0000165051362082
2716.344816,1.0001421100966832
2716.58587,1.000647889789981
2716.826924,1.0006967526194157
2717.067978,0.9994587965034735
2717.309032,0.9990173431237908
2717.550086,0.9996345567906423
2717.79114,0.9995988104980389
2718.032194,0.9995739207975356
2718.273248,0.9994198383588849
2718.514302,0.998763065634737
2718.755356,0.9996087765478603
2718.99641,0.999694946538272
2719.237464,1.0000490802043938
2719.478518,0.9994861220805088
2719.719572,0.9993898462195702
2719.960626,0.9987897329645967
2720.20168,0.9996977956729296
2720.442734,0.9998221058250456
2720.683788,0.9988967090734656
2720.924842,0.9986783741177423
2721.165896,0.9984635815012436
2721.40695,0.9991925861341373
2721.648004,0.9983446715699138
2721.889058,0.9991836334086739
2722.130112,0.9988619480728348
2722.371166,0.9986145606084995
2722.61222,0.9982058114840413
2722.853274,0.9979989048659326
2723.094328,0.9989895108883161
2723.335382,0.9987387959871196
2723.576436,0.9976620373020941
2723.81749,0.9992301864585993
2724.058544,0.999046105247128
2724.299598,0.9975275615233369
2724.540652,0.9975897094263069
2724.781706,0.9981610928653913
2725.02276,0.9978405350067111
2725.263814,0.9967443112855641
2725.504868,0.9982234798832694
2725.745922,0.997543821355107
2725.986976,0.9975707554018917
2726.22803,0.9972179770182409
2726.469084,0.9966946746548243
2726.710138,0.9968590431584856
2726.951192,0.9967257720137899
2727.192246,0.9960161566429899
2727.4333,0.9961158628504824
2727.674354,0.9958340019464947
2727.915408,0.9963758830218427
2728.156462,0.995942952145775
2728.397516,0.9960449419258622
2728.63857,0.9952439460138902
2728.879624,0.9953356122024813
2729.120678,0.9950933769956918
2729.361732,0.9947966843897378
2729.602786,0.9945027653981704
2729.84384,0.9951779635276131
2730.084894,0.9940643857767953
2730.325948,0.9934558071127524
2730.567002,0.9933372949043576
2730.808056,0.9935367770605127
2731.04911,0.9930921695096931
2731.290164,0.9918199402671495
2731.531218,0.9924343645930117
2731.772272,0.9922441331595847
2732.013326,0.9917416887609248
2732.25438,0.9918819309506048
2732.495434,0.9907857141213484
2732.736488,0.9899547935271318
2732.977542,0.9907291418722252
2733.218596,0.9890701694276096
2733.45965,0.9886182676276074
2733.700704,0.9881240820504834
2733.941758,0.9874869475155371
2734.182812,0.9870486006310497
2734.423866,0.9873250129351431
2734.66492,0.9864713460631043
2734.905974,0.9868324606557026
2735.147028,0.9862691401639742
2735.388082,0.9857554277756461
2735.629136,0.9846579076613091
2735.87019,0.9833373830194472
2736.111244,0.9836255430860601
2736.352298,0.9843271181800799
2736.593352,0.9830955117746072
2736.834406,0.9819125770480361
2737.07546,0.9818841019961919
2737.316514,0.9815905625360313
2737.557568,0.9818183179651478
2737.798622,0.9810420067472011
2738.039676,0.98232703159931
2738.28073,0.9809321361953112
2738.521784,0.9819616739042997
2738.762838,0.9808389520686887
2739.003892,0.9814089850783948
2739.244946,0.9808232587710023
2739.486,0.9813314568309797
2739.727054,0.9804231645062038
2739.968108,0.981440390668404
2740.209162,0.9805771030268889
2740.450216,0.9812048732378659
2740.69127,0.9813245875348244
2740.932324,0.9814933898804661
2741.173378,0.9805329780500722
2741.414432,0.981440390668404
2741.655486,0.9810008038481846
2741.89654,0.9806741849655654
2742.137594,0.9811185310081347
2742.378648,0.979337457232834
2742.619702,0.9775078074435368
2742.860756,0.9772185079509706
2743.10181,0.9768032783276366
2743.342864,0.9744500679329109
2743.583918,0.9733768154287921
2743.824972,0.9737759817466214
2744.066026,0.9749539888703701
2744.30708,0.9766929057933512
2744.548134,0.9781385033569046
2744.789188,0.978018199719817
2745.030242,0.9784760193587252
2745.271296,0.979138671906409
2745.51235,0.9792081932200919
2745.753404,0.9781081815332912
2745.994458,0.9772937566731216
2746.235512,0.9786267162690707
2746.476566,0.9768921714705411
2746.71762,0.9761832051399714
2746.958674,0.9756825515843512
2747.199728,0.9752874801583236
2747.440782,0.9744003722466971
2747.681836,0.974840900766898
2747.92289,0.9728873300065355
2748.163944,0.9739814701570348
2748.404998,0.9730410583488958
2748.646052,0.972874682553454
2748.887106,0.973101388764737
2749.12816,0.9730157596102637
2749.369214,0.9735179653001477
2749.610268,0.9740817954151231
2749.851322,0.9733651349770898
2750.092376,0.973790588495898
2750.33343,0.9740067940044675
2750.574484,0.9741227077096827
2750.815538,0.9751938570542092
2751.056592,0.9753820876322872
2751.297646,0.9756484032926445
2751.5387,0.9768062087418672
2751.779754,0.9774266776624515
2752.020808,0.9771794199924171
2752.261862,0.9782382785726964
2752.502916,0.9790329306399743
2752.74397,0.9794726151276124
2752.985024,0.980708509162709
2753.226078,0.9815542443571079
2753.467132,0.9819086494055832
2753.708186,0.9819282877749543
2753.94924,0.9825873827576888
2754.190294,0.9832095574684955
2754.431348,0.9833157498349866
2754.672402,0.9841627492765292
2754.913456,0.9839374018102146
2755.15451,0.985115880058702
2755.395564,0.9859368234622482
2755.636618,0.9844422911903967
2755.877672,0.9854607309621103
2756.118726,0.9859723178267875
2756.35978,0.9861636150116729
2756.600834,0.9865463207344064
2756.841888,0.9865167247887259
2757.082942,0.9861517811192962
2757.323996,0.9865186978241485
2757.56505,0.9873970902918788
2757.806104,0.987936356309404
2758.047158,0.9877239728248401
2758.288212,0.9875461985099001
2758.529266,0.9880440472412909
2758.77032,0.9874632481131906
2759.011374,0.9884838246855374
2759.252428,0.9883494000264642
2759.493482,0.9885391813296913
2759.734536,0.9883335865625718
2759.97559,0.9888644642264512
2760.216644,0.9896726966116964
2760.457698,0.989674675959069
2760.698752,0.9887112021126168
2760.939806,0.9888664419573574
2761.18086,0.9901323083353382
2761.421914,0.9896143076450878
2761.662968,0.9898884687778694
2761.904022,0.9900681498405157
2762.145076,0.9895430579799561
2762.38613,0.9904497956438867
2762.627184,0.9905227944837999
2762.868238,0.9906665297690221
2763.109292,0.9900795356897074
2763.350346,0.9908041429070182
2763.5914,0.9899785527272857
2763.832454,0.9899270751809717
2764.073508,0.9907942349151293
2764.314562,0.9905666756155553
2764.555616,0.9914085195290666
2764.79667,0.9909526755802858
2765.037724,0.9910998429795184
2765.278778,0.9898914384477302
2765.519832,0.991655807649384
2765.760886,0.9919088113151608
2766.00194,0.9910277926399954
2766.242994,0.991526801620833
2766.484048,0.9908692408776522
2766.725102,0.9910013325511756
2766.966156,0.9913406103713941
2767.20721,0.990117258438631
2767.448264,0.9915871874417812
2767.689318,0.9911430558747065
2767.930372,0.9914551168245124
2768.171426,0.9918731032407028
2768.41248,0.9914865464498727
2768.653534,0.9916036479257144
2768.894588,0.9912367233192038
2769.135642,0.9908829149675273
2769.376696,0.9907613410925705
2769.61775,0.9911110424710211
2769.858804,0.9905753926406556
2770.099858,0.9912998671095876
2770.340912,0.9910663443709553
2770.581966,0.9914105023480885
2770.82302,0.9912670556270193
2771.064074,0.9907986934992182
2771.305128,0.990550529510334
2771.546182,0.9896895211905473
2771.787236,0.9912814291035333
2772.02829,0.9911001403095159
2772.269344,0.9914520433184141
2772.510398,0.9908671600544312
2772.751452,0.9914210113551111
2772.992506,0.9908451630476457
2773.23356,0.99009349590958
2773.474614,0.9904502908689083
2773.715668,0.9904163190065522
2773.956722,0.9901982533430177
2774.197776,0.9906533539917953
2774.43883,0.9907070488586994
2774.679884,0.9904203797217846
2774.920938,0.9914374690804982
2775.161992,0.990768474599907
2775.403046,0.9904433577411382
2775.6441,0.9907903708251481
2775.885154,0.9908668627943278
2776.126208,0.9908096914257544
2776.367262,0.9907458853362047
2776.608316,0.9898854991169176
2776.84937,0.9895757134396815
2777.090424,0.9901815191339407
2777.331478,0.98970832547009
2777.572532,0.9903649177334704
2777.813586,0.990278759733555
2778.05464,0.9893105426829483
2778.295694,0.9900658726863898
2778.536748,0.9906317579840757
2778.777802,0.9900965652041747
2779.018856,0.9897815665960631
2779.25991,0.9899092566539857
2779.500964,0.9897192123215478
2779.742018,0.9907977027010201
2779.983072,0.9905757888708919
2780.224126,0.9908817259087428
2780.46518,0.9907368695896699
2780.706234,0.9894589503946508
2780.947288,0.9900947830319613
2781.188342,0.9904403864155219
2781.429396,0.9904493994640476
2781.67045,0.9897845359452169
2781.911504,0.9890691803579348
2782.152558,0.989742965867685
2782.393612,0.9893708924667016
2782.634666,0.9895331625988533
2782.87572,0.9900409233407612
2783.116774,0.9897677097511289
2783.357828,0.9897479145948861
2783.598882,0.9902184535934277
2783.839936,0.9901825093159549
2784.08099,0.9901592403003979
2784.322044,0.9901965700074179
2784.563098,0.9900608233633149
2784.804152,0.9897251506546367
2785.045206,0.9902585582529122
2785.28626,0.9892472288342813
2785.527314,0.9902293460563257
2785.768368,0.9899340046947512
2786.009422,0.9909524773897704
2786.250476,0.9903042102247175
2786.49153,0.9904802029193622
2786.732584,0.9909307757681493
2786.973638,0.9905632086382579
2787.214692,0.9907776887895667
2787.455746,0.9906494904512487
2787.6968,0.9909378114016337
2787.937854,0.9908480365027851
2788.178908,0.9907392473610102
2788.419962,0.9908435776966531
2788.661016,0.9910227384111412
2788.90207,0.9899419241984667
2789.143124,0.9913519117187699
2789.384178,0.9912412830186184
2789.625232,0.9904953573823982
2789.866286,0.9913493342071502
2790.10734,0.9912667582469472
2790.348394,0.9910143147536653
2790.589448,0.9913033366651942
2790.830502,0.9915105407146262
2791.071556,0.9907536131842489
2791.31261,0.991741490412607
2791.553664,0.9910912204483925
2791.794718,0.990481094351946
2792.035772,0.9909894406065368
2792.276826,0.9912187820968803
2792.51788,0.9906383952390889
2792.758934,0.9912546648662663
2792.999988,0.9906564250219528
2793.241042,0.9909063000802638
2793.482096,0.9905877749104527
2793.72315,0.9914705836449756
2793.964204,0.9907077423538764
2794.205258,0.9914434177231587
2794.446312,0.9917388127141977
2794.687366,0.9910039091579899
2794.92842,0.9918155762690131
2795.169474,0.9912856916228429
2795.410528,0.9911788367848652
2795.651582,0.990712695904972
2795.892636,0.9910716961436647
2796.13369,0.9920023527264761
2796.374744,0.9907543067120209
2796.615798,0.9908899502611989
2796.856852,0.991318008063145
2797.097906,0.991353894424576
2797.33896,0.9908665655343135
2797.580014,0.991485554963822
2797.821068,0.9914097092200038
2798.062122,0.9919079185976324
2798.303176,0.9912565482519188
2798.54423,0.9918659617800687
2798.785284,0.991619910358892
2799.026338,0.9904597992373407
2799.267392,0.9911359196703946
2799.508446,0.9914265633283201
2799.7495,0.9915161923408153
2799.990554,0.9920061223425788
2800.231608,0.9915684466210399
2800.472662,0.9919278561471679
2800.713716,0.9924267228778251
2800.95477,0.9914749461251412
2801.195824,0.9922044441880431
2801.436878,0.9914483749526404
2801.677932,0.9927474277590704
2801.918986,0.9915672567396179
2802.16004,0.9909519819136556
2802.401094,0.9922473083458911
2802.642148,0.9910806158290686
2802.883202,0.9914495646914041
2803.124256,0.9916284383267913
2803.36531,0.9918704251869394
2803.606364,0.9914263650430273
2803.847418,0.9919371803128392
2804.088472,0.9912878724537634
2804.329526,0.9921103876650836
2804.57058,0.9911160971502271
2804.811634,0.9915208524778707
2805.052688,0.9913844285947481
2805.293742,0.992319348115489
2805.534796,0.9919556305159793
2805.77585,0.9916186212538464
2806.016904,0.9912790500309584
2806.257958,0.9910159994794324
2806.499012,0.9923202412033042
2806.740066,0.9914823822151224
2806.98112,0.9919857864255146
2807.222174,0.9918059557045831
2807.463228,0.9921192174868265
2807.704282,0.992375911930385
2807.945336,0.9909868640373408
2808.18639,0.992395858886681
2808.427444,0.9921343970269773
2808.668498,0.9915112347722476
2808.909552,0.991635677240813
2809.150606,0.9921760675467272
2809.39166,0.9921497752293119
2809.632714,0.9916101925313878
2809.873768,0.9926150040850629
2810.114822,0.9921616810980498
2810.355876,0.9928489910158023
2810.59693,0.9920626683030969
2810.837984,0.9919030582607391
2811.079038,0.9922109927589849
2811.320092,0.9920798311357165
2811.561146,0.9920473906556432
2811.8022,0.9923260959099987
2812.043254,0.9917600361518798
2812.284308,0.9919581104081555
2812.525362,0.9920808232160437
2812.766416,0.9927163552508689
2813.00747,0.9917526971547665
2813.248524,0.9921836081134947
2813.489578,0.992629694895835
2813.730632,0.9916693934270111
2813.971686,0.9912048060105844
2814.21274,0.9926005120117956
2814.453794,0.9924823995786953
2814.694848,0.9915719171166765
2814.935902,0.9921656497527115
2815.176956,0.9925917771657232
2815.41801,0.9921660466190507
2815.659064,0.9921295355803424
2815.900118,0.9924940116907012
2816.141172,0.9917408953678912
2816.382226,0.9911867662472773
2816.62328,0.9919210118685733
2816.864334,0.9921284442384535
2817.105388,0.9914358827818168
2817.346442,0.9919479924870309
2817.587496,0.9919562256895362
2817.82855,0.9913797690988835
2818.069604,0.9920447121313044
2818.310658,0.9917264160565181
2818.551712,0.9914224984877434
2818.792766,0.9915215465427103
2819.03382,0.9914833736980004
2819.274874,0.9910750657931601
2819.515928,0.9914294384695227
2819.756982,0.9910142156522388
2819.998036,0.9914977503111492
2820.23909,0.9914420297033455
2820.480144,0.9914398485332794
2820.721198,0.9909028319142827
2820.962252,0.990194787655196
2821.203306,0.9914162525456777
2821.44436,0.9908476401636497
2821.685414,0.9907778869451243
2821.926468,0.9906454287966643
2822.167522,0.991231568901644
2822.408576,0.9910275944344566
2822.64963,0.9905858927954684
2822.890684,0.9910545507516295
2823.131738,0.9912593237741396
2823.372792,0.9901753800275532
2823.613846,0.990389776204878
2823.8549,0.9901339915616931
2824.095954,0.9909932063735661
2824.337008,0.9908073134853486
2824.578062,0.9894549925667648
2824.819116,0.9902316235864408
2825.06017,0.9899349946292508
2825.301224,0.9900092425381098
2825.542278,0.9896796243448198
2825.783332,0.9901345856422663
2826.024386,0.9893372544282076
2826.26544,0.9896489447520013
2826.506494,0.989818189191541
2826.747548,0.9898340264092654
2826.988602,0.9884087027695302
2827.229656,0.9896825933881463
2827.47071,0.9899082667452239
2827.711764,0.9897795870349094
2827.952818,0.9891067657009054
2828.193872,0.9890573115989831
2828.434926,0.9887210892740737
2828.67598,0.9898785699426759
2828.917034,0.9890286293528413
2829.158088,0.9887675602573291
2829.399142,0.9886874733285127
2829.640196,0.9889059974061394
2829.88125,0.9883019603938232
2830.122304,0.9875560740212627
2830.363358,0.9883918999644075
2830.604412,0.9886093701032377
2830.845466,0.9879887183238696
2831.08652,0.9871858099223623
2831.327574,0.9870209636571514
2831.568628,0.9870486006310497
2831.809682,0.9868097637701227
2832.050736,0.9871946946346327
2832.29179,0.9870880833647243
2832.532844,0.9860206316540402
2832.773898,0.9870347820473712
2833.014952,0.9858441497565751
2833.256006,0.986297742383769
2833.49706,0.9856115179888608
2833.738114,0.9865699981302317
2833.979168,0.9857337413947861
2834.220222,0.9847632716943042
2834.461276,0.9860600732681333
2834.70233,0.9848066022315235
2834.943384,0.9846835090997256
2835.184438,0.985059730053829
2835.425492,0.9837130896551592
2835.666546,0.9858431639129183
2835.9076,0.9836088215939607
2836.148654,0.9834622747975507
2836.389708,0.9831938262414261
2836.630762,0.984635260789873
2836.871816,0.9834494898710805
2837.11287,0.9839196910963789
2837.353924,0.9836048871665432
2837.594978,0.9830099861855
2837.836032,0.9836894808243146
2838.077086,0.9833993352260514
2838.31814,0.9813883757061074
2838.559194,0.9836924318971837
2838.800248,0.9812549159624796
2839.041302,0.9814668899166904
2839.282356,0.981143059278012
2839.52341,0.9812048732378659
2839.764464,0.9812804289219617
2840.005518,0.9818625007835623
2840.246572,0.9812519722021473
2840.487626,0.980990993889196
2840.72868,0.9801692677876411
2840.969734,0.9805369001898286
2841.210788,0.9796891024965287
2841.451842,0.980171228128137
2841.692896,0.9806418232514327
2841.93395,0.9795078767764629
2842.175004,0.9785591933552155
2842.416058,0.9791611923548471
2842.657112,0.9789820222512107
2842.898166,0.9781453503503925
2843.13922,0.9780856853038236
2843.380274,0.9772009181761361
2843.621328,0.9775488636336234
2843.862382,0.9766850922813589
2844.103436,0.977440361731727
2844.34449,0.9760641180534043
2844.585544,0.9772028725799268
2844.826598,0.9751275461265266
2845.067652,0.9755001160054633
2845.308706,0.9744266814119199
2845.54976,0.974640104224094
2845.790814,0.9742357124979281
2846.031868,0.9737964312569571
2846.272922,0.9733846024744637
2846.513976,0.9734955746444393
2846.75503,0.9736464781532289
2846.996084,0.9718430099143811
2847.237138,0.9715855056375774
2847.478192,0.9716000795294659
2847.719246,0.97096583178196
2847.9603,0.970505703036823
2848.201354,0.9708667983179109
2848.442408,0.9695036882753135
2848.683462,0.9688533695068277
2848.924516,0.9679895376275224
2849.16557,0.9689725458004689
2849.406624,0.9668876252024186
2849.647678,0.9666469001552553
2849.888732,0.9658565063060853
2850.129786,0.9658043514629382
2850.37084,0.9657048787376709
2850.611894,0.9657888987169371
2850.852948,0.9632685865464494
2851.094002,0.9638833479927145
2851.335056,0.962582020834004
2851.57611,0.9628063285756955
2851.817164,0.961860354976903
2852.058218,0.9611892107057285
2852.299272,0.9617805238804763
2852.540326,0.960178571345576
2852.78138,0.9595536985138052
2853.022434,0.9580167661155145
2853.263488,0.9579391699001483
2853.504542,0.956736753578275
2853.745596,0.9559296084214244
2853.98665,0.9558808572545602
2854.227704,0.9549445528785305
2854.468758,0.9537163297700787
2854.709812,0.9525335019013308
2854.950866,0.952214456621262
2855.19192,0.9516785107650994
2855.432974,0.9510468059831486
2855.674028,0.9497143726152042
2855.915082,0.9471640211515245
2856.156136,0.9475742319769177
2856.39719,0.9469225251181838
2856.638244,0.945064594364068
2856.879298,0.9444741135370702
2857.120352,0.9438292579607719
2857.361406,0.9426294703713224
2857.60246,0.9402382296778705
2857.843514,0.9392871898967325
2858.084568,0.937884004690125
2858.325622,0.937283013681315
2858.566676,0.9354290293643963
2858.80773,0.9343660509757384
2859.048784,0.9334480204335643
2859.289838,0.9311946009226741
2859.530892,0.9301066704534484
2859.771946,0.9285026909727356
2860.013,0.9270998557146969
2860.254054,0.9254085160412331
2860.495108,0.9239927996106336
2860.736162,0.9218460899499322
2860.977216,0.9209854876657483
2861.21827,0.9190892912772569
2861.459324,0.9175676213732903
2861.700378,0.9147467755876932
2861.941432,0.9130715805333475
2862.182486,0.9111196966117061
2862.42354,0.9094011254661581
2862.664594,0.9082669007650032
2862.905648,0.9043851124127704
2863.146702,0.9029031363809198
2863.387756,0.9011622138583357
2863.62881,0.8998294802479654
2863.869864,0.8980495805592594
2864.110918,0.8953952840975574
2864.351972,0.8933650419992403
2864.593026,0.8917405963167738
2864.83408,0.8901992187611638
2865.075134,0.8871688092099647
2865.316188,0.8842459774644212
2865.557242,0.8836360581863203
2865.798296,0.8815443204167657
2866.03935,0.8791409864655217
2866.280404,0.8777618180472719
2866.521458,0.8756402026376621
2866.762512,0.8738207638884432
2867.003566,0.8725895448247826
2867.24462,0.8712467911114845
2867.485674,0.8698713080992544
2867.726728,0.8681506669061325
2867.967782,0.8662081858033139
2868.208836,0.8644861455119428
2868.44989,0.8623534996344419
2868.690944,0.8612417808327082
2868.931998,0.8601917065356577
2869.173052,0.8583786155185623
2869.414106,0.8574692162528735
2869.65516,0.8556019694000039
2869.896214,0.853858320508994
2870.137268,0.8530987246740273
2870.378322,0.8510962964457456
2870.619376,0.8491749907090324
2870.86043,0.8474020683276975
2871.101484,0.8455651995628388
2871.342538,0.8444075683978489
2871.583592,0.8420381137735188
2871.824646,0.8404649738450215
2872.0657,0.8392303979690544
2872.306754,0.8378384311605188
2872.547808,0.8369089464613735
2872.788862,0.8360640951471806
2873.029916,0.8352869169825554
2873.27097,0.8356378111703093
2873.512024,0.834961218600245
2873.753078,0.8340682878994606
2873.994132,0.8334346368185676
2874.235186,0.8318110228149076
2874.47624,0.8312538960879163
2874.717294,0.8298668605784585
2874.958348,0.8290456989285708
2875.199402,0.8285069943222313
2875.440456,0.8277782288710559
2875.68151,0.8261243268666189
2875.922564,0.8257691697703142
2876.163618,0.8241769722375081
2876.404672,0.8231227005908411
2876.645726,0.8228428864437408
2876.88678,0.8210920963489965
2877.127834,0.8219300375646429
2877.368888,0.8211824214473842
2877.609942,0.821051042770527
2877.850996,0.8204026685882612
2878.09205,0.8200089698026064
2878.333104,0.820558559904499
2878.574158,0.819877778862993
2878.815212,0.8207801406277248
2879.056266,0.8218560671899788
2879.29732,0.8216506288540434
2879.538374,0.821872504475695
2879.779428,0.8219464763297814
2880.020482,0.8222588753428399
2880.261536,0.8230157015948497
2880.50259,0.8232708760123354
2880.743644,0.8235755425963023
2880.984698,0.824836577622273
2881.225752,0.8256122885322474
2881.466806,0.825018061631859
2881.70786,0.8267110834126193
2881.948914,0.8274140865675342
2882.189968,0.828341309492402
2882.431022,0.8294437363854039
2882.672076,0.8300494513720366
2882.91313,0.8311125949365196
2883.154184,0.8328347798544791
2883.395238,0.8333596310765629
2883.636292,0.8338514583336718
2883.877346,0.8351282275443027
2884.1184,0.8354957648166925
2884.359454,0.8371935438819903
2884.600508,0.8379641163513466
2884.841562,0.8382239254957522
2885.082616,0.8391129139374128
2885.32367,0.84108714810175
2885.564724,0.840986223699563
2885.805778,0.8429901546438695
2886.046832,0.8437576248305686
2886.287886,0.8445849126077027
2886.52894,0.8452777562631174
2886.769994,0.846910717633543
2887.011048,0.8476732803811766
2887.252102,0.8490900774556949
2887.493156,0.8497526260764813
2887.73421,0.8505432636081994
2887.975264,0.8509175849888517
2888.216318,0.852101182841925
2888.457372,0.8537814767181707
2888.698426,0.8540120288400205
2888.93948,0.8557046477969125
2889.180534,0.8555420793583217
2889.421588,0.8568949042939744
2889.662642,0.8580439131297183
2889.903696,0.8589796909012654
2890.14475,0.8601745028735641
2890.385804,0.8604067813455226
2890.626858,0.861793151992392
2890.867912,0.8628106681281974
2891.108966,0.8639244121004965
2891.35002,0.8637861952522031
2891.591074,0.8645553071700133
2891.832128,0.8657319022910943
2892.073182,0.8658098216686199
2892.314236,0.8674824481898361
2892.55529,0.8684979966342095
2892.796344,0.869219149208334
2893.037398,0.8697321398237174
2893.278452,0.8708025685344034
2893.519506,0.8705848951025825
2893.76056,0.8714646300379937
2894.001614,0.8722667464145859
2894.242668,0.8727728078711422
2894.483722,0.8738207638884432
2894.724776,0.8733315612501888
2894.96583,0.8739780657826889
2895.206884,0.8744588859322898
2895.447938,0.8755876658016246
2895.688992,0.8760343294007198
2895.930046,0.8761745061072614
2896.1711,0.8762095537884547
2896.412154,0.8771388283439737
2896.653208,0.8767968108986566
2896.894262,0.8768669574493531
2897.135316,0.8776126112211434
2897.37637,0.8772353189219761
2897.617424,0.8781920267306348
2897.858478,0.8781656813650153
2898.099532,0.8784818779222721
2898.340586,0.8785433738060574
2898.58164,0.8784291705908325
2898.822694,0.8785697305026201
2899.063748,0.8792904531375281
2899.304802,0.8784643084604088
2899.545856,0.8784994477355281
2899.78691,0.8786312325363014
2900.027964,0.877849598618032
2900.269018,0.8787630371062775
2900.510072,0.8780339663916805
2900.751126,0.8767617397276487
2900.99218,0.8768494202855762
2901.233234,0.8780778691875608
2901.474288,0.8770949724989618
2901.715342,0.876454926814136
2901.956396,0.8766039368171857
2902.19745,0.876577639093549
2902.438504,0.875403811697163
2902.679558,0.8758854162227004
2902.920612,0.8759905287792744
2903.161666,0.8731569124034056
2903.40272,0.872921191860762
2903.643774,0.8730346789922077
2903.884828,0.8728775468923022
2904.125882,0.8708809442924277
2904.366936,0.8708374013337961
2904.60799,0.86992350194354
2904.849044,0.8701932200332864
2905.090098,0.868993181606601
2905.331152,0.8674304008043818
2905.572206,0.8667367339874607
2905.81326,0.8667280666634576
2906.054314,0.8660869251457456
2906.295368,0.8656539899259971
2906.536422,0.8643046224819706
2906.777476,0.8633457766089246
2907.01853,0.8632076523349038
2907.259584,0.8612417808327082
2907.500638,0.8611901078760624
2907.741692,0.860751012899782
2907.982746,0.8590655931653971
2908.2238,0.8590312312289138
2908.464854,0.8573663261204546
2908.705908,0.8564151774836135
2908.946962,0.8552084830028897
2909.188016,0.8548066294588585
2909.42907,0.8534058955023416
2909.670124,0.8529025345300837
2909.911178,0.8519733772501578
2910.152232,0.8513686908413871
2910.393286,0.851189922187676
2910.63434,0.8494807487388308
2910.875394,0.8497271338800838
2911.116448,0.8482074828039111
2911.357502,0.8476224215101351
2911.598556,0.8457089578658741
2911.83961,0.8453876495143382
2912.080664,0.8442640313122193
2912.321718,0.842964865318572
2912.562772,0.841482551973989
2912.803826,0.8402716891296316
2913.04488,0.8398264631297048
2913.285934,0.8381987791551844
2913.526988,0.8371768001785502
2913.768042,0.8361226216822457
2914.009096,0.8342935167417189
2914.25015,0.8336847047179226
2914.491204,0.8316945774230811
2914.732258,0.8297921759218664
2914.973312,0.8289545089172313
2915.214366,0.8280265995934628
2915.45542,0.8254636916944282
2915.696474,0.8235508357006296
2915.937528,0.8217163635337038
2916.178582,0.8217903213344729
2916.419636,0.8188126302470798
2916.66069,0.8174054830165818
2916.901744,0.8149976900824121
2917.142798,0.8127920363529704
2917.383852,0.8100575374091333
2917.624906,0.8083986204283165
2917.86596,0.8065737024801757
2918.107014,0.8043506283148858
2918.348068,0.8020775339823172
2918.589122,0.7996189318382889
2918.830176,0.7970961241491408
2919.07123,0.7952012911193954
2919.312284,0.7928906190207249
2919.553338,0.7902388795904794
2919.794392,0.7865570677448047
2920.035446,0.7846637475787225
2920.2765,0.7821020877206387
2920.517554,0.7795877692234133
2920.758608,0.7760719841664914
2920.999662,0.7728038609832277
2921.240716,0.7697111225854667
2921.48177,0.7662015681950887
2921.722824,0.7623343804960572
2921.963878,0.7589647085246641
2922.204932,0.7555419293504599
2922.445986,0.7507969774878372
2922.68704,0.7473587162072741
2922.928094,0.7438543719011309
2923.169148,0.7398853775382545
2923.410202,0.7373666652459601
2923.651256,0.7336230046187454
2923.89231,0.7300735474376814
2924.133364,0.7278283802439309
2924.374418,0.7254377596002466
2924.615472,0.7226068360224236
2924.856526,0.7194559338845472
2925.09758,0.7165050382407306
2925.338634,0.713837452588155
2925.579688,0.7112722578797226
2925.820742,0.7092976669559032
2926.061796,0.706685181564704
2926.30285,0.7040119137689697
2926.543904,0.7018047833679163
2926.784958,0.6988563959402642
2927.026012,0.6973554687638768
2927.267066,0.694335504093013
2927.50812,0.6925395019641492
2927.749174,0.6909899496262872
2927.990228,0.6895266026289688
2928.231282,0.688080116105881
2928.472336,0.6856486187843375
2928.71339,0.6846209168253243
2928.954444,0.6828568714569561
2929.195498,0.6808998818592411
2929.436552,0.6792608889237338
2929.677606,0.6778088248841153
2929.91866,0.6752245343106361
2930.159714,0.6730672692657798
2930.400768,0.67196434359044
2930.641822,0.6710578037786467
2930.882876,0.6689740559163387
2931.12393,0.6683521992525056
2931.364984,0.6667967514286595
2931.606038,0.665950457065015
2931.847092,0.6651251902694119
2932.088146,0.663769717933123
2932.3292,0.6620262971781739
2932.570254,0.6606375007007836
2932.811308,0.6596934642217357
2933.052362,0.6588430083148865
2933.293416,0.6577897023710431
2933.53447,0.6562391490460343
2933.775524,0.654620238525451
2934.016578,0.6538678579528946
2934.257632,0.652594057988487
2934.498686,0.6517788250427426
2934.73974,0.650834430597869
2934.980794,0.6500603982660372
2935.221848,0.6487486016222047
2935.462902,0.6476725722949457
2935.703956,0.6472711397570687
2935.94501,0.6465659985864863
2936.186064,0.6467017917039678
2936.427118,0.6459003784611532
2936.668172,0.6455775089960153
2936.909226,0.6456549829454389
2937.15028,0.6457970426676833
2937.391334,0.6460166509934901
2937.632388,0.6469281769461706
2937.873442,0.6469864031022334
2938.114496,0.6474718249149858
2938.35555,0.6476401894759082
2938.596604,0.6488199678934561
2938.837658,0.6493716993188025
2939.078712,0.6500603982660372
2939.319766,0.6512120240591344
2939.56082,0.6530053217795114
2939.801874,0.6548166540578654
2940.042928,0.6559898255438624
2940.283982,0.6568234618693222
2940.525036,0.6583161446817872
2940.76609,0.6609546828187384
2941.007144,0.6625428791307436
2941.248198,0.6646996463362232
2941.489252,0.6672503274179895
2941.730306,0.6691480117841598
2941.97136,0.6699112754952476
2942.212414,0.6722735182932215
2942.453468,0.6734779655496634
2942.694522,0.6749072533463774
2942.935576,0.6757919612053881
2943.17663,0.6770907281882248
2943.417684,0.6778223811961758
2943.658738,0.6792608889237338
2943.899792,0.6800628898601574
2944.140846,0.6804234187234927
2944.3819,0.6829797967567633
2944.622954,0.6834990586968419
2944.864008,0.6857103299369882
2945.105062,0.6875780009154663
2945.346116,0.6881214021514164
2945.58717,0.6897748768926014
2945.828224,0.6916397855539723
2946.069278,0.6924910258956938
2946.310332,0.6945021646124577
2946.551386,0.6957116503263012
2946.79244,0.6972857367036616
2947.033494,0.6998844702918142
2947.274548,0.701271614362442
2947.515602,0.7034489294617032
2947.756656,0.705703571539344
2947.99771,0.7072578284524514
2948.238764,0.7108242974796006
2948.479818,0.7140516359498293
2948.720872,0.7178748706372686
2948.961926,0.7224840033013769
2949.20298,0.7268246697986903
2949.444034,0.7324428218833405
2949.685088,0.7375657811250105
2949.926142,0.7417744928493344
2950.167196,0.7462012074981453
2950.40825,0.7519465760820603
2950.649304,0.7556854959554321
2950.890358,0.7608492769006875
2951.131412,0.7640974084282904
2951.372466,0.7686727136537136
2951.61352,0.7719928427882601
2951.854574,0.7761340724087213
2952.095628,0.778933190458836
2952.336682,0.7822428787672424
2952.577736,0.7853545555875355
2952.81879,0.7881081124456716
2953.059844,0.7900334441895454
2953.300898,0.7918209388815985
2953.541952,0.7946686846974207
2953.783006,0.7957740422146529
2954.02406,0.798276699823386
2954.265114,0.7984842787494312
2954.506168,0.8016365126306161
2954.747222,0.80232621656166
2954.988276,0.8035065033982904
2955.22933,0.8043747591956967
2955.470384,0.8050024162623031
2955.711438,0.8056305630924044
2955.952492,0.806533374803252
2956.193546,0.8069206037506702
2956.4346,0.806985159981185
2956.675654,0.8090860513724427
2956.916708,0.8091345979919091
2957.157762,0.8104626674519084
2957.398816,0.814525128478277
2957.63987,0.8189108936583963
2957.880924,0.823509659188266
2958.121978,0.8261738958132844
2958.363032,0.8293027429350013
2958.604086,0.8315947800617518
2958.84514,0.8332929649727565
2959.086194,0.8339598660696054
2959.327248,0.8362480494823479
2959.568302,0.8379808758012676
2959.809356,0.8388360523604862
2960.05041,0.8394822048575898
2960.291464,0.8393143252051432
2960.532518,0.8403137037644451
2960.773572,0.8411039700129306
2961.014626,0.8416424488485862
2961.25568,0.8418107941723271
2961.496734,0.8434201892722472
2961.737788,0.8435720185705431
2961.978842,0.8435635828925359
2962.219896,0.8439517114033799
2962.46095,0.8441374012050179
2962.702004,0.8448045332344251
2962.943058,0.8454891021193145
2963.184112,0.8457597019256525
2963.425166,0.846546624310635
2963.66622,0.8478428319918487
2963.907274,0.8481650734900126
2964.148328,0.8494382757632272
2964.389382,0.8519733772501578
2964.630436,0.852970769462207
2964.87149,0.8546869649074484
2965.112544,0.856149729925091
2965.353598,0.8571091548002453
2965.594652,0.8585846511095687
2965.835706,0.8609403989543221
2966.07676,0.861138438019701
2966.317814,0.8612934568898244
2966.558868,0.8623276294175081
2966.799922,0.8630954426338888
2967.040976,0.8628710669889018
2967.28203,0.8645725984490689
2967.523084,0.8658531132419837
2967.764138,0.8656886167781266
2968.005192,0.866589401266319
2968.246246,0.8677080229498135
2968.4873,0.867829510576962
2968.728354,0.8694277868396583
2968.969408,0.8702367307820478
2969.210462,0.8719963856312839
2969.451516,0.8721969678660518
2969.69257,0.8743976759526488
2969.933624,0.8745550817004126
2970.174678,0.8759029341062031
2970.415732,0.8771826863818328
2970.656786,0.8785082327739305
2970.89784,0.88018778696218
2971.138894,0.8810507937976831
2971.379948,0.8811565262367583
2971.621002,0.8824263056563034
2971.862056,0.8827528637989271
2972.10311,0.8834946877269487
2972.344164,0.8846705174150411
2972.585218,0.883865833430936
2972.826272,0.8858301952159708
2973.067326,0.885644190406164
2973.30838,0.8852811507163195
2973.549434,0.8859010644663203
2973.790488,0.8859010644663203
2974.031542,0.8871333231673217
2974.272596,0.8853696832579445
2974.51365,0.8864682226188286
2974.754704,0.8854582246532663
2974.995758,0.8863086726986807
2975.236812,0.8849094107038858
2975.477866,0.885484788798466
2975.71892,0.8847147520467684
2975.959974,0.8854316613049789
2976.201028,0.8850510075370431
2976.442082,0.8846882110023246
2976.683136,0.8838393178536688
2976.92419,0.883459348646226
2977.165244,0.8832296790739163
2977.406298,0.8827970025455766
2977.647352,0.8821880827153205
2977.888406,0.8808834100488212
2978.12946,0.8806720233978222
2978.370514,0.8805399325013775
2978.611568,0.8792728675043222
2978.852622,0.879782993689768
2979.093676,0.87843795492646
2979.33473,0.8780076257678001
2979.575784,0.8787454620212867
2979.816838,0.8780603078057915
2980.057892,0.8770862015930915
2980.298946,0.8775511804884587
2980.54,0.876875726162771
2980.781054,0.8759116931793395
2981.022108,0.8764636914072269
2981.263162,0.8754563375016232
2981.504216,0.8767880429743873
2981.74527,0.8752987695424146
2981.986324,0.875036219296058
2982.227378,0.8753863037960086
2982.468432,0.8749662191985556
2982.709486,0.8752375007729786
2982.95054,0.8747475049841719
2983.191594,0.8735237153298376
2983.432648,0.8738295021397733
2983.673702,0.8737071745726032
2983.914756,0.8727553525895382
2984.15581,0.872013825733397
2984.396864,0.8712380786871357
2984.637918,0.8688020241347404
2984.878972,0.8700365993499648
2985.120026,0.8685414226196818
2985.36108,0.8666587311915803
2985.602134,0.8670921689075751
2985.843188,0.8657578746377462
2986.084242,0.8650395937296091
2986.325296,0.8626898830898094
2986.56635,0.8619224306608487
2986.807404,0.8617759163017097
2987.048458,0.8599508865741957
2987.289512,0.8596929400021438
2987.530566,0.858009592059619
2987.77162,0.8581554660892103
2988.012674,0.8567149752572828
2988.253728,0.8573148856841158
2988.494782,0.8577007641988279
2988.735836,0.857229158481979
2988.97689,0.8574520670400412
2989.217944,0.8569206115267097
2989.458998,0.8577608053537377
2989.700052,0.8577693830046794
2989.941106,0.8571091548002453
2990.18216,0.8578208507116755
2990.423214,0.8571691545410477
2990.664268,0.8571177259346489
2990.905322,0.8571091548002453
2991.146376,0.8568606291833094
2991.38743,0.8552341396422274
2991.628484,0.8558843646425581
2991.869538,0.8547467950890238
2992.110592,0.8542511856884919
2992.351646,0.8533888275551116
2992.5927,0.8523994704532066
2992.833754,0.8512665327280955
2993.074808,0.8504837276635292
2993.315862,0.8482583767796834
2993.556916,0.8459542490291547
2993.79797,0.8455060120704558
2994.039024,0.8429732950093736
2994.280078,0.84108714810175
2994.521132,0.8402464813570761
2994.762186,0.8393898668937366
2995.00324,0.8398432598269338
2995.244294,0.8391716538972631
2995.485348,0.8389283294013901
2995.726402,0.8383915870464476
2995.967456,0.8385341257316904
2996.20851,0.8377127648210558
2996.449564,0.8374531141119006
2996.690618,0.8368419964236938
2996.931672,0.8363651324048887
2997.172726,0.8358968990483184
2997.41378,0.835069770614391
2997.654834,0.8341016512982402
2997.895888,0.8330430145776986
2998.136942,0.831137528688372
2998.377996,0.8298585619513459
2998.61905,0.8285484207075984
2998.860104,0.8268599048011567
2999.101158,0.8249520628269159
2999.342212,0.8229745518385225
2999.583266,0.8201729879978397
2999.82432,0.8190419298840002
3000.065374,0.8182887578207797
3000.306428,0.8158538870817601
3000.547482,0.8145821472329036
3000.788536,0.813792385646381
3001.02959,0.8125157340346663
3001.270644,0.8115412999312188
3001.511698,0.8106490953038035
3001.752752,0.8104464583606508
3001.993806,0.8089727872539239
3002.23486,0.8080834064370731
3002.475914,0.8051875881119899
3002.716968,0.8051875881119899
3002.958022,0.8039163962288108
3003.199076,0.8025187979624785
3003.44013,0.7999388433890688
3003.681184,0.7983645150901177
3003.922238,0.7952808152246463
3004.163292,0.7932950963693823
3004.404346,0.7908634149643475
3004.6454,0.7869032290045048
3004.886454,0.7843185714740997
3005.127508,0.7808595334935485
3005.368562,0.777050451171303
3005.609616,0.7733682137654491
3005.85067,0.7688802833070423
3006.091724,0.7652826777577838
3006.332778,0.7615495803256169
3006.573832,0.7568577167105599
3006.814886,0.7527515895238545
3007.05594,0.750601795648429
3007.296994,0.7472839840723224
3007.538048,0.7445390328190108
3007.779102,0.7424498148627405
3008.020156,0.7409663991432064
3008.26121,0.7385178549382425
3008.502264,0.7366885998718321
3008.743318,0.7343129344593102
3008.984372,0.7332562848040297
3009.225426,0.7307820623528763
3009.46648,0.7295480836731815
3009.707534,0.7276027884145955
3009.948588,0.7254450140141147
3010.189642,0.7236336666067485
3010.430696,0.7221589586404251
3010.67175,0.7204494684544872
3010.912804,0.7197365764204995
3011.153858,0.7187727752990641
3011.394912,0.717379707827344
3011.635966,0.7164835434120075
3011.87702,0.715373854151065
3012.118074,0.7143301703985369
3012.359128,0.713373609009467
3012.600182,0.7136233334718519
3012.841236,0.711414526557692
3013.08229,0.7119981257124218
3013.323344,0.7123185969696173
3013.564398,0.712204635111294
3013.805452,0.7122901047955857
3014.046506,0.7129884912517548
3014.28756,0.71358051735634
3014.528614,0.7143587441768245
3014.769668,0.7147303073218417
3015.010722,0.7160537822272085
3015.251776,0.7172649362560621
3015.49283,0.7179251236370477
3015.733884,0.7198805381314748
3015.974938,0.7191106779043468
3016.215992,0.7200749321187777
3016.457046,0.7203918348023877
3016.6981,0.7200749321187777
3016.939154,0.7193839918883185
3017.180208,0.7188446561705778
3017.421262,0.7186505943129414
3017.662316,0.7168992244030209
3017.90337,0.7169995973203775
3018.144424,0.7160179804331495
3018.385478,0.71495905761828
3018.626532,0.7136090611479062
3018.867586,0.7120622084274149
3019.10864,0.7096524044663685
3019.349694,0.7085603808375047
3019.590748,0.7068406694076838
3019.831802,0.704483759801965
3020.072856,0.7019521778483024
3020.31391,0.7001224714696209
3020.554964,0.696916273179691
3020.796018,0.6952734900215838
3021.037072,0.6921656315871754
3021.278126,0.6894507588741626
3021.51918,0.6883554032060729
3021.760234,0.686183633335539
3022.001288,0.6844771615276256
3022.242342,0.6833282052897335
3022.483396,0.6820447550850001
3022.72445,0.6815402286640362
3022.965504,0.6804302229917012
3023.206558,0.6792473038418065
3023.447612,0.678297022968252
3023.688666,0.6780800026460057
3023.92972,0.6786973362926216
3024.170774,0.6807432928948346
3024.411828,0.6814584487434898
3024.652882,0.6839024421278838
3024.893936,0.6845045411616757
3025.13499,0.6859092147695769
3025.376044,0.687035028796969
3025.617098,0.6894714427071849
3025.858152,0.6913424443791183
3026.099206,0.6929828691077585
3026.34026,0.694120293446118
3026.581314,0.6957116503263012
3026.822368,0.6972020674355136
3027.063422,0.6988214539940231
3027.304476,0.6999334639194916
3027.54553,0.7018188196039457
3027.786584,0.7027177228683976
3028.027638,0.7035685259451248
3028.268692,0.7045823944326003
3028.509746,0.705082825564677
3028.7508,0.7043569641371528
3028.991854,0.7061129983331293
3029.232908,0.7050616733971942
3029.473962,0.704843138153154
3029.715016,0.7042442760381792
3029.95607,0.7035192778720113
3030.197124,0.7026334018010186
3030.438178,0.7015521791173971
3030.679232,0.699968461467619
3030.920286,0.6986118390016458
3031.16134,0.6979973310064985
3031.402394,0.697292709595893
3031.643448,0.697006878184402
3031.884502,0.6952943485391606
3032.125556,0.6950162864158772
3032.36661,0.6941272346837586
3032.607664,0.6933849157540978
3032.848718,0.6930521708596992
3033.089772,0.6921102605515193
3033.330826,0.6910452310334841
3033.57188,0.6898645534554477
3033.812934,0.6884793183306767
3034.053988,0.6859366516869023
3034.295042,0.6839092811865003
3034.536096,0.6804778547744036
3034.77715,0.6779782982736274
3035.018204,0.6753393322390163
3035.259258,0.6719777830117055
3035.500312,0.6688670286298034
3035.741366,0.6657773324533529
3035.98242,0.6620726406409786
3036.223474,0.6594692065698614
3036.464528,0.6544893275692779
3036.705582,0.651355306464914
3036.946636,0.6477049567331646
3037.18769,0.6443649634290708
3037.428744,0.6408370926460052
3037.669798,0.6380108433087717
3037.910852,0.6346573703271433
3038.151906,0.6315677870744619
3038.39296,0.6278085598440902
3038.634014,0.6256338394634238
3038.875068,0.6241029127077963
3039.116122,0.6210460780766243
3039.357176,0.6193962906989223
3039.59823,0.616917484900465
3039.839284,0.6147927867892349
3040.080338,0.6131105602562394
3040.321392,0.612124246449893
3040.562446,0.6107118713618682
3040.8035,0.6099123626029577
3041.044554,0.6092661980263268
3041.285608,0.6076294743339601
3041.526662,0.6079880815025293
3041.767716,0.6070828538231863
3042.00877,0.6063729822400677
3042.249824,0.6062880959647322
3042.490878,0.6053853993777084
3042.731932,0.6045989096875799
3042.972986,0.6037591010053645
3043.21404,0.6025286878874012
3043.455094,0.6009641480819983
3043.696148,0.5986488977781793
3043.937202,0.5952939272701829
3044.178256,0.591999197306638
3044.41931,0.5870883261679954
3044.660364,0.5814850597260484
3044.901418,0.5747500662910057
3045.142472,0.5688605238203037
3045.383526,0.5625417080544542
3045.62458,0.5573677631092093
3045.865634,0.5537676968163935
3046.106688,0.5543550017916644
3046.347742,0.5574569490859946
3046.588796,0.5627836530033538
3046.82985,0.5671791862769602
3047.070904,0.5717348179973809
3047.311958,0.5757913059486154
3047.553012,0.579917167671556
3047.794066,0.5807296202904287
3048.03512,0.5813920295591041
3048.276174,0.582963909121406
3048.517228,0.5828181863602298
3048.758282,0.583523823189914
3048.999336,0.583412964195446
3049.24039,0.5834771431512853
3049.481444,0.5832904603363203
3049.722498,0.5833487922989035
3049.963552,0.5838331727866065
3050.204606,0.5848148368838423
3050.44566,0.585499470675665
3050.686714,0.5854643417613025
3050.927768,0.5868183276423801
3051.168822,0.5876345722764015
3051.409876,0.5875053068902145
3051.65093,0.5888757902483629
3051.891984,0.5890112472570789
3052.133038,0.5908281985672881
3052.374092,0.5913424427638311
3052.615146,0.5928937913430882
3052.8562,0.5940035400245269
3053.097254,0.5968795170161674
3053.338308,0.5995595360125321
3053.579362,0.6017218401543445
3053.820416,0.6044900916777509
3054.06147,0.6067915239781074
3054.302524,0.6087059308865443
3054.543578,0.609016450086962
3054.784632,0.6098940655065375
3055.025686,0.6110661869888573
3055.26674,0.6122221941649333
3055.507794,0.6132761224574
3055.748848,0.6147436053335762
3055.989902,0.6163132019122897
3056.230956,0.6185235573506375
3056.47201,0.620146213822661
3056.713064,0.6236225384328417
3056.954118,0.6270242894154215
3057.195172,0.6307725127907616
3057.436226,0.6333449883545266
3057.67728,0.6370290627751196
3057.918334,0.6417541452248093
3058.159388,0.6450483524224842
3058.400442,0.6489692136486755
3058.641496,0.6529857319137075
3058.88255,0.657375425369507
3059.123604,0.6609018085591114
3059.364658,0.6649655793778203
3059.605712,0.6692684692671292
3059.846766,0.6737204612638709
3060.08782,0.677612288824005
3060.328874,0.6824609293058345
3060.569928,0.6860464103316297
3060.810982,0.6903614347897508
3061.052036,0.6950232366134922
3061.29309,0.6990101612609361
3061.534144,0.7048572351568866
3061.775198,0.7088296849467631
3062.016252,0.7126035814014917
3062.257306,0.7165838581299515
3062.49836,0.7215020929073002
3062.739414,0.725619141711966
3062.980468,0.7285492871304011
3063.221522,0.732948381828563
3063.462576,0.7367475373172883
3063.70363,0.738739443531351
3063.944684,0.7431406143625409
3064.185738,0.7448667020754011
3064.426792,0.7479344040301218
3064.667846,0.7503841526874456
3064.9089,0.7525483740300092
3065.149954,0.7545301811877906
3065.391008,0.7564945121825991
3065.632062,0.7577968023920754
3065.873116,0.7591013344681645
3066.11417,0.7606286626010059
3066.355224,0.7610090720267376
3066.596278,0.7614429708472089
3066.837332,0.7625326132041215
3067.078386,0.7637918305845622
3067.31944,0.7651372878614874
3067.560494,0.7652826777577838
3067.801548,0.7659257852744427
3068.042602,0.7676357056281938
3068.283656,0.7691725133348878
3068.52471,0.7696341553216355
3068.765764,0.7714294936604736
3069.006818,0.7722167531781059
3069.247872,0.7729893561683956
3069.488926,0.7746143394516153
3069.72998,0.7757305876062093
3069.971034,0.7768950566210417
3070.212088,0.7790656203574365
3070.453142,0.7800478617211956
3070.694196,0.7818909486620097
3070.93525,0.7826184454778504
3071.176304,0.7840049067826306
3071.417358,0.7857551885636104
3071.658412,0.7879111100438864
3071.899466,0.7875172529613405
3072.14052,0.7905629439597677
3072.381574,0.791852612352619
3072.622628,0.7931285218900772
3072.863682,0.7960526118762751
3073.104736,0.7968968750252817
3073.34579,0.7985561455684769
3073.586844,0.8004749820005184
3073.827898,0.8010595420758468
3074.068952,0.8029201576930307
3074.310006,0.8047850949496097
3074.55106,0.8055741709267368
3074.792114,0.8078733320622515
3075.033168,0.8088352735690851
3075.274222,0.8113303266209555
3075.515276,0.8124913589282736
3075.75633,0.813019649987571
3075.997384,0.8154379076831114
3076.238438,0.8165394922607704
3076.479492,0.8175444537608733
3076.720546,0.81932045148615
3076.9616,0.8202878202542297
3077.202654,0.8215191752699939
3077.443708,0.8231638577547912
3077.684762,0.8242923650909326
3077.925816,0.8255297314313181
3078.16687,0.828018319368868
3078.407924,0.8280762826799161
3078.648978,0.8293276223904793
3078.890032,0.8299581509540007
3079.131086,0.8310876619326684
3079.37214,0.8331679804020877
3079.613194,0.8347525043859587
3079.854248,0.8348109391064571
3080.095302,0.8364487731000944
3080.336356,0.8374949878144401
3080.57741,0.8379892556519247
3080.818464,0.8388276640419043
3081.059518,0.8407844112243408
3081.300572,0.8418360488749709
3081.541626,0.841928655933642
3081.78268,0.843133475152057
3082.023734,0.8449650613454271
3082.264788,0.8450495620765278
3082.505842,0.8459627086139428
3082.746896,0.847300386180549
3082.98795,0.8483092738091857
3083.229004,0.8497526260764813
3083.470058,0.8493958049112191
3083.711112,0.8504837276635292
3083.952166,0.8518200358433934
3084.19322,0.852467665138594
3084.434274,0.8541315988937666
3084.675328,0.8533973614860567
3084.916382,0.8551486205042913
3085.157436,0.8555677460057003
3085.39849,0.85628672484118
3085.639544,0.857709341249355
3085.880598,0.8586705138677461
3086.121652,0.8588336767653654
3086.362706,0.8597187311772095
3086.60376,0.8599508865741957
3086.844814,0.8608629178051201
3087.085868,0.8618103880277918
3087.326922,0.8620000071704987
3087.567976,0.8629055825218875
3087.80903,0.8639157728995716
3088.050084,0.8642181963411014
3088.291138,0.8651347533186008
3088.532192,0.8667627364795157
3088.773246,0.8675952282386451
3089.0143,0.8688367769107567
3089.255354,0.8691061580635204
3089.496408,0.8696277782287595
3089.737462,0.8696016897867412
3089.978516,0.8709331987167023
3090.21957,0.870785152657192
3090.460624,0.8714123437287963
3090.701678,0.8719004713042492
3090.942732,0.8730608704254469
3091.183786,0.8733053616963466
3091.42484,0.8739081503340815
3091.665894,0.8746950217083868
3091.906948,0.8761745061072614
3092.148002,0.876095653950112
3092.389056,0.877919829395115
3092.63011,0.8780690884527727
3092.871164,0.8788333409613627
3093.112218,0.8798533791446438
3093.353272,0.8803638421245019
3093.594326,0.8814120986855809
3093.83538,0.8833975086562457
3094.076434,0.8826999002160226
3094.317488,0.8847324465187535
3094.558542,0.8852722979490762
3094.799596,0.8856087653470537
3095.04065,0.8876391333037212
3095.281704,0.8882162862947701
3095.522758,0.890119104436674
3095.763812,0.8888826983827862
3096.004866,0.8914641995756241
3096.24592,0.8925435241167713
3096.486974,0.8930792109212121
3096.728028,0.8941783741974831
3096.969082,0.8949119011692815
3097.210136,0.8964704033810302
3097.45119,0.8968470000302107
3097.692244,0.8989211112764645
3097.933298,0.8993706842159714
3098.174352,0.898957068840062
3098.415406,0.9012973983289964
3098.65646,0.9025239966885485
3098.897514,0.9035082841841715
3099.138568,0.9050862825432209
3099.379622,0.9046745619581998
3099.620676,0.9062183477897746
3099.86173,0.9076231677626762
3100.102784,0.909410219522883
3100.343838,0.9094211325109951
3100.584892,0.9109128959133426
3100.825946,0.9123377660155639
3101.067,0.9124527278165232
3101.308054,0.9136652699888643
3101.549108,0.9153296549110976
3101.790162,0.9170924444268731
3102.031216,0.9168347776538662
3102.27227,0.9170896931536667
3102.513324,0.9178034665567911
3102.754378,0.9198248568972966
3102.995432,0.921300518569744
3103.236486,0.9221337508027562
3103.47754,0.9213106529311872
3103.718594,0.9230221933211923
3103.959648,0.92435784885896
3104.200702,0.9250513772862553
3104.441756,0.924997725862279
3104.68281,0.9260241173691559
3104.923864,0.9270915118535429
3105.164918,0.9290711085376443
3105.405972,0.9279875149538149
3105.647026,0.929370317604668
3105.88808,0.9305318263425668
3106.129134,0.9310335181907725
3106.370188,0.9312672369343137
3106.611242,0.9310400354482102
3106.852296,0.9322847362105399
3107.09335,0.9329515581573684
3107.334404,0.9332230865662595
3107.575458,0.9338214743275371
3107.816512,0.9349576919206098
3108.057566,0.9349558220070959
3108.29862,0.9355525141460888
3108.539674,0.936143034071958
3108.780728,0.9373786214246225
3109.021782,0.9376664408394194
3109.262836,0.9376739422009516
3109.50389,0.9385811114487008
3109.744944,0.9387031349245433
3109.985998,0.9398255556836113
3110.227052,0.9397992409364603
3110.468106,0.9404893068024991
3110.70916,0.941673186854879
3110.950214,0.9418879128193117
3111.191268,0.9420499314735215
3111.432322,0.9426436099194243
3111.673376,0.9433970831362152
3111.91443,0.9449001674302067
3112.155484,0.9443513398827709
3112.396538,0.943823595002213
3112.637592,0.9461085218181708
3112.878646,0.9470854098001852
3113.1197,0.9463763084198623
3113.360754,0.9467738699514762
3113.601808,0.9476187690124328
3113.842862,0.9481657028173814
3114.083916,0.9480746832789188
3114.32497,0.9487452090829386
3114.566024,0.9500829332879256
3114.807078,0.9494247539006556
3115.048132,0.9507729439410524
3115.289186,0.9521192399365135
3115.53024,0.9498368936717098
3115.771294,0.9519745288103674
3116.012348,0.9514891455839175
3116.253402,0.9509555098720577
3116.494456,0.9528907689479283
3116.73551,0.954071178242477
3116.976564,0.953025136019006
3117.217618,0.9534302577840912
3117.458672,0.9516823174867558
3117.699726,0.9524992113124967
3117.94078,0.9538641672583025
3118.181834,0.9544843805144919
3118.422888,0.9535666080597667
3118.663942,0.9543784386281383
3118.904996,0.9549369133526657
3119.14605,0.9547020277640929
3119.387104,0.9558129921229358
3119.628158,0.9557699815060364
3119.869212,0.9567118787460562
3120.110266,0.9565291642270077
3120.35132,0.9567979866899428
3120.592374,0.9567817212624256
3120.833428,0.9571491959940233
3121.074482,0.9570429583295673
3121.315536,0.9579410857804039
3121.55659,0.957943959607972
3121.797644,0.956796073095883
3122.038698,0.9586300930895252
3122.279752,0.9583962158809911
3122.520806,0.9586003760172565
3122.76186,0.9578414650878486
3123.002914,0.9582965478573665
3123.243968,0.9590893868962
3123.485022,0.9601920139396728
3123.726076,0.9611844047716898
3123.96713,0.9604301710893958
3124.208184,0.9618507364214461
3124.449238,0.9617122398873912
3124.690292,0.9621133575186378
3124.931346,0.9614208852211663
3125.1724,0.9629526862605412
3125.413454,0.9637166105967123
3125.654508,0.9637956385988851
3125.895562,0.9636770990256707
3126.136616,0.9639074453776304
3126.37767,0.9641445957774964
3126.618724,0.9644927148082766
3126.859778,0.9648525376936964
3127.100832,0.9645804876389275
3127.341886,0.9659144594350402
3127.58294,0.966565705225877
3127.823994,0.9665927694445207
3128.065048,0.967156457328159
3128.306102,0.966987219756846
3128.547156,0.9673237898691243
3128.78821,0.9668789232529507
3129.029264,0.9670384714376506
3129.270318,0.9679663061573981
3129.511372,0.967708861361636
3129.752426,0.9686305588560482
3129.99348,0.9670916600162522
3130.234534,0.9682702953013295
3130.475588,0.9693582736284434
3130.716642,0.9689841735407847
3130.957696,0.9687758643375153
3131.19875,0.9686237784658676
3131.439804,0.9700865351199001
3131.680858,0.9701059370446211
3131.921912,0.9701883995538769
3132.162966,0.9712056899636763
3132.40402,0.971342639620685
3132.645074,0.9709765124648534
3132.886128,0.972139467239849
3133.127182,0.9723728087118432
3133.368236,0.9733962831597773
3133.60929,0.9733427478364384
3133.850344,0.973712688364865
3134.091398,0.9738314885595101
3134.332452,0.9747317246999859
3134.573506,0.975071965440462
3134.81456,0.9747161291171558
3135.055614,0.9760875438733463
3135.296668,0.9752094602807475
3135.537722,0.9777962147847239
3135.778776,0.9778812867559873
3136.01983,0.9781297001499888
3136.260884,0.977694529266125
3136.501938,0.9796949806487782
3136.742992,0.978846932053578
3136.984046,0.9803280680714984
3137.2251,0.9806879145002614
3137.466154,0.9807751996087816
3137.707208,0.9813177182867541
3137.948262,0.9824468828079402
3138.189316,0.9824026736929264
3138.43037,0.9830434090932164
3138.671424,0.9832970670132272
3138.912478,0.9823830258359317
3139.153532,0.9842956202162683
3139.394586,0.9840249761359754
3139.63564,0.9846263991124035
3139.876694,0.9849405450373314
3140.117748,0.9850853419397635
3140.358802,0.9860886694249004
3140.599856,0.9863046464921301
3140.84091,0.9864812108258886
3141.081964,0.9870219506786087
3141.323018,0.9868117373916239
3141.564072,0.9862553324926657
3141.805126,0.987477072695436
3142.04618,0.9872371449191766
3142.287234,0.9879630309511304
3142.528288,0.9877150833490875
3142.769342,0.9875945894591956
3143.010396,0.9897291095631572
3143.25145,0.9901340905750972
3143.492504,0.9886716544554908
3143.733558,0.9900963671848815
3143.974612,0.9896598309502674
3144.215666,0.9915507968597733
3144.45672,0.9903406540902168
3144.697774,0.9898953980214031
3144.938828,0.9899142062126428
3145.179882,0.9914823822151224
3145.420936,0.9908813295561317
3145.66199,0.9924823003304604
3145.903044,0.9905340865080213
3146.144098,0.9919819176884915
3146.385152,0.9921086018679931
3146.626206,0.9916049370112946
3146.86726,0.9928685503335839
3147.108314,0.9928345948098052
3147.349368,0.9932354830495767
3147.590422,0.9934155729673113
3147.831476,0.9933153423927163
3148.07253,0.9932903111614829
3148.313584,0.9927563625261266
3148.554638,0.9933107731526506
3148.795692,0.9937534910633925
3149.036746,0.9946379275080454
3149.2778,0.9938065589167143
3149.518854,0.9939554422903264
3149.759908,0.9949243249923145
3150.000962,0.9935985769700031
3150.242016,0.994528026089221
3150.48307,0.9951289024633764
3150.724124,0.9948134965957668
3150.965178,0.9944749197105807
3151.206232,0.9943174073586062
3151.447286,0.9948450326834531
3151.68834,0.9944848645095017
3151.929394,0.994740977335224
3152.170448,0.9956868285573884
3152.411502,0.9953940401177601
3152.652556,0.9956332620469641
3152.89361,0.995076361044432
3153.134664,0.9956444132019454
3153.375718,0.9968265460833838
3153.616772,0.9960480296699683
3153.857826,0.9959985273130374
3154.09888,0.9955612803642873
3154.339934,0.9953891626989133
3154.580988,0.9955309162082919
3154.822042,0.9958795126002943
3155.063096,0.9957636985476965
3155.30415,0.9946215161176358
3155.545204,0.9953191893003693
3155.786258,0.9965796627256851
3156.027312,0.9958315123646019
3156.268366,0.9969911357326439
3156.50942,0.9965325256224395
3156.750474,0.9957997458460361
3156.991528,0.9956161373021302
3157.232582,0.9954311690079061
3157.473636,0.9970726929431912
3157.71469,0.9955231510974295
3157.955744,0.9969794710045946
3158.196798,0.9965814565706925
3158.437852,0.9967209877415665
3158.678906,0.9958299190354567
3158.91996,0.9970555434403587
3159.161014,0.9966777309893768
3159.402068,0.9976807935247034
3159.643122,0.9962517423209444
3159.884176,0.9970512561107397
3160.12523,0.9969408886456402
3160.366284,0.9968047158210669
3160.607338,0.9962789403647614
3160.848392,0.996159394064839
3161.089446,0.9974461665952749
3161.3305,0.9955386813797225
3161.571554,0.9977490372248884
3161.812608,0.99786328603027
3162.053662,0.997530055345358
3162.294716,0.9977697906206973
3162.53577,0.9975236711734332
3162.776824,0.997297757647585
3163.017878,0.997023937280592
3163.258932,0.998186047204641
3163.499986,0.9975104041968321
3163.74104,0.9977513320503131
3163.982094,0.996959033134928
3164.223148,0.9979374300268373
3164.464202,0.9979152760618006
3164.705256,0.9980212602917814
3164.94631,0.9977537266563835
3165.187364,0.9968590431584856
3165.428418,0.9977827617122872
3165.669472,0.9983680331085575
3165.910526,0.9990990161299297
3166.15158,0.9976354998448517
3166.392634,0.9976411863834074
3166.633688,0.9982758879916641
3166.874742,0.9978917255391828
3167.115796,0.9981062953255992
3167.35685,0.9972690358857601
3167.597904,0.9975240701829815
3167.838958,0.9976320081267127
3168.080012,0.9982551240691394
3168.321066,0.9990197107976996
3168.56212,0.99716033948491
3168.803174,0.998980320227093
3169.044228,0.9965849446118946
3169.285282,0.9969738879351896
3169.526336,0.9994209377213118
3169.76739,0.9981417287280225
3170.008444,0.9981111860584286
3170.249498,0.9985010245876034
3170.490552,0.9983078333312025
3170.731606,0.997789746216065
3170.97266,0.9990237668259592
3171.213714,0.9975844222148581
3171.454768,0.9979053967494703
3171.695822,0.9993234889368673
3171.936876,0.9986284414473636
3172.17793,0.9983069348545569
3172.418984,0.9992606334662385
3172.660038,0.9973087279832559
3172.901092,0.9984207483323753
3173.142146,0.9982106028834358
3173.3832,0.9997504611400019
3173.624254,0.9985863002163208
3173.865308,0.9984765616121737
3174.106362,0.9981754664886184
3174.347416,0.9986714832607344
3174.58847,0.9989720287248449
3174.829524,0.999249751577192
3175.070578,0.9988008195921634
3175.311632,0.9984014789978821
3175.552686,0.9984736660343436
3175.79374,0.9987211184668771
3176.034794,0.9997103419589931
3176.275848,0.9988942118348145
3176.516902,0.9993218100748161
3176.757956,0.9988102083639947
3176.99901,0.9982755885089426
3177.240064,0.9996221114178828
3177.481118,0.9992775211136442
3177.722172,0.9978885322907703
3177.963226,0.999006493854356
3178.20428,0.9986568028978313
3178.445334,0.9984100652875225
3178.686388,0.9990833503801766
3178.927442,0.9991188684246122
3179.168496,0.999874027935147
3179.40955,0.9989851153441385
3179.650604,0.9992110913521903
3179.891658,0.9984660776633176
3180.132712,0.9992891427787947
3180.373766,0.9996770321653432
3180.61482,0.998726411702832
3180.855874,0.9994641036437734
3181.096928,0.9980702643387013
3181.337982,0.9983605453763882
3181.579036,0.9997607886156068
3181.82009,0.9991722727553475
3182.061144,0.9995556187666014
3182.302198,0.9983095304559618
3182.543252,0.9991481830022545
3182.784306,0.9994850326412296
3183.02536,0.9988504612264815
3183.266414,0.9998679087248208
3183.507468,0.9996565289996742
3183.748522,0.9989510505325135
3183.989576,0.9987623665008358
3184.23063,0.9991186985744189
3184.471684,0.9999329642469965
3184.712738,0.9996079268807613
3184.953792,0.9994611652236282
3185.194846,0.9996478020362692
3185.4359,0.9995715318187197
3185.676954,1.0004480003221825
3185.918008,0.99961793300619
3186.159062,1.000338157162247
3186.400116,0.9999387008788679
3186.64117,0.998985614836821
3186.882224,1.0000624909524782
3187.123278,0.9988985070891602
3187.364332,0.9999373719612175
3187.605386,0.9988252905120109
3187.84644,0.9988337805630629
3188.087494,0.9996434435813538
3188.328548,1.0007851680832052
3188.569602,0.9995764697142835
3188.810656,1.0006669323005126
3189.05171,0.9990756874402666
3189.292764,0.9984490040393694
3189.533818,0.9990459653806831
3189.774872,0.9998393829003077
3190.015926,0.9991708938985625
3190.25698,0.9998588599611926
3190.498034,0.9984288355731901
3190.739088,1.00044445874253
3190.980142,0.999701864451238
3191.221196,0.9986559041071132
3191.46225,1.0004177772446148
3191.703304,0.9996895981846148
3191.944358,0.9997215087858794
3192.185412,0.9994915592998022
3192.426466,0.999470580192149
3192.66752,1.0001530717142795
3192.908574,0.9993386088156365
3193.149628,0.9996233809387705
3193.390682,0.9993272563935223
3193.631736,0.9997470220043309
3193.87279,1.0007676344806553
3194.113844,0.9987382966178464
3194.354898,0.999340897303671
3194.595952,0.9994550385454636
3194.837006,0.9999556169849552
3195.07806,0.9995481421185357
3195.319114,0.9987719546655773
3195.560168,0.9999115869086678
3195.801222,0.9993970218644265
3196.042276,0.999902543749169
3196.28333,1.000666281867218
3196.524384,0.999651570715587
3196.765438,0.9995067117066961
3197.006492,1.0004304826310648
3197.247546,0.999511669272281
3197.4886,0.9999850061124095
3197.729654,1.0007148954160048
3197.970708,1.0000370826875458
3198.211762,0.999503543275442
3198.452816,0.9994101340393691
3198.69387,1.0001913883124065
3198.934924,0.9997002349385269
3199.175978,0.9994362489673615
3199.417032,0.9988401731197146
3199.658086,0.9995496914193567
3199.89914,0.9995697525829766
3200.140194,1.0002099820431436
3200.381248,0.9993752652280824
3200.622302,0.9983275001892371
3200.863356,0.9990967281958025
3201.10441,0.9994095943580424
3201.345464,1.0006554046838518
3201.586518,0.9999190932731258
3201.827572,0.9995949220662291
3202.068626,1.0003008952599
3202.30968,0.9986367300978254
3202.550734,0.9993004847749309
3202.791788,0.9986120640752186
3203.032842,0.9992851556230693
3203.273896,0.9998228756883635
3203.51495,0.9999492702867954
3203.756004,0.9991889790554122
3203.997058,0.9993262770532909
3204.238112,0.9985591390383486
3204.479166,0.9989353671241352
3204.72022,0.9983127250515706
3204.961274,0.9993066105056779
3205.202328,0.9983768187859058
3205.443382,1.0005295401569119
3205.684436,0.9986983478849617
3205.92549,0.9990191313664354
3206.166544,1.0002719569735945
3206.407598,0.9991803860671422
3206.648652,0.9990658266118948
3206.889706,0.9986332348753867
3207.13076,0.9985264866883709
3207.371814,0.9998786273662542
3207.612868,0.9997896621241135
3207.853922,0.9991859015580961
3208.094976,0.9988471650253982
3208.33603,0.9991646590916371
3208.577084,0.9988309838323928
3208.818138,0.9989959044416452
3209.059192,0.9999587988487908
3209.300246,0.9989726281082421
3209.5413,0.9992514902732724
3209.782354,0.99946743186478
3210.023408,0.9997547900688707
3210.264462,0.9983356865083025
3210.505516,0.9995331090275273
3210.74657,0.9988142036128186
3210.987624,0.9982297687110026
3211.228678,0.9976618377697066
3211.469732,0.999565584385799
3211.710786,0.9991094967335796
3211.95184,0.9993297147415967
3212.192894,0.9993882771787432
3212.433948,0.9996615672812769
3212.675002,0.9992928501483915
3212.916056,0.9983876013137742
3213.15711,0.9987530780540187
3213.398164,0.9992981664004955
3213.639218,0.9986384277817096
3213.880272,0.99908173186646
3214.121326,0.9983767189482289
3214.36238,0.9986026771659349
3214.603434,0.9988219943939908
3214.844488,0.9989351673370818
3215.085542,0.9993779635449412
3215.326596,0.998506216806431
3215.56765,0.9980163699995872
3215.808704,0.9979805418550233
3216.049758,0.9986355317344683
3216.290812,0.999026124524831
3216.531866,0.9980330370121354
3216.77292,0.9985847024795186
3217.013974,0.9990502612875705
3217.255028,0.9976914687663065
3217.496082,0.998507814417656
3217.737136,0.9982006208273173
3217.97819,0.9987660619284284
3218.219244,0.9978276629468344
3218.460298,0.9986575019578381
3218.701352,0.9976075664419255
3218.942406,0.9985769135492161
3219.18346,0.9995459231241233
3219.424514,0.9982899637809189
3219.665568,0.998026050805328
3219.906622,0.9985356731743061
3220.147676,0.9989677331543569
3220.38873,0.9970197497888492
3220.629784,0.9983028418045148
3220.870838,0.9989187849346736
3221.111892,0.9988502614564092
3221.352946,0.9992802191665936
3221.594,0.9990231474314157
3221.835054,0.9997503011799409
3222.076108,0.9980851356964312
3222.317162,0.9993505409898608
3222.558216,0.9982331626979859
3222.79927,0.9986684872507786
3223.040324,0.9989324702157711
3223.281378,0.9979093883790405
3223.522432,0.9976404880348213
3223.763486,0.9991234244170398
3224.00454,0.9989747259529638
3224.245594,0.9980973124093645
3224.486648,0.9982456406905069
3224.727702,0.9999763182804163
3224.968756,0.9995132584970985
3225.20981,0.999002527806448
3225.450864,0.9989946057478135
3225.691918,0.9983455700805226
3225.932972,0.998813104917799
3226.174026,0.9980244539649242
3226.41508,0.9989027024717003
3226.656134,0.9987897329645967
3226.897188,0.9981733703223398
3227.138242,0.9989817188005203
3227.379296,0.9989771234951831
3227.62035,0.9989640369805822
3227.861404,0.9990679945870908
3228.102458,0.9988425703390068
3228.343512,0.9992272587184421
3228.584566,0.9988199967519996
3228.82562,0.9983768187859058
3229.066674,0.9992680979710503
3229.307728,0.9982689000849059
3229.548782,0.9984487045047131
3229.789836,0.9978111989262244
3230.03089,0.9996400947814271
3230.271944,0.9991728223002486
3230.512998,0.9987507809245809
3230.754052,0.9987808437755303
3230.995106,0.9988318827806827
3231.23616,0.9986969497082533
3231.477214,0.9986348326898408
3231.718268,0.998159595624875
3231.959322,0.9984491038842749
3232.200376,0.9990603517461661
3232.44143,0.9996176231246787
3232.682484,0.999437298375974
3232.923538,0.9995591571997549
3233.164592,0.9983001463904807
3233.405646,0.9985091124786585
3233.6467,0.9982144959123784
3233.887754,0.9971623338075833
3234.128808,0.9985860006404756
3234.369862,0.998932170536075
3234.610916,0.9989601410284351
3234.85197,0.9986693860528216
3235.093024,0.9982201857512212
3235.334078,0.9990549768159324
3235.575132,0.9981565013349247
3235.816186,0.998914989050503
3236.05724,0.999657318728644
3236.298294,0.9988707380966539
3236.539348,0.9995322394341009
3236.780402,0.9990881859552946
3237.021456,0.9995137782441281
3237.26251,0.9982758879916641
3237.503564,0.9994047772154069
3237.744618,0.9988986069790159
3237.985672,0.9991759896831156
3238.226726,0.9988150026645012
3238.46778,0.9995737308785086
3238.708834,0.9992734440696753
3238.949888,0.9984529978433733
3239.190942,0.9986197534177159
3239.431996,0.9994710399487217
3239.67305,0.9987213182111208
3239.914104,0.9986920561051891
3240.155158,0.9994394671572645
3240.396212,0.999543704134637
3240.637266,0.9991792769775293
3240.87832,0.9989135905704972
3241.119374,0.9988812262944669
3241.360428,1.0004843772728031
3241.601482,0.99984100264142
3241.842536,0.9991226151273938
3242.08359,0.9992346130581302
3242.324644,0.9993081994044518
3242.565698,0.9995041929529562
3242.806752,0.9991883495665537
3243.047806,1.0001591326602588
3243.28886,0.9988556552623843
3243.529914,0.9993687992910337
3243.770968,0.9993168634440992
3244.012022,0.9998727780933933
3244.253076,0.9999324542813148
3244.49413,0.9990284722389822
3244.735184,1.0000684123400174
3244.976238,0.9995845863081709
3245.217292,0.9994903299259403
3245.458346,1.0004949324386618
3245.6994,0.9985582403355279
3245.940454,0.9991165204980301
3246.181508,0.9998130774721931
3246.422562,0.9979239579624686
3246.663616,1.0002395086776243
3246.90467,0.9984011794774834
3247.145724,0.9988413717286416
3247.386778,0.9992268790121559
3247.627832,0.999072210662924
3247.868886,0.9990753077915775
3248.10994,0.9995036432258013
3248.350994,0.9995964214597367
3248.592048,1.0000047637113465
3248.833102,0.9993064306305042
3249.074156,0.9980695656897608
3249.31521,0.9998074885327111
3249.556264,0.9994798053481782
3249.797318,1.0008979829454778
3250.038372,0.9990892050257639
3250.279426,1.0001124463216138
3250.52048,0.9996532701247016
3250.761534,0.9998714182673397
3251.002588,0.9992631615988392
3251.243642,1.000840332881998
3251.484696,0.9998850066122466
3251.72575,1.0004625469418609
3251.966804,1.000297344198025
3252.207858,1.000309817983681
3252.448912,0.9993776137627152
3252.689966,0.9999676705226088
3252.93102,0.9990087516115834
3253.172074,0.9991565459075449
3253.413128,0.9998693585343396
3253.654182,0.9993675900555181
3253.895236,0.9992258598012591
3254.13629,0.9994747479931583
3254.377344,0.9989788217577366
3254.618398,0.9998044591206103
3254.859452,1.0000545644885876
3255.100506,0.9995607165132564
3255.34156,0.9990861877809208
3255.582614,0.999549781378833
3255.823668,0.9985736182508387
3256.064722,0.9984102649695555
3256.305776,0.9998982151804263
3256.54683,0.999227728355364
3256.787884,0.9979900227152049
3257.028938,1.0006952215545555
3257.269992,0.999662956811821
3257.511046,1.0002971141296622
3257.7521,0.9996449930298922
3257.993154,0.99848744506601
3258.234208,0.9990895646979425
3258.475262,0.999218155799579
3258.716316,0.9998708883356284
3258.95737,0.9998559803718224
3259.198424,0.9997519507692987
3259.439478,0.9998555304367326
3259.680532,0.9999860320975521
3259.921586,1.0006638702643846
3260.16264,0.9995263921876033
3260.403694,0.9980541955367996
3260.644748,0.9993229692887882
3260.885802,1.0005968480429537
3261.126856,0.9997403837061439
3261.36791,0.9998117177273323
3261.608964,1.0002434696339215
3261.850018,1.0000180841635165
3262.091072,1.0005767762715025
3262.332126,0.9996203120997017
3262.57318,0.9997010047080042
3262.814234,0.9997548200615148
3263.055288,1.0003008752538822
3263.296342,1.000038766751411
3263.537396,1.0002669556263128
3263.77845,1.000600440192086
3264.019504,1.001069972012065
3264.260558,1.0005260683254311
3264.501612,0.9997804241103151
3264.742666,0.9992356622550247
3264.98372,1.001031431560051
3265.224774,0.9994631341640631
3265.465828,0.9993143251824896
3265.706882,1.0000814223146168
3265.947936,0.9986784739855847
3266.18899,0.9998929757275061
3266.430044,1.0001879876674675
3266.671098,0.9999597318107853
3266.912152,0.9987605687301941
3267.153206,0.9999006059399169
3267.39426,0.9995362175803303
3267.635314,0.9997605586706518
3267.876368,0.9996038884728943
3268.117422,1.0012270522132933
3268.358476,1.0012270522132933
3268.59953,0.9997001449655099
3268.840584,1.0001932986797826
3269.081638,0.999121675952577
3269.322692,1.0005242373644014
3269.563746,0.9992669987767471
3269.8048,1.0000451210179224
3270.045854,1.0003139392686209
3270.286908,1.0004695602088964
3270.527962,1.0005410363073737
3270.769016,0.9994785260148461
3271.01007,0.9996841598879929
3271.251124,0.9999140416946268
3271.492178,0.9993089089135252
3271.733232,1.0003856543455232
3271.974286,1.0006072843225038
3272.21534,1.0000514243221852
3272.456394,0.9993621535106156
3272.697448,0.9992066049044622
3272.938502,0.9995376669088966
3273.179556,0.9986763767629914
3273.42061,0.9998900960398828
3273.661664,0.9991797765672926
3273.902718,1.000169814416836
3274.143772,0.999886296464737
3274.384826,0.9993699585595133
3274.62588,1.000338277202833
3274.866934,1.000080931274759
3275.107988,1.0011186251949675
3275.349042,0.9996680451092209
3275.590096,0.9999399688019445
3275.83115,1.0001274481208218
3276.072204,1.0004187376461418
3276.313258,0.998889017598418
3276.554312,1.0001153766553743
3276.795366,0.9996883685671653
3277.03642,1.0004439185026681
3277.277474,0.9998838867416663
3277.518528,1.0011308389166986
3277.759582,0.9995625157241653
3278.000636,0.9983110279213806
3278.24169,0.9994447642004776
3278.482744,1.0002304665533364
3278.723798,0.9996514307643768
3278.964852,0.9992156777416255
3279.205906,1.0000819573583208
3279.44696,0.9999227459842451
3279.688014,0.9986662901825234
3279.929068,1.0002885116114715
3280.170122,1.0009590796230083
3280.411176,0.9998389229742973
3280.65223,1.0006410053561818
3280.893284,0.9986402253324974
3281.134338,1.0010395399474856
3281.375392,1.000820806677582
3281.616446,0.9989708299591298
3281.8575,1.0007997696453257
3282.098554,1.0008294437984129
3282.339608,1.0006062136732825
3282.580662,1.0004793748634229
3282.821716,0.9990826310404233
3283.06277,0.9992127400518512
3283.303824,0.9997283968908044
3283.544878,0.9992265892364031
3283.785932,0.9999786452280164
3284.026986,0.9998631193690085
3284.26804,0.9993164837037632
3284.509094,0.9994575471807587
3284.750148,0.9997878125149494
3284.991202,1.0005478300040747
3285.232256,0.999173591663618
3285.47331,1.0004570444129848
3285.714364,1.000437685756471
3285.955418,0.9995880948562264
3286.196472,0.9990734694947024
3286.437526,1.0003820429598296
3286.67858,1.000207381500571
3286.919634,0.9990783549759132
3287.160688,1.000697593205041
3287.401742,0.9998827968688236
3287.642796,1.0000230232650313
3287.88385,0.9998642592136143
3288.124904,0.9994632940781774
3288.365958,0.999465123097679
3288.607012,0.9989776229838697
3288.848066,1.0004534327695733
3289.08912,0.9987483839255831
3289.330174,1.0007865291519593
3289.571228,1.0006020211420306
3289.812282,1.001094498526828
3290.053336,0.9997566696096428
3290.29439,0.9998881862516232
3290.535444,1.0004064125632166
3290.776498,0.9997250378090341
3291.017552,0.999995005412473
3291.258606,0.9996734733214435
3291.49966,1.0001099860480218
3291.740714,1.0006272166181325
3291.981768,1.0005140620846489
3292.222822,1.000190178081559
3292.463876,0.9990518597692672
3292.70493,1.00098915889529
3292.945984,1.0005493708489193
3293.187038,0.999390116054865
3293.428092,0.9999155645648721
3293.669146,0.9997698164962888
3293.9102,1.000367297437191
3294.151254,1.0004696202370718
3294.392308,0.9994122527910991
3294.633362,0.9991226151273938
3294.874416,0.9989891112925917
3295.11547,0.9999616607349684
3295.356524,1.0007374818060806
3295.597578,1.0009857555379353
3295.838632,0.9996072171593852
3296.079686,1.0002738374866411
3296.32074,0.9993690091585036
3296.561794,0.9989731275946809
3296.802848,0.9997722459398947
3297.043902,1.0002130826988938
3297.284956,1.0008635726643402
3297.52601,1.0000873568153843
3297.767064,0.9994796454314221
3298.008118,1.0009879777287793
3298.249172,0.9992143887542325
3298.490226,1.0006916490789914
3298.73128,1.0010670689133556
3298.972334,1.0007840371966044
3299.213388,1.00100400367459
3299.454442,0.9992537685692675
3299.695496,1.0000364076627428
3299.93655,0.9998900060497782
3300.177604,0.9992904218697161
3300.418658,1.0000741657501433
3300.659712,1.0013083551507875
3300.900766,1.0004631272103064
3301.14182,1.0003041362400509
3301.382874,1.0014886068768833
3301.623928,1.0001398997850623
3301.864982,1.0011407501610643
3302.106036,1.000779853928072
3302.34709,1.0012377654000675
3302.588144,0.9997589290622693
3302.829198,0.9998554404497388
3303.070252,1.0001697143998596
3303.311306,1.0001883577370914
3303.55236,0.9999344461487476
3303.793414,1.0003475903955468
3304.034468,0.9993528494922768
3304.275522,1.0009529838007754
3304.516576,1.0000141921007069
3304.75763,0.9992166569734694
3304.998684,1.0001738251058332
3305.239738,1.0006223635879006
3305.480792,1.0006024714130413
3305.721846,0.9994748079616449
3305.9629,0.9991670371063556
3306.203954,0.9997698764824796
3306.445008,0.9994713997583607
3306.686062,1.0005369941297522
3306.927116,1.0005480801410636
3307.16817,1.0001521115677914
3307.409224,1.0001188870665072
3307.650278,0.9992471335462725
3307.891332,1.0005681513368645
3308.132386,1.0001902881024844
3308.37344,0.9999321802998599
3308.614494,1.0003061468533856
3308.855548,1.0005084592215892
3309.096602,0.9991259522025012
3309.337656,0.9992691971665627
3309.57871,0.9995068716277828
3309.819764,0.9999727693707603
3310.060818,1.000021247225719
3310.301872,1.0002054811083514
3310.542926,0.9997765249742644
3310.78398,1.0002576131765766
3311.025034,1.0005633986494333
3311.266088,1.0012910326660833
3311.507142,1.0008245797791355
3311.748196,1.0006504414453534
3311.98925,0.9995747404484867
3312.230304,0.9996091364070846
3312.471358,0.9994612851589751
3312.712412,0.9985944886575551
3312.953466,1.0002586934553823
3313.19452,1.0008253504143587
3313.435574,0.9996635366165042
3313.676628,1.001478992632406
3313.917682,0.999764667694992
3314.158736,1.000688166678112
3314.39979,1.0002000500073345
3314.640844,0.999223111933923
3314.881898,1.000464657920062
3315.122952,0.9998164168534486
3315.364006,0.9997052134580934
3315.60506,0.9998371732577132
3315.846114,0.9991683360243482
3316.087168,0.9996009796298112
3316.328222,0.9984248418658351
3316.569276,0.9993386188090226
3316.81033,1.0007619301213961
3317.051384,1.000481936093901
3317.292438,1.000142760189266
3317.533492,1.0010920959029146
3317.774546,0.9987511804249731
3318.0156,0.9998834267951842
3318.256654,1.0001882277126133
3318.497708,1.0008230785433918
3318.738762,0.9994916492540465
3318.979816,1.0007957664542535
3319.22087,0.9995114793650818
3319.461924,0.9998542506224727
3319.702978,1.000093643384268
3319.944032,0.9996162836379613
3320.185086,0.9998414125763151
3320.42614,0.9991902280424166
3320.667194,0.9996247504237404
3320.908248,0.9985882973909184
3321.149302,0.9996094462859649
3321.390356,0.999353239239964
3321.63141,0.9992466239303643
3321.872464,1.0006179308406484
3322.113518,0.9992215631392998
3322.354572,0.9992961378272768
3322.595626,0.9995521103325369
3322.83668,1.0001972294471704
3323.077734,0.9997965606965822
3323.318788,0.9987514800503722
3323.559842,0.9986548055862229
3323.800896,0.9986363306432133
3324.04195,0.9990996655445012
3324.283004,0.9990562556071211
3324.524058,0.999193845117589
3324.765112,0.9986768761013046
3325.006166,0.9987718547883868
3325.24722,0.9995303803058645
3325.488274,1.0001028352871857
3325.729328,0.9986253457039935
3325.970382,0.9986218505214001
3326.211436,0.9983216100743618
3326.45249,0.9986205523138383
3326.693544,0.9995631354531173
3326.934598,0.998798122833591
3327.175652,0.9968416979620383
3327.416706,0.9987864369639163
3327.65776,0.998059185820253
3327.898814,0.9970702999715998
3328.139868,0.9981372371003494
3328.380922,0.9986423224791726
3328.621976,0.9964900742410688
3328.86303,0.9974535477242178
3329.104084,0.9975661665869711
3329.345138,0.9977251913078585
3329.586192,0.9962808332965464
3329.827246,0.9959301045645593
3330.0683,0.9959759184030795
3330.309354,0.997711622337526
3330.550408,0.9959299053785583
3330.791462,0.9959073976170355
3331.032516,0.9956286821444925
3331.27357,0.9951346742277488
3331.514624,0.9954788513028834
3331.755678,0.9960179494736855
3331.996732,0.9957664866899558
3332.237786,0.9946420055319081
3332.47884,0.9956012031720768
3332.719894,0.9955458492840328
3332.960948,0.9947072561876691
3333.202002,0.9957915803215989
3333.443056,0.9949886986786078
3333.68411,0.9944818810593834
3333.925164,0.9943059727741705
3334.166218,0.9933420629348164
3334.407272,0.9939633939656713
3334.648326,0.9944726324208958
3334.88938,0.9945933687270172
3335.130434,0.9939956983009178
3335.371488,0.9943610588509324
3335.612542,0.9949430297454486
3335.853596,0.9948733861709199
3336.09465,0.9938264352466554
3336.335704,0.9932214785279977
3336.576758,0.9933586518857848
3336.817812,0.9928905922600657
3337.058866,0.993123948967586
3337.29992,0.9947408778611313
3337.540974,0.9931252400295589
3337.782028,0.9936666408036852
3338.023082,0.9919992775239492
3338.264136,0.9933221962922248
3338.50519,0.9921368773660703
3338.746244,0.9933997777852731
3338.987298,0.9927414712923733
3339.228352,0.9923219281491482
3339.469406,0.9933714662950469
3339.71046,0.9914759376005831
3339.951514,0.993834882807257
3340.192568,0.992048481908373
3340.433622,0.992381965441911
3340.674676,0.992570734443101
3340.91573,0.9943101488680259
3341.156784,0.9918886757706676
3341.397838,0.9918633829319206
3341.638892,0.9916014664000886
3341.879946,0.9923568584957896
3342.121,0.9909527746755583
3342.362054,0.9908222747887397
3342.603108,0.9915650752940526
3342.844162,0.99078819108873
3343.085216,0.9902936140263578
3343.32627,0.9887319652658735
3343.567324,0.9904769343400858
3343.808378,0.9870180025987021
3344.049432,0.985736698600446
3344.290486,0.9846382147000862
3344.53154,0.9822700582837194
3344.772594,0.9798223492750439
3345.013648,0.9764585276224663
3345.254702,0.9741509576778289
3345.495756,0.9760748548177549
3345.73681,0.9773201439607785
3345.977864,0.9818055544099776
3346.218918,0.983360983399843
3346.459972,0.9855937771412052
3346.701026,0.9875985398454542
3346.94208,0.9886499039183495
3347.183134,0.9889574218550287
3347.424188,0.989393648258919
3347.665242,0.9903464971173128
3347.906296,0.9897568223662023
3348.14735,0.9890602787753687
3348.388404,0.9915523833423175
3348.629458,0.9896806140249389
3348.870512,0.9900052825090597
3349.111566,0.9922538571997375
3349.35262,0.9918494969417617
3349.593674,0.991762614731326
3349.834728,0.9920858828411442
3350.075782,0.9911605001459991
3350.316836,0.9922205180302367
3350.55789,0.9920093959681839
3350.798944,0.9910130264358935
3351.039998,0.9922782669448632
3351.281052,0.9916712776006487
3351.522106,0.992458084057772
3351.76316,0.9937737638413918
3352.004214,0.9932862386795558
3352.245268,0.9930909777998048
3352.486322,0.9917542839603515
3352.727376,0.9920319148370607
3352.96843,0.9924373419005715
3353.209484,0.9931446061605587
3353.450538,0.9931094494637778
3353.691592,0.9932801796519799
3353.932646,0.991897007670538
3354.1737,0.9921114789871104
3354.414754,0.9919991783240264
3354.655808,0.9915773707772181
3354.896862,0.9947509247947346
3355.137916,0.9911011314101518
3355.37897,0.993490976070811
3355.620024,0.992041438389156
3355.861078,0.9936074200366897
3356.102132,0.9937500129322605
3356.343186,0.9930035896388939
3356.58424,0.99315433902539
3356.825294,0.9932576324478135
3357.066348,0.9942735589278067
3357.307402,0.9937233807887862
3357.548456,0.9927152632634787
3357.78951,0.9930617813542473
3358.030564,0.992972906302034
3358.271618,0.9922879913195286
3358.512672,0.9932642872962446
3358.753726,0.9931027956527567
3358.99478,0.9934309710280269
3359.235834,0.9939525598237233
3359.476888,0.9930271241028507
3359.717942,0.9937869811203456
3359.958996,0.9938815941444568
3360.20005,0.9932847487513152
3360.441104,0.9938307087095148
3360.682158,0.994793998442316
3360.923212,0.9938951110260518
3361.164266,0.9949791468329495
3361.40532,0.993675186373542
3361.646374,0.9936615731167397
3361.887428,0.9944127669703922
3362.128482,0.9941173708205961
3362.369536,0.9937701862622816
3362.61059,0.9942175829021789
3362.851644,0.994201277867521
3363.092698,0.9947442599858657
3363.333752,0.9940961963461066
3363.574806,0.993879308219419
3363.81586,0.9947413752316946
3364.056914,0.9955176757351557
3364.297968,0.9944927209709643
3364.539022,0.994155545660588
3364.780076,0.9957579231349937
3365.02113,0.9952839556247078
3365.262184,0.9947687309956534
3365.503238,0.9949876041916413
3365.744292,0.9954118578305463
3365.985346,0.9949091027665925
3366.2264,0.994433649857768
3366.467454,0.9946303682885214
3366.708508,0.9944298710170785
3366.949562,0.9956866294200426
3367.190616,0.9948212561713025
3367.43167,0.9958426657399991
3367.672724,0.9973720590982245
3367.913778,0.994263119110247
3368.154832,0.9948038469516506
3368.395886,0.994531407490258
3368.63694,0.995290723578617
3368.877994,0.9967770050351488
3369.119048,0.9961807121039742
3369.360102,0.9961460456183934
3369.601156,0.995145521254814
3369.84221,0.9950088971542049
3370.083264,0.9956280847674623
3370.324318,0.995618128536396
3370.565372,0.9944677595169356
3370.806426,0.9955345996794963
3371.04748,0.9939195611465182
3371.288534,0.9939588217445752
3371.529588,0.9935961923362799
3371.770642,0.9930076609619576
3372.011696,0.9935709553135061
3372.25275,0.9912771666025526
3372.493804,0.9912835107967203
3372.734858,0.9900830999824516
3372.975912,0.9932713394977197
3373.216966,0.9922458199760449
3373.45802,0.9927534835368499
3373.699074,0.9920768549006875
3373.940128,0.9931770825201657
3374.181182,0.9933399769186746
3374.422236,0.9933379902407075
3374.66329,0.9931914836922705
3374.904344,0.992921570929809
3375.145398,0.994648570190808
3375.386452,0.9952614624614844
3375.627506,0.9942296130077141
3375.86856,0.996870905851682
3376.109614,0.9944581132264528
3376.350668,0.9954198211572622
3376.591722,0.9963356302492801
3376.832776,0.9962864124848345
3377.07383,0.9955554065700608
3377.314884,0.9960671539757306
3377.555938,0.9959527124345313
3377.796992,0.9967669376382383
3378.038046,0.9964448346186455
3378.2791,0.9950815354549629
3378.520154,0.9955486368163133
3378.761208,0.995621613205944
3379.002262,0.9963561549746671
3379.243316,0.9974291104116568
3379.48437,0.9974207320423186
3379.725424,0.9959919537444499
3379.966478,0.9965281408889732
3380.207532,0.9965143888955179
3380.448586,0.9982850721720808
3380.68964,0.9966520170356287
3380.930694,0.9967977382124777
3381.171748,0.9978275631640732
3381.412802,0.9966988607812488
3381.653856,0.9973724580471278
3381.89491,0.9978934219565583
3382.135964,0.9973194989756814
3382.377018,0.9976363977172056
3382.618072,0.997389812478881
3382.859126,0.996765940871799
3383.10018,0.9985865997922557
3383.341234,0.9976363977172056
3383.582288,0.9975939990712802
3383.823342,0.9968679152434504
3384.064396,0.9970609275548304
3384.30545,0.9981626899244176
3384.546504,0.9975403299578423
3384.787558,0.9973897127399047
3385.028612,0.9977861541794443
3385.269666,0.997954295311916
3385.51072,0.9972532791594716
3385.751774,0.9983518596774262
3385.992828,0.9982888656625627
3386.233882,0.9980553932025529
3386.474936,0.997092435177959
3386.71599,0.9983643391536688
3386.957044,0.9964776181929913
3387.198098,0.9983416765403916
3387.439152,0.998827587812821
3387.680206,0.9988286865237719
3387.92126,0.9994221570155996
3388.162314,0.9981325458663595
3388.403368,0.9989674334640819
3388.644422,0.9979616802010254
3388.885476,0.9983756207344421
3389.12653,0.9990763368396745
3389.367584,0.997007486521346
3389.608638,0.9987022428161135
3389.849692,0.9995490417122684
3390.090746,0.999330264373091
3390.3318,0.9992178560341772
3390.572854,0.9983046387512472
3390.813908,0.9983799137588412
3391.054962,0.9984158560826945
3391.296016,0.9977769745890519
3391.53707,0.9998137473471793
3391.778124,0.9997896221325278
3392.019178,1.0000623199418068
3392.260232,0.9995286211339431
3392.501286,0.9996202221338776
3392.74234,0.99896563532432
3392.983394,1.0001176669222094
3393.224448,0.9995943622932295
3393.465502,0.9991660379398181
3393.706556,0.9985117086057259
3393.94761,0.9994932484419647
3394.188664,0.9988516598477541
3394.429718,0.9993981311957365
3394.670772,0.9998975652467976
3394.911826,0.9994387375667197
3395.15288,1.000314059306301
3395.393934,1.0003501012711498
3395.634988,0.9996856794090707
3395.876042,0.9991675966400531
3396.117096,0.9992753326982693
3396.35815,0.9991784476590735
3396.599204,0.9995262922349691
3396.840258,0.9998965453518013
3397.081312,1.000706029121309
3397.322366,0.999733305569284
3397.56342,1.0005553341409401
3397.804474,0.9998794972610384
3398.045528,0.9985037205440094
3398.286582,0.9982824766342674
3398.527636,0.9995566383138526
3398.76869,1.000559566498955
3399.009744,0.9997286468229348
3399.250798,0.9991237441365868
3399.491852,1.0002496011451834
3399.732906,1.000875272827892
3399.97396,1.0010376379741666
3400.215014,1.0006852246592268
3400.456068,0.9992683977515247
3400.697122,1.0000398617944601
3400.938176,0.9986125633813755
3401.17923,0.9995351580725012
3401.420284,1.0016374391418288
3401.661338,1.0002078415960722
3401.902392,0.9989831173759057
3402.143446,0.9994115631968826
3402.3845,1.000053608436881
3402.625554,0.9997539502751998
3402.866608,0.9994550085618129
3403.107662,0.9994475726442109
3403.348716,0.9987337024322486
3403.58977,1.0002185738837912
3403.830824,1.0007581572560313
3404.071878,0.9990389920641817
3404.312932,1.0007386326548464
3404.553986,0.9997808040269485
3404.79504,0.9998561503473536
3405.036094,1.0003421485194568
3405.277148,1.001379750981741
3405.518202,0.9995737108870343
3405.759256,0.999082161471697
3406.00031,0.999988888061738
3406.241364,0.9986546058552818
3406.482418,1.0001237676585848
3406.723472,1.000337496939281
3406.964526,1.000812319753126
3407.20558,1.0000099713497135
3407.446634,1.0011581701616707
3407.687688,1.001911023682727
3407.928742,1.000258063292604
3408.169796,1.0002872312429962
3408.41085,1.0002751178379725
3408.651904,0.9992113911155627
3408.892958,1.0005393153782711
3409.134012,0.9999482323399915
3409.375066,1.0010950991837073
3409.61612,1.0001405898818312
3409.857174,0.9991441164774251
3410.098228,0.9997114616352031
3410.339282,0.999829144597447
3410.580336,1.0017321985256198
3410.82139,1.000639974696477
3411.062444,1.0001746852556928
3411.303498,0.9998383530662737
3411.544552,1.0003434189547922
3411.785606,1.0008301043460637
3412.02666,1.0002649550944023
3412.267714,1.0005036167723653
3412.508768,1.0000256183281437
3412.749822,0.9993947432418143
3412.990876,0.9998976552375826
3413.23193,0.9999043795719246
3413.472984,1.0004269511176942
3413.714038,0.9993659311066956
3413.955092,1.000546419232629
3414.196146,1.0015074350396769
3414.4372,1.000680281286427
3414.678254,1.0005843106429946
3414.919308,1.0010308309413722
3415.160362,1.0009946443309108
3415.401416,1.0005697522471875
3415.64247,1.0004361851010677
3415.883524,1.0015508012504857
3416.124578,1.0001566422671189
3416.365632,0.9994368486292908
3416.606686,1.0007592781057952
3416.84774,0.9997448025684056
3417.088794,0.9996553594022195
3417.329848,1.0009881378868686
3417.570902,0.9994843929710133
3417.811956,1.0013784491889108
3418.05301,1.0012900313755515
3418.294064,1.000735160097816
3418.535118,1.0000086824376921
3418.776172,0.9999259747400048
3419.017226,1.0018798647344147
3419.25828,0.9995470326207138
3419.499334,1.0002445598998975
3419.740388,1.0010388392200529
3419.981442,1.0006013407328875
3420.222496,1.00102993001403
3420.46355,0.9995213745777087
3420.704604,1.000189647980905
3420.945658,1.0003654467594028
3421.186712,0.9998252452713868
3421.427766,1.0001354791764747
3421.66882,1.0014712812738513
3421.909874,1.0003068570710019
3422.150928,1.0002601038211343
3422.391982,0.9991784976179972
3422.633036,0.9998196762602803
3422.87409,1.0009046889844286
3423.115144,1.0011850015601702
3423.356198,1.0006266062357165
3423.597252,0.999558337561582
3423.838306,0.9993631428796373
3424.07936,1.001135744469828
3424.320414,1.0005136418688312
3424.561468,0.9990798535945696
3424.802522,0.9995448336196608
3425.043576,0.9990368840941323
3425.28463,1.001111116833435
3425.525684,1.0000394097765448
3425.766738,0.9995430644268711
3426.007792,1.0008018913430863
3426.248846,1.0002666755516045
3426.4899,0.9994675018275027
3426.730954,0.9997387041437101
3426.972008,1.0005017958574398
3427.213062,0.9998039792145852
3427.454116,0.9982897641229461
3427.69517,0.999771116197895
3427.936224,0.9986416234297916
3428.177278,0.9991863711755802
3428.418332,0.9979470102721507
3428.659386,0.9993915152020069
3428.90044,0.9995081709875605
3429.141494,0.9992355523391079
3429.382548,0.999567093730971
3429.623602,0.9998123876014076
3429.864656,1.0004391964185169
3430.10571,1.0005838103509643
3430.346764,1.000538054699528
3430.587818,1.0006763886477041
3430.828872,1.0020987994026005
3431.069926,1.0010813842747959
3431.31098,1.001069972012065
3431.552034,0.9995882947738653
3431.793088,1.0001284982551937
3432.034142,0.9998006098808525
3432.275196,1.0006407551959617
3432.51625,1.0010248247744051
3432.757304,1.000766743797857
3432.998358,1.0014973198656647
3433.239412,1.001209931377084
3433.480466,1.0010718740468187
3433.72152,1.0011488594339832
3433.962574,1.001470980832512
3434.203628,1.0000492052105368
3434.444682,1.0010407411956543
3434.685736,1.0007583574076828
3434.92679,1.000356423503768
3435.167844,1.00107107318964
3435.408898,1.0009468780061967
3435.649952,1.0010463470395012
3435.891006,1.0006282172458494
3436.13206,1.0001553820705436
3436.373114,1.001691729362282
3436.614168,1.0023257002549926
3436.855222,1.001040540987526
3437.096276,1.000776231111558
3437.33733,0.9999689644816117
3437.578384,1.0017191760916848
3437.819438,1.0007046981831753
3438.060492,1.0007667738208597
3438.301546,1.0010666684866083
3438.5426,1.0013097569834661
3438.783654,1.0003308847302796
3439.024708,1.0020608205778065
3439.265762,1.001438433554531
3439.506816,1.000600360144054
3439.74787,1.000646398825736
3439.988924,1.0015983760434375
3440.229978,1.0013766467093246
3440.471032,1.00242353201745
3440.712086,1.0024428789783153
3440.95314,1.0011482587448477
3441.194194,1.0015996781221728
3441.435248,1.0017840895974706
3441.676302,1.000671275204423
3441.917356,1.0011651782933904
3442.15841,1.0012805191654364
3442.399464,1.0017870949542473
3442.640518,1.0009098536659486
3442.881572,0.9997176598654797
3443.122626,1.0013217727726444
3443.36368,1.001822558845116
3443.604734,1.001744620081895
3443.845788,1.0026409812630626
3444.086842,1.0018199541098491
3444.327896,1.0016599762377507
3444.56895,1.0006643205632277
3444.810004,1.0019510007301087
3445.051058,1.0012865268665745
3445.292112,1.0009059701432506
3445.533166,1.0017961110786744
3445.77422,1.001946391766106
3446.015274,1.001748126194201
3446.256328,1.0035860144194817
3446.497382,1.001671896062391
3446.738436,1.001152263345892
3446.97949,1.0017595461879334
3447.220544,1.0021186411552614
3447.461598,1.0005576254152788
3447.702652,1.0004762333631179
3447.943706,1.001410694094115
3448.18476,1.0013684354544878
3448.425814,1.0014893079191536
3448.666868,1.0004374556558295
3448.907922,1.0013830555403718
3449.148976,1.0008823090057921
3449.39003,1.0008130403382558
3449.631084,1.0019486962454571
3449.872138,1.0014414378743381
3450.113192,1.0020391762978411
3450.354246,1.002436764095404
3450.5953,1.0013444029004286
3450.836354,1.0009970667408812
3451.077408,1.0001750353168937
3451.318462,0.999933395218197
3451.559516,1.0004807155066835
3451.80057,1.0007703765877305
3452.041624,1.0013702379192937
3452.282678,1.0005318513828192
3452.523732,1.000937288981037
3452.764786,1.0010686706219474
3453.00584,1.0006549643955704
3453.246894,1.0012266517225525
3453.487948,1.001512041984474
3453.729002,1.0007610294360643
3453.970056,1.0010602616804318
3454.21111,1.0006567555695598
3454.452164,1.0015014260130937
3454.693218,0.9994163803722266
3454.934272,1.0021255557977409
3455.175326,0.9999935801206075
3455.41638,1.0017345025123259
3455.657434,1.0016796089656852
3455.898488,1.001176091053308
3456.139542,1.000730846938571
3456.380596,1.0003990596031065
3456.62165,1.000339527626461
3456.862704,1.0016317298246973
3457.103758,1.0011742889379662
3457.344812,1.001294737449758
3457.585866,1.0030967851626367
3457.82692,1.0018781615400922
3458.067974,1.0016210124225262
3458.309028,1.0015006248122733
3458.550082,1.0009016662568324
3458.791136,1.0025898478769306
3459.03219,1.0025214735808954
3459.273244,1.001027427442333
3459.514298,1.0017006444583454
3459.755352,1.0008902860695834
3459.996406,1.0011857023899167
3460.23746,1.0012091304094592
3460.478514,1.0021892930099114
3460.719568,1.0021868877584945
3460.960622,1.0029106276752595
3461.201676,1.002817060478675
3461.44273,1.0025313985926125
3461.683784,1.0026309549033818
3461.924838,1.0020921855723501
3462.165892,1.0015956717314731
3462.406946,1.0011337422003412
3462.648,1.0005493108159589
3462.889054,1.001461266611112
3463.130108,1.0024409743386546
3463.371162,1.000973493537535
3463.612216,1.0024478912052408
3463.85327,1.002100302551927
3464.094324,1.002227677594894
3464.335378,1.003060774634442
3464.576432,1.0031116311049166
3464.817486,1.0014821973703099
3465.05854,1.001456459608569
3465.299594,1.0020399779295028
3465.540648,1.0026036837122985
3465.781702,1.0026985345071495
3466.022756,1.0014144994619827
3466.26381,1.0019937849512766
3466.504864,1.0029440251552262
3466.745918,1.002904209067782
3466.986972,1.0011464566796038
3467.228026,1.0012273525814541
3467.46908,1.0033025414128556
3467.710134,1.002988757456271
3467.951188,1.0021154343807406
3468.192242,1.0014465452386951
3468.433296,1.0026425854899161
3468.67435,1.0031211607106778
3468.915404,1.00197695159709
3469.156458,1.0030528504856229
3469.397512,1.0017082574121725
3469.638566,1.002888162728808
3469.87962,1.0027952995845693
3470.120674,1.0019837650635266
3470.361728,1.002908521565153
3470.602782,1.0035467749734541
3470.843836,1.003654963147034
3471.08489,1.001738309110668
3471.325944,1.0027874778117374
3471.566998,1.0019016057633687
3471.808052,1.0027407490040612
3472.049106,1.0028651968528417
3472.29016,1.0022420095531568
3472.531214,1.0033228083288872
3472.772268,1.0035776846901305
3473.013322,1.0029115302952307
3473.254376,1.0034308720144693
3473.49543,1.0021000019218813
3473.736484,1.0028315011483186
3473.977538,1.0023224928178838
3474.218592,1.0032313094611796
3474.459646,1.0030469324912632
3474.7007,1.0021034090676801
3474.941754,1.0022360963427444
3475.182808,1.0032956186492035
3475.423862,1.0029226626750016
3475.664916,1.0022385017122621
3475.90597,1.004101086533931
3476.147024,1.0047033260787892
3476.388078,1.0032047241837352
3476.629132,1.0031424271047078
3476.870186,1.0017124645956885
3477.11124,1.0028338076634238
3477.352294,1.003774304816874
3477.593348,1.003305651655555
3477.834402,1.0021182403078852
3478.075456,1.0025049321130488
3478.31651,1.0028764290059464
3478.557564,1.0034219415194492
3478.798618,1.0026447913060306
3479.039672,1.0019670320743708
3479.280726,1.0051193593687346
3479.52178,1.0025639813925344
3479.762834,1.0021824781458897
3480.003888,1.0018951936136107
3480.244942,1.0020278533191238
3480.485996,1.0032593000051797
3480.72705,1.0026417833761685
3480.968104,1.0035251989497351
3481.209158,1.0027604029153492
3481.450212,1.003233315925805
3481.691266,1.0034929863078645
3481.93232,1.0030885598027222
3482.173374,1.0027973051771741
3482.414428,1.003549584908358
3482.655482,1.0027649153473153
3482.896536,1.0032256913815771
3483.13759,1.003643019724036
3483.378644,1.0020668329607672
3483.619698,1.0026661478675318
3483.860752,1.003175330715933
3484.101806,1.0059433922851078
3484.34286,1.0019567118670896
3484.583914,1.0030198505896932
3484.824968,1.003695611996175
3485.066022,1.002155419584272
3485.307076,1.0044124061227997
3485.54813,1.0034008698799302
3485.789184,1.0020083139664935
3486.030238,1.0034267579563279
3486.271292,1.002466837649428
3486.512346,1.0028401255363133
3486.7534,1.0031351041917185
3486.994454,1.0025581665383054
3487.235508,1.0034579650137676
3487.476562,1.003985922744075
3487.717616,1.0025020248529612
3487.95867,1.0025369125304682
3488.199724,1.0022199604714874
3488.440778,1.0037045449268733
3488.681832,1.0030125285715092
3488.922886,1.0037089612365868
3489.16394,1.0028012160942905
3489.404994,1.0018765585363163
3489.646048,1.0032338175425883
3489.887102,1.0029128340810676
3490.128156,1.0024178182196017
3490.36921,1.0028843517610304
3490.610264,1.0044014580872398
3490.851318,1.0040318059491677
3491.092372,1.0037273292786446
3491.333426,1.0021598290778189
3491.57448,1.0044951731150173
3491.815534,1.0037159872239065
3492.056588,1.0019786549593555
3492.297642,1.003544466818526
3492.538696,1.003772799156546
3492.77975,1.001750830917793
3493.020804,1.0030267714505392
3493.261858,1.0030124282702615
3493.502912,1.0033985620605836
3493.743966,1.0035614268633273
3493.98502,1.0027894833886986
3494.226074,1.0036353920660712
3494.467128,1.0035566097800392
3494.708182,1.0037190987482898
3494.949236,1.0044201401281025
3495.19029,1.0027045507164052
3495.431344,1.0038663551410685
3495.672398,1.0039151442314935
3495.913452,1.0025708991078721
3496.154506,1.0029637833471392
3496.39556,1.0037971911319266
3496.636614,1.0025310978332382
3496.877668,1.002571099622072
3497.118722,1.0032581964205567
3497.359776,1.0031837574241032
3497.60083,1.0027238028285985
3497.841884,1.0031365085818476
3498.082938,1.0031919835646412
3498.323992,1.0025761124901023
3498.565046,1.0030745166611872
3498.8061,1.0037081582697391
3499.047154,1.0026932202189993
3499.288208,1.0036256568499842
3499.529262,1.0035106479398455
3499.770316,1.0042060205801822
3500.01137,1.0036181296857847
3500.252424,1.0021502083896392
3500.493478,1.0022611525583542
3500.734532,1.0022781911427754
3500.975586,1.0035564090687374
3501.21664,1.0015644224340066
3501.457694,1.0014813961848725
3501.698748,1.002226575145055
3501.939802,1.0037965888537927
3502.180856,1.002310064096031
3502.42191,1.0037678806818802
3502.662964,1.0029118311687348
3502.904018,1.0034629823161358
3503.145072,1.0032381314572787
3503.386126,1.0037541291561132
3503.62718,1.0027494728865263
3503.868234,1.0044988897540337
3504.109288,1.0035356356660752
3504.350342,1.0032007113728643
3504.591396,1.00338501627143
3504.83245,1.002358577077138
3505.073504,1.002633060430598
3505.314558,1.0025032278561128
3505.555612,1.0030989919779913
3505.796666,1.0028276903958546
3506.03772,1.0032319114001458
3506.278774,1.0025815264157274
3506.519828,1.0034380967427567
3506.760882,1.0027181875910254
3507.001936,1.0031493488113348
3507.24299,1.0043359732470014
3507.484044,1.0039825091977408
3507.725098,1.0032182675389292
3507.966152,1.002583030289145
3508.207206,1.0035013153342163
3508.44826,1.0031618882565663
3508.689314,1.0024386687270652
3508.930368,1.0033109691896
3509.171422,1.0027664194958166
3509.412476,1.0041770998632498
3509.65353,1.003688485782628
3509.894584,1.0034958964417446
3510.135638,1.0042326323923325
3510.376692,1.0029193530356757
3510.617746,1.003929299534822
3510.8588,1.0030165406296476
3511.099854,1.0033693635872674
3511.340908,1.0021618333994815
3511.581962,1.002773338607982
3511.823016,1.0021882908211195
3512.06407,1.0031600825667923
3512.305124,1.0036197354760767
3512.546178,1.0037375673496174
3512.787232,1.0026747708334822
3513.028286,1.0032341185127787
3513.26934,1.0034030773642721
3513.510394,1.0028472457264812
3513.751448,1.0049413684917476
3513.992502,1.0044432420569966
3514.233556,1.0032841811443447
3514.47461,1.0020235446086183
3514.715664,1.00361341269166
3514.956718,1.003304146698206
3515.197772,1.004017850004059
3515.438826,1.0048966495958527
3515.67988,1.00394315385475
3515.920934,1.0038706717756762
3516.161988,1.0036219434419236
3516.403042,1.0033172900686167
3516.644096,1.0043215109131158
3516.88515,1.0035932402647985
3517.126204,1.0034200350195714
3517.367258,1.0024449841105716
3517.608312,1.0034363908994424
3517.849366,1.0038817144138001
3518.09042,1.0045201853562291
3518.331474,1.0030753191211215
3518.572528,1.0036168249830641
3518.813582,1.0049656883671345
3519.054636,1.0032212771982463
3519.29569,1.0032963209563823
3519.536744,1.0049187575653307
3519.777798,1.0037088608656957
3520.018852,1.0030447257904391
3520.259906,1.0034193326257927
3520.50096,1.0030155376136085
3520.742014,1.003069100073422
3520.983068,1.003872378357269
3521.224122,1.0024733537050499
3521.465176,1.003966947589451
3521.70623,1.0024108013194333
3521.947284,1.0042391599256575
3522.188338,1.0038163638413762
3522.429392,1.0052462134362101
3522.670446,1.0035429615029547
3522.9115,1.004537262344534
3523.152554,1.003850694948078
3523.393608,1.0046078837963919
3523.634662,1.0022982369070552
3523.875716,1.0033208016852773
3524.11677,1.002253334951853
3524.357824,1.0027511775620792
3524.598878,1.0035983586033757
3524.839932,1.0032770578519463
3525.080986,1.0035165686701344
3525.32204,1.0037235151220403
3525.563094,1.0047442183363124
3525.804148,1.0041081152661373
3526.045202,1.0047668253355526
3526.286256,1.0042911808614723
3526.52731,1.0035105475887858
3526.768364,1.0031052112110213
3527.009418,1.0032100411828635
3527.250472,1.0037012327073402
3527.491526,1.0051011668729726
3527.73258,1.0034574632849105
3527.973634,1.0034490342776208
3528.214688,1.0032491671374208
3528.455742,1.0056891219366642
3528.696796,1.0022894167213794
3528.93785,1.003694608301065
3529.178904,1.0024225295944191
3529.419958,1.0047357785203257
3529.661012,1.0024281431763027
3529.902066,1.0027879792056018
3530.14312,1.0030811369748442
3530.384174,1.003323008993469
3530.625228,1.0044812107291499
3530.866282,1.003336052277367
3531.107336,1.0030814378992305
3531.34839,1.0034831521247864
3531.589444,1.0040579111154881
3531.830498,1.0029373054527686
3532.071552,1.0042081294150398
3532.312606,1.0013856591397008
3532.55366,1.0027104666907065
3532.794714,1.0032018148942536
3533.035768,1.0033606343117767
3533.276822,1.0042920847239418
3533.517876,1.0038884404438189
3533.75893,1.0032559892549524
3533.999984,1.0036202372860699
3534.241038,1.0047434145412593
3534.482092,1.0027334290233114
3534.723146,1.0034224432305454
3534.9642,1.003528610941212
3535.205254,1.0021942037494787
3535.446308,1.0027653164533616
3535.687362,1.0035256003598951
3535.928416,1.0043109655926141
3536.16947,1.0034527470459162
3536.410524,1.002499518601032
3536.651578,1.0018001182711331
3536.892632,1.0042908795741632
3537.133686,1.0022943279515537
3537.37474,1.0029729103590956
3537.615794,1.0032535814434675
3537.856848,1.0039008887376597
3538.097902,1.0030291787176795
3538.338956,1.0040074082727162
3538.58001,1.0023784239734477
3538.821064,1.0036320800747422
3539.062118,1.0034171251056894
3539.303172,1.0027670211558486
3539.544226,1.0020423828283356
3539.78528,1.0022786922819962
3540.026334,1.0042335362021084
3540.267388,1.0033092635624024
3540.508442,1.003648238681308
3540.749496,1.0046330997707342
3540.99055,1.0030155376136085
3541.231604,1.0033582262491438
3541.472658,1.0026519101093205
3541.713712,1.003050242551602
3541.954766,1.0030674951641458
3542.19582,1.0028241805050806
3542.436874,1.0031806475592755
3542.677928,1.0040565054353965
3542.918982,1.003323610987455
3543.160036,1.0022832025462596
3543.40109,1.0035093433768512
3543.642144,1.0027176862320568
3543.883198,1.003021656027049
3544.124252,1.0023185837677844
3544.365306,1.0039774892977447
3544.60636,1.002200417372804
3544.847414,1.0028009152539707
3545.088468,1.0023636891189167
3545.329522,1.0034750239441732
3545.570576,1.004325126477063
3545.81163,1.0028594805375113
3546.052684,1.0039556028270413
3546.293738,1.0026020795476878
3546.534792,1.0041540040555557
3546.775846,1.0032167627126565
3547.0169,1.00270094098652
3547.257954,1.0018268666913808
3547.499008,1.0016582734172386
3547.740062,1.003213452102802
3547.981116,1.0026545170076757
3548.22217,1.0020358695740155
3548.463224,1.002353364826089
3548.704278,1.0033067552923787
3548.945332,1.0033397646276283
3549.186386,1.0030300814443465
3549.42744,1.0025965652514146
3549.668494,1.0042332349320926
3549.909548,1.0032026174560265
3550.150602,1.0030636835149065
3550.391656,1.0033506007556015
3550.63271,1.003024263886745
3550.873764,1.0041123325290775
3551.114818,1.003812950871541
3551.355872,1.0018630332940717
3551.596926,1.0037357606236221
3551.83798,1.0027452613475845
3552.079034,1.003782937313015
3552.320088,1.0035673478932128
3552.561142,1.0013938705357726
3552.802196,1.0035574126256481
3553.04325,1.003079431738361
3553.284304,1.0031691110481635
3553.525358,1.002131568569114
3553.766412,1.00336545045438
3554.007466,1.0030238626771197
3554.24852,1.0032318110769596
3554.489574,1.0032644166406572
3554.730628,1.0022184571426742
3554.971682,1.0023816315895366
3555.212736,1.0012134356179763
3555.45379,1.0031415242769297
3555.694844,1.0023988727018731
3555.935898,1.0025056338667468
3556.176952,1.002291120614836
3556.418006,1.0022443147124296
3556.65906,1.0036784489479544
3556.900114,1.0037663750311885
3557.141168,1.0018161472012566
3557.382222,1.0036726276298324
3557.623276,1.0035863154953313
3557.86433,1.0024872881815108
3558.105384,1.003620739096314
3558.346438,1.003724619218514
3558.587492,1.0010156153883805
3558.828546,1.0034419098147693
3559.0696,1.0017301950632262
3559.310654,1.0025994727856697
3559.551708,1.0013296832458958
3559.792762,1.0025374137990497
3560.033816,1.001312660785972
3560.27487,1.0012522834529214
3560.515924,1.0038287108585853
3560.756978,1.0036237499630476
3560.998032,1.0022199604714874
3561.239086,1.0033687615658298
3561.48014,1.0041136378759583
3561.721194,1.002887661284852
3561.962248,1.0018632336666984
3562.203302,1.0014738851025677
3562.444356,1.002439470678321
3562.68541,1.001940981270199
3562.926464,1.003337657616335
3563.167518,1.0021846829497667
3563.408572,1.0024264390499078
3563.649626,1.002065430068183
3563.89068,1.0026679526682223
3564.131734,1.003057765456632
3564.372788,1.0035805950696361
3564.613842,1.0031065152486436
3564.854896,1.0017976137739681
3565.09595,1.0020348675386468
3565.337004,1.0024818747647708
3565.578058,1.0025421257359677
3565.819112,1.0023605817962968
3566.060166,1.0024661359228872
3566.30122,1.0020343665213383
3566.542274,1.004234841706554
3566.783328,1.0020608205778065
3567.024382,1.0030996941475316
3567.265436,1.002742854761845
3567.50649,1.00252819049727
3567.747544,1.0013898649683015
3567.988598,1.001708457753844
3568.229652,1.0027341309369573
3568.470706,1.0036189325806095
3568.71176,1.0027116699439884
3568.952814,1.0013646302616628
3569.193868,1.002938007509128
3569.434922,1.0041541044709612
3569.675976,1.0037453965331764
3569.91703,1.002328306305201
3570.158084,1.002363488646199
3570.399138,1.0019701381769848
3570.640192,1.0017086580955554
3570.881246,1.003755634788436
3571.1223,1.0033948494927722
3571.363354,1.0030159388199038
3571.604408,1.0030181454573965
3571.845462,1.0018029233153913
3572.086516,1.002842632639761
3572.32757,1.0025978686277965
3572.568624,1.0031313925986995
3572.809678,1.0030283762946575
3573.050732,1.0026278467522394
3573.291786,1.0019011048126911
3573.53284,1.0026350656987242
3573.773894,1.0026165171215835
3574.014948,1.003784342610111
3574.256002,1.0004255405166875
3574.497056,1.0019697373890095
3574.73811,1.0026567228500396
3574.979164,1.0028698100433577
3575.220218,1.0018143439338145
3575.461272,1.0020871751239484
3575.702326,1.0028282920926495
3575.94338,1.0030208536100453
3576.184434,1.0030556590375361
3576.425488,1.0022596491677531
3576.666542,1.0010736759778138
3576.907596,1.0027284153687004
3577.14865,1.0019405804938866
3577.389704,1.0022967334608275
3577.630758,1.003472615607006
3577.871812,1.0023914549776607
3578.112866,1.0029579661740657
3578.35392,1.0030054072078374
3578.594974,1.00319308707643
3578.836028,1.0022651616109828
3579.077082,1.001917135358612
3579.318136,1.00273453203069
3579.55919,1.002744960524051
3579.800244,1.0017223815981773
3580.041298,1.0021619336156697
3580.282352,1.0032297042923686
3580.523406,1.0032718408248098
3580.76446,1.0024632287753084
3581.005514,1.0028031214184112
3581.246568,1.0021045113820364
3581.487622,1.0026847976313245
3581.728676,1.0027165832432088
3581.96973,1.0031816507404248
3582.210784,1.0018054278258304
3582.451838,1.0034727159542725
3582.692892,1.0014888071746249
3582.933946,1.0019846668493209
3583.175,1.0016906275019857
3583.416054,1.0029725091700117
3583.657108,1.0034273600125634
3583.898162,1.0023866435102242
3584.139216,1.003366654493643
3584.38027,1.0025386168446682
3584.621324,1.004638926659611
3584.862378,1.001387762051793
3585.103432,1.0022958313941732
3585.344486,1.0031993068928513
3585.58554,1.0027580965690748
3585.826594,1.002738141881503
3586.067648,1.0005521623855582
3586.308702,1.0026044857955663
3586.549756,1.002948739003222
3586.79081,1.0011008054420354
3587.031864,1.001765055880589
3587.272918,1.0026014779866206
3587.513972,1.00189839968336
3587.755026,1.0022917219896887
3587.99608,1.0021502083896392
3588.237134,1.002993471514509
3588.478188,1.0018665398208246
3588.719242,1.0010038034738094
3588.960296,1.0014354292437369
3589.20135,1.0034444184226796
3589.442404,1.0036441237319649
3589.683458,1.001694033255909
3589.924512,1.0014115953641451
3590.165566,1.0014175037099875
3590.40662,1.0024688425851083
3590.647674,1.0025758117173138
3590.888728,1.002061321608342
3591.129782,1.0031420258478172
3591.370836,1.00304933980679
3591.61189,1.0030445251815139
3591.852944,1.0013487086906185
3592.093998,1.0032090379733238
3592.335052,1.0039930510694322
3592.576106,1.0040996807933937
3592.81716,1.0018670407542196
3593.058214,1.0010418423410752
3593.299268,1.0027322257439184
3593.540322,1.0006497910227778
3593.781376,1.0036618883901718
3594.02243,1.0019260524607978
3594.263484,1.0026576252414963
3594.504538,1.0018703469209094
3594.745592,1.0025705983366475
3594.986646,1.0014792930761487
3595.2277,1.0021742602832622
3595.468754,1.0023226932824023
3595.709808,1.001972142119265
3595.950862,1.0014471461068026
3596.191916,1.00352570071246
3596.43297,1.0023109661754945
3596.674024,1.0019913801690783
3596.915078,1.0023287072366038
3597.156132,1.0027222987440223
3597.397186,1.002577616355399
3597.63824,1.0038377453576381
3597.879294,1.003027975083387
3598.120348,1.0025110474117864
3598.361402,1.003896471583467
3598.602456,1.0024955086109775
3598.84351,1.0012422709801492
3599.084564,1.0029097250561008
3599.325618,1.0033315372752907
3599.566672,1.0020633257329894
3599.807726,1.0016523636508592
3600.04878,1.0038807105325878
3600.289834,1.0020616222267835
3600.530888,1.0045705130782143
3600.771942,1.0009158991797222
3601.012996,1.0023082599395394
3601.25405,1.0028728186573006
3601.495104,1.0025757114597376
3601.736158,1.0034674979097165
3601.977212,1.0018642355304328
3602.218266,1.0032866893579329
3602.45932,1.0036180293239767
3602.700374,1.002001901133805
3602.941428,1.0011776929363354
3603.182482,1.002692016987857
3603.423536,1.0017912022897566
3603.66459,1.0037095634621442
3603.905644,1.0020239454181163
3604.146698,1.0018433969710556
3604.387752,1.001931963841946
3604.628806,1.0031251732033455
3604.86986,1.0021405877938176
3605.110914,1.0017838892406727
3605.351968,1.0019620222517351
3605.593022,1.0010950991837073
3605.834076,1.002804124222034
3606.07513,1.0031307907200446
3606.316184,1.0033349486083167
3606.557238,1.0022989385160666
3606.798292,1.0027397462638135
3607.039346,1.0033487947261455
3607.2804,1.0028769304442864
3607.521454,1.0016529646424577
3607.762508,1.0026229338878268
3608.003562,1.0009884281734707
3608.244616,1.001855619535056
3608.48567,1.001731196793922
3608.726724,1.0015853553491838
3608.967778,1.0029564617382447
3609.208832,1.0007301664418264
3609.449886,1.0015135442536638
3609.69094,1.0018179504719444
3609.931994,1.0018097355984317
3610.173048,1.0006586668257882
3610.414102,1.0012942368025146
3610.655156,1.0005338824645391
3610.89621,1.0037087604948147
3611.137264,1.0020069111558358
3611.378318,1.0018036245776831
3611.619372,1.0014282189346035
3611.860426,1.002520370807881
3612.10148,1.0026336620106147
3612.342534,1.0010991035721128
3612.583588,0.9991960133705855
3612.824642,1.0001940888328007
3613.065696,1.0016335327634336
3613.30675,1.0000958725954836
3613.547804,1.000059890793382
3613.788858,1.0010913951386928
3614.029912,0.9997870226828894
3614.270966,1.0020972962555288
3614.51202,1.0004499612021849
3614.753074,1.0021199439103416
3614.994128,1.0017702650724236
3615.235182,0.9995660042034327
3615.476236,0.9997091223131198
3615.71729,1.0004282616778586
3615.958344,0.9996092163758187
3616.199398,1.0000511683090532
3616.440452,1.0007520726649326
3616.681506,1.0016359366867968
3616.92256,0.9990860778814462
3617.163614,0.9988077113415951
3617.404668,1.0002099720410438
3617.645722,0.9991294591407481
3617.886776,0.9985658294069928
3618.12783,0.9992159375377354
3618.368884,0.9994908896406818
3618.609938,0.999638455373016
3618.850992,0.9983774178121767
3619.092046,0.998160394152871
3619.3331,0.9982840738875078
3619.574154,0.9968368134496853
3619.815208,0.9977951342952422
3620.056262,0.9976066685955197
3620.297316,0.9975058156595265
3620.53837,0.9971227472487295
3620.779424,0.99765265932302
3621.020478,0.9963828576774351
3621.261532,0.9963096262286845
3621.502586,0.9953864751518021
3621.74364,0.995426888663082
3621.984694,0.9958167741672818
3622.225748,0.9971695134022333
3622.466802,0.9944394175896637
3622.707856,0.9958156787694327
3622.94891,0.9966256061071236
3623.189964,0.9959189502098528
3623.431018,0.9953056530514415
3623.672072,0.994195213258223
3623.913126,0.992361224875573
3624.15418,0.9923872250802659
3624.395234,0.9927388901679034
3624.636288,0.9909143264538012
3624.877342,0.9903503594761831
3625.118396,0.9914186319475391
3625.35945,0.9921477909317458
3625.600504,0.9911159980386224
3625.841558,0.9903390695464378
3626.082612,0.9893827649886462
3626.323666,0.9882041233427581
3626.56472,0.9883741090703265
3626.805774,0.9869272011193951
3627.046828,0.9879333925047807
3627.287882,0.9854439782720822
3627.528936,0.984644122547098
3627.76999,0.9839728241942789
3628.011044,0.9835625930657247
3628.252098,0.9813255688599026
3628.493152,0.9815670046452263
3628.734206,0.9802663093486301
3628.97526,0.9807702957450433
3629.216314,0.9785445150774025
3629.457368,0.9758416008024187
3629.698422,0.9751246207482763
3629.939476,0.9747794877246808
3630.18053,0.9725099229441977
3630.421584,0.9735481448248522
3630.662638,0.9693098069264396
3630.903692,0.9704989095206791
3631.144746,0.9669127646074848
3631.3858,0.9655387917824155
3631.626854,0.9635653189655525
3631.867908,0.9613324385683344
3632.108962,0.9592898575265124
3632.350016,0.9576910957821292
3632.59107,0.9553896607422494
3632.832124,0.9516318796605432
3633.073178,0.9496146578411968
3633.314232,0.9472653731240216
3633.555286,0.9460867615724129
3633.79634,0.9407978378914628
3634.037394,0.9380509629017999
3634.278448,0.934916554687191
3634.519502,0.9311154527454408
3634.760556,0.9275171445327107
3635.00161,0.9236472909177321
3635.242664,0.9200916447881713
3635.483718,0.916134583392005
3635.724772,0.9108846580512584
3635.965826,0.9065809076360257
3636.20688,0.9011261680907016
3636.447934,0.8957176844284102
3636.688988,0.8905998985557987
3636.930042,0.8852545926801706
3637.171096,0.8782622849030626
3637.41215,0.8722754691256636
3637.653204,0.8662255101402728
3637.894258,0.8588250884715393
3638.135312,0.8514708612143879
3638.376366,0.8422991860529011
3638.61742,0.835545896066504
3638.858474,0.8279934791918915
3639.099528,0.8191975626353213
3639.340582,0.8089808770222452
3639.581636,0.7987957483507678
3639.82269,0.78890450374915
3640.063744,0.7780690543017191
3640.304798,0.7676126769024577
3640.545852,0.7565625997525902
3640.786906,0.7450678432377964
3641.02796,0.7320986546426924
3641.269014,0.7220867463552355
3641.510068,0.7073780725037431
3641.751122,0.6946619184813093
3641.992176,0.6803962023310752
3642.23323,0.666790083494485
3642.474284,0.6528877913996427
3642.715338,0.6372775525619607
3642.956392,0.621965906777517
3643.197446,0.6070100082515492
3643.4385,0.5908045659120016
3643.679554,0.5760504703439078
3643.920608,0.5599655584008194
3644.161662,0.5440848880991128
3644.402716,0.5286070181693852
3644.64377,0.5121283509037843
3644.884824,0.4959054477329505
3645.125878,0.48063362187570363
3645.366932,0.4646178682304436
3645.607986,0.45035910650790656
3645.84904,0.43554811786935876
3646.090094,0.4205550048160457
3646.331148,0.4055504495385476
3646.572202,0.3921424940555301
3646.813256,0.37842022291916005
3647.05431,0.3652402217862126
3647.295364,0.3525721488798844
3647.536418,0.33979934409974805
3647.777472,0.32840752090714825
3648.018526,0.317365872095336
3648.25958,0.30752465994743483
3648.500634,0.29778009533569155
3648.741688,0.2880849145834487
3648.982742,0.2808877937197423
3649.223796,0.2774817815563575
3649.46485,0.2764017101165855
3649.705904,0.2743364516906979
3649.946958,0.27196007678081274
3650.188012,0.270360236497509
3650.429066,0.26860859396574055
3650.67012,0.26769687554585936
3650.911174,0.2673490957135198
3651.152228,0.26758981820853595
3651.393282,0.26777719665608724
3651.634336,0.26708188024780705
3651.87539,0.2650332471293498
3652.116444,0.2612179924883281
3652.357498,0.256737786737532
3652.598552,0.25882580787948783
3652.839606,0.2825216766033636
3653.08066,0.31673177465994656
3653.321714,0.34017332903226044
3653.562768,0.35768591860010496
3653.803822,0.36996014328408466
3654.044876,0.37858676445369516
3654.28593,0.3806861487085031
3654.526984,0.3758594532570327
3654.768038,0.3625474198004838
3655.009092,0.33874759718303354
3655.250146,0.30669546328480823
3655.4912,0.2686891886325258
3655.732254,0.23126292783519195
3655.973308,0.20274626659315972
3656.214362,0.18787094775072993
3656.455416,0.19544036196159667
3656.69647,0.23950044598082976
3656.937524,0.2999018573545809
3657.178578,0.33847670747561753
3657.419632,0.3532073502576038
3657.660686,0.35600873924158355
3657.90174,0.35144572124889645
3658.142794,0.34390149993822394
3658.383848,0.3348743138811302
3658.624902,0.3250097815592253
3658.865956,0.31597252985896135
3659.10701,0.3078631231940343
3659.348064,0.3008329956310221
3659.589118,0.2949645793061378
3659.830172,0.2902536741250547
3660.071226,0.28673409240366654
3660.31228,0.2850758482244536
3660.553334,0.2842503258505983
3660.794388,0.28447781709564385
3661.035442,0.28639021785877405
3661.276496,0.2894710462280245
3661.51755,0.2929949223437635
3661.758604,0.29834641535047546
3661.999658,0.3057767556454435
3662.240712,0.31323549222673164
3662.481766,0.32219446086230447
3662.72282,0.33317080252664966
3662.963874,0.34562531338024355
3663.204928,0.35807958958991437
3663.445982,0.37156554388852286
3663.687036,0.387852564490231
3663.92809,0.4032897470758952
3664.169144,0.42074429715579503
3664.410198,0.43855502080558106
3664.651252,0.4579844717127679
3664.892306,0.4777727872413775
3665.13336,0.49630729387132927
3665.374414,0.5181295352159404
3665.615468,0.5382619184605012
3665.856522,0.5595401462535272
3666.097576,0.5813571470838153
3666.33863,0.6014691700459166
3666.579684,0.6218601815602629
3666.820738,0.6415680635058475
3667.061792,0.6617747749774909
3667.302846,0.6807364854959428
3667.5439,0.6993807348397283
3667.784954,0.7159893402867389
3668.026008,0.7329190644796407
3668.267062,0.7500690575179344
3668.508116,0.7645483589165758
3668.74917,0.7786761849142319
3668.990224,0.793445836757576
3669.231278,0.8068802587291166
3669.472332,0.81932045148615
3669.713386,0.8319524427091365
3669.95444,0.8407928191104924
3670.195494,0.8496336690360177
3670.436548,0.8597617181884347
3670.677602,0.8665547383835306
3670.918656,0.875867898689552
3671.15971,0.8847059049434836
3671.400764,0.891089863227938
3671.641818,0.8972327271656143
3671.882872,0.9050365041665989
3672.123926,0.9089529012076614
3672.36498,0.9148812532475705
3672.606034,0.9193227696077341
3672.847088,0.9239891036468271
3673.088142,0.9295106631184459
3673.329196,0.9338027980848137
3673.57025,0.93665337107973
3673.811304,0.9408232397760097
3674.052358,0.942625699860982
3674.293412,0.9482131122877493
3674.534466,0.9494152597005877
3674.77552,0.952445872850154
3675.016574,0.9542410180274965
3675.257628,0.9580388007545325
3675.498682,0.9616304978210878
3675.739736,0.9623211964496583
3675.98079,0.9636934816756062
3676.221844,0.9663608150154989
3676.462898,0.9692186960868652
3676.703952,0.9722396027618655
3676.945006,0.9720072652622426
3677.18606,0.9772732337197232
3677.427114,0.9756698677936255
3677.668168,0.9770680278880085
3677.909222,0.9782519740044643
3678.150276,0.9805025819988938
3678.39133,0.9818526822076473
3678.632384,0.9813461769132326
3678.873438,0.9843753513905747
3679.114492,0.9842759345007217
3679.355546,0.9851523300205843
3679.5966,0.9874701603801204
3679.837654,0.9885678493816347
3680.078708,0.9876390322156758
3680.319762,0.9883187616699604
3680.560816,0.9917462507831858
3680.80187,0.9912415803910478
3681.042924,0.9917297879320649
3681.283978,0.991434593916007
3681.525032,0.9922570324171608
3681.766086,0.9926229450368593
3682.00714,0.9936238146943759
3682.248194,0.9950087976533202
3682.489248,0.9947351083807713
3682.730302,0.9943772670682883
3682.971356,0.9973227901354584
3683.21241,0.9952978896976248
3683.453464,0.9967996321299796
3683.694518,0.9981695772707394
3683.935572,0.9969501602390174
3684.176626,0.99801816643067
3684.41768,0.9991379817513835
3684.658734,0.9987291082677839
3684.899788,0.9974329006494779
3685.140842,0.9975332474466425
3685.381896,0.9996158138184184
3685.62295,0.9990939007560625
3685.864004,0.9980512013787043
3686.105058,0.9984236437567439
3686.346112,0.9986640931191018
3686.587166,1.001176691759143
3686.82822,0.9998969853063779
3687.069274,1.0007476893804537
3687.310328,1.0004582249529936
3687.551382,1.0001461206745859
3687.792436,1.0003818328796228
3688.03349,1.000718988348297
3688.274544,0.9996527503051363
3688.515598,0.9970876491457566
3688.756652,1.0018546176799377
3688.997706,1.001713466308654
3689.23876,1.0005291699610506
3689.479814,1.0011232303512354
3689.720868,1.0009383099375924
3689.961922,1.0008178642687358
3690.202976,1.0020489963298869
3690.44403,1.0017313971401816
3690.685084,1.0011210278825513
3690.926138,1.0009757857694597
3691.167192,1.0016503603481353
3691.408246,1.0015903632884804
3691.6493,1.0012493798255095
3691.890354,1.0020563113142598
3692.131408,1.0023066562476064
3692.372462,1.0032385327526114
3692.613516,1.0028687068871733
3692.85457,1.002080561370418
3693.095624,1.0017336009516793
3693.336678,1.0000267983590696
3693.577732,1.0012429718499842
3693.818786,1.0024068919249316
3694.05984,1.0026985345071495
3694.300894,1.0017353039002486
3694.541948,1.000360374919445
3694.783002,1.0027125723848975
3695.024056,1.0029980852950897
3695.26511,1.0023647917195813
3695.506164,1.0014741855447782
3695.747218,1.0031760329389103
3695.988272,1.0029096247651335
3696.229326,1.002113029306584
3696.47038,1.0030027993971686
3696.711434,1.0000268303599276
3696.952488,1.0018102365034247
3697.193542,1.0018129413947148
3697.434596,1.0027704305695166
3697.67565,1.0021077181216036
3697.916704,1.0007692457178439
3698.157758,1.0035832043825754
3698.398812,1.0039087191951306
3698.639866,1.0014357296744107
3698.88092,1.0028550679655046
3699.121974,1.0012963395226198
3699.363028,1.0027542860955478
3699.604082,1.0023803284942625
3699.845136,1.0035003118334027
3700.08619,1.0018558199062002
3700.327244,1.0040502803043607
3700.568298,1.0021070166464463
3700.809352,1.0040880333046522
3701.050406,1.00336524978131
3701.29146,1.0040487742300699
3701.532514,1.001044845471107
3701.773568,1.002538717098535
3702.014622,1.001228253686477
3702.255676,1.003377189898826
3702.49673,1.0034309723575616
3702.737784,1.0015232589821592
3702.978838,1.0026573244442538
3703.219892,1.0039520889885807
3703.460946,1.0034708093579234
3703.702,1.0032024168155231
3703.943054,1.0012953382267809
3704.184108,1.001612498680104
3704.425162,1.0035804947115816
3704.666216,1.0021175388253625
3704.90727,1.0038816140256337
3705.148324,1.0039871275279053
3705.389378,1.0042540227752093
3705.630432,1.0026195249756467
3705.871486,1.001891286229975
3706.11254,1.0039695579069081
3706.353594,1.0021763648514186
3706.594648,1.0026386751914578
3706.835702,1.0037540287807052
3707.076756,1.0020692379240521
3707.31781,1.0013081548891365
3707.558864,1.003429467212232
3707.799918,1.002620126547542
3708.040972,1.0032460570698232
3708.282026,1.0016612783965664
3708.52308,1.0031507532214061
3708.764134,1.0039839147742375
3709.005188,1.003624251775048
3709.246242,1.0028663000051652
3709.487296,1.0013710390158046
3709.72835,1.001732899738404
3709.969404,1.0023627869920024
3710.210458,1.0047740596827388
3710.451512,1.0026848978998093
3710.692566,1.0029423201518326
3710.93362,1.0048154572267811
3711.174674,1.0048147538562073
3711.415728,1.0054589460412893
3711.656782,1.004169769397177
3711.897836,1.0028323034138404
3712.13889,1.0003205213559963
3712.379944,1.0029691993661927
3712.620998,1.0039143410996993
3712.862052,1.0019638257849983
3713.103106,1.0027602023632887
3713.34416,1.0023174812179487
3713.585214,1.002518766776571
3713.826268,1.0043857895467085
3714.067322,1.003359229607872
3714.308376,1.0029975837961724
3714.54943,1.0025365115157834
3714.790484,1.0050076968108788
3715.031538,1.0043051406059063
3715.272592,1.0041784052943281
3715.513646,1.0026373717620272
3715.7547,1.0031953944231837
3715.995754,1.0016785071187213
3716.236808,1.0053504628737835
3716.477862,1.002422730078945
3716.718916,1.0026816893132697
3716.95997,1.0037278311424347
3717.201024,1.0023766196939083
3717.442078,1.0025448326033615
3717.683132,1.0033646477623408
3717.924186,1.005185196842927
3718.16524,1.0045982396069997
3718.406294,1.0037046452973328
3718.647348,1.0021563215245555
3718.888402,1.0026762748467666
3719.129456,1.0033403666316678
3719.37051,1.0028438360516423
3719.611564,1.0028999968789496
3719.852618,1.0035838065326785
3720.093672,1.0027760460996513
3720.334726,1.0023049523277392
3720.57578,1.0042284146241338
3720.816834,1.0040092154876776
3721.057888,1.000629347956374
3721.298942,1.002987754468015
3721.539996,1.003582401516333
3721.78105,1.0037528242765934
3722.022104,1.003643019724036
3722.263158,1.004600248805488
3722.504212,1.0035851111924752
3722.745266,1.003377490912028
3722.98632,1.0041136378759583
3723.227374,1.0010629645467872
3723.468428,1.0031991062530101
3723.709482,1.0044581079269863
3723.950536,1.0026194247136992
3724.19159,1.0035482802947455
3724.432644,1.0025052328645736
3724.673698,1.003453650153795
3724.914752,1.0040651403584735
3725.155806,1.003189776544705
3725.39686,1.0030627807579975
3725.637914,1.002458617455062
3725.878968,1.0041819199248974
3726.120022,1.0032952173310363
3726.361076,1.0026231344124337
3726.60213,1.0025875419229324
3726.843184,1.0044421371700383
3727.084238,1.0041158469283917
3727.325292,1.0034321764754508
3727.566346,1.004285054703954
3727.8074,1.0031600825667923
3728.048454,1.0035400512325863
3728.289508,1.003590731284834
3728.530562,1.003978192082233
3728.771616,1.0006418559013979
3729.01267,1.0030821400564827
3729.253724,1.0028936786288718
3729.494778,1.0044011567668476
3729.735832,1.0020596181055432
3729.976886,1.003453850844545
3730.21794,1.0015233591344903
3730.458994,1.0049239831564565
3730.700048,1.0036198358380553
3730.941102,1.002783667226562
3731.182156,1.0025774158398957
3731.42321,1.0019392779719785
3731.664264,1.0023502575354744
3731.905318,1.0035384455697889
3732.146372,1.0009547554891245
3732.387426,1.0023739132806888
3732.62848,1.0030117261618074
3732.869534,1.0047599929443707
3733.110588,1.0033973579830315
3733.351642,1.0027945976281052
3733.592696,1.0024651334572525
3733.83375,1.0037059501142198
3734.074804,1.0028594805375113
3734.315858,1.0023562716550618
3734.556912,1.0017322986988446
3734.797966,1.0027451610730633
3735.03902,1.0030484370627903
3735.280074,1.001672396898464
3735.521128,1.0030655893377156
3735.762182,1.0031711173883922
3736.003236,1.0018098357794103
3736.24429,1.0030452273129273
3736.485344,1.002655519662694
3736.726398,1.0009317538131337
3736.967452,1.0039790956630126
3737.208506,1.0011537650754132
3737.44956,1.0017027480319074
3737.690614,1.0021044111715902
3737.931668,1.0008590787969878
3738.172722,1.0022076332417862
3738.413776,1.0029176480742248
3738.65483,1.0032409405279794
3738.895884,1.003071206520744
3739.136938,1.0034709097050094
3739.377992,1.0024374658013844
3739.619046,1.0020903818080396
3739.8601,1.0038828186842934
3740.101154,1.0022796945611896
3740.342208,1.0022337912023738
3740.583262,1.0028252836122857
3740.824316,1.0039126344467701
3741.06537,1.0033536108119188
3741.306424,1.001746122699952
3741.547478,1.001933466741019
3741.788532,1.0025243808973845
3742.029586,1.00271568079869
3742.27064,1.001930060173023
3742.511694,1.0026359680706893
3742.752748,1.0031279819577628
3742.993802,1.0015984762032801
3743.234856,1.0024596199141806
3743.47591,1.0007057289095453
3743.716964,1.001146757023586
3743.958018,1.0014990224125557
3744.199072,1.000593886280667
3744.440126,0.999497166463178
3744.68118,0.9989027024717003
3744.922234,1.0005176639417557
3745.163288,1.0013653312171493
3745.404342,1.0023724097209465
3745.645396,1.0033573232271467
3745.88645,1.0030154373120599
3746.127504,1.0022221653578258
3746.368558,1.0017131657946592
3746.609612,1.0015482973766126
3746.850666,1.00165436695759
3747.09172,1.0008780652737987
3747.332774,1.0007125837672661
3747.573828,1.0021193426385557
3747.814882,1.0002236550070525
3748.055936,1.0023372270668245
3748.29699,1.0007147753302243
3748.538044,1.0019388771963473
3748.779098,1.0005240772805364
3749.020152,1.0006460185801767
3749.261206,0.9979428189035094
3749.50226,0.9994602657089843
3749.743314,1.0020475934622741
3749.984368,0.9998346136778259
3750.225422,1.0025173632512798
3750.466476,0.99935349907184
3750.70753,1.0000580756863273
3750.948584,1.002839122696689
3751.189638,0.9997992701489329
3751.430692,1.0008238992186527
3751.671746,0.9999680395107473
3751.9128,1.0003388473958135
3752.153854,0.9977680944134949
3752.394908,1.0004984741969916
3752.635962,1.002767221709273
3752.877016,1.0019101219632114
3753.11807,1.0014129973413601
3753.359124,0.999565824281568
3753.600178,0.999627779291323
3753.841232,1.0015145457677088
3754.082286,1.001263797920389
3754.32334,1.0004076930842443
3754.564394,1.0013333881725779
3754.805448,1.0001842869787594
3755.046502,1.0006754580190953
3755.287556,1.000275137843475
3755.52861,1.0015490986155708
3755.769664,0.9994012892988209
3756.010718,1.0006814420762267
3756.251772,1.0015973744455624
3756.492826,0.9998543606064463
3756.73388,0.999741963297198
3756.974934,1.0004106743036116
3757.215988,1.0000867357613286
3757.457042,1.0002944833517116
3757.698096,0.9995262622491808
3757.93915,1.0018593264077063
3758.180204,0.9989161877492091
3758.421258,0.9988497620314033
3758.662312,0.9994111034676693
3758.903366,0.9993047617901586
3759.14442,0.9998471016901382
3759.385474,1.0010779806038754
3759.626528,0.9989421599077272
3759.867582,0.9991187485303551
3760.108636,1.0012900313755515
3760.34969,1.00081132894942
3760.590744,0.999495407349713
3760.831798,1.0007481297095338
3761.072852,0.9992510306176926
3761.313906,1.0012354625558553
3761.55496,0.9998520809411029
3761.796014,0.9998873363470261
3762.037068,1.0010940980891085
3762.278122,1.0004438284627195
3762.519176,0.9989899104842004
3762.76023,0.9992026780302213
3763.001284,1.0012995436760328
3763.242338,0.9997387741254219
3763.483392,1.0014339270917196
3763.724446,1.0006196318925766
3763.9655,1.0001120262744745
3764.206554,1.0020059091494258
3764.447608,0.9994728889718558
3764.688662,1.0020265506837613
3764.929716,0.9994167901330265
3765.17077,1.0004408271357361
3765.411824,1.0002390685723375
3765.652878,1.0006849945016516
3765.893932,1.0007134143590555
3766.134986,0.9998262850901826
3766.37604,1.000539345394451
3766.617094,1.0000508482927306
3766.858148,0.9994389674376558
3767.099202,1.0005964778221883
3767.340256,0.9988337805630629
3767.58131,0.9993469733147977
3767.822364,1.0003103881604396
3768.063418,0.9999765962738715
3768.304472,1.0003545728460963
3768.545526,0.9994550085618129
3768.78658,0.9991680962239763
3769.027634,0.9994722792935795
3769.268688,0.9989647362556529
3769.509742,1.0002281960327544
3769.750796,0.9980770512395742
3769.99185,0.9995651345813873
3770.232904,1.0000072507262865
3770.473958,0.9981148790766492
3770.715012,0.997545417426498
3770.956066,1.0002176936918334
3771.19712,1.0004376257302114
3771.438174,0.9993659810749934
3771.679228,1.0002360778619934
3771.920282,1.0008611806032601
3772.161336,1.0002702565127128
3772.40239,0.99841056449268
3772.643444,0.997381234963377
3772.884498,0.9985069157610275
3773.125552,0.999918334334822
3773.366606,0.999908357199458
3773.60766,0.9996537899445372
3773.848714,0.9993744757219347
3774.089768,1.0013786494646206
3774.330822,0.9993141852784939
3774.571876,0.9994646633438281
3774.81293,0.9998269249792098
3775.053984,0.9984736660343436
3775.295038,0.9992012291873885
3775.536092,0.9994005997121691
3775.777146,0.9986143608856074
3776.0182,0.9989338687222084
3776.259254,1.0011611736406865
3776.500308,0.9999231769510416
3776.741362,1.0000411028446987
3776.982416,1.0000174611524442
3777.22347,0.9996847197112791
3777.464524,1.000376971035729
3777.705578,0.9992561867663134
3777.946632,0.9987714552797249
3778.187686,0.9999420686780839
3778.42874,0.9974708038198582
3778.669794,0.9972913749623606
3778.910848,0.9991404496252462
3779.151902,1.0017574424950952
3779.392956,0.9999521891429755
3779.63401,0.9996980156064689
3779.875064,0.9998154870246132
3780.116118,0.9998882062493871
3780.357172,1.0004767135918253
3780.598226,0.9983655371915946
3780.83928,0.9982128987704627
3781.080334,0.9978544050865445
3781.321388,0.9974203330741056
3781.562442,0.9990889752352732
3781.803496,0.9989718289304592
3782.04455,0.9979673685988145
3782.285604,0.9984272380883311
3782.526658,0.9981822541048685
3782.767712,0.9989198837459413
3783.008766,0.999694016822404
3783.24982,0.9982955542203693
3783.490874,1.0004356048482486
3783.731928,0.9993495716203061
3783.972982,0.9989061986372773
3784.214036,0.9989759247233542
3784.45509,0.9983371840129555
3784.696144,0.9995574479550574
3784.937198,0.9970247349000608
3785.178252,0.9976028776973818
3785.419306,0.9983977849192439
3785.66036,0.997050358765013
3785.901414,0.9991534185524505
3786.142468,0.9996500412498538
3786.383522,0.9973538073565469
3786.624576,0.9990810624819239
3786.86563,0.998852059388498
3787.106684,0.999680920916562
3787.347738,0.999112254279596
3787.588792,0.9987694577388119
3787.829846,0.9979695641294405
3788.0709,0.9984640807331592
3788.311954,0.9983615437374328
3788.553008,0.996833922627118
3788.794062,0.9982047134582526
3789.035116,1.0001279581859503
3789.27617,0.99789262364214
3789.517224,0.9999335772060914
3789.758278,0.9992217030303284
3789.999332,0.9980955158358191
3790.240386,0.9968281410071336
3790.48144,0.9992037072095097
3790.722494,0.999729266654888
3790.963548,1.0003802522775753
3791.204602,0.9999812981748814
3791.445656,0.9988570536612805
3791.68671,0.9995708920931441
3791.927764,0.998895710177256
3792.168818,0.9991645891501134
3792.409872,1.0001361792715553
3792.650926,0.9985217936249121
3792.89198,0.9966283966627275
3793.133034,1.000714755315929
3793.374088,0.9998290446145376
3793.615142,0.99830034605053
3793.856196,0.9986507111099137
3794.09725,1.00058769262368
3794.338304,0.9984879443098573
3794.579358,1.0000180711632816
3794.820412,0.9999395148293017
3795.061466,0.9998278248238472
3795.30252,0.9993632628032217
3795.543574,1.0008919675666765
3795.784628,0.9985392679092001
3796.025682,0.9987145269292473
3796.266736,0.9997915317325297
3796.50779,0.9999221880275085
3796.748844,0.9993961024195893
3796.989898,0.9989514501130137
3797.230952,0.9982054122017966
3797.472006,0.9995884447121207
3797.71306,1.0000639030417124
3797.954114,1.0004331938013462
3798.195168,1.0000319745111739
3798.436222,1.0004609261938477
3798.677276,0.9986182554892092
3798.91833,0.9979358333282267
3799.159384,0.9985407657192252
3799.400438,1.0007115930622987
3799.641492,0.9998835467812025
3799.882546,0.9990611809666022
3800.1236,0.9992642308109941
3800.364654,1.0003357663569084
3800.605708,0.9996121652273566
3800.846762,1.000632239779368
3801.087816,0.9978405350067111
3801.32887,0.9963365269517508
3801.569924,0.998913191005141
3801.810978,0.9983396798590353
3802.052032,0.9993782933397236
3802.293086,0.999427783778183
3802.53414,0.9985118084569018
3802.775194,1.0006797509260186
3803.016248,1.000068370337145
3803.257302,0.9995847662334126
3803.498356,0.9989978025356668
3803.73941,0.9994960470269784
3803.980464,0.9999595288189803
3804.221518,0.9987445886889351
3804.462572,0.9992546479129707
3804.703626,1.0005243374168302
3804.94468,0.9992272886952602
3805.185734,1.000976926882506
3805.426788,1.0002652651765864
3805.667842,1.0006474795244302
3805.908896,0.9982873682303873
3806.14995,1.0002018803751007
3806.391004,0.9994495615468594
3806.632058,0.9995239133652244
3806.873112,0.9982901634389316
3807.114166,0.9996561691233885
3807.35522,0.9998196262692978
3807.596274,0.9996955863432425
3807.837328,1.0000446469966475
3808.078382,0.9996083867005134
3808.319436,1.0003976890573336
3808.56049,0.9991342449823195
3808.801544,0.9996559092128183
3809.042598,0.9997436828548537
3809.283652,0.9996764723463619
3809.524706,1.000820316275507
3809.76576,1.0005463692053094
3810.006814,0.9991481230533653
3810.247868,1.0007297561425421
3810.488922,0.9999067823450356
3810.729976,0.9983212107457977
3810.97103,0.9995895042764338
3811.212084,1.0011558675005274
3811.453138,0.9988931130517859
3811.694192,0.9997459022882933
3811.935246,1.0005282494746377
3812.1763,1.000130798553385
3812.417354,1.0010854887168854
3812.658408,1.000208261683454
3812.899462,0.9995470226252434
3813.140516,1.000863152301728
3813.38157,0.999058863147351
3813.622624,0.9994977961465912
3813.863678,0.9998272749186947
3814.104732,1.0009023468701967
3814.345786,1.0013015462771229
3814.58684,0.999866008977599
3814.827894,0.9988679412625028
3815.068948,0.9999294544884516
3815.310002,0.9993605145580278
3815.551056,1.0000371726908874
3815.79211,0.9983233072225416
3816.033164,0.9972808037298138
3816.274218,1.0020282541303454
3816.515272,1.0003431788724004
3816.756326,0.9999492702867954
3816.99738,1.000287661366598
3817.238434,1.0012048252194548
3817.479488,0.9990677947735119
3817.720542,1.000164183476632
3817.961596,1.0000083971352558
3818.20265,1.0011424521017864
3818.443704,0.9997742254909013
3818.684758,1.0002960538152832
3818.925812,1.0001528016729866
3819.166866,1.0007496308328543
3819.40792,1.0016051869355516
3819.648974,1.000480175247243
3819.890028,1.000094437458936
3820.131082,1.0015507010954106
3820.372136,1.000257713202343
3820.61319,1.000225315379698
3820.854244,0.9995205249849014
3821.095298,1.000142060089579
3821.336352,1.0009590696134176
3821.577406,0.9998871763650651
3821.81846,1.0013185685480983
3822.059514,1.0011099155008156
3822.300568,0.9996371058620122
3822.541622,1.0002772184179256
3822.782676,1.001136745606073
3823.02373,1.0002790689324914
3823.264784,1.0003528222271256
3823.505838,1.0012425713528756
3823.746892,0.999493938092544
3823.987946,1.0000219602411227
3824.229,1.0020989998223806
3824.470054,0.9987783468265421
3824.711108,0.9999349391165511
3824.952162,1.001258591362177
3825.193216,1.0005947567977267
3825.43427,1.0010753778045096
3825.675324,1.0023053532498003
3825.916378,1.0002218245994388
3826.157432,1.0008459976543134
3826.398486,1.0000975147542546
3826.63954,0.9998803871541869
3826.880594,1.0031262766416429
3827.121648,1.0004525123528387
3827.362702,1.000254012255651
3827.603756,1.0007615698471661
3827.84481,1.0003980091846454
3828.085864,0.9992930899787044
3828.326918,1.0019029082363027
3828.567972,1.002001700733445
3828.809026,1.0021788702954624
3829.05008,0.9985174001386858
3829.291134,0.9992863048016591
3829.532188,1.000168884259341
3829.773242,1.0025116489185952
3830.014296,1.0006996846651963
3830.25535,1.000862021327005
3830.496404,1.000812579964363
3830.737458,0.9985439610547882
3830.978512,1.0017251864247725
3831.219566,1.0014149000278625
3831.46062,1.000553272999075
3831.701674,0.9998367933196595
3831.942728,0.9994839531979771
3832.183782,1.0008062748649704
3832.424836,0.9995678334108941
3832.66589,1.0001605928936583
3832.906944,1.0003170802593215
3833.147998,0.9996983555038519
3833.389052,1.0009522731244092
3833.630106,0.9995552889133016
3833.87116,1.0014359299615767
3834.112214,0.9994745480982287
3834.353268,1.0001634533570445
3834.594322,0.9992044166443936
3834.835376,0.9981336438127638
3835.07643,1.0004900300255037
3835.317484,1.000794305293501
3835.558538,1.001170985068264
3835.799592,1.0004893997169835
3836.040646,1.000525988283349
3836.2817,1.0003816628147255
3836.522754,1.0017546375781832
3836.763808,0.99928084871333
3837.004862,1.002318984695298
3837.245916,0.9988293857040972
3837.48697,0.9999155705643654
3837.728024,0.9982201857512212
3837.969078,0.9981208677838898
3838.210132,0.9983126252203031
3838.451186,1.0001652836578387
3838.69224,0.9997158203866778
3838.933294,1.0000524823771517
3839.174348,1.0012687041250192
3839.415402,0.9992733341496025
3839.656456,0.999400359856054
3839.89751,0.999762048314994
3840.138564,0.9987521791766529
3840.379618,1.0022968336905058
3840.620672,1.0008618912149505
3840.861726,0.9998469717100235
3841.10278,0.9985020230891273
3841.343834,0.9997474918855416
3841.584888,1.0005525425954522
3841.825942,1.0002612641235278
3842.066996,0.9997372145341508
3842.30805,0.9999983595013456
3842.549104,0.9999691684753013
3842.790158,1.0022595489417931
3843.031212,0.9995214545394219
3843.272266,0.9993677299669905
3843.51332,0.9993251877882425
3843.754374,0.9998303243965337
3843.995428,0.9987486835501431
3844.236482,1.0017559398600584
3844.477536,0.9985612360147423
3844.71859,0.9987552753132074
3844.959644,0.9998883062382127
3845.200698,0.99986500911209
3845.441752,0.9994169800222347
3845.682806,1.0003488208238396
3845.92386,0.9999814891713275
3846.164914,0.9989032019231764
3846.405968,0.998853857323823
3846.647022,0.9983949894093599
3846.888076,1.0000442339782936
3847.12913,1.0004797550456577
3847.370184,0.9991622511077104
3847.611238,0.9981656844169791
3847.852292,0.9979216627400048
3848.093346,0.9996939368468858
3848.3344,1.0002250553211498
3848.575454,1.0000675722829038
3848.816508,1.0003754404601344
3849.057562,1.0002249352941504
3849.298616,0.9988184985231282
3849.53967,0.9994159106466382
3849.780724,0.9991411490238058
3850.021778,0.99875207930144
3850.262832,0.9982024175900519
3850.503886,0.9989380642532676
3850.74494,0.9994852925073718
3850.985994,1.0000444919897393
3851.227048,0.9985258875726586
3851.468102,0.9996221613989896
3851.709156,0.9981117849253199
3851.95021,0.9974175403010829
3852.191264,0.9975925026814039
3852.432318,0.9971541571099706
3852.673372,1.0000093796439886
3852.914426,0.9976788979329965
3853.15548,0.9987936282521511
3853.396534,0.9985188979159093
3853.637588,0.9986058726996146
3853.878642,0.9975241699353935
3854.119696,0.9974244225058545
3854.36075,0.9951803519575917
3854.601804,1.000286481027854
3854.842858,0.9976992507901128
3855.083912,1.0001322587454167
3855.324966,0.9974692078678489
3855.56602,0.999271105772552
3855.807074,0.9973160083635435
3856.048128,0.9986890600335149
3856.289182,0.9987144270577996
3856.530236,0.999653160162848
3856.77129,0.9987674602018939
3857.012344,0.9986940534912987
3857.253398,0.997088945360543
3857.494452,0.9995896042353891
3857.735506,0.9971974345395026
3857.97656,0.9975202795987169
3858.217614,0.9976208347107929
3858.458668,0.9998351035969066
3858.699722,0.9998343337241733
3858.940776,0.9983619430821301
3859.18183,0.998112783037604
3859.422884,0.9968840646344871
3859.663938,0.997589609667341
3859.904992,0.999303452701778
3860.146046,0.9996803011145832
3860.3871,0.999508101021991
3860.628154,0.9984357247559231
3860.869208,0.9973956970961342
3861.110262,0.9976332052858408
3861.351316,0.9983131243767405
3861.59237,0.9990374935068175
3861.833424,0.9983165186471337
3862.074478,0.9975522007583999
3862.315532,0.9976931648432451
3862.556586,0.9978796511223542
3862.79764,0.9972781110752788
3863.038694,0.9991720229623104
3863.279748,0.9978285609921352
3863.520802,0.9978972139587665
3863.761856,0.9968834665042278
3864.00291,0.9984536967607164
3864.243964,0.9982123996641381
3864.485018,0.9982735919597622
3864.726072,0.9975877142488833
3864.967126,0.9965164815779319
3865.20818,0.9968302343484277
3865.449234,0.9990869271049733
3865.690288,0.9989297731017426
3865.931342,0.9986524088175656
3866.172396,0.9982956540499297
3866.41345,0.9984864465790642
3866.654504,0.9968890490672714
3866.895558,0.9960734292185677
3867.136612,0.9990883358185336
3867.377666,0.9972335337400245
3867.61872,0.999019980533058
3867.859774,0.9979865297562381
3868.100828,0.9955664572964051
3868.341882,0.9977109239396348
3868.582936,0.9982798811032023
3868.82399,0.9978675768516251
3869.065044,0.9973642796265034
3869.306098,0.9958298194524698
3869.547152,0.9967160041490868
3869.788206,0.9968654230767775
3870.02926,0.9963729935359716
3870.270314,0.9960353799403174
3870.511368,0.9975573880433307
3870.752422,0.9968538595049387
3870.993476,0.9993063606790565
3871.23453,0.9968680149302469
3871.475584,0.9981032012008797
3871.716638,0.9985430623656276
3871.957692,0.9982034157929686
3872.198746,0.996498743742427
3872.4398,0.9987495824243628
3872.680854,0.997371061726664
3872.921908,0.9976188394711187
3873.162962,0.9984813543111719
3873.404016,0.9963076336114246
3873.64507,0.9963468889055132
3873.886124,0.9962491520697817
3874.127178,0.9992011792273283
3874.368232,0.9971006113694498
3874.609286,0.9988967090734656
3874.85034,0.9974334991093978
3875.091394,0.9974860652399062
3875.332448,0.9977280847151088
3875.573502,0.999501614235465
3875.814556,0.9978390382470311
3876.05561,0.9954991592785906
3876.296664,0.9979793442790916
3876.537718,0.9958329065296951
3876.778772,0.9971881606464851
3877.019826,0.9964386566798225
3877.26088,0.9973545055044564
3877.501934,0.9969132737654925
3877.742988,0.9978264655543574
3877.984042,0.9970542472689948
3878.225096,0.9974600311933493
3878.46615,0.9976584457252247
3878.707204,0.9970320132071915
3878.948258,0.9970356025288998
3879.189312,0.9970281247899223
3879.430366,0.9971890581162335
3879.67142,0.9957449783661341
3879.912474,0.9964815044632804
3880.153528,0.9965929173233423
3880.394582,0.9973719593610235
3880.635636,0.9976919676121656
3880.87669,0.9962647933042525
3881.117744,0.9960207383278484
3881.358798,0.9955305179960051
3881.599852,0.9940160754215978
3881.840906,0.9965008363919862
3882.08196,0.9970715961638322
3882.323014,0.9969491632893557
3882.564068,0.9949259168725081
3882.805122,0.9964688492285346
3883.046176,0.9979824380198542
3883.28723,0.9976898724612335
3883.528284,0.9961201461579017
3883.769338,0.9968535604488257
3884.010392,0.9969231432557567
3884.251446,0.9970020029952499
3884.4925,0.9983675339246657
3884.733554,0.9963498779506634
3884.974608,0.9970684055398296
3885.215662,0.9995311199586195
3885.456716,0.9979670692086487
3885.69777,0.9970886462339044
3885.938824,0.9985409654273985
3886.179878,0.9964275962721187
3886.420932,0.9989926077606001
3886.661986,0.9976414856758082
3886.90304,0.9985110096477745
3887.144094,0.9979113841998132
3887.385148,0.9978798506983044
3887.626202,0.9979359331218149
3887.867256,0.998834279980078
3888.10831,0.9988824249526576
3888.349364,0.9967636483127715
3888.590418,0.998229169773321
3888.831472,0.9966450404959274
3889.072526,0.9972992535953434
3889.31358,0.9984286358874429
3889.554634,0.9996078369160519
3889.795688,0.9989277752441943
3890.036742,0.9973348578142284
3890.277796,0.9961322988978164
3890.51885,0.9970646166870873
3890.759904,0.9982514305320135
3891.000958,0.9985011244377109
3891.242012,0.9957514507295286
3891.483066,0.9974715020496653
3891.72412,0.9998604997310675
3891.965174,0.9962177707157504
3892.206228,0.998184150652953
3892.447282,0.9966942759770342
3892.688336,0.9975692590468808
3892.92939,0.9976161459038885
3893.170444,0.9979300453171785
3893.411498,0.996546975448822
3893.652552,0.9981915372429981
3893.893606,0.9989540473901604
3894.13466,0.9980115795325084
3894.375714,0.9975950964252827
3894.616768,0.9982407492988514
3894.857822,0.9977163115931706
3895.098876,0.9980420193498889
3895.33993,1.0002125725903517
3895.580984,1.0007203793486574
3895.822038,0.9986890600335149
3896.063092,0.9990189915037668
3896.304146,0.9985684256815244
3896.5452,0.997969963317346
3896.786254,0.9984505017139987
3897.027308,0.9979501039126777
3897.268362,0.9983289976816105
3897.509416,0.9981476177815947
3897.75047,1.0003609951430696
3897.991524,0.9982383535239281
3898.232578,0.9988262893378008
3898.473632,0.9992009993711323
3898.714686,0.996774513095751
3898.95574,1.0002351176358197
3899.196794,0.998007288091943
3899.437848,0.9962626015241183
3899.678902,0.9993083093283598
3899.919956,0.9983984837979379
3900.16101,0.997437089876458
3900.402064,0.9999952379113388
3900.643118,0.9999472243926814
3900.884172,0.9984977295396591
3901.125226,0.9973827310363516
3901.36628,1.001230156021966
3901.607334,0.9972050132688043
3901.848388,0.9976465736603595
3902.089442,0.9970214447238644
3902.330496,0.9996511808515504
3902.57155,0.9973151107795399
3902.812604,0.9976643319274188
3903.053658,0.9978778549405988
3903.294712,0.9989753253379792
3903.535766,0.9975372375876126
3903.77682,0.9968310318129341
3904.017874,0.9973589936098294
3904.258928,0.996286611742137
3904.499982,0.9983687319664253
3904.741036,0.9993974016353669
3904.98209,0.9988723362911134
3905.223144,0.9981420281705861
3905.464198,0.9968294368845592
3905.705252,0.9991778781275207
3905.946306,0.9971888586784419
3906.18736,0.9980524988461094
3906.428414,0.9980636770966945
3906.669468,0.9982009202875485
3906.910522,0.9987795453612774
3907.151576,0.996962921282739
3907.39263,0.9983062360399471
3907.633684,0.9970182542603462
3907.874738,0.9960993274644031
3908.115792,0.9963473870790821
3908.356846,0.9971568494298294
3908.5979,0.9968220603740193
3908.838954,0.9971414933325905
3909.080008,0.9983283986843916
3909.321062,0.9976834872664824
3909.562116,0.9969153672855656
3909.80317,0.9966627809355376
3910.044224,0.9965507623345238
3910.285278,0.9979659714454765
3910.526332,0.9947339146993573
3910.767386,0.9964112549935387
3911.00844,0.9969321156044215
3911.249494,0.998932270429297
3911.490548,0.9938934214057992
3911.731602,0.9964974482949022
3911.972656,0.9947760923114997
3912.21371,0.9948378698250042
3912.454764,0.9953025676086995
3912.695818,0.9962408832361352
3912.936872,0.9948731871962626
3913.177926,0.9962087051752851
3913.41898,0.9953026671389612
3913.660034,0.9938772210750633
3913.901088,0.9953775167138388
3914.142142,0.9952887329991605
3914.383196,0.994588097396132
3914.62425,0.9930400335393751
3914.865304,0.9939459997584766
3915.106358,0.9955458492840328
3915.347412,0.9947705215809808
3915.588466,0.9947842495089011
3915.82952,0.9934737888255951
3916.070574,0.9941065350003095
3916.311628,0.9941883533349184
3916.552682,0.9939642885331285
3916.793736,0.9940741276555111
3917.03479,0.994268985279955
3917.275844,0.9928246665134987
3917.516898,0.9937717762958517
3917.757952,0.9939417257998667
3917.999006,0.9946671702929809
3918.24006,0.9944232083592626
3918.481114,0.9927178443265186
3918.722168,0.9929687358245856
3918.963222,0.9954592405626791
3919.204276,0.9923637057817363
3919.44533,0.993538267366796
3919.686384,0.9916894253510802
3919.927438,0.9919870760078752
3920.168492,0.9931686405508428
3920.409546,0.9929879003061236
3920.6506,0.9921647568040285
3920.891654,0.9922352030025721
3921.132708,0.9931501677859257
3921.373762,0.9939733336493093
3921.614816,0.9923854387848684
3921.85587,0.9925150527867838
3922.096924,0.994035061309953
3922.337978,0.993907832964893
3922.579032,0.9914641391071268
3922.820086,0.9919407512931161
3923.06114,0.9923280805641752
3923.302194,0.9907284483620686
3923.543248,0.9926249302847346
3923.784302,0.9909886478153015
3924.025356,0.9920513588531422
3924.26641,0.9890939073965304
3924.507464,0.9909649634696477
3924.748518,0.9903465961519675
3924.989572,0.9901391402718358
3925.230626,0.991067137224348
3925.47168,0.9887240554417908
3925.712734,0.9887912909635426
3925.953788,0.9893837543719058
3926.194842,0.9879659948446691
3926.435896,0.9873743804199666
3926.67695,0.9852400124797677
3926.918004,0.9842247534828457
3927.159058,0.9851838553995483
3927.400112,0.9865039001546638
3927.641166,0.986601568875301
3927.88222,0.9865897297275096
3928.123274,0.9865699981302317
3928.364328,0.986908449680713
3928.605382,0.9880964149635271
3928.846436,0.9893708924667016
3929.08749,0.9897320787549396
3929.328544,0.9862464562346165
3929.569598,0.9903389705125358
3929.810652,0.991099743869539
3930.051706,0.9915533748951967
3930.29276,0.9911884512662121
3930.533814,0.9908199959001284
3930.774868,0.9936543194137321
3931.015922,0.9923560646106203
3931.256976,0.9920881646412988
3931.49803,0.9923150811514662
3931.739084,0.9943229755516783
3931.980138,0.9930885943843182
3932.221192,0.9919315262870254
3932.462246,0.993053936197163
3932.7033,0.9928701389245352
3932.944354,0.9932766038497696
3933.185408,0.9924776356746108
3933.426462,0.9938805008753046
3933.667516,0.9931501677859257
3933.90857,0.9924329751858739
3934.149624,0.9921468979991358
3934.390678,0.994072636545438
3934.631732,0.9928610045612754
3934.872786,0.9927978606093841
3935.11384,0.9943313278997528
3935.354894,0.9927711547061298
3935.595948,0.9913785794438744
3935.837002,0.9917532922065634
3936.078056,0.9915386008599776
3936.31911,0.9948264292552846
3936.560164,0.9936428924547639
3936.801218,0.9919314270938777
3937.042272,0.9941309903218698
3937.283326,0.9937579629641641
3937.52438,0.9959396655394558
3937.765434,0.9936331548021324
3938.006488,0.9927227086558734
3938.247542,0.9937141392043184
3938.488596,0.9910701104302195
3938.72965,0.9930808483234916
3938.970704,0.9918859976748585
3939.211758,0.9902776704275184
3939.452812,0.994690147369999
3939.693866,0.9925564415274343
3939.93492,0.993580990430832
3940.175974,0.9922835260336146
3940.417028,0.9926709891500572
3940.658082,0.9942273262822339
3940.899136,0.9912546648662663
3941.14019,0.9924427010766875
3941.381244,0.9919781481643665
3941.622298,0.9928555438407672
3941.863352,0.994314921568195
3942.104406,0.9925729181011188
3942.34546,0.9906746532678726
3942.586514,0.9939353645931776
3942.827568,0.9929991211327946
3943.068622,0.9931995285758701
3943.309676,0.9932266432931145
3943.55073,0.9930371537274536
3943.791784,0.9910131255372011
3944.032838,0.9915573411166286
3944.273892,0.9936295777292139
3944.514946,0.9924285092475339
3944.756,0.9935486002185073
3944.997054,0.9904440510517313
3945.238108,0.9908572514323739
3945.479162,0.9937689937387736
3945.720216,0.9926988835967675
3945.96127,0.9907462816346381
3946.202324,0.9898360060792979
3946.443378,0.9902795519568796
3946.684432,0.9903603620653268
3946.925486,0.9906509764265988
3947.16654,0.9924528240438656
3947.407594,0.9879610550270445
3947.648648,0.9888417206053267
3947.889702,0.990651570817363
3948.130756,0.9884897556062783
3948.37181,0.9907861104357134
3948.612864,0.9880825817105506
3948.853918,0.9889930249630675
3949.094972,0.9918100221173376
3949.336026,0.9879630309511304
3949.57708,0.9877229851013613
3949.818134,0.9887626164318873
3950.059188,0.988501617554517
3950.300242,0.9880183584300186
3950.541296,0.986170518181139
3950.78235,0.9873378482437406
3951.023404,0.9882614408441035
3951.264458,0.9875264477834378
3951.505512,0.9865216573846812
3951.746566,0.987581750812984
3951.98762,0.9867998957218254
3952.228674,0.9861093775043923
3952.469728,0.9873289622430934
3952.710782,0.9864299151366251
3952.951836,0.9849366052830307
3953.19289,0.9864674001856117
3953.433944,0.986344099467044
3953.674998,0.9857386700758147
3953.916052,0.9865315226505813
3954.157106,0.985753456266762
3954.39816,0.9886508925687477
3954.639214,0.9866074885024732
3954.880268,0.9831879270961661
3955.121322,0.9870229377010529
3955.362376,0.9861507949680082
3955.60343,0.9863993362832306
3955.844484,0.985470585618693
3956.085538,0.9863283180877039
3956.326592,0.985964430079796
3956.567646,0.9869449659688985
3956.8087,0.9854912807182888
3957.049754,0.9851208056504163
3957.290808,0.9846795703735667
3957.531862,0.9842237692585843
3957.772916,0.9845988299591982
3958.01397,0.9835576752650539
3958.255024,0.9817780642393183
3958.496078,0.9840328483672733
3958.737132,0.9839580647126124
3958.978186,0.9835311195663253
3959.21924,0.9820903193096712
3959.460294,0.9804515971902464
3959.701348,0.9837790006401596
3959.942402,0.9779849476663146
3960.183456,0.9779781017956415
3960.42451,0.977414948612694
3960.665564,0.9760855917002107
3960.906618,0.9745670089573839
3961.147672,0.9753967184733326
3961.388726,0.9734303526259
3961.62978,0.9741460869352173
3961.870834,0.9702398209017069
3962.111888,0.9740856917500974
3962.352942,0.9742142795480164
3962.593996,0.9706124645359319
3962.83505,0.9684039258223749
3963.076104,0.9678298325298468
3963.317158,0.9674969563254463
3963.558212,0.9647869299518218
3963.799266,0.9637879282646177
3964.04032,0.966324094002232
3964.281374,0.97193436745105
3964.522428,0.9767329510234103
3964.763482,0.9810684952389762
3965.004536,0.9825244991774883
3965.24559,0.9832370877215263
3965.486644,0.9841519235458288
3965.727698,0.985216367003215
3965.968752,0.9852232635419219
3966.209806,0.984986838330832
3966.45086,0.9850065382645973
3966.691914,0.985915133090727
3966.932968,0.9859378093995645
3967.174022,0.9875698999030799
3967.415076,0.9884324248630607
3967.65613,0.9869903664815368
3967.897184,0.9867249017795564
3968.138238,0.9870653805998898
3968.379292,0.9874869475155371
3968.620346,0.9872865080104896
3968.8614,0.9879590791069103
3969.102454,0.9857731715330393
3969.343508,0.988945554437171
3969.584562,0.9878099085486257
3969.825616,0.9876429827797057
3970.06667,0.9870525488333486
3970.307724,0.9857090983592904
3970.548778,0.9889742342741054
3970.789832,0.987993658279811
3971.030886,0.9887191118338725
3971.27194,0.9888674308242938
3971.512994,0.9879689587470994
3971.754048,0.9881922649644285
3971.995102,0.9918936352264451
3972.236156,0.9875698999030799
3972.47721,0.9884551590702749
3972.718264,0.9895390998156405
3972.959318,0.9896538930090956
3973.200372,0.9900092425381098
3973.441426,0.9892719603241446
3973.68248,0.9890820383408561
3973.923534,0.9898785699426759
3974.164588,0.98924327185328
3974.405642,0.9909259202192441
3974.646696,0.989209638153813
3974.88775,0.9904235490720708
3975.128804,0.9892976817294897
3975.369858,0.9913647993773919
3975.610912,0.9910807149371351
3975.851966,0.9903500623711199
3976.09302,0.9929446069774717
3976.334074,0.9892620676540047
3976.575128,0.9934430909598049
3976.816182,0.9916500560623792
3977.057236,0.9928197024025764
3977.29829,0.9928521681376569
3977.539344,0.994616543022488
3977.780398,0.9932307155307001
3978.021452,0.9924411131696361
3978.262506,0.9927430596799981
3978.50356,0.9947757938787167
3978.744614,0.9921495767993768
3978.985668,0.9955733267286601
3979.226722,0.9968910428473633
3979.467776,0.9962406839879785
3979.70883,0.9960450415303614
3979.949884,0.994160218202633
3980.190938,0.9949121869895916
3980.431992,0.9952740028349156
3980.673046,0.9947617676389083
3980.9141,0.9949214397159558
3981.155154,0.9962349058087681
3981.396208,0.9961399691460483
3981.637262,0.9948319008156923
3981.878316,0.9975098056907692
3982.11937,0.9964735326431321
3982.360424,0.9979315422133692
3982.601478,0.9960422526081497
3982.842532,0.9982894646360618
3983.083586,0.9968250508446862
3983.32464,0.9974663152113404
3983.565694,0.9982131982343773
3983.806748,1.0000709365158758
3984.047802,0.9955449532931716
3984.288856,0.9982177900256503
3984.52991,0.9974299083552643
3984.770964,0.9976034762592879
3985.012018,1.0005329419631315
3985.253072,0.9972025202593874
3985.494126,0.9987111313056283
3985.73518,0.9976237278154085
3985.976234,0.9992002599626664
3986.217288,1.0001334889088516
3986.458342,1.0005731341786654
3986.699396,0.997129228567651
3986.94045,0.9981369376592232
3987.181504,0.9996833301504845
3987.422558,0.9976314095476874
3987.663612,0.997950802477995
3987.904666,0.999426664419692
3988.14572,1.0006045326562556
3988.386774,0.9997221686022929
3988.627828,1.0002877213838595
3988.868882,0.9986821691027744
3989.109936,0.9983913951938675
3989.35099,0.998965435531213
3989.592044,0.9996038185006245
3989.833098,0.9988832240589172
3990.074152,1.0009126862448428
3990.315206,0.9992219928046643
3990.55626,1.0003624456675642
3990.797314,0.9980973124093645
3991.038368,1.0006549944152199
3991.279422,1.0011244316998327
3991.520476,0.9989808197173781
3991.76153,0.9989410610719556
3992.002584,1.0003776112771956
3992.243638,0.9980819418291073
3992.484692,1.001649158368424
3992.725746,1.0023122691805977
3992.9668,0.9974493584281149
3993.207854,0.999656419037462
3993.448908,1.0002953536082906
3993.689962,1.001711462883725
3993.931016,0.9987875356296013
3994.17207,1.0002293362935477
3994.413124,1.0008285930937473
3994.654178,0.9987400943483983
3994.895232,1.0012988427665976
3995.136286,0.9988337805630629
3995.37734,0.9999494242789949
3995.618394,0.9992666490333587
3995.859448,0.9970847575957669
3996.100502,1.001967132271079
3996.341556,0.9996155839068076
3996.58261,0.9991325364642214
3996.823664,1.0012526839539149
3997.064718,0.9996706142593982
3997.305772,0.998152009640775
3997.546826,0.9993300345271566
3997.78788,0.9989562450914822
3998.028934,0.999113403259349
3998.269988,1.0011276353031398
3998.511042,0.9999691374762575
3998.752096,1.0009970667408812
3998.99315,1.0003779213943031
3999.234204,0.9986856644964832
3999.475258,0.9993948431812936
3999.716312,0.9991246633308543
3999.957366,0.9994189488756247
4000.19842,0.9990586433544253
4000.439474,1.0003536325132398
4000.680528,1.000348660768041
4000.921582,1.0005833000533513
4001.162636,0.9994540590800057
4001.40369,1.000981631485118
4001.644744,0.9985374705401354
4001.885798,0.9979076919345223
4002.126852,0.9985174001386858
4002.367906,1.001579646328929
4002.60896,0.9986519094914861
4002.850014,0.9983348878400727
4003.091068,0.9999773962554684
4003.332122,0.9983991826771212
4003.573176,1.0017178738576025
4003.81423,0.9991903779209621
4004.055284,0.9998093481763692
4004.296338,0.9996867690670551
4004.537392,1.001870948043298
4004.778446,1.0007810548646172
4005.0195,0.9990636786226768
4005.260554,0.9983746223593205
4005.501608,1.0015483975314472
4005.742662,0.9977809657049326
4005.983716,0.9987471854282415
4006.22477,0.9982751891987871
4006.465824,0.9988277875783586
4006.706878,0.9984944345025885
4006.947932,0.9987347011664504
4007.188986,0.9962002374372791
4007.43004,0.9969359039536587
4007.671094,0.9998719282018931
4007.912148,0.9973261810387094
4008.153202,0.9978768570632427
4008.394256,0.9995913335269003
4008.63531,0.998179259562598
4008.876364,0.9987730533153317
4009.117418,0.9998381031067167
4009.358472,0.9973407421072481
4009.599526,0.9969005133572552
4009.84058,0.9977195042904761
4010.081634,0.9987811434098284
4010.322688,0.998697449056853
4010.563742,0.9965861405145456
4010.804796,0.9990416794826849
4011.04585,0.9974758909339299
4011.286904,0.9966989604511398
4011.527958,0.9995126887747036
4011.769012,0.9990057545898241
4012.010066,0.9972796069935673
4012.25112,0.9979920186972463
4012.492174,0.9973083290598445
4012.733228,0.9970371977871401
4012.974282,0.9982292695962429
4013.215336,0.9977919413559213
4013.45639,0.9978890312351613
4013.697444,0.9976236280530408
4013.938498,0.9988064128924143
4014.179552,0.9951035269999021
4014.420606,0.9981591963611166
4014.66166,0.9968454859676877
4014.902714,0.9969890420534572
4015.143768,0.9975423250404972
4015.384822,0.9979659714454765
4015.625876,0.9956062807511609
4015.86693,0.9973484216605285
4016.107984,0.996529536029347
4016.349038,0.9969395926233273
4016.590092,0.9963723957123548
4016.831146,0.9963808649137125
4017.0722,0.9982026172305554
4017.313254,0.995237875044336
4017.554308,0.9973050379477889
4017.795362,0.9960427506294005
4018.036416,0.9967486969701822
4018.27747,0.9941370545394066
4018.518524,0.9970741885533524
4018.759578,0.9968901456458285
4019.000632,0.9959588873604907
4019.241686,0.9953350150012932
4019.48274,0.9964723368756103
4019.723794,0.996214682445448
4019.964848,0.9959711377301448
4020.205902,0.9963722960751202
4020.446956,0.9968719027230863
4020.68801,0.997162034658928
4020.929064,0.9977830610471606
4021.170118,0.9944029223327302
4021.411172,0.9956440149442598
4021.652226,0.998465179044252
4021.89328,0.9960559980860793
4022.134334,0.9957522473310079
4022.375388,0.993704301483037
4022.616442,0.9966247091444818
4022.857496,0.9964938609105456
4023.09855,0.9948951741366544
4023.339604,0.9958484416442105
4023.580658,0.9969312183659212
4023.821712,0.9950874064533415
4024.062766,0.9949701920609245
4024.30382,0.9947214806031369
4024.544874,0.9961726430728858
4024.785928,0.9928902943929327
4025.026982,0.9941017633003936
4025.268036,0.9951373610949965
4025.50909,0.997886037572558
4025.750144,0.9948945771997291
4025.991198,0.9949510888166287
4026.232252,0.9934901812783481
4026.473306,0.995314909437057
4026.71436,0.9942184776984062
4026.955414,0.9936310681746983
4027.196468,0.9943971548125065
4027.437522,0.9937937388947936
4027.678576,0.9971013093401221
4027.91963,0.994793998442316
4028.160684,0.9956747808196519
4028.401738,0.9954352502840655
4028.642792,0.9954749689429339
4028.883846,0.9949629288050335
4029.1249,0.9939203562824852
4029.365954,0.9941970028112175
4029.607008,0.9933027273679735
4029.848062,0.9925633894468426
4030.089116,0.9936690256064848
4030.33017,0.9928931737789616
4030.571224,0.9938523744551204
4030.812278,0.994392878913934
4031.053332,0.9955477408229434
4031.294386,0.9947950927163162
4031.53544,0.9922593146109598
4031.776494,0.9939604120799622
4032.017548,0.9924787274006104
4032.258602,0.9947291399880261
4032.499656,0.9939492797856879
4032.74071,0.9945745710899865
4032.981764,0.9902959907338835
4033.222818,0.9895964947478667
4033.463872,0.993119380607928
4033.704926,0.9939114110395323
4033.94598,0.9915029061128559
4034.187034,0.9883760858205215
4034.428088,0.9921845010791438
4034.669142,0.9919772553844348
4034.910196,0.9943500215044366
4035.15125,0.9922348061085703
4035.392304,0.9887220779956573
4035.633358,0.9914790111807537
4035.874412,0.9912028236029548
4036.115466,0.9911163944851008
4036.35652,0.9904277088597123
4036.597574,0.9896311312313179
4036.838628,0.9897597916411234
4037.079682,0.9909500000116738
4037.320736,0.9916197120349297
4037.56179,0.9924869650082339
4037.802844,0.9885342386461414
4038.043898,0.9915768749886567
4038.284952,0.9893075747557721
4038.526006,0.9893115319939856
4038.76706,0.9891898541588906
4039.008114,0.9870634064711027
4039.249168,0.9890968746827035
4039.490222,0.9896459758096203
4039.731276,0.9910427572726469
4039.97233,0.9870436654003846
4040.213384,0.9863983498843875
4040.454438,0.9877328623805985
4040.695492,0.9868709478721641
4040.936546,0.9867051674788645
4041.1776,0.9881230939268955
4041.418654,0.9881072840838717
4041.659708,0.9874158510148207
4041.900762,0.9878869607264884
4042.141816,0.9856598141364883
4042.38287,0.9874494237244881
4042.623924,0.9863667856422218
4042.864978,0.9861123358369623
4043.106032,0.9875896514985932
4043.347086,0.9870555099954369
4043.58814,0.9870110934968658
4043.829194,0.9892511858311106
4044.070248,0.9872647879462348
4044.311302,0.9870505747302251
4044.552356,0.9857958445767236
4044.79341,0.983812449694812
4045.034464,0.986404268292242
4045.275518,0.9856736134704813
4045.516572,0.9837062036876326
4045.757626,0.9839757761171793
4045.99868,0.9859023162773063
4046.239734,0.9848066022315235
4046.480788,0.985793872987006
4046.721842,0.9860837389938794
4046.962896,0.9851267163929823
4047.20395,0.9855169038246865
4047.445004,0.9834819442397403
4047.686058,0.9855484408701989
4047.927112,0.9878602881386304
4048.168166,0.9859733037995984
4048.40922,0.9866834602039609
4048.650274,0.9865630921644157
4048.891328,0.9852291748992372
4049.132382,0.9851237610172663
4049.373436,0.9854627018855431
4049.61449,0.9857288127384007
4049.855544,0.9871384261407058
4050.096598,0.9844147271921411
4050.337652,0.9862780166261796
4050.578706,0.985931893790455
4050.81976,0.9841971955755606
4051.060814,0.9851503597178946
4051.301868,0.9846027683623949
4051.542922,0.9859811916175799
4051.783976,0.9870397172336194
4052.02503,0.9852577469596021
4052.266084,0.9885352271808743
4052.507138,0.9870614323462639
4052.748192,0.9850754911355981
4052.989246,0.9855849068371273
4053.2303,0.9852301601289047
4053.471354,0.9871522461754119
4053.712408,0.9868344343225977
4053.953462,0.9880618321942053
4054.194516,0.9853533215963521
4054.43557,0.9863164822189022
4054.676624,0.986530536119552
4054.917678,0.9874997849292978
4055.158732,0.9843202279143686
4055.399786,0.9860807807470997
4055.64084,0.9878780697838512
4055.881894,0.9858165465068293
4056.122948,0.9868324606557026
4056.364002,0.9881932531571875
4056.605056,0.9874296749335021
4056.84611,0.9863736902338873
4057.087164,0.9878355919401306
4057.328218,0.9854548182154628
4057.569272,0.9861192386474731
4057.810326,0.9879916822944704
4058.05138,0.9868581186332319
4058.292434,0.9891710597302092
4058.533488,0.9877585437688771
4058.774542,0.9881764540146769
4059.015596,0.9903494681612607
4059.25665,0.9891562222755944
4059.497704,0.9879501875152106
4059.738758,0.9895539430134614
4059.979812,0.9903771983345898
4060.220866,0.989357041371165
4060.46192,0.9891433633282882
4060.702974,0.9912280995972241
4060.944028,0.9875985398454542
4061.185082,0.9904499937338656
4061.426136,0.9906415652870258
4061.66719,0.9916051353323019
4061.908244,0.9874138761850935
4062.149298,0.9902254841694068
4062.390352,0.9916122749149787
4062.631406,0.9923994315182038
4062.87246,0.9927115902237997
4063.113514,0.9923925839857504
4063.354568,0.990286880052678
4063.595622,0.9915108381678329
4063.836676,0.989741976125214
4064.07773,0.9924197759150792
4064.318784,0.9890236842220574
4064.559838,0.9927710554290193
4064.800892,0.9910680291851729
4065.041946,0.9913664846989833
4065.283,0.9899983524963373
4065.524054,0.9942112199300099
4065.765108,0.99271536253501
4066.006162,0.9899260852543914
4066.247216,0.9919844968448305
4066.48827,0.9919991783240264
4066.729324,0.9911095558055724
4066.970378,0.9929962414395189
4067.211432,0.993232503347597
4067.452486,0.9915628938532866
4067.69354,0.9913263351693864
4067.934594,0.9928338998258321
4068.175648,0.9929592033704775
4068.416702,0.9933359042331182
4068.657756,0.9928507781455944
4068.89881,0.9927348199467977
4069.139864,0.9936752857410656
4069.380918,0.994108622626225
4069.621972,0.9914748469776515
4069.863026,0.9915864933309929
4070.10408,0.9943767698797791
4070.345134,0.9926740664348934
4070.586188,0.9939853607994106
4070.827242,0.9916378588417027
4071.068296,0.9936023526517693
4071.30935,0.9924832928132569
4071.550404,0.9927724453094698
4071.791458,0.992900918375921
4072.032512,0.9914052478863504
4072.273566,0.9945441375737463
4072.51462,0.9940785015912954
4072.755674,0.9926220516766108
4072.996728,0.9949719830088821
4073.237782,0.9937121517780274
4073.478836,0.9947860401221618
4073.71989,0.9933510030536133
4073.960944,0.991571619645146
4074.201998,0.9940050419043968
4074.443052,0.9946238037497537
4074.684106,0.995430671292446
4074.92516,0.9942192730735065
4075.166214,0.9948224499575262
4075.407268,0.9931443082172215
4075.648322,0.9917443664670994
4075.889376,0.9948871155183814
4076.13043,0.9938424359810684
4076.371484,0.9932669691134408
4076.612538,0.9944375281565652
4076.853592,0.9945009752948037
4077.094646,0.9932339931974694
4077.3357,0.9938276278390932
4077.576754,0.995841271561243
4077.817808,0.9935829775948001
4078.058862,0.9935182974483202
4078.299916,0.9924628478680086
4078.54097,0.9941090202697537
4078.782024,0.9915713221737046
4079.023078,0.9936718078836517
4079.264132,0.9905265584775704
4079.505186,0.9917598377998924
4079.74624,0.9914988409592744
4079.987294,0.9927279701001721
4080.228348,0.9926632463465388
4080.469402,0.9924573893373563
4080.710456,0.9924075692269068
4080.95151,0.9929977309349982
4081.192564,0.9937680993470818
4081.433618,0.9917601353278884
4081.674672,0.990916803742714
4081.915726,0.9925526698201227
4082.15678,0.992463046360598
4082.397834,0.9886311197486252
4082.638888,0.993224756164285
4082.879942,0.9916671125900293
4083.120996,0.9914523407540717
4083.36205,0.9900523088768464
4083.603104,0.9940709466233922
4083.844158,0.9900161726270629
4084.085212,0.9925886008771184
4084.326266,0.9918383882896045
4084.56732,0.9902484576671311
4084.808374,0.9920324108531421
4085.049428,0.9908411005908052
4085.290482,0.9929285214051321
4085.531536,0.9898320467431923
4085.77259,0.9913203872292192
4086.013644,0.9935819840123192
4086.254698,0.9915958142878387
4086.495752,0.9916411312520363
4086.736806,0.9929766796062472
4086.97786,0.9921482870057653
4087.218914,0.9922827322071113
4087.459968,0.991047216975089
4087.701022,0.9919375770877907
4087.942076,0.9895351416671575
4088.18313,0.9914773256678673
4088.424184,0.9894203622480592
4088.665238,0.9907747164609588
4088.906292,0.9908698353993751
4089.147346,0.9885826780105899
4089.3884,0.9913283178240394
4089.629454,0.9896182661102353
4089.870508,0.9901598343961204
4090.111562,0.9898280874229239
4090.352616,0.9907679792157935
4090.59367,0.990739841804737
4090.834724,0.9924010193585645
4091.075778,0.9929441105052923
4091.316832,0.9914360810690132
4091.557886,0.9903585794182795
4091.79894,0.9923874235577307
4092.039994,0.9912291899487334
4092.281048,0.9900903276154623
4092.522102,0.9885787236877864
4092.763156,0.9912437611249235
4093.00421,0.9885905867036486
4093.245264,0.9902795519568796
4093.486318,0.9906195732883886
4093.727372,0.9923730340444133
4093.968426,0.9885619179923325
4094.20948,0.9908563596612489
4094.450534,0.9933961022128951
4094.691588,0.9904642563164657
4094.932642,0.9886746204749031
4095.173696,0.9893708924667016
4095.41475,0.9893461585035658
4095.655804,0.990577373793422
4095.896858,0.990628092653352
4096.137912,0.9913940450703453
4096.378966,0.9920357837690729
4096.62002,0.9921617803142229
4096.861074,0.9926899493470193
4097.102128,0.9937045995943722
4097.343182,0.9942696812684882
4097.584236,0.9947736053743775
4097.82529,0.9920652476693876
4098.066344,0.9915999789990045
4098.307398,0.9932959729323926
4098.548452,0.994523053461522
4098.789506,0.9932003231358109
4099.03056,0.9940853607566206
4099.271614,0.993141030846412
4099.512668,0.9965002384916637
4099.753722,0.996192865582798
4099.994776,0.997168615950075
4100.23583,0.9947621655436949
4100.476884,0.9964508133055893
4100.717938,0.993555257016429
4100.958992,0.9950925809213087
4101.200046,0.9956411275808031
4101.4411,0.9966544090033399
4101.682154,0.9976783990936722
4101.923208,0.9962172726069896
4102.164262,0.9986136618557994
4102.405316,0.9976691207277051
4102.64637,0.9985590391824396
4102.887424,0.9966559039860747
4103.128478,0.9975364395581416
4103.369532,0.9973653767278144
4103.610586,0.9954078761910783
4103.85164,0.999215447922046
4104.092694,0.9955285269369601
4104.333748,0.9972231625652038
4104.574802,0.99668610311748
4104.815856,0.9981454218592511
4105.05691,0.9951819442474287
4105.297964,0.9968285397384696
4105.539018,0.9975462154631513
4105.780072,0.9947836526385304
4106.021126,0.9979607820359174
4106.26218,0.9981606936010341
4106.503234,0.9971666216148375
4106.744288,0.9963986006509555
4106.985342,1.0008372502985199
4107.226396,0.9982645077114087
4107.46745,0.9984344267903247
4107.708504,1.0015263637090746
4107.949558,0.9969690027751074
4108.190612,0.9997057532990544
4108.431666,0.9996368259636617
4108.67272,0.9966746412931997
4108.913774,0.9990970978616603
4109.154828,0.9994044873880635
4109.395882,1.0005989192805729
4109.636936,1.0002589335174974
4109.87799,0.9987087344017894
4110.119044,0.9985053181512403
4110.360098,0.9966573989710519
4110.601152,0.9985912931603041
4110.842206,0.9978719674786226
4111.08326,0.9986948524468611
4111.324314,0.9994420856920987
4111.565368,1.0005386150009956
4111.806422,0.9977512322751848
4112.047476,0.9981406307727247
4112.28853,0.998980520023177
4112.529584,1.0004009203470878
4112.770638,0.9998472216717976
4113.011692,1.0015794460130196
4113.252746,0.9977377627244688
4113.4938,0.9992583851323426
4113.734854,1.0004033113081447
4113.975908,1.0010782809273147
4114.216962,0.999873238034977
4114.458016,0.9998644591864861
4114.69907,0.9985774128377977
4114.940124,0.9991476834282879
4115.181178,1.00118960702177
4115.422232,1.000235347689923
4115.663286,1.0001752853606838
4115.90434,0.9987793456053883
4116.145394,0.9982090057477488
4116.386448,1.003225290091381
4116.627502,1.000151051407115
4116.868556,0.9993472931058803
4117.10961,1.0011414509598349
4117.350664,1.0000025748033148
4117.591718,0.9981713739775955
4117.832772,1.000581749150438
4118.073826,0.9993666706377582
4118.31488,1.0013346899068285
4118.555934,0.9989588423810959
4118.796988,1.0003673374518838
4119.038042,1.0025938582443428
4119.279096,1.000349150939005
4119.52015,1.0010556568138191
4119.761204,0.9999672245371273
4120.002258,0.9965161826230322
4120.243312,1.0002234849690457
4120.484366,0.9994862020394019
4120.72542,1.0002918425777614
4120.966474,1.0017785798001297
4121.207528,0.9998262950884454
4121.448582,1.0006215530841143
4121.689636,1.0030300814443465
4121.93069,1.0018100361413973
4122.171744,1.000950261212362
4122.412798,0.9992515502283636
4122.653852,0.9990645577991007
4122.894906,0.9996053878798515
4123.13596,1.0019930835558726
4123.377014,1.00142932050625
4123.618068,0.9984204488061957
4123.859122,1.0002739175085513
4124.100176,1.0027659181127322
4124.34123,1.0003177904847007
4124.582284,1.002464531978353
4124.823338,1.0003951080346254
4125.064392,1.0014191059792752
4125.305446,0.9997051234846283
4125.5465,1.0024642312390384
4125.787554,1.0018842730155177
4126.028608,1.002133372407561
4126.269662,0.9973562010085569
4126.510716,1.000530910883321
4126.75177,1.0000898200335777
4126.992824,1.0005856314151564
4127.233878,0.999599660157389
4127.474932,1.0004724115512063
4127.715986,0.999742813078228
4127.95704,1.0004749627591085
4128.198094,0.9983276000219922
4128.439148,1.0013670335396594
4128.680202,1.0004275113569436
4128.921256,1.0019156324840361
4129.16231,1.0004911805896999
4129.403364,1.0016575722566927
4129.644418,1.0007937148250352
4129.885472,1.0009415830112174
4130.126526,0.9991236542154538
4130.36758,1.0016541666267365
4130.608634,1.0019717413304883
4130.849688,0.999777254811394
4131.090742,1.0004294721967875
4131.331796,1.0004643677853533
4131.57285,0.9993536389813397
4131.813904,1.0004662986834465
4132.054958,0.99894645536825
4132.296012,1.0005539533755319
4132.537066,1.001372941622586
4132.77812,1.001516749102133
4133.019174,1.0017106615148752
4133.260228,1.0012946373202893
4133.501282,1.0011429526731375
4133.742336,1.0006911687471152
4133.98339,1.0004983741471491
4134.224444,1.002138783942383
4134.465498,0.9987931288554619
4134.706552,0.9998930557189474
4134.947606,0.9996929371534489
4135.18866,0.997993016689764
4135.429714,1.001034334555412
4135.670768,1.0015197536568872
4135.911822,0.9982059113046274
4136.152876,1.0005739046202753
4136.39393,1.000699244357432
4136.634984,0.9979282490447137
4136.876038,0.999344894675255
4137.117092,1.0009183714450465
4137.358146,1.000653753603796
4137.5992,1.0005151226301168
4137.840254,0.9995845763123251
4138.081308,0.9995208048506876
4138.322362,1.0025225763551229
4138.563416,1.0005331820910663
4138.80447,0.9983965868426209
4139.045524,0.998654006662698
4139.286578,1.0004615364751988
4139.527632,1.0006557649198622
4139.768686,0.9998659389869808
4140.00974,0.9985094120314372
4140.250794,1.0013410984693514
4140.491848,1.0012594924953147
4140.732902,1.000489759893232
4140.973956,0.9992119107056212
4141.21501,1.0002334872539067
4141.456064,0.9980556926192157
4141.697118,0.9990780352708908
4141.938172,0.9982679018165049
4142.179226,1.0005745750050161
4142.42028,1.0019414822408148
4142.661334,1.000605153031258
4142.902388,0.9993914552385178
4143.143442,1.0001081958527491
4143.384496,1.001145655762759
4143.62555,0.9997799442158267
4143.866604,0.9996517206633337
4144.107658,0.9993848992520751
4144.348712,0.9997587291105035
4144.589766,0.998222182193589
4144.83082,0.999739913828274
4145.071874,1.000345179560759
4145.312928,0.999968522495427
4145.553982,0.9982805798993637
4145.795036,0.997140097335477
4146.03609,0.999388427086996
4146.277144,0.9985688251089746
4146.518198,0.9993632528095892
4146.759252,1.000555664324255
4147.000306,0.9979858311659118
4147.24136,1.0000367236742975
4147.482414,0.998861848186645
4147.723468,0.9996367259999841
4147.964522,0.9983592475085228
4148.205576,0.9968680149302469
4148.44663,0.999637595684314
4148.687684,0.9994373383534666
4148.928738,1.0008914471029886
4149.169792,0.9981403313305804
4149.410846,0.9995164569446432
4149.6519,0.9990641981359246
4149.892954,0.9995444937744752
4150.134008,0.9990311596291871
4150.375062,0.9998496912974851
4150.616116,1.000824860010057
4150.85717,0.9980535967044619
4151.098224,1.0001787959820967
4151.339278,1.0002037307502911
4151.580332,0.9984751637459659
4151.821386,1.0005102601384366
4152.06244,0.9989139901360133
4152.303494,0.9980189648455225
4152.544548,0.997437089876458
4152.785602,0.9993172032118905
4153.026656,0.9994754676152359
4153.26771,0.9997058832608108
4153.508764,0.9987215179554043
4153.749818,0.999356427181882
4153.990872,0.9988274879300671
4154.231926,0.9983145220160929
4154.47298,0.9989903100802445
4154.714034,0.9994555482676633
4154.955088,0.9989574438396955
4155.196142,0.9986611969974312
4155.437196,1.0006039222876768
4155.67825,0.9999140956899866
4155.919304,0.9984706706178387
4156.160358,0.9997132411231885
4156.401412,0.9997600787856988
4156.642466,0.9997375944343644
4156.88352,0.9993718173893649
4157.124574,0.9968809742986767
4157.365628,0.9983953887674355
4157.606682,1.0003591044625755
4157.847736,1.0013423000793904
4158.08879,0.9993430758692018
4158.329844,0.9997451324842449
4158.570898,0.9998783773966285
4158.811952,0.9990059344108762
4159.053006,0.9984416155440771
4159.29406,1.0000209942203755
4159.535114,0.9983796142449121
4159.776168,1.0006666421071444
4160.017222,1.0019084187174518
4160.258276,0.9984588887334386
4160.49933,0.9981742686787773
4160.740384,1.001390165385306
4160.981438,0.998257020755677
4161.222492,1.0001083758722407
4161.463546,1.0015452927362274
4161.7046,0.9995081509973973
4161.945654,0.9997190694683739
4162.186708,0.9995966613629067
4162.427762,0.9969626221939075
4162.668816,1.0010998043417305
4162.90987,0.9991187785039181
4163.150924,0.9998371732577132
4163.391978,1.000448810685391
4163.633032,0.9991561662281296
4163.874086,0.9966464357999608
4164.11514,0.9990553964191107
4164.356194,0.9992471335462725
4164.597248,0.9971235449472464
4164.838302,0.9987440893167656
4165.079356,0.9989186850428
4165.32041,0.9973274775635874
4165.561464,0.9999682045054874
4165.802518,1.000505357650173
4166.043572,1.0006741971688127
4166.284626,0.999064437911361
4166.52568,0.9987336025588833
4166.766734,0.9994950875112338
4167.007788,1.001671194892309
4167.248842,1.0001776357753662
4167.489896,1.0004498711616925
4167.73095,0.999497296397818
4167.972004,0.9989567445697296
4168.213058,0.9976915685354584
4168.454112,0.9998779074539016
4168.695166,1.0005113406901012
4168.93622,0.9997231283360354
4169.177274,0.99987252812523
4169.418328,0.999506261928777
4169.659382,0.9995599768385998
4169.900436,1.0016288250968925
4170.14149,0.9977551235125787
4170.382544,0.9965614254847285
4170.623598,1.0023863427942763
4170.864652,0.9969928306190153
4171.105706,0.998035232687232
4171.34676,1.001665986215638
4171.587814,0.9999796912062263
4171.828868,0.9984709701590847
4172.069922,1.0007108925644288
4172.310976,1.000777211872745
4172.55203,1.0009090429292957
4172.793084,0.9990400210748734
4173.034138,1.0004091536805424
4173.275192,0.9987225166774217
4173.516246,0.9988778301040709
4173.7573,0.997160040336853
4173.998354,0.9995321894574901
4174.239408,0.9998010297971969
4174.480462,0.9983588481649037
4174.721516,1.0000667202256952
4174.96257,0.9975860183512105
4175.203624,1.0011537650754132
4175.444678,1.0009689491281901
4175.685732,1.0002286361332575
4175.926786,0.9971301259843605
4176.16784,0.9986097672701126
4176.408894,0.999194244795207
4176.649948,0.9998904560003822
4176.891002,0.9978620885950451
4177.132056,0.9977350688361462
4177.37311,0.9992422472397364
4177.614164,0.9984836508209278
4177.855218,0.9974169418507383
4178.096272,0.9992045065727952
4178.337326,0.9996601577594607
4178.57838,0.9980758535478313
4178.819434,1.0000648681038444
4179.060488,1.0003040962278864
4179.301542,1.000033061546521
4179.542596,1.0010487495536173
4179.78365,0.9969454745842756
4180.024704,0.9986127631039081
4180.265758,0.9970852561382703
4180.506812,0.9981440244566386
4180.747866,0.9982956540499297
4180.98892,0.9981493146339873
4181.229974,1.0002800392036588
4181.471028,1.0004001500386759
4181.712082,0.9997325657669115
4181.953136,1.0000043891096322
4182.19419,0.9978000235033789
4182.435244,1.0004589752969437
4182.676298,1.0007289955882166
4182.917352,0.9992516201759746
4183.158406,0.9977298806272776
4183.39946,0.9982142962694992
4183.640514,0.997639989214702
4183.881568,1.000459035324484
4184.122622,0.9969348073247675
4184.363676,0.9984327294532419
4184.60473,0.997451153838576
4184.845784,1.0020417816030864
4185.086838,0.9996804010826182
4185.327892,0.9993982910994502
4185.568946,0.9973079301365926
4185.81,1.0006166200320177
4186.051054,0.9970848573042477
4186.292108,0.9984404174148572
4186.533162,0.9963254676776807
4186.774216,0.9983940908542738
4187.01527,0.9981050975987635
4187.256324,0.9966138459943563
4187.497378,0.9982393517627807
4187.738432,0.9986887604268418
4187.979486,0.998658101152519
4188.22054,0.9967737156764596
4188.461594,0.9988971086322292
4188.702648,0.9976887750029774
4188.943702,0.9994843929710133
4189.184756,0.9976409868551901
4189.42581,0.9989247784653638
4189.666864,0.9977281844879222
4189.907918,0.9987008446339523
4190.148972,0.9985551448097808
4190.390026,0.998101304806599
4190.63108,0.9988845226079526
4190.872134,0.9994735786083871
4191.113188,0.9968529623368688
4191.354242,0.999987871073556
4191.595296,1.0000624849521034
4191.83635,0.9980720608667939
4192.077404,0.9986004802424617
4192.318458,0.9984547950603868
4192.559512,0.9983040397686437
4192.800566,0.9982616127485341
4193.04162,0.9981478174111382
4193.282674,0.9987506810495078
4193.523728,0.9973766470202485
4193.764782,0.9980257513975577
4194.005836,0.99819283489284
4194.24689,0.9988300848849119
4194.487944,0.9976563506446885
4194.728998,0.996484493912278
4194.970052,0.996050719003279
4195.211106,1.0004230694686542
4195.45216,0.9999800461990798
4195.693214,0.9991525992469832
4195.934268,0.9963540626289387
4196.175322,0.9997669371633635
4196.416376,0.9970130697789036
4196.65743,0.9979098873338595
4196.898484,0.9983738236599421
4197.139538,0.9995612062981274
4197.380592,0.9990794939258871
4197.621646,0.9991534984847272
4197.8627,0.9988850220503387
4198.103754,0.9979068936086881
4198.344808,0.9979673685988145
4198.585862,0.9995456132649352
4198.826916,0.9983446715699138
4199.06797,1.001429220363323
4199.309024,0.9985043196464214
4199.550078,0.9969020087091467
4199.791132,0.9979322407656933
4200.032186,0.997249290154333
4200.27324,0.9999206481485248
4200.514294,0.9995642349731709
4200.755348,0.9997002349385269
4200.996402,0.9975149927552451
4201.237456,0.9986835672587898
4201.47851,0.9986288408988201
4201.719564,0.9967122166354673
4201.960618,0.9982071091524397
4202.201672,1.0006171403527953
4202.442726,0.9980262504105581
4202.68378,0.9984477060565079
4202.924834,0.997788349311398
4203.165888,1.0001719447808095
4203.406942,0.9987186216672019
4203.647996,0.9973541065627339
4203.88905,0.9964374609541519
4204.130104,0.9986965502295534
4204.371158,0.9991301185664088
4204.612212,0.9981399320745278
4204.853266,0.9999088241567698
4205.09432,1.0009546053459224
4205.335374,1.0002522818177064
4205.576428,1.0006672425073098
4205.817482,0.9988285866409082
4206.058536,0.9984293347877327
4206.29959,0.9992058355156727
4206.540644,0.9991579147529505
4206.781698,0.9987209187226733
4207.022752,1.0008065150585053
4207.263806,1.0002439997631007
4207.50486,0.9972024205391403
4207.745914,0.9984195502281962
4207.986968,0.9976360984263312
4208.228022,0.9988157018352477
4208.469076,0.999198441419848
4208.71013,0.999953524080039
4208.951184,0.998450601559054
4209.192238,0.9986265440551273
4209.433292,1.000680821653925
4209.674346,0.9994318114802674
4209.9154,1.0007098718398388
4210.156454,0.997177590508004
4210.397508,0.9992835967394426
4210.638562,0.9989708299591298
4210.879616,0.9986892597713469
4211.12067,0.9990593726675012
4211.361724,0.9990623099063746
4211.602778,0.9988132047991144
4211.843832,1.0007648323352016
4212.084886,0.9992721749932072
4212.32594,0.9982435443768626
4212.566994,0.9987701568776769
4212.808048,0.9999744573262197
4213.049102,0.9992527992935821
4213.290156,0.999974817317089
4213.53121,0.9994394571628699
4213.772264,0.9965512606100295
4214.013318,0.9979142781470236
4214.254372,0.9970511564056191
4214.495426,0.9998147071688375
4214.73648,0.998468573831632
4214.977534,1.0003157898511204
4215.218588,0.9976688214270137
4215.459642,0.9990008594736197
4215.700696,1.0009108946127379
4215.94175,0.9984170541824406
4216.182804,0.997303143070017
4216.423858,0.9987412928372306
4216.664912,1.0001602828439227
4216.905966,0.997777473477664
4217.14702,0.9997403037269165
4217.388074,0.9990691235345626
4217.629128,0.9984205486482456
4217.870182,0.9974222281745387
4218.111236,0.9989756250306218
4218.35229,0.9960721343239514
4218.593344,1.0014125967762413
4218.834398,0.9981753666710768
4219.075452,0.9984223458068506
4219.316506,0.9995139181760668
4219.55756,1.0005457388612953
4219.798614,0.9990033669689239
4220.039668,0.9994716796103918
4220.280722,0.9981920363388915
4220.521776,0.9989155883996762
4220.76283,0.999432301201975
4221.003884,1.001006105785205
4221.244938,0.9986748787495497
4221.485992,0.9980879303387237
4221.727046,1.0002672156957553
4221.9681,0.9974238240513805
4222.209154,0.9974157449511262
4222.450208,0.9978587956555861
4222.691262,0.9982386529954791
4222.932316,1.000578337172491
4223.17337,0.9992449851672449
4223.414424,0.998867441828657
4223.655478,0.9994020588381098
4223.896532,1.0003188008061792
4224.137586,0.9968935350780856
4224.37864,0.998901903349858
4224.619694,0.9973367527522584
4224.860748,0.9985297818312139
4225.101802,0.9986930547977446
4225.342856,0.9992642208183519
4225.58391,0.9989141899188314
4225.824964,0.9981444237143283
4226.066018,0.9972353287620008
4226.307072,0.9986804713445301
4226.548126,1.0007352901933952
4226.78918,0.9983579496423447
4227.030234,1.0007099018611354
4227.271288,0.9988818256233825
4227.512342,1.0011162225131505
4227.753396,0.9997668871750179
4227.99445,0.9986740798099664
4228.235504,0.9983314935072245
4228.476558,0.9981972269509761
4228.717612,0.9981372371003494
4228.958666,0.9994434349398251
4229.19972,1.0013032484911983
4229.440774,0.9972264534070702
4229.681828,0.9990530985943414
4229.922882,0.9981480170407216
4230.163936,0.9985664285466702
4230.40499,0.9987084347892141
4230.646044,0.9984970305914931
4230.887098,0.9985343750787747
4231.128152,0.9986870626573923
4231.369206,0.9990579240324611
4231.61026,0.9978938211140068
4231.851314,0.9983932921393205
4232.092368,0.9976665267913634
4232.333422,0.995710725328034
4232.574476,1.0005890734356488
4232.81553,0.9951435309657618
4233.056584,0.9968347200945751
4233.297638,0.9987038407409804
4233.538692,0.9989613397813235
4233.779746,1.0000153691181037
4234.0208,0.9982413482434808
4234.261854,0.996408763968515
4234.502908,1.0021761644161655
4234.743962,0.995994842125304
4234.985016,0.9982907624132094
4235.22607,1.0002819097290812
4235.467124,0.9949296975981756
4235.708178,0.9988127053926369
4235.949232,0.9990311596291871
4236.190286,0.9975484100672393
4236.43134,0.995246334602227
4236.672394,0.9993456941514905
4236.913448,0.9982501328059973
4237.154502,0.9985789107050403
4237.395556,0.9966330808271996
4237.63661,0.996604577528687
4237.877664,0.9973495187443958
4238.118718,0.9988125056301158
4238.359772,0.9980142741674108
4238.600826,0.9976431816677754
4238.84188,0.9992498015396808
4239.082934,0.9969846553113231
4239.323988,0.9947236689928015
4239.565042,0.9973759488568399
4239.806096,0.9958445578428615
4240.04715,0.9990548469387938
4240.288204,0.9977786708113505
4240.529258,0.9993116869961536
4240.770312,0.9968582456715701
4241.011366,0.996685405437452
4241.25242,0.9998125075789013
4241.493474,0.9959529116250937
4241.734528,0.9951582591990088
4241.975582,0.9973496184793527
4242.216636,0.9976728121102808
4242.45769,0.9946099785749667
4242.698744,0.9948635369731504
4242.939798,0.9985070156117241
4243.180852,0.9971633309704158
4243.421906,0.9947757938787167
4243.66296,0.995775149896075
4243.904014,0.9956821488402916
4244.145068,0.9947201874660526
4244.386122,0.9968997158371635
4244.627176,0.9983164188154867
4244.86823,0.9966055741337628
4245.109284,0.9977463433061247
4245.350338,0.9970700008505546
4245.591392,0.9979848331805796
4245.832446,0.996893834146191
4246.0735,0.9962888035750938
4246.314554,0.9974436729829754
4246.555608,0.9976540560377208
4246.796662,0.9956625340951653
4247.037716,0.9971128757823956
4247.27877,0.9964158384958537
4247.519824,0.9956040904197525
4247.760878,0.9967552755332915
4248.001932,0.996911977779079
4248.242986,0.995144625624248
4248.48404,0.9959604808959852
4248.725094,0.9979249558869255
4248.966148,0.9946570247395864
4249.207202,0.9964782160797415
4249.448256,0.9962818295778778
4249.68931,0.9959936469322105
4249.930364,0.9956544692613017
4250.171418,0.9965437865036029
4250.412472,0.9961308047004888
4250.653526,0.9964247066362795
4250.89458,0.9979977072679653
4251.135634,0.995151094085337
4251.376688,0.9960668551556293
4251.617742,0.9957369128644746
4251.858796,0.9957584210140797
4252.09985,0.9971046994903371
4252.340904,0.9966608872780528
4252.581958,0.99819283489284
4252.823012,0.996481903055962
4253.064066,0.9968417976462131
4253.30512,0.9972788091702008
4253.546174,0.995207222189841
4253.787228,0.9959404622915069
4254.028282,0.994084764305583
4254.269336,0.9951498999047406
4254.51039,0.9959084931157753
4254.751444,0.9962880065443698
4254.992498,0.9942848937109866
4255.233552,0.9950802418498076
4255.474606,0.996481205518874
4255.71566,0.9960510178185394
4255.956714,0.9950816349631214
4256.197768,0.996787371569907
4256.438822,0.9962876080292469
4256.679876,0.9951961754509843
4256.92093,0.9963166004204778
4257.161984,0.9975556921972125
4257.403038,0.9971330176659188
4257.644092,0.9935326042148119
4257.885146,0.9947819615077584
4258.1262,0.9941071314644094
4258.367254,0.9974666144512798
4258.608308,0.9974660159714908
4258.849362,0.9974462663398965
4259.090416,0.9966209219777826
4259.33147,0.9954032973253792
4259.572524,0.9957835144424652
4259.813578,0.9963419071835229
4260.054632,0.9941717505280515
4260.295686,0.9954095683859061
4260.53674,0.9969147691365248
4260.777794,0.9954267891203982
4261.018848,0.996391526246005
4261.259902,0.9961634783267275
4261.500956,0.9964924658201169
4261.74201,0.9971856676791997
4261.983064,0.9965274433195187
4262.224118,0.99472158007529
4262.465172,0.9962302235157142
4262.706226,0.9949037302719433
4262.94728,0.9947537101012235
4263.188334,0.9949411393554879
4263.429388,0.9939133988643422
4263.670442,0.996639359635387
4263.911496,0.9968251505271962
4264.15255,0.9973541065627339
4264.393604,0.9949302945561732
4264.634658,0.9961805128678517
4264.875712,0.9966136466716071
4265.116766,0.9978298581701077
4265.35782,0.9976406875629389
4265.598874,0.9969222460253315
4265.839928,0.9980441152403303
4266.080982,0.9955016480295997
4266.322036,0.9951457202839382
4266.56309,0.9959047086706919
4266.804144,0.9956728890393655
4267.045198,0.9962850176848334
4267.286252,0.9964576888399216
4267.527306,0.9954067812430166
4267.76836,0.9941770196522924
4268.009414,0.9977263885788065
4268.250468,0.9954004106600026
4268.491522,0.9955481390421194
4268.732576,0.9976209344728814
4268.97363,0.9960837884360995
4269.214684,0.9953764217991726
4269.455738,0.9970716958709969
4269.696792,0.9957059459280229
4269.937846,0.9960754213674183
4270.1789,0.995807513114346
4270.419954,0.9959299053785583
4270.661008,0.9969078904483492
4270.902062,0.9960608787724275
4271.143116,0.9969529517033742
4271.38417,0.9990651772193186
4271.625224,0.9970309164725801
4271.866278,0.9957987500467882
4272.107332,0.9958790146606624
4272.348386,0.9962470599487591
4272.58944,0.9977224974534787
4272.830494,0.9953745305857679
4273.071548,0.9957152060363795
4273.312602,0.9966054744732105
4273.553656,0.9958335040296182
4273.79471,0.9977068333332324
4274.035764,0.9976847842558589
4274.276818,0.9967488963199415
4274.517872,0.996593016982639
4274.758926,0.9960743256850574
4274.99998,0.9950770575981285
4275.241034,0.9945279266364233
4275.482088,0.9964701446388807
4275.723142,0.9963270617997043
4275.964196,0.9970310161756768
4276.20525,0.9974230261126404
4276.446304,0.9961241306464553
4276.687358,0.9965088084305654
4276.928412,0.9965147875013531
4277.169466,0.996175830830444
4277.41052,0.9967344435657276
4277.651574,0.9984381210045381
4277.892628,0.9974148472773596
4278.133682,0.9964319805631877
4278.374736,0.9964630697259698
4278.61579,0.9975297560863863
4278.856844,0.997145083048428
4279.097898,0.9961207438301687
4279.338952,0.9955435595312127
4279.580006,0.9949440246889758
4279.82106,0.995097556396652
4280.062114,0.998683067917131
4280.303168,0.9960723335383982
4280.544222,0.9956014022923374
4280.785276,0.9961241306464553
4281.02633,0.9958872804907872
4281.267384,0.9962855158274667
4281.508438,0.996636270058161
4281.749492,0.9953534288693985
4281.990546,0.9973696654081551
4282.2316,0.9975108032010737
4282.472654,0.9978009215238042
4282.713708,0.9956490927416843
4282.954762,0.9956372445879773
4283.195816,0.9952089140435568
4283.43687,0.9958480433049135
4283.677924,0.995310729123216
4283.918978,0.9970686049535306
4284.160032,0.9966099592079362
4284.401086,0.9987245141244525
4284.64214,0.9936481587760496
4284.883194,0.997032212613614
4285.124248,0.9963217812802702
4285.365302,0.9950801423417884
4285.606356,0.9974379875702428
4285.84741,0.9956183276600415
4286.088464,0.9962643947984149
4286.329518,0.9964906721352927
4286.570572,0.9939245307567479
4286.811626,0.9966442431802139
4287.05268,0.9955528181293687
4287.293734,0.9959469359255511
4287.534788,0.9938920299559832
4287.775842,0.9953018708971461
4288.016896,0.9967257720137899
4288.25795,0.9956530753460205
4288.499004,0.9972421099852925
4288.740058,0.9967888667520858
4288.981112,0.9962822280906893
4289.222166,0.9960504201881081
4289.46322,0.9946025190281007
4289.704274,0.9976694200284862
4289.945328,0.9970367989723407
4290.186382,0.9984373222543608
4290.427436,0.9948217535820549
4290.66849,0.9957845102264774
4290.909544,0.9945231529138324
4291.150598,0.9936038430564161
4291.391652,0.9955804948824178
4291.632706,0.9950458126690679
4291.87376,0.9942238464926815
4292.114814,0.99400742751936
4292.355868,0.9960909602651947
4292.596922,0.9954553582792114
4292.837976,0.9965605285798492
4293.07903,0.9964469271549954
4293.320084,0.9951526863283613
4293.561138,0.9960386668624946
4293.802192,0.9945783504805374
4294.043246,0.9963480845224972
4294.2843,0.9967643460475696
4294.525354,0.9930703217222905
4294.766408,0.9960151606273313
4295.007462,0.9955923423607993
4295.248516,0.9964632690186036
4295.48957,0.9946480728666471
4295.730624,0.9973068330984729
4295.971678,0.9971930468804435
4296.212732,0.9947766891773342
4296.453786,0.9944221144943349
4296.69484,0.9959384704125742
4296.935894,0.9934765705560983
4297.176948,0.9934236196660414
4297.418002,0.9974676119183931
4297.659056,0.9953177958544797
4297.90011,0.9946416076751855
4298.141164,0.9953561163272845
4298.382218,0.9963711004290824
4298.623272,0.993721989577027
4298.864326,0.9955912472098251
4299.10538,0.9954310694647941
4299.346434,0.9940542463717715
4299.587488,0.9951893086210643
4299.828542,0.995218468094991
4300.069596,0.9946357393070119
4300.31065,0.993177678426594
4300.551704,0.9947667414601811
4300.792758,0.9939517646619935
4301.033812,0.9928361833464278
4301.274866,0.9955680502040112
4301.51592,0.9927853514351485
4301.756974,0.9946473766132399
4301.998028,0.9932835568103319
4302.239082,0.9933089851948681
4302.480136,0.9940675667879195
4302.72119,0.9947136223344804
4302.962244,0.9959771135748987
4303.203298,0.9952448417338448
4303.444352,0.9919499763849997
4303.685406,0.9954003111199665
4303.92646,0.9950295935545075
4304.167514,0.9939877463671392
4304.408568,0.9943305324350086
4304.649622,0.992816525384612
4304.890676,0.9918425540195833
4305.13173,0.9932616054862894
4305.372784,0.9936662433371084
4305.613838,0.9937182134406413
4305.854892,0.9941333762391097
4306.095946,0.9949715850201685
4306.337,0.9913631140586654
4306.578054,0.9934395145711149
4306.819108,0.9929153155436167
4307.060162,0.994263119110247
4307.301216,0.9932611088556108
4307.54227,0.9923791867762979
4307.783324,0.992546416758
4308.024378,0.9928871171490743
4308.265432,0.9917061850439876
4308.506486,0.9943300352698667
4308.74754,0.9933804066784752
4308.988594,0.9935922179594593
4309.229648,0.9885698265193106
4309.470702,0.9933293482377851
4309.711756,0.9917958393354285
4309.95281,0.9929912764707242
4310.193864,0.9913859156725063
4310.434918,0.9923655912745685
4310.675972,0.9913331753446977
4310.917026,0.992282632978843
4311.15808,0.9904640582236343
4311.399134,0.993866089712523
4311.640188,0.9916111841420762
4311.881242,0.9923881182291704
4312.122296,0.9905588501697286
4312.36335,0.9915153991281788
4312.604404,0.990724485456201
4312.845458,0.9918370989005378
4313.086512,0.9892076597365151
4313.327566,0.9917709455722792
4313.56862,0.9921960104861107
4313.809674,0.9934065329267295
4314.050728,0.9911617886554869
4314.291782,0.989839965431241
4314.532836,0.9905495389602997
4314.77389,0.9886182676276074
4315.014944,0.9908690427038238
4315.255998,0.9908111776414062
4315.497052,0.9921594983447524
4315.738106,0.9903506565813356
4315.97916,0.9885549980831263
4316.220214,0.9886261766053843
4316.461268,0.990233802098409
4316.702322,0.9917770945712036
4316.943376,0.9880983911583332
4317.18443,0.9907213151429201
4317.425484,0.9906456269257699
4317.666538,0.9897132740240888
4317.907592,0.9899409342570376
4318.148646,0.9902223154529274
4318.3897,0.9892274440875527
4318.630754,0.987803981706955
4318.871808,0.9899567734386987
4319.112862,0.9873309369029926
4319.353916,0.9897251506546367
4319.59497,0.9884887671170168
4319.836024,0.9885441240379548
4320.077078,0.9871571819489822
4320.318132,0.9893095533729003
4320.559186,0.9885609294309088
4320.80024,0.9882871359756007
4321.041294,0.9874365869654187
4321.282348,0.9873388355820825
4321.523402,0.988922808950993
4321.764456,0.9890652240891259
4322.00551,0.9866469535913098
4322.246564,0.9878187988778091
4322.487618,0.9865551996912483
4322.728672,0.9878405311304383
4322.969726,0.9870180025987021
4323.21078,0.9878227501609071
4323.451834,0.9880964149635271
4323.692888,0.9894916030787801
4323.933942,0.9875195351224977
4324.174996,0.9882001705341704
4324.41605,0.9864230101513867
4324.657104,0.9866647133963122
4324.898158,0.9878869607264884
4325.139212,0.9917124328126338
4325.380266,0.9887329539983332
4325.62132,0.9870831479366461
4325.862374,0.9879916822944704
4326.103428,0.9905727180907061
4326.344482,0.9889287425056474
4326.585536,0.9881893003920804
4326.82659,0.9882060997529812
4327.067644,0.9869133842352978
4327.308698,0.9868709478721641
4327.549752,0.9864190644672374
4327.790806,0.9875007724295765
4328.03186,0.9879383321840925
4328.272914,0.9868077901525688
4328.513968,0.9887833806648562
4328.755022,0.9881932531571875
4328.996076,0.988187324015456
4329.23713,0.9876884154018559
4329.478184,0.9878425068134763
4329.719238,0.9875600242534592
4329.960292,0.987514597537166
4330.201346,0.9899023273134417
4330.4424,0.9885035945597291
4330.683454,0.9880025502627494
4330.924508,0.987843494656477
4331.165562,0.9868709478721641
4331.406616,0.9878632517239402
4331.64767,0.9862129244251485
4331.888724,0.9872618261563137
4332.129778,0.9883780625746699
4332.370832,0.9876015026455179
4332.611886,0.9905455767700683
4332.85294,0.9876380445771374
4333.093994,0.9878138597961624
4333.335048,0.9893817756063759
4333.576102,0.9886795638603639
4333.817156,0.9884541706156101
4334.05821,0.9868739084894486
4334.299264,0.9863243727823222
4334.540318,0.9881349514751677
4334.781372,0.9882248758472488
4335.022426,0.9866124215522484
4335.26348,0.9880124303376523
4335.504534,0.9875945894591956
4335.745588,0.9900665657327433
4335.986642,0.989431245931904
4336.227696,0.9869469398608043
4336.46875,0.9874385618405676
4336.709804,0.9894886346084236
4336.950858,0.9901744888701123
4337.191912,0.9891354502130341
4337.432966,0.9885599408704737
4337.67402,0.9904116640607921
4337.915074,0.9896588412909314
4338.156128,0.9909693237250795
4338.397182,0.9914159551208466
4338.638236,0.9897459351010364
4338.87929,0.9897736483752032
4339.120344,0.987692366163419
4339.361398,0.9891176459351693
4339.602452,0.9880746770815154
4339.843506,0.9888318322375625
4340.08456,0.9900764664479041
4340.325614,0.9901664684892351
4340.566668,0.9922371874749626
4340.807722,0.9895955051518668
4341.048776,0.9897142637378576
4341.28983,0.990870033573362
4341.530884,0.9887003263492103
4341.771938,0.9922323255246557
4342.012992,0.9895163406780758
4342.254046,0.9915682483073703
4342.4951,0.9905357704173997
4342.736154,0.9909046155409855
4342.977208,0.9907776887895667
4343.218262,0.9905317092290664
4343.459316,0.9913466575675612
4343.70037,0.9926152026080834
4343.941424,0.9922742978397336
4344.182478,0.9904470223883414
4344.423532,0.9917876074641243
4344.664586,0.9909864676426745
4344.90564,0.9907803638929378
4345.146694,0.9926023979545601
4345.387748,0.9917382176710886
4345.628802,0.9900555760548565
4345.869856,0.9919557297115474
4346.11091,0.9930604903747707
4346.351964,0.9920901488196122
4346.593018,0.9921347938808155
4346.834072,0.9900320130125477
4347.075126,0.9917288953756573
4347.31618,0.9905220020658811
4347.557234,0.9927691691658059
4347.798288,0.990945540746707
4348.039342,0.9940937111087224
4348.280396,0.991993027948187
4348.52145,0.9918795504368272
4348.762504,0.9935270404478069
4349.003558,0.9931019018606428
4349.244612,0.9926956076958569
4349.485666,0.9929073722528655
4349.72672,0.9917493252013286
4349.967774,0.9925771861738429
4350.208828,0.9911059878175938
4350.449882,0.9926913391139213
4350.690936,0.9915042942178961
4350.93199,0.9944375281565652
4351.173044,0.9927571567315344
4351.414098,0.9923755149800997
4351.655152,0.9925709329572677
4351.896206,0.9926815115183106
4352.13726,0.9930147113413792
4352.378314,0.9950461111828565
4352.619368,0.9931866170659236
4352.860422,0.9926378344927055
4353.101476,0.9926574889164066
4353.34253,0.9915916495941646
4353.583584,0.9923592401551079
4353.824638,0.993380009326392
4354.065692,0.9938110310562918
4354.306746,0.9926208605308634
4354.5478,0.9940330732418184
4354.788854,0.9935768173994356
4355.029908,0.9920136616177577
4355.270962,0.9936554124340845
4355.512016,0.9920490771376408
4355.75307,0.994560647143459
4355.994124,0.9924654282747676
4356.235178,0.9933398775846819
4356.476232,0.9951689074493503
4356.717286,0.9913917648666639
4356.95834,0.9924716808266613
4357.199394,0.9923573546743428
4357.440448,0.9929692323090776
4357.681502,0.9922924566255364
4357.922556,0.992472077815413
4358.16361,0.991621397789873
4358.404664,0.9934027579890767
4358.645718,0.993795130207002
4358.886772,0.9923845456383754
4359.127826,0.9927087113643625
4359.36888,0.9887675602573291
4359.609934,0.9944541354019555
4359.850988,0.9940752211376529
4360.092042,0.9929419260306521
4360.333096,0.9925207101387081
4360.57415,0.9931892986734099
4360.815204,0.9923153788460352
4361.056258,0.9950154642345974
4361.297312,0.9945159923729094
4361.538366,0.9906769318221954
4361.77942,0.992690147885029
4362.020474,0.9926657280077568
4362.261528,0.9942966263419547
4362.502582,0.9931718186955775
4362.743636,0.9922528649463763
4362.98469,0.9940635905256049
4363.225744,0.992511678241341
4363.466798,0.9917997073467445
4363.707852,0.9917962360538435
4363.948906,0.9934495483608826
4364.18996,0.9936731990251566
4364.431014,0.994448665919252
4364.672068,0.9928008390074335
4364.913122,0.9923771027821938
4365.154176,0.9929516569092085
4365.39523,0.9924520300819238
4365.636284,0.9934850151428375
4365.877338,0.9910001433502901
4366.118392,0.9930006106325935
4366.359446,0.9936663427037377
4366.6005,0.9925410570218208
4366.841554,0.9924311888081263
4367.082608,0.9926753569120186
4367.323662,0.9927934923084077
4367.564716,0.9903433280135926
4367.80577,0.9953632829171217
4368.046824,0.9924229516634434
4368.287878,0.9925775832047968
4368.528932,0.9942483047001399
4368.769986,0.9918894692819257
4369.01104,0.9920272522980179
4369.252094,0.9925826453633797
4369.493148,0.994873784120354
4369.734202,0.9935665836109204
4369.975256,0.9926946150007455
4370.21631,0.9920587992662351
4370.457364,0.9946658772265
4370.698418,0.9944664667096885
4370.939472,0.9924468693447854
4371.180526,0.9925297421182658
4371.42158,0.9924881559933064
4371.662634,0.993832100073481
4371.903688,0.9936271930210889
4372.144742,0.9908358491468885
4372.385796,0.9926158974389685
4372.62685,0.9910644613466899
4372.867904,0.9920986808315797
4373.108958,0.9925547541829179
4373.350012,0.9914309256147958
4373.591066,0.9938876568406723
4373.83212,0.9946589145897288
4374.073174,0.994522456747869
4374.314228,0.9931421233021468
4374.555282,0.9929660548126182
4374.796336,0.9949847187317731
4375.03739,0.9921782503364769
4375.278444,0.9957738553892215
4375.519498,0.9908692408776522
4375.760552,0.9907272594886439
4376.001606,0.9929271313061753
4376.24266,0.9927316432004567
4376.483714,0.9926302904738307
4376.724768,0.992774430856346
4376.965822,0.9929352733420342
4377.206876,0.9918584236274042
4377.44793,0.9940885418348646
4377.688984,0.9935815865796052
4377.930038,0.9924168979019022
4378.171092,0.9937591554744352
4378.412146,0.9936452772005675
4378.6532,0.993540651861499
4378.894254,0.9934246130901577
4379.135308,0.9942477081513361
4379.376362,0.992216747599432
4379.617416,0.9915407822472989
4379.85847,0.9908538825234462
4380.099524,0.9921885690439376
4380.340578,0.9932816695733668
4380.581632,0.992191644833269
4380.822686,0.9954762630612347
4381.06374,0.9924120350710165
4381.304794,0.9931065694505503
4381.545848,0.9929498695978346
4381.786902,0.9938745376101891
4382.027956,0.9954353498275956
4382.26901,0.9945341921820976
4382.510064,0.9921385640001954
4382.751118,0.9957093313339942
4382.992172,0.9926608639576064
4383.233226,0.993760447362177
4383.47428,0.9938262364813881
4383.715334,0.9912073831464302
4383.956388,0.9908095923447902
4384.197442,0.9930892895465775
4384.438496,0.990792253328641
4384.67955,0.9961567044381061
4384.920604,0.9918693341300717
4385.161658,0.991928054532759
4385.402712,0.9955023448809972
4385.643766,0.991541773788577
4385.88482,0.9917932606695985
4386.125874,0.9923093257406862
4386.366928,0.993529921680402
4386.607982,0.9951972701673794
4386.849036,0.9953515376996802
4387.09009,0.9939692583669957
4387.331144,0.9947910140647972
4387.572198,0.9915669592694855
4387.813252,0.9944497598133861
4388.054306,0.9926380330202922
4388.29536,0.9932124402536674
4388.536414,0.9932834574819811
4388.777468,0.9931432157590834
4389.018522,0.9932091626580225
4389.259576,0.9956635297581972
4389.50063,0.9936060289872753
4389.741684,0.9947801709018392
4389.982738,0.9944404120295784
4390.223792,0.99497805235649
4390.464846,0.994843241964006
4390.7059,0.9960288061285034
4390.946954,0.995234292194435
4391.188008,0.9949375575738335
4391.429062,0.995411957371737
4391.670116,0.9952827612846776
4391.91117,0.9916673109234716
4392.152224,0.9940533517233524
4392.393278,0.9945413528540596
4392.634332,0.9947182974994919
4392.875386,0.9953169996005615
4393.11644,0.9955003538782985
4393.357494,0.9934932611026838
4393.598548,0.9947233705757456
4393.839602,0.9953646764266932
4394.080656,0.9941357621620757
4394.32171,0.9942013772876538
4394.562764,0.9963967074954128
4394.803818,0.9961543136648844
4395.044872,0.9949159676630854
4395.285926,0.9947080519537923
4395.52698,0.994983027259189
4395.768034,0.9941987923674331
4396.009088,0.9932486931693483
4396.250142,0.9936149714817775
4396.491196,0.9916294299557254
4396.73225,0.9940277054777159
4396.973304,0.9943200920192303
4397.214358,0.995679460502119
4397.455412,0.9945707917137971
4397.696466,0.993730336876798
4397.93752,0.9961430571847392
4398.178574,0.9947606734015657
4398.419628,0.9943960609762378
4398.660682,0.9934754777324717
4398.901736,0.9939905295367255
4399.14279,0.993551183448226
4399.383844,0.9913706484469629
4399.624898,0.996177524330796
4399.865952,0.9952442445871188
4400.107006,0.9944872512760407
4400.34806,0.9920811208403354
4400.589114,0.994818470675685
4400.830168,0.9953126202153979
4401.071222,0.9926554043378687
4401.312276,0.9938335908227491
4401.55333,0.9941594228747765
4401.794384,0.9959129747140779
4402.035438,0.9927718496461813
4402.276492,0.9936814465469357
4402.517546,0.9946622964357874
4402.7586,0.9936589896000082
4402.999654,0.9899953825057348
4403.240708,0.9941229378934605
4403.481762,0.9953467600237657
4403.722816,0.9946704527000588
4403.96387,0.9937526960609177
4404.204924,0.9934676293071989
4404.445978,0.9954302731202571
4404.687032,0.9937596523541371
4404.928086,0.9945388665037854
4405.16914,0.9939731348546624
4405.410194,0.9944201256520948
4405.651248,0.9929759845228148
4405.892302,0.9956235048888062
4406.133356,0.9922429424673394
4406.37441,0.9945070417692559
4406.615464,0.9923458433957941
4406.856518,0.9938966018698364
4407.097572,0.9928091785695073
4407.338626,0.9934688214690695
4407.57968,0.9944502570383903
4407.820734,0.9954453042308657
4408.061788,0.9927154618065512
4408.302842,0.9935157143041049
4408.543896,0.995426291407128
4408.78495,0.99430448131633
4409.026004,0.9951862235389894
4409.267058,0.9941361598164601
4409.508112,0.9927427618571248
4409.749166,0.9936840301220553
4409.99022,0.9942649087854721
4410.231274,0.9942695818415251
4410.472328,0.9942668973172782
4410.713382,0.9930883957666191
4410.954436,0.9954966705338033
4411.19549,0.996303150237161
4411.436544,0.9950730772978588
4411.677598,0.9947685320419272
4411.918652,0.9954617292138913
4412.159706,0.9929026063089169
4412.40076,0.9946508578851503
4412.641814,0.9956936988202079
4412.882868,0.9937923475845332
4413.123922,0.9950574547731823
4413.364976,0.9938461132048844
4413.60603,0.9957868005334848
4413.847084,0.9954032973253792
4414.088138,0.9944560248666078
4414.329192,0.9935729424574039
4414.570246,0.9939941079090728
4414.8113,0.9934710071028808
4415.052354,0.9951225336587808
4415.293408,0.9943590701308035
4415.534462,0.9952220508879253
4415.775516,0.9949684011161907
4416.01657,0.9960043041212485
4416.257624,0.9960375712205637
4416.498678,0.9956246000752639
4416.739732,0.9950697935621218
4416.980786,0.9930847213463525
4417.22184,0.9961136713979947
4417.462894,0.9960888684763746
4417.703948,0.9950226283717308
4417.945002,0.9936084136446065
4418.186056,0.994394668822727
4418.42711,0.9957169983253634
4418.668164,0.9970003080932854
4418.909218,0.9966412532519693
4419.150272,0.9965297353352741
4419.391326,0.9979004072349604
4419.63238,0.9964980461935505
4419.873434,0.995426291407128
4420.114488,0.9946500621647822
4420.355542,0.9955118021981958
4420.596596,0.9975272622651133
4420.83765,0.994815983632617
4421.078704,0.9952134920150908
4421.319758,0.9954739734684627
4421.560812,0.9952398655220767
4421.801866,0.9955719329269783
4422.04292,0.9963122166370803
4422.283974,0.9982187882439394
4422.525028,0.9931203737278053
4422.766082,0.9977458444330778
4423.007136,0.9960325910451581
4423.24819,0.9964027855338665
4423.489244,0.9980839379949871
4423.730298,0.9958771224923321
4423.971352,0.9968823699330177
4424.212406,0.9957679803408062
4424.45346,0.9957518490301885
4424.694514,0.9993455542431031
4424.935568,0.996262103392942
4425.176622,0.9973688675127419
4425.417676,0.9975325491736137
4425.65873,0.997372358309887
4425.899784,0.9964529058544943
4426.140838,0.9941704581056159
4426.381892,0.9985364720031642
4426.622946,0.9953815977700236
4426.864,0.9978991099652742
4427.105054,0.9978934219565583
4427.346108,0.9974706043257174
4427.587162,0.9973051376782976
4427.828216,0.997994314081529
4428.06927,0.9984209480165449
4428.310324,0.9971920496878952
4428.551378,0.9967684327897661
4428.792432,0.996556442690058
4429.033486,1.0001379195100213
4429.27454,0.9974530489975686
4429.515594,0.995446797399942
4429.756648,0.9963001613321937
4429.997702,0.9952608653047861
4430.238756,0.9974025791501873
4430.47981,0.9975552931750155
4430.720864,0.9977748792596054
4430.961918,0.9982576197100692
4431.202972,0.9967019505525063
4431.444026,0.9966427482149703
4431.68508,0.9976054714682356
4431.926134,0.9962690772520743
4432.167188,0.9977419532318723
4432.408242,0.9975453176719613
4432.649296,0.9955662581831336
4432.89035,0.996656302648516
4433.131404,0.9995668238478921
4433.372458,0.9965123958687331
4433.613512,0.9963499775856562
4433.854566,0.9966432465364691
4434.09562,0.9995787687428077
4434.336674,0.9997471719663954
4434.577728,0.9982819774931538
4434.818782,0.998282276977792
4435.059836,0.9957631010896566
4435.30089,0.9988823250644201
4435.541944,0.9995398159171905
4435.782998,0.9971684165163718
4436.024052,0.9967931529534281
4436.265106,0.9972765154315776
4436.50616,0.9972024205391403
4436.747214,0.9976602415120432
4436.988268,0.9960104793670773
4437.229322,0.997049461420094
4437.470376,0.996259114611115
4437.71143,0.9980112801290794
4437.952484,0.9974468648078358
4438.193538,0.9961793174519535
4438.434592,1.0004929414557273
4438.675646,0.9986977486661327
4438.9167,0.9995917633512662
4439.157754,0.9979395256976409
4439.398808,0.9967744134183047
4439.639862,0.9964639665431361
4439.880916,0.996444734974167
4440.12197,1.000144130385786
4440.363024,0.9970715961638322
4440.604078,0.9959196473533619
4440.845132,0.9987923298212784
4441.086186,0.9979106856620887
4441.32724,0.9973637809444883
4441.568294,0.9979133800245774
4441.809348,0.9958019366078869
4442.050402,0.99772110064296
4442.291456,0.9985294822723243
4442.53251,0.9974722002799611
4442.773564,0.9985054180017772
4443.014618,0.9978186825382799
4443.255672,0.9972119937283287
4443.496726,0.9987236152727943
4443.73778,0.9977234951764751
4443.978834,0.9972710304258264
4444.219888,0.9980339352422729
4444.460942,0.995927216371444
4444.701996,0.9977801674804793
4444.94305,0.9967574683973097
4445.184104,0.9974718012911608
4445.425158,0.9990063340133298
4445.666212,0.9999474883787834
4445.907266,0.9986151597774157
4446.14832,0.9982490347314551
4446.389374,0.996169056857826
4446.630428,0.9988774305530188
4446.871482,0.9965902265260981
4447.112536,0.9973252834455504
4447.35359,0.9977712872765057
4447.594644,0.9974186374609806
4447.835698,1.0004616265167412
4448.076752,0.9982202855732447
4448.317806,0.9993071601244649
4448.55886,0.9972461986863252
4448.799914,0.9962771470642827
4449.040968,0.9984134598875153
4449.282022,0.9965535526805648
4449.523076,0.9977190054308487
4449.76413,0.9985901947104858
4450.005184,0.9980019986673331
4450.246238,0.9987285090304988
4450.487292,0.9999743773282662
4450.728346,0.999391125439392
4450.9694,0.998733902179009
4451.210454,0.998184849382103
4451.451508,1.0003372168448212
4451.692562,0.9964360659426831
4451.933616,0.9962671843426257
4452.17467,0.9971831747181467
4452.415724,0.99588459159876
4452.656778,0.9983446715699138
4452.897832,0.9976770023448912
4453.138886,0.9982351591663078
4453.37994,1.0021540165676666
4453.620994,0.9975058156595265
4453.862048,0.998420149280106
4454.103102,0.9983013443513751
4454.344156,0.9981886424917376
4454.58521,0.9987170237186856
4454.826264,0.9963882381593938
4455.067318,0.9983447714043859
4455.308372,0.9996722737139953
4455.549426,0.9983021429927701
4455.79048,0.9968630306026331
4456.031534,0.9975333471999722
4456.272588,0.9972127914982428
4456.513642,0.9985499523365283
4456.754696,0.998980919615465
4456.99575,0.9985264866883709
4457.236804,1.000521565968254
4457.477858,0.9994537192656835
4457.718912,0.9987545761847594
4457.959966,1.0000905490993222
4458.20102,0.9982897641229461
4458.442074,0.9972975581880534
4458.683128,0.9997331955986264
4458.924182,0.9993362503793026
4459.165236,0.998634932553329
4459.40629,0.9982581188390038
4459.647344,0.9992855653300672
4459.888398,0.9989887116970271
4460.129452,0.9969501602390174
4460.370506,0.9987222170607116
4460.61156,0.9990152551797254
4460.852614,1.0012127347688167
4461.093668,0.9982857709718759
4461.334722,0.9994791756760991
4461.575776,0.998827987343936
4461.81683,0.9986605978008927
4462.057884,0.9996904579180389
4462.298938,0.9989269761022938
4462.539992,0.9994595560924475
4462.781046,0.9989013040088958
4463.0221,0.9987884345387879
4463.263154,0.9987570730743209
4463.504208,1.0020139252287632
4463.745262,0.9988023177945163
4463.986316,0.9982406494747815
4464.22737,0.9982300681799781
4464.468424,0.9999096050858665
4464.709478,1.0003659369385918
4464.950532,0.9989997006332948
4465.191586,1.0014282189346035
4465.43264,1.0009584890573255
4465.673694,1.000857127123687
4465.914748,0.9996038185006245
4466.155802,1.0005947668036743
4466.396856,0.9992191250416602
4466.63791,0.9986895593781697
4466.878964,0.9981822541048685
4467.120018,1.00115656830988
4467.361072,0.998691157282743
4467.602126,0.9975518017375994
4467.84318,1.0006591771618385
4468.084234,0.9999732373581259
4468.325288,1.0016034842081811
4468.566342,0.9998786473638269
4468.807396,0.9982993477506831
4469.04845,0.9998733880159739
4469.289504,1.0026923177955074
4469.530558,1.000592015171849
4469.771612,1.000181466463047
4470.012666,1.0005300204112064
4470.25372,0.9981536066852681
4470.494774,1.0000214362297526
4470.735828,0.9985814071554376
4470.976882,0.9987657622986548
4471.217936,1.0011976165706642
4471.45899,1.0016222143684623
4471.700044,1.0011853019157158
4471.941098,1.0005353332397204
4472.182152,1.0028678043057433
4472.423206,1.001392568724587
4472.66426,0.9991611120633933
4472.905314,1.0011073126184191
4473.146368,1.0000120500726015
4473.387422,1.000604092390358
4473.628476,0.9996971158786596
4473.86953,1.0006165199703605
4474.110584,1.0026278467522394
4474.351638,0.9989305722458808
4474.592692,0.9987035411298731
4474.833746,0.9994389174657088
4475.0748,0.9997160703156642
4475.315854,0.9997122913960605
4475.556908,1.0003255129678519
4475.797962,1.000290722251525
4476.039016,1.0014660736367287
4476.28007,1.0030134312831913
4476.521124,1.0019215438037061
4476.762178,0.9971088873388694
4477.003232,0.9995359876870267
4477.244286,1.0010548559696142
4477.48534,1.0006437871420433
4477.726394,1.0001511214176912
4477.967448,1.000043182932356
4478.208502,1.000877895124542
4478.449556,0.9995317796493765
4478.69061,0.9990821914441623
4478.931664,0.9992464240810596
4479.172718,0.9999000289974338
4479.413772,1.0004785644754575
4479.654826,1.001642046684646
4479.89588,1.0008869831370892
4480.136934,1.0013461051873604
4480.377988,0.9996880286731777
4480.619042,1.0006298482711729
4480.860096,1.0003027758273508
4481.10115,1.0029251699847923
4481.342204,0.9995646747815311
4481.583258,0.9981608932331928
4481.824312,1.001675702422828
4482.065366,0.9997346552101575
4482.30642,1.0020037047388504
4482.547474,1.001410493811996
4482.788528,1.0011343428807666
4483.029582,0.9998280447859929
4483.270636,0.9985396673249871
4483.51169,1.000907021095071
4483.752744,0.9991470040080941
4483.993798,0.9992406984154536
4484.234852,1.0009387703693209
4484.475906,0.9998090682297909
4484.71696,1.001100304891758
4484.958014,1.0014367311106411
4485.199068,1.0013412987375911
4485.440122,1.0007051084721856
4485.681176,1.0003764208285464
4485.92223,0.9984822529447952
4486.163284,1.0023045514058384
4486.404338,1.0007184979961128
4486.645392,0.9986590998111194
4486.886446,0.999054866919891
4487.1275,0.9994092645529307
4487.368554,1.000521936161302
4487.609608,1.0020384748706632
4487.850662,1.0003295242812016
4488.091716,0.9998642592136143
4488.33277,1.0036981212383416
4488.573824,0.9993444249832648
4488.814878,0.9991808057229925
4489.055932,0.9984915388729271
4489.296986,1.000595567279808
4489.53804,1.001978354365804
4489.779094,0.9977669968691948
4490.020148,0.9994067360506899
4490.261202,1.0016316296615293
4490.502256,1.0006167601183542
4490.74331,0.9992528592487518
4490.984364,0.9999609147638477
4491.225418,1.0014955171721114
4491.466472,1.0013828552637807
4491.707526,1.0010698719050728
4491.94858,1.0009788487600506
4492.189634,0.9975674634238305
4492.430688,0.9991241737598892
4492.671742,1.0012733099716515
4492.912796,0.9974388852648356
4493.15385,0.9988247910994905
4493.394904,1.00190370975895
4493.635958,0.9986775751753626
4493.877012,1.001128836657023
4494.118066,1.0014981210638412
4494.35912,0.999255996907656
4494.600174,1.0011349435615526
4494.841228,0.9989591420687935
4495.082282,1.0018202546558803
4495.323336,1.0001930586334198
4495.56439,1.0007926239604805
4495.805444,0.9995405855631451
4496.046498,1.0015517026466125
4496.287552,1.0004619466645128
4496.528606,1.0005584358672837
4496.76966,1.000618751347688
4497.010714,1.0000968406887567
4497.251768,1.002096995626385
4497.492822,0.9993149647438624
4497.733876,0.9986476152975078
4497.97493,0.9995983406867084
4498.215984,1.0014608660266855
4498.457038,0.9993019137756458
4498.698092,1.0010790817902597
4498.939146,0.9990041961420626
4499.1802,1.000144990510108
4499.421254,1.002241708880599
4499.662308,1.0004213887593094
4499.903362,1.0009242268346465
4500.144416,1.0011413508456948
4500.38547,0.998673181003699
4500.626524,0.9972472956577472
4500.867578,0.9990780952155747
4501.108632,1.0001353991656396
4501.349686,0.9986509108400758
4501.59074,0.9995905638418698
4501.831794,1.0003413382426447
4502.072848,1.00015405186477
4502.313902,1.00082621112453
4502.554956,1.0004322333859412
4502.79601,1.0005437577826934
4503.037064,0.9995248229323994
4503.278118,1.0012983421173014
4503.519172,1.0020519022761898
4503.760226,0.9992849257875099
4504.00128,0.9993923846730034
4504.242334,1.001379650843771
4504.483388,1.0014988221127712
4504.724442,1.0000956095703037
4504.965496,1.000615729483622
4505.20655,1.0025892463232025
4505.447604,0.9982113016311024
4505.688658,1.0000384127377504
4505.929712,1.000862651870277
4506.170766,1.0011891064270917
4506.41182,1.0008683668123353
4506.652874,1.0005891534827778
4506.893928,1.0002402488551347
4507.134982,0.9986194538318349
4507.376036,1.0014024825600907
4507.61709,0.9999433176065076
4507.858144,1.0016226150174283
4508.099198,1.000583159971699
4508.340252,0.9980700647246683
4508.581306,1.0004004001387445
4508.82236,1.000871739744415
4509.063414,0.9989366657409566
4509.304468,1.002112027194056
4509.545522,1.0009621725913431
4509.786576,1.0004837969920326
4510.02763,1.0016012806829397
4510.268684,0.9974091620289331
4510.509738,1.0021112255047548
4510.750792,0.9989721286220529
4510.991846,1.0007486300837238
4511.2329,1.0025764132629813
4511.473954,0.9995762697990096
4511.715008,1.000324492636349
4511.956062,0.9991192780634321
4512.197116,0.9993164437311047
4512.43817,0.9988995059881667
4512.679224,0.9995254426379818
4512.920278,0.9997058232784596
4513.161332,0.9991616516105395
4513.402386,0.999499565259256
4513.64344,1.0005219461665213
4513.884494,1.0011536649600417
4514.125548,1.000171474700106
4514.366602,1.001131940161227
4514.607656,0.9991890789743151
4514.84871,1.000296173850817
4515.089764,1.0002331871839054
4515.330818,0.9980142741674108
4515.571872,1.00034034790521
4515.812926,0.9975451181629177
4516.05398,0.9985722202487517
4516.295034,0.9999430596211649
4516.536088,0.9995413752005197
4516.777142,0.9990951096604138
4517.018196,1.0001837168738783
4517.25925,0.9992388797990375
4517.500304,1.0002450300149512
4517.741358,0.9985686253952295
4517.982412,1.000621052773463
4518.223466,0.9980908247979187
4518.46452,0.9998122576258056
4518.705574,1.0018171490179046
4518.946628,0.9998427623631332
4519.187682,1.0006152491881872
4519.428736,1.0012370645338768
4519.66979,1.0018266663260276
4519.910844,0.9988507608816648
4520.151898,0.9987044399634646
4520.392952,0.997399886166859
4520.634006,0.9980494048881586
4520.87506,1.0012754126478103
4521.116114,0.9995454933194687
4521.357168,0.9997027841773763
4521.598222,1.0010542553368806
4521.839276,0.9993503011457596
4522.08033,0.9999833041393774
4522.321384,0.9990371338533846
4522.562438,0.9992085633513271
4522.803492,1.0011568686568955
4523.044546,1.0003132190428439
4523.2856,1.000058957737939
4523.526654,1.0002139828910734
4523.767708,0.9983939910148696
4524.008762,0.9996443532573014
4524.249816,1.0001515114767046
4524.49087,0.9976867796274228
4524.731924,1.0012116334354142
4524.972978,0.9999469784056945
4525.214032,1.0006554347035144
4525.455086,1.0005423170007197
4525.69614,1.0008214572113179
4525.937194,0.9995275016625144
4526.178248,1.000515302722855
4526.419302,1.0017839894190665
4526.660356,0.9989396625554491
4526.90141,0.9980172682147244
4527.142464,0.999860369749211
4527.383518,0.9995895542559102
4527.624572,0.9990606714455299
4527.865626,0.9986992467138792
4528.10668,1.001131940161227
4528.347734,0.9993445149242671
4528.588788,1.0007330885781787
4528.829842,1.0013592229072594
4529.070896,0.9996280291982991
4529.31195,0.9996956863128061
4529.553004,0.9998238255205465
4529.794058,1.00014471046955
4530.035112,1.0006564953988373
4530.276166,1.0031104273716815
4530.51722,0.9999835571351854
4530.758274,1.0017056529740889
4530.999328,0.9983572507920245
4531.240382,0.9989498517919722
4531.481436,0.9984788581109064
4531.72249,1.0012958388745752
4531.963544,1.0004941420479774
4532.204598,0.9970633205039281
4532.445652,1.0015348767193462
4532.686706,0.9983933919786547
4532.92776,0.9999215240793962
4533.168814,0.9983759202471733
4533.409868,0.9998158769527292
4533.650922,1.000900885553837
4533.891976,0.9999924855282338
4534.13303,1.0026545170076757
4534.374084,0.9987338023056238
4534.615138,1.0001598227702984
4534.856192,1.0013021470582308
4535.097246,0.998431331648399
4535.3383,1.0003859344535457
4535.579354,1.0001261279534615
4535.820408,1.0027776505426087
4536.061462,0.9997403437165294
4536.302516,1.0003275036176034
4536.54357,0.9996513108062123
4536.784624,0.9987523789271088
4537.025678,1.0012434724715953
4537.266732,0.9988757324628303
4537.507786,1.0015361787155324
4537.74884,0.9990604816240203
4537.989894,1.0002115723782792
4538.230948,1.001051852809551
4538.472002,0.9999670135440651
4538.713056,0.9983497631407223
4538.95411,1.0006232741546657
4539.195164,0.9983654373550459
4539.436218,1.0016839161972642
4539.677272,0.9990462051517436
4539.918326,0.9991683959744501
4540.15938,1.0035939427803127
4540.400434,1.0005353932718422
4540.641488,1.002533403657415
4540.882542,0.9990659464998012
4541.123596,1.000811889403921
4541.36465,0.9990035567795816
4541.605704,1.001128035754274
4541.846758,1.0004202882963869
4542.087812,0.9999688714845023
4542.328866,1.0024935036219653
4542.56992,0.9997175698908943
4542.810974,1.0012739107358177
4543.052028,0.9980242543600534
4543.293082,1.0004552636010307
4543.534136,1.0016713952265681
4543.77519,0.998792929096856
4544.016244,1.001260794133501
4544.257298,1.0016448512863032
4544.498352,0.9998537107013231
4544.739406,1.000316360031283
4544.98046,1.0007533836510063
4545.221514,1.0006611184425251
4545.462568,1.000754474472789
4545.703622,1.0008951003634379
4545.944676,1.0012730095897036
4546.18573,0.998670384722707
4546.426784,1.0010258257997304
4546.667838,0.9979791446832427
4546.908892,0.9979605824437809
4547.149946,1.0015702315245032
4547.391,1.0013330877726065
4547.632054,0.9983318928399018
4547.873108,1.0018802654864407
4548.114162,1.002748971511915
4548.355216,1.0020072117579544
4548.59627,0.9995954718435874
4548.837324,1.0013545165299718
4549.078378,1.000243989760661
4549.319432,1.0002950235108783
4549.560486,1.000039974798971
4549.80154,1.001655869440267
4550.042594,0.9988244914520981
4550.283648,1.001026426415406
4550.524702,1.0003925770382038
4550.765756,1.0020047067430562
4551.00681,0.9991546974696448
4551.247864,0.9999454594873879
4551.488918,1.0006513720506967
4551.729972,0.9988491627217259
4551.971026,1.0015093379056113
4552.21208,0.999023706884535
4552.453134,1.000176735615899
4552.694188,1.0033145811155906
4552.935242,1.000256973011909
4553.176296,1.0021302657989217
4553.41735,0.9998698484704452
4553.658404,0.9989091953603682
4553.899458,0.9993084492315328
4554.140512,1.0005958774644819
4554.381566,1.0013248768749514
4554.62262,0.9985507511768097
4554.863674,1.0007187481757687
4555.104728,1.0007546646161574
4555.345782,0.9999870220842139
4555.586836,0.9999520161512617
4555.82789,1.0028105421889664
4556.068944,0.999287124216765
4556.309998,1.0012265515998924
4556.551052,1.0005541534863425
4556.792106,0.9992273186720794
4557.03316,0.9978712689684899
4557.274214,1.000521786083023
4557.515268,1.0014605655884707
4557.756322,1.000935937716609
4557.997376,1.002097496675008
4558.23843,1.0002163133923685
4558.479484,1.0007719678138942
4558.720538,1.0007183278739826
4558.961592,1.001012612346039
4559.202646,0.9997841932896189
4559.4437,1.000481826040894
4559.684754,1.0014653726107223
4559.925808,1.0000045612104023
4560.166862,1.000312888939536
4560.407916,0.9994077854283137
4560.64897,1.0025426270071558
4560.890024,1.0012334600869326
4561.131078,1.0009436649718753
4561.372132,1.0011290368828103
4561.613186,1.000607784626271
4561.85424,1.0013707386045378
4562.095294,0.9999711384165035
4562.336348,1.00017799583938
4562.577402,1.0007236216879392
4562.818456,1.0002977043051335
4563.05951,1.0015841534474785
4563.300564,1.001316065254806
4563.541618,1.0012026225712622
4563.782672,1.0012329594703278
4564.023726,1.0010365368333705
4564.26478,0.9996783917270314
4564.505834,1.0017097599756855
4564.746888,0.9992604635919452
4564.987942,1.000117126858815
4565.228996,1.0028460423105083
4565.47005,1.0011912089264228
4565.711104,1.0019653287318642
4565.952158,1.0032728440971523
4566.193212,1.0019947869455625
4566.434266,0.9995422448018944
4566.67532,0.9997622582650462
4566.916374,0.9993638124531674
4567.157428,1.0004749927733578
4567.398482,1.000848389679106
4567.639536,1.0015696305825446
4567.88059,1.0014603652963776
4568.121644,1.000291212394099
4568.362698,1.0006025514612422
4568.603752,1.0001893379221622
4568.844806,1.0029860493902818
4569.08586,1.0002465503885523
4569.326914,1.000660267880936
4569.567968,1.0024179184613886
4569.809022,1.0010158155915236
4570.050076,1.001194913340749
4570.29113,1.000534983052415
4570.532184,1.000868466899177
4570.773238,0.9996571387903429
4571.014292,1.0008378708178074
4571.255346,1.0024044861512778
4571.4964,1.0001457006133034
4571.737454,0.9991810355346042
4571.978508,0.9999155815634367
4572.219562,1.000147450869811
4572.460616,1.0018642355304328
4572.70167,0.9989209825584178
4572.942724,1.0014235122330353
4573.183778,0.9989167870991015
4573.424832,1.000925888370242
4573.665886,1.0008508317521563
4573.90694,1.000339387578937
4574.147994,1.0003657568727393
4574.389048,1.0009346465100821
4574.630102,1.000529099924011
4574.871156,1.0020742482827676
4575.11221,1.0016564704339692
4575.353264,1.0006588469443645
4575.594318,1.0004876988864497
4575.835372,1.001370137782275
4576.076426,0.9977882495325682
4576.31748,1.0006540037672658
4576.558534,0.9976712158350585
4576.799588,1.0026804860959644
4577.040642,1.0031202579020393
4577.281696,1.0014125967762413
4577.52275,1.00015447192956
4577.763804,1.001358221548537
4578.004858,1.000492491234005
4578.245912,1.0002062312627436
4578.486966,1.000796637146949
4578.72802,0.9991883995259724
4578.969074,1.0009844042080775
4579.210128,0.9996085866222107
4579.451182,1.0023686007130268
4579.692236,0.9998915158848273
4579.93329,1.0006899579115336
4580.174344,0.9991295990188822
4580.415398,0.9996536200034074
4580.656452,1.0018595267795916
4580.897506,0.9998574901554927
4581.13856,1.0008368699804369
4581.379614,1.002692016987857
4581.620668,0.9991826042500614
4581.861722,1.0012249496386914
4582.102776,1.0011729874122366
4582.34383,0.998088928427153
4582.584884,1.0007735190116465
4582.825938,0.9996572387560617
4583.066992,1.000504937438011
4583.308046,0.9995680733072029
4583.5491,1.0003323052011446
4583.790154,0.9987516798006882
4584.031208,0.9997735656401303
4584.272262,1.0007392431055986
4584.513316,1.0004505714768472
4584.75437,1.0002303965372061
4584.995424,0.9985341753719197
4585.236478,1.000508018997964
4585.477532,1.0015413867172025
4585.718586,1.000066257194911
4585.95964,1.0008019914232804
4586.200694,1.0000998229819824
4586.441748,1.0010860893683589
4586.682802,0.9984330289831056
4586.923856,1.0011803961197556
4587.16491,0.9985815070135834
4587.405964,0.9997070629144491
4587.647018,1.0009310531611513
4587.888072,0.9982544252907972
4588.129126,1.0013036490125777
4588.37018,1.0017465233984812
4588.611234,0.9997758151331837
4588.852288,0.9994888107017934
4589.093342,1.000043602950581
4589.334396,0.9998904160047647
4589.57545,1.0000253973225066
4589.816504,1.0005595264765732
4590.057558,1.0001831567711537
4590.298612,0.9985102108392864
4590.539666,0.9986997460636274
4590.78072,0.9996767822461164
4591.021774,0.9986350324168273
4591.262828,0.9994499913102632
4591.503882,0.999724467965925
4591.744936,0.9995685730913645
4591.98599,1.0007864290733115
4592.227044,0.9994008395683418
4592.468098,0.9999723943810421
4592.709152,1.0001618731000366
4592.950206,0.9995541394253803
4593.19126,1.0005871423006005
4593.432314,1.0000997829779903
4593.673368,1.0009307829098033
4593.914422,1.0004472399819913
4594.155476,1.0009860057844056
4594.39653,1.0000001936800187
4594.637584,0.999812207635194
4594.878638,0.9983250043736064
4595.119692,0.997752130251698
4595.360746,0.9985981834639985
4595.6018,0.9986681876502773
4595.842854,0.9985969851468973
4596.083908,1.0000403458138705
4596.324962,1.0006138283155421
4596.566016,0.9987634651400432
4596.80707,0.9989107936163594
4597.048124,0.9991023531262164
4597.289178,1.000564909501306
4597.530232,1.0003838536529661
4597.771286,1.0004771838159912
4598.01234,0.9993275461984686
4598.253394,1.000410804357008
4598.494448,0.999079064321797
4598.735502,0.9976403882707775
4598.976556,0.9963476859833431
4599.21761,0.9983382821844619
4599.458664,1.000434814504433
4599.699718,1.0011169232947514
4599.940772,0.9991319469761988
4600.181826,1.0004928814261527
4600.42288,0.998747884551516
4600.663934,0.9988306841831426
4600.904988,1.000341288225579
4601.146042,0.9997755751870168
4601.387096,0.9954390329452038
4601.62815,0.9992173464332006
4601.869204,0.9972093012595805
4602.110258,1.0007815752709008
4602.351312,0.9974609289077813
4602.592366,0.9985605370221218
4602.83342,0.9994081152329373
4603.074474,0.9968667190026699
4603.315528,0.9979443158188605
4603.556582,0.9995525301445113
4603.797636,0.9987059380212481
4604.03869,0.9984076691062412
4604.279744,0.9984400180387701
4604.520798,0.9983578498065547
4604.761852,0.997649167544823
4605.002906,0.9994265944598278
4605.24396,0.9980251525822865
4605.485014,0.9990332775774905
4605.726068,0.9980098829142653
4605.967122,0.9975146935007922
4606.208176,0.9979287480089629
4606.44923,0.9983487647914584
4606.690284,0.9972020216582519
4606.931338,0.9965839480274482
4607.172392,0.9993402377388965
4607.413446,0.9979069933993825
4607.6545,0.9969101833391341
4607.895554,0.9972364257214658
4608.136608,0.9955256399084182
4608.377662,0.9982127989491778
4608.618716,0.9978720672658243
4608.85977,0.9960820950950984
4609.100824,0.9989931072570288
4609.341878,0.9974341973130916
4609.582932,0.998712229888477
4609.823986,0.9953800051607412
4610.06504,0.9978169862479613
4610.306094,0.9957826182377054
4610.547148,0.9972944665704151
4610.788202,0.9962134869885464
4611.029256,0.9970541475635751
4611.27031,0.9974174405593338
4611.511364,0.9974671131847118
4611.752418,0.9979331389051141
4611.993472,0.9978477194844272
4612.234526,0.994623903212139
4612.47558,0.9976843851820251
4612.716634,0.9966031822832552
4612.957688,0.9967103228840547
4613.198742,0.9959080947524578
4613.439796,0.9954944804435373
4613.68085,0.9969858516936272
4613.921904,0.9945967503502195
4614.162958,0.9953860769972918
4614.404012,0.9945444359370322
4614.645066,0.9962628007766585
4614.88612,0.9961019173260214
4615.127174,0.9951697035847946
4615.368228,0.996567504527965
4615.609282,0.9974049729192498
4615.850336,0.9951636330681178
4616.09139,0.9962307216309505
4616.332444,0.9953189902365513
4616.573498,0.9961359845941409
4616.814552,0.9950184492854677
4617.055606,0.9950871079271644
4617.29666,0.9957087339085747
4617.537714,0.9972156834195315
4617.778768,0.9942550656115989
4618.019822,0.9962805344123412
4618.260876,0.9950646192126485
4618.50193,0.9946446910689485
4618.742984,0.995142834365534
4618.984038,0.9975966925787139
4619.225092,0.9961168589668433
4619.466146,0.995532608612288
4619.7072,0.9967313536937419
4619.948254,0.9942939417446879
4620.189308,0.9957263581091386
4620.430362,0.9950404394361873
4620.671416,0.9960292045401056
4620.91247,0.9966235131955483
4621.153524,0.9958552134366377
4621.394578,0.9943854209953094
4621.635632,0.9962680809834952
4621.876686,0.9955332059320323
4622.11774,0.9948696056592354
4622.358794,0.995271813234518
4622.599848,0.9935760225382996
4622.840902,0.9946803994543195
4623.081956,0.9942159921553189
4623.32301,0.9943588712590093
4623.564064,0.993546613123294
4623.805118,0.9932219751388611
4624.046172,0.995150696024979
4624.287226,0.9954968696331573
4624.52828,0.994005936509337
4624.769334,0.9935565486391027
4625.010388,0.9945512983173155
4625.251442,0.9942523811265459
4625.492496,0.9936672370038485
4625.73355,0.9943371944718937
4625.974604,0.9950318821252045
4626.215658,0.9949243249923145
4626.456712,0.9955993115315879
4626.697766,0.9950665098372212
4626.93882,0.9932697502648479
4627.179874,0.9939296991777458
4627.420928,0.9927519944077414
4627.661982,0.9942612300121154
4627.903036,0.9967369354049513
4628.14409,0.9930369551200426
4628.385144,0.9930935598397037
4628.626198,0.9953344178004633
4628.867252,0.9939583247652886
4629.108306,0.9930351676551322
4629.34936,0.9934364349133933
4629.590414,0.995610064062216
4629.831468,0.9933476256659445
4630.072522,0.9960999251241789
4630.313576,0.9928518702820511
4630.55463,0.993317925015964
4630.795684,0.9960087861507017
4631.036738,0.9943613571592949
4631.277792,0.9950060116325872
4631.518846,0.992735812682114
4631.7599,0.9934330572352567
4632.000954,0.9944769086624091
4632.242008,0.9950047181256129
4632.483062,0.9913262360367578
4632.724116,0.9946904457770879
4632.96517,0.9935950993810695
4633.206224,0.9933816980738434
4633.447278,0.9941739377083085
4633.688332,0.994392083399949
4633.929386,0.9937566710796519
4634.17044,0.9971131749163032
4634.411494,0.9933878570594642
4634.652548,0.9958455536879173
4634.893602,0.9935870512933592
4635.134656,0.995456254189437
4635.37571,0.9935742341030687
4635.616764,0.9933435529490283
4635.857818,0.9939531561954381
4636.098872,0.993785490440992
4636.339926,0.9945682058331003
4636.58098,0.9933315335647551
4636.822034,0.9958901685680884
4637.063088,0.9939869511772602
4637.304142,0.9948149888171308
4637.545196,0.9919185320691434
4637.78625,0.9950466087060365
4638.027304,0.9940253198140856
4638.268358,0.9939254252892282
4638.509412,0.9945057489109419
4638.750466,0.994579543975274
4638.99152,0.9931501677859257
4639.232574,0.9930040861408128
4639.473628,0.9934865053714779
4639.714682,0.9931070660039593
4639.955736,0.9923060511253143
4640.19679,0.9926363455370705
4640.437844,0.9930400335393751
4640.678898,0.9936600826254979
4640.919952,0.9942466144794586
4641.161006,0.9956743825498192
4641.40206,0.992741272744099
4641.643114,0.993257930425148
4641.884168,0.9936331548021324
4642.125222,0.9923275844002589
4642.366276,0.9954077766502957
4642.60733,0.9918937344158136
4642.848384,0.9910139183480187
4643.089438,0.9933706715981917
4643.330492,0.993192675522766
4643.571546,0.9912044095287412
4643.8126,0.9932393566755141
4644.053654,0.9938156025975492
4644.294708,0.9900705260069268
4644.535762,0.9911288826303465
4644.776816,0.9929111453080488
4645.01787,0.9922668558104074
4645.258924,0.992056418327974
4645.499978,0.9940234311677721
4645.741032,0.9948547822125461
4645.982086,0.9941608146989428
4646.22314,0.9934218315051353
4646.464194,0.9915134160993635
4646.705248,0.9922958304256244
4646.946302,0.9941012662496362
4647.187356,0.9948649297830772
4647.42841,0.993655014971999
4647.669464,0.9934197453214797
4647.910518,0.9932625987483915
4648.151572,0.9916768309753526
4648.392626,0.9930291101590849
4648.63368,0.9951100947048537
4648.874734,0.9919183336854568
4649.115788,0.9935300210333992
4649.356842,0.9918193451753639
4649.597896,0.993369280880225
4649.83895,0.9929624801412553
4650.080004,0.9937624348850592
4650.321058,0.9915964092455057
4650.562112,0.9906478063485464
4650.803166,0.9934072283115459
4651.04422,0.9936664420703769
4651.285274,0.9922806484155616
4651.526328,0.9930570146691369
4651.767382,0.9939013725849751
4652.008436,0.9898864890029117
4652.24949,0.9928766918890769
4652.490544,0.9932447201825216
4652.731598,0.9931777777443668
4652.972652,0.9918437442313622
4653.213706,0.9936625667788097
4653.45476,0.9916222902495326
4653.695814,0.9924949049357136
4653.936868,0.9914577937569417
4654.177922,0.9937077794541787
4654.418976,0.9923000973068691
4654.66003,0.9921631693416876
4654.901084,0.9907819491427883
4655.142138,0.993945005812974
4655.383192,0.9940869512944701
4655.624246,0.9919103983705286
4655.8653,0.9930663494489481
4656.106354,0.9931273255947528
4656.347408,0.9932165124330203
4656.588462,0.992642797694286
4656.829516,0.9905418127040282
4657.07057,0.9970080847260174
4657.311624,0.9924617561594764
4657.552678,0.9926009090520798
4657.793732,0.9951258175685603
4658.034786,0.9901677557064807
4658.27584,0.9935686701029369
4658.516894,0.9926308860521836
4658.757948,0.9959741256480399
4658.999002,0.9940908282411403
4659.240056,0.9945727808573697
4659.48111,0.9943967570537241
4659.722164,0.9913699544877519
4659.963218,0.9947997682642394
4660.204272,0.9937998010550905
4660.445326,0.9936846263326523
4660.68638,0.9954688965641441
4660.927434,0.9953079422570761
4661.168488,0.9949096997122333
4661.409542,0.995424599183871
4661.650596,0.99365809530732
4661.89165,0.9951680117977366
4662.132704,0.995656062309727
4662.373758,0.9944985884953272
4662.614812,0.9928458139041143
4662.855866,0.9969798697964628
4663.09692,0.9938013911360443
4663.337974,0.9926779378713018
4663.579028,0.9952234441997718
4663.820082,0.9956367467694796
4664.061136,0.9949037302719433
4664.30219,0.9941322826929972
4664.543244,0.9936991342341042
4664.784298,0.9965115986591353
4665.025352,0.9954009083603323
4665.266406,0.9920880654324873
4665.50746,0.9944755163957115
4665.748514,0.9939815836622161
4665.989568,0.9951320868809593
4666.230622,0.9971809809175755
4666.471676,0.9955203636365089
4666.71273,0.9936388185272563
4666.953784,0.9934192486117311
4667.194838,0.9931489760064395
4667.435892,0.9933189183343857
4667.676946,0.9964413470678275
4667.918,0.9934512372265504
4668.159054,0.9962167744984778
4668.400108,0.9955636697142274
4668.641162,0.9980295439026188
4668.882216,0.9959721337017805
4669.12327,0.9955314139738745
4669.364324,0.9944036184150195
4669.605378,0.9944512514891446
4669.846432,0.9938815941444568
4670.087486,0.9954595392004961
4670.32854,0.9959254237040679
4670.569594,0.9963115192187727
4670.810648,0.9950377528306277
4671.051702,0.9966971663946257
4671.292756,0.9922950365892776
4671.53381,0.9978937213246297
4671.774864,0.9958356948657371
4672.015918,0.9952182690513174
4672.256972,0.9976923666890325
4672.498026,0.9962445693342225
4672.73908,0.993494353945872
4672.980134,0.996494757755424
4673.221188,0.9957308388878318
4673.462242,0.9945787483119571
4673.703296,0.99594623876294
4673.94435,0.9938167951769878
4674.185404,0.9944101815005592
4674.426458,0.9944176396048883
4674.667512,0.9967689311741071
4674.908566,0.9955904507371458
4675.14962,0.9956322664141999
4675.390674,0.9957125176089525
4675.631728,0.9950547681216814
4675.872782,0.9978119971755028
4676.113836,0.9975082096763569
4676.35489,0.9974217294635493
4676.595944,0.9965533533698742
4676.836998,0.9965518585409653
4677.078052,0.9944010329689726
4677.319106,0.9947002932612461
4677.56016,0.9963721964378957
4677.801214,0.994520666609058
4678.042268,0.9954485892057899
4678.283322,0.9975078106731529
4678.524376,0.9973395452990756
4678.76543,0.9971833741548015
4679.006484,0.9975527992898999
4679.247538,0.997623528290683
4679.488592,0.9967226821686859
4679.729646,0.9938669841924063
4679.9707,0.9977416539093312
4680.211754,0.9958594956232623
4680.452808,0.9960164554478818
4680.693862,0.9957550354412037
4680.934916,0.9958203591141217
4681.17597,0.9946394194660556
4681.417024,0.9965908244804134
4681.658078,0.9957612091415619
4681.899132,0.997990521710341
4682.140186,0.9970195503849192
4682.38124,0.9985261871304697
4682.622294,0.99540270008358
4682.863348,0.9958914632261491
4683.104402,0.9958518275346682
4683.345456,0.9953558177204943
4683.58651,0.9971335162325523
4683.827564,0.9956664171866203
4684.068618,0.9958720435319588
4684.309672,0.9969866492826276
4684.550726,0.9970802707244532
4684.79178,0.9960194435017302
4685.032834,0.9960638669595462
4685.273888,0.9982184887783478
4685.514942,0.994708947191442
4685.755996,0.9961603902247311
4685.99705,0.9951741818585369
4686.238104,0.9976909699206968
4686.479158,0.9974364914143836
4686.720212,0.9963050432149447
4686.961266,0.9974221284323209
4687.20232,0.9965063171616584
4687.443374,0.9957500566784734
4687.684428,0.9941929266118622
4687.925482,0.996077712343522
4688.166536,0.9966359710673248
4688.40759,0.9975735486039172
4688.648644,0.9983082326544158
4688.889698,0.9976815916696574
4689.130752,0.9951486062107117
4689.371806,0.9972823993803762
4689.61286,0.9978526089502319
4689.853914,0.9985209948077967
4690.094968,0.997053449625916
4690.336022,0.996162083698834
4690.577076,0.9974967383979056
4690.81813,0.9989303724597863
4691.059184,0.9977654004432769
4691.300238,0.9955122999542213
4691.541292,0.9982176902038762
4691.782346,0.9970786753972962
4692.0234,0.9948595575269614
4692.264454,0.997335356481782
4692.505508,0.9959580905936994
4692.746562,0.9959319968335557
4692.987616,0.9968996161471969
4693.22867,0.9950293945486087
4693.469724,0.9977101257712149
4693.710778,0.998041620133161
4693.951832,0.9980715618308883
4694.192886,0.9952020471257409
4694.43394,0.9986123636588828
4694.674994,0.9980533970937625
4694.916048,0.9973706627783191
4695.157102,0.9957034566662697
4695.398156,0.9960776127357558
4695.63921,0.9958240436562669
4695.880264,0.997833550147413
4696.121318,0.9979692647386161
4696.362372,0.9970820654705558
4696.603426,0.9998751577934369
4696.84448,0.9963251687800853
4697.085534,0.9969907369362694
4697.326588,0.9991069090433341
4697.567642,0.9966929802753177
4697.808696,0.9980421191540959
4698.04975,0.9979335380784495
4698.290804,0.9970097796412021
4698.531858,0.997655153457786
4698.772912,0.9966564023141513
4699.013966,0.9998159369416837
4699.25502,0.997047866142232
4699.496074,0.9982674026826788
4699.737128,0.9997178798033891
4699.978182,0.9992080637471704
4700.219236,0.9985419639688631
4700.46029,0.9983885997018747
4700.701344,0.9962943828080156
4700.942398,0.9976505642546353
4701.183452,0.9988765315637359
4701.424506,0.9991132234189527
4701.66556,0.9984100652875225
4701.906614,0.99680192477177
4702.147668,0.9984850486990174
4702.388722,0.9985529479908788
4702.629776,0.9991235942680364
4702.87083,0.9968655227633249
4703.111884,0.9973467261696529
4703.352938,0.9991376020790226
4703.593992,0.9977893471002462
4703.835046,0.9962354039263456
4704.0761,0.998608469078259
4704.317154,0.9973477235168777
4704.558208,0.9966701562674053
4704.799262,0.9978749610990155
4705.040316,0.9971284308645871
4705.28137,0.9985570420663584
4705.522424,1.0006068840796702
4705.763478,0.9979067938180037
4706.004532,0.9983569512848942
4706.245586,0.9978854388411151
4706.48664,0.995395931368233
4706.727694,0.9979077917252965
4706.968748,0.9977701897286932
4707.209802,0.9978822456128199
4707.450856,0.9983136235334275
4707.69191,0.998119769851539
4707.932964,0.9961233337474695
4708.174018,1.0009979175887493
4708.415072,0.9971436870462889
4708.656126,0.9988126055113713
4708.89718,1.0003758506141491
4709.138234,0.9997613984698738
4709.379288,0.9965557451007924
4709.620342,1.000831205259784
4709.861396,0.9986457178688413
4710.10245,1.0009076616757695
4710.343504,0.9983166184787905
4710.584558,0.9994979960461704
4710.825612,0.9993246381595404
4711.066666,0.9998709883227223
4711.30772,1.0008137409076292
4711.548774,0.9981653849673187
4711.789828,0.9989442576884656
4712.030882,0.9974259186436104
4712.271936,0.9992926702756947
4712.51299,0.9987840398793442
4712.754044,1.0007412545934988
4712.995098,0.9986924555820914
4713.236152,0.9997311361503647
4713.477206,0.9990682143820738
4713.71826,0.9971562511358992
4713.959314,0.9995490417122684
4714.200368,0.9994886207989374
4714.441422,1.0001252978491197
4714.682476,1.0001950890273896
4714.92353,0.9996106358219138
4715.164584,0.9985532475568081
4715.405638,0.9967448096578443
4715.646692,0.9999491972905014
4715.887746,0.9992598640358469
4716.1288,0.9981986244280721
4716.369854,0.9995804380407454
4716.610908,0.9986156590851203
4716.851962,0.9999066863539892
4717.093016,0.9993890766896848
4717.33407,0.9988838233890315
4717.575124,1.0001637634077631
4717.816178,0.998782042313262
4718.057232,1.000475422977697
4718.298286,1.0005916549587883
4718.53934,0.9978107000207497
4718.780394,0.9989986017342285
4719.021448,0.9969393932354288
4719.262502,0.9998507111446904
4719.503556,1.0007317876260091
4719.74461,0.999522204180794
4719.985664,0.999325967262193
4720.226718,0.9996741331061536
4720.467772,0.9989199836379347
4720.708826,0.9969291248125609
4720.94988,1.00000413040853
4721.190934,0.9991976020935098
4721.431988,1.0011837000205142
4721.673042,0.9995928329150251
4721.914096,0.999207384285918
4722.15515,0.9981571002290052
4722.396204,0.9987119302748529
4722.637258,0.9997637779048337
4722.878312,1.0006943509500914
4723.119366,1.0026044857955663
4723.36042,1.0002259255173265
4723.601474,0.9981002068957675
4723.842528,0.9990248957234535
4724.083582,1.0002111722937304
4724.324636,0.9993859386129108
4724.56569,0.9980734581686572
4724.806744,1.0000364286635077
4725.047798,0.9998935056709237
4725.288852,1.0017289929877133
4725.529906,1.0003546228638263
4725.77096,0.9991330460219449
4726.012014,1.002271175219993
4726.253068,0.9981743684962092
4726.494122,0.999699475166637
4726.735176,0.998792929096856
4726.97623,1.0018381873989364
4727.217284,1.0000018664017418
4727.458338,0.9991650587575808
4727.699392,0.9997147206998803
4727.940446,0.9994258149073882
4728.1815,1.0001531917326552
4728.422554,0.9998499712554378
4728.663608,1.0012589918656936
4728.904662,1.0007591780298724
4729.145716,0.9991235243293872
4729.38677,0.9975023243952814
4729.627824,0.998730306743433
4729.868878,0.9985352737601167
4730.109932,1.000921244084895
4730.350986,0.9987281095391751
4730.59204,1.0006048328376602
4730.833094,1.0003610751719525
4731.074148,1.0000845655754667
4731.315202,0.9989288740653514
4731.556256,0.9997636379379146
4731.79731,0.9999465194301367
4732.038364,1.002390552825757
4732.279418,0.9995050025516804
4732.520472,1.0016958363067916
4732.761526,0.9968512676882734
4733.00258,1.000340137833759
4733.243634,1.0009178409584503
4733.484688,1.002167746171741
4733.725742,0.9988239920399773
4733.966796,1.0020446875284665
4734.20785,0.9990435077306312
4734.448904,0.9997820937450175
4734.689958,1.0006284573966504
4734.931012,0.9996635066265985
4735.172066,0.9993676300302226
4735.41312,0.9995720715874926
4735.654174,1.0009217345364245
4735.895228,0.9992499614196618
4736.136282,0.9998989151094219
4736.377336,1.0000951635277613
4736.61839,0.9995764697142835
4736.859444,1.0000451100174261
4737.100498,1.0002740575469096
4737.341552,0.9987148265436503
4737.582606,1.000313659180757
4737.82366,0.9987038407409804
4738.064714,0.998695251924882
4738.305768,0.9981524089016587
4738.546822,1.0003003550975624
4738.787876,0.9994169100630486
4739.02893,1.0016230156665544
4739.269984,1.0014457440817794
4739.511038,0.9994972464229545
4739.752092,1.003076221889315
4739.993146,0.9996118353553964
4740.2342,0.998182154286648
4740.475254,0.9996527902912471
4740.716308,1.0014427397490537
4740.957362,0.9989211823426343
4741.198416,1.0013073538429331
4741.43947,1.0015010254126036
4741.680524,1.0011449549610452
4741.921578,1.001513343950975
4742.162632,0.9997587591032658
4742.403686,1.002872618082757
4742.64474,1.001760347595891
4742.885794,1.000472771721339
4743.126848,0.9994105537917135
4743.367902,1.0016624803908216
4743.608956,0.9995770994476578
4743.85001,1.0007556653713223
4744.091064,1.0009966463222013
4744.332118,0.9996211917659633
4744.573172,1.0007374117544594
4744.814226,1.0001103560887852
4745.05528,0.9994512006454844
4745.296334,0.9988561546903368
4745.537388,0.9984855479416667
4745.778442,1.0010488496584973
4746.019496,1.0000272603715572
4746.26055,1.0018589256640558
4746.501604,1.001740713285495
4746.742658,1.0005117108793657
4746.983712,1.000177495750507
4747.224766,0.9989474543152048
4747.46582,1.0013721405245533
4747.706874,1.0019510007301087
4747.947928,1.001941081464302
4748.188982,1.001643749477573
4748.430036,0.9989448570552001
4748.67109,1.0016550681158922
4748.912144,1.001602582765451
4749.153198,0.9985781118422313
4749.394252,1.0017773776665553
4749.635306,1.000687546251641
4749.87636,0.9990461452089731
4750.117414,1.0016431484915034
4750.358468,1.0007583474000994
4750.599522,1.0007908425511953
4750.840576,0.999674353034487
4751.08163,1.003807229154028
4751.322684,1.001076178665132
4751.563738,0.999400909526403
4751.804792,0.9998056788827946
4752.045846,1.000718668118272
4752.2869,1.0038737837795824
4752.527954,0.9995983606786755
4752.769008,1.0008316956671948
4753.010062,0.9982268738488708
4753.251116,1.0006298882963676
4753.49217,1.0019100217722043
4753.733224,1.0000460010580163
4753.974278,1.0009031876285213
4754.215332,1.0031741269062586
4754.456386,1.0011882053573014
4754.69744,1.0003038461518936
4754.938494,1.0006550344414205
4755.179548,0.9998390129598045
4755.420602,1.000691368885369
4755.661656,1.0012277530724751
4755.90271,1.0013738428586392
4756.143764,1.0007679847493887
4756.384818,1.0020850707430904
4756.625872,1.002871514923484
4756.866926,1.0012691046325808
4757.10798,1.0005773966292961
4757.349034,1.0015553082392321
4757.590088,1.0009516525341922
4757.831142,1.0017773776665553
4758.072196,1.0025823284812694
4758.31325,1.0015222574594012
4758.554304,1.000067040247097
4758.795358,1.0012900313755515
4759.036412,0.9994702803510199
4759.277466,1.0009672174534059
4759.51852,1.0026252399232267
4759.759574,1.0029652877939426
4760.000628,1.0005617076987185
4760.241682,1.0015936685421327
4760.482736,1.0018788628550508
4760.72379,1.0010670689133556
4760.964844,0.9996687248837227
4761.205898,1.0000895970135726
4761.446952,1.0025330026441337
4761.688006,1.0014863034557366
4761.92906,1.002662036944753
4762.170114,1.0032839804875286
4762.411168,0.9991472637863489
4762.652222,1.0003119286396236
4762.893276,1.000280299276503
4763.13433,0.9990221384185464
4763.375384,1.00192675380928
4763.616438,1.0001246777716275
4763.857492,1.0005965178460483
4764.098546,1.0006422061261087
4764.3396,1.001349309500024
4764.580654,1.0016110964235876
4764.821708,1.0012138361034306
4765.062762,1.0029923682222972
4765.303816,0.9992258697935178
4765.54487,0.9991961832339222
4765.785924,1.002156020877704
4766.026978,1.0018392894215484
4766.268032,1.0017346026857812
4766.509086,1.0019024072849738
4766.75014,0.9987723541744391
4766.991194,1.0005399157020405
4767.232248,1.0002100920662476
4767.473302,0.9997997900446886
4767.714356,1.0004295222182624
4767.95541,1.0007168167904483
4768.196464,1.0016195099921346
4768.437518,1.0004995347259362
4768.678572,0.9990332376161601
4768.919626,1.0012513823262716
4769.16068,1.0005479200533836
4769.401734,1.0021551189376912
4769.642788,1.0022131453989274
4769.883842,0.9999848371149577
4770.124896,1.0017056529740889
4770.36595,0.9987102324660146
4770.607004,1.0007918133187834
4770.848058,1.0010389393239418
4771.089112,1.0004232095278938
4771.330166,1.0003819929407287
4771.57122,1.002013223819261
4771.812274,1.001514045010561
4772.053328,1.0014367311106411
4772.294382,1.001481496333017
4772.535436,1.001020220070802
4772.77649,1.0002415991803821
4773.017544,1.0018142437523851
4773.258598,1.0008992540867232
4773.499652,1.0009431344718736
4773.740706,0.9994514904863746
4773.98176,1.0008686370468307
4774.222814,1.0018189522903957
4774.463868,0.9999965941058001
4774.704922,1.0030946786615995
4774.945976,1.0019495979996897
4775.18703,1.0007751402660605
4775.428084,1.0009376092810207
4775.669138,1.000679190545515
4775.910192,0.9994294528239754
4776.151246,1.0006579963847062
4776.3923,1.0008911067999546
4776.633354,1.002787778648026
4776.874408,1.0027046509868651
4777.115462,0.9995070515390359
4777.356516,1.0001069857225642
4777.59757,1.0017692633026594
4777.838624,1.0039366282454583
4778.079678,1.0004636274419951
4778.320732,1.0012978414682554
4778.561786,1.0017761755344232
4778.80284,1.0025322006180524
4779.043894,1.0015337750315878
4779.284948,1.0016393422547711
4779.526002,1.0018958949404917
4779.767056,1.0008820988205294
4780.00811,1.0009365082502562
4780.249164,0.9997282369342737
4780.490218,1.0006536335253529
4780.731272,1.0011351437885614
4780.972326,1.0007821056852764
4781.21338,1.0003177904847007
4781.454434,1.0023144742700154
4781.695488,1.0009477688493147
4781.936542,0.9998906059839617
4782.177596,1.0003269134245505
4782.41865,0.9998025494959172
4782.659704,1.0016804103096928
4782.900758,0.9989443575828963
4783.141812,0.99962767932855
4783.382866,1.0001207372881598
4783.62392,1.00025442235988
4783.864974,1.0019964903381482
4784.106028,1.0001381295390064
4784.347082,1.0013334883059217
4784.588136,1.000512001027804
4784.82919,1.0013709388787058
4785.070244,0.9998790573141564
4785.311298,1.0024213266881052
4785.552352,0.9983793147310727
4785.793406,1.0003466600727202
4786.03446,1.0003099480239657
4786.275514,0.9999333242229285
4786.516568,1.0009016162117503
4786.757622,0.9967872718911748
4786.998676,0.9980354322942986
4787.23973,0.9993117669410917
4787.480784,0.9984499026438775
4787.721838,0.9997558198168348
4787.962892,0.9990309198617375
4788.203946,0.9997958308453592
4788.445,0.9979478086300783
4788.686054,0.9981544052084729
4788.927108,0.9979047980064119
4789.168162,0.9972449022671096
4789.409216,0.99923950931973
4789.65027,0.999041050086625
4789.891324,0.9988811264063492
4790.132378,0.9982593167494651
4790.373432,0.9975866169030011
4790.614486,0.9987283092848169
4790.85554,1.0005722636804173
4791.096594,0.995970141759505
4791.337648,0.9972616561221997
4791.578702,0.9985117086057259
4791.819756,0.9982769860957449
4792.06081,0.9990411400003236
4792.301864,1.0003249327792227
4792.542918,0.9978478192692042
4792.783972,0.9987347011664504
4793.025026,0.999690727834499
4793.26608,0.9981652851507852
4793.507134,0.9988931130517859
4793.748188,0.9959748228301718
4793.989242,0.997380137844622
4794.230296,0.9972222650647614
4794.47135,0.9974499568979095
4794.712404,0.9964418452886257
4794.953458,0.9985344749322173
4795.194512,0.9950076036434794
4795.435566,0.9995598169090163
4795.67662,0.997547412519328
4795.917674,0.9972150850903009
4796.158728,0.996729459905969
4796.399782,0.9957534422344215
4796.640836,0.9962888035750938
4796.88189,0.997909687751902
4797.122944,0.9956819497038817
4797.363998,0.9963208845910705
4797.605052,0.9957836140208215
4797.846106,0.9962285299257738
4798.08716,0.9952436474407512
4798.328214,0.996021236338342
4798.569268,0.9944403125855422
4798.810322,0.9962543325788418
4799.051376,0.9954193234474761
4799.29243,0.996400194889992
4799.533484,0.9945541825202626
4799.774538,0.9958118946770431
4800.015592,0.9961920686288243
4800.256646,0.9945767591564497
4800.4977,0.9939930145161555
4800.738754,0.9946594119193104
4800.979808,0.9960273120864147
4801.220862,0.9950690970135101
4801.461916,0.9938275284563354
4801.70297,0.9937108599530697
4801.944024,0.997348122456047
4802.185078,0.994400834088786
4802.426132,0.9942496966487409
4802.667186,0.9947744011935802
4802.90824,0.9919159530843127
4803.149294,0.9947041725999545
4803.390348,0.9957899870563449
4803.631402,0.9936413026274078
4803.872456,0.9932822655425473
4804.11351,0.9945535857879322
4804.354564,0.9952912212241033
4804.595618,0.9941759260581723
4804.836672,0.9966985617716354
4805.077726,0.9946567263425237
4805.31878,0.9945651226764411
4805.559834,0.9959857786134797
4805.800888,0.9950502903852998
4806.041942,0.9926384300755848
4806.282996,0.9924167986602174
4806.52405,0.9936331548021324
4806.765104,0.9953869728451642
4807.006158,0.9968766877197034
4807.247212,0.9944806876818422
4807.488266,0.9926426984300111
4807.72932,0.9958767241415628
4807.970374,0.993401665246644
4808.211428,0.9934995201299447
4808.452482,0.9933907378884269
4808.693536,0.9948239421923203
4808.93459,0.9961434556420418
4809.175644,0.9944684556446108
4809.416698,0.9965014342926674
4809.657752,0.9960699429676664
4809.898806,0.9941291014747825
4810.13986,0.9933028266982513
4810.380914,0.994064485183239
4810.621968,0.99209838320202
4810.863022,0.9963807652756309
4811.104076,0.9961958541658776
4811.34513,0.9932514742695827
4811.586184,0.9934919695622839
4811.827238,0.9932869339801662
4812.068292,0.993775751390907
4812.309346,0.9943098505750261
4812.5504,0.9938100372457577
4812.791454,0.995072082225279
4813.032508,0.9929708210611203
4813.273562,0.9925364913434596
4813.514616,0.9945945622397757
4813.75567,0.9926261214353657
4813.996724,0.9928836420502457
4814.237778,0.9941708557738786
4814.478832,0.9948299111538803
4814.719886,0.9950825305369959
4814.96094,0.9931005115189534
4815.201994,0.9946660761596954
4815.443048,0.9943645391207289
4815.684102,0.9954906975716991
4815.925156,0.9932971648882752
4816.16621,0.9927628154634551
4816.407264,0.9941906399707606
4816.648318,0.9944489642538964
4816.889372,0.9926725774249104
4817.130426,0.9918651682876166
4817.37148,0.9938741400604535
4817.612534,0.9918820301388028
4817.853588,0.9925899905021324
4818.094642,0.9929967379377638
4818.335696,0.9936098046973594
4818.57675,0.9941445105952758
4818.817804,0.9920990776711314
4819.058858,0.9908551706343307
4819.299912,0.9929262376721593
4819.540966,0.99124465324471
4819.78202,0.9937503110573092
4820.023074,0.9925112812367491
4820.264128,0.9925366898507777
4820.505182,0.9930155057534661
4820.746236,0.9902768782056989
4820.98729,0.991913572488882
4821.228344,0.9932329999639729
4821.469398,0.9949412388496068
4821.710452,0.9921848979530237
4821.951506,0.9919762634076754
4822.19256,0.993971047513271
4822.433614,0.9921424333481402
4822.674668,0.9925703374148866
4822.915722,0.9928716282308606
4823.156776,0.9935744328179353
4823.39783,0.9917424821545933
4823.638884,0.9930786635480285
4823.879938,0.9913219733431077
4824.120992,0.9956017009728029
4824.362046,0.9929345782875862
4824.6031,0.9912447523691803
4824.844154,0.9937267594540247
4825.085208,0.9914156576961046
4825.326262,0.9935078655609645
4825.567316,0.9904252327935353
4825.80837,0.9929903827789774
4826.049424,0.9933599432528717
4826.290478,0.9937192071593516
4826.531532,0.9925307346485042
4826.772586,0.9926165922703399
4827.01364,0.9925281540719488
4827.254694,0.9910343334450115
4827.495748,0.9925015546738533
4827.736802,0.9943900946177711
4827.977856,0.9939082305281058
4828.21891,0.9909079846224058
4828.459964,0.9920123720008359
4828.701018,0.9928489910158023
4828.942072,0.9919176393428663
4829.183126,0.9929834318706262
4829.42418,0.9937393798640092
4829.665234,0.9930571139748433
4829.906288,0.9925523720543664
4830.147342,0.9926347573201881
4830.388396,0.9923852403078005
4830.62945,0.9926614595543035
4830.870504,0.9922956319664782
4831.111558,0.9906339373763405
4831.352612,0.9933958041941091
4831.593666,0.9896192557289962
4831.83472,0.9936297764551493
4832.075774,0.9915064755297428
4832.316828,0.9915151016736036
4832.557882,0.9922985096279835
4832.798936,0.9908967874254438
4833.03999,0.9927250911932332
4833.281044,0.9947752964909442
4833.522098,0.9921342978135426
4833.763152,0.993382095426602
4834.004206,0.9913016514509543
4834.24526,0.9917614246169023
4834.486314,0.991474648682702
4834.727368,0.9910393877330004
4834.968422,0.9934152749426841
4835.209476,0.9922544525522303
4835.45053,0.9923694615079214
4835.691584,0.9930263296814691
4835.932638,0.9902696492108738
4836.173692,0.9930261310762231
4836.414746,0.9924089585984763
4836.6558,0.9923504081971728
4836.896854,0.9913279212927916
4837.137908,0.9934654436808187
4837.378962,0.9946888542736478
4837.620016,0.9922887851502392
4837.86107,0.9949779528586897
4838.102124,0.9941785109189404
4838.343178,0.9942331922407635
4838.584232,0.9928326091426013
4838.825286,0.9921250710074776
4839.06634,0.9938860666216935
4839.307394,0.9895390998156405
4839.548448,0.9920510612377792
4839.789502,0.9937581617157765
4840.030556,0.9936663427037377
4840.27161,0.9947682336114123
4840.512664,0.9925667641681037
4840.753718,0.991892444954797
4840.994772,0.9942263320554047
4841.235826,0.9929970358368299
4841.47688,0.995718491901981
4841.717934,0.9934953474407228
4841.958988,0.9952580785782646
4842.200042,0.9923145849940496
4842.441096,0.993112528107843
4842.68215,0.9973894135230358
4842.923204,0.9918799471887266
4843.164258,0.993204295945049
4843.405312,0.995056459716225
4843.646366,0.9914526381898185
4843.88742,0.9945390654115787
4844.128474,0.9950481012770689
4844.369528,0.9926610624897991
4844.610582,0.9930161015629483
4844.851636,0.995981595481994
4845.09269,0.99540419318875
4845.333744,0.9956134491421884
4845.574798,0.9928977410980658
4845.815852,0.9963623324019779
4846.056906,0.995267234994707
4846.29796,0.996314308894932
4846.539014,0.9945452315728993
4846.780068,0.9927017624277042
4847.021122,0.995004618625146
4847.262176,0.9934421968614254
4847.50323,0.9940174670450775
4847.744284,0.9940403297097392
4847.985338,0.9959171575573558
4848.226392,0.9966529140228477
4848.467446,0.9942706755386667
4848.7085,0.992851770996869
4848.949554,0.9950069071384006
4849.190608,0.9931883054846078
4849.431662,0.9945277277308578
4849.672716,0.9971001128192688
4849.91377,0.9960822943115374
4850.154824,0.9966781296605489
4850.395878,0.9981172745552335
4850.636932,0.9935305177985339
4850.877986,0.9937017178552119
4851.11904,0.9964758245348928
4851.360094,0.9952312069729113
4851.601148,0.9942481058504988
4851.842202,0.9952421545763998
4852.083256,0.9958977373621308
4852.32431,0.9956964867664677
4852.565364,0.9948092189069284
4852.806418,0.9981268565270627
4853.047472,0.995199658643694
4853.288526,0.9961484363717718
4853.52958,0.996408166123436
4853.770634,0.9938749351600836
4854.011688,0.9954874124578175
4854.252742,0.9963567527885394
4854.493796,0.994727747368205
4854.73485,0.9966528143575613
4854.975904,0.9965245533941235
4855.216958,0.997496239649661
4855.458012,1.0003074672583707
4855.699066,0.9962853165703836
4855.94012,0.998877730216293
4856.181174,0.997431005528767
4856.422228,0.9975129977272547
4856.663282,0.9952320031581954
4856.904336,0.999373726191359
4857.14539,0.9968407011208388
4857.386444,1.000533562293748
4857.627498,0.9968788808508289
4857.868552,0.998887918821103
4858.109606,0.997953197562795
4858.35066,0.9985110096477745
4858.591714,0.9982448420943137
4858.832768,0.9981866461164489
4859.073822,0.9973737546321662
4859.314876,1.0003518618888774
4859.55593,1.0011157219551643
4859.796984,1.002266264103267
4860.038038,0.997894020692791
4860.279092,1.000228926199604
4860.520146,0.9983519595126172
4860.7612,0.9983760200847702
4861.002254,0.9987140275721087
4861.243308,0.9970349046042223
4861.484362,0.9993139154637003
4861.725416,0.9982489349065566
4861.96647,1.000692429618782
4862.207524,1.00102942949919
4862.448578,1.0014283190774305
4862.689632,1.0001720147928481
4862.930686,0.9985945885170089
4863.17174,0.9999146836396476
4863.412794,1.0021192424266265
4863.653848,0.9997401437684806
4863.894902,1.0006510618488194
4864.135956,0.9992418775201733
4864.37701,1.0016024826051977
4864.618064,0.9986803714764879
4864.859118,1.0000242572942033
4865.100172,0.9993903858902328
4865.341226,0.9995641150254699
4865.58228,1.000734129341132
4865.823334,1.0016991419085055
4866.064388,0.997771786162274
4866.305442,0.9988429698761149
4866.546496,0.9991297089231441
4866.78755,0.9986804713445301
4867.028604,1.0005214258952446
4867.269658,0.9988297852359314
4867.510712,0.9984178529164035
4867.751766,1.002351259886233
4867.99282,0.9979917192996857
4868.233874,0.9993481525449219
4868.474928,1.000821327104537
4868.715982,1.0028919737110673
4868.957036,0.9993966121117316
4869.19809,0.9994433949620886
4869.439144,0.9984291351018857
4869.680198,0.9992825974563454
4869.921252,0.9994676517476392
4870.162306,0.9998774575089445
4870.40336,1.0016307281934682
4870.644414,1.0008381810775955
4870.885468,0.999286494666075
4871.126522,1.0011646777109264
4871.367576,0.9977375631769362
4871.60863,0.9988615485281355
4871.849684,0.9979738554077925
4872.090738,1.0003967987037867
4872.331792,1.0005564747746714
4872.572846,0.9997779446579378
4872.8139,1.0011954139383308
4873.054954,0.999215028251646
4873.296008,1.0000390617628907
4873.537062,1.0017214800484395
4873.778116,0.9994268443165077
4874.01917,1.0020569125482268
4874.260224,1.0002924227471983
4874.501278,1.0001153266496068
4874.742332,0.9993395781745572
4874.983386,1.0015353774869098
4875.22444,1.0004603759404895
4875.465494,1.000808486649282
4875.706548,0.9999891340590348
4875.947602,1.0006531131855987
4876.188656,0.9986667895157934
4876.42971,1.0002961838537787
4876.670764,0.9999245988428102
4876.911818,0.9976021793756118
4877.152872,1.0019790557508976
4877.393926,0.9970311158787833
4877.63498,0.9999452424992467
4877.876034,0.9998181765318908
4878.117088,1.0020143260344134
4878.358142,1.0009721822631172
4878.599196,0.999718219707526
4878.84025,0.9984002809168262
4879.081304,1.0018595267795916
4879.322358,1.0027178867756141
4879.563412,1.0031254741409426
4879.804466,1.0012691046325808
4880.04552,1.0011832995471144
4880.286574,1.000916990178647
4880.527628,1.0015358782547237
4880.768682,1.0015836526555268
4881.009736,0.9990776256489803
4881.25079,0.9987784467043818
4881.491844,0.9990416295306022
4881.732898,1.0009795594552855
4881.973952,0.9992312156662213
4882.215006,1.0004586251363636
4882.45606,1.0017554389822139
4882.697114,1.001355017207355
4882.938168,1.0009612216777308
4883.179222,1.000594226482646
4883.420276,0.9988393740478958
4883.66133,1.0005956373215
4883.902384,1.0012006201680195
4884.143438,1.0032957189787703
4884.384492,1.0005129515146562
4884.625546,1.001113119057671
4884.8666,1.0013972752807203
4885.107654,1.000012183074213
4885.348708,1.0011056107374343
4885.589762,1.0003164300534306
4885.830816,1.0013482080163894
4886.07187,1.0002221846793604
4886.312924,0.9989895108883161
4886.553978,1.0010335337282645
4886.795032,1.0025043306102701
4887.036086,1.0007121134324624
4887.27714,0.9999001719831481
4887.518194,1.0005543936193682
4887.759248,1.0014823976667693
4888.000302,0.9982673028559436
4888.241356,1.0009128063543722
4888.48241,0.9995801681540636
4888.723464,1.0004096939016314
4888.964518,1.0027580965690748
4889.205572,0.9981546048393738
4889.446626,1.0013588223636503
4889.68768,1.000416316635726
4889.928734,0.9989042008268777
4890.169788,1.0004423678157963
4890.410842,0.9979681669730287
4890.651896,1.000778813117565
4890.89295,1.0015427888761252
4891.134004,1.000865534358865
4891.375058,1.0015181512265634
4891.616112,1.0025618760103843
4891.857166,0.9989218815877067
4892.09822,1.0024554095926188
4892.339274,0.9989028023619755
4892.580328,1.0026521106397226
4892.821382,1.000088855947456
4893.062436,1.0022129449563184
4893.30349,1.0007483298591797
4893.544544,0.9986643927183747
4893.785598,1.001343201287866
4894.026652,0.9976950604620591
4894.267706,0.9998763776418735
4894.50876,1.0018049269232416
4894.749814,1.001282922241566
4894.990868,1.001694834611456
4895.231922,1.001727790913643
4895.472976,1.002680887168239
4895.71403,1.0009296118214726
4895.955084,1.0011968156128914
4896.196138,1.0023484533066345
4896.437192,1.0020952920629405
4896.678246,0.9998925757703958
4896.9193,1.0014150001693576
4897.160354,1.0003316649886742
4897.401408,1.0014842003367075
4897.642462,0.9999383229021104
4897.883516,1.00156161805755
4898.12457,1.0025480407519587
4898.365624,1.000013495091058
4898.606678,1.000001758401546
4898.847732,1.000852242952824
4899.088786,1.0008453671215334
4899.32984,1.0026866024655845
4899.570894,1.0012362635445458
4899.811948,0.9996658258486242
4900.053002,0.9996809309133712
4900.294056,1.001700043438139
4900.53511,1.0003044563374257
4900.776164,0.9967161038206922
4901.017218,1.0032977255722149
4901.258272,0.9999925995273836
4901.499326,1.000443858476035
4901.74038,0.999115970984095
4901.981434,1.0036318793483463
4902.222488,0.9995131985263048
4902.463542,1.0030041033016555
4902.704596,0.9987307062356355
4902.94565,1.0015414868713461
4903.186704,1.0022420095531568
4903.427758,0.9985893958386496
4903.668812,1.0010372375591914
4903.909866,0.9997291566846748
4904.15092,0.9997369446051392
4904.391974,1.0013118597361637
4904.633028,1.001435228956671
4904.874082,1.002076152225648
4905.115136,0.9973244855856428
4905.35619,1.0004790647148647
4905.597244,0.9994648332528353
4905.838298,1.000650551516908
4906.079352,1.0019999973320015
4906.320406,0.997692965304632
4906.56146,1.0014977204646727
4906.802514,1.0008962413845026
4907.043568,1.0001791860519031
4907.284622,0.9998678587314266
4907.525676,0.9990910333606821
4907.76673,0.9998833068091801
4908.007784,1.0014850015243884
4908.248838,1.0010113110304888
4908.489892,1.0021651405389884
4908.730946,1.0022963325422143
4908.972,1.0003931972817939
4909.213054,1.001715569909142
4909.454108,0.9982404498266716
4909.695162,0.9997728358056938
4909.936216,0.9993235788759853
4910.17727,1.0011320402744261
4910.418324,1.0020039051396115
4910.659378,0.9991640296181002
4910.900432,1.0019697373890095
4911.141486,1.0016710947251946
4911.38254,1.0011097152788526
4911.623594,0.9998819069735305
4911.864648,1.0006824527649936
4912.105702,1.0015560093281932
4912.346756,1.0000863597287868
4912.58781,1.0008570870894027
4912.828864,0.9980600840739244
4913.069918,1.0011054105163322
4913.310972,1.0009136671397558
4913.552026,0.9990597023571486
4913.79308,1.001266401209648
4914.034134,0.9990322585640671
4914.275188,1.0011129188350671
4914.516242,1.0018308740068622
4914.757296,1.0008568468837307
4914.99835,0.9990837999677854
4915.239404,0.998577512695544
4915.480458,1.0002962938863649
4915.721512,0.9992862148658957
4915.962566,1.0019066152839213
4916.20362,1.0029987873939952
4916.444674,1.0000050383126922
4916.685728,1.000108045836531
4916.926782,1.0013689361388307
4917.167836,1.0003662670594056
4917.40889,0.9996523804336871
4917.649944,1.0018158466564575
4917.890998,1.0011605729441624
4918.132052,0.9962105979736231
4918.373106,1.0004225292403426
4918.61416,1.0014390344177715
4918.855214,0.9993385088817807
4919.096268,1.0014092921201245
4919.337322,1.0015500000101654
4919.578376,1.00109349743283
4919.81943,0.999363302777753
4920.060484,0.9998094781515929
4920.301538,0.9987394951045214
4920.542592,0.9988938122772097
4920.783646,0.9994112333911211
4921.0247,1.0001143365359235
4921.265754,1.0000528703975902
4921.506808,0.9991120644482857
4921.747862,0.999163779827124
4921.988916,0.9991271711369064
4922.22997,1.0003549329738075
4922.471024,0.9998705483795842
4922.712078,0.9996982655310039
4922.953132,0.9979611812203101
4923.194186,0.9972170795224655
4923.43524,0.9999081752161536
4923.676294,1.0000396747870235
4923.917348,0.9997213088415976
4924.158402,1.0008101379846472
4924.399456,0.9984207483323753
4924.64051,0.999368099733119
4924.881564,1.000672646125009
4925.122618,0.9998396728537708
4925.363672,0.9999130097838683
4925.604726,0.9991059199279838
4925.84578,0.9999347881263867
4926.086834,1.003063583208543
4926.327888,1.0005302705437429
4926.568942,1.0022407066393912
4926.809996,0.9993196615352341
4927.05105,0.9974046736978027
4927.292104,0.9990302704918507
4927.533158,0.9989221812643161
4927.774212,0.99852129436414
4928.015266,1.0020806615784792
4928.25632,0.9999568349316383
4928.497374,0.9993091287615093
4928.738428,0.9980090845066784
4928.979482,1.000087782852689
4929.220536,1.0006023913648467
4929.46159,0.9993624133448094
4929.702644,0.9987380968702071
4929.943698,0.9985517497280602
4930.184752,0.9980587865966585
4930.425806,1.0015833521804762
4930.66686,1.0025476397328228
4930.907914,0.998980320227093
4931.148968,0.9999522851383902
4931.390022,1.00107107318964
4931.631076,0.9995790286333214
4931.87213,0.9995127987211053
4932.113184,0.9992708459620983
4932.354238,0.9975073119193721
4932.595292,0.9985424632399699
4932.836346,0.9988038159991167
4933.0774,1.0004403269154476
4933.318454,0.9982167918083593
4933.559508,0.9983465684265919
4933.800562,0.9991860914034354
4934.041616,0.9979391265219104
4934.28267,1.0017837890622887
4934.523724,0.9986387273732829
4934.764778,0.9995337887102727
4935.005832,0.997449258683184
4935.246886,0.9990197507584888
4935.48794,0.9988564543472281
4935.728994,0.9973411410436247
4935.970048,1.000216953531014
4936.211102,0.9992806688427934
4936.452156,0.99731560943722
4936.69321,0.9990616105630024
4936.934264,1.000207381500571
4937.175318,1.0000243692969264
4937.416372,0.9995867554090767
4937.657426,0.9968159797779969
4937.89848,0.9977034411357658
4938.139534,0.9957618065984666
4938.380588,0.9991881896964305
4938.621642,0.9959931489355116
4938.862696,0.9994333206234421
4939.10375,1.0009252177501216
4939.344804,0.9986602982027583
4939.585858,0.9973388471616382
4939.826912,0.9979297459382099
4940.067966,0.9977233954041305
4940.30902,0.996931716831655
4940.550074,0.9989868136202781
4940.791128,0.9985461578539189
4941.032182,0.9989732274919987
4941.273236,0.9983900972858974
4941.51429,0.9973181027293602
4941.755344,0.9964481228920253
4941.996398,0.9996981455672193
4942.237452,0.998825789924781
4942.478506,0.9958267323848145
4942.71956,0.9977770743667544
4942.960614,0.9959614768569641
4943.201668,0.9981274554033562
4943.442722,0.9970091814355138
4943.683776,0.998217390738614
4943.92483,0.9974117552961257
4944.165884,0.9972980568369572
4944.406938,0.9986895593781697
4944.647992,0.9967781014904573
4944.889046,0.9985327774250528
4945.1301,0.9955858710316058
4945.371154,0.996995522503292
4945.612208,0.9986452185461071
4945.853262,0.9982344604019409
4946.094316,0.999958358867016
4946.33537,0.9965865391490816
4946.576424,0.9966098595469453
4946.817478,0.9970933325615545
4947.058532,0.9984123616333135
4947.299586,0.9989380642532676
4947.54064,0.9972178772964482
4947.781694,0.9969140712964306
4948.022748,0.9956224097035532
4948.263802,0.9981128828488872
4948.504856,0.9957155047509861
4948.74591,0.9956664171866203
4948.986964,0.9956861315768524
4949.228018,0.9975240701829815
4949.469072,0.9971848699309847
4949.710126,0.9971893572729958
4949.95118,0.9958961439270259
4950.192234,0.9962470599487591
4950.433288,0.9952632539337292
4950.674342,0.9962968735470861
4950.915396,0.9967615551113079
4951.15645,0.9951239268313031
4951.397504,0.9957459741116104
4951.638558,0.9944872512760407
4951.879612,0.993644979107029
4952.120666,0.9938882531734453
4952.36172,0.9959650623247347
4952.602774,0.9957820207683137
4952.843828,0.9951117863934527
4953.084882,0.9970396903832502
4953.325936,0.9942599374733565
4953.56699,0.992301387297834
4953.808044,0.9939321840050998
4954.049098,0.9931209696002082
4954.290152,0.9909588195059206
4954.531206,0.9941733412041248
4954.77226,0.9899637031603669
4955.013314,0.9942734595004558
4955.254368,0.9916359747315608
4955.495422,0.9941024591718715
4955.736476,0.9922099013274932
4955.97753,0.99174882932679
4956.218584,0.9934814386032207
4956.459638,0.9915940294169794
4956.700692,0.9924244402989874
4956.941746,0.9907752118484409
4957.1828,0.9912667582469472
4957.423854,0.9902914353828035
4957.664908,0.9913557779987648
4957.905962,0.9906885228101049
4958.147016,0.9949750674268103
4958.38807,0.9934265005987157
4958.629124,0.9918567374695172
4958.870178,0.9906336401862039
4959.111232,0.9900330030450557
4959.352286,0.9902794529289294
4959.59334,0.9915009231090267
4959.834394,0.9916404371034875
4960.075448,0.9900559720771661
4960.316502,0.9905363647390403
4960.557556,0.9913460627597451
4960.79861,0.9904807972076622
4961.039664,0.9906808945378481
4961.280718,0.9924228524211532
4961.521772,0.9905704397760746
4961.762826,0.9884591128988188
4962.00388,0.9900122125702925
4962.244934,0.9901663694725931
4962.485988,0.9890078599697042
4962.727042,0.9895470161601043
4962.968096,0.9893669349910467
4963.20915,0.9888891861470797
4963.450204,0.9884156216546657
4963.691258,0.9875116349978172
4963.932312,0.9902877713112711
4964.173366,0.9878770819062753
4964.41442,0.9907188383427282
4964.655474,0.9886469379730867
4964.896528,0.9917221516420975
4965.137582,0.9928052073407355
4965.378636,0.9914182353801656
4965.61969,0.9899567734386987
4965.860744,0.9906671241691184
4966.101798,0.9890602787753687
4966.342852,0.9906354233283611
4966.583906,0.9882476052807808
4966.82496,0.9911411727046894
4967.066014,0.9896499344014408
4967.307068,0.9922157553831805
4967.548122,0.9910626774322651
4967.789176,0.990832777560517
4968.03023,0.989655872318861
4968.271284,0.9914749461251412
4968.512338,0.9899052970248783
4968.753392,0.9925059216903013
4968.994446,0.9910306666247612
4969.2355,0.9919528530441024
4969.476554,0.9914384605184631
4969.717608,0.9930450980564607
4969.958662,0.9914587852152311
4970.199716,0.9919034550220418
4970.44077,0.9899023273134417
4970.681824,0.9907920551702102
4970.922878,0.993343850952139
4971.163932,0.9923670798240718
4971.404986,0.9919358907953431
4971.64604,0.9927350184937815
4971.887094,0.9931476849136098
4972.128148,0.9922708248857688
4972.369202,0.9930009085328213
4972.610256,0.9925238862100623
4972.85131,0.9919103983705286
4973.092364,0.9930038875400155
4973.333418,0.9946967123466359
4973.574472,0.9934099105146834
4973.815526,0.9915017163100824
4974.05658,0.9946213171933524
4974.297634,0.992167237219021
4974.538688,0.992641705787809
4974.779742,0.9924824988269403
4975.020796,0.9962857150845899
4975.26185,0.9938218636555679
4975.502904,0.9947617676389083
4975.743958,0.9945916779197275
4975.985012,0.9957808258306058
4976.226066,0.9967082297945744
4976.46712,0.9940960969364919
4976.708174,0.9965791644359784
4976.949228,0.9940150814060194
4977.190282,0.9954524714628583
4977.431336,0.9951764707617874
4977.67239,0.9931015046199615
4977.913444,0.9970335087563329
4978.154498,0.9962636974135827
4978.395552,0.9970382945286608
4978.636606,0.9983413770379336
4978.87766,0.9967408226865796
4979.118714,0.9968684136775326
4979.359768,0.9970761827037237
4979.600822,0.9967133130195086
4979.841876,0.9978759589744756
4980.08293,0.9978617892364635
4980.323984,0.9990408702592523
4980.565038,0.9945319047560861
4980.806092,0.995852425045944
4981.047146,0.9958436615831628
4981.2882,0.9984355250687982
4981.529254,0.9966450404959274
4981.770308,0.9993714975904344
4982.011362,0.9983044390903395
4982.252416,0.9970493617151528
4982.49347,0.9966240115074295
4982.734524,0.9996666055882725
4982.975578,0.9982423464853281
4983.216632,0.9990530786132796
4983.457686,0.9963418075493372
4983.69874,0.9986129628264807
4983.939794,0.9974524505259188
4984.180848,0.9982013195679964
4984.421902,0.9980805445153668
4984.662956,0.9984646798117873
4984.90401,0.9996295286414674
4985.145064,0.9983813114916988
4985.386118,0.9995866954338731
4985.627172,0.9985139053339013
4985.868226,0.9990396414397376
4986.10928,0.9990582737027957
4986.350334,0.9973065339064678
4986.591388,0.9989377645718933
4986.832442,1.0002041808420712
4987.073496,1.0011736882335731
4987.31455,0.9958650724520528
4987.555604,0.9998988051205473
4987.796658,0.9980390252283221
4988.037712,0.9986017784239298
4988.278766,1.0000396187848033
4988.51982,0.9986855646279218
4988.760874,1.0007475092458857
4989.001928,1.0000461350641894
4989.242982,0.9992884033051026
4989.484036,1.0008464680520428
4989.72509,0.9999668465495878
4989.966144,1.0002061212400641
4990.207198,1.0007162764035131
4990.448252,0.9986341336457025
4990.689306,0.9984945343520369
4990.93036,0.9995256525383468
4991.171414,0.9987379969964023
4991.412468,0.999603408663143
4991.653522,0.9999500492475804
4991.894576,0.9999809921806508
4992.13563,0.9981170749317986
4992.376684,1.0018581241772357
4992.617738,0.9994394371740809
4992.858792,1.0018615305006489
4993.099846,0.9991891988770117
4993.3409,0.999387097901272
4993.581954,0.9999741573339275
4993.823008,0.9994290630465649
4994.064062,0.9998587099823748
4994.305116,0.9999558459748177
4994.54617,1.0019927829579927
4994.787224,0.9998278448204039
4995.028278,0.9979442160244338
4995.269332,0.998150712044006
4995.510386,0.9990230974802596
4995.75144,0.9993746556093566
4995.992494,0.99870733621054
4996.233548,1.0010107104238823
4996.474602,0.9991179392444965
4996.715656,0.9989740266709004
4996.95671,1.000780334302517
4997.197764,0.9985984830434984
4997.438818,1.0021825783641425
4997.679872,1.0023325160929282
4997.920926,0.9992196846045269
4998.16198,0.9999645256292303
4998.403034,0.9987659620518272
4998.644088,0.9996512908131863
4998.885142,1.000789611579216
4999.126196,1.0007220205314253
4999.36725,1.0028254841773625
4999.608304,1.0002407589777917
4999.849358,1.001117323741601
5000.090412,0.9998742779036852
5000.331466,0.9989879125063774
5000.57252,1.000091592194309
5000.813574,0.9987638646455091
5001.054628,1.0002943633163808
5001.295682,1.0003386573314506
5001.536736,0.9990921623341876
5001.77779,0.9998046190893366
5002.018844,1.0014168027179802
5002.259898,1.0025182655173128
5002.500952,0.9976706172325086
5002.742006,0.9994673818914097
5002.98306,1.0020184343015721
5003.224114,1.0015800469608676
5003.465168,0.9999716844008941
5003.706222,1.0001044354530022
5003.947276,1.0004473900490884
5004.18833,0.9984204488061957
5004.429384,1.0000871577980202
5004.670438,0.9996339470137486
5004.911492,1.002037372628947
5005.152546,1.0003586643046662
5005.3936,1.0003721692377925
5005.634654,1.0008249500842985
5005.875708,1.0033542128242658
5006.116762,1.0008550453430276
5006.357816,1.0038370426714625
5006.59887,1.000243979758221
5006.839924,0.9974970376469721
5007.080978,1.0007856284444885
5007.322032,0.9994816244030793
5007.563086,0.9985669278300093
5007.80414,1.000553493120819
5008.045194,1.0004066226485855
5008.286248,1.0023101643270425
5008.527302,1.0005408662154118
5008.768356,1.0016968380031286
5009.00941,1.0018956945613327
5009.250464,1.0015798466448782
5009.491518,1.0024893934070263
5009.732572,1.0003045563678765
5009.973626,1.0007542743219142
5010.21468,1.0009831629881858
5010.455734,0.9990405106046036
5010.696788,1.0020518020710045
5010.937842,0.9997181897159798
5011.178896,1.0006846942961982
5011.41995,1.0007435963307743
5011.661004,1.0034116063266778
5011.902058,1.0015821502811746
5012.143112,0.9987556748153974
5012.384166,0.9995195754408538
5012.62522,0.9995273517334005
5012.866274,1.001680710813861
5013.107328,1.0003613952875476
5013.348382,1.001461567049537
5013.589436,1.0008504914629313
5013.83049,1.0007152656805844
5014.071544,1.0007314673918883
5014.312598,0.9996484518075518
5014.553652,1.0018706474820585
5014.794706,1.0008713093696593
5015.03576,1.0017033490537366
5015.276814,1.0004384560937856
5015.517868,1.0029070172034988
5015.758922,1.0009912609747307
5015.999976,1.001021621500091
5016.24103,1.0012920339576168
5016.482084,1.000850051088812
5016.723138,0.9998616295740705
5016.964192,1.0000136050925483
5017.205246,1.0014711811267283
5017.4463,1.002683494141935
5017.687354,0.9983244053787835
5017.928408,1.002343040639601
5018.169462,1.0003017655220574
5018.410516,1.0015096383584576
5018.65157,1.0003261031600788
5018.892624,1.000672726178824
5019.133678,1.0020739476605383
5019.374732,1.0026514087834908
5019.615786,1.0005839104093504
5019.85684,1.0013655314902357
5020.097894,1.0007453276186935
5020.338948,1.0031559696188854
5020.580002,1.0006301684727756
5020.821056,0.9986760771601233
5021.06211,1.0006947512279118
5021.303164,1.0013365924445468
5021.544218,0.9992273486488994
5021.785272,0.9987721544199882
5022.026326,0.9994333306177754
5022.26738,1.001354716800895
5022.508434,0.9989553460312661
5022.749488,1.0020758516028476
5022.990542,0.999879937208114
5023.231596,1.000252981994549
5023.47265,1.0004336139833758
5023.713704,1.0004749727638582
5023.954758,1.0021020061238894
5024.195812,1.0010946987457476
5024.436866,0.9998632493512225
5024.67792,1.0011982172894145
5024.918974,0.9992214931937928
5025.160028,1.0007361208040308
5025.401082,1.0018377866637416
5025.642136,1.0004954226812988
5025.88319,1.0015898624934239
5026.124244,1.000534993057765
5026.365298,0.999964909615682
5026.606352,1.0013136620991332
5026.847406,0.9983967865219582
5027.08846,0.9993846494058815
5027.329514,1.0003588243620654
5027.570568,1.000989549281138
5027.811622,1.002042082215666
5028.052676,1.0010490498682871
5028.29373,1.0021284619660666
5028.534784,1.0016389415991143
5028.775838,0.9999542570462409
5029.016892,0.999471019959301
5029.257946,1.0010127124473052
5029.499,1.0016062887018633
5029.740054,1.0005017358273338
5029.981108,1.0002069814176984
5030.222162,1.0023400336149895
5030.463216,0.999701274627312
5030.70427,1.002247922798457
5030.945324,1.0000379047183656
5031.186378,1.0003777613338485
5031.427432,1.0007878501910497
5031.668486,1.0013507113900386
5031.90954,1.0015110404729328
5032.150594,0.9994291330066017
5032.391648,1.0012182414540012
5032.632702,1.0000664352067206
5032.873756,0.9999062213974881
5033.11481,1.0002271557959714
5033.355864,1.0023256000224277
5033.596918,0.9988141037314032
5033.837972,1.002046892029204
5034.079026,0.9985130066717909
5034.32008,1.0004205384014904
5034.561134,1.0002281560236272
5034.802188,0.9999975426030194
5035.043242,1.001910322345256
5035.284296,1.0000720225935025
5035.52535,1.0020176326871453
5035.766404,1.0003490409006044
5036.007458,0.9998961353943017
5036.248512,1.0012290546694003
5036.489566,1.0008173538517553
5036.73062,1.001082986006292
5036.971674,1.0004553236283482
5037.212728,1.000629748208193
5037.453782,0.9987022428161135
5037.694836,1.0015464945912997
5037.93589,1.000853163737311
5038.176944,1.0001697244015568
5038.417998,1.0021108246603447
5038.659052,1.0015485978411467
5038.900106,1.0004270611646648
5039.14116,1.0004585951226053
5039.382214,1.0005828798084535
5039.623268,1.0013249770074442
5039.864322,1.0009966062823363
5040.105376,1.0010645662488118
5040.34643,0.9996339170247306
5040.587484,1.000035601633723
5040.828538,1.000694731214017
5041.069592,1.000398619427617
5041.310646,1.0005412764372512
5041.5517,1.0024693438196548
5041.792754,0.9999515271748454
5042.033808,1.0010886921955748
5042.274862,0.998679472664558
5042.515916,1.0015780438027768
5042.75697,1.00125508696324
5042.998024,1.0006959820832129
5043.239078,1.0016198104780325
5043.480132,1.0007861488531506
5043.721186,1.0000594517671864
5043.96224,1.0008346080916668
5044.203294,1.0036894894716155
5044.444348,1.0005662602648455
5044.685402,0.9969698003506287
5044.926456,1.0005693119965933
5045.16751,1.0001170968553017
5045.408564,1.0003871249135161
5045.649618,0.9990281525499222
5045.890672,1.0012760134132381
5046.131726,1.000155742126546
5046.37278,1.0021330717675943
5046.613834,1.0001017951807778
5046.854888,1.0002500512576051
5047.095942,0.9999472153931563
5047.336996,1.0033327412738577
5047.57805,0.9997593189683277
5047.819104,0.9986288408988201
5048.060158,0.999345114531156
5048.301212,1.0003610051466796
5048.542266,0.9998608296850868
5048.78332,1.0013862599712766
5049.024374,0.9997371145604342
5049.265428,1.0008044834233416
5049.506482,1.001521356089775
5049.747536,0.9989317709632867
5049.98859,0.9990496618575935
5050.229644,1.0011940122657323
5050.470698,0.9998662589441325
5050.711752,1.0007789031876622
5050.952806,1.0010004901567033
5051.19386,1.0006779897312068
5051.434914,1.0037087604948147
5051.675968,1.001855719720623
5051.917022,0.9989710297533158
5052.158076,1.0015242605059191
5052.39913,1.0002349976076128
5052.640184,1.0026736678918409
5052.881238,1.0015407857925507
5053.122292,0.9994103339214159
5053.363346,0.9992845460593104
5053.6044,0.99789471921885
5053.845454,1.000446149495094
5054.086508,0.9984677750570924
5054.327562,1.0002485208761975
5054.568616,0.9982114014522375
5054.80967,1.0006428765566113
5055.050724,1.0019086190991557
5055.291778,1.0014509516131882
5055.532832,0.9991568056882806
5055.773886,1.0005952170714205
5056.01494,1.001457861648594
5056.255994,1.0016317298246973
5056.497048,1.0010000997665884
5056.738102,1.0002550725254657
5056.979156,0.99996214971634
5057.22021,1.0020709414432045
5057.461264,1.0004787445616152
5057.702318,0.9988930131624795
5057.943372,1.0004565741982843
5058.184426,0.9989283746010392
5058.42548,1.0023428401710128
5058.666534,1.000064169058746
5058.907588,1.0006770190740275
5059.148642,1.0006171003281106
5059.389696,1.00050195593774
5059.63075,1.002346348377093
5059.871804,1.0011962148949822
5060.112858,0.9999149196195408
5060.353912,0.9999181433504384
5060.594966,1.0023518612971694
5060.83602,1.0014177039935082
5061.077074,1.0014887070257492
5061.318128,1.0007544244350666
5061.559182,1.00070112567378
5061.800236,1.0007980082392811
5062.04129,0.9998914858880822
5062.282344,0.99889561028769
5062.523398,1.0000594777687324
5062.764452,0.9990309198617375
5063.005506,1.0015606164964326
5063.24656,0.9999590008404885
5063.487614,1.0015456933544244
5063.728668,1.001781585140377
5063.969722,1.0028630908381397
5064.210776,1.0008100078793376
5064.45183,0.9977786708113505
5064.692884,1.0022561412651199
5064.933938,0.9995273017570341
5065.174992,0.996811593797335
5065.416046,1.0025465369310256
5065.6571,1.0009737838198902
5065.898154,0.9984989277376535
5066.139208,1.0037411808113639
5066.380262,0.999943614589717
5066.621316,1.0012341609506
5066.86237,1.0001698244185342
5067.103424,1.00187575703539
5067.344478,1.0013769471223637
5067.585532,0.9992108815178832
5067.826586,1.0002577832203854
5068.06764,1.000282139793947
5068.308694,1.0012286541778583
5068.549748,1.0001709946179134
5068.790802,0.9994752477306572
5069.031856,0.999811067849927
5069.27291,1.001531872119223
5069.513964,0.9998510910880328
5069.755018,1.0008158226023751
5069.996072,1.0019977929344324
5070.237126,0.9980657730326172
5070.47818,0.999117819350351
5070.719234,1.0007587076731692
5070.960288,0.9986981481453121
5071.201342,0.999887476331263
5071.442396,0.9999681665066964
5071.68345,1.000855926095855
5071.924504,1.001154766229679
5072.165558,0.9964203223772157
5072.406612,0.9979963100721532
5072.647666,1.0001602928455255
5072.88872,0.9994667822111605
5073.129774,0.9993975015751121
5073.370828,1.0001571923534234
5073.611882,0.9994587265413603
5073.852936,1.0003370067740278
5074.09399,0.9994749478881279
5074.335044,1.001040641091585
5074.576098,1.0021099227610084
5074.817152,1.0003141693408535
5075.058206,1.0008722401804098
5075.29926,0.9998596598486005
5075.540314,0.9980917230800652
5075.781368,1.00143002150702
5076.022422,1.0014302217930442
5076.263476,1.0014499501627374
5076.50453,1.0000327575365164
5076.745584,0.9990918026610739
5076.986638,1.0002788088599674
5077.227692,1.0008928183252106
5077.468746,0.9989576436312042
5077.7098,0.9992510905727563
5077.950854,0.9993670004288139
5078.191908,1.0000714415518261
5078.432962,0.9972109965168336
5078.674016,1.000617990877726
5078.91507,0.9999142696750544
5079.156124,0.9996165635305598
5079.397178,1.003163292684193
5079.638232,0.9994053968465608
5079.879286,0.9990593027333475
5080.12034,0.9995060620275447
5080.361394,1.0013969748615827
5080.602448,1.0012179410885738
5080.843502,0.9976894733853644
5081.084556,0.9973675709340569
5081.32561,0.998887818932316
5081.566664,0.9991035720318308
5081.807718,1.0000940174193607
5082.048772,1.0002654952376238
5082.289826,0.9970025014963759
5082.53088,1.0001713846846774
5082.771934,1.0011670805090362
5083.012988,0.9999474613802016
5083.254042,0.998980120431049
5083.495096,1.0006016809374012
5083.73615,0.9993272963666133
5083.977204,0.999436618758842
5084.218258,0.9993589455632517
5084.459312,0.9982463394626999
5084.700366,0.9984513004747196
5084.94142,0.9983361856762706
5085.182474,0.9999497272637163
5085.423528,0.9991801462638783
5085.664582,0.9982112018099772
5085.905636,0.9993014840759153
5086.14669,0.99929848617596
5086.387744,0.9980926213630201
5086.628798,0.9991717531859007
5086.869852,0.9982537265129441
5087.110906,1.0009494704619681
5087.35196,0.9968400033325922
5087.593014,0.998616557839618
5087.834068,0.998934667869623
5088.075122,0.9989410610719556
5088.316176,1.0011985176489246
5088.55723,1.0013450037072507
5088.798284,0.9983607450485172
5089.039338,1.0001283182320801
5089.280392,0.9982808793835826
5089.521446,0.9990174729960538
5089.7625,0.9990575443905221
5090.003554,0.9979053967494703
5090.244608,1.000044370984363
5090.485662,0.9989669339804901
5090.726716,0.9959966349176333
5090.96777,0.9990088415223751
5091.208824,0.9989825179862151
5091.449878,1.0006622091637387
5091.690932,0.9987479844263094
5091.931986,0.9974723997744211
5092.17304,1.00074978094531
5092.414094,0.9985588394706517
5092.655148,0.9975792347893498
5092.896202,0.9991519198234468
5093.137256,0.9983688318033035
5093.37831,1.0006102461244488
5093.619364,0.9979317417996977
5093.860418,0.9980245537673746
5094.101472,0.9984814541593123
5094.342526,1.0009990387070449
5094.58358,1.0010039035741947
5094.824634,0.998460885653213
5095.065688,0.9991260820888834
5095.306742,0.9988009194722502
5095.547796,0.9989689319163559
5095.78885,0.9970452738211499
5096.029904,1.0006335806274678
5096.270958,0.9975899089442688
5096.512012,0.9994675917795819
5096.753066,1.000253592149054
5096.99412,0.9981713739775955
5097.235174,0.9979925176933804
5097.476228,0.9984940351048945
5097.717282,0.9988685405834473
5097.958336,0.9989433586390383
5098.19939,0.9990770361933551
5098.440444,0.9990486228464854
5098.681498,0.9998350935985556
5098.922552,0.9977387604627304
5099.163606,0.9997701764134875
5099.40466,0.9992897923169486
5099.645714,0.9995670837353001
5099.886768,0.997550704431221
5100.127822,0.9995767296041994
5100.368876,0.9998110178593749
5100.60993,0.9984348261641752
5100.850984,0.997892923009972
5101.092038,0.9998132274441659
5101.333092,0.9980340350456715
5101.574146,0.9982789826517137
5101.8152,0.9961568040537815
5102.056254,0.9986069711666788
5102.297308,0.9988950109505036
5102.538362,0.9988804271898055
5102.779416,0.9979000080748773
5103.02047,0.9967495940444131
5103.261524,0.9993820010400697
5103.502578,1.0000238052833412
5103.743632,0.9977183070277893
5103.984686,0.9991638497685911
5104.22574,0.9960285073199063
5104.466794,0.9993999301139916
5104.707848,0.9980734581686572
5104.948902,0.9997110617506983
5105.189956,0.999598990425841
5105.43101,0.999189638520356
5105.672064,0.9984049734091739
5105.913118,0.9997597788577202
5106.154172,0.9968877531123499
5106.395226,0.9992054558175274
5106.63628,1.00144424191429
5106.877334,0.9996572787423521
5107.118388,0.9993455142692818
5107.359442,0.9988506609965937
5107.600496,0.9963843522528425
5107.84155,0.9970259313304606
5108.082604,0.9970708982139592
5108.323658,0.9982636092737561
5108.564712,0.9967419191020875
5108.805766,0.9970696020226341
5109.04682,0.9971690148176012
5109.287874,0.998118671920396
5109.528928,0.9989099944880442
5109.769982,0.9970262304382849
5110.011036,1.0002340473848164
5110.25209,0.9974584352585761
5110.493144,0.9989300727807195
5110.734198,1.0001147365817382
5110.975252,0.9977846575013355
5111.216306,0.9977625069278112
5111.45736,0.9963664174959153
5111.698414,0.9987516798006882
5111.939468,0.9976090628543974
5112.180522,0.9994999950441614
5112.421576,0.9980877307211576
5112.66263,0.9983237065519444
5112.903684,0.9956461057988866
5113.144738,0.9990745884576149
5113.385792,0.9985370711252272
5113.626846,0.9973840276347447
5113.8679,1.0009226754032972
5114.108954,0.9949285036832548
5114.350008,0.9964336744989946
5114.591062,0.9969529517033742
5114.832116,0.9972287470305506
5115.07317,0.9970944293648235
5115.314224,0.9991370725362337
5115.555278,0.9967287621955911
5115.796332,0.9968172756396129
5116.037386,0.9971602397688811
5116.27844,0.9991338053633484
5116.519494,0.9981374367278167
5116.760548,0.9985987826230883
5117.001602,0.9939204556745258
5117.242656,0.9975657675605842
5117.48371,1.0013114592114998
5117.724764,0.995466109255136
5117.965818,0.9961837006505934
5118.206872,0.9983641394808209
5118.447926,0.9970272274650138
5118.68898,0.9975822275315434
5118.930034,0.996346191462935
5119.171088,0.9973798386306255
5119.412142,0.9970097796412021
5119.653196,0.996667863928682
5119.89425,0.999925021811005
5120.135304,0.9966685615964309
5120.376358,0.9956620362640227
5120.617412,0.9974696068556118
5120.858466,0.9975163892772125
5121.09952,0.9958504333430855
5121.340574,0.9955033403838399
5121.581628,0.9976002839332716
5121.822682,0.9979868291522419
5122.063736,0.9954244000989712
5122.30479,0.9957098291887844
5122.545844,0.9963308478497326
5122.786898,0.9959322956131995
5123.027952,0.9966380640050616
5123.269006,0.9980508021583036
5123.51006,0.9976252242521226
5123.751114,0.9978603922309365
5123.992168,0.9970377960096382
5124.233222,0.9954724802586223
5124.474276,0.9949096997122333
5124.71533,0.9970633205039281
5124.956384,0.9989559454046536
5125.197438,0.9950972578674298
5125.438492,0.9975270627596808
5125.679546,0.9958813051850303
5125.9206,0.9957882942148059
5126.161654,0.9967185956140664
5126.402708,0.9963999956099729
5126.643762,0.9972383204724746
5126.884816,0.996153815587852
5127.12587,0.9976754060629645
5127.366924,0.9962697746406723
5127.607978,0.9974932471654309
5127.849032,0.9982354586369004
5128.090086,0.997389812478881
5128.33114,0.9987660619284284
5128.572194,0.9989993010334944
5128.813248,0.997938926934105
5129.054302,0.996630190595456
5129.295356,0.9963244713527112
5129.53641,0.9988186982868479
5129.777464,1.0003943377306888
5130.018518,0.9980308413418691
5130.259572,0.9961175562488886
5130.500626,1.000269546321083
5130.74168,0.9966141449785549
5130.982734,0.9982968520054333
5131.223788,0.9999436085900554
5131.464842,0.9971088873388694
5131.705896,0.9960741264702122
5131.94695,0.9995787887343833
5132.188004,0.9977026429733321
5132.429058,0.9968459843905554
5132.670112,0.9984681744442823
5132.911166,0.9965149868043306
5133.15222,0.998331094174707
5133.393274,0.9965153854104051
5133.634328,0.9966960700283456
5133.875382,0.997312816957423
5134.116436,0.9997492314476909
5134.35749,0.9989652357381458
5134.598544,0.9959657595005222
5134.839598,0.9984072697432534
5135.080652,0.9977842583875522
5135.321706,0.9972830974783001
5135.56276,0.9953195874281247
5135.803814,0.9993610542128514
5136.044868,0.9976866798587498
5136.285922,0.9972046143868787
5136.526976,0.9993601348011044
5136.76803,0.9990158845595345
5137.009084,0.9958022353485126
5137.250138,0.9996073770965528
5137.491192,0.995629080396045
5137.732246,0.9966614852747646
5137.9733,0.996906594468934
5138.214354,0.9965788654622739
5138.455408,0.9960479300651702
5138.696462,0.9987917305460603
5138.937516,0.9969553443933294
5139.17857,0.9975918043668964
5139.419624,0.9950425290233041
5139.660678,0.9967411217088712
5139.901732,0.9988455668712126
5140.142786,0.997152262518872
5140.38384,0.9979712606791415
5140.624894,0.9942840982833898
5140.865948,0.995544754184201
5141.107002,0.9988476644491056
5141.348056,0.9988856213815317
5141.58911,0.996293386514131
5141.830164,0.999992198230434
5142.071218,0.9948214551355736
5142.312272,0.9966995584706955
5142.553326,0.996588532324153
5142.79438,0.9966764353091687
5143.035434,0.9946270860137217
5143.276488,0.9955895547061434
5143.517542,0.9978848401100314
5143.758596,0.9978134938946212
5143.99965,0.9981572998604452
5144.240704,0.9981380356104584
5144.481758,0.9968109957105582
5144.722812,0.9961490340610129
5144.963866,0.9967762076138637
5145.20492,0.9939562374549983
5145.445974,0.9970372974908648
5145.687028,0.994755898561793
5145.928082,0.997393103870693
5146.169136,0.9974297088693026
5146.41019,0.9966537113454979
5146.651244,0.9969104824122339
5146.892298,0.9957084351959993
5147.133352,0.9970237378758244
5147.374406,0.9945505026765951
5147.61546,0.99617334039398
5147.856514,0.9951739828237204
5148.097568,0.994421915609932
5148.338622,0.9971659235984467
5148.579676,0.9969647158176124
5148.82073,0.9939734330466476
5149.061784,0.9945290206177443
5149.302838,0.9974350950042731
5149.543892,0.995971038133036
5149.784946,0.9953189902365513
5150.026,0.9955121008517812
5150.267054,0.9950586488428445
5150.508108,0.9965811575963004
5150.749162,0.9943175067903519
5150.990216,0.9933093825185417
5151.23127,0.9965638172350197
5151.472324,0.993375439788859
5151.713378,0.9938116273430893
5151.954432,0.9936056315449433
5152.195486,0.9970111754558707
5152.43654,0.9972796069935673
5152.677594,0.9959373748808593
5152.918648,0.9956436166867334
5153.159702,0.9968945319721192
5153.400756,0.9967193929892619
5153.64181,0.9956770708742813
5153.882864,0.9978633858166035
5154.123918,0.9961738384807748
5154.364972,0.9957346226722088
5154.606026,0.99577664355992
5154.84708,0.9946050055375064
5155.088134,0.9951175580585515
5155.329188,0.9941906399707606
5155.570242,0.99526952411198
5155.811296,0.9970833616780834
5156.05235,0.9961272186360467
5156.293404,0.9972201709002037
5156.534458,0.9962368982805722
5156.775512,0.9954704893156529
5157.016566,0.9966107564962224
5157.25762,0.9975104041968321
5157.498674,0.9949961611218321
5157.739728,0.998720119746258
5157.980782,0.9986966500992134
5158.221836,0.9974690083740273
5158.46289,0.9954317662667866
5158.703944,0.9933105744905159
5158.944998,0.9970587340232028
5159.186052,0.9981499135237557
5159.427106,0.9965608275480526
5159.66816,0.9979697637233732
5159.909214,0.9971152688561692
5160.150268,0.9996425239098088
5160.391322,0.9962445693342225
5160.632376,0.9962968735470861
5160.87343,0.9962132877458689
5161.114484,0.9982797812752192
5161.355538,0.9980217593025363
5161.596592,0.9995204850040812
5161.837646,0.9969875465710157
5162.0787,0.996937598746136
5162.319754,0.9965791644359784
5162.560808,0.9994305521969783
5162.801862,0.9994052369417101
5163.042916,0.9985562432210443
5163.28397,0.9992004598027383
5163.525024,0.9945601498632598
5163.766078,0.99888272461743
5164.007132,0.9989057990748776
5164.248186,0.9973186013885362
5164.48924,0.997008483529331
5164.730294,0.9998933756847764
5164.971348,0.9997776547223759
5165.212402,0.9982162927000882
5165.453456,0.9976386922835591
5165.69451,0.9951041240621974
5165.935564,0.9987293080136256
5166.176618,0.9998228656901348
5166.417672,0.9980059906833118
5166.658726,0.9982403500026316
5166.89978,1.0003411481778084
5167.140834,0.9981108866251177
5167.381888,0.9985336761049568
5167.622942,1.0009611115720025
5167.863996,0.9998177966010559
5168.10505,0.9983792148931462
5168.346104,1.0009036280260206
5168.587158,0.9969526526175335
5168.828212,1.0005471096098963
5169.069266,0.9988723362911134
5169.31032,0.9995735809424603
5169.551374,0.9989046003886379
5169.792428,0.9988101084829788
5170.033482,0.9987503814243484
5170.274536,0.9984679747506674
5170.51559,0.9980598844619276
5170.756644,0.998472068477756
5170.997698,0.999757949298999
5171.238752,0.9980878305299357
5171.479806,0.9999045875520571
5171.72086,0.9982259754450886
5171.961914,0.9975336464600213
5172.202968,1.0014719823039937
5172.444022,0.9987267113208005
5172.685076,0.9989111931807567
5172.92613,1.000517073636508
5173.167184,1.0003900760598874
5173.408238,0.9987293080136256
5173.649292,0.9990525291342376
5173.890346,0.9996123351614391
5174.1314,0.998796125239343
5174.372454,0.9986127631039081
5174.613508,1.0009323643816896
5174.854562,1.0008470685601036
5175.095616,0.9983332905055301
5175.33667,0.9985433619285913
5175.577724,0.9996417641817793
5175.818778,0.9999059384240675
5176.059832,1.000159752759113
5176.300886,1.0006847843578248
5176.54194,0.9999165064857775
5176.782994,1.0018204550199514
5177.024048,0.9998779974429174
5177.265102,1.0002506614103226
5177.506156,1.0004202382753737
5177.74721,1.001380852500073
5177.988264,1.0002386484720167
5178.229318,1.0004496410582484
5178.470372,0.999210072157397
5178.711426,1.0013351905742987
5178.95248,0.9999317133316407
5179.193534,0.9995090405600475
5179.434588,1.0008226081566554
5179.675642,1.0002737374592625
5179.916696,1.0011610735245742
5180.15775,0.999822975670656
5180.398804,1.0021580251917501
5180.639858,1.0017261881504598
5180.880912,0.9980930206001486
5181.121966,1.0003197511094915
5181.36302,1.000228236041883
5181.604074,1.0017744725163724
5181.845128,0.9969041022055631
5182.086182,1.0012991431562954
5182.327236,1.0023956650306127
5182.56829,1.0030301817473597
5182.809344,1.0017236838381198
5183.050398,0.9994404965804459
5183.291452,1.0004808555739935
5183.532506,1.0008947100144248
5183.77356,1.0021471017288084
5184.014614,0.9977276856239548
5184.255668,0.9995793185112817
5184.496722,0.9997353750193684
5184.737776,0.9995095103294069
5184.97883,1.000269546321083
5185.219884,1.0012408692419512
5185.460938,1.002445084355075
5185.701992,1.000886212454409
5185.943046,0.9998610496544936
5186.1841,0.9995540294744311
5186.425154,0.9990733595966268
5186.666208,1.0001720347962886
5186.907262,1.0016417461920772
5187.148316,1.0009195725478128
5187.38937,0.9994881610342776
5187.630424,0.9987455874340232
5187.871478,1.001407689866539
5188.112532,0.9970744876756538
5188.353586,1.0001137164652272
5188.59464,1.0022143480554235
5188.835694,1.0002255354292915
5189.076748,1.0013593230431865
5189.317802,1.0023294088669445
5189.558856,0.999593742544917
5189.79991,0.9990943003937027
5190.040964,0.9997793643436272
5190.282018,0.9996810408782797
5190.523072,1.001473784955184
5190.764126,1.0012606940074267
5191.00518,0.997986030763098
5191.246234,1.0000514743247575
5191.487288,1.0009685087019493
5191.728342,0.9985082138208616
5191.969396,0.9994516004260446
5192.21045,1.002186086009305
5192.451504,1.0017663581760081
5192.692558,1.0026686545360348
5192.933612,1.0019455902093133
5193.174666,0.9994215173856238
5193.41572,1.0021598290778189
5193.656774,0.9988736348259947
5193.897828,1.001282922241566
5194.138882,1.0001896379790085
5194.379936,1.0020336650975272
5194.62099,1.0005659701006722
5194.862044,1.0002810694926298
5195.103098,0.9986445194946988
5195.344152,0.9998875363245133
5195.585206,0.9985521491488399
5195.82626,1.002494305617089
5196.067314,0.9985195968793825
5196.308368,1.000849340485528
5196.549422,0.9995879049345063
5196.790476,0.9972342318037425
5197.03153,1.0006040423601545
5197.272584,1.0017982148527167
5197.513638,0.999598820494027
5197.754692,1.0009848446413123
5197.995746,1.0022759861331805
5198.2368,0.9993380591795529
5198.477854,1.0014951165739847
5198.718908,1.000285150647719
5198.959962,1.0008289133589483
5199.201016,0.9988892173762415
5199.44207,1.0001188870665072
5199.683124,0.9995070815242478
5199.924178,1.0011060111797587
5200.165232,1.0004644578271504
5200.406286,1.000688697042981
5200.64734,0.999747191961339
5200.888394,1.0011043093009862
5201.129448,0.9994836233683271
5201.370502,1.0021820772729786
5201.611556,1.0024066914435732
5201.85261,1.0011606730602247
5202.093664,1.0008496507488716
5202.334718,0.9986541065281036
5202.575772,1.0011928108336385
5202.816826,1.0007249026149947
5203.05788,1.0011846010862497
5203.298934,0.9996392750768854
5203.539988,1.0001836268573479
5203.781042,1.0028720163593667
5204.022096,1.0015699310534787
5204.26315,1.0000661031847193
5204.504204,1.0015942694985143
5204.745258,0.9988724361783521
5204.986312,1.001330784709153
5205.227366,1.000674177155329
5205.46842,1.0025031276057952
5205.709474,0.9991898983096957
5205.950528,0.9992052759605615
5206.191582,0.9993547982322333
5206.432636,1.0003104981945885
5206.67369,1.0019502993646536
5206.914744,0.9999833711382611
5207.155798,1.0005997297660256
5207.396852,1.0010300301170278
5207.637906,1.0006215330716834
5207.87896,1.0013935701176564
5208.120014,0.9995622658335677
5208.361068,0.9961939613955528
5208.602122,0.9992247306766755
5208.843176,0.9999674885285094
5209.08423,1.0006601578083127
5209.325284,0.9993727667930423
5209.566338,1.001203223293016
5209.807392,1.0020390760939284
5210.048446,0.9997714961109914
5210.2895,0.9999609787613484
5210.530554,1.0019488966352166
5210.771608,1.0006292979249076
5211.012662,1.0012258507415515
5211.253716,1.0013536153113123
5211.49477,1.001849207679609
5211.735824,1.0035763800399884
5211.976878,1.0039041012256436
5212.217932,1.0000484941758045
5212.458986,1.0005073886781106
5212.70004,0.9981963285738761
5212.941094,1.0004608661661938
5213.182148,1.0001480709614228
5213.423202,0.9992513104080204
5213.664256,1.0009039082790758
5213.90531,1.0008402528147744
5214.146364,1.0023180826086178
5214.387418,1.0015110404729328
5214.628472,0.9986343333725493
5214.869526,1.0025500458500454
5215.11058,1.001708457753844
5215.351634,1.002094891224904
5215.592688,1.002350357770505
5215.833742,1.0018100361413973
5216.074796,1.000454383200786
5216.31585,0.9994380979261325
5216.556904,0.9998888561769324
5216.797958,0.9992787602185387
5217.039012,0.9999929953245329
5217.280066,1.0000094918450473
5217.52112,1.000839251975022
5217.762174,1.002154617860257
5218.003228,1.001567827758832
5218.244282,0.9989007046682932
5218.485336,1.0016108961013883
5218.72639,0.9999886270646723
5218.967444,1.0036855750902398
5219.208498,1.00058191924935
5219.449552,1.0017892988882806
5219.690606,1.0015192528971355
5219.93166,1.0004999149158318
5220.172714,1.001505932779651
5220.413768,0.9979747535846665
5220.654822,0.9982731926504053
5220.895876,0.9995062819189025
5221.13693,1.0025099446502408
5221.377984,1.0010610625289613
5221.619038,1.0011132191689878
5221.860092,0.9993439652849351
5222.101146,0.999969109477122
5222.3422,1.0000981218136302
5222.583254,1.001287027509963
5222.824308,0.9988469652559852
5223.065362,0.999073199744902
5223.306416,1.001481496333017
5223.54747,1.0000721085997002
5223.788524,1.0000730146654409
5224.029578,0.9999263087153362
5224.270632,1.0016904271638802
5224.511686,1.0002664454902956
5224.75274,1.000203880780862
5224.993794,1.003459470201844
5225.234848,0.9992909814725089
5225.475902,1.0013652310806214
5225.716956,1.0009438151134364
5225.95801,0.9978250685982835
5226.199064,1.0022655625171275
5226.440118,1.0011626753835732
5226.681172,1.0015872583631666
5226.922226,1.0021715544164123
5227.16328,1.0014383334106927
5227.404334,0.9979901225142122
5227.645388,1.001448347844099
5227.886442,1.001339896860754
5228.127496,0.9973149113165377
5228.36855,0.9990450662397189
5228.609604,0.9994641636116214
5228.850658,1.0009836134307106
5229.091712,1.001255787842046
5229.332766,1.0006446577025168
5229.57382,1.0000598617916456
5229.814874,1.0024795690591104
5230.055928,1.0016548677848987
5230.296982,1.0005512819000428
5230.538036,1.0004117247353712
5230.77909,1.000469430147862
5231.020144,0.9994795754678494
5231.261198,1.0012803189093527
5231.502252,1.0014053866315011
5231.743306,1.0032438499309255
5231.98436,1.0012857258376735
5232.225414,0.9981060957043602
5232.466468,1.0009045989030108
5232.707522,0.996398202091595
5232.948576,0.998813104917799
5233.18963,0.9997689366992374
5233.430684,0.9985728193922636
5233.671738,1.0011397490208147
5233.912792,1.0022937265751375
5234.153846,1.0020540065873942
5234.3949,0.9989340685090021
5234.635954,1.0018755566602586
5234.877008,0.9996323376043895
5235.118062,0.9979274507024337
5235.359116,1.0009104742302504
5235.60017,0.9997797442598578
5235.841224,1.000557255209026
5236.082278,1.0005214459056733
5236.323332,1.0003551030341604
5236.564386,1.0014551577160178
5236.80544,0.9980066892877497
5237.046494,1.0018751559101162
5237.287548,0.9998343937142351
5237.528602,0.9983867027653374
5237.769656,1.000322151879775
5238.01071,0.999608366708346
5238.251764,1.0008739917083627
5238.492818,0.9996719438221994
5238.733872,0.9972748200629423
5238.974926,0.9983572507920245
5239.21598,0.9980966137414904
5239.457034,1.0001371494041198
5239.698088,1.0000584467079423
5239.939142,0.9990426885152907
5240.180196,0.9991282901599647
5240.42125,0.9997044236912868
5240.662304,1.0009063404785281
5240.903358,0.9980595850440072
5241.144412,0.9992206438558846
5241.385466,0.9982776848898798
5241.62652,0.9985640319901176
5241.867574,0.9989526488554731
5242.108628,0.9998708883356284
5242.349682,0.9991580946013913
5242.590736,0.9969703985326883
5242.83179,1.0005560445354795
5243.072844,1.0007376419240905
5243.313898,1.002171454199262
5243.554952,1.0004831866971027
5243.796006,0.9988466656019405
5244.03706,0.9994587265413603
5244.278114,0.9970206471070278
5244.519168,0.9988221941584097
5244.760222,0.9994640836544915
5245.001276,0.9976344024464053
5245.24233,0.9974947434064237
5245.483384,0.9969480666458792
5245.724438,0.9980865330165993
5245.965492,0.9985207951036177
5246.206546,0.9982015192082804
5246.4476,1.0002570830401822
5246.688654,0.9995819773958052
5246.929708,1.000686315406716
5247.170762,0.9984079686285869
5247.411816,0.9983931922999963
5247.65287,0.9967279648129004
5247.893924,0.9977725843800223
5248.134978,0.997207107401531
5248.376032,0.997643880018247
5248.617086,0.9968944322826709
5248.85814,0.9968304337144944
5249.099194,0.9989955048433633
5249.340248,0.9967746127732073
5249.581302,0.9983920940680888
5249.822356,0.9972407138473158
5250.06341,0.9958366907019298
5250.304464,0.9943633458839979
5250.545518,0.9960238259969231
5250.786572,0.99850192323893
5251.027626,0.9982115012733827
5251.26868,0.9974711030611443
5251.509734,0.9973913085647218
5251.750788,0.9987971240359677
5251.991842,0.9981463201905351
5252.232896,0.9988569537755803
5252.47395,1.0006624893491967
5252.715004,0.9994738884452445
5252.956058,0.9976462743664323
5253.197112,0.9973319655473345
5253.438166,0.996620124681364
5253.67922,1.0002810094757675
5253.920274,0.9982756883365065
5254.161328,0.9995271318374073
5254.402382,0.9958658691444295
5254.643436,0.997431205014988
5254.88449,0.9944924226231928
5255.125544,0.9981988240678169
5255.366598,0.9967054390154381
5255.607652,0.9973287740901511
5255.848706,0.9996583983591313
5256.08976,0.9984019781987464
5256.330814,0.9956881229511069
5256.571868,0.9961726430728858
5256.812922,0.9946238037497537
5257.053976,0.9971574477241186
5257.29503,0.997989723318243
5257.536084,0.9978359449508072
5257.777138,0.9968918403605166
5258.018192,0.9980265498184782
5258.259246,0.9972321376140546
5258.5003,0.9984755631361113
5258.741354,0.9946199247244831
5258.982408,0.99753993094179
5259.223462,0.997293569005799
5259.464516,0.9966993591308038
5259.70557,0.9975143942464291
5259.946624,0.997083162261431
5260.187678,0.9984994269872421
5260.428732,0.9999588258476787
5260.669786,0.9987340020524043
5260.91084,0.9970823645952203
5261.151894,0.9965514599203016
5261.392948,0.9958375869553547
5261.634002,0.9965572399355311
5261.875056,0.9959169583739441
5262.11611,0.9946510568153417
5262.357164,0.9995158472397905
5262.598218,0.9984375219418452
5262.839272,0.9966621829380484
5263.080326,0.997267141076392
5263.32138,0.995854815094632
5263.562434,0.9978128952067044
5263.803488,0.9975997851332543
5264.044542,0.9957576244076615
5264.285596,0.996569597321922
5264.52665,0.9972393177112937
5264.767704,0.9974525502711689
5265.008758,0.9990659864624399
5265.249812,0.9995333789015033
5265.490866,0.9997521807122739
5265.73192,0.9956640275900865
5265.972974,0.9979697637233732
5266.214028,0.9971339150860385
5266.455082,0.9998317741515552
5266.696136,0.9943183022446754
5266.93719,0.9983214104100598
5267.178244,0.999029201530033
5267.419298,0.9975389334023579
5267.660352,0.9948415507319323
5267.901406,0.9962529378237525
5268.14246,0.9972831972066148
5268.383514,0.9989310717112918
5268.624568,0.9969799694944548
5268.865622,0.9972600605048264
5269.106676,0.9984007801170914
5269.34773,0.9972446030936839
5269.588784,0.9959270171860206
5269.829838,0.9964489200508425
5270.070892,0.9971377042021151
5270.311946,0.9965088084305654
5270.553,0.9987526785528674
5270.794054,0.9989037013749021
5271.035108,0.9970945290742714
5271.276162,0.9966761363062829
5271.517216,0.997560679988143
5271.75827,0.996313711106526
5271.999324,0.997642583082046
5272.240378,0.9987466860547736
5272.481432,0.9994144714887631
5272.722486,0.9990463849800767
5272.96354,0.9973571983652566
5273.204594,0.9968266457660434
5273.445648,0.9966005911183498
5273.686702,0.9975315516415633
5273.927756,0.9970863529326552
5274.16881,0.9976339036293289
5274.409864,0.9990914729608334
5274.650918,0.9977970301077985
5274.891972,0.9952995817054755
5275.133026,0.9959035135857586
5275.37408,0.9992408982636133
5275.615134,0.9952356855234195
5275.856188,0.9983207115853171
5276.097242,0.9976997496398629
5276.338296,0.998747485052442
5276.57935,0.9969787731192091
5276.820404,0.9972477942815197
5277.061458,0.9982541258145146
5277.302512,0.9962660884493257
5277.543566,0.9968287391041976
5277.78462,0.9991779380781951
5278.025674,0.9964283934145146
5278.266728,0.9999574219064727
5278.507782,1.001327880854088
5278.748836,0.9976352005542466
5278.98989,0.9983382821844619
5279.230944,0.9959042107184621
5279.471998,0.9958291223718402
5279.713052,0.9957174961839871
5279.954106,0.9978246694683358
5280.19516,0.9988551558346815
5280.436214,0.9988590513773856
5280.677268,1.0001346890697584
5280.918322,0.9975466144817172
5281.159376,0.9953452670047453
5281.40043,0.9991041914762374
5281.641484,0.9991967727598442
5281.882538,1.0005407161342932
5282.123592,0.9988336806796898
5282.364646,0.9974594327175101
5282.6057,0.9985841033288768
5282.846754,0.9970117736627554
5283.087808,0.9988130050364934
5283.328862,0.9959648631317422
5283.569916,0.997469108120933
5283.81097,0.9984049734091739
5284.052024,1.0007296760841649
5284.293078,0.9987097331110232
5284.534132,1.0008261510749592
5284.775186,1.0001816564975436
5285.01624,0.9986376288712869
5285.257294,1.0010835866562637
5285.498348,1.000045560037827
5285.739402,0.9996184728000196
5285.980456,1.0002221346682523
5286.22151,0.9986030766070857
5286.462564,0.999975416302184
5286.703618,0.9989559454046536
5286.944672,1.002536311008501
5287.185726,0.9975035213987888
5287.42678,0.9977429509743244
5287.667834,1.0018758572229707
5287.908888,1.0011229300143114
5288.149942,0.9972399160550639
5288.390996,0.9967780018126522
5288.63205,0.9977377627244688
5288.873104,0.9991561162703225
5289.114158,0.9978236716441653
5289.355212,1.0010636652911076
5289.596266,1.0009263187684667
5289.83732,0.9990557860507913
5290.078374,1.0008770143523817
5290.319428,1.0005171536778772
5290.560482,0.9987272106842809
5290.801536,0.9976646312267632
5291.04259,1.002182778800678
5291.283644,1.0007091413218991
5291.524698,0.9998711183059592
5291.765752,0.9993535290524455
5292.006806,1.0008086567867391
5292.24786,1.002392357130376
5292.488914,0.9991209565852293
5292.729968,0.998746286556179
5292.971022,1.00173850945835
5293.212076,0.9980365301338778
5293.45313,0.9996386353079542
5293.694184,1.0002770383680426
5293.935238,1.0000558825613721
5294.176292,1.0001816965048107
5294.417346,0.9984540961422749
5294.6584,1.0034079940513971
5294.899454,0.998500725037341
5295.140508,1.0011534647293288
5295.381562,0.9999019738048814
5295.622616,0.9983185152821675
5295.86367,1.0018205552020019
5296.104724,1.001164877943882
5296.345778,0.9974041749955905
5296.586832,0.9993216501833393
5296.827886,0.9979946134798682
5297.06894,0.9987049393158094
5297.309994,1.0006244548908259
5297.551048,1.0018509108247098
5297.792102,0.9999445825356044
5298.033156,1.0014657731969516
5298.27421,1.0010043039758363
5298.515264,1.002029356362031
5298.756318,0.9997033440110922
5298.997372,1.000840092680347
5299.238426,0.9985914928785827
5299.47948,1.0012702060292018
5299.720534,0.9994812346053218
5299.961588,1.000636382405416
5300.202642,1.0026954261465104
5300.443696,0.9998044391245214
5300.68475,1.000611306771872
5300.925804,0.9975229729071078
5301.166858,1.0019661303044478
5301.407912,1.000465468296763
5301.648966,1.0000696704268714
5301.89002,0.9976227301921796
5302.131074,1.000470250533131
5302.372128,1.0004204083468287
5302.613182,1.0026600316226846
5302.854236,1.0003745301188978
5303.09529,1.0014146997449027
5303.336344,1.000612317389802
5303.577398,1.000188597782326
5303.818452,1.0018938911507056
5304.059506,1.0013076542351844
5304.30056,0.9983158198258152
5304.541614,0.9965754770998915
5304.782668,1.0004096438811478
5305.023722,1.001677305105234
5305.264776,1.0001838268940932
5305.50583,0.9992314954510009
5305.746884,1.001384056923928
5305.987938,1.0018842730155177
5306.228992,1.00267717725582
5306.470046,1.0026886078407948
5306.7111,0.9972798064495086
5306.952154,1.002700740446352
5307.193208,0.9994297826357493
5307.434262,1.0003976890573336
5307.675316,0.9980904255616686
5307.91637,1.0001700344542193
5308.157424,0.9997890422547151
5308.398478,1.001015715489947
5308.639532,1.002444583132658
5308.880586,0.9992018986524364
5309.12164,1.0001409699353276
5309.362694,1.0024248351688885
5309.603748,1.0039342188004419
5309.844802,0.9998863664567802
5310.085856,1.0005605770646275
5310.32691,0.9997253077348307
5310.567964,1.0019104225362931
5310.809018,1.00190090443249
5311.050072,1.0016029834065643
5311.291126,1.0033061533085061
5311.53218,1.001872050101947
5311.773234,0.9998797072357548
5312.014288,0.9985259874252523
5312.255342,0.9969141709878427
5312.496396,1.0020208391487002
5312.73745,0.9990933712364355
5312.978504,1.0035721650280438
5313.219558,0.9996703643417759
5313.460612,0.9995568582163371
5313.701666,1.002677678594534
5313.94272,1.0014430401819208
5314.183774,1.0004790847244462
5314.424828,0.9992100821494977
5314.665882,0.9990991560038018
5314.906936,1.0005957874108569
5315.14799,0.999953314089821
5315.389044,1.0005062481003377
5315.630098,1.001074777159463
5315.871152,0.999859049934394
5316.112206,0.9996868590388684
5316.35326,1.002854065110938
5316.594314,0.9983798139208548
5316.835368,1.0003115285149322
5317.076422,0.9977553230636232
5317.317476,0.999725937561973
5317.55853,1.0009333653145547
5317.799584,1.0012083294424754
5318.040638,0.9991917767884704
5318.281692,1.0028503545577616
5318.522746,1.001663582220156
5318.7638,0.9996584083557153
5319.004854,0.9999316153383376
5319.245908,0.9988092095542858
5319.486962,1.002285307343195
5319.728016,0.9995016542155304
5319.96907,0.9978492162571291
5320.210124,1.0007988389019729
5320.451178,1.0020941897587254
5320.692232,1.0007153957735775
5320.933286,1.00150943805655
5321.17434,0.998433428356397
5321.415394,1.0006942208598342
5321.656448,0.9994302723564628
5321.897502,1.0004495009953085
5322.138556,1.000081201296647
5322.37961,0.9994142816000315
5322.620664,0.9994987856498991
5322.861718,0.9988859210472631
5323.102772,0.9988972085219451
5323.343826,0.9981235627138709
5323.58488,1.001415701160103
5323.825934,1.0017548379291308
5324.066988,0.9998266850207765
5324.308042,1.0017835887055508
5324.549096,1.0013770472600634
5324.79015,1.0011138198370995
5325.031204,0.9978417324160715
5325.272258,1.0017662579993774
5325.513312,1.0002368380417015
5325.754366,0.9998062687683191
5325.99542,0.998211101988862
5326.236474,1.000130178472482
5326.477528,1.001317066571372
5326.718582,0.9984751637459659
5326.959636,1.0003500012361446
5327.20069,0.9988147030200453
5327.441744,1.0001009850986518
5327.682798,1.0011790945860866
5327.923852,0.9995271118468648
5328.164906,1.0020595178995866
5328.40596,1.0025364112621373
5328.647014,0.9988134045617754
5328.888068,1.0009980977683908
5329.129122,0.9988537574384423
5329.370176,1.001829170895824
5329.61123,0.9997271272365466
5329.852284,1.000193788774619
5330.093338,1.0012738106084318
5330.334392,0.999774155506708
5330.575446,1.0010754779120523
5330.8165,1.0003428787694917
5331.057554,0.9996710341211444
5331.298608,0.9985578409123116
5331.539662,1.0024489938985277
5331.780716,0.9976272195045663
5332.02177,0.9985527482803092
5332.262824,0.9991347145755249
5332.503878,0.9991189183805568
5332.744932,1.0002461402875507
5332.985986,1.0022348936601504
5333.22704,1.0030802342022271
5333.468094,1.0027657175595686
5333.709148,1.0021482040912266
5333.950202,1.000267135674381
5334.191256,1.0007167667546089
5334.43231,0.9980236555456804
5334.673364,0.9973996866869018
5334.914418,0.9988606495531464
5335.155472,0.9994309819522081
5335.396526,1.0033448816734765
5335.63758,1.0005454386976187
5335.878634,1.001978354365804
5336.119688,0.9987757500062162
5336.360742,1.0030162397247306
5336.601796,1.0009338257440086
5336.84285,1.0017295940252895
5337.083904,0.999082551113816
5337.324958,1.000584030479427
5337.566012,0.998359147672603
5337.807066,0.9980517004044297
5338.04812,1.0007522828228899
5338.289174,1.0031561702500995
5338.530228,0.9982002215471488
5338.771282,0.999383729972427
5339.012336,1.0020049071440176
5339.25339,0.9967435138904339
5339.494444,0.9998904560003822
5339.735498,0.9996545896678891
5339.976552,0.9981416289138546
5340.217606,1.0021638377251525
5340.45866,1.0016058880594279
5340.699714,1.001308955935981
5340.940768,1.001504831123731
5341.181822,1.0009727528174237
5341.422876,1.0020197369263835
5341.66393,1.0019807591167402
5341.904984,1.0030922712372596
5342.146038,0.9996957263006343
5342.387092,1.0011773925830725
5342.628146,1.0007686352487901
5342.8692,0.9982224816602887
5343.110254,0.9997949710213144
5343.351308,1.0006950614433328
5343.592362,1.0006231240611858
5343.833416,0.9994647632902994
5344.07447,1.0011513623092605
5344.315524,0.9995420348980449
5344.556578,0.9999377979346287
5344.797632,1.002855769964298
5345.038686,0.999831554188589
5345.27974,1.0001313786294164
5345.520794,0.9990011092238658
5345.761848,1.002702545309309
5346.002902,1.00189629569893
5346.243956,0.9986606976669574
5346.48501,0.9995015442703544
5346.726064,0.99802934429673
5346.967118,0.9983264020295909
5347.208172,1.0000192101845133
5347.449226,1.000780334302517
5347.69028,0.9999990841004195
5347.931334,1.000629037761324
5348.172388,1.0005077288506805
5348.413442,1.0009869467116932
5348.654496,1.000074350763881
5348.89555,1.0036716239577066
5349.136604,1.0003334355772882
5349.377658,0.9994172298765109
5349.618712,1.0019864704233445
5349.859766,1.000815632447387
5350.10082,1.0012102317401086
5350.341874,1.001131739934859
5350.582928,1.0009897194493758
5350.823982,0.9977641033490995
5351.065036,1.0019304609451274
5351.30609,0.9990125278718016
5351.547144,0.9986620957929129
5351.788198,1.002169149207568
5352.029252,0.9976748074579004
5352.270306,1.0003553231123072
5352.51136,1.0007406841711461
5352.752414,1.00297411392731
5352.993468,1.0011377467433191
5353.234522,0.9997938912433288
5353.475576,1.001768361710728
5353.71663,1.0006690637233484
5353.957684,0.9977312774500883
5354.198738,0.9987370981326096
5354.439792,0.99868416646911
5354.680846,0.9990607014173505
5354.9219,1.0011337422003412
5355.162954,1.000244679929252
5355.404008,0.999191327152272
5355.645062,0.9993241984567963
5355.886116,1.0002810494870087
5356.12717,1.0022253724738863
5356.368224,1.0007859386880813
5356.609278,1.0008150319581877
5356.850332,0.997576441571403
5357.091386,0.999821935855302
5357.33244,0.998935766698362
5357.573494,1.0005745449877792
5357.814548,1.0012297555299838
5358.055602,1.0017713670203212
5358.296656,1.0030398108833243
5358.53771,1.003351102431027
5358.778764,1.000039005760705
5359.019818,1.0012600932511904
5359.260872,1.001246576331171
5359.501926,1.0004760632821728
5359.74298,1.0000346516003529
5359.984034,1.0007297461352447
5360.225088,0.9989797208390807
5360.466142,0.9971038020965114
5360.707196,0.9988024176747532
5360.94825,1.000586792095162
5361.189304,1.001929959980022
5361.430358,1.0009716517480012
5361.671412,1.0040394366198895
5361.912466,1.0001370393890392
5362.15352,1.0000605948357928
5362.394574,1.0005062881205884
5362.635628,1.0005958974763995
5362.876682,1.0014360301051748
5363.117736,0.9996850296135903
5363.35879,1.0006449378830602
5363.599844,1.0008324362829235
5363.840898,0.9998530707951531
5364.081952,0.9983121260641152
5364.323006,1.0020769538868906
5364.56406,0.998904800169578
5364.805114,0.9992574758076258
5365.046168,0.998319813097081
5365.287222,1.000221024422299
5365.528276,1.0013376939154044
5365.76933,1.0020917847355562
5366.010384,1.0002145630153516
5366.251438,0.9985557439430475
5366.492492,1.0015204547209602
5366.733546,1.0028591796797122
5366.9746,1.0004776040164967
5367.215654,1.0011067119542116
5367.456708,1.000621052773463
5367.697762,0.9971286302902933
5367.938816,1.0005673508826636
5368.17987,1.0033599319595785
5368.420924,0.9992966374754706
5368.661978,1.0003317950317991
5368.903032,1.001741013807754
5369.144086,1.0008026219287338
5369.38514,0.9982892649781888
5369.626194,1.0005452485940034
5369.867248,1.0006685333688852
5370.108302,1.0002263656168304
5370.349356,0.9996957163036772
5370.59041,1.000863612698884
5370.831464,1.0016811114862254
5371.072518,0.9998751477946853
5371.313572,0.9999890130603568
5371.554626,1.0020437856886537
5371.79568,1.000199139825703
5372.036734,0.9974964391489289
5372.277788,1.0013530144993235
5372.518842,1.0015347765658635
5372.759896,1.0005369841243823
5373.00095,1.002321290031614
5373.242004,0.9970172572425904
5373.483058,0.9977161120499284
5373.724112,1.0012657003234124
5373.965166,0.9997350850961516
5374.20622,0.9970551446182212
5374.447274,0.9984773603937425
5374.688328,0.9982584183164844
5374.929382,0.999210291983637
5375.170436,1.0018535156404642
5375.41149,0.998103899873365
5375.652544,1.0004808855884195
5375.893598,1.0012506814505495
5376.134652,1.0022296820522536
5376.375706,1.0017554389822139
5376.61676,0.9995618260262674
5376.857814,1.0029695002569976
5377.098868,1.0029358010479388
5377.339922,0.9995018940959561
5377.580976,0.9997863928172636
5377.82203,1.0008981330801865
5378.063084,0.9992697167866803
5378.304138,1.0018157464748778
5378.545192,1.0006391441656426
5378.786246,1.0000571186312068
5379.0273,1.0006658515808093
5379.268354,0.9981815553775352
5379.509408,0.9980568902867655
5379.750462,1.0013213722440155
5379.991516,1.0003544928177337
5380.23257,1.0000211112228388
5380.473624,1.0025665880622747
5380.714678,1.001677305105234
5380.955732,0.9976460748371974
5381.196786,1.0048899168108552
5381.43784,1.0022297822752269
5381.678894,1.0011924103565943
5381.919948,0.9997938812453899
5382.161002,1.0001908382072944
5382.402056,1.0009449061427895
5382.64311,0.9984796568943124
5382.884164,1.0014286195059712
5383.125218,0.9971413936184461
5383.366272,0.9984078687877951
5383.607326,1.0026547175385991
5383.84838,1.0001403998551373
5384.089434,1.002520370807881
5384.330488,1.0024584169633586
5384.571542,1.002109121073391
5384.812596,1.001426917078765
5385.05365,1.0002712267753324
5385.294704,1.0004424378467645
5385.535758,1.0007814952083782
5385.776812,0.9991190682484058
5386.017866,1.0003896258844545
5386.25892,1.0010968010468224
5386.499974,1.0032421444178303
5386.741028,1.0019948871450461
5386.982082,1.0006145887823406
5387.223136,1.0005308008249267
5387.46419,0.9999144966556194
5387.705244,1.0002533220806205
5387.946298,1.003533126830122
5388.187352,0.999247093576388
5388.428406,1.000649260678529
5388.66946,0.9978723666274895
5388.910514,1.001043143696316
5389.151568,1.0014694786271674
5389.392622,0.9996495214319675
5389.633676,1.0005223863962744
5389.87473,1.0021320696350235
5390.115784,1.0000807382591579
5390.356838,0.9967586645069895
5390.597892,0.9996737332365804
5390.838946,0.9996882086170391
5391.08,0.9998150870984984
5391.321054,1.0020266508864213
5391.562108,1.002410600837293
5391.803162,1.0025342056844586
5392.044216,0.9991058599816304
5392.28527,0.9988010193523472
5392.526324,0.9988163011248485
5392.767378,1.0002329271233106
5393.008432,0.9974353942348465
5393.249486,1.0013714395643003
5393.49054,1.001603884849655
5393.731594,0.9985768136915297
5393.972648,0.9998601197841498
5394.213702,1.0005595765045507
5394.454756,1.000749470712926
5394.69581,0.999386438306005
5394.936864,0.9984536967607164
5395.177918,1.000393677470644
5395.418972,0.9994231564382563
5395.660026,1.003421640492912
5395.90108,1.0031424271047078
5396.142134,0.9984003807568593
5396.383188,1.002012021404114
5396.624242,1.0005382047802474
5396.865296,1.00239827126273
5397.10635,1.001562319150928
5397.347404,1.0002728772242182
5397.588458,1.0007966671708486
5397.829512,0.9997714361247034
5398.070566,1.002310264558064
5398.31162,1.0006059735278199
5398.552674,1.0009010456979917
5398.793728,1.0029240667677122
5399.034782,1.0007388628247584
5399.275836,1.0010931971048258
5399.51689,1.0041264906127805
5399.757944,1.0011139199484866
5399.998998,0.9991930657466939
5400.240052,1.0000414048571575
5400.481106,1.0014086912747295
5400.72216,1.0012587916139153
5400.963214,1.0021535154907835
5401.204268,1.0006600677489026
5401.445322,0.9981838511977527
5401.686376,1.002289516950326
5401.92743,0.9978108995829096
5402.168484,1.0013629279432383
5402.409538,1.0016494588632165
5402.650592,1.0010708729754454
5402.891646,1.000922975680145
5403.1327,1.001655869440267
5403.373754,0.9993335821550763
5403.614808,1.0001076557944693
5403.855862,1.0012026225712622
5404.096916,1.0001982996587786
5404.33797,0.9979306440753855
5404.579024,1.0024766618725756
5404.820078,0.9981832522876216
5405.061132,1.0012058264247805
5405.302186,1.0014178041352837
5405.54324,0.9993458240664392
5405.784294,0.9984463082306979
5406.025348,1.002725206642905
5406.266402,1.0010371374554727
5406.507456,0.9995694627077903
5406.74851,1.0021634368596977
5406.989564,0.9999745043250202
5407.230618,1.0003234522994178
5407.471672,1.0051274003557735
5407.712726,0.9999876670760511
5407.95378,0.9993022335523094
5408.194834,0.9983033409560604
5408.435888,1.001129136995719
5408.676942,0.9989535479132616
5408.917996,1.0007055387754749
5409.15905,1.0018784621035859
5409.400104,1.0000636350246224
5409.641158,1.001467275396738
5409.882212,0.9980000026653317
5410.123266,1.001536479176431
5410.36432,1.0022958313941732
5410.605374,1.0031531607861028
5410.846428,1.0009851449368108
5411.087482,1.0012604937553078
5411.328536,0.9999532240940268
5411.56959,1.0007375218355807
5411.810644,1.0006104362404138
5412.051698,1.0013065527973704
5412.292752,1.0014281187917866
5412.533806,0.9997003549025624
5412.77486,1.0016226150174283
5413.015914,1.0009145879807533
5413.256968,0.9995781190168193
5413.498022,1.0021432935770573
5413.739076,1.000089503005155
5413.98013,0.9990442670039855
5414.221184,1.0018252637696765
5414.462238,0.9994736885504869
5414.703292,0.999406626115955
5414.944346,1.0013846577545424
5415.1854,1.0023254997898725
5415.426454,0.9997162402674106
5415.667508,1.0032790644080687
5415.908562,1.0009756055938346
5416.149616,1.001902808046017
5416.39067,0.996841000173094
5416.631724,1.0025010223514377
5416.872778,1.0033108688585082
5417.113832,0.9996022991039752
5417.354886,1.00247616063437
5417.59594,1.0016149025529857
5417.836994,1.0000817913447297
5418.078048,1.001339896860754
5418.319102,1.0028177624508632
5418.560156,0.99915311880647
5418.80121,1.0003391575009044
5419.042264,0.9991602028271951
5419.283318,1.0020614218144792
5419.524372,1.00224321224429
5419.765426,1.0009585190860808
5420.00648,1.0025968660304292
5420.247534,1.0018589256640558
5420.488588,0.9975932009964001
5420.729642,1.0008376806586299
5420.970696,1.0010856889340032
5421.21175,1.0018111381330432
5421.452804,1.000413575498774
5421.693858,0.998441116323394
5421.934912,1.0017395111973602
5422.175966,1.0005249477368623
5422.41702,1.0032991301900138
5422.658074,1.000563718829772
5422.899128,1.0023232946761986
5423.140182,1.0003824531165513
5423.381236,0.9988621478452444
5423.62229,1.0024750579111996
5423.863344,0.9991186286361124
5424.104398,1.001649258533345
5424.345452,1.0041340215897012
5424.586506,1.0010935975421846
5424.82756,0.9999881230705313
5425.068614,1.000487548813306
5425.309668,1.0048116389352986
5425.550722,1.0006562852609953
5425.791776,1.0008538142920789
5426.03283,0.9982210841497926
5426.273884,1.0028036228200972
5426.514938,1.0015052317257434
5426.755992,0.9996765223301869
5426.997046,0.9999494912756086
5427.2381,0.9998156070024788
5427.479154,1.000670144446521
5427.720208,1.0040711647673888
5427.961262,1.0001108361418714
5428.202316,0.9987613677389687
5428.44337,0.9990196908173056
5428.684424,1.0008140811843589
5428.925478,1.000237318155499
5429.166532,1.0015008251124184
5429.407586,1.0005960275538746
5429.64864,1.0018729517871976
5429.889694,1.0018034242169782
5430.130748,1.0024767621202466
5430.371802,0.998286869086828
5430.612856,1.001173287764178
5430.85391,1.001431824082681
5431.094964,1.0030268717532214
5431.336018,1.0011913090455486
5431.577072,1.0035266038859971
5431.818126,1.0020566119311982
5432.05918,1.0000582336955157
5432.300234,0.9999392258468237
5432.541288,1.0022999408155062
5432.782342,0.9993590055247902
5433.023396,1.000808386568438
5433.26445,0.9990628893626824
5433.505504,1.0024825765023286
5433.746558,1.0019245495728464
5433.987612,1.000065326133659
5434.228666,1.002493102624644
5434.46972,0.999128649846214
5434.710774,1.0018670407542196
5434.951828,1.0000618459123796
5435.192882,1.0008699581943037
5435.433936,0.9994660625953363
5435.67499,1.001479393224083
5435.916044,1.0001480409569812
5436.157098,1.0004420476742897
5436.398152,1.0020294565649717
5436.639206,0.9998361734210398
5436.88026,1.0000733176876102
5437.121314,1.001656370268327
5437.362368,0.9992877237892194
5437.603422,1.0027718344491021
5437.844476,1.0016147022300252
5438.08553,0.9996171832930214
5438.326584,1.00019955990943
5438.567638,1.003224387189026
5438.808692,1.000218913958164
5439.049746,1.0025057341173154
5439.2908,1.002061321608342
5439.531854,1.001481496333017
5439.772908,1.0001238276660125
5440.013962,1.001484901375893
5440.255016,1.000305426633219
5440.49607,0.9994910595541475
5440.737124,1.0013961737443233
5440.978178,0.9999199662028753
5441.219232,0.9997730557557418
5441.460286,0.999789252210436
5441.70134,1.0015687291702826
5441.942394,1.0003236323576554
5442.183448,1.003835938451323
5442.424502,0.9980583873732237
5442.665556,1.003712875709169
5442.90661,1.0001235676338511
5443.147664,1.0015441910370113
5443.388718,1.000265695290743
5443.629772,0.9985955871120967
5443.870826,1.0019746470527515
5444.11188,1.000271876951841
5444.352934,0.9996730834488649
5444.593988,1.0008683367862847
5444.835042,0.9996540298614757
5445.076096,0.9991365429937257
5445.31715,1.0018721502891568
5445.558204,0.9992681779125013
5445.799258,1.000943324651087
5446.040312,0.9981952305585186
5446.281366,1.0035170704285443
5446.52242,0.9969563413491723
5446.763474,0.9997532604452121
5447.004528,1.0019882740006145
5447.245582,0.9999028597184227
5447.486636,1.001833278403845
5447.72769,1.0027485704124068
5447.968744,1.0000001378000094
5448.209798,0.9967859760685637
5448.450852,1.0001041754258828
5448.691906,1.0003440691782257
5448.93296,1.0024859849488832
5449.174014,1.000693230173046
5449.415068,1.0010019015683895
5449.656122,0.9978184829745633
5449.897176,1.0038311200503824
5450.13823,0.9989795210431566
5450.379284,0.9980678689729413
5450.620338,1.0012330595936287
5450.861392,1.0001800562081735
5451.102446,1.0000218762392814
5451.3435,0.999557108105583
5451.584554,0.9998427023725692
5451.825608,1.001588059633294
5452.066662,1.0006687535159868
5452.307716,0.9974324019331522
5452.54877,1.0003899760208848
5452.789824,1.0006212729101187
5453.030878,1.0008555757963422
5453.271932,1.0000034702060212
5453.512986,1.0034479304842903
5453.75404,1.0004077331005528
5453.995094,0.9997205590508972
5454.236148,1.0022006178129075
5454.477202,1.0019845666508593
5454.718256,1.001415601018538
5454.95931,0.998799621031899
5455.200364,1.0010735758704512
5455.441418,1.0004194679520868
5455.682472,1.000144800482578
5455.923526,1.0000357966406845
5456.16458,1.0012662009563877
5456.405634,1.0012657003234124
5456.646688,1.0014044853670587
5456.887742,0.9989886117981609
5457.128796,1.0015222574594012
5457.36985,1.0021447967931252
5457.610904,1.0020934882930381
5457.851958,0.9990635087818658
5458.093012,1.0019888751937591
5458.334066,1.0008317357004635
5458.57512,1.002206631034654
5458.816174,0.9961482371421044
5459.057228,0.9997341353482719
5459.298282,1.0002413091103604
5459.539336,0.9993981811656443
5459.78039,0.9998779674465779
5460.021444,0.9981944320026536
5460.262498,1.0021601297258127
5460.503552,0.9975965928190497
5460.744606,0.9986279421332677
5460.98566,0.9995932427481706
5461.226714,1.0012258507415515
5461.467768,1.0002909123067802
5461.708822,0.9987114309190126
5461.949876,1.0021737591962572
5462.19093,1.0000098711487195
5462.431984,1.0018178502901545
5462.673038,0.9985290828606113
5462.914092,0.997896315851678
5463.155146,0.9986813701573587
5463.3962,1.0018386883181551
5463.637254,1.000480145232838
5463.878308,1.000216683472473
5464.119362,0.9999000919911376
5464.360416,0.999000300033295
5464.60147,0.9996410144507374
5464.842524,1.0004204183510328
5465.083578,0.9999200301977551
5465.324632,0.9973780433485318
5465.565686,1.002416515077285
5465.80674,1.0017661578227566
5466.047794,0.9988484635275567
5466.288848,1.000904498812556
5466.529902,0.999394773223657
5466.770956,1.0002174036287443
5467.01201,1.0021323702746896
5467.253064,1.00128242160023
5467.494118,0.9996583483762126
5467.735172,1.000306616997385
5467.976226,0.9997373744921179
5468.21728,0.998205611842899
5468.458334,1.0016451517798037
5468.699388,1.0025070373756169
5468.940442,1.0012163391411497
5469.181496,1.000984454257299
5469.42255,0.9998355635211601
5469.663604,1.0000287294126817
5469.904658,1.002186086009305
5470.145712,1.002989359249706
5470.386766,1.0029547567137092
5470.62782,1.0004130152673285
5470.868874,0.9992433264219462
5471.109928,1.0004252103763136
5471.350982,1.001330284043886
5471.592036,0.9996708841705005
5471.83309,0.9975201798466939
5472.074144,1.001861831059153
5472.315198,0.9994574072567118
5472.556252,0.9991108155589857
5472.797306,1.000723611680703
5473.03836,1.0019076171910375
5473.279414,1.000347430339945
5473.520468,0.9998678387340697
5473.761522,1.000273987527728
5474.002576,1.0005340125339521
5474.24363,0.999645552831245
5474.484684,1.0008570870894027
5474.725738,1.0015182513783834
5474.966792,1.001268403744453
5475.207846,1.000255152545875
5475.4489,1.0028816439769364
5475.689954,1.001972542908202
5475.931008,1.0016004794022357
5476.172062,1.0034026760031216
5476.413116,1.001571433409502
5476.65417,1.0025462361671096
5476.895224,0.9971955398661769
5477.136278,1.000305316599628
5477.377332,0.9984292349448042
5477.618386,0.9995270418799694
5477.85944,0.9982621118794652
5478.100494,1.000656735556425
5478.341548,1.0017571419679077
5478.582602,1.0018295716275725
5478.823656,1.0008772845892122
5479.06471,0.9992869843165774
5479.305764,1.0021248543100973
5479.546818,0.9991085275978379
5479.787872,0.9994091646120092
5480.028926,1.0008406131173304
5480.26998,1.0020750499424869
5480.511034,1.0003548329383192
5480.752088,0.9992335438776662
5480.993142,0.9984438121180474
5481.234196,1.0040864267650842
5481.47525,0.999753770319505
5481.716304,1.0027467654666045
5481.957358,0.9980657730326172
5482.198412,1.000657125812628
5482.439466,1.0010571583984307
5482.68052,1.0002488509582639
5482.921574,1.0013540158528387
5483.162628,1.0007551149558578
5483.403682,1.002122549425583
5483.644736,1.001340798067067
5483.88579,1.0015863569350398
5484.126844,0.9983992825170445
5484.367898,1.0012435725959477
5484.608952,0.999349531646324
5484.850006,1.0018844733923924
5485.09106,0.9981596954408396
5485.332114,1.0005768162945743
5485.573168,0.9990566552297032
5485.814222,0.997952598791056
5486.055276,0.997368169354779
5486.29633,1.0027441583284036
5486.537384,0.9991119045903682
5486.778438,1.0044482642857626
5487.019492,0.9977051372330574
5487.260546,1.0030977882599232
5487.5016,0.9999826661502329
5487.742654,0.9986574020920929
5487.983708,1.001073175441101
5488.224762,0.9994573372946959
5488.465816,1.000549180744557
5488.70687,0.9988637460259595
5488.947924,0.9982844732012172
5489.188978,1.0029307863814703
5489.430032,0.9984752635934873
5489.671086,1.000052105357437
5489.91214,0.9994482522687913
5490.153194,1.0022195595835834
5490.394248,0.9975350430081039
5490.635302,1.001913628654775
5490.876356,1.0027145778120476
5491.11741,1.0018294714446203
5491.358464,0.9963691076888742
5491.599518,0.9997521307246661
5491.840572,0.997444570682685
5492.081626,0.9989252779278778
5492.32268,1.0009028172944103
5492.563734,0.9986771757044124
5492.804788,1.001946892739427
5493.045842,1.0004659185063252
5493.286896,0.9973301703514121
5493.52795,0.9994180493989754
5493.769004,1.0012014211288358
5494.010058,1.0002253853954726
5494.251112,1.0012987426367184
5494.492166,0.9971970356606086
5494.73322,1.0015780438027768
5494.974274,1.004424660028903
5495.215328,0.9996752427450571
5495.456382,1.0019740458681436
5495.697436,1.0000853096386604
5495.93849,0.9988480639882512
5496.179544,0.998876032125595
5496.420598,1.0007451474845508
5496.661652,0.999058073891161
5496.902706,1.0003977190692648
5497.14376,1.0030942774238083
5497.384814,1.0011783937609657
5497.625868,0.9994166702030189
5497.866922,1.001198417529078
5498.107976,1.0015490986155708
5498.34903,0.9996663156849989
5498.590084,0.9996398148822397
5498.831138,0.998459288117074
5499.072192,0.9994198683414806
5499.313246,1.0013068531893814
5499.5543,0.9996229610970386
5499.795354,0.9985958866908178
5500.036408,1.0024372653139113
5500.277462,0.9982138969838605
5500.518516,1.0007222807191847
5500.75957,0.9997564896534585
5501.000624,1.001782687100727
5501.241678,1.000842804960673
5501.482732,1.0021208458186972
5501.723786,0.9993589655504307
5501.96484,0.9980921223168343
5502.205894,0.9963213827516373
5502.446948,0.99789262364214
5502.688002,1.0019224455335014
5502.929056,0.9981341428797105
5503.17011,0.9993184023932539
5503.411164,0.9983791150552297
5503.652218,1.000800340101357
5503.893272,1.0013433014221913
5504.134326,0.9995431243994568
5504.37538,1.0008614708530446
5504.616434,1.001500324362131
5504.857488,0.9964125503290121
5505.098542,1.000893078557377
5505.339596,1.000681922403434
5505.58065,1.002582027706616
5505.821704,0.9994918791371523
5506.062758,1.0002574931456703
5506.303812,1.000094182434887
5506.544866,0.9975988872938517
5506.78592,1.0025954623957993
5507.026974,0.9997706563032873
5507.268028,0.9982836745739581
5507.509082,1.003563634700895
5507.750136,0.9980897268986152
5507.99119,1.0028005141336849
5508.232244,1.0015281664581517
5508.473298,1.0007815352396388
5508.714352,1.0023612834489497
5508.955406,1.0005341225926996
5509.19646,0.9994329808161708
5509.437514,1.0017686622412816
5509.678568,0.9974788833660913
5509.919622,0.9978634856029471
5510.160676,0.9989848156486488
5510.40173,1.0009338958093787
5510.642784,0.9987002454136253
5510.883838,1.0019536058060972
5511.124892,1.000535233186192
5511.365946,0.9998059188361863
5511.607,0.9990780452616712
5511.848054,1.0001043354425638
5512.089108,1.001259592621269
5512.330162,0.9989160878575952
5512.571216,1.0032579957689376
5512.81227,0.9995431243994568
5513.053324,0.9989850154456319
5513.294378,1.0003649265695058
5513.535432,1.0022122434075025
5513.776486,1.0006179808715463
5514.01754,0.9985769135492161
5514.258594,1.002270974765778
5514.499648,1.002336826132014
5514.740702,1.000480535420171
5514.981756,1.0016958363067916
5515.22281,0.9996935069785854
5515.463864,0.996351870652412
5515.704918,1.0010831862229093
5515.945972,1.002005708748264
5516.187026,1.0003377170135548
5516.42808,1.001624417939758
5516.669134,1.0008445364202234
5516.910188,0.9984267388748369
5517.151242,1.000991921629181
5517.392296,0.9978006221835726
5517.63335,1.0000612178737376
5517.874404,1.0017422158976919
5518.115458,1.0008737314811587
5518.356512,0.9992663592460725
5518.597566,0.9993064306305042
5518.83862,0.9987847390284168
5519.079674,0.9994535593531012
5519.320728,0.9989083962333316
5519.561782,1.0024327543563671
5519.802836,1.0020632255266617
5520.04389,1.0017540365255808
5520.284944,1.000742695661943
5520.525998,0.9974104586616865
5520.767052,1.0003272235259417
5521.008106,1.0014214092458678
5521.24916,0.9989543470764196
5521.490214,0.9991026228838882
5521.731268,0.999165538356924
5521.972322,0.9993730166362653
5522.213376,0.9996248503862205
5522.45443,0.9987903322386164
5522.695484,1.0011123181674961
5522.936538,0.9998750678046767
5523.177592,1.0022175551464687
5523.418646,1.0027436569564498
5523.6597,0.9990935510732585
5523.900754,0.9982517300074876
5524.141808,0.9975592834041686
5524.382862,0.9991025929108099
5524.623916,1.0008908165415757
5524.86497,1.0024780653408845
5525.106024,1.0016282241197778
5525.347078,1.0026489021581022
5525.588132,1.0015927671082367
5525.829186,0.9986415235656342
5526.07024,1.0001769456530356
5526.311294,1.001336992979264
5526.552348,0.9994162604422682
5526.793402,1.0031453362219647
5527.034456,1.0031646971137858
5527.27551,1.0009503212693796
5527.516564,0.9996705342857523
5527.757618,1.0002593536263378
5527.998672,0.9993252477477556
5528.239726,0.9988378757899584
5528.48078,0.9987796452392369
5528.721834,0.9982682012969204
5528.962888,1.000853554070121
5529.203942,0.9992614928307527
5529.444996,1.0003480405520637
5529.68605,0.999673933171347
5529.927104,1.00127260908058
5530.168158,1.0019427847655882
5530.409212,1.0014625685116048
5530.650266,1.0003224119635683
5530.89132,1.000531020941727
5531.132374,0.998157699123445
5531.373428,1.000793914983798
5531.614482,1.0004062224860164
5531.855536,1.0015505007852905
5532.09659,1.000164153471707
5532.337644,0.9980962145029247
5532.578698,1.0005204153691147
5532.819752,1.0005536632149274
5533.060806,0.9976158466190896
5533.30186,1.0015139448591615
5533.542914,0.9994389674376558
5533.783968,0.9984612850376471
5534.025022,0.9983524586887218
5534.266076,1.0024519010048252
5534.50713,1.0013368928455697
5534.748184,1.0003000450045003
5534.989238,1.0013873614967683
5535.230292,0.9998785873711099
5535.471346,0.9985205953994787
5535.7124,0.9991008944378457
5535.953454,1.002146600655383
5536.194508,1.0006299983656615
5536.435562,1.0010652669942535
5536.676616,1.0010615630596178
5536.91767,0.9994177995444943
5537.158724,0.9998804871422307
5537.399778,1.001853315269781
5537.640832,0.9972518830058581
5537.881886,1.0013976758397105
5538.12294,1.0007290556319581
5538.363994,1.0023978703035015
5538.605048,1.003018045155587
5538.846102,0.9996740131452648
5539.087156,0.9990425586397497
5539.32821,0.9981108866251177
5539.569264,0.9988976080809083
5539.810318,1.0037186972607306
5540.051372,0.9997111917131448
5540.292426,1.0009945442314512
5540.53348,1.0007168267976165
5540.774534,1.000317040246639
5541.015588,1.0033259186344141
5541.256642,0.9990993658146465
5541.497696,1.0015988768427508
5541.73875,1.0010361364188358
5541.979804,1.0012055260630777
5542.220858,0.9988209955724958
5542.461912,0.9981675809335812
5542.702966,1.0005575253595214
5542.94402,1.003774104062033
5543.185074,1.0019701381769848
5543.426128,1.00083498840889
5543.667182,0.9992542282261068
5543.908236,0.9966034812642547
5544.14929,0.9990795938338415
5544.390344,1.000733338761482
5544.631398,1.0033327412738577
5544.872452,0.999960152793921
5545.113506,0.9987356999016509
5545.35456,1.0036274633777924
5545.595614,1.0001403798523294
5545.836668,0.9993096284161986
5546.077722,1.0010607622106877
5546.318776,1.000700665351368
5546.55983,1.0018155461117486
5546.800884,1.0015932679047455
5547.041938,1.0037714942527551
5547.282992,1.0002569930170488
5547.524046,0.9984749640509532
5547.7651,1.002403784468383
5548.006154,0.9992441757791347
5548.247208,1.0039425514890383
5548.488262,0.999387177852243
5548.729316,1.0022076332417862
5548.97037,1.002994875706352
5549.211424,1.0010210208872985
5549.452478,1.0019458907930354
5549.693532,1.0013842572007594
5549.934586,0.9994534294241469
5550.17564,1.0001187070451238
5550.416694,1.0023033486410984
5550.657748,1.0050887036957752
5550.898802,0.9990957191086166
5551.139856,1.0031076186664172
5551.38091,1.0043886018308565
5551.621964,1.002561976266577
5551.863018,0.9998149571225455
5552.104072,1.0007128739739577
5552.345126,1.0027497737114133
5552.58618,1.0003676675731596
5552.827234,1.0020152278477126
5553.068288,1.0022563417163681
5553.309342,1.0022382010407567
5553.550396,0.9994913793913377
5553.79145,1.000017671156133
5554.032504,1.0014372318291318
5554.273558,1.0005927656161417
5554.514612,0.9995653644813947
5554.755666,1.002224169804161
5554.99672,1.0006255155533101
5555.237774,1.001913127698086
5555.478828,1.000171284667544
5555.719882,1.001131539708531
5555.960936,0.9987859375708228
5556.20199,0.9987069367276854
5556.443044,1.0025448326033615
5556.684098,1.0040598188273315
5556.925152,1.002496912105672
5557.166206,1.0000876338396205
5557.40726,1.0022446153857691
5557.648314,1.0003101380828738
5557.889368,1.0007656129320754
5558.130422,0.9996813207890103
5558.371476,1.002551649931402
5558.61253,1.0008787158447525
5558.853584,1.0036427186311754
5559.094638,0.9999910549400073
5559.335692,1.0008807376218005
5559.576746,1.002933694884968
5559.8178,0.9993532692205617
5560.058854,1.0021113257158825
5560.299908,1.0010947988552226
5560.540962,1.0036530562044157
5560.782016,1.0019495979996897
5561.02307,0.9982422466610984
5561.264124,1.0002970541118372
5561.505178,1.0032125492111015
5561.746232,0.999014575849583
5561.987286,0.999218885229099
5562.22834,0.9999942590164795
5562.469394,1.0004791847723598
5562.710448,1.0018043258404659
5562.951502,0.9969479669510776
5563.192556,1.0003146394886235
5563.43361,0.999484043151537
5563.674664,0.9985724199632157
5563.915718,1.0038869346122876
5564.156772,0.9985042197959945
5564.397826,0.9996504910924735
5564.63888,1.003102402520362
5564.879934,1.0010255254920277
5565.120988,1.0003855443031073
5565.362042,1.001939478359854
5565.603096,1.0025316993520772
5565.84415,1.0014657731969516
5566.085204,1.000673226515312
5566.326258,0.9987550755621724
5566.567312,1.0018832711317456
5566.808366,0.9991142525061028
5567.04942,1.0011109166112317
5567.290474,1.000141259976251
5567.531528,1.0020568123425406
5567.772582,1.0033671561770956
5568.013636,1.001370137782275
5568.25469,0.9975490085964649
5568.495744,1.0014277182206193
5568.736798,0.9985320784523531
5568.977852,1.0001796461344346
5569.218906,1.00132858178385
5569.45996,0.9986908576754409
5569.701014,1.0008374104324926
5569.942068,1.0000336375657302
5570.183122,1.0017251864247725
5570.424176,1.0025463364217382
5570.66523,1.0041414522089542
5570.906284,1.0004793848682167
5571.147338,1.0029808338763853
5571.388392,0.9992175362845145
5571.629446,1.0031608850951794
5571.8705,1.0034674979097165
5572.111554,1.003492484561497
5572.352608,1.0028200689343691
5572.593662,1.0028120464059078
5572.834716,1.0001887978200656
5573.07577,0.9979969088701188
5573.316824,0.9982112018099772
5573.557878,1.0043468201340857
5573.798932,0.9996658358452825
5574.039986,1.0058828363156451
5574.28104,0.9998096281230259
5574.522094,1.0041358290325668
5574.763148,0.999751540871083
5575.004202,1.0056260672055053
5575.245256,0.9978060103214803
5575.48631,0.9995748204144691
5575.727364,1.0020182338979053
5575.968418,0.9994446742504529
5576.209472,1.0004376357345879
5576.450526,1.0019063147119818
5576.69158,0.9987756501286462
5576.932634,0.9997754452162004
5577.173688,1.00242112620386
5577.414742,0.9987089341435563
5577.655796,1.0009017463289689
5577.89685,0.9991600129867746
5578.137904,1.0047432135925964
5578.378958,1.0013022471884505
5578.620012,1.0014548572795157
5578.861066,0.9975941985900999
5579.10212,0.9992705661663005
5579.343174,0.9976069678775652
5579.584228,0.9965713911488117
5579.825282,0.999918885289976
5580.066336,1.0024530037025228
5580.30739,0.9989897106862383
5580.548444,1.00018084635073
5580.789498,1.001638641107477
5581.030552,1.0003735797635456
5581.271606,0.9983867027653374
5581.51266,1.0016974390214117
5581.753714,1.0010820850320101
5581.994768,0.9953190897684553
5582.235822,0.998941660436772
5582.476876,1.0040867279910572
5582.71793,1.0015867575696626
5582.958984,0.9973774449218853
5583.200038,1.0013198702630837
5583.441092,1.0002495611352
5583.682146,0.9996812808017583
5583.9232,1.0001568923063107
5584.164254,0.9996326374941358
5584.405308,0.9994894603697315
5584.646362,1.0010502511278678
5584.887416,1.0011419515306854
5585.12847,0.9967257720137899
5585.369524,0.9997623682389006
5585.610578,1.0001883377333243
5585.851632,1.0011510619638968
5586.092686,0.9971103830033221
5586.33374,1.0023388308076708
5586.574794,1.00027852878194
5586.815848,0.9975249679550486
5587.056902,1.0031885727176955
5587.297956,1.0003489908831535
5587.53901,0.9993589355696623
5587.780064,1.0014969192668168
5588.021118,0.9990039863512034
5588.262172,0.9995132285117012
5588.503226,0.9996584483420524
5588.74428,1.002436162633526
5588.985334,1.0025568632135362
5589.226388,1.0015695304255865
5589.467442,0.998863346480541
5589.708496,1.0012808195496372
5589.94955,1.0005772765600156
5590.190604,0.9991530288826933
5590.431658,1.001108513947915
5590.672712,1.00002448529976
5590.913766,0.9981176738022232
5591.15482,1.0005977485805222
5591.395874,0.9999476653695045
5591.636928,0.9998528008348604
5591.877982,0.9990068934570335
5592.119036,0.9998571202082899
5592.36009,0.9986636936535445
5592.601144,1.0024643314854664
5592.842198,1.0023399333809913
5593.083252,0.9997347051968914
5593.324306,1.0008769242734545
5593.56536,0.9998507111446904
5593.806414,1.0031412233345176
5594.047468,0.998942559484671
5594.288522,1.0017953096421062
5594.529576,0.9980627788397893
5594.77063,1.000230436546423
5595.011684,0.9987379969964023
5595.252738,1.0004826464363277
5595.493792,0.9997848531474042
5595.734846,0.999852560870217
5595.9759,0.9959951409238014
5596.216954,0.9999007919214469
5596.458008,1.0023524627084666
5596.699062,0.997958586524612
5596.940116,1.0019755488303397
5597.18117,1.0006640703971788
5597.422224,1.0012953382267809
5597.663278,1.0003955482085698
5597.904332,0.9996495714144448
5598.145386,1.00001116606234
5598.38644,1.0031522579486645
5598.627494,1.0008334771491985
5598.868548,0.9973135150766392
5599.109602,0.9995950820014294
5599.350656,1.0028115450000101
5599.59171,1.001591264720213
5599.832764,0.9989691317101623
5600.073818,1.0007333787908164
5600.314872,1.0005049474430605
5600.555926,1.0007504214253748
5600.79698,0.9997957008719096
5601.038034,0.9992515802059105
5601.279088,1.00070412778166
5601.520142,0.9988552557202022
5601.761196,0.9997486116033596
5602.00225,0.9986035759087488
5602.243304,1.0005242873906146
5602.484358,1.0008805274368677
5602.725412,0.9988167006514489
5602.966466,1.0003750603175392
5603.20752,1.0011762912885465
5603.448574,1.0020238452157268
5603.689628,0.9996229810894981
5603.930682,0.9998691685591795
5604.171736,0.9994323611679149
5604.41279,1.0003878251847487
5604.653844,1.001030130220036
5604.894898,0.9974717015439857
5605.135952,1.0024057892779568
5605.377006,0.9994228865940405
5605.61806,1.0012628967833765
5605.859114,0.9977484385756457
5606.100168,0.9984678749038749
5606.341222,1.003041114835926
5606.582276,1.0005224664380687
5606.82333,1.00106927126333
5607.064384,1.0006067540007837
5607.305438,1.0018277683359667
5607.546492,0.9983232073902158
5607.787546,1.0002518617118363
5608.0286,0.99894895273751
5608.269654,0.9994917192184645
5608.510708,1.0018304732745926
5608.751762,1.0002567829631024
5608.992816,1.0003853242183118
5609.23387,0.9977488376751009
5609.474924,1.0000493282165965
5609.715978,0.9988082107455756
5609.957032,1.0001128463666722
5610.198086,0.9992253402039472
5610.43914,1.0037324483010774
5610.680194,0.9984480055908647
5610.921248,1.0021495068847388
5611.162302,1.000591004574424
5611.403356,1.0019864704233445
5611.64441,1.0000884789140283
5611.885464,1.0003777913451817
5612.126518,0.9997898620820659
5612.367572,1.0017957103603101
5612.608626,0.9981700763556528
5612.84968,1.0008686270381444
5613.090734,0.9967098245290179
5613.331788,1.0007771117950288
5613.572842,1.000817604056125
5613.813896,0.998891215156674
5614.05495,0.9986176563184357
5614.296004,0.9990634288567882
5614.537058,1.0007357505317347
5614.778112,0.9991395404078508
5615.019166,0.9985095118823833
5615.26022,0.9990783549759132
5615.501274,0.9987712555254538
5615.742328,1.0018700463598504
5615.983382,1.0003229821475057
5616.224436,1.0027251063703895
5616.46549,0.9978684749328484
5616.706544,1.002536210754875
5616.947598,0.9995735909381962
5617.188652,1.0007746899173486
5617.429706,1.0028398246843206
5617.67076,0.9998767475962017
5617.911814,0.9993916651107454
5618.152868,1.0001700444559198
5618.393922,0.9990075028514244
5618.634976,1.0003074272460728
5618.87603,1.0003343058677556
5619.117084,0.9994262546548435
5619.358138,0.9997723759102951
5619.599192,1.0014795935199816
5619.840246,0.9986443197658149
5620.0813,1.0014107942351893
5620.322354,1.0008089970617402
5620.563408,1.0020380740553534
5620.804462,0.9988001204318343
5621.045516,0.99963440684547
5621.28657,1.0011504612734399
5621.527624,1.0014724830401098
5621.768678,0.9989434585333791
5622.009732,0.998007288091943
5622.250786,0.9998413325890053
5622.49184,0.9970014047942275
5622.732894,0.9998619695270824
5622.973948,1.002844638327032
5623.215002,0.9980184658361648
5623.456056,0.9980573893153354
5623.69711,1.0011395487928851
5623.938164,0.9996240906716228
5624.179218,0.9972258550713776
5624.420272,1.0009104442029366
5624.661326,0.9972885825504202
5624.90238,1.000161032964416
5625.143434,0.9985224925904123
5625.384488,1.0027903858996399
5625.625542,1.001020019866778
5625.866596,0.9979823382216153
5626.10765,0.9966771329829176
5626.348704,1.0017643546452955
5626.589758,0.9983453704114285
5626.830812,1.0001629632770723
5627.071866,0.9988919143807694
5627.31292,0.9983688318033035
5627.553974,1.0012657003234124
5627.795028,0.9958038286333638
5628.036082,1.0027537847185302
5628.277136,0.998730306743433
5628.51819,1.0031374114051115
5628.759244,1.002820269498403
5629.000298,1.0013548169363717
5629.241352,1.003160584146959
5629.482406,0.9993052414565593
5629.72346,0.9985636325645846
5629.964514,1.003194290908857
5630.205568,1.0007014358911768
5630.446622,0.9993295048823787
5630.687676,0.9982755885089426
5630.92873,0.9999751633084357
5631.169784,0.9995079610908666
5631.410838,0.999117199897495
5631.651892,0.9989168869907852
5631.892946,0.9973381490246896
5632.134,1.0023962664681922
5632.375054,1.0003683378197215
5632.616108,1.0004642777435642
5632.857162,1.0046321956013513
5633.098216,0.9986081694957631
5633.33927,1.002106816225063
5633.580324,1.0028481482894085
5633.821378,1.0021637375087737
5634.062432,0.9986515100308021
5634.303486,0.9974217294635493
5634.54454,0.9997264174305383
5634.785594,0.9984906402309465
5635.026648,1.0008617811201486
5635.267702,1.0025310978332382
5635.508756,1.001174589290298
5635.74981,1.0016079914340015
5635.990864,0.9993120567415461
5636.231918,0.9979140785641879
5636.472972,1.0014052864909673
5636.714026,0.9992836866749703
5636.95508,0.9987641642747135
5637.196134,0.997977348322399
5637.437188,0.9999797762045037
5637.678242,1.0001845970359364
5637.919296,0.9969718939894077
5638.16035,1.000180156226184
5638.401404,0.9976707169995753
5638.642458,1.00055154204341
5638.883512,0.9988070121764419
5639.124566,0.9969593322226827
5639.36562,0.9985922917520966
5639.606674,0.9992849557660582
5639.847728,0.99994965126754
5640.088782,1.0006692838705666
5640.329836,0.9990116387510475
5640.57089,0.9994784360617829
5640.811944,1.003282174577989
5641.052998,0.9971566499984795
5641.294052,1.0026617361461871
5641.535106,0.99719693594091
5641.77616,0.9964670555862204
5642.017214,1.000602931690284
5642.258268,0.9979904219112938
5642.499322,0.9995411952830883
5642.740376,1.0011774927008168
5642.98143,0.9993433057181357
5643.222484,0.9993697986603326
5643.463538,1.0011637766631218
5643.704592,1.0004303825880214
5643.945646,1.0000025668032941
5644.1867,1.0000316575010881
5644.427754,0.9992344132112275
5644.668808,0.9978207779597134
5644.909862,0.999205595706301
5645.150916,0.9983164188154867
5645.39197,0.9993286354660876
5645.633024,1.0005537532647613
5645.874078,0.9980507023532283
5646.115132,0.9982852718291152
5646.356186,0.9966797243468322
5646.59724,0.998260115357238
5646.838294,1.0002714568377409
5647.079348,0.9993671503338752
5647.320402,0.9996773420652713
5647.561456,0.998613462133087
5647.80251,0.9965198697397292
5648.043564,1.0041567152750268
5648.284618,1.0000063436201208
5648.525672,1.0015230586775274
5648.766726,0.9987647635333918
5649.00778,0.9996196423543169
5649.248834,0.9971251403461947
5649.489888,0.9993521399520054
5649.730942,1.0035182746497513
5649.971996,1.0004137255608214
5650.21305,1.000351141635796
5650.454104,0.999620851894816
5650.695158,0.9981973267707038
5650.936212,1.0025326016310128
5651.177266,0.9985161020669093
5651.41832,0.9959344866666601
5651.659374,0.9983168181421341
5651.900428,0.9981317473606421
5652.141482,0.9995568082384955
5652.382536,0.9976730116448632
5652.62359,0.9994579769475964
5652.864644,0.9958597943811558
5653.105698,0.9970179551549148
5653.346752,0.9941775167409266
5653.587806,0.9991077882578009
5653.82886,0.998316119320606
5654.069914,1.000549150728082
5654.310968,0.9998116077480494
5654.552022,0.9977582165582557
5654.793076,0.9977570192491142
5655.03413,0.9981913376047107
5655.275184,0.9983882003465147
5655.516238,0.9995492416220968
5655.757292,1.001157169004001
5655.998346,0.9969810661730244
5656.2394,0.9993465835695541
5656.480454,0.9978577977972894
5656.721508,0.9987657622986548
5656.962562,0.9976801949164068
5657.203616,1.0001512314343206
5657.44467,0.9975215763759232
5657.685724,1.001534375952033
5657.926778,0.9967872718911748
5658.167832,1.0010327329017579
5658.408886,0.9973242861207656
5658.64994,1.000459935738021
5658.890994,1.0003428087454926
5659.132048,0.9975118007123756
5659.373102,1.001455658443722
5659.614156,0.9993474030340886
5659.85521,0.9999629386867874
5660.096264,0.998920083529938
5660.337318,0.9979947132793345
5660.578372,0.998493236309986
5660.819426,1.0029774237473472
5661.06048,0.9968140858294345
5661.301534,0.9989972031371651
5661.542588,0.9979412221962766
5661.783642,0.9960499221630225
5662.024696,0.995915464499627
5662.26575,0.9986305385692926
5662.506804,0.9997637779048337
5662.747858,1.0003271935161253
5662.988912,0.9961063997947349
5663.229966,0.9983729251239052
5663.47102,0.9958922599396383
5663.712074,0.9978861373611667
5663.953128,1.0000443879851175
5664.194182,0.9985060171052077
5664.435236,0.9978803496383545
5664.67629,0.9974245222483018
5664.917344,0.9986322362426512
5665.158398,0.9960062961318488
5665.399452,1.0014941150793688
5665.640506,0.9956284830187759
5665.88156,0.997440680656445
5666.122614,0.9971541571099706
5666.363668,0.9986718827294075
5666.604722,0.99605998231804
5666.845776,0.9978906278588885
5667.08683,0.9995072014651049
5667.327884,0.9968196680039453
5667.568938,0.9976828886565696
5667.809992,0.9971573480083789
5668.051046,0.9973146121221091
5668.2921,0.9998810870707029
5668.533154,0.9988921141591722
5668.774208,0.9980902259436034
5669.015262,0.9989451567387021
5669.256316,0.9982739912692788
5669.49737,0.9980390252283221
5669.738424,0.9977791697008107
5669.979478,0.9996998850435059
5670.220532,1.0001195871499733
5670.461586,0.9983899974468927
5670.70264,0.9986384277817096
5670.943694,0.996900812427454
5671.184748,0.9995654144596642
5671.425802,0.9979177708531093
5671.666856,0.9971792857113488
5671.90791,0.9971581457345763
5672.148964,0.9980560918415726
5672.390018,0.9990640782482281
5672.631072,1.000559736594096
5672.872126,0.9991406894189829
5673.11318,0.9951649267816818
5673.354234,0.9946938277303529
5673.595288,0.9983018435021721
5673.836342,0.9969835586288054
5674.077396,0.9965451816658806
5674.31845,0.9971079899412746
5674.559504,1.0027421528420923
5674.800558,0.9982960533682712
5675.041612,0.9976590443204717
5675.282666,0.9993913353115503
5675.52372,0.9974563405980614
5675.764774,0.9976765035065147
5676.005828,0.9974484607240963
5676.246882,1.0005981188017576
5676.487936,0.9955238479638792
5676.72899,0.9984996266871475
5676.970044,0.9970700008505546
5677.211098,0.9965240551319714
5677.452152,0.9967086284779461
5677.693206,0.9975439211094942
5677.93426,0.9961723442211378
5678.175314,1.0015054320268097
5678.416368,0.9984497029539169
5678.657422,0.997005492508367
5678.898476,0.9959375740683541
5679.13953,1.0001657537356325
5679.380584,0.998393491817999
5679.621638,1.0005343527155743
5679.862692,0.9976220318565129
5680.103746,0.9994057666266261
5680.3448,0.996948963899543
5680.585854,1.0008494806044455
5680.826908,1.001898700252925
5681.067962,0.9965254502666251
5681.309016,0.9986546058552818
5681.55007,1.000010099050995
5681.791124,0.9988201965160189
5682.032178,0.9981890417672744
5682.273232,0.9999422726662867
5682.514286,0.9987183220516603
5682.75534,0.9991173797386073
5682.996394,0.998904900060063
5683.237448,0.9986407246527349
5683.478502,0.9998536907042491
5683.719556,1.000851392228779
5683.96061,0.9963858468304918
5684.201664,0.9979976074681995
5684.442718,0.9995319195838354
5684.683772,0.9979312428339515
5684.924826,0.9998698384717468
5685.16588,1.0019100217722043
5685.406934,1.001887479050321
5685.647988,0.9957635989713316
5685.889042,0.9986101667140994
5686.130096,0.999490080053389
5686.37115,1.0000352706219937
5686.612204,0.999192855916172
5686.853258,0.9991875502161938
5687.094312,0.9982841737159202
5687.335366,0.9983754210593379
5687.57642,0.9991557365910705
5687.817474,0.997955193471186
5688.058528,0.9991528390436358
5688.299582,0.9985397671789589
5688.540636,1.0000204102082855
5688.78169,0.9986429216647459
5689.022744,0.9964577884856954
5689.263798,0.9993310638376223
5689.504852,1.0014038845245476
5689.745906,0.9976191387568155
5689.98696,1.000054037459971
5690.228014,0.9972915744206556
5690.469068,0.9982770859234484
5690.710122,1.0015572111961255
5690.951176,0.9993301244668638
5691.19223,0.9975329481867131
5691.433284,0.9998355835178715
5691.674338,0.9980759533554217
5691.915392,0.9977049376920499
5692.156446,0.9981025025288833
5692.3975,1.0002003100593813
5692.638554,1.0029389101537411
5692.879608,0.999204316723957
5693.120662,1.0003998599226744
5693.361716,0.9976778004868123
5693.60277,0.9998317441566024
5693.843824,0.9988865203789955
5694.084878,1.000811248884517
5694.325932,0.9966815183719506
5694.566986,1.000060617837187
5694.80804,0.9981782613838375
5695.049094,1.0017223815981773
5695.290148,0.9976348015002462
5695.531202,0.9984375219418452
5695.772256,1.0003636561068558
5696.01331,0.999553619657363
5696.254364,0.9996695546091088
5696.495418,0.998026050805328
5696.736472,0.9983442722321251
5696.977526,0.9987679595857488
5697.21858,1.0008532037714384
5697.459634,1.001852113046524
5697.700688,0.9971144711642732
5697.941742,0.9998208560481944
5698.182796,0.9983459694188305
5698.42385,0.9984540961422749
5698.664904,0.9974878607164396
5698.905958,0.9987499819242758
5699.147012,0.9994116331556945
5699.388066,0.9954032973253792
5699.62912,0.9971970356606086
5699.870174,1.0018188521085056
5700.111228,1.000673526717325
5700.352282,1.0014655729038169
5700.593336,0.9999064893723913
5700.83439,0.9957702706097947
5701.075444,0.9978081057163022
5701.316498,0.9974118550373061
5701.557552,0.9981648858847509
5701.798606,0.9999039726109249
5702.03966,1.0002493710878015
5702.280714,0.9978384395437878
5702.521768,0.9983625420994757
5702.762822,0.998626244467209
5703.003876,0.996604577528687
5703.24493,0.9963983017314202
5703.485984,0.9970418838729819
5703.727038,0.9994750778198795
5703.968092,0.9991470539654456
5704.209146,0.9996256101013955
5704.4502,0.9997655774812535
5704.691254,1.0007028869093109
5704.932308,0.9950216333495999
5705.173362,0.9978760587620764
5705.414416,0.999127101198007
5705.65547,0.9964875830189972
5705.896524,0.997954295311916
5706.137578,0.9985455587264039
5706.378632,0.9953190897684553
5706.619686,0.9993327627018749
5706.86074,0.9983298961781127
5707.101794,0.9970196500868792
5707.342848,1.001517950922953
5707.583902,0.9997481417216225
5707.824956,0.9957915803215989
5708.06601,1.0003305046046158
5708.307064,0.9980840378033858
5708.548118,0.9993950230723816
5708.789172,1.0014795935199816
5709.030226,0.9955097116256063
5709.27128,0.9954231060480921
5709.512334,1.0007134143590555
5709.753388,0.9969912354317625
5709.994442,0.9973589936098294
5710.235496,0.997164826716534
5710.47655,0.9979442160244338
5710.717604,0.9972235614545486
5710.958658,0.9991053804109327
5711.199712,0.9964985444426981
5711.440766,0.9991534685101227
5711.68182,0.9999950111124445
5711.922874,0.9994013792449409
5712.163928,0.9951026314071308
5712.404982,0.9989773232906278
5712.646036,0.9990908335424954
5712.88709,0.9971407953337894
5713.128144,0.9999608227674478
5713.369198,0.9980308413418691
5713.610252,1.0011685822607832
5713.851306,0.9995539794967309
5714.09236,0.9975088081814623
5714.333414,0.9980334362254301
5714.574468,0.9975547943974935
5714.815522,1.000021880239369
5715.056576,0.9993080595013136
5715.29763,0.9983491641310441
5715.538684,0.9988210954546004
5715.779738,0.9971912519345746
5716.020792,0.9994048571677923
5716.261846,0.9993660810115965
5716.5029,0.9939898337435983
5716.743954,0.9952813678897873
5716.985008,0.9985618351516636
5717.226062,0.999139250657426
5717.467116,0.9981610928653913
5717.70817,0.9985518495832401
5717.949224,0.9997572294735345
5718.190278,1.0019220447646033
5718.431332,0.9984465079199795
5718.672386,0.997939725285566
5718.91344,0.9980199628649864
5719.154494,1.0019941857488708
5719.395548,1.0008089169970236
5719.636602,0.9988469652559852
5719.877656,0.9970679070057514
5720.11871,0.9959840854390952
5720.359764,0.999160882256364
5720.600818,1.0012763137960872
5720.841872,0.9979026026182712
5721.082926,0.9975154915128662
5721.32398,1.0005039469386134
5721.565034,0.998765462668971
5721.806088,0.9987300071243859
5722.047142,0.99714677819651
5722.288196,1.0000330825472155
5722.52925,0.9988967090734656
5722.770304,0.9978579973688689
5723.011358,1.0000481071571121
5723.252412,1.0008653542030852
5723.493466,0.9948608508452269
5723.73452,0.9979159746027384
5723.975574,0.997962378774446
5724.216628,0.9978596937289064
5724.457682,0.9999112529382534
5724.698736,0.9998438321954612
5724.93979,0.9990322485737445
5725.180844,0.9972312401055347
5725.421898,0.9939108146928646
5725.662952,0.998098310507176
5725.904006,0.9989722285192707
5726.14506,0.9986805712125821
5726.386114,0.9986565033008354
5726.627168,1.0028989939794541
5726.868222,0.996809799538081
5727.109276,0.9958245415684132
5727.35033,0.9983932921393205
5727.591384,0.9955037385852556
5727.832438,0.9999534100853438
5728.073492,1.0003218517831745
5728.314546,0.9994505410079096
5728.5556,0.9982136973411011
5728.796654,0.9982160930568497
5729.037708,0.9982619122270628
5729.278762,0.9966514190445979
5729.519816,0.9968529623368688
5729.76087,0.9972640495530465
5730.001924,0.9984162554491168
5730.242978,1.0049616685124207
5730.484032,0.9951109903043419
5730.725086,0.9997111317304752
5730.96614,0.9976860812469215
5731.207194,0.9986323361058798
5731.448248,0.9957808258306058
5731.689302,0.9988119063427922
5731.930356,0.9966418512369006
5732.17141,0.9974997308926096
5732.412464,0.998024952977276
5732.653518,0.9973242861207656
5732.894572,0.9968901456458285
5733.135626,0.997049461420094
5733.37668,0.9964329769956665
5733.617734,0.9981890417672744
5733.858788,0.9992719451606333
5734.099842,0.999322979282018
5734.340896,0.9960660583024639
5734.58195,0.9954833309677935
5734.823004,0.9987442890656034
5735.064058,0.9977185065714707
5735.305112,0.9935362802922483
5735.546166,0.9981594958089204
5735.78722,0.9954652133360408
5736.028274,0.9986211514863494
5736.269328,0.9973086282523881
5736.510382,1.0003751203400446
5736.751436,0.9987409932148876
5736.99249,0.9966778306571549
5737.233544,0.9979201658586333
5737.474598,0.995369852336468
5737.715652,0.9995055023043067
5737.956706,0.9973431357279015
5738.19776,0.9971718068947516
5738.438814,0.9966757376359082
5738.679868,0.9967043426400581
5738.920922,0.9966823157174842
5739.161976,1.0014326252284607
5739.40303,0.9965604289238014
5739.644084,0.9954425169879161
5739.885138,0.9953243649736104
5740.126192,0.9973021457673725
5740.367246,0.9971843713386743
5740.6083,0.9926886588509239
5740.849354,0.9990895646979425
5741.090408,0.9963607382235214
5741.331462,0.9948626415963701
5741.572516,0.9985082138208616
5741.81357,0.9975541958647964
5742.054624,0.9958206578602743
5742.295678,1.0023562716550618
5742.536732,0.9957926756929397
5742.777786,0.9959155640911784
5743.01884,0.9966841097472672
5743.259894,0.999781653840993
5743.500948,0.9966130487035985
5743.742002,0.998893512609111
5743.983056,0.9960755209749654
5744.22411,0.9974268163273411
5744.465164,0.9962999620721813
5744.706218,0.9977637042435379
5744.947272,0.9966532130187667
5745.188326,0.999024755859978
5745.42938,0.9967384305114757
5745.670434,0.9997851430850536
5745.911488,0.9992472034935743
5746.152542,0.9936043398584619
5746.393596,0.9973107226027065
5746.63465,0.9975846217317624
5746.875704,0.9936545181446158
5747.116758,0.9993298746343638
5747.357812,0.9972187747929416
5747.598866,0.9966937776300209
5747.83992,0.993213830752057
5748.080974,0.9978891310240693
5748.322028,0.9999830221441254
5748.563082,0.9938166957953133
5748.804136,0.9975745461779646
5749.04519,0.9990305901815884
5749.286244,0.9950205388264053
5749.527298,0.9992483326435522
5749.768352,0.9963299511523731
5750.009406,0.9920240778158896
5750.25046,0.9942537730808538
5750.491514,0.9948088209833205
5750.732568,0.9958446574273223
5750.973622,0.9945146995029597
5751.214676,0.9986094676872274
5751.45573,0.9966186297522981
5751.696784,0.9981204685356224
5751.937838,0.9923866296481094
5752.178892,0.9990345263698679
5752.419946,0.9998978752150909
5752.661,0.9934904793254472
5752.902054,1.0004459594103436
5753.143108,0.9962844199140021
5753.384162,0.9980267494238081
5753.625216,0.9963681113202647
5753.86627,0.9952506141706668
5754.107324,0.9977850566152783
5754.348378,0.9988977079706741
5754.589432,0.9955470439397688
5754.830486,0.99377445948327
5755.07154,0.9984156563995432
5755.312594,0.9967968410949171
5755.553648,0.9930370544237431
5755.794702,0.9975820280151177
5756.035756,0.9958124921643592
5756.27681,0.9978286607749963
5756.517864,0.9927854507136885
5756.758918,0.9936700192760073
5756.999972,0.9976395901587861
5757.241026,0.9979942142821026
5757.48208,0.9964174327624707
5757.723134,0.9937406717260426
5757.964188,0.9961489344461144
5758.205242,0.994520169348849
5758.446296,0.9929481815844912
5758.68735,1.0010764789880309
5758.928404,0.9980073878926767
5759.169458,0.9986704845897505
5759.410512,0.9987935283727933
5759.651566,1.004075883912953
5759.89262,0.9937209958555343
5760.133674,0.9997538802924257
5760.374728,0.9958492383232825
5760.615782,0.9945677085491217
5760.856836,0.9948169784490981
5761.09789,0.9942536736554815
5761.338944,0.9973117199139278
5761.579998,0.9937427585836445
5761.821052,0.9978438278859099
5762.062106,0.9995630055099181
5762.30316,0.9950465092013805
5762.544214,0.9956267904517935
5762.785268,1.000312038673942
5763.026322,0.998905099841063
5763.267376,0.9974943444086062
5763.50843,0.9931093501528379
5763.749484,0.9942369703340723
5763.990538,0.9944693506666237
5764.231592,0.9969421846696378
5764.472646,0.997093531980241
5764.7137,0.9942490006741969
5764.954754,0.9969599303984615
5765.195808,0.9960841868696945
5765.436862,0.9973483219256913
5765.677916,0.9910282881540156
5765.91897,0.9932283317798433
5766.160024,0.9973781430863411
5766.401078,0.9974149470188494
5766.642132,0.997286388517952
5766.883186,0.9981754664886184
5767.12424,0.996232116354937
5767.365294,0.9915212490862909
5767.606348,0.9943410723945141
5767.847402,0.9946952203026864
5768.088456,0.9964646640681568
5768.32951,0.9986779746464726
5768.570564,0.996608862937584
5768.811618,0.9976722135067732
5769.052672,0.9975082096763569
5769.293726,0.9958334044462729
5769.53478,0.9948129991891428
5769.775834,0.9984661775099304
5770.016888,0.9993291551171132
5770.257942,0.9990361448071116
5770.498996,0.9959882685810386
5770.74005,0.993885172124636
5770.981104,0.9983737238225647
5771.222158,0.994691440468031
5771.463212,0.998896209625236
5771.704266,0.997896315851678
5771.94532,0.9984837506692978
5772.186374,0.9989243788955322
5772.427428,0.9969285266552655
5772.668482,0.9970473676184235
5772.909536,0.9961018177158346
5773.15059,0.9953240663763457
5773.391644,0.9957395017838137
5773.632698,0.9946385242909809
5773.873752,0.9964425427981615
5774.114806,1.0008927882984264
5774.35586,0.999193335528858
5774.596914,0.9988900164879351
5774.837968,0.9942369703340723
5775.079022,0.9954180294031967
5775.320076,0.9980657730326172
5775.56113,0.9976290152351777
5775.802184,0.9942055529422072
5776.043238,0.9958406740566593
5776.284292,0.9926664228740095
5776.525346,0.995697084184539
5776.7664,0.9970876491457566
5777.007454,0.9960106785691931
5777.248508,0.9975339457201601
5777.489562,0.9977176086252189
5777.730616,0.9955781054920974
5777.97167,0.9957173966122423
5778.212724,0.9986790731928489
5778.453778,0.9934488529464423
5778.694832,0.9953978226222994
5778.935886,0.997307331752014
5779.17694,0.9952473298490592
5779.417994,0.9956680102541622
5779.659048,0.9969031053019595
5779.900102,0.99806387670945
5780.141156,0.9964384573921111
5780.38221,0.9989846158517056
5780.623264,0.9957106257569663
5780.864318,0.9935587344659141
5781.105372,0.9975147932522666
5781.346426,0.9963632291284806
5781.58748,0.9957789338488341
5781.828534,0.9966700566003946
5782.069588,0.9981115853029829
5782.310642,0.9992003398986903
5782.551696,0.993893322016462
5782.79275,0.9998966653393939
5783.033804,0.9940858577994252
5783.274858,0.9961881834873326
5783.515912,1.000591354781337
5783.756966,0.9971483736326315
5783.99802,0.9991800863130713
5784.239074,1.0031684088300317
5784.480128,0.9951668175968389
5784.721182,0.9964160377790413
5784.962236,0.9982447422698346
5785.20329,0.9967010535211545
5785.444344,0.9964627707870937
5785.685398,0.9963334383133046
5785.926452,0.9977005477999819
5786.167506,0.9979165733525028
5786.40856,0.9961644744907039
5786.649614,1.0022537358532673
5786.890668,0.9985576412007634
5787.131722,0.9974876612188874
5787.372776,0.9994089347479278
5787.61383,1.0011779932896883
5787.854884,0.9992720850587155
5788.095938,0.9993005447329618
5788.336992,0.9956013027322022
5788.578046,0.9981066945681972
5788.8191,0.9974404811683287
5789.060154,0.9952818655305956
5789.301208,0.9974716017968205
5789.542262,1.0014224106677776
5789.783316,0.998528683449058
5790.02437,1.0006729863537664
5790.265424,0.998341277203801
5790.506478,0.9997220286411991
5790.747532,0.9968283403727817
5790.988586,0.9987149264151379
5791.22964,1.0011671806257492
5791.470694,0.9966994588007446
5791.711748,0.9980995082258672
5791.952802,1.0036287680943428
5792.193856,0.9982369559912114
5792.43491,0.997084657887296
5792.675964,1.0001990698117658
5792.917018,0.9967020502227064
5793.158072,0.9975986877740942
5793.399126,1.0009127863361162
5793.64018,1.000502806364764
5793.881234,0.9952740028349156
5794.122288,1.0017055528035286
5794.363342,0.9944326554246155
5794.604396,1.000736971430095
5794.84545,0.9977215995036351
5795.086504,0.9976620373020941
5795.327558,0.9969581358722018
5795.568612,0.9954258932366911
5795.809666,0.9992085633513271
5796.05072,0.9981378359828713
5796.291774,0.9950829285700877
5796.532828,0.9975447191449502
5796.773882,0.9992741835322975
5797.014936,0.9969630209790361
5797.25599,0.9949924796428467
5797.497044,0.9984514003198547
5797.738098,0.9959199461293009
5797.979152,0.9986814700255007
5798.220206,0.9974371896201719
5798.46126,0.9974926486696621
5798.702314,0.998287468059129
5798.943368,0.9958929570644642
5799.184422,0.9993699285784149
5799.425476,0.9958138863028241
5799.66653,0.9937463360640149
5799.907584,0.9973388471616382
5800.148638,0.998132645679619
5800.389692,0.9991687756585127
5800.630746,0.997771786162274
5800.8718,0.9931695344030215
5801.112854,0.9972044149459758
5801.353908,0.9972327359535167
5801.594962,0.9956393354283863
5801.836016,0.9974779856355003
5802.07707,0.9958215540992696
5802.318124,0.9960128697950964
5802.559178,0.997032810833121
5802.800232,0.9977465428554133
5803.041286,0.9971936451964512
5803.28234,0.9932800803239669
5803.523394,0.996946870308917
5803.764448,0.9961828040856663
5804.005502,0.9927752250762083
5804.246556,0.9995009045895707
5804.48761,0.9960470336224366
5804.728664,1.0011487593191022
5804.969718,0.9986560039727086
5805.210772,0.997232636230248
5805.451826,0.9932943836601074
5805.69288,0.9980108809246472
5805.933934,0.9975664658568659
5806.174988,0.9960395632976982
5806.416042,0.9982499331559906
5806.657096,0.9985455587264039
5806.89815,0.9984473066775054
5807.139204,0.997711622337526
5807.380258,0.9973670722503961
5807.621312,0.9985653301242029
5807.862366,0.9952492208207824
5808.10342,0.9974100596975829
5808.344474,0.997436192183481
5808.585528,0.9960099813619622
5808.826582,0.9968076065589343
5809.067636,0.9984569916633522
5809.30869,0.9978040147114553
5809.549744,0.9965012349924004
5809.790798,0.9973507155645364
5810.031852,0.999242746860985
5810.272906,0.997723894265953
5810.51396,0.9967673363450932
5810.755014,0.9969619243203162
5810.996068,0.9972128912195269
5811.237122,0.9956992747205338
5811.478176,0.9986981481453121
5811.71923,0.9960359775617247
5811.960284,0.9976092623762299
5812.201338,0.9994347098367232
5812.442392,0.9958240436562669
5812.683446,0.9956882225199242
5812.9245,0.9975336464600213
5813.165554,1.0016963371548349
5813.406608,0.9933929233504543
5813.647662,0.9938148075453851
5813.888716,0.9956301755886358
5814.12977,0.9997142308397872
5814.370824,0.9956848371857226
5814.611878,0.9953933433421759
5814.852932,0.9970607281426649
5815.093986,0.9970436785499881
5815.33504,0.9964166356288433
5815.576094,0.9973108223337838
5815.817148,0.9994005597361459
5816.058202,0.999118598662554
5816.299256,1.0009936533467034
5816.54031,0.997404075255178
5816.781364,0.9944759141859977
5817.022418,0.9989864140256325
5817.263472,0.9994464432690918
5817.504526,0.9965932163012623
5817.74558,0.9985210946599011
5817.986634,0.99565267708487
5818.227688,0.997135510501579
5818.468742,0.9974270158127243
5818.709796,0.9954717834281301
5818.95085,0.9965578378700545
5819.191904,0.9956232062017996
5819.432958,0.9988297852359314
5819.674012,1.0002056511432977
5819.915066,0.9972488912546967
5820.15612,0.9985408655733069
5820.397174,0.9990197907192797
5820.638228,0.9963094269667792
5820.879282,0.9972299437057651
5821.120336,0.9946550354275262
5821.36139,0.996525250961555
5821.602444,0.9953961304474392
5821.843498,0.9980712624094646
5822.084552,0.9965680028118419
5822.325606,0.9993672802516133
5822.56666,0.9986895593781697
5822.807714,0.9984344267903247
5823.048768,0.996634575777942
5823.289822,0.9996799212361409
5823.530876,0.9953749287356597
5823.77193,0.9943965581743925
5824.012984,1.0028357130494683
5824.254038,0.9991671170397218
5824.495092,0.995712716751476
5824.736146,0.99929514852459
5824.9772,0.9962721656910007
5825.218254,0.9963450954827272
5825.459308,0.9957454762387478
5825.700362,0.9966279980114485
5825.941416,0.999267658293184
5826.18247,0.9970070877184312
5826.423524,0.9978219753453653
5826.664578,0.9987244142520061
5826.905632,0.9944390198139762
5827.146686,0.9930507584296516
5827.38774,0.9992017787482158
5827.628794,1.0005441980220438
5827.869848,0.9989854150397179
5828.110902,1.0002790389241198
5828.351956,0.9991189083893677
5828.59301,0.9986425222076571
5828.834064,0.9988559549191258
5829.075118,0.9992028878628058
5829.316172,0.9984414158557738
5829.557226,0.9982453412168596
5829.79828,1.0027117702151604
5830.039334,0.9957218773506088
5830.280388,0.9987005450237438
5830.521442,0.996903703444002
5830.762496,0.9955211600531183
5831.00355,0.999073749235313
5831.244604,0.997295164676786
5831.485658,0.9957091321921478
5831.726712,0.9988851219388459
5831.967766,0.9977149147913122
5832.20882,0.9983871021200983
5832.449874,0.9994655528677744
5832.690928,0.997246797034224
5832.931982,0.9974810778220486
5833.173036,1.0001822266012503
5833.41409,0.9996655859288548
5833.655144,0.9970474673231652
5833.896198,0.9999317803270678
5834.137252,0.9974600311933493
5834.378306,0.999489030589356
5834.61936,0.9983363853435276
5834.860414,0.9987370981326096
5835.101468,0.9982305672951369
5835.342522,0.9938603253059195
5835.583576,0.9979270515315333
5835.82463,1.0004459293969652
5836.065684,0.9971155679907947
5836.306738,0.9991135231529646
5836.547792,0.99992526579274
5836.788846,0.9995487918250393
5837.0299,0.996310722169876
5837.270954,1.0003068670740705
5837.512008,0.9974081646202698
5837.753062,0.9996965260575353
5837.994116,0.9986242472167174
5838.23517,0.99661743381066
5838.476224,0.9965405975685884
5838.717278,0.9983877011525393
5838.958332,0.9993224496409793
5839.199386,0.9962418794775165
5839.44044,0.9954325626125182
5839.681494,0.9987747512309656
5839.922548,1.0047427112211151
5840.163602,1.0008014609983655
5840.404656,0.9964000952499774
5840.64571,0.9986712835264577
5840.886764,1.0013037491429477
5841.127818,0.9985128069692095
5841.368872,0.9986081694957631
5841.609926,0.996318891951294
5841.85098,0.9961511259761809
5842.092034,0.9967109209104279
5842.333088,1.0001008750875495
5842.574142,0.9991702444376925
5842.815196,1.0003287340211895
5843.05625,1.0013444029004286
5843.297304,0.9974825740447875
5843.538358,0.9983517598422453
5843.779412,0.9962335110808763
5844.020466,0.9977957329725025
5844.26152,0.9978615896641256
5844.502574,1.0020423828283356
5844.743628,0.9971920496878952
5844.984682,0.9959104849347534
5845.225736,0.9992453948577728
5845.46679,0.9989370653157028
5845.707844,0.9930901833273403
5845.948898,0.9974876612188874
5846.189952,0.9988517597329251
5846.431006,0.994560647143459
5846.67206,0.9984166548156989
5846.913114,0.9996732933802345
5847.154168,0.9983869024426979
5847.395222,0.998140930214959
5847.636276,0.9941632006877613
5847.87733,1.0008869030661338
5848.118384,1.0012716078084714
5848.359438,1.0003876251072035
5848.600492,0.9984445110289606
5848.841546,0.9985806082906314
5849.0826,1.0013981765386737
5849.323654,0.9971695134022333
5849.564708,0.9970631210912839
5849.805762,0.9952873395959096
5850.046816,0.9973339602132603
5850.28787,0.996923641717453
5850.528924,0.998547156400576
5850.769978,0.9980499039129858
5851.011032,0.997329372487595
5851.252086,0.9950273049890742
5851.49314,0.9977472412782378
5851.734194,0.9973773451841458
5851.975248,0.9998941456029721
5852.216302,0.9962788407368723
5852.457356,0.9958389811289524
5852.69841,0.9990123780199337
5852.939464,0.9991947044246654
5853.180518,0.9967027479143857
5853.421572,1.0016911283474246
5853.662626,0.9989108935074438
5853.90368,0.9974128524496599
5854.144734,0.9993846793874215
5854.385788,0.9955427630966837
5854.626842,0.9983680331085575
5854.867896,0.9998667988720581
5855.10895,0.9981200692875148
5855.350004,1.0012461758326205
5855.591058,0.9993032728271728
5855.832112,1.0017975135942117
5856.073166,1.0002477006727466
5856.31422,0.9990633789036181
5856.555274,1.0022651616109828
5856.796328,0.9970159611209984
5857.037382,0.9958250394808084
5857.278436,0.9960676520094321
5857.51949,1.0022075330210278
5857.760544,0.9997399838100705
5858.001598,0.9974800803414695
5858.242652,0.9984625830381614
5858.483706,0.9993149147781154
5858.72476,0.9951715944090278
5858.965814,0.9984133600461743
5859.206868,0.9971219495508509
5859.447922,0.9980187652417495
5859.688976,1.0002458602186706
5859.93003,0.9969797700984808
5860.171084,0.9975592834041686
5860.412138,0.9998696584951922
5860.653192,0.9947396841727941
5860.894246,0.9981029017699642
5861.1353,1.0027614056762535
5861.376354,0.9979450143801261
5861.617408,1.0012207445027337
5861.858462,1.0032974245829422
5862.099516,0.9982051127402178
5862.34057,1.001671595560867
5862.581624,1.0010368371443765
5862.822678,0.998786836478571
5863.063732,1.0015913648793444
5863.304786,0.9987942275285079
5863.54584,0.9997769748738018
5863.786894,1.0003608250817149
5864.027948,0.9987800447511749
5864.269002,0.996053308738515
5864.510056,0.9982575198843122
5864.75111,0.9978682753591734
5864.992164,1.0003494910577742
5865.233218,0.9985218934770964
5865.474272,1.0003525321248492
5865.715326,1.000527399025987
5865.95638,1.0002755079453447
5866.197434,0.9952272260560453
5866.438488,1.0046255650507412
5866.679542,0.9981631890058873
5866.920596,1.001421208961606
5867.16165,0.998916587315764
5867.402704,0.9962041226257812
5867.643758,0.9975674634238305
5867.884812,0.9974151465018587
5868.125866,0.9954459014982275
5868.36692,1.000483256730928
5868.607974,0.9988316830143261
5868.849028,0.9959048082611678
5869.090082,0.9982563219760071
5869.331136,0.9960892669120016
5869.57219,0.9970468690948643
5869.813244,0.9975319506542637
5870.054298,1.0003967586879154
5870.295352,1.0014494494378874
5870.536406,0.9986796724004725
5870.77746,0.9971326188127915
5871.018514,0.9978222746920028
5871.259568,1.000139529733368
5871.500622,0.9997694065907481
5871.741676,1.0009638441995672
5871.98273,0.996334036113547
5872.223784,0.994192628354029
5872.464838,0.9966570999738771
5872.705892,1.0003143293911332
5872.946946,0.9974871624751814
5873.188,0.9995192955754117
5873.429054,0.9937317281002436
5873.670108,1.0012010206483475
5873.911162,0.9990576642774346
5874.152216,0.9957790334267325
5874.39327,0.9990983667157803
5874.634324,0.9989104939431662
5874.875378,0.9997131111604757
5875.116432,0.9946150510987924
5875.357486,0.9974355937219452
5875.59854,0.9985575413450042
5875.839594,0.996561724453201
5876.080648,0.9945670123519694
5876.321702,0.9962637970399574
5876.562756,0.9933847775618805
5876.80381,0.9991167103301871
5877.044864,0.9971155679907947
5877.285918,0.9987539769321935
5877.526972,0.9994517903218667
5877.768026,0.9976011817739312
5878.00908,0.9994136819516425
5878.250134,0.9990852886037564
5878.491188,0.9963236742934529
5878.732242,1.0002570330273293
5878.973296,0.9986726816672333
5879.21435,1.0004677293512765
5879.455404,0.9925316279265674
5879.696458,0.9941359609892481
5879.937512,0.9954074780280074
5880.178566,0.9988741342629369
5880.41962,0.9964329769956665
5880.660674,0.994811009565134
5880.901728,0.9971887589595609
5881.142782,0.9937992047753887
5881.383836,0.9974364914143836
5881.62489,0.9963262647383737
5881.865944,0.9944946105089293
5882.106998,0.9935819840123192
5882.348052,0.9941524637831732
5882.589106,0.9966461368060748
5882.83016,0.9961189508144436
5883.071214,0.9965777692261248
5883.312268,0.9962759515324235
5883.553322,0.9969062953970005
5883.794376,0.9947055651867709
5884.03543,0.9951501984497554
5884.276484,0.9913782820303452
5884.517538,1.0001335389155273
5884.758592,0.9961021165464248
5884.999646,0.995981595481994
5885.2407,0.9956680102541622
5885.481754,0.9948567719241003
5885.722808,0.9990765965995558
5885.963862,0.9971902547438213
5886.204916,0.9956417249656588
5886.44597,0.9957535418097708
5886.687024,0.9970555434403587
5886.928078,0.9943974531316977
5887.169132,0.9989073973254348
5887.410186,0.9961504286706367
5887.65124,0.9948161825958336
5887.892294,0.993118387489044
5888.133348,0.996079505285018
5888.374402,0.9951340771471233
5888.615456,0.9932812722607784
5888.85651,0.9926137136863963
5889.097564,0.9955214587095111
5889.338618,0.994137153953117
5889.579672,0.991624174333674
5889.820726,0.9935838718198823
5890.06178,0.9953102314679759
5890.302834,0.9958929570644642
5890.543888,0.9947618671150901
5890.784942,0.9943202908832686
5891.025996,0.9906029310193527
5891.26705,0.9949735749653285
5891.508104,0.9935775129034512
5891.749158,0.9958023349287412
5891.990212,0.9921438223485193
5892.231266,0.9975120999659607
5892.47232,0.9977020443519259
5892.713374,0.9939717432932478
5892.954428,0.9921123718878432
5893.195482,0.9930542341133886
5893.436536,0.992397248241856
5893.67759,0.9945493092167079
5893.918644,0.9937708819016555
5894.159698,0.9930617813542473
5894.400752,0.9933362022339342
5894.641806,0.9939687613824908
5894.88286,0.9979823382216153
5895.123914,0.9939496773654793
5895.364968,0.9926030927764818
5895.606022,0.9916111841420762
5895.847076,0.9912053016131113
5896.08813,0.9936715097821541
5896.329184,0.9934265005987157
5896.570238,0.9959480314677831
5896.811292,0.9961865895875142
5897.052346,0.9919270626052005
5897.2934,0.9931143157120025
5897.534454,0.992681015177679
5897.775508,0.9926426984300111
5898.016562,0.9948594580410107
5898.257616,0.9931210689123101
5898.49867,0.9952612634092118
5898.739724,0.9922065278195636
5898.980778,0.9952527041991511
5899.221832,0.9916467836225937
5899.462886,0.9966164371937245
5899.70394,0.9924993711728348
5899.944994,0.9923442556437149
5900.186048,0.9938698664108396
5900.427102,0.991311861910548
5900.668156,0.9927633118449869
5900.90921,0.9910699122162172
5901.150264,0.9912856916228429
5901.391318,0.9905846050346447
5901.632372,0.99315433902539
5901.873426,0.9924840868002087
5902.11448,0.9913559762699402
5902.355534,0.9912913419673886
5902.596588,0.9930395370194824
5902.837642,0.9914763341910374
5903.078696,0.995679460502119
5903.31975,0.9924705891084128
5903.560804,0.9957738553892215
5903.801858,0.9937481248090296
5904.042912,0.9914683032652557
5904.283966,0.9919052404498677
5904.52502,0.9952998802953948
5904.766074,0.9963946150645241
5905.007128,0.9928788762202019
5905.248182,0.9932697502648479
5905.489236,0.9911827023898666
5905.73029,0.9977420530060725
5905.971344,0.9889485212782846
5906.212398,0.9918830220213289
5906.453452,0.9956959889183488
5906.694506,0.9955699417851036
5906.93556,0.9923813700129104
5907.176614,0.9961369807306235
5907.417668,0.9931172950594186
5907.658722,0.9891314936791463
5907.899776,0.9930892895465775
5908.14083,0.9929198829645732
5908.381884,0.9895321730661855
5908.622938,0.9944442903547481
5908.863992,0.9931216647851303
5909.105046,0.9913301022166174
5909.3461,0.9952480265224339
5909.587154,0.9921356868025317
5909.828208,0.9934705103675014
5910.069262,0.9936487549651237
5910.310316,0.995097556396652
5910.55137,0.9912311724090958
5910.792424,0.9942393565056645
5911.033478,0.9968283403727817
5911.274532,0.9921094947661366
5911.515586,0.9962377948941841
5911.75664,0.9972694347934543
5911.997694,0.9979993040655744
5912.238748,0.9979574887707706
5912.479802,0.9943632464476683
5912.720856,0.9926055742873157
5912.96191,0.994690147369999
5913.202964,0.9969493626792083
5913.444018,0.9887655827241861
5913.685072,0.9938582382014278
5913.926126,0.9933951088172897
5914.16718,0.9991762294853819
5914.408234,0.9953052549292599
5914.649288,0.9976568494729885
5914.890342,0.9936234172449294
5915.131396,0.994693031975609
5915.37245,0.9981703758067206
5915.613504,0.9998429323364173
5915.854558,0.9947766891773342
5916.095612,1.0004589352785855
5916.336666,0.9946287768812052
5916.57772,0.9961492332908396
5916.818774,0.9962280318116333
5917.059828,0.9957475673064434
5917.300882,0.9924934161944727
5917.541936,0.9933945127804031
5917.78299,0.9961012200549233
5918.024044,0.9978082054971178
5918.265098,0.9974500566429102
5918.506152,0.9933834861625092
5918.747206,0.9948516981675015
5918.98826,0.9954069803243928
5919.229314,0.9964850918031537
5919.470368,0.9961697541764098
5919.711422,0.9910275944344566
5919.952476,0.993625603218852
5920.19353,0.9985741175377726
5920.434584,0.9910539561190774
5920.675638,0.9920710016645107
5920.916692,0.9971785876860931
5921.157746,0.9954934849495546
5921.3988,1.0009085524839847
5921.639854,0.9965346183429407
5921.880908,0.9928690467679832
5922.121962,0.9951504969948597
5922.363016,0.9948383672440635
5922.60407,0.9935539653954345
5922.845124,0.9970320132071915
5923.086178,0.9967098245290179
5923.327232,0.9957986504669182
5923.568286,0.9945204677049445
5923.80934,0.9987006448938034
5924.050394,0.9964988433923063
5924.291448,0.9992961977850469
5924.532502,0.9976647309932314
5924.773556,0.9964501157902641
5925.01461,0.992350904372501
5925.255664,0.994823544262823
5925.496718,0.9960798041089144
5925.737772,0.9976859814783183
5925.978826,0.9946674686931768
5926.21988,0.9940806885664046
5926.460934,0.9981046983568044
5926.701988,0.9973257821083168
5926.943042,0.9937115555509152
5927.184096,0.999231315589348
5927.42515,0.9954082743543083
5927.666204,0.9955191690127893
5927.907258,0.9982114014522375
5928.148312,0.9910869587653073
5928.389366,0.9965746798398287
5928.63042,0.9952834579828544
5928.871474,0.9946042098538204
5929.112528,0.9935173039305195
5929.353582,0.9973905106519941
5929.594636,0.9955434599768617
5929.83569,0.9979373302330993
5930.076744,0.988892152819088
5930.317798,0.9946009276653434
5930.558852,0.9978130947693034
5930.799906,0.9924641380705495
5931.04096,0.9930417217088671
5931.282014,0.9928582245543546
5931.523068,0.9952915198115144
5931.764122,0.9929023084381797
5932.005176,0.9947621655436949
5932.24623,0.9961055032993785
5932.487284,0.9953316308679951
5932.728338,0.9940711454376014
5932.969392,0.9913375372202653
5933.210446,0.9938255408032661
5933.4515,0.9903164900730592
5933.692554,0.99505705675028
5933.933608,0.995013076200349
5934.174662,0.9901052780922851
5934.415716,0.9922218079177485
5934.65677,0.9953827922286576
5934.897824,0.993951864057175
5935.138878,0.9964599806952416
5935.379932,0.9939037579511317
5935.620986,0.9966202243433814
5935.86204,0.9966012887390077
5936.103094,0.9922978150192698
5936.344148,0.9949731769759781
5936.585202,0.9918319413610331
5936.826256,0.9991925561583602
5937.06731,0.9919093072696905
5937.308364,0.9979480082196599
5937.549418,0.9954150431535879
5937.790472,0.9893511052467251
5938.031526,0.9937538885648685
5938.27258,0.9964952560029274
5938.513634,0.9956014022923374
5938.754688,0.9986207520379687
5938.995742,0.9933171303619419
5939.236796,0.9947191927463626
5939.47785,0.994402822892443
5939.718904,0.9929163084594287
5939.959958,0.9963527673694992
5940.201012,0.9952050327363606
5940.442066,0.9938049688274921
5940.68312,0.994097091033086
5940.924174,0.9941386451599663
5941.165228,0.9945088318835421
5941.406282,0.999937353962345
5941.647336,0.9940263138399024
5941.88839,0.9964911703807534
5942.129444,0.9902188496808884
5942.370498,0.9959707393417694
5942.611552,0.9960441450902274
5942.852606,0.995258377155733
5943.09366,0.9957368132907883
5943.334714,0.9941483877664276
5943.575768,0.9961436548707527
5943.816822,0.9927019609680765
5944.057876,0.9955534154612388
5944.29893,0.9956035926178318
5944.539984,0.9950086981524454
5944.781038,0.9917960376946162
5945.022092,0.9904663362935879
5945.263146,0.9944389203700792
5945.5042,0.9951488052404528
5945.745254,0.993936358529039
5945.986308,0.9912876741962087
5946.227362,0.9944442903547481
5946.468416,0.994172744700299
5946.70947,0.9932295236545565
5946.950524,0.9914606689887127
5947.191578,0.9953683592828093
5947.432632,0.9931916823305871
5947.673686,0.9952587752591635
5947.91474,0.9956034930574775
5948.155794,0.9945506021316503
5948.396848,0.9934118973364912
5948.637902,0.9941214467101721
5948.878956,0.9906404755819033
5949.12001,0.9920752675789896
5949.361064,0.9926844895673123
5949.602118,0.9941756278054392
5949.843172,0.9950687984928258
5950.084226,0.9973513139751452
5950.32528,0.989459939854096
5950.566334,0.9907481640543615
5950.807388,0.9961144682892505
5951.048442,0.992939940148786
5951.289496,0.9912137268939823
5951.53055,0.9912640818303131
5951.771604,0.9974516525642775
5952.012658,0.996167164138416
5952.253712,0.9898597624285189
5952.494766,0.9946097796529909
5952.73582,0.9938663878723947
5952.976874,0.9921607881529386
5953.217928,0.9884353901647832
5953.458982,0.9940295941321505
5953.700036,0.9927459386390457
5953.94109,0.992844920343284
5954.182144,0.9927115902237997
5954.423198,0.9923292713585863
5954.664252,0.9915346347135064
5954.905306,0.9901198327468496
5955.14636,0.9934222288739474
5955.387414,0.9929888932945204
5955.628468,0.9955997097713921
5955.869522,0.9969164638930729
5956.110576,0.992955926610513
5956.35163,0.9901126048984522
5956.592684,0.992984325556117
5956.833738,0.9920372718238646
5957.074792,0.9977394588801072
5957.315846,0.9916266533972087
5957.5569,0.9929679414499146
5957.797954,0.9883513767272409
5958.039008,0.9933013367451287
5958.280062,0.9920413391850171
5958.521116,0.9936169587137076
5958.76217,0.9960648630239112
5959.003224,0.98970832547009
5959.244278,0.9899676630230991
5959.485332,0.987816823242187
5959.726386,0.989358030728701
5959.96744,0.9919737834701169
5960.208494,0.99350707075499
5960.449548,0.9894866556331334
5960.690602,0.9914320161894138
5960.931656,0.9900670607661499
5961.17271,0.9936203370171104
5961.413764,0.9911003385295638
5961.654818,0.9918083360417331
5961.895872,0.9913015523207941
5962.136926,0.9933368975695192
5962.37798,0.9918751861764066
5962.619034,0.9919597967383766
5962.860088,0.9941939208052859
5963.101142,0.9924569923544799
5963.342196,0.9912739945206948
5963.58325,0.9903314439649609
5963.824304,0.9894609293145306
5964.065358,0.9908932202034301
5964.306412,0.99554455507527
5964.547466,0.9892412933687147
5964.78852,0.9914233907683936
5965.029574,0.9953211799407385
5965.270628,0.9917907811895461
5965.511682,0.9916626500980632
5965.752736,0.9926584815743918
5965.99379,0.9897983930257195
5966.234844,0.9923190504197292
5966.475898,0.986327331759879
5966.716952,0.9927509023811482
5966.958006,0.9910292791827993
5967.19906,0.990508432007408
5967.440114,0.9932805769641312
5967.681168,0.9920845931303348
5967.922222,0.9890602787753687
5968.163276,0.9948676159220139
5968.40433,0.9908689436169246
5968.645384,0.9915246202642688
5968.886438,0.9877131079208962
5969.127492,0.9872795970291219
5969.368546,0.9907229002982924
5969.6096,0.9881260583006238
5969.850654,0.9882624291060385
5970.091708,0.9866055152894694
5970.332762,0.99100698127487
5970.573816,0.9891423741854194
5970.81487,0.9902137005562578
5971.055924,0.9894322353636447
5971.296978,0.9924664207406921
5971.538032,0.9882861476889588
5971.779086,0.9913375372202653
5972.02014,0.9920786406406334
5972.261194,0.9927935915877619
5972.502248,0.9915933353014017
5972.743302,0.9903464971173128
5972.984356,0.9883009720923569
5973.22541,0.989688531501521
5973.466464,0.9914266624709814
5973.707518,0.9876479210069653
5973.948572,0.9922854113741051
5974.189626,0.9932568378420253
5974.43068,0.988028238663004
5974.671734,0.9879254890692546
5974.912788,0.9922450261797064
5975.153842,0.992555151204899
5975.394896,0.9895737342902338
5975.63595,0.9853405120864335
5975.877004,0.9906526605346903
5976.118058,0.9867574642385928
5976.359112,0.990119337687057
5976.600166,0.9908450639631343
5976.84122,0.9926036883385161
5977.082274,0.9871917330549912
5977.323328,0.9909695219189641
5977.564382,0.9898350162437868
5977.805436,0.9932303182384933
5978.04649,0.987922525297233
5978.287544,0.993883681297996
5978.528598,0.9864082139172065
5978.769652,0.9938172920855096
5979.010706,0.9912363268245937
5979.25176,0.9912921350007794
5979.492814,0.9861310721493377
5979.733868,0.9888100781765489
5979.974922,0.9897409863837326
5980.215976,0.991832338093889
5980.45703,0.9887181231152551
5980.698084,0.9882031351391288
5980.939138,0.9913989029130679
5981.180192,0.9914410382618115
5981.421246,0.9958940525473196
5981.6623,0.9926147063006062
5981.903354,0.9917883017156925
5982.144408,0.9950274044918097
5982.385462,0.9944930193188254
5982.626516,0.99224016419099
5982.86757,0.9912224496131589
5983.108624,0.9917252259855329
5983.349678,0.9917686645017276
5983.590732,0.9875995274444879
5983.831786,0.9891057765946342
5984.07284,0.9894876451202838
5984.313894,0.9956246996377289
5984.554948,0.9913832389341476
5984.796002,0.9929622815487791
5985.037056,0.98962717271471
5985.27811,0.9925387741800149
5985.519164,0.9920587992662351
5985.760218,0.9886835185865288
5986.001272,0.9896370690359186
5986.242326,0.9915461365819798
5986.48338,0.9900836940324899
5986.724434,0.9939080317464796
5986.965488,0.9919367835380465
5987.206542,0.992119614334593
5987.447596,0.9914541253698913
5987.68865,0.9882485935288803
5987.929704,0.9901634979942853
5988.170758,0.9906338383129518
5988.411812,0.9930054763475066
5988.652866,0.994061105369735
5988.89392,0.9884462630138756
5989.134974,0.9932935890249183
5989.376028,0.9934215334786306
5989.617082,0.9881576788404154
5989.858136,0.9926976923588219
5990.09919,0.9883474233296408
5990.340244,0.9970821651787672
5990.581298,0.9948988552556088
5990.822352,0.9929604942182809
5991.063406,0.9928017325285908
5991.30446,0.9870012234352812
5991.545514,0.9909759632417908
5991.786568,0.9917549781885933
5992.027622,0.9904195873857978
5992.268676,0.9903523401788829
5992.50973,0.9891690813900681
5992.750784,0.9892719603241446
5992.991838,0.9904442491405613
5993.232892,0.9913755061750417
5993.473946,0.991389782085117
5993.715,0.9894371825371895
5993.956054,0.9912435628761911
5994.197108,0.9928090792885945
5994.438162,0.9930338767102533
5994.679216,0.9919587055832003
5994.92027,0.9918359086967332
5995.161324,0.990563505807265
5995.402378,0.9951319873677557
5995.643432,0.9898815395828402
5995.884486,0.9911919204318627
5996.12554,0.988575757956064
5996.366594,0.9917879050004511
5996.607648,0.9950623305666564
5996.848702,0.9900339930785538
5997.089756,0.9916029538034038
5997.33081,0.9947464484256449
5997.571864,0.9926117284609541
5997.812918,0.9906934762651026
5998.053972,0.9915188694381487
5998.295026,0.9957944681213691
5998.53608,0.9947873333448546
5998.777134,0.9939080317464796
5999.018188,0.9888773195480456
5999.259242,0.9933437516177588
5999.500296,0.9896143076450878
5999.74135,0.9913451705486902
5999.982404,0.9904105746085607
6000.223458,0.9914897192118977
6000.464512,0.9985255880149372
6000.705566,0.995329441140816
6000.94662,0.994240748441738
6001.187674,0.9913092845030577
6001.428728,0.9899765727721602
6001.669782,0.9925696426158936
6001.910836,0.991197471122159
6002.15189,0.9956316690350192
6002.392944,0.9935962916959041
6002.633998,0.9968618343677141
6002.875052,0.992981743800227
6003.116106,0.9903628379693269
6003.35716,0.9881082721916499
6003.598214,0.9905771756779671
6003.839268,0.9942732606457837
6004.080322,0.9983686321295571
6004.321376,0.9915866916483115
6004.56243,0.9963971060541755
6004.803484,0.9889920359705371
6005.044538,0.9907979008605804
6005.285592,0.9949912856525875
6005.526646,0.99538975993259
6005.7677,0.9948267277032581
6006.008754,0.99100162985162
6006.249808,0.9956559627441257
6006.490862,0.9895262358909586
6006.731916,0.993843131671017
6006.97297,0.9943770681928548
6007.214024,0.9930378488537045
6007.455078,0.9950931779770363
6007.696132,0.9941650895996371
6007.937186,0.996217471850464
6008.17824,0.9936479600464377
6008.419294,0.9886370515531391
6008.660348,0.9908576477753537
6008.901402,0.9941717505280515
6009.142456,0.9934629600203141
6009.38351,0.9942391576578131
6009.624564,0.9986929549284441
6009.865618,0.9917477384036777
6010.106672,0.9917012265254587
6010.347726,0.9933836848392262
6010.58878,0.9934662384534915
6010.829834,0.9960530099225672
6011.070888,0.9928714296565548
6011.311942,0.9938981921056715
6011.552996,0.9962885046884975
6011.79405,0.9952032413689139
6012.035104,0.9943741845035384
6012.276158,0.9938051675885058
6012.517212,0.9850932226540218
6012.758266,0.9949114905513045
6012.99932,0.991559919169067
6013.240374,0.9950545691107476
6013.481428,0.9970736900163827
6013.722482,0.9898033420300572
6013.963536,0.9978199797034103
6014.20459,0.9926177834109653
6014.445644,0.992378392873266
6014.686698,0.9914460946240004
6014.927752,0.993674490801155
6015.168806,0.9970024017961309
6015.40986,0.9939473912838505
6015.650914,0.9931306029203348
6015.891968,0.9941054414837225
6016.133022,0.9913575624407712
6016.374076,0.9894183834093135
6016.61513,0.9938544615472983
6016.856184,0.9955582936849262
6017.097238,0.9943931772318424
6017.338292,0.9966847077579124
6017.579346,0.9919141676372041
6017.8204,0.9904104755675083
6018.061454,0.9949737739600634
6018.302508,0.9922337146508838
6018.543562,0.9960271128809722
6018.784616,0.9929479829948746
6019.02567,0.9959273159641706
6019.266724,0.9966667675946347
6019.507778,0.9952905245204923
6019.748832,0.996467952406974
6019.989886,0.9900581502027006
6020.23094,0.9976602415120432
6020.471994,0.9968915412930093
6020.713048,0.992966253405849
6020.954102,0.9955079197097381
6021.195156,0.9946808967946437
6021.43621,0.9972397166071006
6021.677264,0.9980648747738257
6021.918318,0.9912487173561197
6022.159372,0.993679260450158
6022.400426,0.9943417684335084
6022.64148,0.9964708421682261
6022.882534,0.9987261120849534
6023.123588,0.9925187250992729
6023.364642,0.9914714759689025
6023.605696,0.995466905628342
6023.84675,0.9925300398772331
6024.087804,0.9926948135396884
6024.328858,0.9971337156592754
6024.569912,0.996111081505816
6024.810966,0.9966554056582473
6025.05202,0.9956277860790818
6025.293074,1.0006931100898655
6025.534128,0.9954516751011996
6025.775182,0.9920395535122137
6026.016236,0.9888980861898051
6026.25729,0.9922182359256696
6026.498344,0.9980066892877497
6026.739398,0.9982406494747815
6026.980452,0.9983056370563852
6027.221506,1.0020756511876974
6027.46256,0.9927731402504247
6027.703614,0.9905184361930923
6027.944668,0.9957021622526173
6028.185722,0.9983621427545387
6028.426776,0.9956224097035532
6028.66783,0.9943246659021735
6028.908884,0.9963942165067577
6029.149938,0.9954755662280944
6029.390992,0.9968011273305492
6029.632046,0.991986381617165
6029.8731,0.9993175929456758
6030.114154,0.9899379644386895
6030.355208,0.9924276160622776
6030.596262,0.9937302375037693
6030.837316,0.9958838944797898
6031.07837,0.9959822926693549
6031.319424,0.9976950604620591
6031.560478,0.9952685288429535
6031.801532,0.9988626472764431
6032.042586,0.992797165651125
6032.28364,0.997176892483935
6032.524694,0.990161715701593
6032.765748,0.9952935103965447
6033.006802,0.9989538475993709
6033.247856,0.995663728890923
6033.48891,0.9936021539313187
6033.729964,0.9958092059885573
6033.971018,0.9983391806893201
6034.212072,0.9950251159314112
6034.453126,0.9966132480262281
6034.69418,1.0016637825528925
6034.935234,0.9932226703944871
6035.176288,0.9923568584957896
6035.417342,0.991395036464886
6035.658396,0.9972446030936839
6035.89945,0.9953989175605065
6036.140504,0.9974803795855385
6036.381558,0.990546666370802
6036.622612,0.9942461173562757
6036.863666,0.9978040147114553
6037.10472,0.9926116291997863
6037.345774,1.0012583911104787
6037.586828,0.9971347127934896
6037.827882,0.9979157750195634
6038.068936,0.9970650155130137
6038.30999,1.0009021066536623
6038.551044,0.9947966843897378
6038.792098,0.9973800381066132
6039.033152,0.9976435807251279
6039.274206,0.9979155754364284
6039.51526,0.9964552973443382
6039.756314,0.9986123636588828
6039.997368,0.998918285475406
6040.238422,1.0017359049416112
6040.479476,0.9972306417669701
6040.72053,0.9878257136336028
6040.961584,0.9916079118305678
6041.202638,1.0002736674401034
6041.443692,0.9935008116801604
6041.684746,0.9970788748130512
6041.9258,0.9931237503428162
6042.166854,0.9991150218243734
6042.407908,0.9971084884953942
6042.648962,1.0006976932748053
6042.890016,0.9948595575269614
6043.13107,0.9992946888489274
6043.372124,0.9952790787452737
6043.613178,0.9953141131854479
6043.854232,0.9969192552630797
6044.095286,0.9988352788148575
6044.33634,1.0039710638623744
6044.577394,0.9988849221618415
6044.818448,0.994326157390291
6045.059502,0.9989721286220529
6045.300556,0.9974564403437005
6045.54161,0.9972716287886242
6045.782664,0.9964561941545094
6046.023718,0.9988949110610076
6046.264772,0.9953460632812775
6046.505826,0.993542539590531
6046.74688,0.9949207432711917
6046.987934,0.9966583956289492
6047.228988,0.9936765775197767
6047.470042,0.9971300262713528
6047.711096,0.9945210644174042
6047.95215,0.9937107605819887
6048.193204,0.9955959264996832
6048.434258,0.9999050405089379
6048.675312,0.9967164028355682
6048.916366,0.9982672030292182
6049.15742,0.9978935217459054
6049.398474,0.9945881968549466
6049.639528,0.9986306384323514
6049.880582,0.9924868657595424
6050.121636,0.9951086020408312
6050.36269,1.0001526716531308
6050.603744,1.0016556691091134
6050.844798,0.9981921361581002
6051.085852,0.9951970711279452
6051.326906,0.999911496916629
6051.56796,0.9983690314770898
6051.809014,0.9981647860682674
6052.050068,0.9990312495419954
6052.291122,0.9990851587226773
6052.532176,0.9969904378390931
6052.77323,0.9933649100650049
6053.014284,1.0001747752714183
6053.255338,1.0002354577158175
6053.496392,0.9980767518165038
6053.737446,0.9989896107872722
6053.9785,0.999799930016669
6054.219554,0.9955525194635682
6054.460608,0.9980796462432809
6054.701662,0.9989272757804315
6054.942716,0.9963585462323086
6055.18377,0.9978090037440015
6055.424824,1.00049073036877
6055.665878,0.9967445106344462
6055.906932,1.0001218674252315
6056.147986,0.9987979230739865
6056.38904,1.0006219033017192
6056.630094,0.9988835237239294
6056.871148,0.997559782183935
6057.112202,1.0006772492297684
6057.353256,0.9968070084745498
6057.59431,1.000481495881946
6057.835364,0.9972125920557044
6058.076418,1.0024471894919627
6058.317472,0.9978550037993672
6058.558526,0.9970202482988487
6058.79958,0.998402577240113
6059.040634,1.0006324499121606
6059.281688,0.9993515503344168
6059.522742,1.00111852508311
6059.763796,0.9970160608225995
6060.00485,0.9979491059630727
6060.245904,0.9947900192742806
6060.486958,1.0021745609355852
6060.728012,0.9972363259978282
6060.969066,0.9951486062107117
6061.21012,1.0019795567405507
6061.451174,0.9980215596982044
6061.692228,0.9984416155440771
6061.933282,0.9975888115959725
6062.174336,0.9987148265436503
6062.41539,1.0032634133767422
6062.656444,0.9917614246169023
6062.897498,0.9998275048789944
6063.138552,0.9992066948330608
6063.379606,1.0030640847404602
6063.62066,0.9974289109258547
6063.861714,0.9984294346306711
6064.102768,0.9941580310525588
6064.343822,1.0000290824228855
6064.584876,0.9935089584202177
6064.82593,0.9959724324934655
6065.066984,1.0014792930761487
6065.308038,0.9980377277784326
6065.549092,0.9993916751046621
6065.790146,1.002186386665176
6066.0312,0.9962863128561983
6066.272254,1.0017576428466037
6066.513308,0.9949852162242568
6066.754362,1.0014679764240761
6066.995416,0.9966385623242182
6067.23647,0.9979016047161675
6067.477524,0.9982786831680638
6067.718578,0.9955837803034718
6067.959632,0.9978778549405988
6068.200686,1.0047962654348304
6068.44174,0.9989311716044039
6068.682794,0.9992054358334185
6068.923848,1.0005049474430605
6069.164902,1.0024237325021763
6069.405956,0.9999785012311019
6069.64701,0.9992329543300492
6069.888064,1.0004533227197019
6070.129118,1.002492601378218
6070.370172,0.9992785103988798
6070.611226,0.9987984224730728
6070.85228,1.0017801826471397
6071.093334,0.9990611310135444
6071.334388,1.0004797950648485
6071.575442,0.9969672082325175
6071.816496,0.9983136235334275
6072.05755,1.0007799540060622
6072.298604,1.003813753922223
6072.539658,0.9967841818554215
6072.780712,0.9996276493397201
6073.021766,0.9993011143344346
6073.26282,1.002504230359842
6073.503874,0.9996711840718108
6073.744928,0.9931091515309877
6073.985982,1.0003467601073912
6074.227036,1.0002920726449116
6074.46809,1.006683938478042
6074.709144,0.997569059533049
6074.950198,0.998685864233636
6075.191252,1.0033250156414937
6075.432306,1.0027354344921748
6075.67336,0.998888518154034
6075.914414,0.9953583061131491
6076.155468,1.0032312091380535
6076.396522,1.0006111066496306
6076.637576,0.9968821705565637
6076.87863,1.0034696051936747
6077.119684,1.001483098704693
6077.360738,0.9939993760918054
6077.601792,0.9995341385471599
6077.842846,0.9982634096210542
6078.0839,0.9977654004432769
6078.324954,1.0017833883488532
6078.566008,0.995338598213797
6078.807062,0.9974208317843968
6079.048116,0.9978661798379954
6079.28917,0.9977365654398719
6079.530224,0.9999954862101872
6079.771278,0.9974087630653481
6080.012332,1.0006709649963756
6080.253386,1.0012673023498146
6080.49444,0.9989715292389555
6080.735494,1.0020142258329858
6080.976548,0.9984778596325475
6081.217602,1.0038102405802327
6081.458656,0.9950927799398447
6081.69971,1.000510080046606
6081.940764,0.9993064905888919
6082.181818,0.9970272274650138
6082.422872,1.0038830194608772
6082.663926,0.9961011204448063
6082.90498,1.0010844876318972
6083.146034,0.9949465120521467
6083.387088,1.0036460306576116
6083.628142,0.9983368845118451
6083.869196,1.0010382385969296
6084.11025,0.998958143110151
6084.351304,0.9960355791474134
6084.592358,0.996298467623359
6084.833412,1.0008772545628941
6085.074466,0.997225555903666
6085.31552,1.0016988413988082
6085.556574,0.999622461285683
6085.797628,1.0010224223177087
6086.038682,0.9977824623775036
6086.279736,1.001725987805242
6086.52079,1.0013247767424687
6086.761844,1.0005070585107267
6087.002898,1.0021309672903533
6087.243952,0.9992773612292537
6087.485006,0.9940258168268697
6087.72606,1.0038159623149108
6087.967114,1.0055195770437417
6088.208168,0.9988704384354774
6088.449222,0.9951275092838882
6088.690276,0.9995119891160663
6088.93133,1.0014008803174004
6089.172384,0.9999539010625886
6089.413438,0.9984382208483552
6089.654492,0.9996640364483974
6089.895546,1.0026342635909924
6090.1366,0.9994524699493152
6090.377654,0.9995604566275038
6090.618708,0.9961250271585763
6090.859762,1.001213035132682
6091.100816,0.9978652817588377
6091.34187,1.0030820397482738
6091.582924,0.9987257125945885
6091.823978,1.0056305925329898
6092.065032,0.9951227326833074
6092.306086,1.0011377467433191
6092.54714,0.9966316855418631
6092.788194,1.0027617065047205
6093.029248,0.996406970434354
6093.270302,0.999976845268075
6093.511356,1.0039782924800573
6093.75241,0.9952680312088135
6093.993464,0.9977226969979982
6094.234518,1.002721897655183
6094.475572,0.9955332059320323
6094.716626,0.9965914224350875
6094.95768,0.998847764333877
6095.198734,0.9976712158350585
6095.439788,1.0039079160684765
6095.680842,0.9994319613950503
6095.921896,0.999090294033591
6096.16295,0.9967578671003768
6096.404004,0.9942902628639093
6096.645058,0.9985541462551353
6096.886112,0.9985002257871033
6097.127166,0.9975478115383728
6097.36822,1.0064937938417897
6097.609274,0.9951730871675389
6097.850328,1.000178475924933
6098.091382,0.9935970865732554
6098.332436,0.9994088547952162
6098.57349,0.9957125176089525
6098.814544,1.0010507516531184
6099.055598,0.9979411224021594
6099.296652,0.9971639292685938
6099.537706,0.9995415351271525
6099.77876,0.9957574252561565
6100.019814,1.0013566193766643
6100.260868,1.0018823694372074
6100.501922,1.0036786496836643
6100.742976,0.9970961244267943
6100.98403,0.9962110960790467
6101.225084,0.9982818776649611
6101.466138,0.994394569383265
6101.707192,0.9931066687612122
6101.948246,1.0006106463686275
6102.1893,0.9971715077432544
6102.430354,0.9956570579662871
6102.671408,0.9981123837925706
6102.912462,1.0008382111027412
6103.153516,0.9965248523515343
6103.39457,0.9976599422140157
6103.635624,1.0020060093500216
6103.876678,0.9993316434498074
6104.117732,1.0008790661523643
6104.358786,1.0018575230625417
6104.59984,0.9989774231883651
6104.840894,0.994275547476913
6105.081948,0.9974208317843968
6105.323002,1.000589673789273
6105.564056,0.9999899250507527
6105.80511,0.9953855793043777
6106.046164,1.0038283093271814
6106.287218,0.998522792147205
6106.528272,0.9985046191977622
6106.769326,0.9968354178791234
6107.01038,0.9987517796758612
6107.251434,0.9956906121745258
6107.492488,1.0002027705551704
6107.733542,1.0011097152788526
6107.974596,1.0003147395200924
6108.21565,1.0032861877147137
6108.456704,1.0003556232189492
6108.697758,0.999804569099107
6108.938812,1.0018973977854613
6109.179866,0.997135510501579
6109.42092,0.9968443894382563
6109.661974,0.9978434287484585
6109.903028,0.998412661157067
6110.144082,1.000998338007963
6110.385136,0.9959299053785583
6110.62619,0.9983223088997335
6110.867244,0.9989257773906417
6111.108298,1.0002421293085701
6111.349352,0.9990641282014332
6111.590406,1.0002383183933172
6111.83146,1.0001057155874988
6112.072514,1.0021465004407277
6112.313568,1.0007286153112704
6112.554622,0.9956571575319979
6112.795676,0.9940596142791952
6113.03673,0.9995499612978098
6113.277784,0.9982561223247627
6113.518838,0.9985878979556793
6113.759892,0.9902528147699304
6114.000946,0.9973447314781952
6114.242,1.0009417731901362
6114.483054,0.9997312461207957
6114.724108,0.9975899089442688
6114.965162,1.0004551535509576
6115.206216,0.9999441835577956
6115.44727,0.9972567695520569
6115.688324,1.0056264694560126
6115.929378,1.0007588978173418
6116.170432,0.9988816258470373
6116.411486,0.9986279421332677
6116.65254,0.9988773306652808
6116.893594,0.9998277148427925
6117.134648,0.9962956779915552
6117.375702,0.9974399824482129
6117.616756,0.9992628118567939
6117.85781,0.9955649639478392
6118.098864,0.9987976234346545
6118.339918,0.997920864402994
6118.580972,0.9978998084948957
6118.822026,0.9999152975874519
6119.06308,0.9975004291426656
6119.304134,0.9991373522946533
6119.545188,0.9977881497537482
6119.786242,1.0018323767543003
6120.027296,1.0010559571305613
6120.26835,1.0011182247475976
6120.509404,1.003309464224275
6120.750458,0.9958994303897235
6120.991512,0.9976682228259005
6121.232566,0.9953329247999564
6121.47362,1.0012708067915055
6121.714674,1.0009089928838448
6121.955728,0.998172571783963
6122.196782,1.0000160481287699
6122.437836,0.9993333023417124
6122.67889,1.0018739536606505
6122.919944,1.0004603159128689
6123.160998,0.9941497795751447
6123.402052,0.9975415270069564
6123.643106,0.9990204201019461
6123.88416,0.9970723938214282
6124.125214,0.9999865330906796
6124.366268,0.9986355317344683
6124.607322,0.99231160805476
6124.848376,1.0049247870959646
6125.08943,0.9971275334494032
6125.330484,1.0002157932800209
6125.571538,0.9994257749303564
6125.812592,1.0028586782502478
6126.053646,0.9995525001579358
6126.2947,0.9980457121121922
6126.535754,1.006458869113091
6126.776808,0.9959126759402304
6127.017862,0.999498465810339
6127.258916,1.0002334872539067
6127.49997,0.9963069361963252
6127.741024,1.0010449455755965
6127.982078,0.9980922221260515
6128.223132,1.0020525035075116
6128.464186,0.9985221930337094
6128.70524,0.9987639645219006
6128.946294,0.9964627707870937
6129.187348,0.999232714514169
6129.428402,0.9995516905207387
6129.669456,1.0032042225814986
6129.91051,1.001412396493742
6130.151564,1.00147909278031
6130.392618,0.999258115332615
6130.633672,0.9975055164078267
6130.874726,0.999449121789149
6131.11578,1.0038615365941284
6131.356834,1.003421038440108
6131.597888,0.9976706172325086
6131.838942,0.9976175425674704
6132.079996,0.9996177930596891
6132.32105,0.9982023177698152
6132.562104,0.9928402539831243
6132.803158,0.9978455242218591
6133.044212,0.9985461578539189
6133.285266,0.998624946253935
6133.52632,0.9999584638626492
6133.767374,0.9987732530699623
6134.008428,0.9969655133897041
6134.249482,0.9970439776631365
6134.490536,0.9994688411148525
6134.73159,0.9975944978684044
6134.972644,1.0027422531163126
6135.213698,1.0002098720200516
6135.454752,0.9963186926875355
6135.695806,0.9984587888875547
6135.93686,0.9953325266668661
6136.177914,1.0025011226015448
6136.418968,1.0005437877990067
6136.660022,0.9998838467463116
6136.901076,0.9997833034820828
6137.14213,1.0012568892240186
6137.383184,0.9996470423042284
6137.624238,0.995591944123942
6137.865292,0.9996993152147339
6138.106346,1.0036334851606379
6138.3474,0.9991902580181239
6138.588454,1.001361425899973
6138.829508,1.0038353361499404
6139.070562,0.99749633939929
6139.311616,0.9953353136018425
6139.55267,0.9967398259462552
6139.793724,0.9984704709237244
6140.034778,1.0024147107291819
6140.275832,0.9986749786170427
6140.516886,0.9964022873325983
6140.75794,0.9981637879039804
6140.998994,1.000383583549362
6141.240048,1.001523659591543
6141.481102,0.9996734233377711
6141.722156,0.9989508507423234
6141.96321,1.0027154802555738
6142.204264,0.9962714683007289
6142.445318,1.0039610242019343
6142.686372,0.9973263805039655
6142.927426,1.0013260784655247
6143.16848,1.0006284373840815
6143.409534,0.9978803496383545
6143.650588,0.998891414934937
6143.891642,0.998482552489516
6144.132696,0.9989594417565811
6144.37375,1.0038867338349209
6144.614804,0.9942016755481117
6144.855858,1.0023461479078433
6145.096912,0.9967725195487185
6145.337966,0.9972188745148242
6145.57902,1.0015340754917654
6145.820074,1.0009724925645418
6146.061128,0.9977398579759705
6146.302182,0.9987839400009452
6146.543236,0.9988422706862806
6146.78429,0.996366018949428
6147.025344,1.001802422414055
6147.266398,1.002027953521914
6147.507452,0.9979477088353024
6147.748506,1.002430148034594
6147.98956,0.9998979952028432
6148.230614,0.9980196634590425
6148.471668,1.0027810599924165
6148.712722,0.9961373791854955
6148.953776,0.9995306701697168
6149.19483,0.9997688267246604
6149.435884,0.9942681898650849
6149.676938,1.0011519630002579
6149.917992,0.999697975618549
6150.159046,0.9953218766658084
6150.4001,0.9993216701697725
6150.641154,0.9960613768029914
6150.882208,0.9998865164397465
6151.123262,0.99616616797175
6151.364316,0.9974716017968205
6151.60537,0.9978419319844379
6151.846424,0.9991357636675261
6152.087478,1.001339396190931
6152.328532,0.9973145123906529
6152.569586,0.997028523601252
6152.81064,1.0000754728479322
6153.051694,1.001808733789197
6153.292748,0.9962121919118551
6153.533802,1.0040360228916083
6153.774856,1.000229896422133
6154.01591,1.0018611297561166
6154.256964,0.9981697769046748
6154.498018,0.9896430068761464
6154.739072,0.9996586982566957
6154.980126,1.001286426737927
6155.22118,0.9992083435254674
6155.462234,1.0009067108139424
6155.703288,1.0040257817764047
6155.944342,1.0014103936709517
6156.185396,1.005939469113528
6156.42645,1.0048630866082613
6156.667504,1.0023883475689668
6156.908558,0.9979706618965648
6157.149612,0.9959039119472437
6157.390666,0.9946146532528515
6157.63172,1.001364830534609
6157.872774,0.9975781374527951
6158.113828,0.9954673038151838
6158.354882,0.9983524586887218
6158.595936,1.0011015062128445
6158.83699,0.9944772070055264
6159.078044,1.0008742319181496
6159.319098,1.0011776929363354
6159.560152,1.0025419252275625
6159.801206,1.0012676027300504
6160.04226,0.9961053040782978
6160.283314,1.0004586251363636
6160.524368,0.9995819174208884
6160.765422,1.002338129170735
6161.006476,0.9989065981998366
6161.24753,0.9995451134922535
6161.488584,1.0017189757478697
6161.729638,0.9992909914654189
6161.970692,0.9975516022272589
6162.211746,1.0023235953732321
6162.4528,0.9973028438791189
6162.693854,0.9947660451237057
6162.934908,0.9975918043668964
6163.175962,1.0038322242652218
6163.417016,0.9991635500194811
6163.65807,1.0017053524624382
6163.899124,1.0006368727173636
6164.140178,0.9983435733913791
6164.381232,0.9972859896034764
6164.622286,1.002155920662107
6164.86334,1.000601700949435
6165.104394,1.0031306904069706
6165.345448,0.9978041144918618
6165.586502,1.004453186094316
6165.827556,0.9954957745872031
6166.06861,0.9978916257500153
6166.309664,0.996838308706027
6166.550718,1.0006066739522466
6166.791772,1.0047509501451268
6167.032826,0.9932331986105927
6167.27388,0.9985554443763692
6167.514934,0.9990230774997979
6167.755988,1.0033784942900208
6167.997042,1.00054291732629
6168.238096,0.9980132761536357
6168.47915,0.9973464269656799
6168.720204,1.0039468684512913
6168.961258,0.9995967213387081
6169.202312,0.9992608233257768
6169.443366,0.998719920002254
6169.68442,0.9972330351233823
6169.925474,0.9998983651651698
6170.166528,0.9946809962627383
6170.407582,1.0059515404595853
6170.648636,1.005552156405821
6170.88969,0.9948568714097824
6171.130744,0.9995101899961051
6171.371798,1.0053631303694208
6171.612852,0.9969302214352014
6171.853906,0.9987309059817968
6172.09496,1.0005719234859056
6172.336014,1.0033134774701584
6172.577068,1.0013057517524486
6172.818122,1.0011848013231899
6173.059176,0.9946685628279941
6173.30023,1.00507473305989
6173.541284,0.998535074053082
6173.782338,0.99854326207426
6174.023392,0.9978912265934449
6174.264446,0.9993384789016259
6174.5055,1.0016815121587503
6174.746554,0.9981089902162348
6174.987608,1.0030172427414719
6175.228662,0.9968061113486458
6175.469716,1.0018593264077063
6175.71077,0.9991762994277203
6175.951824,0.9991675266983238
6176.192878,1.0030228596537585
6176.433932,1.0031744278585417
6176.674986,1.0021162360734088
6176.91604,1.0040030910501427
6177.157094,0.9973872192687397
6177.398148,1.0016009802026007
6177.639202,0.9996128149754752
6177.880256,1.0027765474877997
6178.12131,0.9978032164685628
6178.362364,1.000952623457766
6178.603418,0.9979804420569741
6178.844472,1.002970001741873
6179.085526,0.9996292687378238
6179.32658,0.9920942163975609
6179.567634,1.0012665013362931
6179.808688,1.0038410580276638
6180.049742,1.00334588501886
6180.290796,1.0002024104822378
6180.53185,1.0064772874789232
6180.772904,1.0056793667994939
6181.013958,0.9971144711642732
6181.255012,1.0012322586075013
6181.496066,1.0024290453620377
6181.73712,1.003055759343107
6181.978174,1.0000129940844225
6182.219228,1.007456864973425
6182.460282,1.000088761939108
6182.701336,1.0026854995109284
6182.94239,1.0003924669950264
6183.183444,1.0012936360261526
6183.424498,1.0002668355942854
6183.665552,0.9994062863177599
6183.906606,1.0038376449738686
6184.14766,0.9981753666710768
6184.388714,1.001948495855738
6184.629768,1.0005294401039628
6184.870822,1.000360054804176
6185.111876,0.9972774129808453
6185.35293,0.9993860885208128
6185.593984,1.0039775896954986
6185.835038,1.0009471182334764
6186.076092,0.9979582871370809
6186.317146,1.0085227132771362
6186.5582,1.002157023034226
6186.799254,1.0061409789697298
6187.040308,1.0014795935199816
6187.281362,0.9962843202855651
6187.522416,1.0048475113511273
6187.76347,1.0003059067799391
6188.004524,1.0014653726107223
6188.245578,0.9942453219597
6188.486632,1.0000713835476842
6188.727686,0.9978313549160175
6188.96874,1.003430671328315
6189.209794,1.0004546033007744
6189.450848,1.000643607026178
6189.691902,1.000926458898161
6189.932956,1.0023054534803406
6190.17401,1.0026872040777266
6190.415064,1.0020881772116246
6190.656118,0.9957448787916412
6190.897172,1.0020319616417446
6191.138226,0.9971020073112828
6191.37928,0.9995247629609119
6191.620334,1.0004819961228189
6191.861388,0.9995317196774715
6192.102442,0.9970635199166121
6192.343496,0.9983984837979379
6192.58455,1.0007514521988399
6192.825604,0.997461128399987
6193.066658,0.9957268559724421
6193.307712,1.0031677066123912
6193.548766,1.0027814611049208
6193.78982,0.999072390495938
6194.030874,1.0025861383013561
6194.271928,0.9982501328059973
6194.512982,0.9983201125930699
6194.754036,0.9985901947104858
6194.99509,0.9907138847609205
6195.236144,1.0000816293314925
6195.477198,0.9991655283652687
6195.718252,0.9990052051368102
6195.959306,1.0050748335673683
6196.20036,1.0024776643497386
6196.441414,0.9959236310399187
6196.682468,0.999833823808793
6196.923522,1.005087899625134
6197.164576,1.0038455753225888
6197.40563,0.9988911152675575
6197.646684,0.9985519494384301
6197.887738,1.0035979571641125
6198.128792,0.9966785283318805
6198.369846,1.0016994424182932
6198.6109,0.9959374744746018
6198.851954,0.9998896060938558
6199.093008,0.997956989792151
6199.334062,0.9990096906802512
6199.575116,1.0012144368319125
6199.81617,1.0002829300171494
6200.057224,0.9998288146538837
6200.298278,0.9993964721962156
6200.539332,1.0019719417248567
6200.780386,0.9994051170130889
6201.02144,1.0048778582042053
6201.262494,1.0020723443435047
6201.503548,0.9979121825292399
6201.744602,0.9990984366526684
6201.985656,0.9978019193252246
6202.22671,1.002692016987857
6202.467764,0.9945088318835421
6202.708818,1.0072649627199175
6202.949872,0.9988685405834473
6203.190926,0.9988022179142896
6203.43198,1.0018085334274702
6203.673034,1.0012178409667847
6203.914088,0.9967948475032284
6204.155142,0.9994199982660719
6204.396196,0.9974630235779314
6204.63725,1.002888162728808
6204.878304,1.0005029964603152
6205.119358,1.0001174869010454
6205.360412,0.9975189828231963
6205.601466,1.001480795296215
6205.84252,0.994357280286088
6206.083574,1.000885051427076
6206.324628,0.9950860133319477
6206.565682,1.0003275436307044
6206.806736,1.001842495312404
6207.04779,0.9969637188533951
6207.288844,1.0025754106870692
6207.529898,1.0006212528976934
6207.770952,1.002881242824359
6208.012006,1.0000591367485085
6208.25306,1.0061672395919805
6208.494114,1.0026586278996228
6208.735168,0.9988507608816648
6208.976222,1.0072393785147853
6209.217276,0.9988004200719154
6209.45833,0.9966799236827969
6209.699384,1.0005280093478865
6209.940438,0.9987576723287446
6210.181492,1.000063119991983
6210.422546,0.9933701749129801
6210.6636,1.0014224106677776
6210.904654,0.9980263502131882
6211.145708,0.9989476541047156
6211.386762,0.9984312318052709
6211.627816,1.0005314911914176
6211.86887,1.00333023294514
6212.109924,1.000168834250898
6212.350978,1.00285536882207
6212.592032,1.0060262854357829
6212.833086,0.9997680369075993
6213.07414,0.9987911312712018
6213.315194,0.9946686622948554
6213.556248,1.0055834295641801
6213.797302,0.9991645691668218
6214.038356,0.9962614060097137
6214.27941,0.9990527988784569
6214.520464,1.0024695443135436
6214.761518,0.9969970179976974
6215.002572,1.0019187384273112
6215.243626,1.0023776220710292
6215.48468,1.002671863080863
6215.725734,1.0020260496706113
6215.966788,1.002223969359347
6216.207842,0.9987415924596633
6216.448896,0.9991775084317741
6216.68995,1.0013863601099076
6216.931004,1.0086390026499303
6217.172058,0.9975849210071939
6217.413112,0.9973572981009814
6217.654166,1.0034293668692902
6217.89522,1.002723602283858
6218.136274,0.9968555541579404
6218.377328,0.9980112801290794
6218.618382,1.005574278796607
6218.859436,0.997693364381898
6219.10049,1.0004499411931858
6219.341544,0.998776249394216
6219.582598,1.0012415701108048
6219.823652,1.0005568950084789
6220.064706,1.0001518515282763
6220.30576,0.9989003051080911
6220.546814,1.0029335945916036
6220.787868,0.9984045740472643
6221.028922,1.0010678697673312
6221.269976,0.9994035279602161
6221.51103,1.0002256354518502
6221.752084,1.000323702380312
6221.993138,1.000529209982218
6222.234192,0.9968642268389876
6222.475246,1.0003165801009064
6222.7163,0.9980920225076271
6222.957354,0.9979027024085365
6223.198408,1.00242353201745
6223.439462,1.000012635079822
6223.680516,1.0018642355304328
6223.92157,0.9974249212181905
6224.162624,0.9956435171223768
6224.403678,1.0000800452034464
6224.644732,1.0048797674739498
6224.885786,0.9985857010647203
6225.12684,1.0003950980306744
6225.367894,1.0001710946350177
6225.608948,0.9965192718279866
6225.850002,1.002839624116376
6226.091056,1.0012117335565824
6226.33211,0.9974814768145596
6226.573164,0.9986455181397176
6226.814218,0.9957253623832784
6227.055272,0.9969693018658531
6227.296326,1.0048046052784438
6227.53738,1.0008061047279182
6227.778434,1.0037050467792712
6228.019488,0.9955740236302327
6228.260542,1.0007997896613212
6228.501596,0.9997021343707778
6228.74265,0.9988522591589298
6228.983704,1.0046175280783687
6229.224758,1.0042466917476012
6229.465812,0.9899934025169498
6229.706866,0.9998588899569588
6229.94792,0.9976791972367107
6230.188974,0.9994451539840117
6230.430028,1.0062726914442703
6230.671082,0.9966073680254108
6230.912136,0.9986289407617092
6231.15319,1.001145655762759
6231.394244,0.9989900103831965
6231.635298,1.0021118267716704
6231.876352,0.9996956063371544
6232.117406,1.004473878043076
6232.35846,1.0012366640391313
6232.599514,1.0002321969535404
6232.840568,1.0024159136275566
6233.081622,0.9975458164447448
6233.322676,1.0031709167541887
6233.56373,1.0004136755401365
6233.804784,1.0018017211526047
6234.045838,1.0009606411203906
6234.286892,0.9929236560672974
6234.527946,1.0063458501282243
6234.769,0.999126411800545
6235.010054,0.9961626813962635
6235.251108,1.0038786023853092
6235.492162,0.9998112078234863
6235.733216,1.002361383685083
6235.97427,1.00572210908085
6236.215324,1.0024398716541894
6236.456378,1.0034274603553044
6236.697432,0.9962643947984149
6236.938486,0.9939296991777458
6237.17954,1.0037041434451357
6237.420594,1.0041427575936905
6237.661648,1.0027986088145182
6237.902702,1.0040135327365862
6238.143756,1.0011187253068352
6238.38481,1.0084190424709818
6238.625864,1.0011874044070574
6238.866918,0.9947246637169678
6239.107972,0.9934798490341906
6239.349026,0.9988942118348145
6239.59008,1.0009839437553574
6239.831134,1.0028361141838338
6240.072188,0.998200321367176
6240.313242,0.999634826692009
6240.554296,0.9964223152198532
6240.79535,0.997312816957423
6241.036404,1.0007169869123218
6241.277458,0.9972259547939681
6241.518512,1.0009798997883936
6241.759566,1.002115735015416
6242.00062,1.0003738898794035
6242.241674,0.9947707205351051
6242.482728,0.9954205179513809
6242.723782,0.9952631544074088
6242.964836,1.005212337209635
6243.20589,1.0128366919700327
6243.446944,1.0018046263818086
6243.687998,1.0008037928684863
6243.929052,0.9953770190252049
6244.170106,1.0028372173041662
6244.41116,0.9975417265152817
6244.652214,0.9945995352250194
6244.893268,1.001636637832198
6245.134322,1.0023916554559718
6245.375376,1.0023085606320625
6245.61643,1.0006681831349598
6245.857484,1.00197695159709
6246.098538,1.0018192528361267
6246.339592,1.002445685822306
6246.580646,0.9974915514283521
6246.8217,1.002944526627364
6247.062754,1.0038293131559926
6247.303808,1.002541323702588
6247.544862,1.0018214568409072
6247.785916,0.9983667352309581
6248.02697,0.9998060188167832
6248.268024,0.9947154128206119
6248.509078,1.0010773799572674
6248.750132,0.9997605786658632
6248.991186,1.0014087914156038
6249.23224,1.0019076171910375
6249.473294,1.0003652166753765
6249.714348,0.9964180306131097
6249.955402,0.9951530843895154
6250.196456,1.0015221573071804
6250.43751,1.000736401010184
6250.678564,1.0007074401178049
6250.919618,1.0067667919755532
6251.160672,1.0009437450473717
6251.401726,1.000471841282094
6251.64278,0.9970183539621765
6251.883834,1.0031414239627823
6252.124888,1.0076356036749252
6252.365942,0.9969630209790361
6252.606996,0.9985819064462661
6252.84805,0.9987522790518758
6253.089104,1.0041804136531471
6253.330158,0.996293386514131
6253.571212,1.0021324704879315
6253.812266,1.00158866058631
6254.05332,0.996245764828423
6254.294374,0.9955898533830546
6254.535428,1.0026288493805873
6254.776482,1.0028313005820384
6255.017536,1.002376018268117
6255.25859,1.0044124061227997
6255.499644,1.0003537125415336
6255.740698,1.0059485226094906
6255.981752,1.001099203682028
6256.222806,1.001455057570507
6256.46386,0.9984524986169991
6256.704914,1.0034590688181362
6256.945968,0.9962080078294356
6257.187022,0.9991053904019865
6257.428076,0.9978559018692748
6257.66913,0.9981536066852681
6257.910184,1.001005405081176
6258.151238,0.9972677394368562
6258.392292,1.002331714227236
6258.633346,0.9909358295279928
6258.8744,0.9996150241222374
6259.115454,1.000886362587352
6259.356508,1.0032625104400765
6259.597562,0.9988660434152173
6259.838616,1.0010503512328979
6260.07967,1.0006901880702503
6260.320724,1.0002285161058284
6260.561778,1.0029032061640744
6260.802832,1.0035310194127685
6261.043886,1.0080484157563332
6261.28494,1.0047644138980656
6261.525994,0.9996746629335845
6261.767048,0.9966730466150494
6262.008102,1.000510380199675
6262.249156,1.0025469379497205
6262.49021,0.9956298768996279
6262.731264,1.0039099238863165
6262.972318,1.0012069277517954
6263.213372,0.999763148053852
6263.454426,1.000610336179375
6263.69548,0.9993444749504874
6263.936534,0.9985155029574279
6264.177588,1.0000698174371239
6264.418642,0.9992810585623303
6264.659696,0.9986518096263001
6264.90075,1.0045752345707213
6265.141804,0.9997945011177884
6265.382858,1.0072716106906097
6265.623912,1.0022960318533596
6265.864966,1.0001708045854425
6266.10602,0.9982891651492674
6266.347074,1.0016299268892062
6266.588128,1.000787569970491
6266.829182,0.9998812070564406
6267.070236,0.9993390585181117
6267.31129,1.0067290389287282
6267.552344,1.000181346441278
6267.793398,1.0019999973320015
6268.034452,1.002806230112906
6268.275506,0.9951872187257106
6268.51656,0.994399839688449
6268.757614,1.0011151212859113
6268.998668,1.000479765050455
6269.239722,1.0014283190774305
6269.480776,0.9971153685677011
6269.72183,1.002236196566359
6269.962884,1.0014894080680894
6270.203938,0.9981235627138709
6270.444992,0.9974306065564446
6270.686046,1.0007561357265955
6270.9271,0.9957819211901167
6271.168154,0.9976930650739336
6271.409208,0.9932431309922407
6271.650262,1.0028841511841802
6271.891316,1.0025249824121933
6272.13237,0.9983699300096225
6272.373424,1.0033711696537473
6272.614478,1.0009661163900723
6272.855532,0.9991945145776896
6273.096586,1.0049840794075091
6273.33764,0.9940452999238132
6273.578694,0.9991685958081493
6273.819748,0.9956303747146908
6274.060802,1.001018218032364
6274.301856,1.0051135296933562
6274.54291,0.9992742235032657
6274.783964,1.0027080601884741
6275.025018,0.9988108076502995
6275.266072,0.998381411329835
6275.507126,0.9948115069707631
6275.74818,1.0006247450719599
6275.989234,1.0029937724125957
6276.230288,0.9957340252316144
6276.471342,1.0008021015115056
6276.712396,1.0030758206589065
6276.95345,1.0057982451262204
6277.194504,1.0034896747864739
6277.435558,1.0053400072833387
6277.676612,1.0009504113549126
6277.917666,0.9987638646455091
6278.15872,0.9956002075713715
6278.399774,1.0050601595819186
6278.640828,1.0026943231821484
6278.881882,0.9990427784291367
6279.122936,1.0006837536530278
6279.36399,1.0064855406265183
6279.605044,1.003431674759488
6279.846098,0.996766538931543
6280.087152,1.0013362920436142
6280.328206,0.9981723721494686
6280.56926,1.0016551682814039
6280.810314,0.9967056383565458
6281.051368,0.9980676693593874
6281.292422,1.0019370737079916
6281.533476,1.0003547529099357
6281.77453,1.0005943165361304
6282.015584,0.9995652545292106
6282.256638,0.9991819148143024
6282.497692,1.0028659991453202
6282.738746,1.0018925886894936
6282.9798,0.9997183396737196
6283.220854,1.006735381341652
6283.461908,1.0030386072362734
6283.702962,1.0051933388759966
6283.944016,0.9962689776251715
6284.18507,1.0010529539671946
6284.426124,1.0010263263127686
6284.667178,0.9951893086210643
6284.908232,0.9972938681939146
6285.149286,1.0044666458571898
6285.39034,0.9955099107275686
6285.631394,0.9998855965445744
6285.872448,1.0058360638512247
6286.113502,0.9990940406292184
6286.354556,1.0059904715375125
6286.59561,0.992119614334593
6286.836664,0.9990433079219496
6287.077718,0.9954320648963613
6287.318772,1.0104876135068313
6287.559826,0.998928774172469
6287.80088,1.0021396858676943
6288.041934,0.996351272841469
6288.282988,1.0020603195475215
6288.524042,1.0012583911104787
6288.765096,1.00790115064077
6289.00615,0.9938153044529131
6289.247204,0.9970129700776016
6289.488258,0.9999205021601207
6289.729312,1.000157272366002
6289.970366,1.0011230301266094
6290.21142,1.0041769994455447
6290.452474,1.0015127430431487
6290.693528,0.9944840689219283
6290.934582,0.9954615301215654
6291.175636,1.0026770769881073
6291.41669,0.9897459351010364
6291.657744,1.001042142653673
6291.898798,1.001534375952033
6292.139852,0.9931139184663557
6292.380906,1.0005359635771789
6292.62196,1.0022461187538199
6292.863014,0.9997358249003883
6293.104068,0.9958597943811558
6293.345122,0.996832626743861
6293.586176,1.002887661284852
6293.82723,1.0007958665338352
6294.068284,1.0021972103365997
6294.309338,1.0042743089113586
6294.550392,1.0031180510398996
6294.791446,0.9970062901130801
6295.0325,0.9972499882290804
6295.273554,1.001292134086825
6295.514608,1.0014363305360288
6295.755662,0.9988318827806827
6295.996716,1.0007104622588374
6296.23777,1.0014216095301696
6296.478824,1.0008457174174732
6296.719878,0.9987417922080019
6296.960932,0.9952945056905527
6297.201986,0.9977334724613132
6297.44304,1.0010698719050728
6297.684094,0.9944490636987978
6297.925148,1.002529293278886
6298.166202,0.997396295533732
6298.407256,1.0007525930561456
6298.64831,1.000905259500264
6298.889364,0.9950619325418038
6299.130418,1.0016439498063427
6299.371472,1.0056332071759293
6299.612526,0.9991032922828698
6299.85358,0.9973882166564577
6300.094634,1.002918049241364
6300.335688,1.0026275459639304
6300.576742,0.9933564664991545
6300.817796,1.0008621414304546
6301.05885,1.0005302005066263
6301.299904,1.002754486646425
6301.540958,0.9998947155427975
6301.782012,0.9938815941444568
6302.023066,1.003030984171826
6302.26412,0.9968729992827825
6302.505174,0.9936768756227947
6302.746228,0.9995056822153132
6302.987282,0.9995419149530079
6303.228336,1.0025211728244985
6303.46939,1.005563418653041
6303.710444,0.999745062502088
6303.951498,1.0017189757478697
6304.192552,0.9961627810125366
6304.433606,1.002716282428279
6304.67466,1.0019384764208767
6304.915714,0.9973333618130636
6305.156768,0.9963752851964922
6305.397822,1.0004885392964697
6305.638876,1.0024202240252524
6305.87993,0.9975657675605842
6306.120984,1.0007451174621969
6306.362038,1.002321390263748
6306.603092,0.9989880124051737
6306.844146,1.00096799820814
6307.0852,0.9966709536038492
6307.326254,0.9993636725422435
6307.567308,0.998312425557798
6307.808362,1.008345632236855
6308.049416,0.9981187717322683
6308.29047,0.9980606829101545
6308.531524,0.99616746298861
6308.772578,1.000386234569371
6309.013632,0.9937665093193948
6309.254686,1.0020815634514804
6309.49574,1.0002875813435883
6309.736794,0.9968471806064544
6309.977848,1.0008805174280624
6310.218902,1.0021304662249948
6310.459956,1.0038867338349209
6310.70101,1.0008235088974082
6310.942064,0.9994871515517447
6311.183118,0.9948183711938429
6311.424172,1.0031150416902603
6311.665226,1.0025433287872403
6311.90628,1.0022021211149617
6312.147334,0.9948390636311643
6312.388388,1.005591775941283
6312.629442,0.9974381870578602
6312.870496,1.0004994746959661
6313.11155,0.9970458720484937
6313.352604,1.0049248875884482
6313.593658,0.9956273878280469
6313.834712,1.0003156197974505
6314.075766,0.9981441242710462
6314.31682,0.9936764781521239
6314.557874,1.0005962076611759
6314.798928,0.9987452878103918
6315.039982,1.0080889401171809
6315.281036,1.0025114484162856
6315.52209,1.0038123485839512
6315.763144,1.000047884146409
6316.004198,0.9995999900253313
6316.245252,0.9957407962460074
6316.486306,0.9978089039631061
6316.72736,0.9998206460858367
6316.968414,1.0025978686277965
6317.209468,0.9998488514240972
6317.450522,0.9928994290256604
6317.691576,0.9995388463640393
6317.93263,1.0084266056421622
6318.173684,0.9946825877536055
6318.414738,1.0000718495810574
6318.655792,1.0024562115572673
6318.896846,0.9971580460187667
6319.1379,0.9986895593781697
6319.378954,0.9993693589377179
6319.620008,1.0058118234941833
6319.861062,0.9975509039413818
6320.102116,0.9980751548949783
6320.34317,0.9944313626630037
6320.584224,1.0018381873989364
6320.825278,0.998875233025089
6321.066332,1.0063149557848559
6321.307386,1.0085206962337265
6321.54844,1.0042836487058615
6321.789494,1.0019134282720694
6322.030548,1.0035492838435276
6322.271602,1.0060976152280316
6322.512656,0.9903373859714507
6322.75371,1.0039393388780138
6322.994764,0.9971053974638711
6323.235818,1.0036132119689976
6323.476872,0.9968113944350362
6323.717926,1.0018650370221418
6323.95898,0.9998874863301378
6324.200034,0.9984096659235763
6324.441088,0.9998916958653163
6324.682142,1.0011235306882496
6324.923196,1.0034238480229491
6325.16425,1.0003780714510024
6325.405304,1.000606323739972
6325.646358,0.9988054140865008
6325.887412,0.9980587865966585
6326.128466,1.0006126375857949
6326.36952,0.99889610973562
6326.610574,1.0033050496723446
6326.851628,0.9957299427304801
6327.092682,1.0006414756575648
6327.333736,1.001448347844099
6327.57479,0.9999490282991013
6327.815844,1.0003546728815587
6328.056898,0.9988218945117964
6328.297952,1.0043246243146253
6328.539006,1.0028340082302052
6328.78006,1.0021667440044961
6329.021114,0.9939303949287788
6329.262168,0.9998180265591755
6329.503222,0.9966609869441465
6329.744276,0.9950843216871629
6329.98533,1.00100400367459
6330.226384,1.0027057539625879
6330.467438,0.9988682409229301
6330.708492,0.9957708680721363
6330.949546,1.0012375651525343
6331.1906,1.0014314235100314
6331.431654,1.0038065264892135
6331.672708,1.0046000478854584
6331.913762,1.0034905779275876
6332.154816,0.9996483418462281
6332.39587,1.0029682966943194
6332.636924,1.007453943352753
6332.877978,1.0036493426949777
6333.119032,1.0018350817053692
6333.360086,0.9976510630800421
6333.60114,0.9981973267707038
6333.842194,1.0040941582603364
6334.083248,0.9952285198522801
6334.324302,1.0002282460441654
6334.565356,0.994336597869756
6334.80641,0.9995341785285262
6335.047464,0.9973765472825887
6335.288518,0.9998518209795957
6335.529572,1.0026552188660833
6335.770626,0.998209604673332
6336.01168,1.0101158224788058
6336.252734,1.0073036424371318
6336.493788,1.0056663936193395
6336.734842,1.0016255197272237
6336.975896,0.9980150725791496
6337.21695,1.000969019196019
6337.458004,1.0048143519303863
6337.699058,1.002448793408749
6337.940112,0.9944204239781773
6338.181166,1.0040007818456889
6338.42222,0.9976922669198007
6338.663274,0.9996996151245734
6338.904328,1.0043415975441996
6339.145382,0.9979340370453433
6339.386436,1.003955402035941
6339.62749,0.9990991460128102
6339.868544,1.004868613370436
6340.109598,1.0010893929579046
6340.350652,0.9953556186493507
6340.591706,0.9958246411508722
6340.83276,1.0014277182206193
6341.073814,0.9994604556064528
6341.314868,1.0036695162495093
6341.555922,0.9967885677154705
6341.796976,1.001256388595699
6342.03803,0.9998937356464564
6342.279084,1.0044257648966366
6342.520138,1.0076129321288985
6342.761192,1.0061132098619257
6343.002246,1.0134222807968594
6343.2433,1.0005945166550139
6343.484354,1.0048945393151043
6343.725408,0.998394390372546
6343.966462,1.0006139984199074
6344.207516,0.9989142898102554
6344.44857,1.0013667331295943
6344.689624,1.0013509116602008
6344.930678,0.9965546488900757
6345.171732,1.0093195591490955
6345.412786,1.0036165238980617
6345.65384,0.9972945662998667
6345.894894,1.0016538661305316
6346.135948,1.0019519024864152
6346.377002,1.0021999162727206
6346.618056,1.0042620568395277
6346.85911,0.9970088823328042
6347.100164,1.0073119023608654
6347.341218,0.9947742022387198
6347.582272,0.9929185921695644
6347.823326,1.0067913573849743
6348.06438,0.9992945089758996
6348.305434,1.006718669673029
6348.546488,1.004129502996771
6348.787542,1.0043153845705846
6349.028596,0.9995375169782578
6349.26965,1.0037197009799297
6349.510704,1.000523547002916
6349.751758,1.0005257181413685
6349.992812,0.9981751670360235
6350.233866,0.9946840797786062
6350.47492,1.0017885976360168
6350.715974,0.9984599870388203
6350.957028,1.0008086467786526
6351.198082,0.9986763767629914
6351.439136,1.001284424167076
6351.68019,1.003688084307314
6351.921244,0.9995619759605526
6352.162298,1.0039938542641942
6352.403352,1.0004009403551064
6352.644406,1.0041269926761514
6352.88546,1.0008389016813453
6353.126514,1.001831675471882
6353.367568,1.0001830267473517
6353.608622,0.9944298710170785
6353.849676,1.0018271672394858
6354.09073,0.9991710537659183
6354.331784,0.9999778582451323
6354.572838,1.0036293702717842
6354.813892,1.0044578065895993
6355.054946,0.9965951098301722
6355.296,1.0015205548730106
6355.537054,1.000841113537762
6355.778108,1.0102956390984112
6356.019162,1.004099781203367
6356.260216,1.0014270172214619
6356.50127,0.9974071672126039
6356.742324,1.003048236453123
6356.983378,0.9973267794345975
6357.224432,0.9945267332036274
6357.465486,1.0048156581898928
6357.70654,0.9973006498152759
6357.947594,1.002957264103735
6358.188648,1.0038905486117575
6358.429702,1.0024151116951463
6358.670756,0.9980292444938005
6358.91181,1.0025300953026415
6359.152864,0.9996678251822753
6359.393918,1.003169712949811
6359.634972,1.0001551520348322
6359.876026,1.0023546678863102
6360.11708,1.0029512463782035
6360.358134,0.9999849841127396
6360.599188,1.0058923922479808
6360.840242,1.0020227429901032
6361.081296,0.9998342137440605
6361.32235,1.0053003976673662
6361.563404,1.0013417994083655
6361.804458,0.9986023775851767
6362.045512,1.0034370933051617
6362.286566,0.997671315602185
6362.52762,0.9964300873442232
6362.768674,0.995803629472618
6363.009728,1.0022998405855172
6363.250782,1.0027512778372019
6363.491836,1.0022487245971161
6363.73289,0.9963247702500975
6363.973944,1.0044071831918675
6364.214998,1.0018237610329077
6364.456052,0.9999410067401708
6364.697106,1.005679869639303
6364.93816,0.9947984750253813
6365.179214,0.9980379273859982
6365.420268,1.0011404498188845
6365.661322,1.0049840794075091
6365.902376,1.005353780535785
6366.14343,0.9998293745581767
6366.384484,0.9962001378172604
6366.625538,1.0025149572124954
6366.866592,1.0004204183510328
6367.107646,0.9955011502789002
6367.3487,0.9963094269667792
6367.589754,0.9988691399047515
6367.830808,1.0007590979691414
6368.071862,1.0020236448109778
6368.312916,0.9995110095947969
6368.55397,0.9992979065830061
6368.795024,0.9931593048094995
6369.036078,1.0085784861252853
6369.277132,0.9996657758653341
6369.518186,0.9998065287179828
6369.75924,0.9979560916312643
6370.000294,1.0028821454178836
6370.241348,1.0016567709309554
6370.482402,1.0016323308039154
6370.723456,0.9966792260070946
6370.96451,0.9951196478076176
6371.205564,1.0017523335451664
6371.446618,1.0028032216987284
6371.687672,1.002005708748264
6371.928726,0.9989977026358915
6372.16978,0.9955117026470206
6372.410834,1.0068127015879986
6372.651888,0.9967390285547134
6372.892942,1.0002994248186647
6373.133996,0.9982453412168596
6373.37505,1.0050683006021823
6373.616104,1.001746423223834
6373.857158,0.989804331833894
6374.098212,0.9975428238117845
6374.339266,0.9955880613229313
6374.58032,0.9959949417247932
6374.821374,1.0025988712261666
6375.062428,0.9990822813615636
6375.303482,1.007832615692741
6375.544536,1.0049767430505072
6375.78559,1.0022588473603544
6376.026644,0.997805012515969
6376.267698,1.0003602248653998
6376.508752,0.9994035779303938
6376.749806,0.997277313253109
6376.99086,1.0009164196561253
6377.231914,1.0042630611020866
6377.472968,1.002613509276544
6377.714022,1.0004615864982769
6377.955076,1.0009724024770217
6378.19613,0.99735530338838
6378.437184,0.9993470232821476
6378.678238,1.0001500012490625
6378.919292,0.9987175230773223
6379.160346,1.003917754414262
6379.4014,1.0000744017676741
6379.642454,0.995809006826736
6379.883508,1.0041255868993457
6380.124562,0.993823255007151
6380.365616,1.0078297937653677
6380.60667,0.9931673494324492
6380.847724,0.9979678675826236
6381.088778,1.001941582434968
6381.329832,1.00085063158201
6381.570886,1.006911474758769
6381.81194,1.0081341035133506
6382.052994,0.99970798264537
6382.294048,0.9981454218592511
6382.535102,0.9931423219305914
6382.776156,0.9997308962149207
6383.01721,1.0060569697054214
6383.258264,0.9980815425964104
6383.499318,1.0027000385560791
6383.740372,0.9990779353630923
6383.981426,1.0030194493818332
6384.22248,0.9985727195349866
6384.463534,1.0018026227745593
6384.704588,1.005586044084496
6384.945642,1.0005721236003102
6385.186696,1.0062651444273858
6385.42775,1.0022912208439532
6385.668804,1.0088524532451677
6385.909858,0.9988322823135157
6386.150912,1.0017983150325431
6386.391966,0.997295164676786
6386.63302,0.9989137903532354
6386.874074,0.99680401805801
6387.115128,0.9991109953989487
6387.356182,0.9988193974601814
6387.597236,1.0038349346158864
6387.83829,0.9994786859314231
6388.079344,1.0046758980523816
6388.320398,0.9978972139587665
6388.561452,0.9933591485652349
6388.802506,1.003793677847906
6389.04356,0.9987020430756849
6389.284614,0.9950512854360877
6389.525668,1.0000630209857388
6389.766722,1.0044259657818098
6390.007776,1.000086125708606
6390.24883,0.9970839599282799
6390.489884,1.000591735006124
6390.730938,1.0048474108663812
6390.971992,1.002337126833107
6391.213046,1.0056156087487904
6391.4541,0.9960913587016585
6391.695154,1.00007765701515
6391.936208,1.0022945284104394
6392.177262,1.004933831459748
6392.418316,0.9935037921870662
6392.65937,0.9975569890204553
6392.900424,1.0007843774632348
6393.141478,1.0000434939458342
6393.382532,0.9973408418413273
6393.623586,0.9936976436865207
6393.86464,1.002567590629364
6394.105694,0.9949478054834531
6394.346748,1.0035601222343202
6394.587802,0.9999382449069243
6394.828856,1.0020353685562058
6395.06991,0.9996239607204995
6395.310964,1.0002828299888615
6395.552018,1.006765684532691
6395.793072,0.9897380171652274
6396.034126,0.9966574986367968
6396.27518,0.9955324095057861
6396.516234,1.0093878923963042
6396.757288,0.9939453039965204
6396.998342,0.9991860914034354
6397.239396,0.997246797034224
6397.48045,0.9922064285989158
6397.721504,0.9997426831116708
6397.962558,1.003403177704585
6398.203612,1.001410193388893
6398.444666,0.9986636936535445
6398.68572,0.998770456508769
6398.926774,1.005246615534776
6399.167828,0.9966214202883682
6399.408882,0.9944523453861228
6399.649936,0.9960265152648838
6399.89099,0.998498029089023
6400.132044,0.997372358309887
6400.373098,0.9968735974067615
6400.614152,1.009966639389268
6400.855206,1.0020045063421348
6401.09626,1.0052431977020935
6401.337314,0.9960245232138453
6401.578368,1.0026100001354026
6401.819422,0.9987540768075961
6402.060476,0.9914070324174027
6402.30153,0.9998743078999139
6402.542584,0.9960942473707873
6402.783638,1.0076235121202306
6403.024692,0.9979663706319448
6403.265746,1.0030348960002924
6403.5068,0.9948467239214462
6403.747854,0.9994906597578036
6403.988908,1.002373111381879
6404.229962,1.0000380847252048
6404.471016,0.996756670991654
6404.71207,0.9987818425568735
6404.953124,1.0048268117056005
6405.194178,1.004354352763484
6405.435232,0.9984264393468602
6405.676286,0.9956392358644578
6405.91734,1.0019892759893894
6406.158394,0.9972048138278216
6406.399448,1.0007452475590706
6406.640502,1.0004766035393928
6406.881556,0.9986885606891097
6407.12261,0.9993733164482153
6407.363664,0.9949525812443812
6407.604718,0.9962850176848334
6407.845772,0.9991784376672891
6408.086826,1.0040828120604544
6408.32788,1.0050580489577996
6408.568934,0.9990985365625171
6408.809988,1.0044112008286354
6409.051042,1.0043549553762765
6409.292096,0.9952132929724122
6409.53315,1.0004022608852192
6409.774204,0.9981035006318849
6410.015258,0.9986372294163153
6410.256312,0.9945882963137713
6410.497366,1.0074031689535334
6410.73842,0.9968719027230863
6410.979474,1.0046118017747787
6411.220528,1.001802823135104
6411.461582,0.9967851786401017
6411.702636,1.0047632081814923
6411.94369,0.9993701284524206
6412.184744,1.003402876683677
6412.425798,0.9984641805795723
6412.666852,0.9917082676291629
6412.907906,1.003900788347576
6413.14896,0.9947622650199165
6413.390014,0.9984310321190445
6413.631068,0.9992042867478279
6413.872122,1.004549417318946
6414.113176,1.0047741601601496
6414.35423,1.0030645862726277
6414.595284,1.0000616809021887
6414.836338,0.996927031263597
6415.077392,0.9994037878051673
6415.318446,1.0012363636681771
6415.5595,0.9950847197209711
6415.800554,1.0038683628757865
6416.041608,0.9959842846359322
6416.282662,1.0069780338070031
6416.523716,0.998705338797865
6416.76477,0.9994274539670687
6417.005824,1.0003677576062537
6417.246878,1.0069786379940047
6417.487932,0.9971184596301348
6417.728986,0.9896776449875504
6417.97004,1.0043218122096143
6418.211094,0.9968873543573284
6418.452148,0.9939515658716604
6418.693202,1.004354352763484
6418.934256,0.9962553288336725
6419.17531,1.0080304726542269
6419.416364,0.9998028294406702
6419.657418,0.9933709696094379
6419.898472,0.9921967050235612
6420.139526,0.9997402137502931
6420.38058,1.0036515507259605
6420.621634,0.9885718036609408
6420.862688,0.9997550899953527
6421.103742,0.9992239512816895
6421.344796,0.9957226739284293
6421.58585,1.0012007202880864
6421.826904,0.9987603689781003
6422.067958,0.9995007846494695
6422.309012,1.001744920605326
6422.550066,0.9966897908628839
6422.79112,0.9958677612913784
6423.032174,1.0016590747441778
6423.273228,1.0013391959230717
6423.514282,1.0072478393611002
6423.755336,1.0005191146934203
6423.99639,1.0037287344978891
6424.237444,0.9904513803648275
6424.478498,0.9955393782570433
6424.719552,0.9973804370587083
6424.960606,0.9976224309054054
6425.20166,1.003194391228291
6425.442714,0.99078819108873
6425.683768,1.0011308389166986
6425.924822,1.0055541675121449
6426.165876,0.999061021116826
6426.40693,0.9993769541737078
6426.647984,1.0025731047662765
6426.889038,1.0014168027179802
6427.130092,1.002004005340007
6427.371146,1.0020856719943132
6427.6122,0.9983820103588615
6427.853254,1.0072314213551257
6428.094308,0.9957505545536263
6428.335362,0.9933613339577657
6428.576416,1.0000330535462565
6428.81747,0.9894124469168225
6429.058524,0.9964560945088949
6429.299578,0.998864345344387
6429.540632,1.0021378820178832
6429.781686,0.9965873364186318
6430.02274,0.9951188517122179
6430.263794,0.9947864380366574
6430.504848,0.9912351373417152
6430.745902,1.0019512011203289
6430.986956,1.0038408572594724
6431.22801,1.0023945623959876
6431.469064,0.9970686049535306
6431.710118,1.004968100287681
6431.951172,0.9976468729543765
6432.192226,1.002774441659261
6432.43328,0.9995512907001424
6432.674334,1.00390841802256
6432.915388,1.0014042850861815
6433.156442,1.0011577696984828
6433.397496,0.991744663990454
6433.63855,0.9943785597595758
6433.879604,0.9997991901649945
6434.120658,0.9964755255921903
6434.361712,0.9959920533436503
6434.602766,0.9969539486568243
6434.84382,0.9987717549112064
6435.084874,1.0000164901359607
6435.325928,0.9973844265884355
6435.566982,1.0003986394355897
6435.808036,1.0058201717669637
6436.04909,1.000165743733975
6436.290144,1.0037972915116509
6436.531198,0.9995392861612284
6436.772252,0.9992846859591565
6437.013306,0.9975815292242285
6437.25436,1.0002475506356028
6437.495414,0.9956279852046589
6437.736468,1.0008582881186279
6437.977522,1.001846803244396
6438.218576,0.9989885118993047
6438.45963,0.9982400505305715
6438.700684,1.0010262262101408
6438.941738,1.0004381259491495
6439.182792,1.0010963004985471
6439.423846,0.9985827053121108
6439.6649,1.0010732755484235
6439.905954,1.0011504612734399
6440.147008,1.0011819980096708
6440.388062,0.9945700955144866
6440.629116,0.9962299246466919
6440.87017,0.9918754837390071
6441.111224,1.0025819274484182
6441.352278,0.9931954564661508
6441.593332,0.9987089341435563
6441.834386,1.0046369173837668
6442.07544,0.9980957154549422
6442.316494,0.9954190248217238
6442.557548,0.999134165051583
6442.798602,1.0068414968430341
6443.039656,1.0072783594330097
6443.28071,0.9925665656547707
6443.521764,0.9986987473643807
6443.762818,0.9947927052109586
6444.003872,0.9974253201882387
6444.244926,1.0060813165786844
6444.48598,0.9917879050004511
6444.727034,0.9986843662059632
6444.968088,1.0029083209834686
6445.209142,0.9963578487815703
6445.450196,0.998557341633516
6445.69125,0.9983629414445724
6445.932304,0.9929431175616783
6446.173358,0.9968004295700043
6446.414412,0.9965051213547953
6446.655466,0.9923841486846365
6446.89652,0.9927620212535204
6447.137574,1.0005591162472514
6447.378628,0.9986187547984618
6447.619682,1.006640350007203
6447.860736,1.0034513422130538
6448.10179,0.9962374960228905
6448.342844,0.9979787454916647
6448.583898,1.0047919448201783
6448.824952,1.0031087220854045
6449.066006,1.0029287805219034
6449.30706,1.0007414947714286
6449.548114,0.9914262659003957
6449.789168,0.9955912472098251
6450.030222,0.996521663477109
6450.271276,1.0057651549082929
6450.51233,0.9986549054517084
6450.753384,1.0012634975412948
6450.994438,0.9974842697666048
6451.235492,1.0007585075214478
6451.476546,0.9947273494771857
6451.7176,1.0073242923734629
6451.958654,0.9973827310363516
6452.199708,0.9974716017968205
6452.440762,0.9962751545119811
6452.681816,1.0035288116469543
6452.92287,1.0030616773895455
6453.163924,1.0012042244967398
6453.404978,1.0010648665682267
6453.646032,0.9986639932526975
6453.887086,1.001867241127648
6454.12814,0.9993652315507886
6454.369194,1.0058942028559164
6454.610248,0.9993811115904846
6454.851302,0.998281378524147
6455.092356,1.0006402148500997
6455.33341,0.9982168916300435
6455.574464,0.9960866770832745
6455.815518,0.991304724490837
6456.056572,0.9962574209720597
6456.297626,1.006878750667609
6456.53868,1.0010093090098686
6456.779734,0.9971130752049907
6457.020788,1.008256095120219
6457.261842,1.003868162102134
6457.502896,0.9961584975217879
6457.74395,0.9962483550707788
6457.985004,0.9978285609921352
6458.226058,0.9999906113440737
6458.467112,1.0037212065606103
6458.708166,1.008236232670791
6458.94922,0.9998860364943337
6459.190274,0.9979414217845409
6459.431328,0.998861148983596
6459.672382,0.9987345014195301
6459.913436,1.0005521924021235
6460.15449,0.9954104642549209
6460.395544,1.0052552606928438
6460.636598,0.9973617862189211
6460.877652,1.0043833790237062
6461.118706,1.0036957123657413
6461.35976,0.9901932033448032
6461.600814,0.9914927928347913
6461.841868,1.0004094037828621
6462.082922,1.006357523807793
6462.323976,0.9987057382800805
6462.56503,1.0019921817625033
6462.806084,0.9987784467043818
6463.047138,1.0023884478078064
6463.288192,0.996946870308917
6463.529246,1.001849307864535
6463.7703,0.9923596370988834
6464.011354,1.008029767033143
6464.252408,0.9902372679227815
6464.493462,1.0014386338422379
6464.734516,0.9964096607368061
6464.97557,1.00805658098157
6465.216624,1.001280118653309
6465.457678,1.0007915931446087
6465.698732,1.0023850396928777
6465.939786,1.005569351494713
6466.18084,1.0003731796141937
6466.421894,1.0024193218474569
6466.662948,0.9956644258557772
6466.904002,1.0019012050028064
6467.145056,0.9983433737226843
6467.38611,1.0022694713604436
6467.627164,0.9994655228838082
6467.868218,0.9956382402257198
6468.109272,0.9967686321434727
6468.350326,1.0066732676848493
6468.59138,1.0039887339085944
6468.832434,1.0058884692753007
6469.073488,1.0074815479689823
6469.314542,0.9993626032236859
6469.555596,1.0056945526725858
6469.79665,0.9948584631820501
6470.037704,0.9936531270292641
6470.278758,1.0004824663494676
6470.519812,0.9985094120314372
6470.760866,0.9962523400721691
6471.00192,1.0038806101445217
6471.242974,1.0097691092336825
6471.484028,1.0014544566976529
6471.725082,0.9955867670592929
6471.966136,0.9963626313107226
6472.20719,0.9975680619644882
6472.448244,1.0079486239029516
6472.689298,0.9969246386415932
6472.930352,0.9952796759129
6473.171406,1.002155219153208
6473.41246,0.9994982958956141
6473.653514,1.0002272758232373
6473.894568,0.998056391258445
6474.135622,1.0049354393551646
6474.376676,1.004941267997616
6474.61773,1.0001673940088138
6474.858784,0.9954454037754011
6475.099838,0.9890197281352328
6475.340892,0.9984923376664777
6475.581946,0.9941644931007623
6475.823,1.0047805907353526
6476.064054,1.0029455295723921
6476.305108,0.9966414525802398
6476.546162,1.0013646302616628
6476.787216,0.9917058875321767
6477.02827,0.9951527858436349
6477.269324,1.011401507327211
6477.510378,1.0018362839081885
6477.751432,0.9993544884322938
6477.992486,1.0047377879938921
6478.23354,1.0001257579068628
6478.474594,0.9958227490858516
6478.715648,0.9982425461338174
6478.956702,0.9966546083342417
6479.197756,1.0012459755834053
6479.43881,1.0020889788824872
6479.679864,0.9997184796342969
6479.920918,1.005777224162567
6480.161972,1.0033391626239503
6480.403026,1.004574129538571
6480.64408,1.003886031114453
6480.885134,0.9940261150346594
6481.126188,1.0043103630062156
6481.367242,0.9962829254884931
6481.608296,1.000950531468969
6481.84935,0.998982018495081
6482.090404,1.002642184432962
6482.331458,1.0022865100862854
6482.572512,0.9971470773405884
6482.813566,1.0004523922985444
6483.05462,0.9907580715855396
6483.295674,0.998072859324762
6483.536728,1.0066271631049923
6483.777782,1.0036191333044162
6484.018836,1.0006177607356146
6484.25989,0.9985337759583295
6484.500944,1.0018145442967035
6484.741998,1.0014162018680788
6484.983052,0.9946636889639773
6485.224106,0.9966664685946492
6485.46516,1.0024785665800426
6485.706214,1.0079794676027494
6485.947268,0.9987805441413221
6486.188322,1.0023314135277668
6486.429376,0.9935476066704039
6486.67043,0.9986078699133573
6486.911484,0.9933007407645055
6487.152538,1.0038582238565235
6487.393592,1.0067856186905924
6487.634646,1.000233707305298
6487.8757,0.9955175761833931
6488.116754,1.00020662134325
6488.357808,1.001159972247999
6488.598862,1.00528752990463
6488.839916,1.0057454421044427
6489.08097,1.0000330365456946
6489.322024,1.008125433597341
6489.563078,1.0044043708556918
6489.804132,1.0025521512073523
6490.045186,0.996062273258634
6490.28624,0.9951974692068533
6490.527294,0.9991782178480569
6490.768348,0.9926230442991587
6491.009402,1.0015817496483947
6491.250456,1.0049251890659598
6491.49151,1.0064982224242254
6491.732564,1.001250280950357
6491.973618,1.0088284428425054
6492.214672,0.9989314712838003
6492.455726,0.9985874985205999
6492.69678,0.9983328911722937
6492.937834,1.0008221077454764
6493.178888,1.0053973132969598
6493.419942,1.0031461387385545
6493.660996,0.9956033934971332
6493.90205,1.000487488784055
6494.143104,1.004938454166005
6494.384158,1.0012041243763223
6494.625212,0.9943511152900618
6494.866266,0.9997899920547564
6495.10732,1.0009225552925833
6495.348374,1.002250528646444
6495.589428,1.0027107675038915
6495.830482,0.9971461799086225
6496.071536,0.9966229152216198
6496.31259,1.0122372700947677
6496.553644,0.9974468648078358
6496.794698,1.0017242848725103
6497.035752,0.9851621815931423
6497.276806,1.0060523418540048
6497.51786,0.9925956482812028
6497.758914,1.0001291583402203
6497.999968,1.0033934447409663
6498.241022,1.0083887903534918
6498.482076,0.993290509819565
6498.72313,0.9955918445647526
6498.964184,1.0079278603751642
6499.205238,1.001463469828322
6499.446292,0.9995512907001424
6499.687346,0.9995140081323235
6499.9284,0.9936638585409862
